****************************************************************************************************
----------------------------------------------------------------------------------------------------
Ambient Table:
     Depth   Amb-cur   Amb-dir   Amb-sal   Amb-tem   Amb-pol     Decay   Far-spd   Far-dir   Disprsn
       (m)     (m/s)     (deg)     (psu)       (C)    (mg/L)   (1/day)     (m/s)     (deg)(m0.67/s2)
     0.000     0.020    90.000    30.900    11.200     0.000     0.000     0.020    90.000   0.00030
     3.000     0.020    90.000    31.200    10.400     0.000     0.000     0.020    90.000   0.00030
     6.000     0.020    90.000    31.200     9.690     0.000     0.000     0.020    90.000   0.00030
     9.000     0.020    90.000    31.700     9.440     0.000     0.000     0.020    90.000   0.00030
    12.000     0.020    90.000    31.800     9.340     0.000     0.000     0.020    90.000   0.00030
    15.000     0.050    90.000    31.900     9.220     0.000     0.000     0.020    90.000   0.00030
----------------------------------------------------------------------------------------------------
Diffuser Table:
     P-dia    P-elev   V-angle   H-angle     Ports   Spacing   AcuteMZ   ChrncMZ   P-depth   Ttl-flo   Eff-sal      Temp   Polutnt
       (m)       (m)     (deg)     (deg)       ( )       (m)       (m)       (m)       (m)     (cms)     (psu)       (C)    (mg/L)
      0.01     15.00     45.00     90.00     25.00      2.00     20.70    207.00      2.00      0.01      2.00     10.00 100000.00
----------------------------------------------------------------------------------------------------
Simulation Results:
              Dilutn     P-dia    x-posn    y-posn     Depth     P-Den    P-Con.    CL-Dil      Time   Net-Dil     P-Sal    P-Temp  Amb-Curr        DO
      Step (FluxAvg)       (m)       (m)       (m)       (m)   (kg/m3)    (mg/L)        ()       (s)        ()     (psu)       (C)     (m/s)    (mg/L)
         1     1.020     0.010     0.000     0.000    -2.000  1001.774 98082.744     1.000     0.000     1.020     2.571    10.013     0.020     9.804
         2     1.039     0.010     0.000     0.001    -1.999  1002.210 96201.366     1.000     0.000     1.039     3.130    10.026     0.020     9.778
         3     1.060     0.010     0.000     0.001    -1.999  1002.636 94355.233     1.000     0.001     1.060     3.678    10.038     0.020     9.753
         4     1.081     0.011     0.000     0.001    -1.999  1003.055 92543.718     1.000     0.001     1.081     4.216    10.051     0.020     9.729
         5     1.102     0.011     0.000     0.002    -1.998  1003.465 90766.206     1.000     0.001     1.102     4.743    10.063     0.020     9.705
         6     1.123     0.011     0.000     0.002    -1.998  1003.866 89022.090     1.000     0.001     1.123     5.260    10.075     0.020     9.681
         7     1.145     0.011     0.000     0.003    -1.997  1004.260 87310.775     1.000     0.001     1.145     5.767    10.086     0.020     9.658
         8     1.168     0.011     0.000     0.003    -1.997  1004.645 85631.671     1.000     0.002     1.168     6.263    10.098     0.020     9.635
         9     1.191     0.012     0.000     0.003    -1.997  1005.023 83984.202     1.000     0.002     1.191     6.750    10.109     0.020     9.613
        10     1.214     0.012     0.000     0.004    -1.996  1005.394 82367.798     1.000     0.002     1.214     7.228    10.120     0.020     9.591
        11     1.238     0.012     0.000     0.004    -1.996  1005.757 80781.898     1.000     0.003     1.238     7.696    10.131     0.020     9.570
        12     1.262     0.012     0.000     0.005    -1.995  1006.112 79225.953     1.000     0.003     1.262     8.155    10.141     0.020     9.549
        13     1.287     0.013     0.000     0.005    -1.995  1006.461 77699.419     1.000     0.003     1.287     8.605    10.151     0.020     9.528
        14     1.312     0.013     0.000     0.005    -1.995  1006.803 76201.764     1.000     0.003     1.312     9.046    10.162     0.020     9.508
        15     1.338     0.013     0.000     0.006    -1.994  1007.138 74732.462     1.000     0.004     1.338     9.478    10.171     0.020     9.488
        16     1.364     0.013     0.000     0.006    -1.994  1007.466 73290.999     1.000     0.004     1.364     9.902    10.181     0.020     9.468
        17     1.391     0.014     0.000     0.007    -1.993  1007.788 71876.866     1.000     0.004     1.391    10.318    10.191     0.020     9.449
        18     1.419     0.014     0.000     0.007    -1.993  1008.103 70489.564     1.000     0.005     1.419    10.725    10.200     0.020     9.431
        19     1.447     0.014     0.000     0.008    -1.992  1008.412 69128.603     1.000     0.005     1.447    11.125    10.209     0.020     9.412
        20     1.475     0.015     0.000     0.008    -1.992  1008.715 67793.499     1.000     0.006     1.475    11.516    10.218     0.020     9.394
        21     1.504     0.015     0.000     0.009    -1.991  1009.012 66483.780     1.000     0.006     1.504    11.900    10.227     0.020     9.377
        22     1.534     0.015     0.000     0.009    -1.991  1009.303 65198.977     1.000     0.007     1.534    12.277    10.236     0.020     9.360
        23     1.564     0.015     0.000     0.010    -1.990  1009.588 63938.633     1.000     0.007     1.564    12.646    10.244     0.020     9.343
        24     1.595     0.016     0.000     0.010    -1.990  1009.868 62702.296     1.000     0.007     1.595    13.008    10.253     0.020     9.326
        25     1.626     0.016     0.000     0.011    -1.989  1010.142 61489.524     1.000     0.008     1.626    13.362    10.261     0.020     9.310
        26     1.658     0.016     0.000     0.011    -1.989  1010.411 60299.882     1.000     0.008     1.658    13.710    10.269     0.020     9.294
        27     1.691     0.017     0.000     0.012    -1.988  1010.674 59132.940     1.000     0.009     1.691    14.051    10.277     0.020     9.278
        28     1.724     0.017     0.000     0.013    -1.987  1010.932 57988.279     1.000     0.010     1.724    14.385    10.284     0.020     9.263
        29     1.759     0.017     0.000     0.013    -1.987  1011.185 56865.486     1.000     0.010     1.759    14.713    10.292     0.020     9.248
        30     1.793     0.018     0.000     0.014    -1.986  1011.433 55764.153     1.000     0.011     1.793    15.034    10.299     0.020     9.233
        31     1.829     0.018     0.000     0.014    -1.986  1011.676 54683.883     1.000     0.011     1.829    15.349    10.307     0.020     9.218
        32     1.865     0.018     0.000     0.015    -1.985  1011.915 53624.282     1.000     0.012     1.865    15.658    10.314     0.020     9.204
        33     1.902     0.019     0.000     0.016    -1.984  1012.149 52584.966     1.000     0.013     1.902    15.961    10.321     0.020     9.190
        34     1.939     0.019     0.000     0.016    -1.984  1012.378 51565.556     1.000     0.013     1.939    16.258    10.328     0.020     9.177
        35     1.978     0.019     0.000     0.017    -1.983  1012.602 50565.680     1.000     0.014     1.978    16.549    10.334     0.020     9.163
        36     2.017     0.020     0.000     0.018    -1.982  1012.822 49584.973     1.008     0.015     2.017    16.834    10.341     0.020     9.150
        37     2.057     0.020     0.000     0.018    -1.982  1013.038 48623.076     1.028     0.016     2.057    17.114    10.347     0.020     9.137
        38     2.097     0.021     0.000     0.019    -1.981  1013.250 47679.636     1.049     0.016     2.097    17.388    10.354     0.020     9.124
        39     2.139     0.021     0.000     0.020    -1.980  1013.457 46754.309     1.069     0.017     2.139    17.657    10.360     0.020     9.112
        40     2.181     0.021     0.000     0.021    -1.980  1013.660 45846.753     1.091     0.018     2.181    17.920    10.366     0.020     9.100
        41     2.224     0.022     0.000     0.021    -1.979  1013.860 44956.634     1.112     0.019     2.224    18.179    10.372     0.020     9.088
        42     2.268     0.022     0.000     0.022    -1.978  1014.055 44083.625     1.134     0.020     2.268    18.432    10.378     0.020     9.076
        43     2.313     0.023     0.000     0.023    -1.977  1014.246 43227.403     1.157     0.021     2.313    18.680    10.384     0.020     9.065
        44     2.359     0.023     0.000     0.024    -1.976  1014.434 42387.653     1.180     0.022     2.359    18.924    10.389     0.020     9.053
        45     2.406     0.024     0.000     0.025    -1.976  1014.618 41564.063     1.203     0.023     2.406    19.163    10.395     0.020     9.042
        46     2.454     0.024     0.000     0.025    -1.975  1014.799 40756.329     1.227     0.024     2.454    19.397    10.400     0.020     9.031
        47     2.502     0.025     0.000     0.026    -1.974  1014.976 39964.151     1.251     0.025     2.502    19.626    10.406     0.020     9.021
        48     2.552     0.025     0.000     0.027    -1.973  1015.149 39187.235     1.276     0.027     2.552    19.851    10.411     0.020     9.010
        49     2.602     0.026     0.000     0.028    -1.972  1015.319 38425.292     1.301     0.028     2.602    20.072    10.416     0.020     9.000
        50     2.654     0.026     0.000     0.029    -1.971  1015.486 37678.040     1.327     0.029     2.654    20.288    10.421     0.020     8.990
        51     2.707     0.027     0.000     0.030    -1.970  1015.649 36945.199     1.353     0.030     2.707    20.500    10.426     0.020     8.980
        52     2.760     0.027     0.000     0.031    -1.969  1015.809 36226.496     1.380     0.032     2.760    20.707    10.431     0.020     8.970
        53     2.815     0.028     0.000     0.032    -1.969  1015.966 35521.664     1.408     0.033     2.815    20.911    10.436     0.020     8.961
        54     2.871     0.028     0.000     0.033    -1.968  1016.120 34830.438     1.436     0.035     2.871    21.111    10.441     0.020     8.951
        55     2.928     0.029     0.000     0.034    -1.967  1016.271 34152.561     1.464     0.036     2.928    21.307    10.445     0.020     8.942
        56     2.986     0.029     0.000     0.035    -1.966  1016.419 33487.779     1.493     0.038     2.986    21.499    10.450     0.020     8.933
        57     3.045     0.030     0.000     0.036    -1.965  1016.564 32835.842     1.523     0.040     3.045    21.687    10.454     0.020     8.925
        58     3.106     0.031     0.000     0.037    -1.964  1016.707 32196.506     1.553     0.042     3.106    21.871    10.458     0.020     8.916
        59     3.168     0.031     0.000     0.038    -1.962  1016.846 31569.531     1.584     0.044     3.168    22.052    10.463     0.020     8.907
        60     3.231     0.032     0.000     0.039    -1.961  1016.983 30954.681     1.615     0.045     3.231    22.230    10.467     0.020     8.899
        61     3.295     0.032     0.000     0.040    -1.960  1017.117 30351.726     1.647     0.047     3.295    22.403    10.471     0.020     8.891
        62     3.360     0.033     0.000     0.041    -1.959  1017.248 29760.437     1.680     0.050     3.360    22.574    10.475     0.020     8.883
        63     3.427     0.034     0.000     0.042    -1.958  1017.377 29180.594     1.713     0.052     3.427    22.741    10.479     0.020     8.875
        64     3.495     0.034     0.000     0.044    -1.957  1017.503 28611.976     1.748     0.054     3.495    22.905    10.483     0.020     8.867
        65     3.565     0.035     0.000     0.045    -1.956  1017.627 28054.370     1.782     0.056     3.565    23.065    10.487     0.020     8.860
        66     3.635     0.036     0.000     0.046    -1.954  1017.748 27507.565     1.818     0.059     3.635    23.223    10.490     0.020     8.852
        67     3.708     0.036     0.000     0.047    -1.953  1017.867 26971.354     1.854     0.061     3.708    23.377    10.494     0.020     8.845
        68     3.781     0.037     0.000     0.049    -1.952  1017.984 26445.534     1.891     0.064     3.781    23.529    10.498     0.020     8.838
        69     3.857     0.038     0.000     0.050    -1.951  1018.098 25929.907     1.928     0.067     3.857    23.677    10.501     0.020     8.830
        70     3.933     0.039     0.000     0.051    -1.949  1018.211 25424.277     1.967     0.069     3.933    23.822    10.505     0.020     8.823
        71     4.011     0.039     0.000     0.053    -1.948  1018.321 24928.452     2.006     0.072     4.011    23.965    10.508     0.020     8.817
        72     4.091     0.040     0.000     0.054    -1.947  1018.428 24442.245     2.046     0.076     4.091    24.105    10.512     0.020     8.810
        73     4.173     0.041     0.000     0.056    -1.945  1018.534 23965.471     2.086     0.079     4.173    24.242    10.515     0.020     8.803
        74     4.256     0.042     0.000     0.057    -1.944  1018.637 23497.949     2.128     0.082     4.256    24.376    10.518     0.020     8.797
        75     4.340     0.043     0.000     0.058    -1.942  1018.739 23039.502     2.170     0.086     4.340    24.508    10.521     0.020     8.791
        76     4.427     0.043     0.000     0.060    -1.941  1018.839 22589.954     2.213     0.089     4.427    24.637    10.525     0.020     8.784
        77     4.515     0.044     0.000     0.062    -1.939  1018.936 22149.135     2.257     0.093     4.515    24.764    10.528     0.020     8.778
        78     4.605     0.045     0.000     0.063    -1.938  1019.032 21716.877     2.302     0.097     4.605    24.888    10.531     0.020     8.772
        79     4.696     0.046     0.000     0.065    -1.936  1019.126 21293.016     2.348     0.101     4.696    25.010    10.534     0.020     8.766
        80     4.790     0.047     0.000     0.066    -1.935  1019.218 20877.389     2.395     0.105     4.790    25.129    10.537     0.020     8.760
        81     4.885     0.048     0.000     0.068    -1.933  1019.308 20469.839     2.443     0.109     4.885    25.246    10.539     0.020     8.755
        82     4.983     0.049     0.000     0.070    -1.931  1019.396 20070.210     2.491     0.114     4.983    25.360    10.542     0.020     8.749
        83     5.082     0.050     0.000     0.071    -1.930  1019.483 19678.349     2.541     0.119     5.082    25.473    10.545     0.020     8.743
        84     5.183     0.051     0.000     0.073    -1.928  1019.568 19294.106     2.591     0.123     5.183    25.583    10.548     0.020     8.738
        85     5.286     0.052     0.000     0.075    -1.926  1019.651 18917.336     2.643     0.129     5.286    25.691    10.551     0.020     8.733
        86     5.391     0.053     0.000     0.077    -1.924  1019.733 18547.892     2.696     0.134     5.391    25.797    10.553     0.020     8.727
        87     5.499     0.054     0.000     0.079    -1.923  1019.813 18185.635     2.749     0.139     5.499    25.901    10.556     0.020     8.722
        88     5.608     0.055     0.000     0.081    -1.921  1019.891 17830.426     2.804     0.145     5.608    26.003    10.558     0.020     8.717
        89     5.720     0.056     0.000     0.083    -1.919  1019.968 17482.128     2.860     0.151     5.720    26.102    10.561     0.020     8.712
        90     5.834     0.057     0.000     0.085    -1.917  1020.043 17140.609     2.917     0.157     5.834    26.200    10.563     0.020     8.707
        91     5.950     0.058     0.000     0.087    -1.915  1020.117 16805.736     2.975     0.163     5.950    26.296    10.566     0.020     8.702
        92     6.069     0.059     0.000     0.089    -1.913  1020.190 16477.383     3.034     0.170     6.069    26.390    10.568     0.020     8.698
        93     6.190     0.060     0.000     0.091    -1.911  1020.261 16155.422     3.095     0.177     6.190    26.482    10.571     0.020     8.693
        94     6.313     0.061     0.000     0.093    -1.909  1020.331 15839.730     3.157     0.184     6.313    26.573    10.573     0.020     8.688
        95     6.439     0.063     0.000     0.095    -1.907  1020.399 15530.186     3.220     0.192     6.439    26.661    10.575     0.020     8.684
        96     6.567     0.064     0.000     0.098    -1.905  1020.466 15226.672     3.284     0.199     6.567    26.748    10.578     0.020     8.679
        97     6.698     0.065     0.000     0.100    -1.902  1020.531 14929.070     3.349     0.207     6.698    26.833    10.580     0.020     8.675
        98     6.832     0.066     0.000     0.102    -1.900  1020.596 14637.266     3.416     0.216     6.832    26.917    10.582     0.020     8.670
        99     6.968     0.068     0.000     0.105    -1.898  1020.659 14351.147     3.484     0.224     6.968    26.999    10.584     0.020     8.666
       100     7.107     0.069     0.000     0.107    -1.895  1020.721 14070.604     3.554     0.233     7.107    27.079    10.586     0.020     8.662
       101     7.249     0.070     0.000     0.109    -1.893  1020.781 13795.529     3.624     0.243     7.249    27.158    10.588     0.020     8.658
       102     7.393     0.072     0.000     0.112    -1.891  1020.841 13525.816     3.697     0.253     7.393    27.235    10.590     0.020     8.654
       103     7.541     0.073     0.000     0.115    -1.888  1020.899 13261.361     3.770     0.263     7.541    27.310    10.593     0.020     8.649
       104     7.691     0.074     0.000     0.117    -1.886  1020.956 13002.061     3.846     0.273     7.691    27.384    10.595     0.020     8.645
       105     7.844     0.076     0.000     0.120    -1.883  1021.012 12747.818     3.922     0.284     7.844    27.457    10.597     0.020     8.641
       106     8.001     0.077     0.000     0.123    -1.880  1021.067 12498.532     4.000     0.295     8.001    27.528    10.599     0.020     8.638
       107     8.161     0.079     0.000     0.125    -1.878  1021.121 12254.109     4.080     0.307     8.161    27.598    10.600     0.020     8.634
       108     8.323     0.080     0.000     0.128    -1.875  1021.173 12014.452     4.162     0.319     8.323    27.666    10.602     0.020     8.630
       109     8.489     0.082     0.000     0.131    -1.872  1021.225 11779.471     4.245     0.332     8.489    27.733    10.604     0.020     8.626
       110     8.659     0.083     0.000     0.134    -1.869  1021.276 11549.074     4.329     0.345     8.659    27.799    10.606     0.020     8.623
       111     8.831     0.085     0.000     0.137    -1.867  1021.325 11323.173     4.416     0.358     8.831    27.864    10.608     0.020     8.619
       112     9.008     0.087     0.000     0.140    -1.864  1021.374 11101.679     4.504     0.373     9.008    27.927    10.610     0.020     8.615
       113     9.187     0.088     0.000     0.143    -1.861  1021.422 10884.508     4.594     0.387     9.187    27.989    10.612     0.020     8.612
       114     9.371     0.090     0.000     0.146    -1.858  1021.469 10671.575     4.685     0.402     9.371    28.050    10.613     0.020     8.608
       115     9.558     0.092     0.000     0.150    -1.854  1021.515 10462.798     4.779     0.418     9.558    28.109    10.615     0.020     8.605
       116     9.748     0.093     0.000     0.153    -1.851  1021.560 10258.097     4.874     0.435     9.748    28.168    10.617     0.020     8.601
       117     9.943     0.095     0.000     0.156    -1.848  1021.604 10057.391     4.971     0.452     9.943    28.225    10.619     0.020     8.598
       118    10.141     0.097     0.000     0.160    -1.845  1021.647  9860.605     5.071     0.469    10.141    28.281    10.620     0.020     8.594
       119    10.344     0.099     0.000     0.163    -1.841  1021.689  9667.660     5.172     0.488    10.344    28.336    10.622     0.020     8.591
       120    10.550     0.101     0.000     0.167    -1.838  1021.731  9478.483     5.275     0.507    10.550    28.390    10.624     0.020     8.588
       121    10.761     0.103     0.000     0.171    -1.835  1021.771  9293.001     5.380     0.526    10.761    28.443    10.625     0.020     8.585
       122    10.976     0.105     0.000     0.174    -1.831  1021.811  9111.141     5.488     0.547    10.976    28.494    10.627     0.020     8.581
       123    11.195     0.106     0.000     0.178    -1.827  1021.850  8932.833     5.597     0.568    11.195    28.545    10.629     0.020     8.578
       124    11.418     0.108     0.000     0.182    -1.824  1021.889  8758.007     5.709     0.590    11.418    28.595    10.630     0.020     8.575
       125    11.646     0.111     0.000     0.186    -1.820  1021.926  8586.597     5.823     0.613    11.646    28.644    10.632     0.020     8.572
       126    11.879     0.113     0.000     0.190    -1.816  1021.963  8418.536     5.939     0.636    11.879    28.691    10.634     0.020     8.569
       127    12.116     0.115     0.000     0.194    -1.812  1021.999  8253.758     6.058     0.661    12.116    28.738    10.635     0.020     8.565
       128    12.358     0.117     0.000     0.198    -1.808  1022.034  8092.200     6.179     0.686    12.358    28.784    10.637     0.020     8.562
       129    12.604     0.119     0.000     0.202    -1.804  1022.069  7933.798     6.302     0.712    12.604    28.829    10.638     0.020     8.559
       130    12.856     0.121     0.000     0.207    -1.800  1022.103  7778.492     6.428     0.740    12.856    28.873    10.640     0.020     8.556
       131    13.113     0.124     0.000     0.211    -1.796  1022.136  7626.221     6.556     0.768    13.113    28.917    10.641     0.020     8.553
       132    13.374     0.126     0.000     0.215    -1.792  1022.169  7476.926     6.687     0.797    13.374    28.959    10.643     0.020     8.550
       133    13.642     0.128     0.000     0.220    -1.787  1022.201  7330.549     6.821     0.827    13.642    29.001    10.645     0.020     8.547
       134    13.914     0.130     0.000     0.225    -1.783  1022.232  7187.033     6.957     0.859    13.914    29.041    10.646     0.020     8.544
       135    14.192     0.133     0.000     0.229    -1.778  1022.263  7046.323     7.096     0.891    14.192    29.081    10.648     0.020     8.541
       136    14.475     0.135     0.000     0.234    -1.774  1022.293  6908.363     7.238     0.925    14.475    29.121    10.649     0.020     8.538
       137    14.764     0.138     0.000     0.239    -1.769  1022.323  6773.101     7.382     0.960    14.764    29.159    10.651     0.020     8.535
       138    15.059     0.140     0.000     0.244    -1.764  1022.352  6640.483     7.530     0.996    15.059    29.197    10.652     0.020     8.533
       139    15.360     0.143     0.000     0.249    -1.759  1022.380  6510.458     7.680     1.034    15.360    29.233    10.654     0.020     8.530
       140    15.667     0.146     0.000     0.254    -1.754  1022.408  6382.975     7.833     1.073    15.667    29.270    10.655     0.020     8.527
       141    15.980     0.148     0.000     0.259    -1.749  1022.435  6257.985     7.990     1.113    15.980    29.305    10.657     0.020     8.524
       142    16.299     0.151     0.000     0.265    -1.744  1022.462  6135.440     8.149     1.154    16.299    29.340    10.658     0.020     8.521
       143    16.624     0.154     0.000     0.270    -1.739  1022.488  6015.291     8.312     1.197    16.624    29.374    10.660     0.020     8.518
       144    16.956     0.156     0.000     0.276    -1.733  1022.513  5897.492     8.478     1.242    16.956    29.407    10.661     0.020     8.515
       145    17.295     0.159     0.000     0.281    -1.728  1022.539  5781.997     8.648     1.288    17.295    29.440    10.662     0.020     8.512
       146    17.641     0.162     0.000     0.287    -1.722  1022.563  5668.760     8.820     1.336    17.641    29.472    10.664     0.020     8.510
       147    17.993     0.165     0.000     0.293    -1.716  1022.587  5557.739     8.996     1.385    17.993    29.503    10.665     0.020     8.507
       148    18.352     0.168     0.000     0.299    -1.711  1022.611  5448.890     9.176     1.436    18.352    29.534    10.667     0.020     8.504
       149    18.719     0.171     0.000     0.305    -1.705  1022.634  5342.170     9.359     1.489    18.719    29.564    10.668     0.020     8.501
       150    19.093     0.174     0.000     0.311    -1.699  1022.657  5237.537     9.546     1.543    19.093    29.594    10.670     0.020     8.498
       151    19.474     0.177     0.000     0.317    -1.692  1022.679  5134.952     9.737     1.600    19.474    29.623    10.671     0.020     8.495
       152    19.863     0.180     0.000     0.324    -1.686  1022.701  5034.374     9.932     1.658    19.863    29.651    10.673     0.020     8.492
       153    20.260     0.183     0.000     0.330    -1.680  1022.722  4935.764    10.130     1.718    20.260    29.679    10.674     0.020     8.490
       154    20.665     0.187     0.000     0.337    -1.673  1022.743  4839.083    10.333     1.781    20.665    29.706    10.676     0.020     8.487
       155    21.078     0.190     0.000     0.344    -1.667  1022.763  4744.294    10.539     1.845    21.078    29.733    10.677     0.020     8.484
       156    21.499     0.193     0.000     0.350    -1.660  1022.783  4651.360    10.750     1.911    21.499    29.759    10.679     0.020     8.481
       157    21.929     0.197     0.000     0.357    -1.653  1022.803  4560.244    10.964     1.979    21.929    29.785    10.680     0.020     8.478
       158    22.367     0.200     0.000     0.364    -1.646  1022.822  4470.912    11.183     2.050    22.367    29.810    10.682     0.020     8.475
       159    22.814     0.203     0.000     0.371    -1.639  1022.841  4383.327    11.407     2.122    22.814    29.834    10.683     0.020     8.472
       160    23.270     0.207     0.000     0.379    -1.632  1022.860  4297.457    11.635     2.197    23.270    29.858    10.685     0.020     8.469
       161    23.735     0.211     0.000     0.386    -1.624  1022.878  4213.268    11.867     2.274    23.735    29.882    10.686     0.020     8.466
       162    24.209     0.214     0.000     0.393    -1.617  1022.895  4130.726    12.104     2.353    24.209    29.905    10.688     0.020     8.463
       163    24.693     0.218     0.000     0.401    -1.609  1022.913  4049.800    12.346     2.435    24.693    29.928    10.689     0.020     8.460
       164    25.186     0.222     0.000     0.408    -1.602  1022.930  3970.458    12.593     2.518    25.186    29.950    10.691     0.020     8.457
       165    25.689     0.225     0.000     0.416    -1.594  1022.946  3892.670    12.845     2.604    25.689    29.972    10.693     0.020     8.454
       166    26.203     0.229     0.000     0.424    -1.586  1022.963  3816.404    13.101     2.693    26.203    29.993    10.694     0.020     8.451
       167    26.726     0.233     0.000     0.432    -1.578  1022.979  3741.630    13.363     2.784    26.726    30.014    10.696     0.020     8.448
       168    27.260     0.237     0.000     0.439    -1.569  1022.994  3668.321    13.630     2.877    27.260    30.035    10.697     0.020     8.445
       169    27.805     0.241     0.000     0.447    -1.561  1023.010  3596.447    13.903     2.974    27.805    30.055    10.699     0.020     8.442
       170    28.361     0.245     0.000     0.456    -1.553  1023.024  3525.980    14.180     3.072    28.361    30.074    10.701     0.020     8.439
       171    28.928     0.249     0.000     0.464    -1.544  1023.039  3456.893    14.464     3.173    28.928    30.094    10.702     0.020     8.436
       172    29.506     0.253     0.000     0.472    -1.535  1023.054  3389.158    14.753     3.277    29.506    30.112    10.704     0.020     8.433
       173    30.096     0.257     0.000     0.481    -1.527  1023.068  3322.750    15.048     3.384    30.096    30.131    10.706     0.020     8.430
       174    30.697     0.261     0.000     0.489    -1.518  1023.081  3257.642    15.349     3.493    30.697    30.149    10.707     0.020     8.427
       175    31.311     0.266     0.000     0.498    -1.509  1023.095  3193.808    15.655     3.605    31.311    30.167    10.709     0.020     8.423
       176    31.936     0.270     0.000     0.506    -1.499  1023.108  3131.225    15.968     3.720    31.936    30.184    10.711     0.020     8.420
       177    32.575     0.274     0.000     0.515    -1.490  1023.121  3069.867    16.287     3.838    32.575    30.201    10.712     0.020     8.417
       178    33.226     0.279     0.000     0.524    -1.481  1023.133  3009.711    16.613     3.958    33.226    30.218    10.714     0.020     8.414
       179    33.890     0.283     0.000     0.533    -1.471  1023.146  2950.732    16.945     4.082    33.890    30.234    10.716     0.020     8.410
       180    34.567     0.288     0.000     0.542    -1.461  1023.158  2892.909    17.284     4.209    34.567    30.250    10.717     0.020     8.407
       181    35.258     0.293     0.000     0.551    -1.451  1023.170  2836.218    17.629     4.338    35.258    30.266    10.719     0.020     8.404
       182    35.963     0.297     0.000     0.560    -1.441  1023.181  2780.637    17.981     4.471    35.963    30.281    10.721     0.020     8.400
       183    36.682     0.302     0.000     0.569    -1.431  1023.193  2726.145    18.341     4.607    36.682    30.296    10.723     0.020     8.397
       184    37.415     0.307     0.000     0.579    -1.421  1023.204  2672.720    18.708     4.745    37.415    30.311    10.725     0.020     8.393
       185    38.163     0.312     0.000     0.588    -1.411  1023.215  2620.342    19.081     4.888    38.163    30.325    10.726     0.020     8.390
       186    38.926     0.317     0.000     0.598    -1.400  1023.225  2568.989    19.463     5.033    38.926    30.339    10.728     0.020     8.386
       187    39.704     0.322     0.000     0.607    -1.389  1023.236  2518.642    19.852     5.182    39.704    30.353    10.730     0.020     8.383
       188    40.498     0.327     0.000     0.617    -1.379  1023.246  2469.282    20.249     5.333    40.498    30.366    10.732     0.020     8.379
       189    41.307     0.332     0.000     0.627    -1.368  1023.256  2420.888    20.654     5.489    41.307    30.379    10.734     0.020     8.376
       190    42.133     0.337     0.000     0.637    -1.357  1023.265  2373.442    21.066     5.647    42.133    30.392    10.736     0.020     8.372
       191    42.975     0.342     0.000     0.647    -1.345  1023.275  2326.925    21.488     5.810    42.975    30.405    10.738     0.020     8.368
       192    43.834     0.348     0.000     0.657    -1.334  1023.284  2281.320    21.917     5.975    43.834    30.417    10.740     0.020     8.365
       193    44.711     0.353     0.000     0.667    -1.322  1023.293  2236.608    22.355     6.145    44.711    30.429    10.742     0.020     8.361
       194    45.604     0.358     0.000     0.677    -1.311  1023.302  2192.772    22.802     6.317    45.604    30.441    10.744     0.020     8.357
       195    46.516     0.364     0.000     0.687    -1.299  1023.311  2149.795    23.258     6.494    46.516    30.453    10.746     0.020     8.353
       196    47.446     0.370     0.000     0.697    -1.287  1023.319  2107.659    23.723     6.674    47.446    30.464    10.748     0.020     8.349
       197    48.395     0.375     0.000     0.708    -1.275  1023.327  2066.349    24.197     6.858    48.395    30.475    10.750     0.020     8.345
       198    49.362     0.381     0.000     0.718    -1.263  1023.335  2025.849    24.681     7.045    49.362    30.486    10.752     0.020     8.341
       199    50.349     0.387     0.000     0.729    -1.251  1023.343  1986.141    25.174     7.237    50.349    30.497    10.754     0.020     8.337
       200    51.355     0.393     0.000     0.739    -1.238  1023.351  1947.212    25.678     7.432    51.355    30.507    10.756     0.020     8.333
       201    52.382     0.398     0.000     0.750    -1.225  1023.358  1909.045    26.191     7.631    52.382    30.517    10.759     0.020     8.329
       202    53.429     0.404     0.000     0.761    -1.213  1023.366  1871.627    26.715     7.834    53.429    30.527    10.761     0.020     8.325
       203    54.498     0.411     0.000     0.772    -1.200  1023.373  1834.941    27.249     8.041    54.498    30.537    10.763     0.020     8.321
       204    55.587     0.417     0.000     0.783    -1.187  1023.380  1798.974    27.794     8.253    55.587    30.546    10.765     0.020     8.317
       205    56.699     0.423     0.000     0.794    -1.173  1023.387  1763.712    28.349     8.468    56.699    30.556    10.767     0.020     8.313
       206    57.832     0.429     0.000     0.805    -1.160  1023.393  1729.140    28.916     8.687    57.832    30.565    10.770     0.020     8.308
       207    58.988     0.436     0.000     0.816    -1.147  1023.400  1695.246    29.494     8.911    58.988    30.574    10.772     0.020     8.304
       208    60.168     0.442     0.000     0.827    -1.133  1023.406  1662.016    30.084     9.139    60.168    30.582    10.774     0.020     8.299
       209    61.371     0.449     0.000     0.839    -1.119  1023.412  1629.438    30.685     9.372    61.371    30.591    10.777     0.020     8.295
       210    62.598     0.455     0.000     0.850    -1.105  1023.418  1597.497    31.299     9.608    62.598    30.599    10.779     0.020     8.291
       211    63.850     0.462     0.000     0.862    -1.091  1023.424  1566.183    31.925     9.850    63.850    30.607    10.781     0.020     8.286
       212    65.126     0.469     0.000     0.873    -1.077  1023.430  1535.482    32.563    10.095    65.126    30.615    10.784     0.020     8.281
       213    66.428     0.476     0.000     0.885    -1.063  1023.436  1505.383    33.214    10.346    66.428    30.623    10.786     0.020     8.277
       214    67.756     0.483     0.000     0.897    -1.048  1023.441  1475.873    33.878    10.600    67.756    30.630    10.789     0.020     8.272
       215    69.111     0.490     0.000     0.909    -1.033  1023.446  1446.942    34.556    10.860    69.111    30.638    10.791     0.020     8.267
       216    70.493     0.497     0.000     0.921    -1.018  1023.451  1418.578    35.247    11.124    70.493    30.645    10.794     0.020     8.263
       217    71.903     0.504     0.000     0.933    -1.003  1023.456  1390.769    35.951    11.394    71.903    30.652    10.796     0.020     8.258
       218    73.340     0.512     0.000     0.945    -0.988  1023.461  1363.506    36.670    11.668    73.340    30.659    10.799     0.020     8.253
       219    74.807     0.519     0.000     0.957    -0.973  1023.466  1336.777    37.403    11.947    74.807    30.666    10.802     0.020     8.248
       220    76.303     0.527     0.000     0.969    -0.958  1023.471  1310.571    38.151    12.231    76.303    30.672    10.804     0.020     8.244
       221    77.828     0.534     0.000     0.982    -0.942  1023.475  1284.879    38.914    12.520    77.828    30.678    10.807     0.020     8.241
       222    79.385     0.542     0.000     0.994    -0.926  1023.480  1259.691    39.692    12.814    79.385    30.685    10.810     0.020     8.240
       223    80.972     0.550     0.000     1.007    -0.911  1023.484  1234.996    40.486    13.114    80.972    30.691    10.812     0.020     8.240
       224    82.591     0.558     0.000     1.019    -0.894  1023.488  1210.786    41.296    13.419    82.591    30.697    10.815     0.020     8.241
       225    84.242     0.566     0.000     1.032    -0.878  1023.492  1187.049    42.121    13.729    84.242    30.702    10.818     0.020     8.243
       226    85.927     0.574     0.000     1.045    -0.862  1023.496  1163.778    42.964    14.045    85.927    30.708    10.821     0.020     8.247
       227    87.645     0.583     0.000     1.058    -0.846  1023.500  1140.963    43.823    14.366    87.645    30.714    10.824     0.020     8.251
       228    89.398     0.591     0.000     1.071    -0.829  1023.503  1118.596    44.699    14.694    89.398    30.719    10.826     0.020     8.257
       229    91.185     0.600     0.000     1.084    -0.812  1023.507  1096.666    45.593    15.026    91.185    30.724    10.829     0.020     8.264
       230    93.009     0.609     0.000     1.097    -0.795  1023.510  1075.166    46.504    15.365    93.009    30.729    10.832     0.020     8.273
       231    94.869     0.617     0.000     1.110    -0.778  1023.514  1054.088    47.434    15.709    94.869    30.734    10.835     0.020     8.282
       232    96.766     0.626     0.000     1.124    -0.761  1023.517  1033.423    48.383    16.060    96.766    30.739    10.838     0.020     8.293
       233    98.701     0.635     0.000     1.137    -0.744  1023.520  1013.163    49.350    16.417    98.701    30.744    10.841     0.020     8.304
       234   100.675     0.645     0.000     1.151    -0.726  1023.523   993.300    50.337    16.779   100.675    30.748    10.844     0.020     8.317
       235   102.688     0.654     0.000     1.165    -0.709  1023.526   973.826    51.344    17.149   102.688    30.753    10.847     0.020     8.331
       236   104.741     0.664     0.000     1.179    -0.691  1023.529   954.734    52.371    17.524   104.741    30.757    10.851     0.020     8.346
       237   106.836     0.673     0.000     1.192    -0.673  1023.531   936.016    53.418    17.906   106.836    30.761    10.854     0.020     8.362
       238   108.972     0.683     0.000     1.207    -0.655  1023.534   917.665    54.486    18.295   108.972    30.765    10.857     0.020     8.379
       239   111.151     0.693     0.000     1.221    -0.637  1023.536   899.674    55.576    18.690   111.151    30.769    10.860     0.020     8.397
       240   113.374     0.703     0.000     1.235    -0.618  1023.539   882.036    56.687    19.092   113.374    30.773    10.863     0.020     8.417
       241   115.641     0.713     0.000     1.250    -0.600  1023.541   864.743    57.821    19.502   115.641    30.777    10.867     0.020     8.437
       242   117.954     0.724     0.000     1.264    -0.581  1023.543   847.789    58.977    19.918   117.954    30.780    10.870     0.020     8.458
       243   120.313     0.734     0.000     1.279    -0.562  1023.546   831.167    60.156    20.341   120.313    30.784    10.873     0.020     8.481
       244   122.719     0.745     0.000     1.294    -0.543  1023.548   814.872    61.359    20.772   122.719    30.787    10.877     0.020     8.504
       245   125.173     0.756     0.000     1.309    -0.524  1023.550   798.895    62.586    21.210   125.173    30.791    10.880     0.020     8.529
       246   127.676     0.767     0.000     1.324    -0.505  1023.552   783.232    63.838    21.656   127.676    30.794    10.883     0.020     8.554
       247   130.229     0.779     0.000     1.339    -0.486  1023.553   767.876    65.115    22.110   130.229    30.797    10.887     0.020     8.580
       248   132.834     0.790     0.000     1.354    -0.467  1023.555   752.821    66.417    22.571   132.834    30.800    10.890     0.020     8.608
       249   135.490     0.802     0.000     1.370    -0.447  1023.557   738.061    67.745    23.040   135.490    30.803    10.894     0.020     8.636
       250   138.200     0.814     0.000     1.386    -0.427  1023.558   723.590    69.100    23.518   138.200    30.806    10.897     0.020     8.666
       251   140.964     0.826     0.000     1.401    -0.408  1023.560   709.403    70.482    24.004   140.964    30.808    10.901     0.020     8.696
       252   143.783     0.838     0.000     1.417    -0.388  1023.561   695.494    71.891    24.498   143.783    30.811    10.905     0.020     8.727
       253   146.658     0.851     0.000     1.433    -0.368  1023.563   681.858    73.329    25.001   146.658    30.814    10.908     0.020     8.759
       254   149.591     0.863     0.000     1.450    -0.348  1023.564   668.489    74.796    25.512   149.591    30.816    10.912     0.020     8.793
       255   152.583     0.876     0.000     1.466    -0.327  1023.565   655.382    76.291    26.033   152.583    30.818    10.916     0.020     8.827
       256   155.634     0.890     0.000     1.483    -0.307  1023.566   642.532    77.817    26.562   155.634    30.821    10.920     0.020     8.862
---------------------------- Plume surfaces --------------------------
       257   158.747     0.903     0.000     1.500    -0.287  1023.567   629.934    79.373    27.101   158.747    30.823    10.923     0.020     8.897
       258   161.921     0.917     0.000     1.517    -0.266  1023.568   617.583    80.961    27.649   161.921    30.825    10.927     0.020     8.934
       259   165.160     0.931     0.000     1.534    -0.246  1023.569   605.474    82.580    28.207   165.160    30.827    10.931     0.020     8.972
       260   168.463     0.945     0.000     1.551    -0.225  1023.570   593.603    84.231    28.774   168.463    30.829    10.935     0.020     9.010
       261   171.832     0.960     0.000     1.568    -0.204  1023.571   581.964    85.916    29.352   171.832    30.831    10.939     0.020     9.050
       262   175.268     0.975     0.000     1.586    -0.183  1023.572   570.553    87.634    29.939   175.268    30.833    10.943     0.020     9.090
       263   178.774     0.990     0.000     1.604    -0.163  1023.572   559.366    89.387    30.537   178.774    30.834    10.947     0.020     9.131
       264   182.349     1.005     0.000     1.622    -0.142  1023.573   548.399    91.175    31.146   182.349    30.836    10.951     0.020     9.173
       265   185.996     1.021     0.000     1.640    -0.121  1023.573   537.646    92.998    31.765   185.996    30.838    10.955     0.020     9.215
       266   189.716     1.037     0.000     1.659    -0.100  1023.574   527.104    94.858    32.395   189.716    30.839    10.959     0.020     9.259
       267   193.510     1.054     0.000     1.678    -0.079  1023.574   516.769    96.755    33.036   193.510    30.841    10.963     0.020     9.303
       268   197.380     1.070     0.000     1.696    -0.058  1023.574   506.636    98.690    33.689   197.380    30.842    10.967     0.020     9.348
       269   201.328     1.087     0.000     1.716    -0.037  1023.575   496.703   100.664    34.353   201.328    30.843    10.971     0.020     9.394
       270   205.354     1.105     0.000     1.735    -0.016  1023.575   486.963   102.677    35.029   205.354    30.844    10.975     0.020     9.441
       271   209.461     1.123     0.000     1.755     0.006  1023.575   477.415   104.731    35.716   209.461    30.846    10.980     0.020     9.488
       272   213.650     1.141     0.000     1.774     0.027  1023.575   468.054   106.825    36.416   213.650    30.847    10.984       NaN     9.536
       273       NaN       NaN       NaN       NaN       NaN       NaN       NaN       NaN    37.190       NaN       NaN       NaN       NaN       NaN
       274       NaN       NaN       NaN       NaN       NaN       NaN       NaN       NaN  Infinity       NaN       NaN       NaN       NaN       NaN
       275       NaN       NaN       NaN       NaN       NaN       NaN       NaN       NaN  Infinity       NaN       NaN       NaN       NaN       NaN
       276       NaN       NaN       NaN       NaN       NaN       NaN       NaN       NaN  Infinity       NaN       NaN       NaN       NaN       NaN
       277       NaN       NaN       NaN       NaN       NaN       NaN       NaN       NaN  Infinity       NaN       NaN       NaN       NaN       NaN
       278       NaN       NaN       NaN       NaN       NaN       NaN       NaN       NaN  Infinity       NaN       NaN       NaN       NaN       NaN
       279       NaN       NaN       NaN       NaN       NaN       NaN       NaN       NaN  Infinity       NaN       NaN       NaN       NaN       NaN
       280       NaN       NaN       NaN       NaN       NaN       NaN       NaN       NaN  Infinity       NaN       NaN       NaN       NaN       NaN
       281       NaN       NaN       NaN       NaN       NaN       NaN       NaN       NaN  Infinity       NaN       NaN       NaN       NaN       NaN
       282       NaN       NaN       NaN       NaN       NaN       NaN       NaN       NaN  Infinity       NaN       NaN       NaN       NaN       NaN
       283       NaN       NaN       NaN       NaN       NaN       NaN       NaN       NaN  Infinity       NaN       NaN       NaN       NaN       NaN
       284       NaN       NaN       NaN       NaN       NaN       NaN       NaN       NaN  Infinity       NaN       NaN       NaN       NaN       NaN
       285       NaN       NaN       NaN       NaN       NaN       NaN       NaN       NaN  Infinity       NaN       NaN       NaN       NaN       NaN
       286       NaN       NaN       NaN       NaN       NaN       NaN       NaN       NaN  Infinity       NaN       NaN       NaN       NaN       NaN
       287       NaN       NaN       NaN       NaN       NaN       NaN       NaN       NaN  Infinity       NaN       NaN       NaN       NaN       NaN
       288       NaN       NaN       NaN       NaN       NaN       NaN       NaN       NaN  Infinity       NaN       NaN       NaN       NaN       NaN
       289       NaN       NaN       NaN       NaN       NaN       NaN       NaN       NaN  Infinity       NaN       NaN       NaN       NaN       NaN
       290       NaN       NaN       NaN       NaN       NaN       NaN       NaN       NaN  Infinity       NaN       NaN       NaN       NaN       NaN
       291       NaN       NaN       NaN       NaN       NaN       NaN       NaN       NaN  Infinity       NaN       NaN       NaN       NaN       NaN
       292       NaN       NaN       NaN       NaN       NaN       NaN       NaN       NaN  Infinity       NaN       NaN       NaN       NaN       NaN
       293       NaN       NaN       NaN       NaN       NaN       NaN       NaN       NaN  Infinity       NaN       NaN       NaN       NaN       NaN
       294       NaN       NaN       NaN       NaN       NaN       NaN       NaN       NaN  Infinity       NaN       NaN       NaN       NaN       NaN
       295       NaN       NaN       NaN       NaN       NaN       NaN       NaN       NaN  Infinity       NaN       NaN       NaN       NaN       NaN
       296       NaN       NaN       NaN       NaN       NaN       NaN       NaN       NaN  Infinity       NaN       NaN       NaN       NaN       NaN
       297       NaN       NaN       NaN       NaN       NaN       NaN       NaN       NaN  Infinity       NaN       NaN       NaN       NaN       NaN
       298       NaN       NaN       NaN       NaN       NaN       NaN       NaN       NaN  Infinity       NaN       NaN       NaN       NaN       NaN
       299       NaN       NaN       NaN       NaN       NaN       NaN       NaN       NaN  Infinity       NaN       NaN       NaN       NaN       NaN
       300       NaN       NaN       NaN       NaN       NaN       NaN       NaN       NaN  Infinity       NaN       NaN       NaN       NaN       NaN
       301       NaN       NaN       NaN       NaN       NaN       NaN       NaN       NaN  Infinity       NaN       NaN       NaN       NaN       NaN
       302       NaN       NaN       NaN       NaN       NaN       NaN       NaN       NaN  Infinity       NaN       NaN       NaN       NaN       NaN
       303       NaN       NaN       NaN       NaN       NaN       NaN       NaN       NaN  Infinity       NaN       NaN       NaN       NaN       NaN
       304       NaN       NaN       NaN       NaN       NaN       NaN       NaN       NaN  Infinity       NaN       NaN       NaN       NaN       NaN
       305       NaN       NaN       NaN       NaN       NaN       NaN       NaN       NaN  Infinity       NaN       NaN       NaN       NaN       NaN
       306       NaN       NaN       NaN       NaN       NaN       NaN       NaN       NaN  Infinity       NaN       NaN       NaN       NaN       NaN
       307       NaN       NaN       NaN       NaN       NaN       NaN       NaN       NaN  Infinity       NaN       NaN       NaN       NaN       NaN
       308       NaN       NaN       NaN       NaN       NaN       NaN       NaN       NaN  Infinity       NaN       NaN       NaN       NaN       NaN
       309       NaN       NaN       NaN       NaN       NaN       NaN       NaN       NaN  Infinity       NaN       NaN       NaN       NaN       NaN
       310       NaN       NaN       NaN       NaN       NaN       NaN       NaN       NaN  Infinity       NaN       NaN       NaN       NaN       NaN
       311       NaN       NaN       NaN       NaN       NaN       NaN       NaN       NaN  Infinity       NaN       NaN       NaN       NaN       NaN
       312       NaN       NaN       NaN       NaN       NaN       NaN       NaN       NaN  Infinity       NaN       NaN       NaN       NaN       NaN
       313       NaN       NaN       NaN       NaN       NaN       NaN       NaN       NaN  Infinity       NaN       NaN       NaN       NaN       NaN
       314       NaN       NaN       NaN       NaN       NaN       NaN       NaN       NaN  Infinity       NaN       NaN       NaN       NaN       NaN
       315       NaN       NaN       NaN       NaN       NaN       NaN       NaN       NaN  Infinity       NaN       NaN       NaN       NaN       NaN
       316       NaN       NaN       NaN       NaN       NaN       NaN       NaN       NaN  Infinity       NaN       NaN       NaN       NaN       NaN
       317       NaN       NaN       NaN       NaN       NaN       NaN       NaN       NaN  Infinity       NaN       NaN       NaN       NaN       NaN
       318       NaN       NaN       NaN       NaN       NaN       NaN       NaN       NaN  Infinity       NaN       NaN       NaN       NaN       NaN
       319       NaN       NaN       NaN       NaN       NaN       NaN       NaN       NaN  Infinity       NaN       NaN       NaN       NaN       NaN
       320       NaN       NaN       NaN       NaN       NaN       NaN       NaN       NaN  Infinity       NaN       NaN       NaN       NaN       NaN
       321       NaN       NaN       NaN       NaN       NaN       NaN       NaN       NaN  Infinity       NaN       NaN       NaN       NaN       NaN
       322       NaN       NaN       NaN       NaN       NaN       NaN       NaN       NaN  Infinity       NaN       NaN       NaN       NaN       NaN
       323       NaN       NaN       NaN       NaN       NaN       NaN       NaN       NaN  Infinity       NaN       NaN       NaN       NaN       NaN
       324       NaN       NaN       NaN       NaN       NaN       NaN       NaN       NaN  Infinity       NaN       NaN       NaN       NaN       NaN
       325       NaN       NaN       NaN       NaN       NaN       NaN       NaN       NaN  Infinity       NaN       NaN       NaN       NaN       NaN
       326       NaN       NaN       NaN       NaN       NaN       NaN       NaN       NaN  Infinity       NaN       NaN       NaN       NaN       NaN
       327       NaN       NaN       NaN       NaN       NaN       NaN       NaN       NaN  Infinity       NaN       NaN       NaN       NaN       NaN
       328       NaN       NaN       NaN       NaN       NaN       NaN       NaN       NaN  Infinity       NaN       NaN       NaN       NaN       NaN
       329       NaN       NaN       NaN       NaN       NaN       NaN       NaN       NaN  Infinity       NaN       NaN       NaN       NaN       NaN
       330       NaN       NaN       NaN       NaN       NaN       NaN       NaN       NaN  Infinity       NaN       NaN       NaN       NaN       NaN
       331       NaN       NaN       NaN       NaN       NaN       NaN       NaN       NaN  Infinity       NaN       NaN       NaN       NaN       NaN
       332       NaN       NaN       NaN       NaN       NaN       NaN       NaN       NaN  Infinity       NaN       NaN       NaN       NaN       NaN
       333       NaN       NaN       NaN       NaN       NaN       NaN       NaN       NaN  Infinity       NaN       NaN       NaN       NaN       NaN
       334       NaN       NaN       NaN       NaN       NaN       NaN       NaN       NaN  Infinity       NaN       NaN       NaN       NaN       NaN
       335       NaN       NaN       NaN       NaN       NaN       NaN       NaN       NaN  Infinity       NaN       NaN       NaN       NaN       NaN
       336       NaN       NaN       NaN       NaN       NaN       NaN       NaN       NaN  Infinity       NaN       NaN       NaN       NaN       NaN
       337       NaN       NaN       NaN       NaN       NaN       NaN       NaN       NaN  Infinity       NaN       NaN       NaN       NaN       NaN
       338       NaN       NaN       NaN       NaN       NaN       NaN       NaN       NaN  Infinity       NaN       NaN       NaN       NaN       NaN
       339       NaN       NaN       NaN       NaN       NaN       NaN       NaN       NaN  Infinity       NaN       NaN       NaN       NaN       NaN
       340       NaN       NaN       NaN       NaN       NaN       NaN       NaN       NaN  Infinity       NaN       NaN       NaN       NaN       NaN
       341       NaN       NaN       NaN       NaN       NaN       NaN       NaN       NaN  Infinity       NaN       NaN       NaN       NaN       NaN
       342       NaN       NaN       NaN       NaN       NaN       NaN       NaN       NaN  Infinity       NaN       NaN       NaN       NaN       NaN
       343       NaN       NaN       NaN       NaN       NaN       NaN       NaN       NaN  Infinity       NaN       NaN       NaN       NaN       NaN
       344       NaN       NaN       NaN       NaN       NaN       NaN       NaN       NaN  Infinity       NaN       NaN       NaN       NaN       NaN
       345       NaN       NaN       NaN       NaN       NaN       NaN       NaN       NaN  Infinity       NaN       NaN       NaN       NaN       NaN
       346       NaN       NaN       NaN       NaN       NaN       NaN       NaN       NaN  Infinity       NaN       NaN       NaN       NaN       NaN
       347       NaN       NaN       NaN       NaN       NaN       NaN       NaN       NaN  Infinity       NaN       NaN       NaN       NaN       NaN
       348       NaN       NaN       NaN       NaN       NaN       NaN       NaN       NaN  Infinity       NaN       NaN       NaN       NaN       NaN
       349       NaN       NaN       NaN       NaN       NaN       NaN       NaN       NaN  Infinity       NaN       NaN       NaN       NaN       NaN
       350       NaN       NaN       NaN       NaN       NaN       NaN       NaN       NaN  Infinity       NaN       NaN       NaN       NaN       NaN
       351       NaN       NaN       NaN       NaN       NaN       NaN       NaN       NaN  Infinity       NaN       NaN       NaN       NaN       NaN
       352       NaN       NaN       NaN       NaN       NaN       NaN       NaN       NaN  Infinity       NaN       NaN       NaN       NaN       NaN
       353       NaN       NaN       NaN       NaN       NaN       NaN       NaN       NaN  Infinity       NaN       NaN       NaN       NaN       NaN
       354       NaN       NaN       NaN       NaN       NaN       NaN       NaN       NaN  Infinity       NaN       NaN       NaN       NaN       NaN
       355       NaN       NaN       NaN       NaN       NaN       NaN       NaN       NaN  Infinity       NaN       NaN       NaN       NaN       NaN
       356       NaN       NaN       NaN       NaN       NaN       NaN       NaN       NaN  Infinity       NaN       NaN       NaN       NaN       NaN
       357       NaN       NaN       NaN       NaN       NaN       NaN       NaN       NaN  Infinity       NaN       NaN       NaN       NaN       NaN
       358       NaN       NaN       NaN       NaN       NaN       NaN       NaN       NaN  Infinity       NaN       NaN       NaN       NaN       NaN
       359       NaN       NaN       NaN       NaN       NaN       NaN       NaN       NaN  Infinity       NaN       NaN       NaN       NaN       NaN
       360       NaN       NaN       NaN       NaN       NaN       NaN       NaN       NaN  Infinity       NaN       NaN       NaN       NaN       NaN
       361       NaN       NaN       NaN       NaN       NaN       NaN       NaN       NaN  Infinity       NaN       NaN       NaN       NaN       NaN
       362       NaN       NaN       NaN       NaN       NaN       NaN       NaN       NaN  Infinity       NaN       NaN       NaN       NaN       NaN
       363       NaN       NaN       NaN       NaN       NaN       NaN       NaN       NaN  Infinity       NaN       NaN       NaN       NaN       NaN
       364       NaN       NaN       NaN       NaN       NaN       NaN       NaN       NaN  Infinity       NaN       NaN       NaN       NaN       NaN
       365       NaN       NaN       NaN       NaN       NaN       NaN       NaN       NaN  Infinity       NaN       NaN       NaN       NaN       NaN
       366       NaN       NaN       NaN       NaN       NaN       NaN       NaN       NaN  Infinity       NaN       NaN       NaN       NaN       NaN
       367       NaN       NaN       NaN       NaN       NaN       NaN       NaN       NaN  Infinity       NaN       NaN       NaN       NaN       NaN
       368       NaN       NaN       NaN       NaN       NaN       NaN       NaN       NaN  Infinity       NaN       NaN       NaN       NaN       NaN
       369       NaN       NaN       NaN       NaN       NaN       NaN       NaN       NaN  Infinity       NaN       NaN       NaN       NaN       NaN
       370       NaN       NaN       NaN       NaN       NaN       NaN       NaN       NaN  Infinity       NaN       NaN       NaN       NaN       NaN
       371       NaN       NaN       NaN       NaN       NaN       NaN       NaN       NaN  Infinity       NaN       NaN       NaN       NaN       NaN
       372       NaN       NaN       NaN       NaN       NaN       NaN       NaN       NaN  Infinity       NaN       NaN       NaN       NaN       NaN
       373       NaN       NaN       NaN       NaN       NaN       NaN       NaN       NaN  Infinity       NaN       NaN       NaN       NaN       NaN
       374       NaN       NaN       NaN       NaN       NaN       NaN       NaN       NaN  Infinity       NaN       NaN       NaN       NaN       NaN
       375       NaN       NaN       NaN       NaN       NaN       NaN       NaN       NaN  Infinity       NaN       NaN       NaN       NaN       NaN
       376       NaN       NaN       NaN       NaN       NaN       NaN       NaN       NaN  Infinity       NaN       NaN       NaN       NaN       NaN
       377       NaN       NaN       NaN       NaN       NaN       NaN       NaN       NaN  Infinity       NaN       NaN       NaN       NaN       NaN
       378       NaN       NaN       NaN       NaN       NaN       NaN       NaN       NaN  Infinity       NaN       NaN       NaN       NaN       NaN
       379       NaN       NaN       NaN       NaN       NaN       NaN       NaN       NaN  Infinity       NaN       NaN       NaN       NaN       NaN
       380       NaN       NaN       NaN       NaN       NaN       NaN       NaN       NaN  Infinity       NaN       NaN       NaN       NaN       NaN
       381       NaN       NaN       NaN       NaN       NaN       NaN       NaN       NaN  Infinity       NaN       NaN       NaN       NaN       NaN
       382       NaN       NaN       NaN       NaN       NaN       NaN       NaN       NaN  Infinity       NaN       NaN       NaN       NaN       NaN
       383       NaN       NaN       NaN       NaN       NaN       NaN       NaN       NaN  Infinity       NaN       NaN       NaN       NaN       NaN
       384       NaN       NaN       NaN       NaN       NaN       NaN       NaN       NaN  Infinity       NaN       NaN       NaN       NaN       NaN
       385       NaN       NaN       NaN       NaN       NaN       NaN       NaN       NaN  Infinity       NaN       NaN       NaN       NaN       NaN
       386       NaN       NaN       NaN       NaN       NaN       NaN       NaN       NaN  Infinity       NaN       NaN       NaN       NaN       NaN
       387       NaN       NaN       NaN       NaN       NaN       NaN       NaN       NaN  Infinity       NaN       NaN       NaN       NaN       NaN
       388       NaN       NaN       NaN       NaN       NaN       NaN       NaN       NaN  Infinity       NaN       NaN       NaN       NaN       NaN
       389       NaN       NaN       NaN       NaN       NaN       NaN       NaN       NaN  Infinity       NaN       NaN       NaN       NaN       NaN
       390       NaN       NaN       NaN       NaN       NaN       NaN       NaN       NaN  Infinity       NaN       NaN       NaN       NaN       NaN
       391       NaN       NaN       NaN       NaN       NaN       NaN       NaN       NaN  Infinity       NaN       NaN       NaN       NaN       NaN
       392       NaN       NaN       NaN       NaN       NaN       NaN       NaN       NaN  Infinity       NaN       NaN       NaN       NaN       NaN
       393       NaN       NaN       NaN       NaN       NaN       NaN       NaN       NaN  Infinity       NaN       NaN       NaN       NaN       NaN
       394       NaN       NaN       NaN       NaN       NaN       NaN       NaN       NaN  Infinity       NaN       NaN       NaN       NaN       NaN
       395       NaN       NaN       NaN       NaN       NaN       NaN       NaN       NaN  Infinity       NaN       NaN       NaN       NaN       NaN
       396       NaN       NaN       NaN       NaN       NaN       NaN       NaN       NaN  Infinity       NaN       NaN       NaN       NaN       NaN
       397       NaN       NaN       NaN       NaN       NaN       NaN       NaN       NaN  Infinity       NaN       NaN       NaN       NaN       NaN
       398       NaN       NaN       NaN       NaN       NaN       NaN       NaN       NaN  Infinity       NaN       NaN       NaN       NaN       NaN
       399       NaN       NaN       NaN       NaN       NaN       NaN       NaN       NaN  Infinity       NaN       NaN       NaN       NaN       NaN
       400       NaN       NaN       NaN       NaN       NaN       NaN       NaN       NaN  Infinity       NaN       NaN       NaN       NaN       NaN
       401       NaN       NaN       NaN       NaN       NaN       NaN       NaN       NaN  Infinity       NaN       NaN       NaN       NaN       NaN
       402       NaN       NaN       NaN       NaN       NaN       NaN       NaN       NaN  Infinity       NaN       NaN       NaN       NaN       NaN
       403       NaN       NaN       NaN       NaN       NaN       NaN       NaN       NaN  Infinity       NaN       NaN       NaN       NaN       NaN
       404       NaN       NaN       NaN       NaN       NaN       NaN       NaN       NaN  Infinity       NaN       NaN       NaN       NaN       NaN
       405       NaN       NaN       NaN       NaN       NaN       NaN       NaN       NaN  Infinity       NaN       NaN       NaN       NaN       NaN
       406       NaN       NaN       NaN       NaN       NaN       NaN       NaN       NaN  Infinity       NaN       NaN       NaN       NaN       NaN
       407       NaN       NaN       NaN       NaN       NaN       NaN       NaN       NaN  Infinity       NaN       NaN       NaN       NaN       NaN
       408       NaN       NaN       NaN       NaN       NaN       NaN       NaN       NaN  Infinity       NaN       NaN       NaN       NaN       NaN
       409       NaN       NaN       NaN       NaN       NaN       NaN       NaN       NaN  Infinity       NaN       NaN       NaN       NaN       NaN
       410       NaN       NaN       NaN       NaN       NaN       NaN       NaN       NaN  Infinity       NaN       NaN       NaN       NaN       NaN
       411       NaN       NaN       NaN       NaN       NaN       NaN       NaN       NaN  Infinity       NaN       NaN       NaN       NaN       NaN
       412       NaN       NaN       NaN       NaN       NaN       NaN       NaN       NaN  Infinity       NaN       NaN       NaN       NaN       NaN
       413       NaN       NaN       NaN       NaN       NaN       NaN       NaN       NaN  Infinity       NaN       NaN       NaN       NaN       NaN
       414       NaN       NaN       NaN       NaN       NaN       NaN       NaN       NaN  Infinity       NaN       NaN       NaN       NaN       NaN
       415       NaN       NaN       NaN       NaN       NaN       NaN       NaN       NaN  Infinity       NaN       NaN       NaN       NaN       NaN
       416       NaN       NaN       NaN       NaN       NaN       NaN       NaN       NaN  Infinity       NaN       NaN       NaN       NaN       NaN
       417       NaN       NaN       NaN       NaN       NaN       NaN       NaN       NaN  Infinity       NaN       NaN       NaN       NaN       NaN
       418       NaN       NaN       NaN       NaN       NaN       NaN       NaN       NaN  Infinity       NaN       NaN       NaN       NaN       NaN
       419       NaN       NaN       NaN       NaN       NaN       NaN       NaN       NaN  Infinity       NaN       NaN       NaN       NaN       NaN
       420       NaN       NaN       NaN       NaN       NaN       NaN       NaN       NaN  Infinity       NaN       NaN       NaN       NaN       NaN
       421       NaN       NaN       NaN       NaN       NaN       NaN       NaN       NaN  Infinity       NaN       NaN       NaN       NaN       NaN
       422       NaN       NaN       NaN       NaN       NaN       NaN       NaN       NaN  Infinity       NaN       NaN       NaN       NaN       NaN
       423       NaN       NaN       NaN       NaN       NaN       NaN       NaN       NaN  Infinity       NaN       NaN       NaN       NaN       NaN
       424       NaN       NaN       NaN       NaN       NaN       NaN       NaN       NaN  Infinity       NaN       NaN       NaN       NaN       NaN
       425       NaN       NaN       NaN       NaN       NaN       NaN       NaN       NaN  Infinity       NaN       NaN       NaN       NaN       NaN
       426       NaN       NaN       NaN       NaN       NaN       NaN       NaN       NaN  Infinity       NaN       NaN       NaN       NaN       NaN
       427       NaN       NaN       NaN       NaN       NaN       NaN       NaN       NaN  Infinity       NaN       NaN       NaN       NaN       NaN
       428       NaN       NaN       NaN       NaN       NaN       NaN       NaN       NaN  Infinity       NaN       NaN       NaN       NaN       NaN
       429       NaN       NaN       NaN       NaN       NaN       NaN       NaN       NaN  Infinity       NaN       NaN       NaN       NaN       NaN
       430       NaN       NaN       NaN       NaN       NaN       NaN       NaN       NaN  Infinity       NaN       NaN       NaN       NaN       NaN
       431       NaN       NaN       NaN       NaN       NaN       NaN       NaN       NaN  Infinity       NaN       NaN       NaN       NaN       NaN
       432       NaN       NaN       NaN       NaN       NaN       NaN       NaN       NaN  Infinity       NaN       NaN       NaN       NaN       NaN
       433       NaN       NaN       NaN       NaN       NaN       NaN       NaN       NaN  Infinity       NaN       NaN       NaN       NaN       NaN
       434       NaN       NaN       NaN       NaN       NaN       NaN       NaN       NaN  Infinity       NaN       NaN       NaN       NaN       NaN
       435       NaN       NaN       NaN       NaN       NaN       NaN       NaN       NaN  Infinity       NaN       NaN       NaN       NaN       NaN
       436       NaN       NaN       NaN       NaN       NaN       NaN       NaN       NaN  Infinity       NaN       NaN       NaN       NaN       NaN
       437       NaN       NaN       NaN       NaN       NaN       NaN       NaN       NaN  Infinity       NaN       NaN       NaN       NaN       NaN
       438       NaN       NaN       NaN       NaN       NaN       NaN       NaN       NaN  Infinity       NaN       NaN       NaN       NaN       NaN
       439       NaN       NaN       NaN       NaN       NaN       NaN       NaN       NaN  Infinity       NaN       NaN       NaN       NaN       NaN
       440       NaN       NaN       NaN       NaN       NaN       NaN       NaN       NaN  Infinity       NaN       NaN       NaN       NaN       NaN
       441       NaN       NaN       NaN       NaN       NaN       NaN       NaN       NaN  Infinity       NaN       NaN       NaN       NaN       NaN
       442       NaN       NaN       NaN       NaN       NaN       NaN       NaN       NaN  Infinity       NaN       NaN       NaN       NaN       NaN
       443       NaN       NaN       NaN       NaN       NaN       NaN       NaN       NaN  Infinity       NaN       NaN       NaN       NaN       NaN
       444       NaN       NaN       NaN       NaN       NaN       NaN       NaN       NaN  Infinity       NaN       NaN       NaN       NaN       NaN
       445       NaN       NaN       NaN       NaN       NaN       NaN       NaN       NaN  Infinity       NaN       NaN       NaN       NaN       NaN
       446       NaN       NaN       NaN       NaN       NaN       NaN       NaN       NaN  Infinity       NaN       NaN       NaN       NaN       NaN
       447       NaN       NaN       NaN       NaN       NaN       NaN       NaN       NaN  Infinity       NaN       NaN       NaN       NaN       NaN
       448       NaN       NaN       NaN       NaN       NaN       NaN       NaN       NaN  Infinity       NaN       NaN       NaN       NaN       NaN
       449       NaN       NaN       NaN       NaN       NaN       NaN       NaN       NaN  Infinity       NaN       NaN       NaN       NaN       NaN
       450       NaN       NaN       NaN       NaN       NaN       NaN       NaN       NaN  Infinity       NaN       NaN       NaN       NaN       NaN
       451       NaN       NaN       NaN       NaN       NaN       NaN       NaN       NaN  Infinity       NaN       NaN       NaN       NaN       NaN
       452       NaN       NaN       NaN       NaN       NaN       NaN       NaN       NaN  Infinity       NaN       NaN       NaN       NaN       NaN
       453       NaN       NaN       NaN       NaN       NaN       NaN       NaN       NaN  Infinity       NaN       NaN       NaN       NaN       NaN
       454       NaN       NaN       NaN       NaN       NaN       NaN       NaN       NaN  Infinity       NaN       NaN       NaN       NaN       NaN
       455       NaN       NaN       NaN       NaN       NaN       NaN       NaN       NaN  Infinity       NaN       NaN       NaN       NaN       NaN
       456       NaN       NaN       NaN       NaN       NaN       NaN       NaN       NaN  Infinity       NaN       NaN       NaN       NaN       NaN
       457       NaN       NaN       NaN       NaN       NaN       NaN       NaN       NaN  Infinity       NaN       NaN       NaN       NaN       NaN
       458       NaN       NaN       NaN       NaN       NaN       NaN       NaN       NaN  Infinity       NaN       NaN       NaN       NaN       NaN
       459       NaN       NaN       NaN       NaN       NaN       NaN       NaN       NaN  Infinity       NaN       NaN       NaN       NaN       NaN
       460       NaN       NaN       NaN       NaN       NaN       NaN       NaN       NaN  Infinity       NaN       NaN       NaN       NaN       NaN
       461       NaN       NaN       NaN       NaN       NaN       NaN       NaN       NaN  Infinity       NaN       NaN       NaN       NaN       NaN
       462       NaN       NaN       NaN       NaN       NaN       NaN       NaN       NaN  Infinity       NaN       NaN       NaN       NaN       NaN
       463       NaN       NaN       NaN       NaN       NaN       NaN       NaN       NaN  Infinity       NaN       NaN       NaN       NaN       NaN
       464       NaN       NaN       NaN       NaN       NaN       NaN       NaN       NaN  Infinity       NaN       NaN       NaN       NaN       NaN
       465       NaN       NaN       NaN       NaN       NaN       NaN       NaN       NaN  Infinity       NaN       NaN       NaN       NaN       NaN
       466       NaN       NaN       NaN       NaN       NaN       NaN       NaN       NaN  Infinity       NaN       NaN       NaN       NaN       NaN
       467       NaN       NaN       NaN       NaN       NaN       NaN       NaN       NaN  Infinity       NaN       NaN       NaN       NaN       NaN
       468       NaN       NaN       NaN       NaN       NaN       NaN       NaN       NaN  Infinity       NaN       NaN       NaN       NaN       NaN
       469       NaN       NaN       NaN       NaN       NaN       NaN       NaN       NaN  Infinity       NaN       NaN       NaN       NaN       NaN
       470       NaN       NaN       NaN       NaN       NaN       NaN       NaN       NaN  Infinity       NaN       NaN       NaN       NaN       NaN
       471       NaN       NaN       NaN       NaN       NaN       NaN       NaN       NaN  Infinity       NaN       NaN       NaN       NaN       NaN
       472       NaN       NaN       NaN       NaN       NaN       NaN       NaN       NaN  Infinity       NaN       NaN       NaN       NaN       NaN
       473       NaN       NaN       NaN       NaN       NaN       NaN       NaN       NaN  Infinity       NaN       NaN       NaN       NaN       NaN
       474       NaN       NaN       NaN       NaN       NaN       NaN       NaN       NaN  Infinity       NaN       NaN       NaN       NaN       NaN
       475       NaN       NaN       NaN       NaN       NaN       NaN       NaN       NaN  Infinity       NaN       NaN       NaN       NaN       NaN
       476       NaN       NaN       NaN       NaN       NaN       NaN       NaN       NaN  Infinity       NaN       NaN       NaN       NaN       NaN
       477       NaN       NaN       NaN       NaN       NaN       NaN       NaN       NaN  Infinity       NaN       NaN       NaN       NaN       NaN
       478       NaN       NaN       NaN       NaN       NaN       NaN       NaN       NaN  Infinity       NaN       NaN       NaN       NaN       NaN
       479       NaN       NaN       NaN       NaN       NaN       NaN       NaN       NaN  Infinity       NaN       NaN       NaN       NaN       NaN
       480       NaN       NaN       NaN       NaN       NaN       NaN       NaN       NaN  Infinity       NaN       NaN       NaN       NaN       NaN
       481       NaN       NaN       NaN       NaN       NaN       NaN       NaN       NaN  Infinity       NaN       NaN       NaN       NaN       NaN
       482       NaN       NaN       NaN       NaN       NaN       NaN       NaN       NaN  Infinity       NaN       NaN       NaN       NaN       NaN
       483       NaN       NaN       NaN       NaN       NaN       NaN       NaN       NaN  Infinity       NaN       NaN       NaN       NaN       NaN
       484       NaN       NaN       NaN       NaN       NaN       NaN       NaN       NaN  Infinity       NaN       NaN       NaN       NaN       NaN
       485       NaN       NaN       NaN       NaN       NaN       NaN       NaN       NaN  Infinity       NaN       NaN       NaN       NaN       NaN
       486       NaN       NaN       NaN       NaN       NaN       NaN       NaN       NaN  Infinity       NaN       NaN       NaN       NaN       NaN
       487       NaN       NaN       NaN       NaN       NaN       NaN       NaN       NaN  Infinity       NaN       NaN       NaN       NaN       NaN
       488       NaN       NaN       NaN       NaN       NaN       NaN       NaN       NaN  Infinity       NaN       NaN       NaN       NaN       NaN
       489       NaN       NaN       NaN       NaN       NaN       NaN       NaN       NaN  Infinity       NaN       NaN       NaN       NaN       NaN
       490       NaN       NaN       NaN       NaN       NaN       NaN       NaN       NaN  Infinity       NaN       NaN       NaN       NaN       NaN
       491       NaN       NaN       NaN       NaN       NaN       NaN       NaN       NaN  Infinity       NaN       NaN       NaN       NaN       NaN
       492       NaN       NaN       NaN       NaN       NaN       NaN       NaN       NaN  Infinity       NaN       NaN       NaN       NaN       NaN
       493       NaN       NaN       NaN       NaN       NaN       NaN       NaN       NaN  Infinity       NaN       NaN       NaN       NaN       NaN
       494       NaN       NaN       NaN       NaN       NaN       NaN       NaN       NaN  Infinity       NaN       NaN       NaN       NaN       NaN
       495       NaN       NaN       NaN       NaN       NaN       NaN       NaN       NaN  Infinity       NaN       NaN       NaN       NaN       NaN
       496       NaN       NaN       NaN       NaN       NaN       NaN       NaN       NaN  Infinity       NaN       NaN       NaN       NaN       NaN
       497       NaN       NaN       NaN       NaN       NaN       NaN       NaN       NaN  Infinity       NaN       NaN       NaN       NaN       NaN
       498       NaN       NaN       NaN       NaN       NaN       NaN       NaN       NaN  Infinity       NaN       NaN       NaN       NaN       NaN
       499       NaN       NaN       NaN       NaN       NaN       NaN       NaN       NaN  Infinity       NaN       NaN       NaN       NaN       NaN
       500       NaN       NaN       NaN       NaN       NaN       NaN       NaN       NaN  Infinity       NaN       NaN       NaN       NaN       NaN
       501       NaN       NaN       NaN       NaN       NaN       NaN       NaN       NaN  Infinity       NaN       NaN       NaN       NaN       NaN
       502       NaN       NaN       NaN       NaN       NaN       NaN       NaN       NaN  Infinity       NaN       NaN       NaN       NaN       NaN
       503       NaN       NaN       NaN       NaN       NaN       NaN       NaN       NaN  Infinity       NaN       NaN       NaN       NaN       NaN
       504       NaN       NaN       NaN       NaN       NaN       NaN       NaN       NaN  Infinity       NaN       NaN       NaN       NaN       NaN
       505       NaN       NaN       NaN       NaN       NaN       NaN       NaN       NaN  Infinity       NaN       NaN       NaN       NaN       NaN
       506       NaN       NaN       NaN       NaN       NaN       NaN       NaN       NaN  Infinity       NaN       NaN       NaN       NaN       NaN
       507       NaN       NaN       NaN       NaN       NaN       NaN       NaN       NaN  Infinity       NaN       NaN       NaN       NaN       NaN
       508       NaN       NaN       NaN       NaN       NaN       NaN       NaN       NaN  Infinity       NaN       NaN       NaN       NaN       NaN
       509       NaN       NaN       NaN       NaN       NaN       NaN       NaN       NaN  Infinity       NaN       NaN       NaN       NaN       NaN
       510       NaN       NaN       NaN       NaN       NaN       NaN       NaN       NaN  Infinity       NaN       NaN       NaN       NaN       NaN
       511       NaN       NaN       NaN       NaN       NaN       NaN       NaN       NaN  Infinity       NaN       NaN       NaN       NaN       NaN
       512       NaN       NaN       NaN       NaN       NaN       NaN       NaN       NaN  Infinity       NaN       NaN       NaN       NaN       NaN
       513       NaN       NaN       NaN       NaN       NaN       NaN       NaN       NaN  Infinity       NaN       NaN       NaN       NaN       NaN
       514       NaN       NaN       NaN       NaN       NaN       NaN       NaN       NaN  Infinity       NaN       NaN       NaN       NaN       NaN
       515       NaN       NaN       NaN       NaN       NaN       NaN       NaN       NaN  Infinity       NaN       NaN       NaN       NaN       NaN
       516       NaN       NaN       NaN       NaN       NaN       NaN       NaN       NaN  Infinity       NaN       NaN       NaN       NaN       NaN
       517       NaN       NaN       NaN       NaN       NaN       NaN       NaN       NaN  Infinity       NaN       NaN       NaN       NaN       NaN
       518       NaN       NaN       NaN       NaN       NaN       NaN       NaN       NaN  Infinity       NaN       NaN       NaN       NaN       NaN
       519       NaN       NaN       NaN       NaN       NaN       NaN       NaN       NaN  Infinity       NaN       NaN       NaN       NaN       NaN
       520       NaN       NaN       NaN       NaN       NaN       NaN       NaN       NaN  Infinity       NaN       NaN       NaN       NaN       NaN
       521       NaN       NaN       NaN       NaN       NaN       NaN       NaN       NaN  Infinity       NaN       NaN       NaN       NaN       NaN
       522       NaN       NaN       NaN       NaN       NaN       NaN       NaN       NaN  Infinity       NaN       NaN       NaN       NaN       NaN
       523       NaN       NaN       NaN       NaN       NaN       NaN       NaN       NaN  Infinity       NaN       NaN       NaN       NaN       NaN
       524       NaN       NaN       NaN       NaN       NaN       NaN       NaN       NaN  Infinity       NaN       NaN       NaN       NaN       NaN
       525       NaN       NaN       NaN       NaN       NaN       NaN       NaN       NaN  Infinity       NaN       NaN       NaN       NaN       NaN
       526       NaN       NaN       NaN       NaN       NaN       NaN       NaN       NaN  Infinity       NaN       NaN       NaN       NaN       NaN
       527       NaN       NaN       NaN       NaN       NaN       NaN       NaN       NaN  Infinity       NaN       NaN       NaN       NaN       NaN
       528       NaN       NaN       NaN       NaN       NaN       NaN       NaN       NaN  Infinity       NaN       NaN       NaN       NaN       NaN
       529       NaN       NaN       NaN       NaN       NaN       NaN       NaN       NaN  Infinity       NaN       NaN       NaN       NaN       NaN
       530       NaN       NaN       NaN       NaN       NaN       NaN       NaN       NaN  Infinity       NaN       NaN       NaN       NaN       NaN
       531       NaN       NaN       NaN       NaN       NaN       NaN       NaN       NaN  Infinity       NaN       NaN       NaN       NaN       NaN
       532       NaN       NaN       NaN       NaN       NaN       NaN       NaN       NaN  Infinity       NaN       NaN       NaN       NaN       NaN
       533       NaN       NaN       NaN       NaN       NaN       NaN       NaN       NaN  Infinity       NaN       NaN       NaN       NaN       NaN
       534       NaN       NaN       NaN       NaN       NaN       NaN       NaN       NaN  Infinity       NaN       NaN       NaN       NaN       NaN
       535       NaN       NaN       NaN       NaN       NaN       NaN       NaN       NaN  Infinity       NaN       NaN       NaN       NaN       NaN
       536       NaN       NaN       NaN       NaN       NaN       NaN       NaN       NaN  Infinity       NaN       NaN       NaN       NaN       NaN
       537       NaN       NaN       NaN       NaN       NaN       NaN       NaN       NaN  Infinity       NaN       NaN       NaN       NaN       NaN
       538       NaN       NaN       NaN       NaN       NaN       NaN       NaN       NaN  Infinity       NaN       NaN       NaN       NaN       NaN
       539       NaN       NaN       NaN       NaN       NaN       NaN       NaN       NaN  Infinity       NaN       NaN       NaN       NaN       NaN
       540       NaN       NaN       NaN       NaN       NaN       NaN       NaN       NaN  Infinity       NaN       NaN       NaN       NaN       NaN
       541       NaN       NaN       NaN       NaN       NaN       NaN       NaN       NaN  Infinity       NaN       NaN       NaN       NaN       NaN
       542       NaN       NaN       NaN       NaN       NaN       NaN       NaN       NaN  Infinity       NaN       NaN       NaN       NaN       NaN
       543       NaN       NaN       NaN       NaN       NaN       NaN       NaN       NaN  Infinity       NaN       NaN       NaN       NaN       NaN
       544       NaN       NaN       NaN       NaN       NaN       NaN       NaN       NaN  Infinity       NaN       NaN       NaN       NaN       NaN
       545       NaN       NaN       NaN       NaN       NaN       NaN       NaN       NaN  Infinity       NaN       NaN       NaN       NaN       NaN
       546       NaN       NaN       NaN       NaN       NaN       NaN       NaN       NaN  Infinity       NaN       NaN       NaN       NaN       NaN
       547       NaN       NaN       NaN       NaN       NaN       NaN       NaN       NaN  Infinity       NaN       NaN       NaN       NaN       NaN
       548       NaN       NaN       NaN       NaN       NaN       NaN       NaN       NaN  Infinity       NaN       NaN       NaN       NaN       NaN
       549       NaN       NaN       NaN       NaN       NaN       NaN       NaN       NaN  Infinity       NaN       NaN       NaN       NaN       NaN
       550       NaN       NaN       NaN       NaN       NaN       NaN       NaN       NaN  Infinity       NaN       NaN       NaN       NaN       NaN
       551       NaN       NaN       NaN       NaN       NaN       NaN       NaN       NaN  Infinity       NaN       NaN       NaN       NaN       NaN
       552       NaN       NaN       NaN       NaN       NaN       NaN       NaN       NaN  Infinity       NaN       NaN       NaN       NaN       NaN
       553       NaN       NaN       NaN       NaN       NaN       NaN       NaN       NaN  Infinity       NaN       NaN       NaN       NaN       NaN
       554       NaN       NaN       NaN       NaN       NaN       NaN       NaN       NaN  Infinity       NaN       NaN       NaN       NaN       NaN
       555       NaN       NaN       NaN       NaN       NaN       NaN       NaN       NaN  Infinity       NaN       NaN       NaN       NaN       NaN
       556       NaN       NaN       NaN       NaN       NaN       NaN       NaN       NaN  Infinity       NaN       NaN       NaN       NaN       NaN
       557       NaN       NaN       NaN       NaN       NaN       NaN       NaN       NaN  Infinity       NaN       NaN       NaN       NaN       NaN
       558       NaN       NaN       NaN       NaN       NaN       NaN       NaN       NaN  Infinity       NaN       NaN       NaN       NaN       NaN
       559       NaN       NaN       NaN       NaN       NaN       NaN       NaN       NaN  Infinity       NaN       NaN       NaN       NaN       NaN
       560       NaN       NaN       NaN       NaN       NaN       NaN       NaN       NaN  Infinity       NaN       NaN       NaN       NaN       NaN
       561       NaN       NaN       NaN       NaN       NaN       NaN       NaN       NaN  Infinity       NaN       NaN       NaN       NaN       NaN
       562       NaN       NaN       NaN       NaN       NaN       NaN       NaN       NaN  Infinity       NaN       NaN       NaN       NaN       NaN
       563       NaN       NaN       NaN       NaN       NaN       NaN       NaN       NaN  Infinity       NaN       NaN       NaN       NaN       NaN
       564       NaN       NaN       NaN       NaN       NaN       NaN       NaN       NaN  Infinity       NaN       NaN       NaN       NaN       NaN
       565       NaN       NaN       NaN       NaN       NaN       NaN       NaN       NaN  Infinity       NaN       NaN       NaN       NaN       NaN
       566       NaN       NaN       NaN       NaN       NaN       NaN       NaN       NaN  Infinity       NaN       NaN       NaN       NaN       NaN
       567       NaN       NaN       NaN       NaN       NaN       NaN       NaN       NaN  Infinity       NaN       NaN       NaN       NaN       NaN
       568       NaN       NaN       NaN       NaN       NaN       NaN       NaN       NaN  Infinity       NaN       NaN       NaN       NaN       NaN
       569       NaN       NaN       NaN       NaN       NaN       NaN       NaN       NaN  Infinity       NaN       NaN       NaN       NaN       NaN
       570       NaN       NaN       NaN       NaN       NaN       NaN       NaN       NaN  Infinity       NaN       NaN       NaN       NaN       NaN
       571       NaN       NaN       NaN       NaN       NaN       NaN       NaN       NaN  Infinity       NaN       NaN       NaN       NaN       NaN
       572       NaN       NaN       NaN       NaN       NaN       NaN       NaN       NaN  Infinity       NaN       NaN       NaN       NaN       NaN
       573       NaN       NaN       NaN       NaN       NaN       NaN       NaN       NaN  Infinity       NaN       NaN       NaN       NaN       NaN
       574       NaN       NaN       NaN       NaN       NaN       NaN       NaN       NaN  Infinity       NaN       NaN       NaN       NaN       NaN
       575       NaN       NaN       NaN       NaN       NaN       NaN       NaN       NaN  Infinity       NaN       NaN       NaN       NaN       NaN
       576       NaN       NaN       NaN       NaN       NaN       NaN       NaN       NaN  Infinity       NaN       NaN       NaN       NaN       NaN
       577       NaN       NaN       NaN       NaN       NaN       NaN       NaN       NaN  Infinity       NaN       NaN       NaN       NaN       NaN
       578       NaN       NaN       NaN       NaN       NaN       NaN       NaN       NaN  Infinity       NaN       NaN       NaN       NaN       NaN
       579       NaN       NaN       NaN       NaN       NaN       NaN       NaN       NaN  Infinity       NaN       NaN       NaN       NaN       NaN
       580       NaN       NaN       NaN       NaN       NaN       NaN       NaN       NaN  Infinity       NaN       NaN       NaN       NaN       NaN
       581       NaN       NaN       NaN       NaN       NaN       NaN       NaN       NaN  Infinity       NaN       NaN       NaN       NaN       NaN
       582       NaN       NaN       NaN       NaN       NaN       NaN       NaN       NaN  Infinity       NaN       NaN       NaN       NaN       NaN
       583       NaN       NaN       NaN       NaN       NaN       NaN       NaN       NaN  Infinity       NaN       NaN       NaN       NaN       NaN
       584       NaN       NaN       NaN       NaN       NaN       NaN       NaN       NaN  Infinity       NaN       NaN       NaN       NaN       NaN
       585       NaN       NaN       NaN       NaN       NaN       NaN       NaN       NaN  Infinity       NaN       NaN       NaN       NaN       NaN
       586       NaN       NaN       NaN       NaN       NaN       NaN       NaN       NaN  Infinity       NaN       NaN       NaN       NaN       NaN
       587       NaN       NaN       NaN       NaN       NaN       NaN       NaN       NaN  Infinity       NaN       NaN       NaN       NaN       NaN
       588       NaN       NaN       NaN       NaN       NaN       NaN       NaN       NaN  Infinity       NaN       NaN       NaN       NaN       NaN
       589       NaN       NaN       NaN       NaN       NaN       NaN       NaN       NaN  Infinity       NaN       NaN       NaN       NaN       NaN
       590       NaN       NaN       NaN       NaN       NaN       NaN       NaN       NaN  Infinity       NaN       NaN       NaN       NaN       NaN
       591       NaN       NaN       NaN       NaN       NaN       NaN       NaN       NaN  Infinity       NaN       NaN       NaN       NaN       NaN
       592       NaN       NaN       NaN       NaN       NaN       NaN       NaN       NaN  Infinity       NaN       NaN       NaN       NaN       NaN
       593       NaN       NaN       NaN       NaN       NaN       NaN       NaN       NaN  Infinity       NaN       NaN       NaN       NaN       NaN
       594       NaN       NaN       NaN       NaN       NaN       NaN       NaN       NaN  Infinity       NaN       NaN       NaN       NaN       NaN
       595       NaN       NaN       NaN       NaN       NaN       NaN       NaN       NaN  Infinity       NaN       NaN       NaN       NaN       NaN
       596       NaN       NaN       NaN       NaN       NaN       NaN       NaN       NaN  Infinity       NaN       NaN       NaN       NaN       NaN
       597       NaN       NaN       NaN       NaN       NaN       NaN       NaN       NaN  Infinity       NaN       NaN       NaN       NaN       NaN
       598       NaN       NaN       NaN       NaN       NaN       NaN       NaN       NaN  Infinity       NaN       NaN       NaN       NaN       NaN
       599       NaN       NaN       NaN       NaN       NaN       NaN       NaN       NaN  Infinity       NaN       NaN       NaN       NaN       NaN
       600       NaN       NaN       NaN       NaN       NaN       NaN       NaN       NaN  Infinity       NaN       NaN       NaN       NaN       NaN
       601       NaN       NaN       NaN       NaN       NaN       NaN       NaN       NaN  Infinity       NaN       NaN       NaN       NaN       NaN
       602       NaN       NaN       NaN       NaN       NaN       NaN       NaN       NaN  Infinity       NaN       NaN       NaN       NaN       NaN
       603       NaN       NaN       NaN       NaN       NaN       NaN       NaN       NaN  Infinity       NaN       NaN       NaN       NaN       NaN
       604       NaN       NaN       NaN       NaN       NaN       NaN       NaN       NaN  Infinity       NaN       NaN       NaN       NaN       NaN
       605       NaN       NaN       NaN       NaN       NaN       NaN       NaN       NaN  Infinity       NaN       NaN       NaN       NaN       NaN
       606       NaN       NaN       NaN       NaN       NaN       NaN       NaN       NaN  Infinity       NaN       NaN       NaN       NaN       NaN
       607       NaN       NaN       NaN       NaN       NaN       NaN       NaN       NaN  Infinity       NaN       NaN       NaN       NaN       NaN
       608       NaN       NaN       NaN       NaN       NaN       NaN       NaN       NaN  Infinity       NaN       NaN       NaN       NaN       NaN
       609       NaN       NaN       NaN       NaN       NaN       NaN       NaN       NaN  Infinity       NaN       NaN       NaN       NaN       NaN
       610       NaN       NaN       NaN       NaN       NaN       NaN       NaN       NaN  Infinity       NaN       NaN       NaN       NaN       NaN
       611       NaN       NaN       NaN       NaN       NaN       NaN       NaN       NaN  Infinity       NaN       NaN       NaN       NaN       NaN
       612       NaN       NaN       NaN       NaN       NaN       NaN       NaN       NaN  Infinity       NaN       NaN       NaN       NaN       NaN
       613       NaN       NaN       NaN       NaN       NaN       NaN       NaN       NaN  Infinity       NaN       NaN       NaN       NaN       NaN
       614       NaN       NaN       NaN       NaN       NaN       NaN       NaN       NaN  Infinity       NaN       NaN       NaN       NaN       NaN
       615       NaN       NaN       NaN       NaN       NaN       NaN       NaN       NaN  Infinity       NaN       NaN       NaN       NaN       NaN
       616       NaN       NaN       NaN       NaN       NaN       NaN       NaN       NaN  Infinity       NaN       NaN       NaN       NaN       NaN
       617       NaN       NaN       NaN       NaN       NaN       NaN       NaN       NaN  Infinity       NaN       NaN       NaN       NaN       NaN
       618       NaN       NaN       NaN       NaN       NaN       NaN       NaN       NaN  Infinity       NaN       NaN       NaN       NaN       NaN
       619       NaN       NaN       NaN       NaN       NaN       NaN       NaN       NaN  Infinity       NaN       NaN       NaN       NaN       NaN
       620       NaN       NaN       NaN       NaN       NaN       NaN       NaN       NaN  Infinity       NaN       NaN       NaN       NaN       NaN
       621       NaN       NaN       NaN       NaN       NaN       NaN       NaN       NaN  Infinity       NaN       NaN       NaN       NaN       NaN
       622       NaN       NaN       NaN       NaN       NaN       NaN       NaN       NaN  Infinity       NaN       NaN       NaN       NaN       NaN
       623       NaN       NaN       NaN       NaN       NaN       NaN       NaN       NaN  Infinity       NaN       NaN       NaN       NaN       NaN
       624       NaN       NaN       NaN       NaN       NaN       NaN       NaN       NaN  Infinity       NaN       NaN       NaN       NaN       NaN
       625       NaN       NaN       NaN       NaN       NaN       NaN       NaN       NaN  Infinity       NaN       NaN       NaN       NaN       NaN
       626       NaN       NaN       NaN       NaN       NaN       NaN       NaN       NaN  Infinity       NaN       NaN       NaN       NaN       NaN
       627       NaN       NaN       NaN       NaN       NaN       NaN       NaN       NaN  Infinity       NaN       NaN       NaN       NaN       NaN
       628       NaN       NaN       NaN       NaN       NaN       NaN       NaN       NaN  Infinity       NaN       NaN       NaN       NaN       NaN
       629       NaN       NaN       NaN       NaN       NaN       NaN       NaN       NaN  Infinity       NaN       NaN       NaN       NaN       NaN
       630       NaN       NaN       NaN       NaN       NaN       NaN       NaN       NaN  Infinity       NaN       NaN       NaN       NaN       NaN
       631       NaN       NaN       NaN       NaN       NaN       NaN       NaN       NaN  Infinity       NaN       NaN       NaN       NaN       NaN
       632       NaN       NaN       NaN       NaN       NaN       NaN       NaN       NaN  Infinity       NaN       NaN       NaN       NaN       NaN
       633       NaN       NaN       NaN       NaN       NaN       NaN       NaN       NaN  Infinity       NaN       NaN       NaN       NaN       NaN
       634       NaN       NaN       NaN       NaN       NaN       NaN       NaN       NaN  Infinity       NaN       NaN       NaN       NaN       NaN
       635       NaN       NaN       NaN       NaN       NaN       NaN       NaN       NaN  Infinity       NaN       NaN       NaN       NaN       NaN
       636       NaN       NaN       NaN       NaN       NaN       NaN       NaN       NaN  Infinity       NaN       NaN       NaN       NaN       NaN
       637       NaN       NaN       NaN       NaN       NaN       NaN       NaN       NaN  Infinity       NaN       NaN       NaN       NaN       NaN
       638       NaN       NaN       NaN       NaN       NaN       NaN       NaN       NaN  Infinity       NaN       NaN       NaN       NaN       NaN
       639       NaN       NaN       NaN       NaN       NaN       NaN       NaN       NaN  Infinity       NaN       NaN       NaN       NaN       NaN
       640       NaN       NaN       NaN       NaN       NaN       NaN       NaN       NaN  Infinity       NaN       NaN       NaN       NaN       NaN
       641       NaN       NaN       NaN       NaN       NaN       NaN       NaN       NaN  Infinity       NaN       NaN       NaN       NaN       NaN
       642       NaN       NaN       NaN       NaN       NaN       NaN       NaN       NaN  Infinity       NaN       NaN       NaN       NaN       NaN
       643       NaN       NaN       NaN       NaN       NaN       NaN       NaN       NaN  Infinity       NaN       NaN       NaN       NaN       NaN
       644       NaN       NaN       NaN       NaN       NaN       NaN       NaN       NaN  Infinity       NaN       NaN       NaN       NaN       NaN
       645       NaN       NaN       NaN       NaN       NaN       NaN       NaN       NaN  Infinity       NaN       NaN       NaN       NaN       NaN
       646       NaN       NaN       NaN       NaN       NaN       NaN       NaN       NaN  Infinity       NaN       NaN       NaN       NaN       NaN
       647       NaN       NaN       NaN       NaN       NaN       NaN       NaN       NaN  Infinity       NaN       NaN       NaN       NaN       NaN
       648       NaN       NaN       NaN       NaN       NaN       NaN       NaN       NaN  Infinity       NaN       NaN       NaN       NaN       NaN
       649       NaN       NaN       NaN       NaN       NaN       NaN       NaN       NaN  Infinity       NaN       NaN       NaN       NaN       NaN
       650       NaN       NaN       NaN       NaN       NaN       NaN       NaN       NaN  Infinity       NaN       NaN       NaN       NaN       NaN
       651       NaN       NaN       NaN       NaN       NaN       NaN       NaN       NaN  Infinity       NaN       NaN       NaN       NaN       NaN
       652       NaN       NaN       NaN       NaN       NaN       NaN       NaN       NaN  Infinity       NaN       NaN       NaN       NaN       NaN
       653       NaN       NaN       NaN       NaN       NaN       NaN       NaN       NaN  Infinity       NaN       NaN       NaN       NaN       NaN
       654       NaN       NaN       NaN       NaN       NaN       NaN       NaN       NaN  Infinity       NaN       NaN       NaN       NaN       NaN
       655       NaN       NaN       NaN       NaN       NaN       NaN       NaN       NaN  Infinity       NaN       NaN       NaN       NaN       NaN
       656       NaN       NaN       NaN       NaN       NaN       NaN       NaN       NaN  Infinity       NaN       NaN       NaN       NaN       NaN
       657       NaN       NaN       NaN       NaN       NaN       NaN       NaN       NaN  Infinity       NaN       NaN       NaN       NaN       NaN
       658       NaN       NaN       NaN       NaN       NaN       NaN       NaN       NaN  Infinity       NaN       NaN       NaN       NaN       NaN
       659       NaN       NaN       NaN       NaN       NaN       NaN       NaN       NaN  Infinity       NaN       NaN       NaN       NaN       NaN
       660       NaN       NaN       NaN       NaN       NaN       NaN       NaN       NaN  Infinity       NaN       NaN       NaN       NaN       NaN
       661       NaN       NaN       NaN       NaN       NaN       NaN       NaN       NaN  Infinity       NaN       NaN       NaN       NaN       NaN
       662       NaN       NaN       NaN       NaN       NaN       NaN       NaN       NaN  Infinity       NaN       NaN       NaN       NaN       NaN
       663       NaN       NaN       NaN       NaN       NaN       NaN       NaN       NaN  Infinity       NaN       NaN       NaN       NaN       NaN
       664       NaN       NaN       NaN       NaN       NaN       NaN       NaN       NaN  Infinity       NaN       NaN       NaN       NaN       NaN
       665       NaN       NaN       NaN       NaN       NaN       NaN       NaN       NaN  Infinity       NaN       NaN       NaN       NaN       NaN
       666       NaN       NaN       NaN       NaN       NaN       NaN       NaN       NaN  Infinity       NaN       NaN       NaN       NaN       NaN
       667       NaN       NaN       NaN       NaN       NaN       NaN       NaN       NaN  Infinity       NaN       NaN       NaN       NaN       NaN
       668       NaN       NaN       NaN       NaN       NaN       NaN       NaN       NaN  Infinity       NaN       NaN       NaN       NaN       NaN
       669       NaN       NaN       NaN       NaN       NaN       NaN       NaN       NaN  Infinity       NaN       NaN       NaN       NaN       NaN
       670       NaN       NaN       NaN       NaN       NaN       NaN       NaN       NaN  Infinity       NaN       NaN       NaN       NaN       NaN
       671       NaN       NaN       NaN       NaN       NaN       NaN       NaN       NaN  Infinity       NaN       NaN       NaN       NaN       NaN
       672       NaN       NaN       NaN       NaN       NaN       NaN       NaN       NaN  Infinity       NaN       NaN       NaN       NaN       NaN
       673       NaN       NaN       NaN       NaN       NaN       NaN       NaN       NaN  Infinity       NaN       NaN       NaN       NaN       NaN
       674       NaN       NaN       NaN       NaN       NaN       NaN       NaN       NaN  Infinity       NaN       NaN       NaN       NaN       NaN
       675       NaN       NaN       NaN       NaN       NaN       NaN       NaN       NaN  Infinity       NaN       NaN       NaN       NaN       NaN
       676       NaN       NaN       NaN       NaN       NaN       NaN       NaN       NaN  Infinity       NaN       NaN       NaN       NaN       NaN
       677       NaN       NaN       NaN       NaN       NaN       NaN       NaN       NaN  Infinity       NaN       NaN       NaN       NaN       NaN
       678       NaN       NaN       NaN       NaN       NaN       NaN       NaN       NaN  Infinity       NaN       NaN       NaN       NaN       NaN
       679       NaN       NaN       NaN       NaN       NaN       NaN       NaN       NaN  Infinity       NaN       NaN       NaN       NaN       NaN
       680       NaN       NaN       NaN       NaN       NaN       NaN       NaN       NaN  Infinity       NaN       NaN       NaN       NaN       NaN
       681       NaN       NaN       NaN       NaN       NaN       NaN       NaN       NaN  Infinity       NaN       NaN       NaN       NaN       NaN
       682       NaN       NaN       NaN       NaN       NaN       NaN       NaN       NaN  Infinity       NaN       NaN       NaN       NaN       NaN
       683       NaN       NaN       NaN       NaN       NaN       NaN       NaN       NaN  Infinity       NaN       NaN       NaN       NaN       NaN
       684       NaN       NaN       NaN       NaN       NaN       NaN       NaN       NaN  Infinity       NaN       NaN       NaN       NaN       NaN
       685       NaN       NaN       NaN       NaN       NaN       NaN       NaN       NaN  Infinity       NaN       NaN       NaN       NaN       NaN
       686       NaN       NaN       NaN       NaN       NaN       NaN       NaN       NaN  Infinity       NaN       NaN       NaN       NaN       NaN
       687       NaN       NaN       NaN       NaN       NaN       NaN       NaN       NaN  Infinity       NaN       NaN       NaN       NaN       NaN
       688       NaN       NaN       NaN       NaN       NaN       NaN       NaN       NaN  Infinity       NaN       NaN       NaN       NaN       NaN
       689       NaN       NaN       NaN       NaN       NaN       NaN       NaN       NaN  Infinity       NaN       NaN       NaN       NaN       NaN
       690       NaN       NaN       NaN       NaN       NaN       NaN       NaN       NaN  Infinity       NaN       NaN       NaN       NaN       NaN
       691       NaN       NaN       NaN       NaN       NaN       NaN       NaN       NaN  Infinity       NaN       NaN       NaN       NaN       NaN
       692       NaN       NaN       NaN       NaN       NaN       NaN       NaN       NaN  Infinity       NaN       NaN       NaN       NaN       NaN
       693       NaN       NaN       NaN       NaN       NaN       NaN       NaN       NaN  Infinity       NaN       NaN       NaN       NaN       NaN
       694       NaN       NaN       NaN       NaN       NaN       NaN       NaN       NaN  Infinity       NaN       NaN       NaN       NaN       NaN
       695       NaN       NaN       NaN       NaN       NaN       NaN       NaN       NaN  Infinity       NaN       NaN       NaN       NaN       NaN
       696       NaN       NaN       NaN       NaN       NaN       NaN       NaN       NaN  Infinity       NaN       NaN       NaN       NaN       NaN
       697       NaN       NaN       NaN       NaN       NaN       NaN       NaN       NaN  Infinity       NaN       NaN       NaN       NaN       NaN
       698       NaN       NaN       NaN       NaN       NaN       NaN       NaN       NaN  Infinity       NaN       NaN       NaN       NaN       NaN
       699       NaN       NaN       NaN       NaN       NaN       NaN       NaN       NaN  Infinity       NaN       NaN       NaN       NaN       NaN
       700       NaN       NaN       NaN       NaN       NaN       NaN       NaN       NaN  Infinity       NaN       NaN       NaN       NaN       NaN
       701       NaN       NaN       NaN       NaN       NaN       NaN       NaN       NaN  Infinity       NaN       NaN       NaN       NaN       NaN
       702       NaN       NaN       NaN       NaN       NaN       NaN       NaN       NaN  Infinity       NaN       NaN       NaN       NaN       NaN
       703       NaN       NaN       NaN       NaN       NaN       NaN       NaN       NaN  Infinity       NaN       NaN       NaN       NaN       NaN
       704       NaN       NaN       NaN       NaN       NaN       NaN       NaN       NaN  Infinity       NaN       NaN       NaN       NaN       NaN
       705       NaN       NaN       NaN       NaN       NaN       NaN       NaN       NaN  Infinity       NaN       NaN       NaN       NaN       NaN
       706       NaN       NaN       NaN       NaN       NaN       NaN       NaN       NaN  Infinity       NaN       NaN       NaN       NaN       NaN
       707       NaN       NaN       NaN       NaN       NaN       NaN       NaN       NaN  Infinity       NaN       NaN       NaN       NaN       NaN
       708       NaN       NaN       NaN       NaN       NaN       NaN       NaN       NaN  Infinity       NaN       NaN       NaN       NaN       NaN
       709       NaN       NaN       NaN       NaN       NaN       NaN       NaN       NaN  Infinity       NaN       NaN       NaN       NaN       NaN
       710       NaN       NaN       NaN       NaN       NaN       NaN       NaN       NaN  Infinity       NaN       NaN       NaN       NaN       NaN
       711       NaN       NaN       NaN       NaN       NaN       NaN       NaN       NaN  Infinity       NaN       NaN       NaN       NaN       NaN
       712       NaN       NaN       NaN       NaN       NaN       NaN       NaN       NaN  Infinity       NaN       NaN       NaN       NaN       NaN
       713       NaN       NaN       NaN       NaN       NaN       NaN       NaN       NaN  Infinity       NaN       NaN       NaN       NaN       NaN
       714       NaN       NaN       NaN       NaN       NaN       NaN       NaN       NaN  Infinity       NaN       NaN       NaN       NaN       NaN
       715       NaN       NaN       NaN       NaN       NaN       NaN       NaN       NaN  Infinity       NaN       NaN       NaN       NaN       NaN
       716       NaN       NaN       NaN       NaN       NaN       NaN       NaN       NaN  Infinity       NaN       NaN       NaN       NaN       NaN
       717       NaN       NaN       NaN       NaN       NaN       NaN       NaN       NaN  Infinity       NaN       NaN       NaN       NaN       NaN
       718       NaN       NaN       NaN       NaN       NaN       NaN       NaN       NaN  Infinity       NaN       NaN       NaN       NaN       NaN
       719       NaN       NaN       NaN       NaN       NaN       NaN       NaN       NaN  Infinity       NaN       NaN       NaN       NaN       NaN
       720       NaN       NaN       NaN       NaN       NaN       NaN       NaN       NaN  Infinity       NaN       NaN       NaN       NaN       NaN
       721       NaN       NaN       NaN       NaN       NaN       NaN       NaN       NaN  Infinity       NaN       NaN       NaN       NaN       NaN
       722       NaN       NaN       NaN       NaN       NaN       NaN       NaN       NaN  Infinity       NaN       NaN       NaN       NaN       NaN
       723       NaN       NaN       NaN       NaN       NaN       NaN       NaN       NaN  Infinity       NaN       NaN       NaN       NaN       NaN
       724       NaN       NaN       NaN       NaN       NaN       NaN       NaN       NaN  Infinity       NaN       NaN       NaN       NaN       NaN
       725       NaN       NaN       NaN       NaN       NaN       NaN       NaN       NaN  Infinity       NaN       NaN       NaN       NaN       NaN
       726       NaN       NaN       NaN       NaN       NaN       NaN       NaN       NaN  Infinity       NaN       NaN       NaN       NaN       NaN
       727       NaN       NaN       NaN       NaN       NaN       NaN       NaN       NaN  Infinity       NaN       NaN       NaN       NaN       NaN
       728       NaN       NaN       NaN       NaN       NaN       NaN       NaN       NaN  Infinity       NaN       NaN       NaN       NaN       NaN
       729       NaN       NaN       NaN       NaN       NaN       NaN       NaN       NaN  Infinity       NaN       NaN       NaN       NaN       NaN
       730       NaN       NaN       NaN       NaN       NaN       NaN       NaN       NaN  Infinity       NaN       NaN       NaN       NaN       NaN
       731       NaN       NaN       NaN       NaN       NaN       NaN       NaN       NaN  Infinity       NaN       NaN       NaN       NaN       NaN
       732       NaN       NaN       NaN       NaN       NaN       NaN       NaN       NaN  Infinity       NaN       NaN       NaN       NaN       NaN
       733       NaN       NaN       NaN       NaN       NaN       NaN       NaN       NaN  Infinity       NaN       NaN       NaN       NaN       NaN
       734       NaN       NaN       NaN       NaN       NaN       NaN       NaN       NaN  Infinity       NaN       NaN       NaN       NaN       NaN
       735       NaN       NaN       NaN       NaN       NaN       NaN       NaN       NaN  Infinity       NaN       NaN       NaN       NaN       NaN
       736       NaN       NaN       NaN       NaN       NaN       NaN       NaN       NaN  Infinity       NaN       NaN       NaN       NaN       NaN
       737       NaN       NaN       NaN       NaN       NaN       NaN       NaN       NaN  Infinity       NaN       NaN       NaN       NaN       NaN
       738       NaN       NaN       NaN       NaN       NaN       NaN       NaN       NaN  Infinity       NaN       NaN       NaN       NaN       NaN
       739       NaN       NaN       NaN       NaN       NaN       NaN       NaN       NaN  Infinity       NaN       NaN       NaN       NaN       NaN
       740       NaN       NaN       NaN       NaN       NaN       NaN       NaN       NaN  Infinity       NaN       NaN       NaN       NaN       NaN
       741       NaN       NaN       NaN       NaN       NaN       NaN       NaN       NaN  Infinity       NaN       NaN       NaN       NaN       NaN
       742       NaN       NaN       NaN       NaN       NaN       NaN       NaN       NaN  Infinity       NaN       NaN       NaN       NaN       NaN
       743       NaN       NaN       NaN       NaN       NaN       NaN       NaN       NaN  Infinity       NaN       NaN       NaN       NaN       NaN
       744       NaN       NaN       NaN       NaN       NaN       NaN       NaN       NaN  Infinity       NaN       NaN       NaN       NaN       NaN
       745       NaN       NaN       NaN       NaN       NaN       NaN       NaN       NaN  Infinity       NaN       NaN       NaN       NaN       NaN
       746       NaN       NaN       NaN       NaN       NaN       NaN       NaN       NaN  Infinity       NaN       NaN       NaN       NaN       NaN
       747       NaN       NaN       NaN       NaN       NaN       NaN       NaN       NaN  Infinity       NaN       NaN       NaN       NaN       NaN
       748       NaN       NaN       NaN       NaN       NaN       NaN       NaN       NaN  Infinity       NaN       NaN       NaN       NaN       NaN
       749       NaN       NaN       NaN       NaN       NaN       NaN       NaN       NaN  Infinity       NaN       NaN       NaN       NaN       NaN
       750       NaN       NaN       NaN       NaN       NaN       NaN       NaN       NaN  Infinity       NaN       NaN       NaN       NaN       NaN
       751       NaN       NaN       NaN       NaN       NaN       NaN       NaN       NaN  Infinity       NaN       NaN       NaN       NaN       NaN
       752       NaN       NaN       NaN       NaN       NaN       NaN       NaN       NaN  Infinity       NaN       NaN       NaN       NaN       NaN
       753       NaN       NaN       NaN       NaN       NaN       NaN       NaN       NaN  Infinity       NaN       NaN       NaN       NaN       NaN
       754       NaN       NaN       NaN       NaN       NaN       NaN       NaN       NaN  Infinity       NaN       NaN       NaN       NaN       NaN
       755       NaN       NaN       NaN       NaN       NaN       NaN       NaN       NaN  Infinity       NaN       NaN       NaN       NaN       NaN
       756       NaN       NaN       NaN       NaN       NaN       NaN       NaN       NaN  Infinity       NaN       NaN       NaN       NaN       NaN
       757       NaN       NaN       NaN       NaN       NaN       NaN       NaN       NaN  Infinity       NaN       NaN       NaN       NaN       NaN
       758       NaN       NaN       NaN       NaN       NaN       NaN       NaN       NaN  Infinity       NaN       NaN       NaN       NaN       NaN
       759       NaN       NaN       NaN       NaN       NaN       NaN       NaN       NaN  Infinity       NaN       NaN       NaN       NaN       NaN
       760       NaN       NaN       NaN       NaN       NaN       NaN       NaN       NaN  Infinity       NaN       NaN       NaN       NaN       NaN
       761       NaN       NaN       NaN       NaN       NaN       NaN       NaN       NaN  Infinity       NaN       NaN       NaN       NaN       NaN
       762       NaN       NaN       NaN       NaN       NaN       NaN       NaN       NaN  Infinity       NaN       NaN       NaN       NaN       NaN
       763       NaN       NaN       NaN       NaN       NaN       NaN       NaN       NaN  Infinity       NaN       NaN       NaN       NaN       NaN
       764       NaN       NaN       NaN       NaN       NaN       NaN       NaN       NaN  Infinity       NaN       NaN       NaN       NaN       NaN
       765       NaN       NaN       NaN       NaN       NaN       NaN       NaN       NaN  Infinity       NaN       NaN       NaN       NaN       NaN
       766       NaN       NaN       NaN       NaN       NaN       NaN       NaN       NaN  Infinity       NaN       NaN       NaN       NaN       NaN
       767       NaN       NaN       NaN       NaN       NaN       NaN       NaN       NaN  Infinity       NaN       NaN       NaN       NaN       NaN
       768       NaN       NaN       NaN       NaN       NaN       NaN       NaN       NaN  Infinity       NaN       NaN       NaN       NaN       NaN
       769       NaN       NaN       NaN       NaN       NaN       NaN       NaN       NaN  Infinity       NaN       NaN       NaN       NaN       NaN
       770       NaN       NaN       NaN       NaN       NaN       NaN       NaN       NaN  Infinity       NaN       NaN       NaN       NaN       NaN
       771       NaN       NaN       NaN       NaN       NaN       NaN       NaN       NaN  Infinity       NaN       NaN       NaN       NaN       NaN
       772       NaN       NaN       NaN       NaN       NaN       NaN       NaN       NaN  Infinity       NaN       NaN       NaN       NaN       NaN
       773       NaN       NaN       NaN       NaN       NaN       NaN       NaN       NaN  Infinity       NaN       NaN       NaN       NaN       NaN
       774       NaN       NaN       NaN       NaN       NaN       NaN       NaN       NaN  Infinity       NaN       NaN       NaN       NaN       NaN
       775       NaN       NaN       NaN       NaN       NaN       NaN       NaN       NaN  Infinity       NaN       NaN       NaN       NaN       NaN
       776       NaN       NaN       NaN       NaN       NaN       NaN       NaN       NaN  Infinity       NaN       NaN       NaN       NaN       NaN
       777       NaN       NaN       NaN       NaN       NaN       NaN       NaN       NaN  Infinity       NaN       NaN       NaN       NaN       NaN
       778       NaN       NaN       NaN       NaN       NaN       NaN       NaN       NaN  Infinity       NaN       NaN       NaN       NaN       NaN
       779       NaN       NaN       NaN       NaN       NaN       NaN       NaN       NaN  Infinity       NaN       NaN       NaN       NaN       NaN
       780       NaN       NaN       NaN       NaN       NaN       NaN       NaN       NaN  Infinity       NaN       NaN       NaN       NaN       NaN
       781       NaN       NaN       NaN       NaN       NaN       NaN       NaN       NaN  Infinity       NaN       NaN       NaN       NaN       NaN
       782       NaN       NaN       NaN       NaN       NaN       NaN       NaN       NaN  Infinity       NaN       NaN       NaN       NaN       NaN
       783       NaN       NaN       NaN       NaN       NaN       NaN       NaN       NaN  Infinity       NaN       NaN       NaN       NaN       NaN
       784       NaN       NaN       NaN       NaN       NaN       NaN       NaN       NaN  Infinity       NaN       NaN       NaN       NaN       NaN
       785       NaN       NaN       NaN       NaN       NaN       NaN       NaN       NaN  Infinity       NaN       NaN       NaN       NaN       NaN
       786       NaN       NaN       NaN       NaN       NaN       NaN       NaN       NaN  Infinity       NaN       NaN       NaN       NaN       NaN
       787       NaN       NaN       NaN       NaN       NaN       NaN       NaN       NaN  Infinity       NaN       NaN       NaN       NaN       NaN
       788       NaN       NaN       NaN       NaN       NaN       NaN       NaN       NaN  Infinity       NaN       NaN       NaN       NaN       NaN
       789       NaN       NaN       NaN       NaN       NaN       NaN       NaN       NaN  Infinity       NaN       NaN       NaN       NaN       NaN
       790       NaN       NaN       NaN       NaN       NaN       NaN       NaN       NaN  Infinity       NaN       NaN       NaN       NaN       NaN
       791       NaN       NaN       NaN       NaN       NaN       NaN       NaN       NaN  Infinity       NaN       NaN       NaN       NaN       NaN
       792       NaN       NaN       NaN       NaN       NaN       NaN       NaN       NaN  Infinity       NaN       NaN       NaN       NaN       NaN
       793       NaN       NaN       NaN       NaN       NaN       NaN       NaN       NaN  Infinity       NaN       NaN       NaN       NaN       NaN
       794       NaN       NaN       NaN       NaN       NaN       NaN       NaN       NaN  Infinity       NaN       NaN       NaN       NaN       NaN
       795       NaN       NaN       NaN       NaN       NaN       NaN       NaN       NaN  Infinity       NaN       NaN       NaN       NaN       NaN
       796       NaN       NaN       NaN       NaN       NaN       NaN       NaN       NaN  Infinity       NaN       NaN       NaN       NaN       NaN
       797       NaN       NaN       NaN       NaN       NaN       NaN       NaN       NaN  Infinity       NaN       NaN       NaN       NaN       NaN
       798       NaN       NaN       NaN       NaN       NaN       NaN       NaN       NaN  Infinity       NaN       NaN       NaN       NaN       NaN
       799       NaN       NaN       NaN       NaN       NaN       NaN       NaN       NaN  Infinity       NaN       NaN       NaN       NaN       NaN
       800       NaN       NaN       NaN       NaN       NaN       NaN       NaN       NaN  Infinity       NaN       NaN       NaN       NaN       NaN
       801       NaN       NaN       NaN       NaN       NaN       NaN       NaN       NaN  Infinity       NaN       NaN       NaN       NaN       NaN
       802       NaN       NaN       NaN       NaN       NaN       NaN       NaN       NaN  Infinity       NaN       NaN       NaN       NaN       NaN
       803       NaN       NaN       NaN       NaN       NaN       NaN       NaN       NaN  Infinity       NaN       NaN       NaN       NaN       NaN
       804       NaN       NaN       NaN       NaN       NaN       NaN       NaN       NaN  Infinity       NaN       NaN       NaN       NaN       NaN
       805       NaN       NaN       NaN       NaN       NaN       NaN       NaN       NaN  Infinity       NaN       NaN       NaN       NaN       NaN
       806       NaN       NaN       NaN       NaN       NaN       NaN       NaN       NaN  Infinity       NaN       NaN       NaN       NaN       NaN
       807       NaN       NaN       NaN       NaN       NaN       NaN       NaN       NaN  Infinity       NaN       NaN       NaN       NaN       NaN
       808       NaN       NaN       NaN       NaN       NaN       NaN       NaN       NaN  Infinity       NaN       NaN       NaN       NaN       NaN
       809       NaN       NaN       NaN       NaN       NaN       NaN       NaN       NaN  Infinity       NaN       NaN       NaN       NaN       NaN
       810       NaN       NaN       NaN       NaN       NaN       NaN       NaN       NaN  Infinity       NaN       NaN       NaN       NaN       NaN
       811       NaN       NaN       NaN       NaN       NaN       NaN       NaN       NaN  Infinity       NaN       NaN       NaN       NaN       NaN
       812       NaN       NaN       NaN       NaN       NaN       NaN       NaN       NaN  Infinity       NaN       NaN       NaN       NaN       NaN
       813       NaN       NaN       NaN       NaN       NaN       NaN       NaN       NaN  Infinity       NaN       NaN       NaN       NaN       NaN
       814       NaN       NaN       NaN       NaN       NaN       NaN       NaN       NaN  Infinity       NaN       NaN       NaN       NaN       NaN
       815       NaN       NaN       NaN       NaN       NaN       NaN       NaN       NaN  Infinity       NaN       NaN       NaN       NaN       NaN
       816       NaN       NaN       NaN       NaN       NaN       NaN       NaN       NaN  Infinity       NaN       NaN       NaN       NaN       NaN
       817       NaN       NaN       NaN       NaN       NaN       NaN       NaN       NaN  Infinity       NaN       NaN       NaN       NaN       NaN
       818       NaN       NaN       NaN       NaN       NaN       NaN       NaN       NaN  Infinity       NaN       NaN       NaN       NaN       NaN
       819       NaN       NaN       NaN       NaN       NaN       NaN       NaN       NaN  Infinity       NaN       NaN       NaN       NaN       NaN
       820       NaN       NaN       NaN       NaN       NaN       NaN       NaN       NaN  Infinity       NaN       NaN       NaN       NaN       NaN
       821       NaN       NaN       NaN       NaN       NaN       NaN       NaN       NaN  Infinity       NaN       NaN       NaN       NaN       NaN
       822       NaN       NaN       NaN       NaN       NaN       NaN       NaN       NaN  Infinity       NaN       NaN       NaN       NaN       NaN
       823       NaN       NaN       NaN       NaN       NaN       NaN       NaN       NaN  Infinity       NaN       NaN       NaN       NaN       NaN
       824       NaN       NaN       NaN       NaN       NaN       NaN       NaN       NaN  Infinity       NaN       NaN       NaN       NaN       NaN
       825       NaN       NaN       NaN       NaN       NaN       NaN       NaN       NaN  Infinity       NaN       NaN       NaN       NaN       NaN
       826       NaN       NaN       NaN       NaN       NaN       NaN       NaN       NaN  Infinity       NaN       NaN       NaN       NaN       NaN
       827       NaN       NaN       NaN       NaN       NaN       NaN       NaN       NaN  Infinity       NaN       NaN       NaN       NaN       NaN
       828       NaN       NaN       NaN       NaN       NaN       NaN       NaN       NaN  Infinity       NaN       NaN       NaN       NaN       NaN
       829       NaN       NaN       NaN       NaN       NaN       NaN       NaN       NaN  Infinity       NaN       NaN       NaN       NaN       NaN
       830       NaN       NaN       NaN       NaN       NaN       NaN       NaN       NaN  Infinity       NaN       NaN       NaN       NaN       NaN
       831       NaN       NaN       NaN       NaN       NaN       NaN       NaN       NaN  Infinity       NaN       NaN       NaN       NaN       NaN
       832       NaN       NaN       NaN       NaN       NaN       NaN       NaN       NaN  Infinity       NaN       NaN       NaN       NaN       NaN
       833       NaN       NaN       NaN       NaN       NaN       NaN       NaN       NaN  Infinity       NaN       NaN       NaN       NaN       NaN
       834       NaN       NaN       NaN       NaN       NaN       NaN       NaN       NaN  Infinity       NaN       NaN       NaN       NaN       NaN
       835       NaN       NaN       NaN       NaN       NaN       NaN       NaN       NaN  Infinity       NaN       NaN       NaN       NaN       NaN
       836       NaN       NaN       NaN       NaN       NaN       NaN       NaN       NaN  Infinity       NaN       NaN       NaN       NaN       NaN
       837       NaN       NaN       NaN       NaN       NaN       NaN       NaN       NaN  Infinity       NaN       NaN       NaN       NaN       NaN
       838       NaN       NaN       NaN       NaN       NaN       NaN       NaN       NaN  Infinity       NaN       NaN       NaN       NaN       NaN
       839       NaN       NaN       NaN       NaN       NaN       NaN       NaN       NaN  Infinity       NaN       NaN       NaN       NaN       NaN
       840       NaN       NaN       NaN       NaN       NaN       NaN       NaN       NaN  Infinity       NaN       NaN       NaN       NaN       NaN
       841       NaN       NaN       NaN       NaN       NaN       NaN       NaN       NaN  Infinity       NaN       NaN       NaN       NaN       NaN
       842       NaN       NaN       NaN       NaN       NaN       NaN       NaN       NaN  Infinity       NaN       NaN       NaN       NaN       NaN
       843       NaN       NaN       NaN       NaN       NaN       NaN       NaN       NaN  Infinity       NaN       NaN       NaN       NaN       NaN
       844       NaN       NaN       NaN       NaN       NaN       NaN       NaN       NaN  Infinity       NaN       NaN       NaN       NaN       NaN
       845       NaN       NaN       NaN       NaN       NaN       NaN       NaN       NaN  Infinity       NaN       NaN       NaN       NaN       NaN
       846       NaN       NaN       NaN       NaN       NaN       NaN       NaN       NaN  Infinity       NaN       NaN       NaN       NaN       NaN
       847       NaN       NaN       NaN       NaN       NaN       NaN       NaN       NaN  Infinity       NaN       NaN       NaN       NaN       NaN
       848       NaN       NaN       NaN       NaN       NaN       NaN       NaN       NaN  Infinity       NaN       NaN       NaN       NaN       NaN
       849       NaN       NaN       NaN       NaN       NaN       NaN       NaN       NaN  Infinity       NaN       NaN       NaN       NaN       NaN
       850       NaN       NaN       NaN       NaN       NaN       NaN       NaN       NaN  Infinity       NaN       NaN       NaN       NaN       NaN
       851       NaN       NaN       NaN       NaN       NaN       NaN       NaN       NaN  Infinity       NaN       NaN       NaN       NaN       NaN
       852       NaN       NaN       NaN       NaN       NaN       NaN       NaN       NaN  Infinity       NaN       NaN       NaN       NaN       NaN
       853       NaN       NaN       NaN       NaN       NaN       NaN       NaN       NaN  Infinity       NaN       NaN       NaN       NaN       NaN
       854       NaN       NaN       NaN       NaN       NaN       NaN       NaN       NaN  Infinity       NaN       NaN       NaN       NaN       NaN
       855       NaN       NaN       NaN       NaN       NaN       NaN       NaN       NaN  Infinity       NaN       NaN       NaN       NaN       NaN
       856       NaN       NaN       NaN       NaN       NaN       NaN       NaN       NaN  Infinity       NaN       NaN       NaN       NaN       NaN
       857       NaN       NaN       NaN       NaN       NaN       NaN       NaN       NaN  Infinity       NaN       NaN       NaN       NaN       NaN
       858       NaN       NaN       NaN       NaN       NaN       NaN       NaN       NaN  Infinity       NaN       NaN       NaN       NaN       NaN
       859       NaN       NaN       NaN       NaN       NaN       NaN       NaN       NaN  Infinity       NaN       NaN       NaN       NaN       NaN
       860       NaN       NaN       NaN       NaN       NaN       NaN       NaN       NaN  Infinity       NaN       NaN       NaN       NaN       NaN
       861       NaN       NaN       NaN       NaN       NaN       NaN       NaN       NaN  Infinity       NaN       NaN       NaN       NaN       NaN
       862       NaN       NaN       NaN       NaN       NaN       NaN       NaN       NaN  Infinity       NaN       NaN       NaN       NaN       NaN
       863       NaN       NaN       NaN       NaN       NaN       NaN       NaN       NaN  Infinity       NaN       NaN       NaN       NaN       NaN
       864       NaN       NaN       NaN       NaN       NaN       NaN       NaN       NaN  Infinity       NaN       NaN       NaN       NaN       NaN
       865       NaN       NaN       NaN       NaN       NaN       NaN       NaN       NaN  Infinity       NaN       NaN       NaN       NaN       NaN
       866       NaN       NaN       NaN       NaN       NaN       NaN       NaN       NaN  Infinity       NaN       NaN       NaN       NaN       NaN
       867       NaN       NaN       NaN       NaN       NaN       NaN       NaN       NaN  Infinity       NaN       NaN       NaN       NaN       NaN
       868       NaN       NaN       NaN       NaN       NaN       NaN       NaN       NaN  Infinity       NaN       NaN       NaN       NaN       NaN
       869       NaN       NaN       NaN       NaN       NaN       NaN       NaN       NaN  Infinity       NaN       NaN       NaN       NaN       NaN
       870       NaN       NaN       NaN       NaN       NaN       NaN       NaN       NaN  Infinity       NaN       NaN       NaN       NaN       NaN
       871       NaN       NaN       NaN       NaN       NaN       NaN       NaN       NaN  Infinity       NaN       NaN       NaN       NaN       NaN
       872       NaN       NaN       NaN       NaN       NaN       NaN       NaN       NaN  Infinity       NaN       NaN       NaN       NaN       NaN
       873       NaN       NaN       NaN       NaN       NaN       NaN       NaN       NaN  Infinity       NaN       NaN       NaN       NaN       NaN
       874       NaN       NaN       NaN       NaN       NaN       NaN       NaN       NaN  Infinity       NaN       NaN       NaN       NaN       NaN
       875       NaN       NaN       NaN       NaN       NaN       NaN       NaN       NaN  Infinity       NaN       NaN       NaN       NaN       NaN
       876       NaN       NaN       NaN       NaN       NaN       NaN       NaN       NaN  Infinity       NaN       NaN       NaN       NaN       NaN
       877       NaN       NaN       NaN       NaN       NaN       NaN       NaN       NaN  Infinity       NaN       NaN       NaN       NaN       NaN
       878       NaN       NaN       NaN       NaN       NaN       NaN       NaN       NaN  Infinity       NaN       NaN       NaN       NaN       NaN
       879       NaN       NaN       NaN       NaN       NaN       NaN       NaN       NaN  Infinity       NaN       NaN       NaN       NaN       NaN
       880       NaN       NaN       NaN       NaN       NaN       NaN       NaN       NaN  Infinity       NaN       NaN       NaN       NaN       NaN
       881       NaN       NaN       NaN       NaN       NaN       NaN       NaN       NaN  Infinity       NaN       NaN       NaN       NaN       NaN
       882       NaN       NaN       NaN       NaN       NaN       NaN       NaN       NaN  Infinity       NaN       NaN       NaN       NaN       NaN
       883       NaN       NaN       NaN       NaN       NaN       NaN       NaN       NaN  Infinity       NaN       NaN       NaN       NaN       NaN
       884       NaN       NaN       NaN       NaN       NaN       NaN       NaN       NaN  Infinity       NaN       NaN       NaN       NaN       NaN
       885       NaN       NaN       NaN       NaN       NaN       NaN       NaN       NaN  Infinity       NaN       NaN       NaN       NaN       NaN
       886       NaN       NaN       NaN       NaN       NaN       NaN       NaN       NaN  Infinity       NaN       NaN       NaN       NaN       NaN
       887       NaN       NaN       NaN       NaN       NaN       NaN       NaN       NaN  Infinity       NaN       NaN       NaN       NaN       NaN
       888       NaN       NaN       NaN       NaN       NaN       NaN       NaN       NaN  Infinity       NaN       NaN       NaN       NaN       NaN
       889       NaN       NaN       NaN       NaN       NaN       NaN       NaN       NaN  Infinity       NaN       NaN       NaN       NaN       NaN
       890       NaN       NaN       NaN       NaN       NaN       NaN       NaN       NaN  Infinity       NaN       NaN       NaN       NaN       NaN
       891       NaN       NaN       NaN       NaN       NaN       NaN       NaN       NaN  Infinity       NaN       NaN       NaN       NaN       NaN
       892       NaN       NaN       NaN       NaN       NaN       NaN       NaN       NaN  Infinity       NaN       NaN       NaN       NaN       NaN
       893       NaN       NaN       NaN       NaN       NaN       NaN       NaN       NaN  Infinity       NaN       NaN       NaN       NaN       NaN
       894       NaN       NaN       NaN       NaN       NaN       NaN       NaN       NaN  Infinity       NaN       NaN       NaN       NaN       NaN
       895       NaN       NaN       NaN       NaN       NaN       NaN       NaN       NaN  Infinity       NaN       NaN       NaN       NaN       NaN
       896       NaN       NaN       NaN       NaN       NaN       NaN       NaN       NaN  Infinity       NaN       NaN       NaN       NaN       NaN
       897       NaN       NaN       NaN       NaN       NaN       NaN       NaN       NaN  Infinity       NaN       NaN       NaN       NaN       NaN
       898       NaN       NaN       NaN       NaN       NaN       NaN       NaN       NaN  Infinity       NaN       NaN       NaN       NaN       NaN
       899       NaN       NaN       NaN       NaN       NaN       NaN       NaN       NaN  Infinity       NaN       NaN       NaN       NaN       NaN
       900       NaN       NaN       NaN       NaN       NaN       NaN       NaN       NaN  Infinity       NaN       NaN       NaN       NaN       NaN
       901       NaN       NaN       NaN       NaN       NaN       NaN       NaN       NaN  Infinity       NaN       NaN       NaN       NaN       NaN
       902       NaN       NaN       NaN       NaN       NaN       NaN       NaN       NaN  Infinity       NaN       NaN       NaN       NaN       NaN
       903       NaN       NaN       NaN       NaN       NaN       NaN       NaN       NaN  Infinity       NaN       NaN       NaN       NaN       NaN
       904       NaN       NaN       NaN       NaN       NaN       NaN       NaN       NaN  Infinity       NaN       NaN       NaN       NaN       NaN
       905       NaN       NaN       NaN       NaN       NaN       NaN       NaN       NaN  Infinity       NaN       NaN       NaN       NaN       NaN
       906       NaN       NaN       NaN       NaN       NaN       NaN       NaN       NaN  Infinity       NaN       NaN       NaN       NaN       NaN
       907       NaN       NaN       NaN       NaN       NaN       NaN       NaN       NaN  Infinity       NaN       NaN       NaN       NaN       NaN
       908       NaN       NaN       NaN       NaN       NaN       NaN       NaN       NaN  Infinity       NaN       NaN       NaN       NaN       NaN
       909       NaN       NaN       NaN       NaN       NaN       NaN       NaN       NaN  Infinity       NaN       NaN       NaN       NaN       NaN
       910       NaN       NaN       NaN       NaN       NaN       NaN       NaN       NaN  Infinity       NaN       NaN       NaN       NaN       NaN
       911       NaN       NaN       NaN       NaN       NaN       NaN       NaN       NaN  Infinity       NaN       NaN       NaN       NaN       NaN
       912       NaN       NaN       NaN       NaN       NaN       NaN       NaN       NaN  Infinity       NaN       NaN       NaN       NaN       NaN
       913       NaN       NaN       NaN       NaN       NaN       NaN       NaN       NaN  Infinity       NaN       NaN       NaN       NaN       NaN
       914       NaN       NaN       NaN       NaN       NaN       NaN       NaN       NaN  Infinity       NaN       NaN       NaN       NaN       NaN
       915       NaN       NaN       NaN       NaN       NaN       NaN       NaN       NaN  Infinity       NaN       NaN       NaN       NaN       NaN
       916       NaN       NaN       NaN       NaN       NaN       NaN       NaN       NaN  Infinity       NaN       NaN       NaN       NaN       NaN
       917       NaN       NaN       NaN       NaN       NaN       NaN       NaN       NaN  Infinity       NaN       NaN       NaN       NaN       NaN
       918       NaN       NaN       NaN       NaN       NaN       NaN       NaN       NaN  Infinity       NaN       NaN       NaN       NaN       NaN
       919       NaN       NaN       NaN       NaN       NaN       NaN       NaN       NaN  Infinity       NaN       NaN       NaN       NaN       NaN
       920       NaN       NaN       NaN       NaN       NaN       NaN       NaN       NaN  Infinity       NaN       NaN       NaN       NaN       NaN
       921       NaN       NaN       NaN       NaN       NaN       NaN       NaN       NaN  Infinity       NaN       NaN       NaN       NaN       NaN
       922       NaN       NaN       NaN       NaN       NaN       NaN       NaN       NaN  Infinity       NaN       NaN       NaN       NaN       NaN
       923       NaN       NaN       NaN       NaN       NaN       NaN       NaN       NaN  Infinity       NaN       NaN       NaN       NaN       NaN
       924       NaN       NaN       NaN       NaN       NaN       NaN       NaN       NaN  Infinity       NaN       NaN       NaN       NaN       NaN
       925       NaN       NaN       NaN       NaN       NaN       NaN       NaN       NaN  Infinity       NaN       NaN       NaN       NaN       NaN
       926       NaN       NaN       NaN       NaN       NaN       NaN       NaN       NaN  Infinity       NaN       NaN       NaN       NaN       NaN
       927       NaN       NaN       NaN       NaN       NaN       NaN       NaN       NaN  Infinity       NaN       NaN       NaN       NaN       NaN
       928       NaN       NaN       NaN       NaN       NaN       NaN       NaN       NaN  Infinity       NaN       NaN       NaN       NaN       NaN
       929       NaN       NaN       NaN       NaN       NaN       NaN       NaN       NaN  Infinity       NaN       NaN       NaN       NaN       NaN
       930       NaN       NaN       NaN       NaN       NaN       NaN       NaN       NaN  Infinity       NaN       NaN       NaN       NaN       NaN
       931       NaN       NaN       NaN       NaN       NaN       NaN       NaN       NaN  Infinity       NaN       NaN       NaN       NaN       NaN
       932       NaN       NaN       NaN       NaN       NaN       NaN       NaN       NaN  Infinity       NaN       NaN       NaN       NaN       NaN
       933       NaN       NaN       NaN       NaN       NaN       NaN       NaN       NaN  Infinity       NaN       NaN       NaN       NaN       NaN
       934       NaN       NaN       NaN       NaN       NaN       NaN       NaN       NaN  Infinity       NaN       NaN       NaN       NaN       NaN
       935       NaN       NaN       NaN       NaN       NaN       NaN       NaN       NaN  Infinity       NaN       NaN       NaN       NaN       NaN
       936       NaN       NaN       NaN       NaN       NaN       NaN       NaN       NaN  Infinity       NaN       NaN       NaN       NaN       NaN
       937       NaN       NaN       NaN       NaN       NaN       NaN       NaN       NaN  Infinity       NaN       NaN       NaN       NaN       NaN
       938       NaN       NaN       NaN       NaN       NaN       NaN       NaN       NaN  Infinity       NaN       NaN       NaN       NaN       NaN
       939       NaN       NaN       NaN       NaN       NaN       NaN       NaN       NaN  Infinity       NaN       NaN       NaN       NaN       NaN
       940       NaN       NaN       NaN       NaN       NaN       NaN       NaN       NaN  Infinity       NaN       NaN       NaN       NaN       NaN
       941       NaN       NaN       NaN       NaN       NaN       NaN       NaN       NaN  Infinity       NaN       NaN       NaN       NaN       NaN
       942       NaN       NaN       NaN       NaN       NaN       NaN       NaN       NaN  Infinity       NaN       NaN       NaN       NaN       NaN
       943       NaN       NaN       NaN       NaN       NaN       NaN       NaN       NaN  Infinity       NaN       NaN       NaN       NaN       NaN
       944       NaN       NaN       NaN       NaN       NaN       NaN       NaN       NaN  Infinity       NaN       NaN       NaN       NaN       NaN
       945       NaN       NaN       NaN       NaN       NaN       NaN       NaN       NaN  Infinity       NaN       NaN       NaN       NaN       NaN
       946       NaN       NaN       NaN       NaN       NaN       NaN       NaN       NaN  Infinity       NaN       NaN       NaN       NaN       NaN
       947       NaN       NaN       NaN       NaN       NaN       NaN       NaN       NaN  Infinity       NaN       NaN       NaN       NaN       NaN
       948       NaN       NaN       NaN       NaN       NaN       NaN       NaN       NaN  Infinity       NaN       NaN       NaN       NaN       NaN
       949       NaN       NaN       NaN       NaN       NaN       NaN       NaN       NaN  Infinity       NaN       NaN       NaN       NaN       NaN
       950       NaN       NaN       NaN       NaN       NaN       NaN       NaN       NaN  Infinity       NaN       NaN       NaN       NaN       NaN
       951       NaN       NaN       NaN       NaN       NaN       NaN       NaN       NaN  Infinity       NaN       NaN       NaN       NaN       NaN
       952       NaN       NaN       NaN       NaN       NaN       NaN       NaN       NaN  Infinity       NaN       NaN       NaN       NaN       NaN
       953       NaN       NaN       NaN       NaN       NaN       NaN       NaN       NaN  Infinity       NaN       NaN       NaN       NaN       NaN
       954       NaN       NaN       NaN       NaN       NaN       NaN       NaN       NaN  Infinity       NaN       NaN       NaN       NaN       NaN
       955       NaN       NaN       NaN       NaN       NaN       NaN       NaN       NaN  Infinity       NaN       NaN       NaN       NaN       NaN
       956       NaN       NaN       NaN       NaN       NaN       NaN       NaN       NaN  Infinity       NaN       NaN       NaN       NaN       NaN
       957       NaN       NaN       NaN       NaN       NaN       NaN       NaN       NaN  Infinity       NaN       NaN       NaN       NaN       NaN
       958       NaN       NaN       NaN       NaN       NaN       NaN       NaN       NaN  Infinity       NaN       NaN       NaN       NaN       NaN
       959       NaN       NaN       NaN       NaN       NaN       NaN       NaN       NaN  Infinity       NaN       NaN       NaN       NaN       NaN
       960       NaN       NaN       NaN       NaN       NaN       NaN       NaN       NaN  Infinity       NaN       NaN       NaN       NaN       NaN
       961       NaN       NaN       NaN       NaN       NaN       NaN       NaN       NaN  Infinity       NaN       NaN       NaN       NaN       NaN
       962       NaN       NaN       NaN       NaN       NaN       NaN       NaN       NaN  Infinity       NaN       NaN       NaN       NaN       NaN
       963       NaN       NaN       NaN       NaN       NaN       NaN       NaN       NaN  Infinity       NaN       NaN       NaN       NaN       NaN
       964       NaN       NaN       NaN       NaN       NaN       NaN       NaN       NaN  Infinity       NaN       NaN       NaN       NaN       NaN
       965       NaN       NaN       NaN       NaN       NaN       NaN       NaN       NaN  Infinity       NaN       NaN       NaN       NaN       NaN
       966       NaN       NaN       NaN       NaN       NaN       NaN       NaN       NaN  Infinity       NaN       NaN       NaN       NaN       NaN
       967       NaN       NaN       NaN       NaN       NaN       NaN       NaN       NaN  Infinity       NaN       NaN       NaN       NaN       NaN
       968       NaN       NaN       NaN       NaN       NaN       NaN       NaN       NaN  Infinity       NaN       NaN       NaN       NaN       NaN
       969       NaN       NaN       NaN       NaN       NaN       NaN       NaN       NaN  Infinity       NaN       NaN       NaN       NaN       NaN
       970       NaN       NaN       NaN       NaN       NaN       NaN       NaN       NaN  Infinity       NaN       NaN       NaN       NaN       NaN
       971       NaN       NaN       NaN       NaN       NaN       NaN       NaN       NaN  Infinity       NaN       NaN       NaN       NaN       NaN
       972       NaN       NaN       NaN       NaN       NaN       NaN       NaN       NaN  Infinity       NaN       NaN       NaN       NaN       NaN
       973       NaN       NaN       NaN       NaN       NaN       NaN       NaN       NaN  Infinity       NaN       NaN       NaN       NaN       NaN
       974       NaN       NaN       NaN       NaN       NaN       NaN       NaN       NaN  Infinity       NaN       NaN       NaN       NaN       NaN
       975       NaN       NaN       NaN       NaN       NaN       NaN       NaN       NaN  Infinity       NaN       NaN       NaN       NaN       NaN
       976       NaN       NaN       NaN       NaN       NaN       NaN       NaN       NaN  Infinity       NaN       NaN       NaN       NaN       NaN
       977       NaN       NaN       NaN       NaN       NaN       NaN       NaN       NaN  Infinity       NaN       NaN       NaN       NaN       NaN
       978       NaN       NaN       NaN       NaN       NaN       NaN       NaN       NaN  Infinity       NaN       NaN       NaN       NaN       NaN
       979       NaN       NaN       NaN       NaN       NaN       NaN       NaN       NaN  Infinity       NaN       NaN       NaN       NaN       NaN
       980       NaN       NaN       NaN       NaN       NaN       NaN       NaN       NaN  Infinity       NaN       NaN       NaN       NaN       NaN
       981       NaN       NaN       NaN       NaN       NaN       NaN       NaN       NaN  Infinity       NaN       NaN       NaN       NaN       NaN
       982       NaN       NaN       NaN       NaN       NaN       NaN       NaN       NaN  Infinity       NaN       NaN       NaN       NaN       NaN
       983       NaN       NaN       NaN       NaN       NaN       NaN       NaN       NaN  Infinity       NaN       NaN       NaN       NaN       NaN
       984       NaN       NaN       NaN       NaN       NaN       NaN       NaN       NaN  Infinity       NaN       NaN       NaN       NaN       NaN
       985       NaN       NaN       NaN       NaN       NaN       NaN       NaN       NaN  Infinity       NaN       NaN       NaN       NaN       NaN
       986       NaN       NaN       NaN       NaN       NaN       NaN       NaN       NaN  Infinity       NaN       NaN       NaN       NaN       NaN
       987       NaN       NaN       NaN       NaN       NaN       NaN       NaN       NaN  Infinity       NaN       NaN       NaN       NaN       NaN
       988       NaN       NaN       NaN       NaN       NaN       NaN       NaN       NaN  Infinity       NaN       NaN       NaN       NaN       NaN
       989       NaN       NaN       NaN       NaN       NaN       NaN       NaN       NaN  Infinity       NaN       NaN       NaN       NaN       NaN
       990       NaN       NaN       NaN       NaN       NaN       NaN       NaN       NaN  Infinity       NaN       NaN       NaN       NaN       NaN
       991       NaN       NaN       NaN       NaN       NaN       NaN       NaN       NaN  Infinity       NaN       NaN       NaN       NaN       NaN
       992       NaN       NaN       NaN       NaN       NaN       NaN       NaN       NaN  Infinity       NaN       NaN       NaN       NaN       NaN
       993       NaN       NaN       NaN       NaN       NaN       NaN       NaN       NaN  Infinity       NaN       NaN       NaN       NaN       NaN
       994       NaN       NaN       NaN       NaN       NaN       NaN       NaN       NaN  Infinity       NaN       NaN       NaN       NaN       NaN
       995       NaN       NaN       NaN       NaN       NaN       NaN       NaN       NaN  Infinity       NaN       NaN       NaN       NaN       NaN
       996       NaN       NaN       NaN       NaN       NaN       NaN       NaN       NaN  Infinity       NaN       NaN       NaN       NaN       NaN
       997       NaN       NaN       NaN       NaN       NaN       NaN       NaN       NaN  Infinity       NaN       NaN       NaN       NaN       NaN
       998       NaN       NaN       NaN       NaN       NaN       NaN       NaN       NaN  Infinity       NaN       NaN       NaN       NaN       NaN
       999       NaN       NaN       NaN       NaN       NaN       NaN       NaN       NaN  Infinity       NaN       NaN       NaN       NaN       NaN
      1000       NaN       NaN       NaN       NaN       NaN       NaN       NaN       NaN  Infinity       NaN       NaN       NaN       NaN       NaN
      1001       NaN       NaN       NaN       NaN       NaN       NaN       NaN       NaN  Infinity       NaN       NaN       NaN       NaN       NaN
      1002       NaN       NaN       NaN       NaN       NaN       NaN       NaN       NaN  Infinity       NaN       NaN       NaN       NaN       NaN
      1003       NaN       NaN       NaN       NaN       NaN       NaN       NaN       NaN  Infinity       NaN       NaN       NaN       NaN       NaN
      1004       NaN       NaN       NaN       NaN       NaN       NaN       NaN       NaN  Infinity       NaN       NaN       NaN       NaN       NaN
      1005       NaN       NaN       NaN       NaN       NaN       NaN       NaN       NaN  Infinity       NaN       NaN       NaN       NaN       NaN
      1006       NaN       NaN       NaN       NaN       NaN       NaN       NaN       NaN  Infinity       NaN       NaN       NaN       NaN       NaN
      1007       NaN       NaN       NaN       NaN       NaN       NaN       NaN       NaN  Infinity       NaN       NaN       NaN       NaN       NaN
      1008       NaN       NaN       NaN       NaN       NaN       NaN       NaN       NaN  Infinity       NaN       NaN       NaN       NaN       NaN
      1009       NaN       NaN       NaN       NaN       NaN       NaN       NaN       NaN  Infinity       NaN       NaN       NaN       NaN       NaN
      1010       NaN       NaN       NaN       NaN       NaN       NaN       NaN       NaN  Infinity       NaN       NaN       NaN       NaN       NaN
      1011       NaN       NaN       NaN       NaN       NaN       NaN       NaN       NaN  Infinity       NaN       NaN       NaN       NaN       NaN
      1012       NaN       NaN       NaN       NaN       NaN       NaN       NaN       NaN  Infinity       NaN       NaN       NaN       NaN       NaN
      1013       NaN       NaN       NaN       NaN       NaN       NaN       NaN       NaN  Infinity       NaN       NaN       NaN       NaN       NaN
      1014       NaN       NaN       NaN       NaN       NaN       NaN       NaN       NaN  Infinity       NaN       NaN       NaN       NaN       NaN
      1015       NaN       NaN       NaN       NaN       NaN       NaN       NaN       NaN  Infinity       NaN       NaN       NaN       NaN       NaN
      1016       NaN       NaN       NaN       NaN       NaN       NaN       NaN       NaN  Infinity       NaN       NaN       NaN       NaN       NaN
      1017       NaN       NaN       NaN       NaN       NaN       NaN       NaN       NaN  Infinity       NaN       NaN       NaN       NaN       NaN
      1018       NaN       NaN       NaN       NaN       NaN       NaN       NaN       NaN  Infinity       NaN       NaN       NaN       NaN       NaN
      1019       NaN       NaN       NaN       NaN       NaN       NaN       NaN       NaN  Infinity       NaN       NaN       NaN       NaN       NaN
      1020       NaN       NaN       NaN       NaN       NaN       NaN       NaN       NaN  Infinity       NaN       NaN       NaN       NaN       NaN
      1021       NaN       NaN       NaN       NaN       NaN       NaN       NaN       NaN  Infinity       NaN       NaN       NaN       NaN       NaN
      1022       NaN       NaN       NaN       NaN       NaN       NaN       NaN       NaN  Infinity       NaN       NaN       NaN       NaN       NaN
      1023       NaN       NaN       NaN       NaN       NaN       NaN       NaN       NaN  Infinity       NaN       NaN       NaN       NaN       NaN
      1024       NaN       NaN       NaN       NaN       NaN       NaN       NaN       NaN  Infinity       NaN       NaN       NaN       NaN       NaN
      1025       NaN       NaN       NaN       NaN       NaN       NaN       NaN       NaN  Infinity       NaN       NaN       NaN       NaN       NaN
      1026       NaN       NaN       NaN       NaN       NaN       NaN       NaN       NaN  Infinity       NaN       NaN       NaN       NaN       NaN
      1027       NaN       NaN       NaN       NaN       NaN       NaN       NaN       NaN  Infinity       NaN       NaN       NaN       NaN       NaN
      1028       NaN       NaN       NaN       NaN       NaN       NaN       NaN       NaN  Infinity       NaN       NaN       NaN       NaN       NaN
      1029       NaN       NaN       NaN       NaN       NaN       NaN       NaN       NaN  Infinity       NaN       NaN       NaN       NaN       NaN
      1030       NaN       NaN       NaN       NaN       NaN       NaN       NaN       NaN  Infinity       NaN       NaN       NaN       NaN       NaN
      1031       NaN       NaN       NaN       NaN       NaN       NaN       NaN       NaN  Infinity       NaN       NaN       NaN       NaN       NaN
      1032       NaN       NaN       NaN       NaN       NaN       NaN       NaN       NaN  Infinity       NaN       NaN       NaN       NaN       NaN
      1033       NaN       NaN       NaN       NaN       NaN       NaN       NaN       NaN  Infinity       NaN       NaN       NaN       NaN       NaN
      1034       NaN       NaN       NaN       NaN       NaN       NaN       NaN       NaN  Infinity       NaN       NaN       NaN       NaN       NaN
      1035       NaN       NaN       NaN       NaN       NaN       NaN       NaN       NaN  Infinity       NaN       NaN       NaN       NaN       NaN
      1036       NaN       NaN       NaN       NaN       NaN       NaN       NaN       NaN  Infinity       NaN       NaN       NaN       NaN       NaN
      1037       NaN       NaN       NaN       NaN       NaN       NaN       NaN       NaN  Infinity       NaN       NaN       NaN       NaN       NaN
      1038       NaN       NaN       NaN       NaN       NaN       NaN       NaN       NaN  Infinity       NaN       NaN       NaN       NaN       NaN
      1039       NaN       NaN       NaN       NaN       NaN       NaN       NaN       NaN  Infinity       NaN       NaN       NaN       NaN       NaN
      1040       NaN       NaN       NaN       NaN       NaN       NaN       NaN       NaN  Infinity       NaN       NaN       NaN       NaN       NaN
      1041       NaN       NaN       NaN       NaN       NaN       NaN       NaN       NaN  Infinity       NaN       NaN       NaN       NaN       NaN
      1042       NaN       NaN       NaN       NaN       NaN       NaN       NaN       NaN  Infinity       NaN       NaN       NaN       NaN       NaN
      1043       NaN       NaN       NaN       NaN       NaN       NaN       NaN       NaN  Infinity       NaN       NaN       NaN       NaN       NaN
      1044       NaN       NaN       NaN       NaN       NaN       NaN       NaN       NaN  Infinity       NaN       NaN       NaN       NaN       NaN
      1045       NaN       NaN       NaN       NaN       NaN       NaN       NaN       NaN  Infinity       NaN       NaN       NaN       NaN       NaN
      1046       NaN       NaN       NaN       NaN       NaN       NaN       NaN       NaN  Infinity       NaN       NaN       NaN       NaN       NaN
      1047       NaN       NaN       NaN       NaN       NaN       NaN       NaN       NaN  Infinity       NaN       NaN       NaN       NaN       NaN
      1048       NaN       NaN       NaN       NaN       NaN       NaN       NaN       NaN  Infinity       NaN       NaN       NaN       NaN       NaN
      1049       NaN       NaN       NaN       NaN       NaN       NaN       NaN       NaN  Infinity       NaN       NaN       NaN       NaN       NaN
      1050       NaN       NaN       NaN       NaN       NaN       NaN       NaN       NaN  Infinity       NaN       NaN       NaN       NaN       NaN
      1051       NaN       NaN       NaN       NaN       NaN       NaN       NaN       NaN  Infinity       NaN       NaN       NaN       NaN       NaN
      1052       NaN       NaN       NaN       NaN       NaN       NaN       NaN       NaN  Infinity       NaN       NaN       NaN       NaN       NaN
      1053       NaN       NaN       NaN       NaN       NaN       NaN       NaN       NaN  Infinity       NaN       NaN       NaN       NaN       NaN
      1054       NaN       NaN       NaN       NaN       NaN       NaN       NaN       NaN  Infinity       NaN       NaN       NaN       NaN       NaN
      1055       NaN       NaN       NaN       NaN       NaN       NaN       NaN       NaN  Infinity       NaN       NaN       NaN       NaN       NaN
      1056       NaN       NaN       NaN       NaN       NaN       NaN       NaN       NaN  Infinity       NaN       NaN       NaN       NaN       NaN
      1057       NaN       NaN       NaN       NaN       NaN       NaN       NaN       NaN  Infinity       NaN       NaN       NaN       NaN       NaN
      1058       NaN       NaN       NaN       NaN       NaN       NaN       NaN       NaN  Infinity       NaN       NaN       NaN       NaN       NaN
      1059       NaN       NaN       NaN       NaN       NaN       NaN       NaN       NaN  Infinity       NaN       NaN       NaN       NaN       NaN
      1060       NaN       NaN       NaN       NaN       NaN       NaN       NaN       NaN  Infinity       NaN       NaN       NaN       NaN       NaN
      1061       NaN       NaN       NaN       NaN       NaN       NaN       NaN       NaN  Infinity       NaN       NaN       NaN       NaN       NaN
      1062       NaN       NaN       NaN       NaN       NaN       NaN       NaN       NaN  Infinity       NaN       NaN       NaN       NaN       NaN
      1063       NaN       NaN       NaN       NaN       NaN       NaN       NaN       NaN  Infinity       NaN       NaN       NaN       NaN       NaN
      1064       NaN       NaN       NaN       NaN       NaN       NaN       NaN       NaN  Infinity       NaN       NaN       NaN       NaN       NaN
      1065       NaN       NaN       NaN       NaN       NaN       NaN       NaN       NaN  Infinity       NaN       NaN       NaN       NaN       NaN
      1066       NaN       NaN       NaN       NaN       NaN       NaN       NaN       NaN  Infinity       NaN       NaN       NaN       NaN       NaN
      1067       NaN       NaN       NaN       NaN       NaN       NaN       NaN       NaN  Infinity       NaN       NaN       NaN       NaN       NaN
      1068       NaN       NaN       NaN       NaN       NaN       NaN       NaN       NaN  Infinity       NaN       NaN       NaN       NaN       NaN
      1069       NaN       NaN       NaN       NaN       NaN       NaN       NaN       NaN  Infinity       NaN       NaN       NaN       NaN       NaN
      1070       NaN       NaN       NaN       NaN       NaN       NaN       NaN       NaN  Infinity       NaN       NaN       NaN       NaN       NaN
      1071       NaN       NaN       NaN       NaN       NaN       NaN       NaN       NaN  Infinity       NaN       NaN       NaN       NaN       NaN
      1072       NaN       NaN       NaN       NaN       NaN       NaN       NaN       NaN  Infinity       NaN       NaN       NaN       NaN       NaN
      1073       NaN       NaN       NaN       NaN       NaN       NaN       NaN       NaN  Infinity       NaN       NaN       NaN       NaN       NaN
      1074       NaN       NaN       NaN       NaN       NaN       NaN       NaN       NaN  Infinity       NaN       NaN       NaN       NaN       NaN
      1075       NaN       NaN       NaN       NaN       NaN       NaN       NaN       NaN  Infinity       NaN       NaN       NaN       NaN       NaN
      1076       NaN       NaN       NaN       NaN       NaN       NaN       NaN       NaN  Infinity       NaN       NaN       NaN       NaN       NaN
      1077       NaN       NaN       NaN       NaN       NaN       NaN       NaN       NaN  Infinity       NaN       NaN       NaN       NaN       NaN
      1078       NaN       NaN       NaN       NaN       NaN       NaN       NaN       NaN  Infinity       NaN       NaN       NaN       NaN       NaN
      1079       NaN       NaN       NaN       NaN       NaN       NaN       NaN       NaN  Infinity       NaN       NaN       NaN       NaN       NaN
      1080       NaN       NaN       NaN       NaN       NaN       NaN       NaN       NaN  Infinity       NaN       NaN       NaN       NaN       NaN
      1081       NaN       NaN       NaN       NaN       NaN       NaN       NaN       NaN  Infinity       NaN       NaN       NaN       NaN       NaN
      1082       NaN       NaN       NaN       NaN       NaN       NaN       NaN       NaN  Infinity       NaN       NaN       NaN       NaN       NaN
      1083       NaN       NaN       NaN       NaN       NaN       NaN       NaN       NaN  Infinity       NaN       NaN       NaN       NaN       NaN
      1084       NaN       NaN       NaN       NaN       NaN       NaN       NaN       NaN  Infinity       NaN       NaN       NaN       NaN       NaN
      1085       NaN       NaN       NaN       NaN       NaN       NaN       NaN       NaN  Infinity       NaN       NaN       NaN       NaN       NaN
      1086       NaN       NaN       NaN       NaN       NaN       NaN       NaN       NaN  Infinity       NaN       NaN       NaN       NaN       NaN
      1087       NaN       NaN       NaN       NaN       NaN       NaN       NaN       NaN  Infinity       NaN       NaN       NaN       NaN       NaN
      1088       NaN       NaN       NaN       NaN       NaN       NaN       NaN       NaN  Infinity       NaN       NaN       NaN       NaN       NaN
      1089       NaN       NaN       NaN       NaN       NaN       NaN       NaN       NaN  Infinity       NaN       NaN       NaN       NaN       NaN
      1090       NaN       NaN       NaN       NaN       NaN       NaN       NaN       NaN  Infinity       NaN       NaN       NaN       NaN       NaN
      1091       NaN       NaN       NaN       NaN       NaN       NaN       NaN       NaN  Infinity       NaN       NaN       NaN       NaN       NaN
      1092       NaN       NaN       NaN       NaN       NaN       NaN       NaN       NaN  Infinity       NaN       NaN       NaN       NaN       NaN
      1093       NaN       NaN       NaN       NaN       NaN       NaN       NaN       NaN  Infinity       NaN       NaN       NaN       NaN       NaN
      1094       NaN       NaN       NaN       NaN       NaN       NaN       NaN       NaN  Infinity       NaN       NaN       NaN       NaN       NaN
      1095       NaN       NaN       NaN       NaN       NaN       NaN       NaN       NaN  Infinity       NaN       NaN       NaN       NaN       NaN
      1096       NaN       NaN       NaN       NaN       NaN       NaN       NaN       NaN  Infinity       NaN       NaN       NaN       NaN       NaN
      1097       NaN       NaN       NaN       NaN       NaN       NaN       NaN       NaN  Infinity       NaN       NaN       NaN       NaN       NaN
      1098       NaN       NaN       NaN       NaN       NaN       NaN       NaN       NaN  Infinity       NaN       NaN       NaN       NaN       NaN
      1099       NaN       NaN       NaN       NaN       NaN       NaN       NaN       NaN  Infinity       NaN       NaN       NaN       NaN       NaN
      1100       NaN       NaN       NaN       NaN       NaN       NaN       NaN       NaN  Infinity       NaN       NaN       NaN       NaN       NaN
      1101       NaN       NaN       NaN       NaN       NaN       NaN       NaN       NaN  Infinity       NaN       NaN       NaN       NaN       NaN
      1102       NaN       NaN       NaN       NaN       NaN       NaN       NaN       NaN  Infinity       NaN       NaN       NaN       NaN       NaN
      1103       NaN       NaN       NaN       NaN       NaN       NaN       NaN       NaN  Infinity       NaN       NaN       NaN       NaN       NaN
      1104       NaN       NaN       NaN       NaN       NaN       NaN       NaN       NaN  Infinity       NaN       NaN       NaN       NaN       NaN
      1105       NaN       NaN       NaN       NaN       NaN       NaN       NaN       NaN  Infinity       NaN       NaN       NaN       NaN       NaN
      1106       NaN       NaN       NaN       NaN       NaN       NaN       NaN       NaN  Infinity       NaN       NaN       NaN       NaN       NaN
      1107       NaN       NaN       NaN       NaN       NaN       NaN       NaN       NaN  Infinity       NaN       NaN       NaN       NaN       NaN
      1108       NaN       NaN       NaN       NaN       NaN       NaN       NaN       NaN  Infinity       NaN       NaN       NaN       NaN       NaN
      1109       NaN       NaN       NaN       NaN       NaN       NaN       NaN       NaN  Infinity       NaN       NaN       NaN       NaN       NaN
      1110       NaN       NaN       NaN       NaN       NaN       NaN       NaN       NaN  Infinity       NaN       NaN       NaN       NaN       NaN
      1111       NaN       NaN       NaN       NaN       NaN       NaN       NaN       NaN  Infinity       NaN       NaN       NaN       NaN       NaN
      1112       NaN       NaN       NaN       NaN       NaN       NaN       NaN       NaN  Infinity       NaN       NaN       NaN       NaN       NaN
      1113       NaN       NaN       NaN       NaN       NaN       NaN       NaN       NaN  Infinity       NaN       NaN       NaN       NaN       NaN
      1114       NaN       NaN       NaN       NaN       NaN       NaN       NaN       NaN  Infinity       NaN       NaN       NaN       NaN       NaN
      1115       NaN       NaN       NaN       NaN       NaN       NaN       NaN       NaN  Infinity       NaN       NaN       NaN       NaN       NaN
      1116       NaN       NaN       NaN       NaN       NaN       NaN       NaN       NaN  Infinity       NaN       NaN       NaN       NaN       NaN
      1117       NaN       NaN       NaN       NaN       NaN       NaN       NaN       NaN  Infinity       NaN       NaN       NaN       NaN       NaN
      1118       NaN       NaN       NaN       NaN       NaN       NaN       NaN       NaN  Infinity       NaN       NaN       NaN       NaN       NaN
      1119       NaN       NaN       NaN       NaN       NaN       NaN       NaN       NaN  Infinity       NaN       NaN       NaN       NaN       NaN
      1120       NaN       NaN       NaN       NaN       NaN       NaN       NaN       NaN  Infinity       NaN       NaN       NaN       NaN       NaN
      1121       NaN       NaN       NaN       NaN       NaN       NaN       NaN       NaN  Infinity       NaN       NaN       NaN       NaN       NaN
      1122       NaN       NaN       NaN       NaN       NaN       NaN       NaN       NaN  Infinity       NaN       NaN       NaN       NaN       NaN
      1123       NaN       NaN       NaN       NaN       NaN       NaN       NaN       NaN  Infinity       NaN       NaN       NaN       NaN       NaN
      1124       NaN       NaN       NaN       NaN       NaN       NaN       NaN       NaN  Infinity       NaN       NaN       NaN       NaN       NaN
      1125       NaN       NaN       NaN       NaN       NaN       NaN       NaN       NaN  Infinity       NaN       NaN       NaN       NaN       NaN
      1126       NaN       NaN       NaN       NaN       NaN       NaN       NaN       NaN  Infinity       NaN       NaN       NaN       NaN       NaN
      1127       NaN       NaN       NaN       NaN       NaN       NaN       NaN       NaN  Infinity       NaN       NaN       NaN       NaN       NaN
      1128       NaN       NaN       NaN       NaN       NaN       NaN       NaN       NaN  Infinity       NaN       NaN       NaN       NaN       NaN
      1129       NaN       NaN       NaN       NaN       NaN       NaN       NaN       NaN  Infinity       NaN       NaN       NaN       NaN       NaN
      1130       NaN       NaN       NaN       NaN       NaN       NaN       NaN       NaN  Infinity       NaN       NaN       NaN       NaN       NaN
      1131       NaN       NaN       NaN       NaN       NaN       NaN       NaN       NaN  Infinity       NaN       NaN       NaN       NaN       NaN
      1132       NaN       NaN       NaN       NaN       NaN       NaN       NaN       NaN  Infinity       NaN       NaN       NaN       NaN       NaN
      1133       NaN       NaN       NaN       NaN       NaN       NaN       NaN       NaN  Infinity       NaN       NaN       NaN       NaN       NaN
      1134       NaN       NaN       NaN       NaN       NaN       NaN       NaN       NaN  Infinity       NaN       NaN       NaN       NaN       NaN
      1135       NaN       NaN       NaN       NaN       NaN       NaN       NaN       NaN  Infinity       NaN       NaN       NaN       NaN       NaN
      1136       NaN       NaN       NaN       NaN       NaN       NaN       NaN       NaN  Infinity       NaN       NaN       NaN       NaN       NaN
      1137       NaN       NaN       NaN       NaN       NaN       NaN       NaN       NaN  Infinity       NaN       NaN       NaN       NaN       NaN
      1138       NaN       NaN       NaN       NaN       NaN       NaN       NaN       NaN  Infinity       NaN       NaN       NaN       NaN       NaN
      1139       NaN       NaN       NaN       NaN       NaN       NaN       NaN       NaN  Infinity       NaN       NaN       NaN       NaN       NaN
      1140       NaN       NaN       NaN       NaN       NaN       NaN       NaN       NaN  Infinity       NaN       NaN       NaN       NaN       NaN
      1141       NaN       NaN       NaN       NaN       NaN       NaN       NaN       NaN  Infinity       NaN       NaN       NaN       NaN       NaN
      1142       NaN       NaN       NaN       NaN       NaN       NaN       NaN       NaN  Infinity       NaN       NaN       NaN       NaN       NaN
      1143       NaN       NaN       NaN       NaN       NaN       NaN       NaN       NaN  Infinity       NaN       NaN       NaN       NaN       NaN
      1144       NaN       NaN       NaN       NaN       NaN       NaN       NaN       NaN  Infinity       NaN       NaN       NaN       NaN       NaN
      1145       NaN       NaN       NaN       NaN       NaN       NaN       NaN       NaN  Infinity       NaN       NaN       NaN       NaN       NaN
      1146       NaN       NaN       NaN       NaN       NaN       NaN       NaN       NaN  Infinity       NaN       NaN       NaN       NaN       NaN
      1147       NaN       NaN       NaN       NaN       NaN       NaN       NaN       NaN  Infinity       NaN       NaN       NaN       NaN       NaN
      1148       NaN       NaN       NaN       NaN       NaN       NaN       NaN       NaN  Infinity       NaN       NaN       NaN       NaN       NaN
      1149       NaN       NaN       NaN       NaN       NaN       NaN       NaN       NaN  Infinity       NaN       NaN       NaN       NaN       NaN
      1150       NaN       NaN       NaN       NaN       NaN       NaN       NaN       NaN  Infinity       NaN       NaN       NaN       NaN       NaN
      1151       NaN       NaN       NaN       NaN       NaN       NaN       NaN       NaN  Infinity       NaN       NaN       NaN       NaN       NaN
      1152       NaN       NaN       NaN       NaN       NaN       NaN       NaN       NaN  Infinity       NaN       NaN       NaN       NaN       NaN
      1153       NaN       NaN       NaN       NaN       NaN       NaN       NaN       NaN  Infinity       NaN       NaN       NaN       NaN       NaN
      1154       NaN       NaN       NaN       NaN       NaN       NaN       NaN       NaN  Infinity       NaN       NaN       NaN       NaN       NaN
      1155       NaN       NaN       NaN       NaN       NaN       NaN       NaN       NaN  Infinity       NaN       NaN       NaN       NaN       NaN
      1156       NaN       NaN       NaN       NaN       NaN       NaN       NaN       NaN  Infinity       NaN       NaN       NaN       NaN       NaN
      1157       NaN       NaN       NaN       NaN       NaN       NaN       NaN       NaN  Infinity       NaN       NaN       NaN       NaN       NaN
      1158       NaN       NaN       NaN       NaN       NaN       NaN       NaN       NaN  Infinity       NaN       NaN       NaN       NaN       NaN
      1159       NaN       NaN       NaN       NaN       NaN       NaN       NaN       NaN  Infinity       NaN       NaN       NaN       NaN       NaN
      1160       NaN       NaN       NaN       NaN       NaN       NaN       NaN       NaN  Infinity       NaN       NaN       NaN       NaN       NaN
      1161       NaN       NaN       NaN       NaN       NaN       NaN       NaN       NaN  Infinity       NaN       NaN       NaN       NaN       NaN
      1162       NaN       NaN       NaN       NaN       NaN       NaN       NaN       NaN  Infinity       NaN       NaN       NaN       NaN       NaN
      1163       NaN       NaN       NaN       NaN       NaN       NaN       NaN       NaN  Infinity       NaN       NaN       NaN       NaN       NaN
      1164       NaN       NaN       NaN       NaN       NaN       NaN       NaN       NaN  Infinity       NaN       NaN       NaN       NaN       NaN
      1165       NaN       NaN       NaN       NaN       NaN       NaN       NaN       NaN  Infinity       NaN       NaN       NaN       NaN       NaN
      1166       NaN       NaN       NaN       NaN       NaN       NaN       NaN       NaN  Infinity       NaN       NaN       NaN       NaN       NaN
      1167       NaN       NaN       NaN       NaN       NaN       NaN       NaN       NaN  Infinity       NaN       NaN       NaN       NaN       NaN
      1168       NaN       NaN       NaN       NaN       NaN       NaN       NaN       NaN  Infinity       NaN       NaN       NaN       NaN       NaN
      1169       NaN       NaN       NaN       NaN       NaN       NaN       NaN       NaN  Infinity       NaN       NaN       NaN       NaN       NaN
      1170       NaN       NaN       NaN       NaN       NaN       NaN       NaN       NaN  Infinity       NaN       NaN       NaN       NaN       NaN
      1171       NaN       NaN       NaN       NaN       NaN       NaN       NaN       NaN  Infinity       NaN       NaN       NaN       NaN       NaN
      1172       NaN       NaN       NaN       NaN       NaN       NaN       NaN       NaN  Infinity       NaN       NaN       NaN       NaN       NaN
      1173       NaN       NaN       NaN       NaN       NaN       NaN       NaN       NaN  Infinity       NaN       NaN       NaN       NaN       NaN
      1174       NaN       NaN       NaN       NaN       NaN       NaN       NaN       NaN  Infinity       NaN       NaN       NaN       NaN       NaN
      1175       NaN       NaN       NaN       NaN       NaN       NaN       NaN       NaN  Infinity       NaN       NaN       NaN       NaN       NaN
      1176       NaN       NaN       NaN       NaN       NaN       NaN       NaN       NaN  Infinity       NaN       NaN       NaN       NaN       NaN
      1177       NaN       NaN       NaN       NaN       NaN       NaN       NaN       NaN  Infinity       NaN       NaN       NaN       NaN       NaN
      1178       NaN       NaN       NaN       NaN       NaN       NaN       NaN       NaN  Infinity       NaN       NaN       NaN       NaN       NaN
      1179       NaN       NaN       NaN       NaN       NaN       NaN       NaN       NaN  Infinity       NaN       NaN       NaN       NaN       NaN
      1180       NaN       NaN       NaN       NaN       NaN       NaN       NaN       NaN  Infinity       NaN       NaN       NaN       NaN       NaN
      1181       NaN       NaN       NaN       NaN       NaN       NaN       NaN       NaN  Infinity       NaN       NaN       NaN       NaN       NaN
      1182       NaN       NaN       NaN       NaN       NaN       NaN       NaN       NaN  Infinity       NaN       NaN       NaN       NaN       NaN
      1183       NaN       NaN       NaN       NaN       NaN       NaN       NaN       NaN  Infinity       NaN       NaN       NaN       NaN       NaN
      1184       NaN       NaN       NaN       NaN       NaN       NaN       NaN       NaN  Infinity       NaN       NaN       NaN       NaN       NaN
      1185       NaN       NaN       NaN       NaN       NaN       NaN       NaN       NaN  Infinity       NaN       NaN       NaN       NaN       NaN
      1186       NaN       NaN       NaN       NaN       NaN       NaN       NaN       NaN  Infinity       NaN       NaN       NaN       NaN       NaN
      1187       NaN       NaN       NaN       NaN       NaN       NaN       NaN       NaN  Infinity       NaN       NaN       NaN       NaN       NaN
      1188       NaN       NaN       NaN       NaN       NaN       NaN       NaN       NaN  Infinity       NaN       NaN       NaN       NaN       NaN
      1189       NaN       NaN       NaN       NaN       NaN       NaN       NaN       NaN  Infinity       NaN       NaN       NaN       NaN       NaN
      1190       NaN       NaN       NaN       NaN       NaN       NaN       NaN       NaN  Infinity       NaN       NaN       NaN       NaN       NaN
      1191       NaN       NaN       NaN       NaN       NaN       NaN       NaN       NaN  Infinity       NaN       NaN       NaN       NaN       NaN
      1192       NaN       NaN       NaN       NaN       NaN       NaN       NaN       NaN  Infinity       NaN       NaN       NaN       NaN       NaN
      1193       NaN       NaN       NaN       NaN       NaN       NaN       NaN       NaN  Infinity       NaN       NaN       NaN       NaN       NaN
      1194       NaN       NaN       NaN       NaN       NaN       NaN       NaN       NaN  Infinity       NaN       NaN       NaN       NaN       NaN
      1195       NaN       NaN       NaN       NaN       NaN       NaN       NaN       NaN  Infinity       NaN       NaN       NaN       NaN       NaN
      1196       NaN       NaN       NaN       NaN       NaN       NaN       NaN       NaN  Infinity       NaN       NaN       NaN       NaN       NaN
      1197       NaN       NaN       NaN       NaN       NaN       NaN       NaN       NaN  Infinity       NaN       NaN       NaN       NaN       NaN
      1198       NaN       NaN       NaN       NaN       NaN       NaN       NaN       NaN  Infinity       NaN       NaN       NaN       NaN       NaN
      1199       NaN       NaN       NaN       NaN       NaN       NaN       NaN       NaN  Infinity       NaN       NaN       NaN       NaN       NaN
      1200       NaN       NaN       NaN       NaN       NaN       NaN       NaN       NaN  Infinity       NaN       NaN       NaN       NaN       NaN
      1201       NaN       NaN       NaN       NaN       NaN       NaN       NaN       NaN  Infinity       NaN       NaN       NaN       NaN       NaN
      1202       NaN       NaN       NaN       NaN       NaN       NaN       NaN       NaN  Infinity       NaN       NaN       NaN       NaN       NaN
      1203       NaN       NaN       NaN       NaN       NaN       NaN       NaN       NaN  Infinity       NaN       NaN       NaN       NaN       NaN
      1204       NaN       NaN       NaN       NaN       NaN       NaN       NaN       NaN  Infinity       NaN       NaN       NaN       NaN       NaN
      1205       NaN       NaN       NaN       NaN       NaN       NaN       NaN       NaN  Infinity       NaN       NaN       NaN       NaN       NaN
      1206       NaN       NaN       NaN       NaN       NaN       NaN       NaN       NaN  Infinity       NaN       NaN       NaN       NaN       NaN
      1207       NaN       NaN       NaN       NaN       NaN       NaN       NaN       NaN  Infinity       NaN       NaN       NaN       NaN       NaN
      1208       NaN       NaN       NaN       NaN       NaN       NaN       NaN       NaN  Infinity       NaN       NaN       NaN       NaN       NaN
      1209       NaN       NaN       NaN       NaN       NaN       NaN       NaN       NaN  Infinity       NaN       NaN       NaN       NaN       NaN
      1210       NaN       NaN       NaN       NaN       NaN       NaN       NaN       NaN  Infinity       NaN       NaN       NaN       NaN       NaN
      1211       NaN       NaN       NaN       NaN       NaN       NaN       NaN       NaN  Infinity       NaN       NaN       NaN       NaN       NaN
      1212       NaN       NaN       NaN       NaN       NaN       NaN       NaN       NaN  Infinity       NaN       NaN       NaN       NaN       NaN
      1213       NaN       NaN       NaN       NaN       NaN       NaN       NaN       NaN  Infinity       NaN       NaN       NaN       NaN       NaN
      1214       NaN       NaN       NaN       NaN       NaN       NaN       NaN       NaN  Infinity       NaN       NaN       NaN       NaN       NaN
      1215       NaN       NaN       NaN       NaN       NaN       NaN       NaN       NaN  Infinity       NaN       NaN       NaN       NaN       NaN
      1216       NaN       NaN       NaN       NaN       NaN       NaN       NaN       NaN  Infinity       NaN       NaN       NaN       NaN       NaN
      1217       NaN       NaN       NaN       NaN       NaN       NaN       NaN       NaN  Infinity       NaN       NaN       NaN       NaN       NaN
      1218       NaN       NaN       NaN       NaN       NaN       NaN       NaN       NaN  Infinity       NaN       NaN       NaN       NaN       NaN
      1219       NaN       NaN       NaN       NaN       NaN       NaN       NaN       NaN  Infinity       NaN       NaN       NaN       NaN       NaN
      1220       NaN       NaN       NaN       NaN       NaN       NaN       NaN       NaN  Infinity       NaN       NaN       NaN       NaN       NaN
      1221       NaN       NaN       NaN       NaN       NaN       NaN       NaN       NaN  Infinity       NaN       NaN       NaN       NaN       NaN
      1222       NaN       NaN       NaN       NaN       NaN       NaN       NaN       NaN  Infinity       NaN       NaN       NaN       NaN       NaN
      1223       NaN       NaN       NaN       NaN       NaN       NaN       NaN       NaN  Infinity       NaN       NaN       NaN       NaN       NaN
      1224       NaN       NaN       NaN       NaN       NaN       NaN       NaN       NaN  Infinity       NaN       NaN       NaN       NaN       NaN
      1225       NaN       NaN       NaN       NaN       NaN       NaN       NaN       NaN  Infinity       NaN       NaN       NaN       NaN       NaN
      1226       NaN       NaN       NaN       NaN       NaN       NaN       NaN       NaN  Infinity       NaN       NaN       NaN       NaN       NaN
      1227       NaN       NaN       NaN       NaN       NaN       NaN       NaN       NaN  Infinity       NaN       NaN       NaN       NaN       NaN
      1228       NaN       NaN       NaN       NaN       NaN       NaN       NaN       NaN  Infinity       NaN       NaN       NaN       NaN       NaN
      1229       NaN       NaN       NaN       NaN       NaN       NaN       NaN       NaN  Infinity       NaN       NaN       NaN       NaN       NaN
      1230       NaN       NaN       NaN       NaN       NaN       NaN       NaN       NaN  Infinity       NaN       NaN       NaN       NaN       NaN
      1231       NaN       NaN       NaN       NaN       NaN       NaN       NaN       NaN  Infinity       NaN       NaN       NaN       NaN       NaN
      1232       NaN       NaN       NaN       NaN       NaN       NaN       NaN       NaN  Infinity       NaN       NaN       NaN       NaN       NaN
      1233       NaN       NaN       NaN       NaN       NaN       NaN       NaN       NaN  Infinity       NaN       NaN       NaN       NaN       NaN
      1234       NaN       NaN       NaN       NaN       NaN       NaN       NaN       NaN  Infinity       NaN       NaN       NaN       NaN       NaN
      1235       NaN       NaN       NaN       NaN       NaN       NaN       NaN       NaN  Infinity       NaN       NaN       NaN       NaN       NaN
      1236       NaN       NaN       NaN       NaN       NaN       NaN       NaN       NaN  Infinity       NaN       NaN       NaN       NaN       NaN
      1237       NaN       NaN       NaN       NaN       NaN       NaN       NaN       NaN  Infinity       NaN       NaN       NaN       NaN       NaN
      1238       NaN       NaN       NaN       NaN       NaN       NaN       NaN       NaN  Infinity       NaN       NaN       NaN       NaN       NaN
      1239       NaN       NaN       NaN       NaN       NaN       NaN       NaN       NaN  Infinity       NaN       NaN       NaN       NaN       NaN
      1240       NaN       NaN       NaN       NaN       NaN       NaN       NaN       NaN  Infinity       NaN       NaN       NaN       NaN       NaN
      1241       NaN       NaN       NaN       NaN       NaN       NaN       NaN       NaN  Infinity       NaN       NaN       NaN       NaN       NaN
      1242       NaN       NaN       NaN       NaN       NaN       NaN       NaN       NaN  Infinity       NaN       NaN       NaN       NaN       NaN
      1243       NaN       NaN       NaN       NaN       NaN       NaN       NaN       NaN  Infinity       NaN       NaN       NaN       NaN       NaN
      1244       NaN       NaN       NaN       NaN       NaN       NaN       NaN       NaN  Infinity       NaN       NaN       NaN       NaN       NaN
      1245       NaN       NaN       NaN       NaN       NaN       NaN       NaN       NaN  Infinity       NaN       NaN       NaN       NaN       NaN
      1246       NaN       NaN       NaN       NaN       NaN       NaN       NaN       NaN  Infinity       NaN       NaN       NaN       NaN       NaN
      1247       NaN       NaN       NaN       NaN       NaN       NaN       NaN       NaN  Infinity       NaN       NaN       NaN       NaN       NaN
      1248       NaN       NaN       NaN       NaN       NaN       NaN       NaN       NaN  Infinity       NaN       NaN       NaN       NaN       NaN
      1249       NaN       NaN       NaN       NaN       NaN       NaN       NaN       NaN  Infinity       NaN       NaN       NaN       NaN       NaN
      1250       NaN       NaN       NaN       NaN       NaN       NaN       NaN       NaN  Infinity       NaN       NaN       NaN       NaN       NaN
      1251       NaN       NaN       NaN       NaN       NaN       NaN       NaN       NaN  Infinity       NaN       NaN       NaN       NaN       NaN
      1252       NaN       NaN       NaN       NaN       NaN       NaN       NaN       NaN  Infinity       NaN       NaN       NaN       NaN       NaN
      1253       NaN       NaN       NaN       NaN       NaN       NaN       NaN       NaN  Infinity       NaN       NaN       NaN       NaN       NaN
      1254       NaN       NaN       NaN       NaN       NaN       NaN       NaN       NaN  Infinity       NaN       NaN       NaN       NaN       NaN
      1255       NaN       NaN       NaN       NaN       NaN       NaN       NaN       NaN  Infinity       NaN       NaN       NaN       NaN       NaN
      1256       NaN       NaN       NaN       NaN       NaN       NaN       NaN       NaN  Infinity       NaN       NaN       NaN       NaN       NaN
      1257       NaN       NaN       NaN       NaN       NaN       NaN       NaN       NaN  Infinity       NaN       NaN       NaN       NaN       NaN
      1258       NaN       NaN       NaN       NaN       NaN       NaN       NaN       NaN  Infinity       NaN       NaN       NaN       NaN       NaN
      1259       NaN       NaN       NaN       NaN       NaN       NaN       NaN       NaN  Infinity       NaN       NaN       NaN       NaN       NaN
      1260       NaN       NaN       NaN       NaN       NaN       NaN       NaN       NaN  Infinity       NaN       NaN       NaN       NaN       NaN
      1261       NaN       NaN       NaN       NaN       NaN       NaN       NaN       NaN  Infinity       NaN       NaN       NaN       NaN       NaN
      1262       NaN       NaN       NaN       NaN       NaN       NaN       NaN       NaN  Infinity       NaN       NaN       NaN       NaN       NaN
      1263       NaN       NaN       NaN       NaN       NaN       NaN       NaN       NaN  Infinity       NaN       NaN       NaN       NaN       NaN
      1264       NaN       NaN       NaN       NaN       NaN       NaN       NaN       NaN  Infinity       NaN       NaN       NaN       NaN       NaN
      1265       NaN       NaN       NaN       NaN       NaN       NaN       NaN       NaN  Infinity       NaN       NaN       NaN       NaN       NaN
      1266       NaN       NaN       NaN       NaN       NaN       NaN       NaN       NaN  Infinity       NaN       NaN       NaN       NaN       NaN
      1267       NaN       NaN       NaN       NaN       NaN       NaN       NaN       NaN  Infinity       NaN       NaN       NaN       NaN       NaN
      1268       NaN       NaN       NaN       NaN       NaN       NaN       NaN       NaN  Infinity       NaN       NaN       NaN       NaN       NaN
      1269       NaN       NaN       NaN       NaN       NaN       NaN       NaN       NaN  Infinity       NaN       NaN       NaN       NaN       NaN
      1270       NaN       NaN       NaN       NaN       NaN       NaN       NaN       NaN  Infinity       NaN       NaN       NaN       NaN       NaN
      1271       NaN       NaN       NaN       NaN       NaN       NaN       NaN       NaN  Infinity       NaN       NaN       NaN       NaN       NaN
      1272       NaN       NaN       NaN       NaN       NaN       NaN       NaN       NaN  Infinity       NaN       NaN       NaN       NaN       NaN
      1273       NaN       NaN       NaN       NaN       NaN       NaN       NaN       NaN  Infinity       NaN       NaN       NaN       NaN       NaN
      1274       NaN       NaN       NaN       NaN       NaN       NaN       NaN       NaN  Infinity       NaN       NaN       NaN       NaN       NaN
      1275       NaN       NaN       NaN       NaN       NaN       NaN       NaN       NaN  Infinity       NaN       NaN       NaN       NaN       NaN
      1276       NaN       NaN       NaN       NaN       NaN       NaN       NaN       NaN  Infinity       NaN       NaN       NaN       NaN       NaN
      1277       NaN       NaN       NaN       NaN       NaN       NaN       NaN       NaN  Infinity       NaN       NaN       NaN       NaN       NaN
      1278       NaN       NaN       NaN       NaN       NaN       NaN       NaN       NaN  Infinity       NaN       NaN       NaN       NaN       NaN
      1279       NaN       NaN       NaN       NaN       NaN       NaN       NaN       NaN  Infinity       NaN       NaN       NaN       NaN       NaN
      1280       NaN       NaN       NaN       NaN       NaN       NaN       NaN       NaN  Infinity       NaN       NaN       NaN       NaN       NaN
      1281       NaN       NaN       NaN       NaN       NaN       NaN       NaN       NaN  Infinity       NaN       NaN       NaN       NaN       NaN
      1282       NaN       NaN       NaN       NaN       NaN       NaN       NaN       NaN  Infinity       NaN       NaN       NaN       NaN       NaN
      1283       NaN       NaN       NaN       NaN       NaN       NaN       NaN       NaN  Infinity       NaN       NaN       NaN       NaN       NaN
      1284       NaN       NaN       NaN       NaN       NaN       NaN       NaN       NaN  Infinity       NaN       NaN       NaN       NaN       NaN
      1285       NaN       NaN       NaN       NaN       NaN       NaN       NaN       NaN  Infinity       NaN       NaN       NaN       NaN       NaN
      1286       NaN       NaN       NaN       NaN       NaN       NaN       NaN       NaN  Infinity       NaN       NaN       NaN       NaN       NaN
      1287       NaN       NaN       NaN       NaN       NaN       NaN       NaN       NaN  Infinity       NaN       NaN       NaN       NaN       NaN
      1288       NaN       NaN       NaN       NaN       NaN       NaN       NaN       NaN  Infinity       NaN       NaN       NaN       NaN       NaN
      1289       NaN       NaN       NaN       NaN       NaN       NaN       NaN       NaN  Infinity       NaN       NaN       NaN       NaN       NaN
      1290       NaN       NaN       NaN       NaN       NaN       NaN       NaN       NaN  Infinity       NaN       NaN       NaN       NaN       NaN
      1291       NaN       NaN       NaN       NaN       NaN       NaN       NaN       NaN  Infinity       NaN       NaN       NaN       NaN       NaN
      1292       NaN       NaN       NaN       NaN       NaN       NaN       NaN       NaN  Infinity       NaN       NaN       NaN       NaN       NaN
      1293       NaN       NaN       NaN       NaN       NaN       NaN       NaN       NaN  Infinity       NaN       NaN       NaN       NaN       NaN
      1294       NaN       NaN       NaN       NaN       NaN       NaN       NaN       NaN  Infinity       NaN       NaN       NaN       NaN       NaN
      1295       NaN       NaN       NaN       NaN       NaN       NaN       NaN       NaN  Infinity       NaN       NaN       NaN       NaN       NaN
      1296       NaN       NaN       NaN       NaN       NaN       NaN       NaN       NaN  Infinity       NaN       NaN       NaN       NaN       NaN
      1297       NaN       NaN       NaN       NaN       NaN       NaN       NaN       NaN  Infinity       NaN       NaN       NaN       NaN       NaN
      1298       NaN       NaN       NaN       NaN       NaN       NaN       NaN       NaN  Infinity       NaN       NaN       NaN       NaN       NaN
      1299       NaN       NaN       NaN       NaN       NaN       NaN       NaN       NaN  Infinity       NaN       NaN       NaN       NaN       NaN
      1300       NaN       NaN       NaN       NaN       NaN       NaN       NaN       NaN  Infinity       NaN       NaN       NaN       NaN       NaN
      1301       NaN       NaN       NaN       NaN       NaN       NaN       NaN       NaN  Infinity       NaN       NaN       NaN       NaN       NaN
      1302       NaN       NaN       NaN       NaN       NaN       NaN       NaN       NaN  Infinity       NaN       NaN       NaN       NaN       NaN
      1303       NaN       NaN       NaN       NaN       NaN       NaN       NaN       NaN  Infinity       NaN       NaN       NaN       NaN       NaN
      1304       NaN       NaN       NaN       NaN       NaN       NaN       NaN       NaN  Infinity       NaN       NaN       NaN       NaN       NaN
      1305       NaN       NaN       NaN       NaN       NaN       NaN       NaN       NaN  Infinity       NaN       NaN       NaN       NaN       NaN
      1306       NaN       NaN       NaN       NaN       NaN       NaN       NaN       NaN  Infinity       NaN       NaN       NaN       NaN       NaN
      1307       NaN       NaN       NaN       NaN       NaN       NaN       NaN       NaN  Infinity       NaN       NaN       NaN       NaN       NaN
      1308       NaN       NaN       NaN       NaN       NaN       NaN       NaN       NaN  Infinity       NaN       NaN       NaN       NaN       NaN
      1309       NaN       NaN       NaN       NaN       NaN       NaN       NaN       NaN  Infinity       NaN       NaN       NaN       NaN       NaN
      1310       NaN       NaN       NaN       NaN       NaN       NaN       NaN       NaN  Infinity       NaN       NaN       NaN       NaN       NaN
      1311       NaN       NaN       NaN       NaN       NaN       NaN       NaN       NaN  Infinity       NaN       NaN       NaN       NaN       NaN
      1312       NaN       NaN       NaN       NaN       NaN       NaN       NaN       NaN  Infinity       NaN       NaN       NaN       NaN       NaN
      1313       NaN       NaN       NaN       NaN       NaN       NaN       NaN       NaN  Infinity       NaN       NaN       NaN       NaN       NaN
      1314       NaN       NaN       NaN       NaN       NaN       NaN       NaN       NaN  Infinity       NaN       NaN       NaN       NaN       NaN
      1315       NaN       NaN       NaN       NaN       NaN       NaN       NaN       NaN  Infinity       NaN       NaN       NaN       NaN       NaN
      1316       NaN       NaN       NaN       NaN       NaN       NaN       NaN       NaN  Infinity       NaN       NaN       NaN       NaN       NaN
      1317       NaN       NaN       NaN       NaN       NaN       NaN       NaN       NaN  Infinity       NaN       NaN       NaN       NaN       NaN
      1318       NaN       NaN       NaN       NaN       NaN       NaN       NaN       NaN  Infinity       NaN       NaN       NaN       NaN       NaN
      1319       NaN       NaN       NaN       NaN       NaN       NaN       NaN       NaN  Infinity       NaN       NaN       NaN       NaN       NaN
      1320       NaN       NaN       NaN       NaN       NaN       NaN       NaN       NaN  Infinity       NaN       NaN       NaN       NaN       NaN
      1321       NaN       NaN       NaN       NaN       NaN       NaN       NaN       NaN  Infinity       NaN       NaN       NaN       NaN       NaN
      1322       NaN       NaN       NaN       NaN       NaN       NaN       NaN       NaN  Infinity       NaN       NaN       NaN       NaN       NaN
      1323       NaN       NaN       NaN       NaN       NaN       NaN       NaN       NaN  Infinity       NaN       NaN       NaN       NaN       NaN
      1324       NaN       NaN       NaN       NaN       NaN       NaN       NaN       NaN  Infinity       NaN       NaN       NaN       NaN       NaN
      1325       NaN       NaN       NaN       NaN       NaN       NaN       NaN       NaN  Infinity       NaN       NaN       NaN       NaN       NaN
      1326       NaN       NaN       NaN       NaN       NaN       NaN       NaN       NaN  Infinity       NaN       NaN       NaN       NaN       NaN
      1327       NaN       NaN       NaN       NaN       NaN       NaN       NaN       NaN  Infinity       NaN       NaN       NaN       NaN       NaN
      1328       NaN       NaN       NaN       NaN       NaN       NaN       NaN       NaN  Infinity       NaN       NaN       NaN       NaN       NaN
      1329       NaN       NaN       NaN       NaN       NaN       NaN       NaN       NaN  Infinity       NaN       NaN       NaN       NaN       NaN
      1330       NaN       NaN       NaN       NaN       NaN       NaN       NaN       NaN  Infinity       NaN       NaN       NaN       NaN       NaN
      1331       NaN       NaN       NaN       NaN       NaN       NaN       NaN       NaN  Infinity       NaN       NaN       NaN       NaN       NaN
      1332       NaN       NaN       NaN       NaN       NaN       NaN       NaN       NaN  Infinity       NaN       NaN       NaN       NaN       NaN
      1333       NaN       NaN       NaN       NaN       NaN       NaN       NaN       NaN  Infinity       NaN       NaN       NaN       NaN       NaN
      1334       NaN       NaN       NaN       NaN       NaN       NaN       NaN       NaN  Infinity       NaN       NaN       NaN       NaN       NaN
      1335       NaN       NaN       NaN       NaN       NaN       NaN       NaN       NaN  Infinity       NaN       NaN       NaN       NaN       NaN
      1336       NaN       NaN       NaN       NaN       NaN       NaN       NaN       NaN  Infinity       NaN       NaN       NaN       NaN       NaN
      1337       NaN       NaN       NaN       NaN       NaN       NaN       NaN       NaN  Infinity       NaN       NaN       NaN       NaN       NaN
      1338       NaN       NaN       NaN       NaN       NaN       NaN       NaN       NaN  Infinity       NaN       NaN       NaN       NaN       NaN
      1339       NaN       NaN       NaN       NaN       NaN       NaN       NaN       NaN  Infinity       NaN       NaN       NaN       NaN       NaN
      1340       NaN       NaN       NaN       NaN       NaN       NaN       NaN       NaN  Infinity       NaN       NaN       NaN       NaN       NaN
      1341       NaN       NaN       NaN       NaN       NaN       NaN       NaN       NaN  Infinity       NaN       NaN       NaN       NaN       NaN
      1342       NaN       NaN       NaN       NaN       NaN       NaN       NaN       NaN  Infinity       NaN       NaN       NaN       NaN       NaN
      1343       NaN       NaN       NaN       NaN       NaN       NaN       NaN       NaN  Infinity       NaN       NaN       NaN       NaN       NaN
      1344       NaN       NaN       NaN       NaN       NaN       NaN       NaN       NaN  Infinity       NaN       NaN       NaN       NaN       NaN
      1345       NaN       NaN       NaN       NaN       NaN       NaN       NaN       NaN  Infinity       NaN       NaN       NaN       NaN       NaN
      1346       NaN       NaN       NaN       NaN       NaN       NaN       NaN       NaN  Infinity       NaN       NaN       NaN       NaN       NaN
      1347       NaN       NaN       NaN       NaN       NaN       NaN       NaN       NaN  Infinity       NaN       NaN       NaN       NaN       NaN
      1348       NaN       NaN       NaN       NaN       NaN       NaN       NaN       NaN  Infinity       NaN       NaN       NaN       NaN       NaN
      1349       NaN       NaN       NaN       NaN       NaN       NaN       NaN       NaN  Infinity       NaN       NaN       NaN       NaN       NaN
      1350       NaN       NaN       NaN       NaN       NaN       NaN       NaN       NaN  Infinity       NaN       NaN       NaN       NaN       NaN
      1351       NaN       NaN       NaN       NaN       NaN       NaN       NaN       NaN  Infinity       NaN       NaN       NaN       NaN       NaN
      1352       NaN       NaN       NaN       NaN       NaN       NaN       NaN       NaN  Infinity       NaN       NaN       NaN       NaN       NaN
      1353       NaN       NaN       NaN       NaN       NaN       NaN       NaN       NaN  Infinity       NaN       NaN       NaN       NaN       NaN
      1354       NaN       NaN       NaN       NaN       NaN       NaN       NaN       NaN  Infinity       NaN       NaN       NaN       NaN       NaN
      1355       NaN       NaN       NaN       NaN       NaN       NaN       NaN       NaN  Infinity       NaN       NaN       NaN       NaN       NaN
      1356       NaN       NaN       NaN       NaN       NaN       NaN       NaN       NaN  Infinity       NaN       NaN       NaN       NaN       NaN
      1357       NaN       NaN       NaN       NaN       NaN       NaN       NaN       NaN  Infinity       NaN       NaN       NaN       NaN       NaN
      1358       NaN       NaN       NaN       NaN       NaN       NaN       NaN       NaN  Infinity       NaN       NaN       NaN       NaN       NaN
      1359       NaN       NaN       NaN       NaN       NaN       NaN       NaN       NaN  Infinity       NaN       NaN       NaN       NaN       NaN
      1360       NaN       NaN       NaN       NaN       NaN       NaN       NaN       NaN  Infinity       NaN       NaN       NaN       NaN       NaN
      1361       NaN       NaN       NaN       NaN       NaN       NaN       NaN       NaN  Infinity       NaN       NaN       NaN       NaN       NaN
      1362       NaN       NaN       NaN       NaN       NaN       NaN       NaN       NaN  Infinity       NaN       NaN       NaN       NaN       NaN
      1363       NaN       NaN       NaN       NaN       NaN       NaN       NaN       NaN  Infinity       NaN       NaN       NaN       NaN       NaN
      1364       NaN       NaN       NaN       NaN       NaN       NaN       NaN       NaN  Infinity       NaN       NaN       NaN       NaN       NaN
      1365       NaN       NaN       NaN       NaN       NaN       NaN       NaN       NaN  Infinity       NaN       NaN       NaN       NaN       NaN
      1366       NaN       NaN       NaN       NaN       NaN       NaN       NaN       NaN  Infinity       NaN       NaN       NaN       NaN       NaN
      1367       NaN       NaN       NaN       NaN       NaN       NaN       NaN       NaN  Infinity       NaN       NaN       NaN       NaN       NaN
      1368       NaN       NaN       NaN       NaN       NaN       NaN       NaN       NaN  Infinity       NaN       NaN       NaN       NaN       NaN
      1369       NaN       NaN       NaN       NaN       NaN       NaN       NaN       NaN  Infinity       NaN       NaN       NaN       NaN       NaN
      1370       NaN       NaN       NaN       NaN       NaN       NaN       NaN       NaN  Infinity       NaN       NaN       NaN       NaN       NaN
      1371       NaN       NaN       NaN       NaN       NaN       NaN       NaN       NaN  Infinity       NaN       NaN       NaN       NaN       NaN
      1372       NaN       NaN       NaN       NaN       NaN       NaN       NaN       NaN  Infinity       NaN       NaN       NaN       NaN       NaN
      1373       NaN       NaN       NaN       NaN       NaN       NaN       NaN       NaN  Infinity       NaN       NaN       NaN       NaN       NaN
      1374       NaN       NaN       NaN       NaN       NaN       NaN       NaN       NaN  Infinity       NaN       NaN       NaN       NaN       NaN
      1375       NaN       NaN       NaN       NaN       NaN       NaN       NaN       NaN  Infinity       NaN       NaN       NaN       NaN       NaN
      1376       NaN       NaN       NaN       NaN       NaN       NaN       NaN       NaN  Infinity       NaN       NaN       NaN       NaN       NaN
      1377       NaN       NaN       NaN       NaN       NaN       NaN       NaN       NaN  Infinity       NaN       NaN       NaN       NaN       NaN
      1378       NaN       NaN       NaN       NaN       NaN       NaN       NaN       NaN  Infinity       NaN       NaN       NaN       NaN       NaN
      1379       NaN       NaN       NaN       NaN       NaN       NaN       NaN       NaN  Infinity       NaN       NaN       NaN       NaN       NaN
      1380       NaN       NaN       NaN       NaN       NaN       NaN       NaN       NaN  Infinity       NaN       NaN       NaN       NaN       NaN
      1381       NaN       NaN       NaN       NaN       NaN       NaN       NaN       NaN  Infinity       NaN       NaN       NaN       NaN       NaN
      1382       NaN       NaN       NaN       NaN       NaN       NaN       NaN       NaN  Infinity       NaN       NaN       NaN       NaN       NaN
      1383       NaN       NaN       NaN       NaN       NaN       NaN       NaN       NaN  Infinity       NaN       NaN       NaN       NaN       NaN
      1384       NaN       NaN       NaN       NaN       NaN       NaN       NaN       NaN  Infinity       NaN       NaN       NaN       NaN       NaN
      1385       NaN       NaN       NaN       NaN       NaN       NaN       NaN       NaN  Infinity       NaN       NaN       NaN       NaN       NaN
      1386       NaN       NaN       NaN       NaN       NaN       NaN       NaN       NaN  Infinity       NaN       NaN       NaN       NaN       NaN
      1387       NaN       NaN       NaN       NaN       NaN       NaN       NaN       NaN  Infinity       NaN       NaN       NaN       NaN       NaN
      1388       NaN       NaN       NaN       NaN       NaN       NaN       NaN       NaN  Infinity       NaN       NaN       NaN       NaN       NaN
      1389       NaN       NaN       NaN       NaN       NaN       NaN       NaN       NaN  Infinity       NaN       NaN       NaN       NaN       NaN
      1390       NaN       NaN       NaN       NaN       NaN       NaN       NaN       NaN  Infinity       NaN       NaN       NaN       NaN       NaN
      1391       NaN       NaN       NaN       NaN       NaN       NaN       NaN       NaN  Infinity       NaN       NaN       NaN       NaN       NaN
      1392       NaN       NaN       NaN       NaN       NaN       NaN       NaN       NaN  Infinity       NaN       NaN       NaN       NaN       NaN
      1393       NaN       NaN       NaN       NaN       NaN       NaN       NaN       NaN  Infinity       NaN       NaN       NaN       NaN       NaN
      1394       NaN       NaN       NaN       NaN       NaN       NaN       NaN       NaN  Infinity       NaN       NaN       NaN       NaN       NaN
      1395       NaN       NaN       NaN       NaN       NaN       NaN       NaN       NaN  Infinity       NaN       NaN       NaN       NaN       NaN
      1396       NaN       NaN       NaN       NaN       NaN       NaN       NaN       NaN  Infinity       NaN       NaN       NaN       NaN       NaN
      1397       NaN       NaN       NaN       NaN       NaN       NaN       NaN       NaN  Infinity       NaN       NaN       NaN       NaN       NaN
      1398       NaN       NaN       NaN       NaN       NaN       NaN       NaN       NaN  Infinity       NaN       NaN       NaN       NaN       NaN
      1399       NaN       NaN       NaN       NaN       NaN       NaN       NaN       NaN  Infinity       NaN       NaN       NaN       NaN       NaN
      1400       NaN       NaN       NaN       NaN       NaN       NaN       NaN       NaN  Infinity       NaN       NaN       NaN       NaN       NaN
      1401       NaN       NaN       NaN       NaN       NaN       NaN       NaN       NaN  Infinity       NaN       NaN       NaN       NaN       NaN
      1402       NaN       NaN       NaN       NaN       NaN       NaN       NaN       NaN  Infinity       NaN       NaN       NaN       NaN       NaN
      1403       NaN       NaN       NaN       NaN       NaN       NaN       NaN       NaN  Infinity       NaN       NaN       NaN       NaN       NaN
      1404       NaN       NaN       NaN       NaN       NaN       NaN       NaN       NaN  Infinity       NaN       NaN       NaN       NaN       NaN
      1405       NaN       NaN       NaN       NaN       NaN       NaN       NaN       NaN  Infinity       NaN       NaN       NaN       NaN       NaN
      1406       NaN       NaN       NaN       NaN       NaN       NaN       NaN       NaN  Infinity       NaN       NaN       NaN       NaN       NaN
      1407       NaN       NaN       NaN       NaN       NaN       NaN       NaN       NaN  Infinity       NaN       NaN       NaN       NaN       NaN
      1408       NaN       NaN       NaN       NaN       NaN       NaN       NaN       NaN  Infinity       NaN       NaN       NaN       NaN       NaN
      1409       NaN       NaN       NaN       NaN       NaN       NaN       NaN       NaN  Infinity       NaN       NaN       NaN       NaN       NaN
      1410       NaN       NaN       NaN       NaN       NaN       NaN       NaN       NaN  Infinity       NaN       NaN       NaN       NaN       NaN
      1411       NaN       NaN       NaN       NaN       NaN       NaN       NaN       NaN  Infinity       NaN       NaN       NaN       NaN       NaN
      1412       NaN       NaN       NaN       NaN       NaN       NaN       NaN       NaN  Infinity       NaN       NaN       NaN       NaN       NaN
      1413       NaN       NaN       NaN       NaN       NaN       NaN       NaN       NaN  Infinity       NaN       NaN       NaN       NaN       NaN
      1414       NaN       NaN       NaN       NaN       NaN       NaN       NaN       NaN  Infinity       NaN       NaN       NaN       NaN       NaN
      1415       NaN       NaN       NaN       NaN       NaN       NaN       NaN       NaN  Infinity       NaN       NaN       NaN       NaN       NaN
      1416       NaN       NaN       NaN       NaN       NaN       NaN       NaN       NaN  Infinity       NaN       NaN       NaN       NaN       NaN
      1417       NaN       NaN       NaN       NaN       NaN       NaN       NaN       NaN  Infinity       NaN       NaN       NaN       NaN       NaN
      1418       NaN       NaN       NaN       NaN       NaN       NaN       NaN       NaN  Infinity       NaN       NaN       NaN       NaN       NaN
      1419       NaN       NaN       NaN       NaN       NaN       NaN       NaN       NaN  Infinity       NaN       NaN       NaN       NaN       NaN
      1420       NaN       NaN       NaN       NaN       NaN       NaN       NaN       NaN  Infinity       NaN       NaN       NaN       NaN       NaN
      1421       NaN       NaN       NaN       NaN       NaN       NaN       NaN       NaN  Infinity       NaN       NaN       NaN       NaN       NaN
      1422       NaN       NaN       NaN       NaN       NaN       NaN       NaN       NaN  Infinity       NaN       NaN       NaN       NaN       NaN
      1423       NaN       NaN       NaN       NaN       NaN       NaN       NaN       NaN  Infinity       NaN       NaN       NaN       NaN       NaN
      1424       NaN       NaN       NaN       NaN       NaN       NaN       NaN       NaN  Infinity       NaN       NaN       NaN       NaN       NaN
      1425       NaN       NaN       NaN       NaN       NaN       NaN       NaN       NaN  Infinity       NaN       NaN       NaN       NaN       NaN
      1426       NaN       NaN       NaN       NaN       NaN       NaN       NaN       NaN  Infinity       NaN       NaN       NaN       NaN       NaN
      1427       NaN       NaN       NaN       NaN       NaN       NaN       NaN       NaN  Infinity       NaN       NaN       NaN       NaN       NaN
      1428       NaN       NaN       NaN       NaN       NaN       NaN       NaN       NaN  Infinity       NaN       NaN       NaN       NaN       NaN
      1429       NaN       NaN       NaN       NaN       NaN       NaN       NaN       NaN  Infinity       NaN       NaN       NaN       NaN       NaN
      1430       NaN       NaN       NaN       NaN       NaN       NaN       NaN       NaN  Infinity       NaN       NaN       NaN       NaN       NaN
      1431       NaN       NaN       NaN       NaN       NaN       NaN       NaN       NaN  Infinity       NaN       NaN       NaN       NaN       NaN
      1432       NaN       NaN       NaN       NaN       NaN       NaN       NaN       NaN  Infinity       NaN       NaN       NaN       NaN       NaN
      1433       NaN       NaN       NaN       NaN       NaN       NaN       NaN       NaN  Infinity       NaN       NaN       NaN       NaN       NaN
      1434       NaN       NaN       NaN       NaN       NaN       NaN       NaN       NaN  Infinity       NaN       NaN       NaN       NaN       NaN
      1435       NaN       NaN       NaN       NaN       NaN       NaN       NaN       NaN  Infinity       NaN       NaN       NaN       NaN       NaN
      1436       NaN       NaN       NaN       NaN       NaN       NaN       NaN       NaN  Infinity       NaN       NaN       NaN       NaN       NaN
      1437       NaN       NaN       NaN       NaN       NaN       NaN       NaN       NaN  Infinity       NaN       NaN       NaN       NaN       NaN
      1438       NaN       NaN       NaN       NaN       NaN       NaN       NaN       NaN  Infinity       NaN       NaN       NaN       NaN       NaN
      1439       NaN       NaN       NaN       NaN       NaN       NaN       NaN       NaN  Infinity       NaN       NaN       NaN       NaN       NaN
      1440       NaN       NaN       NaN       NaN       NaN       NaN       NaN       NaN  Infinity       NaN       NaN       NaN       NaN       NaN
      1441       NaN       NaN       NaN       NaN       NaN       NaN       NaN       NaN  Infinity       NaN       NaN       NaN       NaN       NaN
      1442       NaN       NaN       NaN       NaN       NaN       NaN       NaN       NaN  Infinity       NaN       NaN       NaN       NaN       NaN
      1443       NaN       NaN       NaN       NaN       NaN       NaN       NaN       NaN  Infinity       NaN       NaN       NaN       NaN       NaN
      1444       NaN       NaN       NaN       NaN       NaN       NaN       NaN       NaN  Infinity       NaN       NaN       NaN       NaN       NaN
      1445       NaN       NaN       NaN       NaN       NaN       NaN       NaN       NaN  Infinity       NaN       NaN       NaN       NaN       NaN
      1446       NaN       NaN       NaN       NaN       NaN       NaN       NaN       NaN  Infinity       NaN       NaN       NaN       NaN       NaN
      1447       NaN       NaN       NaN       NaN       NaN       NaN       NaN       NaN  Infinity       NaN       NaN       NaN       NaN       NaN
      1448       NaN       NaN       NaN       NaN       NaN       NaN       NaN       NaN  Infinity       NaN       NaN       NaN       NaN       NaN
      1449       NaN       NaN       NaN       NaN       NaN       NaN       NaN       NaN  Infinity       NaN       NaN       NaN       NaN       NaN
      1450       NaN       NaN       NaN       NaN       NaN       NaN       NaN       NaN  Infinity       NaN       NaN       NaN       NaN       NaN
      1451       NaN       NaN       NaN       NaN       NaN       NaN       NaN       NaN  Infinity       NaN       NaN       NaN       NaN       NaN
      1452       NaN       NaN       NaN       NaN       NaN       NaN       NaN       NaN  Infinity       NaN       NaN       NaN       NaN       NaN
      1453       NaN       NaN       NaN       NaN       NaN       NaN       NaN       NaN  Infinity       NaN       NaN       NaN       NaN       NaN
      1454       NaN       NaN       NaN       NaN       NaN       NaN       NaN       NaN  Infinity       NaN       NaN       NaN       NaN       NaN
      1455       NaN       NaN       NaN       NaN       NaN       NaN       NaN       NaN  Infinity       NaN       NaN       NaN       NaN       NaN
      1456       NaN       NaN       NaN       NaN       NaN       NaN       NaN       NaN  Infinity       NaN       NaN       NaN       NaN       NaN
      1457       NaN       NaN       NaN       NaN       NaN       NaN       NaN       NaN  Infinity       NaN       NaN       NaN       NaN       NaN
      1458       NaN       NaN       NaN       NaN       NaN       NaN       NaN       NaN  Infinity       NaN       NaN       NaN       NaN       NaN
      1459       NaN       NaN       NaN       NaN       NaN       NaN       NaN       NaN  Infinity       NaN       NaN       NaN       NaN       NaN
      1460       NaN       NaN       NaN       NaN       NaN       NaN       NaN       NaN  Infinity       NaN       NaN       NaN       NaN       NaN
      1461       NaN       NaN       NaN       NaN       NaN       NaN       NaN       NaN  Infinity       NaN       NaN       NaN       NaN       NaN
      1462       NaN       NaN       NaN       NaN       NaN       NaN       NaN       NaN  Infinity       NaN       NaN       NaN       NaN       NaN
      1463       NaN       NaN       NaN       NaN       NaN       NaN       NaN       NaN  Infinity       NaN       NaN       NaN       NaN       NaN
      1464       NaN       NaN       NaN       NaN       NaN       NaN       NaN       NaN  Infinity       NaN       NaN       NaN       NaN       NaN
      1465       NaN       NaN       NaN       NaN       NaN       NaN       NaN       NaN  Infinity       NaN       NaN       NaN       NaN       NaN
      1466       NaN       NaN       NaN       NaN       NaN       NaN       NaN       NaN  Infinity       NaN       NaN       NaN       NaN       NaN
      1467       NaN       NaN       NaN       NaN       NaN       NaN       NaN       NaN  Infinity       NaN       NaN       NaN       NaN       NaN
      1468       NaN       NaN       NaN       NaN       NaN       NaN       NaN       NaN  Infinity       NaN       NaN       NaN       NaN       NaN
      1469       NaN       NaN       NaN       NaN       NaN       NaN       NaN       NaN  Infinity       NaN       NaN       NaN       NaN       NaN
      1470       NaN       NaN       NaN       NaN       NaN       NaN       NaN       NaN  Infinity       NaN       NaN       NaN       NaN       NaN
      1471       NaN       NaN       NaN       NaN       NaN       NaN       NaN       NaN  Infinity       NaN       NaN       NaN       NaN       NaN
      1472       NaN       NaN       NaN       NaN       NaN       NaN       NaN       NaN  Infinity       NaN       NaN       NaN       NaN       NaN
      1473       NaN       NaN       NaN       NaN       NaN       NaN       NaN       NaN  Infinity       NaN       NaN       NaN       NaN       NaN
      1474       NaN       NaN       NaN       NaN       NaN       NaN       NaN       NaN  Infinity       NaN       NaN       NaN       NaN       NaN
      1475       NaN       NaN       NaN       NaN       NaN       NaN       NaN       NaN  Infinity       NaN       NaN       NaN       NaN       NaN
      1476       NaN       NaN       NaN       NaN       NaN       NaN       NaN       NaN  Infinity       NaN       NaN       NaN       NaN       NaN
      1477       NaN       NaN       NaN       NaN       NaN       NaN       NaN       NaN  Infinity       NaN       NaN       NaN       NaN       NaN
      1478       NaN       NaN       NaN       NaN       NaN       NaN       NaN       NaN  Infinity       NaN       NaN       NaN       NaN       NaN
      1479       NaN       NaN       NaN       NaN       NaN       NaN       NaN       NaN  Infinity       NaN       NaN       NaN       NaN       NaN
      1480       NaN       NaN       NaN       NaN       NaN       NaN       NaN       NaN  Infinity       NaN       NaN       NaN       NaN       NaN
      1481       NaN       NaN       NaN       NaN       NaN       NaN       NaN       NaN  Infinity       NaN       NaN       NaN       NaN       NaN
      1482       NaN       NaN       NaN       NaN       NaN       NaN       NaN       NaN  Infinity       NaN       NaN       NaN       NaN       NaN
      1483       NaN       NaN       NaN       NaN       NaN       NaN       NaN       NaN  Infinity       NaN       NaN       NaN       NaN       NaN
      1484       NaN       NaN       NaN       NaN       NaN       NaN       NaN       NaN  Infinity       NaN       NaN       NaN       NaN       NaN
      1485       NaN       NaN       NaN       NaN       NaN       NaN       NaN       NaN  Infinity       NaN       NaN       NaN       NaN       NaN
      1486       NaN       NaN       NaN       NaN       NaN       NaN       NaN       NaN  Infinity       NaN       NaN       NaN       NaN       NaN
      1487       NaN       NaN       NaN       NaN       NaN       NaN       NaN       NaN  Infinity       NaN       NaN       NaN       NaN       NaN
      1488       NaN       NaN       NaN       NaN       NaN       NaN       NaN       NaN  Infinity       NaN       NaN       NaN       NaN       NaN
      1489       NaN       NaN       NaN       NaN       NaN       NaN       NaN       NaN  Infinity       NaN       NaN       NaN       NaN       NaN
      1490       NaN       NaN       NaN       NaN       NaN       NaN       NaN       NaN  Infinity       NaN       NaN       NaN       NaN       NaN
      1491       NaN       NaN       NaN       NaN       NaN       NaN       NaN       NaN  Infinity       NaN       NaN       NaN       NaN       NaN
      1492       NaN       NaN       NaN       NaN       NaN       NaN       NaN       NaN  Infinity       NaN       NaN       NaN       NaN       NaN
      1493       NaN       NaN       NaN       NaN       NaN       NaN       NaN       NaN  Infinity       NaN       NaN       NaN       NaN       NaN
      1494       NaN       NaN       NaN       NaN       NaN       NaN       NaN       NaN  Infinity       NaN       NaN       NaN       NaN       NaN
      1495       NaN       NaN       NaN       NaN       NaN       NaN       NaN       NaN  Infinity       NaN       NaN       NaN       NaN       NaN
      1496       NaN       NaN       NaN       NaN       NaN       NaN       NaN       NaN  Infinity       NaN       NaN       NaN       NaN       NaN
      1497       NaN       NaN       NaN       NaN       NaN       NaN       NaN       NaN  Infinity       NaN       NaN       NaN       NaN       NaN
      1498       NaN       NaN       NaN       NaN       NaN       NaN       NaN       NaN  Infinity       NaN       NaN       NaN       NaN       NaN
      1499       NaN       NaN       NaN       NaN       NaN       NaN       NaN       NaN  Infinity       NaN       NaN       NaN       NaN       NaN
      1500       NaN       NaN       NaN       NaN       NaN       NaN       NaN       NaN  Infinity       NaN       NaN       NaN       NaN       NaN
      1501       NaN       NaN       NaN       NaN       NaN       NaN       NaN       NaN  Infinity       NaN       NaN       NaN       NaN       NaN
      1502       NaN       NaN       NaN       NaN       NaN       NaN       NaN       NaN  Infinity       NaN       NaN       NaN       NaN       NaN
      1503       NaN       NaN       NaN       NaN       NaN       NaN       NaN       NaN  Infinity       NaN       NaN       NaN       NaN       NaN
      1504       NaN       NaN       NaN       NaN       NaN       NaN       NaN       NaN  Infinity       NaN       NaN       NaN       NaN       NaN
      1505       NaN       NaN       NaN       NaN       NaN       NaN       NaN       NaN  Infinity       NaN       NaN       NaN       NaN       NaN
      1506       NaN       NaN       NaN       NaN       NaN       NaN       NaN       NaN  Infinity       NaN       NaN       NaN       NaN       NaN
      1507       NaN       NaN       NaN       NaN       NaN       NaN       NaN       NaN  Infinity       NaN       NaN       NaN       NaN       NaN
      1508       NaN       NaN       NaN       NaN       NaN       NaN       NaN       NaN  Infinity       NaN       NaN       NaN       NaN       NaN
      1509       NaN       NaN       NaN       NaN       NaN       NaN       NaN       NaN  Infinity       NaN       NaN       NaN       NaN       NaN
      1510       NaN       NaN       NaN       NaN       NaN       NaN       NaN       NaN  Infinity       NaN       NaN       NaN       NaN       NaN
      1511       NaN       NaN       NaN       NaN       NaN       NaN       NaN       NaN  Infinity       NaN       NaN       NaN       NaN       NaN
      1512       NaN       NaN       NaN       NaN       NaN       NaN       NaN       NaN  Infinity       NaN       NaN       NaN       NaN       NaN
      1513       NaN       NaN       NaN       NaN       NaN       NaN       NaN       NaN  Infinity       NaN       NaN       NaN       NaN       NaN
      1514       NaN       NaN       NaN       NaN       NaN       NaN       NaN       NaN  Infinity       NaN       NaN       NaN       NaN       NaN
      1515       NaN       NaN       NaN       NaN       NaN       NaN       NaN       NaN  Infinity       NaN       NaN       NaN       NaN       NaN
      1516       NaN       NaN       NaN       NaN       NaN       NaN       NaN       NaN  Infinity       NaN       NaN       NaN       NaN       NaN
      1517       NaN       NaN       NaN       NaN       NaN       NaN       NaN       NaN  Infinity       NaN       NaN       NaN       NaN       NaN
      1518       NaN       NaN       NaN       NaN       NaN       NaN       NaN       NaN  Infinity       NaN       NaN       NaN       NaN       NaN
      1519       NaN       NaN       NaN       NaN       NaN       NaN       NaN       NaN  Infinity       NaN       NaN       NaN       NaN       NaN
      1520       NaN       NaN       NaN       NaN       NaN       NaN       NaN       NaN  Infinity       NaN       NaN       NaN       NaN       NaN
      1521       NaN       NaN       NaN       NaN       NaN       NaN       NaN       NaN  Infinity       NaN       NaN       NaN       NaN       NaN
      1522       NaN       NaN       NaN       NaN       NaN       NaN       NaN       NaN  Infinity       NaN       NaN       NaN       NaN       NaN
      1523       NaN       NaN       NaN       NaN       NaN       NaN       NaN       NaN  Infinity       NaN       NaN       NaN       NaN       NaN
      1524       NaN       NaN       NaN       NaN       NaN       NaN       NaN       NaN  Infinity       NaN       NaN       NaN       NaN       NaN
      1525       NaN       NaN       NaN       NaN       NaN       NaN       NaN       NaN  Infinity       NaN       NaN       NaN       NaN       NaN
      1526       NaN       NaN       NaN       NaN       NaN       NaN       NaN       NaN  Infinity       NaN       NaN       NaN       NaN       NaN
      1527       NaN       NaN       NaN       NaN       NaN       NaN       NaN       NaN  Infinity       NaN       NaN       NaN       NaN       NaN
      1528       NaN       NaN       NaN       NaN       NaN       NaN       NaN       NaN  Infinity       NaN       NaN       NaN       NaN       NaN
      1529       NaN       NaN       NaN       NaN       NaN       NaN       NaN       NaN  Infinity       NaN       NaN       NaN       NaN       NaN
      1530       NaN       NaN       NaN       NaN       NaN       NaN       NaN       NaN  Infinity       NaN       NaN       NaN       NaN       NaN
      1531       NaN       NaN       NaN       NaN       NaN       NaN       NaN       NaN  Infinity       NaN       NaN       NaN       NaN       NaN
      1532       NaN       NaN       NaN       NaN       NaN       NaN       NaN       NaN  Infinity       NaN       NaN       NaN       NaN       NaN
      1533       NaN       NaN       NaN       NaN       NaN       NaN       NaN       NaN  Infinity       NaN       NaN       NaN       NaN       NaN
      1534       NaN       NaN       NaN       NaN       NaN       NaN       NaN       NaN  Infinity       NaN       NaN       NaN       NaN       NaN
      1535       NaN       NaN       NaN       NaN       NaN       NaN       NaN       NaN  Infinity       NaN       NaN       NaN       NaN       NaN
      1536       NaN       NaN       NaN       NaN       NaN       NaN       NaN       NaN  Infinity       NaN       NaN       NaN       NaN       NaN
      1537       NaN       NaN       NaN       NaN       NaN       NaN       NaN       NaN  Infinity       NaN       NaN       NaN       NaN       NaN
      1538       NaN       NaN       NaN       NaN       NaN       NaN       NaN       NaN  Infinity       NaN       NaN       NaN       NaN       NaN
      1539       NaN       NaN       NaN       NaN       NaN       NaN       NaN       NaN  Infinity       NaN       NaN       NaN       NaN       NaN
      1540       NaN       NaN       NaN       NaN       NaN       NaN       NaN       NaN  Infinity       NaN       NaN       NaN       NaN       NaN
      1541       NaN       NaN       NaN       NaN       NaN       NaN       NaN       NaN  Infinity       NaN       NaN       NaN       NaN       NaN
      1542       NaN       NaN       NaN       NaN       NaN       NaN       NaN       NaN  Infinity       NaN       NaN       NaN       NaN       NaN
      1543       NaN       NaN       NaN       NaN       NaN       NaN       NaN       NaN  Infinity       NaN       NaN       NaN       NaN       NaN
      1544       NaN       NaN       NaN       NaN       NaN       NaN       NaN       NaN  Infinity       NaN       NaN       NaN       NaN       NaN
      1545       NaN       NaN       NaN       NaN       NaN       NaN       NaN       NaN  Infinity       NaN       NaN       NaN       NaN       NaN
      1546       NaN       NaN       NaN       NaN       NaN       NaN       NaN       NaN  Infinity       NaN       NaN       NaN       NaN       NaN
      1547       NaN       NaN       NaN       NaN       NaN       NaN       NaN       NaN  Infinity       NaN       NaN       NaN       NaN       NaN
      1548       NaN       NaN       NaN       NaN       NaN       NaN       NaN       NaN  Infinity       NaN       NaN       NaN       NaN       NaN
      1549       NaN       NaN       NaN       NaN       NaN       NaN       NaN       NaN  Infinity       NaN       NaN       NaN       NaN       NaN
      1550       NaN       NaN       NaN       NaN       NaN       NaN       NaN       NaN  Infinity       NaN       NaN       NaN       NaN       NaN
      1551       NaN       NaN       NaN       NaN       NaN       NaN       NaN       NaN  Infinity       NaN       NaN       NaN       NaN       NaN
      1552       NaN       NaN       NaN       NaN       NaN       NaN       NaN       NaN  Infinity       NaN       NaN       NaN       NaN       NaN
      1553       NaN       NaN       NaN       NaN       NaN       NaN       NaN       NaN  Infinity       NaN       NaN       NaN       NaN       NaN
      1554       NaN       NaN       NaN       NaN       NaN       NaN       NaN       NaN  Infinity       NaN       NaN       NaN       NaN       NaN
      1555       NaN       NaN       NaN       NaN       NaN       NaN       NaN       NaN  Infinity       NaN       NaN       NaN       NaN       NaN
      1556       NaN       NaN       NaN       NaN       NaN       NaN       NaN       NaN  Infinity       NaN       NaN       NaN       NaN       NaN
      1557       NaN       NaN       NaN       NaN       NaN       NaN       NaN       NaN  Infinity       NaN       NaN       NaN       NaN       NaN
      1558       NaN       NaN       NaN       NaN       NaN       NaN       NaN       NaN  Infinity       NaN       NaN       NaN       NaN       NaN
      1559       NaN       NaN       NaN       NaN       NaN       NaN       NaN       NaN  Infinity       NaN       NaN       NaN       NaN       NaN
      1560       NaN       NaN       NaN       NaN       NaN       NaN       NaN       NaN  Infinity       NaN       NaN       NaN       NaN       NaN
      1561       NaN       NaN       NaN       NaN       NaN       NaN       NaN       NaN  Infinity       NaN       NaN       NaN       NaN       NaN
      1562       NaN       NaN       NaN       NaN       NaN       NaN       NaN       NaN  Infinity       NaN       NaN       NaN       NaN       NaN
      1563       NaN       NaN       NaN       NaN       NaN       NaN       NaN       NaN  Infinity       NaN       NaN       NaN       NaN       NaN
      1564       NaN       NaN       NaN       NaN       NaN       NaN       NaN       NaN  Infinity       NaN       NaN       NaN       NaN       NaN
      1565       NaN       NaN       NaN       NaN       NaN       NaN       NaN       NaN  Infinity       NaN       NaN       NaN       NaN       NaN
      1566       NaN       NaN       NaN       NaN       NaN       NaN       NaN       NaN  Infinity       NaN       NaN       NaN       NaN       NaN
      1567       NaN       NaN       NaN       NaN       NaN       NaN       NaN       NaN  Infinity       NaN       NaN       NaN       NaN       NaN
      1568       NaN       NaN       NaN       NaN       NaN       NaN       NaN       NaN  Infinity       NaN       NaN       NaN       NaN       NaN
      1569       NaN       NaN       NaN       NaN       NaN       NaN       NaN       NaN  Infinity       NaN       NaN       NaN       NaN       NaN
      1570       NaN       NaN       NaN       NaN       NaN       NaN       NaN       NaN  Infinity       NaN       NaN       NaN       NaN       NaN
      1571       NaN       NaN       NaN       NaN       NaN       NaN       NaN       NaN  Infinity       NaN       NaN       NaN       NaN       NaN
      1572       NaN       NaN       NaN       NaN       NaN       NaN       NaN       NaN  Infinity       NaN       NaN       NaN       NaN       NaN
      1573       NaN       NaN       NaN       NaN       NaN       NaN       NaN       NaN  Infinity       NaN       NaN       NaN       NaN       NaN
      1574       NaN       NaN       NaN       NaN       NaN       NaN       NaN       NaN  Infinity       NaN       NaN       NaN       NaN       NaN
      1575       NaN       NaN       NaN       NaN       NaN       NaN       NaN       NaN  Infinity       NaN       NaN       NaN       NaN       NaN
      1576       NaN       NaN       NaN       NaN       NaN       NaN       NaN       NaN  Infinity       NaN       NaN       NaN       NaN       NaN
      1577       NaN       NaN       NaN       NaN       NaN       NaN       NaN       NaN  Infinity       NaN       NaN       NaN       NaN       NaN
      1578       NaN       NaN       NaN       NaN       NaN       NaN       NaN       NaN  Infinity       NaN       NaN       NaN       NaN       NaN
      1579       NaN       NaN       NaN       NaN       NaN       NaN       NaN       NaN  Infinity       NaN       NaN       NaN       NaN       NaN
      1580       NaN       NaN       NaN       NaN       NaN       NaN       NaN       NaN  Infinity       NaN       NaN       NaN       NaN       NaN
      1581       NaN       NaN       NaN       NaN       NaN       NaN       NaN       NaN  Infinity       NaN       NaN       NaN       NaN       NaN
      1582       NaN       NaN       NaN       NaN       NaN       NaN       NaN       NaN  Infinity       NaN       NaN       NaN       NaN       NaN
      1583       NaN       NaN       NaN       NaN       NaN       NaN       NaN       NaN  Infinity       NaN       NaN       NaN       NaN       NaN
      1584       NaN       NaN       NaN       NaN       NaN       NaN       NaN       NaN  Infinity       NaN       NaN       NaN       NaN       NaN
      1585       NaN       NaN       NaN       NaN       NaN       NaN       NaN       NaN  Infinity       NaN       NaN       NaN       NaN       NaN
      1586       NaN       NaN       NaN       NaN       NaN       NaN       NaN       NaN  Infinity       NaN       NaN       NaN       NaN       NaN
      1587       NaN       NaN       NaN       NaN       NaN       NaN       NaN       NaN  Infinity       NaN       NaN       NaN       NaN       NaN
      1588       NaN       NaN       NaN       NaN       NaN       NaN       NaN       NaN  Infinity       NaN       NaN       NaN       NaN       NaN
      1589       NaN       NaN       NaN       NaN       NaN       NaN       NaN       NaN  Infinity       NaN       NaN       NaN       NaN       NaN
      1590       NaN       NaN       NaN       NaN       NaN       NaN       NaN       NaN  Infinity       NaN       NaN       NaN       NaN       NaN
      1591       NaN       NaN       NaN       NaN       NaN       NaN       NaN       NaN  Infinity       NaN       NaN       NaN       NaN       NaN
      1592       NaN       NaN       NaN       NaN       NaN       NaN       NaN       NaN  Infinity       NaN       NaN       NaN       NaN       NaN
      1593       NaN       NaN       NaN       NaN       NaN       NaN       NaN       NaN  Infinity       NaN       NaN       NaN       NaN       NaN
      1594       NaN       NaN       NaN       NaN       NaN       NaN       NaN       NaN  Infinity       NaN       NaN       NaN       NaN       NaN
      1595       NaN       NaN       NaN       NaN       NaN       NaN       NaN       NaN  Infinity       NaN       NaN       NaN       NaN       NaN
      1596       NaN       NaN       NaN       NaN       NaN       NaN       NaN       NaN  Infinity       NaN       NaN       NaN       NaN       NaN
      1597       NaN       NaN       NaN       NaN       NaN       NaN       NaN       NaN  Infinity       NaN       NaN       NaN       NaN       NaN
      1598       NaN       NaN       NaN       NaN       NaN       NaN       NaN       NaN  Infinity       NaN       NaN       NaN       NaN       NaN
      1599       NaN       NaN       NaN       NaN       NaN       NaN       NaN       NaN  Infinity       NaN       NaN       NaN       NaN       NaN
      1600       NaN       NaN       NaN       NaN       NaN       NaN       NaN       NaN  Infinity       NaN       NaN       NaN       NaN       NaN
      1601       NaN       NaN       NaN       NaN       NaN       NaN       NaN       NaN  Infinity       NaN       NaN       NaN       NaN       NaN
      1602       NaN       NaN       NaN       NaN       NaN       NaN       NaN       NaN  Infinity       NaN       NaN       NaN       NaN       NaN
      1603       NaN       NaN       NaN       NaN       NaN       NaN       NaN       NaN  Infinity       NaN       NaN       NaN       NaN       NaN
      1604       NaN       NaN       NaN       NaN       NaN       NaN       NaN       NaN  Infinity       NaN       NaN       NaN       NaN       NaN
      1605       NaN       NaN       NaN       NaN       NaN       NaN       NaN       NaN  Infinity       NaN       NaN       NaN       NaN       NaN
      1606       NaN       NaN       NaN       NaN       NaN       NaN       NaN       NaN  Infinity       NaN       NaN       NaN       NaN       NaN
      1607       NaN       NaN       NaN       NaN       NaN       NaN       NaN       NaN  Infinity       NaN       NaN       NaN       NaN       NaN
      1608       NaN       NaN       NaN       NaN       NaN       NaN       NaN       NaN  Infinity       NaN       NaN       NaN       NaN       NaN
      1609       NaN       NaN       NaN       NaN       NaN       NaN       NaN       NaN  Infinity       NaN       NaN       NaN       NaN       NaN
      1610       NaN       NaN       NaN       NaN       NaN       NaN       NaN       NaN  Infinity       NaN       NaN       NaN       NaN       NaN
      1611       NaN       NaN       NaN       NaN       NaN       NaN       NaN       NaN  Infinity       NaN       NaN       NaN       NaN       NaN
      1612       NaN       NaN       NaN       NaN       NaN       NaN       NaN       NaN  Infinity       NaN       NaN       NaN       NaN       NaN
      1613       NaN       NaN       NaN       NaN       NaN       NaN       NaN       NaN  Infinity       NaN       NaN       NaN       NaN       NaN
      1614       NaN       NaN       NaN       NaN       NaN       NaN       NaN       NaN  Infinity       NaN       NaN       NaN       NaN       NaN
      1615       NaN       NaN       NaN       NaN       NaN       NaN       NaN       NaN  Infinity       NaN       NaN       NaN       NaN       NaN
      1616       NaN       NaN       NaN       NaN       NaN       NaN       NaN       NaN  Infinity       NaN       NaN       NaN       NaN       NaN
      1617       NaN       NaN       NaN       NaN       NaN       NaN       NaN       NaN  Infinity       NaN       NaN       NaN       NaN       NaN
      1618       NaN       NaN       NaN       NaN       NaN       NaN       NaN       NaN  Infinity       NaN       NaN       NaN       NaN       NaN
      1619       NaN       NaN       NaN       NaN       NaN       NaN       NaN       NaN  Infinity       NaN       NaN       NaN       NaN       NaN
      1620       NaN       NaN       NaN       NaN       NaN       NaN       NaN       NaN  Infinity       NaN       NaN       NaN       NaN       NaN
      1621       NaN       NaN       NaN       NaN       NaN       NaN       NaN       NaN  Infinity       NaN       NaN       NaN       NaN       NaN
      1622       NaN       NaN       NaN       NaN       NaN       NaN       NaN       NaN  Infinity       NaN       NaN       NaN       NaN       NaN
      1623       NaN       NaN       NaN       NaN       NaN       NaN       NaN       NaN  Infinity       NaN       NaN       NaN       NaN       NaN
      1624       NaN       NaN       NaN       NaN       NaN       NaN       NaN       NaN  Infinity       NaN       NaN       NaN       NaN       NaN
      1625       NaN       NaN       NaN       NaN       NaN       NaN       NaN       NaN  Infinity       NaN       NaN       NaN       NaN       NaN
      1626       NaN       NaN       NaN       NaN       NaN       NaN       NaN       NaN  Infinity       NaN       NaN       NaN       NaN       NaN
      1627       NaN       NaN       NaN       NaN       NaN       NaN       NaN       NaN  Infinity       NaN       NaN       NaN       NaN       NaN
      1628       NaN       NaN       NaN       NaN       NaN       NaN       NaN       NaN  Infinity       NaN       NaN       NaN       NaN       NaN
      1629       NaN       NaN       NaN       NaN       NaN       NaN       NaN       NaN  Infinity       NaN       NaN       NaN       NaN       NaN
      1630       NaN       NaN       NaN       NaN       NaN       NaN       NaN       NaN  Infinity       NaN       NaN       NaN       NaN       NaN
      1631       NaN       NaN       NaN       NaN       NaN       NaN       NaN       NaN  Infinity       NaN       NaN       NaN       NaN       NaN
      1632       NaN       NaN       NaN       NaN       NaN       NaN       NaN       NaN  Infinity       NaN       NaN       NaN       NaN       NaN
      1633       NaN       NaN       NaN       NaN       NaN       NaN       NaN       NaN  Infinity       NaN       NaN       NaN       NaN       NaN
      1634       NaN       NaN       NaN       NaN       NaN       NaN       NaN       NaN  Infinity       NaN       NaN       NaN       NaN       NaN
      1635       NaN       NaN       NaN       NaN       NaN       NaN       NaN       NaN  Infinity       NaN       NaN       NaN       NaN       NaN
      1636       NaN       NaN       NaN       NaN       NaN       NaN       NaN       NaN  Infinity       NaN       NaN       NaN       NaN       NaN
      1637       NaN       NaN       NaN       NaN       NaN       NaN       NaN       NaN  Infinity       NaN       NaN       NaN       NaN       NaN
      1638       NaN       NaN       NaN       NaN       NaN       NaN       NaN       NaN  Infinity       NaN       NaN       NaN       NaN       NaN
      1639       NaN       NaN       NaN       NaN       NaN       NaN       NaN       NaN  Infinity       NaN       NaN       NaN       NaN       NaN
      1640       NaN       NaN       NaN       NaN       NaN       NaN       NaN       NaN  Infinity       NaN       NaN       NaN       NaN       NaN
      1641       NaN       NaN       NaN       NaN       NaN       NaN       NaN       NaN  Infinity       NaN       NaN       NaN       NaN       NaN
      1642       NaN       NaN       NaN       NaN       NaN       NaN       NaN       NaN  Infinity       NaN       NaN       NaN       NaN       NaN
      1643       NaN       NaN       NaN       NaN       NaN       NaN       NaN       NaN  Infinity       NaN       NaN       NaN       NaN       NaN
      1644       NaN       NaN       NaN       NaN       NaN       NaN       NaN       NaN  Infinity       NaN       NaN       NaN       NaN       NaN
      1645       NaN       NaN       NaN       NaN       NaN       NaN       NaN       NaN  Infinity       NaN       NaN       NaN       NaN       NaN
      1646       NaN       NaN       NaN       NaN       NaN       NaN       NaN       NaN  Infinity       NaN       NaN       NaN       NaN       NaN
      1647       NaN       NaN       NaN       NaN       NaN       NaN       NaN       NaN  Infinity       NaN       NaN       NaN       NaN       NaN
      1648       NaN       NaN       NaN       NaN       NaN       NaN       NaN       NaN  Infinity       NaN       NaN       NaN       NaN       NaN
      1649       NaN       NaN       NaN       NaN       NaN       NaN       NaN       NaN  Infinity       NaN       NaN       NaN       NaN       NaN
      1650       NaN       NaN       NaN       NaN       NaN       NaN       NaN       NaN  Infinity       NaN       NaN       NaN       NaN       NaN
      1651       NaN       NaN       NaN       NaN       NaN       NaN       NaN       NaN  Infinity       NaN       NaN       NaN       NaN       NaN
      1652       NaN       NaN       NaN       NaN       NaN       NaN       NaN       NaN  Infinity       NaN       NaN       NaN       NaN       NaN
      1653       NaN       NaN       NaN       NaN       NaN       NaN       NaN       NaN  Infinity       NaN       NaN       NaN       NaN       NaN
      1654       NaN       NaN       NaN       NaN       NaN       NaN       NaN       NaN  Infinity       NaN       NaN       NaN       NaN       NaN
      1655       NaN       NaN       NaN       NaN       NaN       NaN       NaN       NaN  Infinity       NaN       NaN       NaN       NaN       NaN
      1656       NaN       NaN       NaN       NaN       NaN       NaN       NaN       NaN  Infinity       NaN       NaN       NaN       NaN       NaN
      1657       NaN       NaN       NaN       NaN       NaN       NaN       NaN       NaN  Infinity       NaN       NaN       NaN       NaN       NaN
      1658       NaN       NaN       NaN       NaN       NaN       NaN       NaN       NaN  Infinity       NaN       NaN       NaN       NaN       NaN
      1659       NaN       NaN       NaN       NaN       NaN       NaN       NaN       NaN  Infinity       NaN       NaN       NaN       NaN       NaN
      1660       NaN       NaN       NaN       NaN       NaN       NaN       NaN       NaN  Infinity       NaN       NaN       NaN       NaN       NaN
      1661       NaN       NaN       NaN       NaN       NaN       NaN       NaN       NaN  Infinity       NaN       NaN       NaN       NaN       NaN
      1662       NaN       NaN       NaN       NaN       NaN       NaN       NaN       NaN  Infinity       NaN       NaN       NaN       NaN       NaN
      1663       NaN       NaN       NaN       NaN       NaN       NaN       NaN       NaN  Infinity       NaN       NaN       NaN       NaN       NaN
      1664       NaN       NaN       NaN       NaN       NaN       NaN       NaN       NaN  Infinity       NaN       NaN       NaN       NaN       NaN
      1665       NaN       NaN       NaN       NaN       NaN       NaN       NaN       NaN  Infinity       NaN       NaN       NaN       NaN       NaN
      1666       NaN       NaN       NaN       NaN       NaN       NaN       NaN       NaN  Infinity       NaN       NaN       NaN       NaN       NaN
      1667       NaN       NaN       NaN       NaN       NaN       NaN       NaN       NaN  Infinity       NaN       NaN       NaN       NaN       NaN
      1668       NaN       NaN       NaN       NaN       NaN       NaN       NaN       NaN  Infinity       NaN       NaN       NaN       NaN       NaN
      1669       NaN       NaN       NaN       NaN       NaN       NaN       NaN       NaN  Infinity       NaN       NaN       NaN       NaN       NaN
      1670       NaN       NaN       NaN       NaN       NaN       NaN       NaN       NaN  Infinity       NaN       NaN       NaN       NaN       NaN
      1671       NaN       NaN       NaN       NaN       NaN       NaN       NaN       NaN  Infinity       NaN       NaN       NaN       NaN       NaN
      1672       NaN       NaN       NaN       NaN       NaN       NaN       NaN       NaN  Infinity       NaN       NaN       NaN       NaN       NaN
      1673       NaN       NaN       NaN       NaN       NaN       NaN       NaN       NaN  Infinity       NaN       NaN       NaN       NaN       NaN
      1674       NaN       NaN       NaN       NaN       NaN       NaN       NaN       NaN  Infinity       NaN       NaN       NaN       NaN       NaN
      1675       NaN       NaN       NaN       NaN       NaN       NaN       NaN       NaN  Infinity       NaN       NaN       NaN       NaN       NaN
      1676       NaN       NaN       NaN       NaN       NaN       NaN       NaN       NaN  Infinity       NaN       NaN       NaN       NaN       NaN
      1677       NaN       NaN       NaN       NaN       NaN       NaN       NaN       NaN  Infinity       NaN       NaN       NaN       NaN       NaN
      1678       NaN       NaN       NaN       NaN       NaN       NaN       NaN       NaN  Infinity       NaN       NaN       NaN       NaN       NaN
      1679       NaN       NaN       NaN       NaN       NaN       NaN       NaN       NaN  Infinity       NaN       NaN       NaN       NaN       NaN
      1680       NaN       NaN       NaN       NaN       NaN       NaN       NaN       NaN  Infinity       NaN       NaN       NaN       NaN       NaN
      1681       NaN       NaN       NaN       NaN       NaN       NaN       NaN       NaN  Infinity       NaN       NaN       NaN       NaN       NaN
      1682       NaN       NaN       NaN       NaN       NaN       NaN       NaN       NaN  Infinity       NaN       NaN       NaN       NaN       NaN
      1683       NaN       NaN       NaN       NaN       NaN       NaN       NaN       NaN  Infinity       NaN       NaN       NaN       NaN       NaN
      1684       NaN       NaN       NaN       NaN       NaN       NaN       NaN       NaN  Infinity       NaN       NaN       NaN       NaN       NaN
      1685       NaN       NaN       NaN       NaN       NaN       NaN       NaN       NaN  Infinity       NaN       NaN       NaN       NaN       NaN
      1686       NaN       NaN       NaN       NaN       NaN       NaN       NaN       NaN  Infinity       NaN       NaN       NaN       NaN       NaN
      1687       NaN       NaN       NaN       NaN       NaN       NaN       NaN       NaN  Infinity       NaN       NaN       NaN       NaN       NaN
      1688       NaN       NaN       NaN       NaN       NaN       NaN       NaN       NaN  Infinity       NaN       NaN       NaN       NaN       NaN
      1689       NaN       NaN       NaN       NaN       NaN       NaN       NaN       NaN  Infinity       NaN       NaN       NaN       NaN       NaN
      1690       NaN       NaN       NaN       NaN       NaN       NaN       NaN       NaN  Infinity       NaN       NaN       NaN       NaN       NaN
      1691       NaN       NaN       NaN       NaN       NaN       NaN       NaN       NaN  Infinity       NaN       NaN       NaN       NaN       NaN
      1692       NaN       NaN       NaN       NaN       NaN       NaN       NaN       NaN  Infinity       NaN       NaN       NaN       NaN       NaN
      1693       NaN       NaN       NaN       NaN       NaN       NaN       NaN       NaN  Infinity       NaN       NaN       NaN       NaN       NaN
      1694       NaN       NaN       NaN       NaN       NaN       NaN       NaN       NaN  Infinity       NaN       NaN       NaN       NaN       NaN
      1695       NaN       NaN       NaN       NaN       NaN       NaN       NaN       NaN  Infinity       NaN       NaN       NaN       NaN       NaN
      1696       NaN       NaN       NaN       NaN       NaN       NaN       NaN       NaN  Infinity       NaN       NaN       NaN       NaN       NaN
      1697       NaN       NaN       NaN       NaN       NaN       NaN       NaN       NaN  Infinity       NaN       NaN       NaN       NaN       NaN
      1698       NaN       NaN       NaN       NaN       NaN       NaN       NaN       NaN  Infinity       NaN       NaN       NaN       NaN       NaN
      1699       NaN       NaN       NaN       NaN       NaN       NaN       NaN       NaN  Infinity       NaN       NaN       NaN       NaN       NaN
      1700       NaN       NaN       NaN       NaN       NaN       NaN       NaN       NaN  Infinity       NaN       NaN       NaN       NaN       NaN
      1701       NaN       NaN       NaN       NaN       NaN       NaN       NaN       NaN  Infinity       NaN       NaN       NaN       NaN       NaN
      1702       NaN       NaN       NaN       NaN       NaN       NaN       NaN       NaN  Infinity       NaN       NaN       NaN       NaN       NaN
      1703       NaN       NaN       NaN       NaN       NaN       NaN       NaN       NaN  Infinity       NaN       NaN       NaN       NaN       NaN
      1704       NaN       NaN       NaN       NaN       NaN       NaN       NaN       NaN  Infinity       NaN       NaN       NaN       NaN       NaN
      1705       NaN       NaN       NaN       NaN       NaN       NaN       NaN       NaN  Infinity       NaN       NaN       NaN       NaN       NaN
      1706       NaN       NaN       NaN       NaN       NaN       NaN       NaN       NaN  Infinity       NaN       NaN       NaN       NaN       NaN
      1707       NaN       NaN       NaN       NaN       NaN       NaN       NaN       NaN  Infinity       NaN       NaN       NaN       NaN       NaN
      1708       NaN       NaN       NaN       NaN       NaN       NaN       NaN       NaN  Infinity       NaN       NaN       NaN       NaN       NaN
      1709       NaN       NaN       NaN       NaN       NaN       NaN       NaN       NaN  Infinity       NaN       NaN       NaN       NaN       NaN
      1710       NaN       NaN       NaN       NaN       NaN       NaN       NaN       NaN  Infinity       NaN       NaN       NaN       NaN       NaN
      1711       NaN       NaN       NaN       NaN       NaN       NaN       NaN       NaN  Infinity       NaN       NaN       NaN       NaN       NaN
      1712       NaN       NaN       NaN       NaN       NaN       NaN       NaN       NaN  Infinity       NaN       NaN       NaN       NaN       NaN
      1713       NaN       NaN       NaN       NaN       NaN       NaN       NaN       NaN  Infinity       NaN       NaN       NaN       NaN       NaN
      1714       NaN       NaN       NaN       NaN       NaN       NaN       NaN       NaN  Infinity       NaN       NaN       NaN       NaN       NaN
      1715       NaN       NaN       NaN       NaN       NaN       NaN       NaN       NaN  Infinity       NaN       NaN       NaN       NaN       NaN
      1716       NaN       NaN       NaN       NaN       NaN       NaN       NaN       NaN  Infinity       NaN       NaN       NaN       NaN       NaN
      1717       NaN       NaN       NaN       NaN       NaN       NaN       NaN       NaN  Infinity       NaN       NaN       NaN       NaN       NaN
      1718       NaN       NaN       NaN       NaN       NaN       NaN       NaN       NaN  Infinity       NaN       NaN       NaN       NaN       NaN
      1719       NaN       NaN       NaN       NaN       NaN       NaN       NaN       NaN  Infinity       NaN       NaN       NaN       NaN       NaN
      1720       NaN       NaN       NaN       NaN       NaN       NaN       NaN       NaN  Infinity       NaN       NaN       NaN       NaN       NaN
      1721       NaN       NaN       NaN       NaN       NaN       NaN       NaN       NaN  Infinity       NaN       NaN       NaN       NaN       NaN
      1722       NaN       NaN       NaN       NaN       NaN       NaN       NaN       NaN  Infinity       NaN       NaN       NaN       NaN       NaN
      1723       NaN       NaN       NaN       NaN       NaN       NaN       NaN       NaN  Infinity       NaN       NaN       NaN       NaN       NaN
      1724       NaN       NaN       NaN       NaN       NaN       NaN       NaN       NaN  Infinity       NaN       NaN       NaN       NaN       NaN
      1725       NaN       NaN       NaN       NaN       NaN       NaN       NaN       NaN  Infinity       NaN       NaN       NaN       NaN       NaN
      1726       NaN       NaN       NaN       NaN       NaN       NaN       NaN       NaN  Infinity       NaN       NaN       NaN       NaN       NaN
      1727       NaN       NaN       NaN       NaN       NaN       NaN       NaN       NaN  Infinity       NaN       NaN       NaN       NaN       NaN
      1728       NaN       NaN       NaN       NaN       NaN       NaN       NaN       NaN  Infinity       NaN       NaN       NaN       NaN       NaN
      1729       NaN       NaN       NaN       NaN       NaN       NaN       NaN       NaN  Infinity       NaN       NaN       NaN       NaN       NaN
      1730       NaN       NaN       NaN       NaN       NaN       NaN       NaN       NaN  Infinity       NaN       NaN       NaN       NaN       NaN
      1731       NaN       NaN       NaN       NaN       NaN       NaN       NaN       NaN  Infinity       NaN       NaN       NaN       NaN       NaN
      1732       NaN       NaN       NaN       NaN       NaN       NaN       NaN       NaN  Infinity       NaN       NaN       NaN       NaN       NaN
      1733       NaN       NaN       NaN       NaN       NaN       NaN       NaN       NaN  Infinity       NaN       NaN       NaN       NaN       NaN
      1734       NaN       NaN       NaN       NaN       NaN       NaN       NaN       NaN  Infinity       NaN       NaN       NaN       NaN       NaN
      1735       NaN       NaN       NaN       NaN       NaN       NaN       NaN       NaN  Infinity       NaN       NaN       NaN       NaN       NaN
      1736       NaN       NaN       NaN       NaN       NaN       NaN       NaN       NaN  Infinity       NaN       NaN       NaN       NaN       NaN
      1737       NaN       NaN       NaN       NaN       NaN       NaN       NaN       NaN  Infinity       NaN       NaN       NaN       NaN       NaN
      1738       NaN       NaN       NaN       NaN       NaN       NaN       NaN       NaN  Infinity       NaN       NaN       NaN       NaN       NaN
      1739       NaN       NaN       NaN       NaN       NaN       NaN       NaN       NaN  Infinity       NaN       NaN       NaN       NaN       NaN
      1740       NaN       NaN       NaN       NaN       NaN       NaN       NaN       NaN  Infinity       NaN       NaN       NaN       NaN       NaN
      1741       NaN       NaN       NaN       NaN       NaN       NaN       NaN       NaN  Infinity       NaN       NaN       NaN       NaN       NaN
      1742       NaN       NaN       NaN       NaN       NaN       NaN       NaN       NaN  Infinity       NaN       NaN       NaN       NaN       NaN
      1743       NaN       NaN       NaN       NaN       NaN       NaN       NaN       NaN  Infinity       NaN       NaN       NaN       NaN       NaN
      1744       NaN       NaN       NaN       NaN       NaN       NaN       NaN       NaN  Infinity       NaN       NaN       NaN       NaN       NaN
      1745       NaN       NaN       NaN       NaN       NaN       NaN       NaN       NaN  Infinity       NaN       NaN       NaN       NaN       NaN
      1746       NaN       NaN       NaN       NaN       NaN       NaN       NaN       NaN  Infinity       NaN       NaN       NaN       NaN       NaN
      1747       NaN       NaN       NaN       NaN       NaN       NaN       NaN       NaN  Infinity       NaN       NaN       NaN       NaN       NaN
      1748       NaN       NaN       NaN       NaN       NaN       NaN       NaN       NaN  Infinity       NaN       NaN       NaN       NaN       NaN
      1749       NaN       NaN       NaN       NaN       NaN       NaN       NaN       NaN  Infinity       NaN       NaN       NaN       NaN       NaN
      1750       NaN       NaN       NaN       NaN       NaN       NaN       NaN       NaN  Infinity       NaN       NaN       NaN       NaN       NaN
      1751       NaN       NaN       NaN       NaN       NaN       NaN       NaN       NaN  Infinity       NaN       NaN       NaN       NaN       NaN
      1752       NaN       NaN       NaN       NaN       NaN       NaN       NaN       NaN  Infinity       NaN       NaN       NaN       NaN       NaN
      1753       NaN       NaN       NaN       NaN       NaN       NaN       NaN       NaN  Infinity       NaN       NaN       NaN       NaN       NaN
      1754       NaN       NaN       NaN       NaN       NaN       NaN       NaN       NaN  Infinity       NaN       NaN       NaN       NaN       NaN
      1755       NaN       NaN       NaN       NaN       NaN       NaN       NaN       NaN  Infinity       NaN       NaN       NaN       NaN       NaN
      1756       NaN       NaN       NaN       NaN       NaN       NaN       NaN       NaN  Infinity       NaN       NaN       NaN       NaN       NaN
      1757       NaN       NaN       NaN       NaN       NaN       NaN       NaN       NaN  Infinity       NaN       NaN       NaN       NaN       NaN
      1758       NaN       NaN       NaN       NaN       NaN       NaN       NaN       NaN  Infinity       NaN       NaN       NaN       NaN       NaN
      1759       NaN       NaN       NaN       NaN       NaN       NaN       NaN       NaN  Infinity       NaN       NaN       NaN       NaN       NaN
      1760       NaN       NaN       NaN       NaN       NaN       NaN       NaN       NaN  Infinity       NaN       NaN       NaN       NaN       NaN
      1761       NaN       NaN       NaN       NaN       NaN       NaN       NaN       NaN  Infinity       NaN       NaN       NaN       NaN       NaN
      1762       NaN       NaN       NaN       NaN       NaN       NaN       NaN       NaN  Infinity       NaN       NaN       NaN       NaN       NaN
      1763       NaN       NaN       NaN       NaN       NaN       NaN       NaN       NaN  Infinity       NaN       NaN       NaN       NaN       NaN
      1764       NaN       NaN       NaN       NaN       NaN       NaN       NaN       NaN  Infinity       NaN       NaN       NaN       NaN       NaN
      1765       NaN       NaN       NaN       NaN       NaN       NaN       NaN       NaN  Infinity       NaN       NaN       NaN       NaN       NaN
      1766       NaN       NaN       NaN       NaN       NaN       NaN       NaN       NaN  Infinity       NaN       NaN       NaN       NaN       NaN
      1767       NaN       NaN       NaN       NaN       NaN       NaN       NaN       NaN  Infinity       NaN       NaN       NaN       NaN       NaN
      1768       NaN       NaN       NaN       NaN       NaN       NaN       NaN       NaN  Infinity       NaN       NaN       NaN       NaN       NaN
      1769       NaN       NaN       NaN       NaN       NaN       NaN       NaN       NaN  Infinity       NaN       NaN       NaN       NaN       NaN
      1770       NaN       NaN       NaN       NaN       NaN       NaN       NaN       NaN  Infinity       NaN       NaN       NaN       NaN       NaN
      1771       NaN       NaN       NaN       NaN       NaN       NaN       NaN       NaN  Infinity       NaN       NaN       NaN       NaN       NaN
      1772       NaN       NaN       NaN       NaN       NaN       NaN       NaN       NaN  Infinity       NaN       NaN       NaN       NaN       NaN
      1773       NaN       NaN       NaN       NaN       NaN       NaN       NaN       NaN  Infinity       NaN       NaN       NaN       NaN       NaN
      1774       NaN       NaN       NaN       NaN       NaN       NaN       NaN       NaN  Infinity       NaN       NaN       NaN       NaN       NaN
      1775       NaN       NaN       NaN       NaN       NaN       NaN       NaN       NaN  Infinity       NaN       NaN       NaN       NaN       NaN
      1776       NaN       NaN       NaN       NaN       NaN       NaN       NaN       NaN  Infinity       NaN       NaN       NaN       NaN       NaN
      1777       NaN       NaN       NaN       NaN       NaN       NaN       NaN       NaN  Infinity       NaN       NaN       NaN       NaN       NaN
      1778       NaN       NaN       NaN       NaN       NaN       NaN       NaN       NaN  Infinity       NaN       NaN       NaN       NaN       NaN
      1779       NaN       NaN       NaN       NaN       NaN       NaN       NaN       NaN  Infinity       NaN       NaN       NaN       NaN       NaN
      1780       NaN       NaN       NaN       NaN       NaN       NaN       NaN       NaN  Infinity       NaN       NaN       NaN       NaN       NaN
      1781       NaN       NaN       NaN       NaN       NaN       NaN       NaN       NaN  Infinity       NaN       NaN       NaN       NaN       NaN
      1782       NaN       NaN       NaN       NaN       NaN       NaN       NaN       NaN  Infinity       NaN       NaN       NaN       NaN       NaN
      1783       NaN       NaN       NaN       NaN       NaN       NaN       NaN       NaN  Infinity       NaN       NaN       NaN       NaN       NaN
      1784       NaN       NaN       NaN       NaN       NaN       NaN       NaN       NaN  Infinity       NaN       NaN       NaN       NaN       NaN
      1785       NaN       NaN       NaN       NaN       NaN       NaN       NaN       NaN  Infinity       NaN       NaN       NaN       NaN       NaN
      1786       NaN       NaN       NaN       NaN       NaN       NaN       NaN       NaN  Infinity       NaN       NaN       NaN       NaN       NaN
      1787       NaN       NaN       NaN       NaN       NaN       NaN       NaN       NaN  Infinity       NaN       NaN       NaN       NaN       NaN
      1788       NaN       NaN       NaN       NaN       NaN       NaN       NaN       NaN  Infinity       NaN       NaN       NaN       NaN       NaN
      1789       NaN       NaN       NaN       NaN       NaN       NaN       NaN       NaN  Infinity       NaN       NaN       NaN       NaN       NaN
      1790       NaN       NaN       NaN       NaN       NaN       NaN       NaN       NaN  Infinity       NaN       NaN       NaN       NaN       NaN
      1791       NaN       NaN       NaN       NaN       NaN       NaN       NaN       NaN  Infinity       NaN       NaN       NaN       NaN       NaN
      1792       NaN       NaN       NaN       NaN       NaN       NaN       NaN       NaN  Infinity       NaN       NaN       NaN       NaN       NaN
      1793       NaN       NaN       NaN       NaN       NaN       NaN       NaN       NaN  Infinity       NaN       NaN       NaN       NaN       NaN
      1794       NaN       NaN       NaN       NaN       NaN       NaN       NaN       NaN  Infinity       NaN       NaN       NaN       NaN       NaN
      1795       NaN       NaN       NaN       NaN       NaN       NaN       NaN       NaN  Infinity       NaN       NaN       NaN       NaN       NaN
      1796       NaN       NaN       NaN       NaN       NaN       NaN       NaN       NaN  Infinity       NaN       NaN       NaN       NaN       NaN
      1797       NaN       NaN       NaN       NaN       NaN       NaN       NaN       NaN  Infinity       NaN       NaN       NaN       NaN       NaN
      1798       NaN       NaN       NaN       NaN       NaN       NaN       NaN       NaN  Infinity       NaN       NaN       NaN       NaN       NaN
      1799       NaN       NaN       NaN       NaN       NaN       NaN       NaN       NaN  Infinity       NaN       NaN       NaN       NaN       NaN
      1800       NaN       NaN       NaN       NaN       NaN       NaN       NaN       NaN  Infinity       NaN       NaN       NaN       NaN       NaN
      1801       NaN       NaN       NaN       NaN       NaN       NaN       NaN       NaN  Infinity       NaN       NaN       NaN       NaN       NaN
      1802       NaN       NaN       NaN       NaN       NaN       NaN       NaN       NaN  Infinity       NaN       NaN       NaN       NaN       NaN
      1803       NaN       NaN       NaN       NaN       NaN       NaN       NaN       NaN  Infinity       NaN       NaN       NaN       NaN       NaN
      1804       NaN       NaN       NaN       NaN       NaN       NaN       NaN       NaN  Infinity       NaN       NaN       NaN       NaN       NaN
      1805       NaN       NaN       NaN       NaN       NaN       NaN       NaN       NaN  Infinity       NaN       NaN       NaN       NaN       NaN
      1806       NaN       NaN       NaN       NaN       NaN       NaN       NaN       NaN  Infinity       NaN       NaN       NaN       NaN       NaN
      1807       NaN       NaN       NaN       NaN       NaN       NaN       NaN       NaN  Infinity       NaN       NaN       NaN       NaN       NaN
      1808       NaN       NaN       NaN       NaN       NaN       NaN       NaN       NaN  Infinity       NaN       NaN       NaN       NaN       NaN
      1809       NaN       NaN       NaN       NaN       NaN       NaN       NaN       NaN  Infinity       NaN       NaN       NaN       NaN       NaN
      1810       NaN       NaN       NaN       NaN       NaN       NaN       NaN       NaN  Infinity       NaN       NaN       NaN       NaN       NaN
      1811       NaN       NaN       NaN       NaN       NaN       NaN       NaN       NaN  Infinity       NaN       NaN       NaN       NaN       NaN
      1812       NaN       NaN       NaN       NaN       NaN       NaN       NaN       NaN  Infinity       NaN       NaN       NaN       NaN       NaN
      1813       NaN       NaN       NaN       NaN       NaN       NaN       NaN       NaN  Infinity       NaN       NaN       NaN       NaN       NaN
      1814       NaN       NaN       NaN       NaN       NaN       NaN       NaN       NaN  Infinity       NaN       NaN       NaN       NaN       NaN
      1815       NaN       NaN       NaN       NaN       NaN       NaN       NaN       NaN  Infinity       NaN       NaN       NaN       NaN       NaN
      1816       NaN       NaN       NaN       NaN       NaN       NaN       NaN       NaN  Infinity       NaN       NaN       NaN       NaN       NaN
      1817       NaN       NaN       NaN       NaN       NaN       NaN       NaN       NaN  Infinity       NaN       NaN       NaN       NaN       NaN
      1818       NaN       NaN       NaN       NaN       NaN       NaN       NaN       NaN  Infinity       NaN       NaN       NaN       NaN       NaN
      1819       NaN       NaN       NaN       NaN       NaN       NaN       NaN       NaN  Infinity       NaN       NaN       NaN       NaN       NaN
      1820       NaN       NaN       NaN       NaN       NaN       NaN       NaN       NaN  Infinity       NaN       NaN       NaN       NaN       NaN
      1821       NaN       NaN       NaN       NaN       NaN       NaN       NaN       NaN  Infinity       NaN       NaN       NaN       NaN       NaN
      1822       NaN       NaN       NaN       NaN       NaN       NaN       NaN       NaN  Infinity       NaN       NaN       NaN       NaN       NaN
      1823       NaN       NaN       NaN       NaN       NaN       NaN       NaN       NaN  Infinity       NaN       NaN       NaN       NaN       NaN
      1824       NaN       NaN       NaN       NaN       NaN       NaN       NaN       NaN  Infinity       NaN       NaN       NaN       NaN       NaN
      1825       NaN       NaN       NaN       NaN       NaN       NaN       NaN       NaN  Infinity       NaN       NaN       NaN       NaN       NaN
      1826       NaN       NaN       NaN       NaN       NaN       NaN       NaN       NaN  Infinity       NaN       NaN       NaN       NaN       NaN
      1827       NaN       NaN       NaN       NaN       NaN       NaN       NaN       NaN  Infinity       NaN       NaN       NaN       NaN       NaN
      1828       NaN       NaN       NaN       NaN       NaN       NaN       NaN       NaN  Infinity       NaN       NaN       NaN       NaN       NaN
      1829       NaN       NaN       NaN       NaN       NaN       NaN       NaN       NaN  Infinity       NaN       NaN       NaN       NaN       NaN
      1830       NaN       NaN       NaN       NaN       NaN       NaN       NaN       NaN  Infinity       NaN       NaN       NaN       NaN       NaN
      1831       NaN       NaN       NaN       NaN       NaN       NaN       NaN       NaN  Infinity       NaN       NaN       NaN       NaN       NaN
      1832       NaN       NaN       NaN       NaN       NaN       NaN       NaN       NaN  Infinity       NaN       NaN       NaN       NaN       NaN
      1833       NaN       NaN       NaN       NaN       NaN       NaN       NaN       NaN  Infinity       NaN       NaN       NaN       NaN       NaN
      1834       NaN       NaN       NaN       NaN       NaN       NaN       NaN       NaN  Infinity       NaN       NaN       NaN       NaN       NaN
      1835       NaN       NaN       NaN       NaN       NaN       NaN       NaN       NaN  Infinity       NaN       NaN       NaN       NaN       NaN
      1836       NaN       NaN       NaN       NaN       NaN       NaN       NaN       NaN  Infinity       NaN       NaN       NaN       NaN       NaN
      1837       NaN       NaN       NaN       NaN       NaN       NaN       NaN       NaN  Infinity       NaN       NaN       NaN       NaN       NaN
      1838       NaN       NaN       NaN       NaN       NaN       NaN       NaN       NaN  Infinity       NaN       NaN       NaN       NaN       NaN
      1839       NaN       NaN       NaN       NaN       NaN       NaN       NaN       NaN  Infinity       NaN       NaN       NaN       NaN       NaN
      1840       NaN       NaN       NaN       NaN       NaN       NaN       NaN       NaN  Infinity       NaN       NaN       NaN       NaN       NaN
      1841       NaN       NaN       NaN       NaN       NaN       NaN       NaN       NaN  Infinity       NaN       NaN       NaN       NaN       NaN
      1842       NaN       NaN       NaN       NaN       NaN       NaN       NaN       NaN  Infinity       NaN       NaN       NaN       NaN       NaN
      1843       NaN       NaN       NaN       NaN       NaN       NaN       NaN       NaN  Infinity       NaN       NaN       NaN       NaN       NaN
      1844       NaN       NaN       NaN       NaN       NaN       NaN       NaN       NaN  Infinity       NaN       NaN       NaN       NaN       NaN
      1845       NaN       NaN       NaN       NaN       NaN       NaN       NaN       NaN  Infinity       NaN       NaN       NaN       NaN       NaN
      1846       NaN       NaN       NaN       NaN       NaN       NaN       NaN       NaN  Infinity       NaN       NaN       NaN       NaN       NaN
      1847       NaN       NaN       NaN       NaN       NaN       NaN       NaN       NaN  Infinity       NaN       NaN       NaN       NaN       NaN
      1848       NaN       NaN       NaN       NaN       NaN       NaN       NaN       NaN  Infinity       NaN       NaN       NaN       NaN       NaN
      1849       NaN       NaN       NaN       NaN       NaN       NaN       NaN       NaN  Infinity       NaN       NaN       NaN       NaN       NaN
      1850       NaN       NaN       NaN       NaN       NaN       NaN       NaN       NaN  Infinity       NaN       NaN       NaN       NaN       NaN
      1851       NaN       NaN       NaN       NaN       NaN       NaN       NaN       NaN  Infinity       NaN       NaN       NaN       NaN       NaN
      1852       NaN       NaN       NaN       NaN       NaN       NaN       NaN       NaN  Infinity       NaN       NaN       NaN       NaN       NaN
      1853       NaN       NaN       NaN       NaN       NaN       NaN       NaN       NaN  Infinity       NaN       NaN       NaN       NaN       NaN
      1854       NaN       NaN       NaN       NaN       NaN       NaN       NaN       NaN  Infinity       NaN       NaN       NaN       NaN       NaN
      1855       NaN       NaN       NaN       NaN       NaN       NaN       NaN       NaN  Infinity       NaN       NaN       NaN       NaN       NaN
      1856       NaN       NaN       NaN       NaN       NaN       NaN       NaN       NaN  Infinity       NaN       NaN       NaN       NaN       NaN
      1857       NaN       NaN       NaN       NaN       NaN       NaN       NaN       NaN  Infinity       NaN       NaN       NaN       NaN       NaN
      1858       NaN       NaN       NaN       NaN       NaN       NaN       NaN       NaN  Infinity       NaN       NaN       NaN       NaN       NaN
      1859       NaN       NaN       NaN       NaN       NaN       NaN       NaN       NaN  Infinity       NaN       NaN       NaN       NaN       NaN
      1860       NaN       NaN       NaN       NaN       NaN       NaN       NaN       NaN  Infinity       NaN       NaN       NaN       NaN       NaN
      1861       NaN       NaN       NaN       NaN       NaN       NaN       NaN       NaN  Infinity       NaN       NaN       NaN       NaN       NaN
      1862       NaN       NaN       NaN       NaN       NaN       NaN       NaN       NaN  Infinity       NaN       NaN       NaN       NaN       NaN
      1863       NaN       NaN       NaN       NaN       NaN       NaN       NaN       NaN  Infinity       NaN       NaN       NaN       NaN       NaN
      1864       NaN       NaN       NaN       NaN       NaN       NaN       NaN       NaN  Infinity       NaN       NaN       NaN       NaN       NaN
      1865       NaN       NaN       NaN       NaN       NaN       NaN       NaN       NaN  Infinity       NaN       NaN       NaN       NaN       NaN
      1866       NaN       NaN       NaN       NaN       NaN       NaN       NaN       NaN  Infinity       NaN       NaN       NaN       NaN       NaN
      1867       NaN       NaN       NaN       NaN       NaN       NaN       NaN       NaN  Infinity       NaN       NaN       NaN       NaN       NaN
      1868       NaN       NaN       NaN       NaN       NaN       NaN       NaN       NaN  Infinity       NaN       NaN       NaN       NaN       NaN
      1869       NaN       NaN       NaN       NaN       NaN       NaN       NaN       NaN  Infinity       NaN       NaN       NaN       NaN       NaN
      1870       NaN       NaN       NaN       NaN       NaN       NaN       NaN       NaN  Infinity       NaN       NaN       NaN       NaN       NaN
      1871       NaN       NaN       NaN       NaN       NaN       NaN       NaN       NaN  Infinity       NaN       NaN       NaN       NaN       NaN
      1872       NaN       NaN       NaN       NaN       NaN       NaN       NaN       NaN  Infinity       NaN       NaN       NaN       NaN       NaN
      1873       NaN       NaN       NaN       NaN       NaN       NaN       NaN       NaN  Infinity       NaN       NaN       NaN       NaN       NaN
      1874       NaN       NaN       NaN       NaN       NaN       NaN       NaN       NaN  Infinity       NaN       NaN       NaN       NaN       NaN
      1875       NaN       NaN       NaN       NaN       NaN       NaN       NaN       NaN  Infinity       NaN       NaN       NaN       NaN       NaN
      1876       NaN       NaN       NaN       NaN       NaN       NaN       NaN       NaN  Infinity       NaN       NaN       NaN       NaN       NaN
      1877       NaN       NaN       NaN       NaN       NaN       NaN       NaN       NaN  Infinity       NaN       NaN       NaN       NaN       NaN
      1878       NaN       NaN       NaN       NaN       NaN       NaN       NaN       NaN  Infinity       NaN       NaN       NaN       NaN       NaN
      1879       NaN       NaN       NaN       NaN       NaN       NaN       NaN       NaN  Infinity       NaN       NaN       NaN       NaN       NaN
      1880       NaN       NaN       NaN       NaN       NaN       NaN       NaN       NaN  Infinity       NaN       NaN       NaN       NaN       NaN
      1881       NaN       NaN       NaN       NaN       NaN       NaN       NaN       NaN  Infinity       NaN       NaN       NaN       NaN       NaN
      1882       NaN       NaN       NaN       NaN       NaN       NaN       NaN       NaN  Infinity       NaN       NaN       NaN       NaN       NaN
      1883       NaN       NaN       NaN       NaN       NaN       NaN       NaN       NaN  Infinity       NaN       NaN       NaN       NaN       NaN
      1884       NaN       NaN       NaN       NaN       NaN       NaN       NaN       NaN  Infinity       NaN       NaN       NaN       NaN       NaN
      1885       NaN       NaN       NaN       NaN       NaN       NaN       NaN       NaN  Infinity       NaN       NaN       NaN       NaN       NaN
      1886       NaN       NaN       NaN       NaN       NaN       NaN       NaN       NaN  Infinity       NaN       NaN       NaN       NaN       NaN
      1887       NaN       NaN       NaN       NaN       NaN       NaN       NaN       NaN  Infinity       NaN       NaN       NaN       NaN       NaN
      1888       NaN       NaN       NaN       NaN       NaN       NaN       NaN       NaN  Infinity       NaN       NaN       NaN       NaN       NaN
      1889       NaN       NaN       NaN       NaN       NaN       NaN       NaN       NaN  Infinity       NaN       NaN       NaN       NaN       NaN
      1890       NaN       NaN       NaN       NaN       NaN       NaN       NaN       NaN  Infinity       NaN       NaN       NaN       NaN       NaN
      1891       NaN       NaN       NaN       NaN       NaN       NaN       NaN       NaN  Infinity       NaN       NaN       NaN       NaN       NaN
      1892       NaN       NaN       NaN       NaN       NaN       NaN       NaN       NaN  Infinity       NaN       NaN       NaN       NaN       NaN
      1893       NaN       NaN       NaN       NaN       NaN       NaN       NaN       NaN  Infinity       NaN       NaN       NaN       NaN       NaN
      1894       NaN       NaN       NaN       NaN       NaN       NaN       NaN       NaN  Infinity       NaN       NaN       NaN       NaN       NaN
      1895       NaN       NaN       NaN       NaN       NaN       NaN       NaN       NaN  Infinity       NaN       NaN       NaN       NaN       NaN
      1896       NaN       NaN       NaN       NaN       NaN       NaN       NaN       NaN  Infinity       NaN       NaN       NaN       NaN       NaN
      1897       NaN       NaN       NaN       NaN       NaN       NaN       NaN       NaN  Infinity       NaN       NaN       NaN       NaN       NaN
      1898       NaN       NaN       NaN       NaN       NaN       NaN       NaN       NaN  Infinity       NaN       NaN       NaN       NaN       NaN
      1899       NaN       NaN       NaN       NaN       NaN       NaN       NaN       NaN  Infinity       NaN       NaN       NaN       NaN       NaN
      1900       NaN       NaN       NaN       NaN       NaN       NaN       NaN       NaN  Infinity       NaN       NaN       NaN       NaN       NaN
      1901       NaN       NaN       NaN       NaN       NaN       NaN       NaN       NaN  Infinity       NaN       NaN       NaN       NaN       NaN
      1902       NaN       NaN       NaN       NaN       NaN       NaN       NaN       NaN  Infinity       NaN       NaN       NaN       NaN       NaN
      1903       NaN       NaN       NaN       NaN       NaN       NaN       NaN       NaN  Infinity       NaN       NaN       NaN       NaN       NaN
      1904       NaN       NaN       NaN       NaN       NaN       NaN       NaN       NaN  Infinity       NaN       NaN       NaN       NaN       NaN
      1905       NaN       NaN       NaN       NaN       NaN       NaN       NaN       NaN  Infinity       NaN       NaN       NaN       NaN       NaN
      1906       NaN       NaN       NaN       NaN       NaN       NaN       NaN       NaN  Infinity       NaN       NaN       NaN       NaN       NaN
      1907       NaN       NaN       NaN       NaN       NaN       NaN       NaN       NaN  Infinity       NaN       NaN       NaN       NaN       NaN
      1908       NaN       NaN       NaN       NaN       NaN       NaN       NaN       NaN  Infinity       NaN       NaN       NaN       NaN       NaN
      1909       NaN       NaN       NaN       NaN       NaN       NaN       NaN       NaN  Infinity       NaN       NaN       NaN       NaN       NaN
      1910       NaN       NaN       NaN       NaN       NaN       NaN       NaN       NaN  Infinity       NaN       NaN       NaN       NaN       NaN
      1911       NaN       NaN       NaN       NaN       NaN       NaN       NaN       NaN  Infinity       NaN       NaN       NaN       NaN       NaN
      1912       NaN       NaN       NaN       NaN       NaN       NaN       NaN       NaN  Infinity       NaN       NaN       NaN       NaN       NaN
      1913       NaN       NaN       NaN       NaN       NaN       NaN       NaN       NaN  Infinity       NaN       NaN       NaN       NaN       NaN
      1914       NaN       NaN       NaN       NaN       NaN       NaN       NaN       NaN  Infinity       NaN       NaN       NaN       NaN       NaN
      1915       NaN       NaN       NaN       NaN       NaN       NaN       NaN       NaN  Infinity       NaN       NaN       NaN       NaN       NaN
      1916       NaN       NaN       NaN       NaN       NaN       NaN       NaN       NaN  Infinity       NaN       NaN       NaN       NaN       NaN
      1917       NaN       NaN       NaN       NaN       NaN       NaN       NaN       NaN  Infinity       NaN       NaN       NaN       NaN       NaN
      1918       NaN       NaN       NaN       NaN       NaN       NaN       NaN       NaN  Infinity       NaN       NaN       NaN       NaN       NaN
      1919       NaN       NaN       NaN       NaN       NaN       NaN       NaN       NaN  Infinity       NaN       NaN       NaN       NaN       NaN
      1920       NaN       NaN       NaN       NaN       NaN       NaN       NaN       NaN  Infinity       NaN       NaN       NaN       NaN       NaN
      1921       NaN       NaN       NaN       NaN       NaN       NaN       NaN       NaN  Infinity       NaN       NaN       NaN       NaN       NaN
      1922       NaN       NaN       NaN       NaN       NaN       NaN       NaN       NaN  Infinity       NaN       NaN       NaN       NaN       NaN
      1923       NaN       NaN       NaN       NaN       NaN       NaN       NaN       NaN  Infinity       NaN       NaN       NaN       NaN       NaN
      1924       NaN       NaN       NaN       NaN       NaN       NaN       NaN       NaN  Infinity       NaN       NaN       NaN       NaN       NaN
      1925       NaN       NaN       NaN       NaN       NaN       NaN       NaN       NaN  Infinity       NaN       NaN       NaN       NaN       NaN
      1926       NaN       NaN       NaN       NaN       NaN       NaN       NaN       NaN  Infinity       NaN       NaN       NaN       NaN       NaN
      1927       NaN       NaN       NaN       NaN       NaN       NaN       NaN       NaN  Infinity       NaN       NaN       NaN       NaN       NaN
      1928       NaN       NaN       NaN       NaN       NaN       NaN       NaN       NaN  Infinity       NaN       NaN       NaN       NaN       NaN
      1929       NaN       NaN       NaN       NaN       NaN       NaN       NaN       NaN  Infinity       NaN       NaN       NaN       NaN       NaN
      1930       NaN       NaN       NaN       NaN       NaN       NaN       NaN       NaN  Infinity       NaN       NaN       NaN       NaN       NaN
      1931       NaN       NaN       NaN       NaN       NaN       NaN       NaN       NaN  Infinity       NaN       NaN       NaN       NaN       NaN
      1932       NaN       NaN       NaN       NaN       NaN       NaN       NaN       NaN  Infinity       NaN       NaN       NaN       NaN       NaN
      1933       NaN       NaN       NaN       NaN       NaN       NaN       NaN       NaN  Infinity       NaN       NaN       NaN       NaN       NaN
      1934       NaN       NaN       NaN       NaN       NaN       NaN       NaN       NaN  Infinity       NaN       NaN       NaN       NaN       NaN
      1935       NaN       NaN       NaN       NaN       NaN       NaN       NaN       NaN  Infinity       NaN       NaN       NaN       NaN       NaN
      1936       NaN       NaN       NaN       NaN       NaN       NaN       NaN       NaN  Infinity       NaN       NaN       NaN       NaN       NaN
      1937       NaN       NaN       NaN       NaN       NaN       NaN       NaN       NaN  Infinity       NaN       NaN       NaN       NaN       NaN
      1938       NaN       NaN       NaN       NaN       NaN       NaN       NaN       NaN  Infinity       NaN       NaN       NaN       NaN       NaN
      1939       NaN       NaN       NaN       NaN       NaN       NaN       NaN       NaN  Infinity       NaN       NaN       NaN       NaN       NaN
      1940       NaN       NaN       NaN       NaN       NaN       NaN       NaN       NaN  Infinity       NaN       NaN       NaN       NaN       NaN
      1941       NaN       NaN       NaN       NaN       NaN       NaN       NaN       NaN  Infinity       NaN       NaN       NaN       NaN       NaN
      1942       NaN       NaN       NaN       NaN       NaN       NaN       NaN       NaN  Infinity       NaN       NaN       NaN       NaN       NaN
      1943       NaN       NaN       NaN       NaN       NaN       NaN       NaN       NaN  Infinity       NaN       NaN       NaN       NaN       NaN
      1944       NaN       NaN       NaN       NaN       NaN       NaN       NaN       NaN  Infinity       NaN       NaN       NaN       NaN       NaN
      1945       NaN       NaN       NaN       NaN       NaN       NaN       NaN       NaN  Infinity       NaN       NaN       NaN       NaN       NaN
      1946       NaN       NaN       NaN       NaN       NaN       NaN       NaN       NaN  Infinity       NaN       NaN       NaN       NaN       NaN
      1947       NaN       NaN       NaN       NaN       NaN       NaN       NaN       NaN  Infinity       NaN       NaN       NaN       NaN       NaN
      1948       NaN       NaN       NaN       NaN       NaN       NaN       NaN       NaN  Infinity       NaN       NaN       NaN       NaN       NaN
      1949       NaN       NaN       NaN       NaN       NaN       NaN       NaN       NaN  Infinity       NaN       NaN       NaN       NaN       NaN
      1950       NaN       NaN       NaN       NaN       NaN       NaN       NaN       NaN  Infinity       NaN       NaN       NaN       NaN       NaN
      1951       NaN       NaN       NaN       NaN       NaN       NaN       NaN       NaN  Infinity       NaN       NaN       NaN       NaN       NaN
      1952       NaN       NaN       NaN       NaN       NaN       NaN       NaN       NaN  Infinity       NaN       NaN       NaN       NaN       NaN
      1953       NaN       NaN       NaN       NaN       NaN       NaN       NaN       NaN  Infinity       NaN       NaN       NaN       NaN       NaN
      1954       NaN       NaN       NaN       NaN       NaN       NaN       NaN       NaN  Infinity       NaN       NaN       NaN       NaN       NaN
      1955       NaN       NaN       NaN       NaN       NaN       NaN       NaN       NaN  Infinity       NaN       NaN       NaN       NaN       NaN
      1956       NaN       NaN       NaN       NaN       NaN       NaN       NaN       NaN  Infinity       NaN       NaN       NaN       NaN       NaN
      1957       NaN       NaN       NaN       NaN       NaN       NaN       NaN       NaN  Infinity       NaN       NaN       NaN       NaN       NaN
      1958       NaN       NaN       NaN       NaN       NaN       NaN       NaN       NaN  Infinity       NaN       NaN       NaN       NaN       NaN
      1959       NaN       NaN       NaN       NaN       NaN       NaN       NaN       NaN  Infinity       NaN       NaN       NaN       NaN       NaN
      1960       NaN       NaN       NaN       NaN       NaN       NaN       NaN       NaN  Infinity       NaN       NaN       NaN       NaN       NaN
      1961       NaN       NaN       NaN       NaN       NaN       NaN       NaN       NaN  Infinity       NaN       NaN       NaN       NaN       NaN
      1962       NaN       NaN       NaN       NaN       NaN       NaN       NaN       NaN  Infinity       NaN       NaN       NaN       NaN       NaN
      1963       NaN       NaN       NaN       NaN       NaN       NaN       NaN       NaN  Infinity       NaN       NaN       NaN       NaN       NaN
      1964       NaN       NaN       NaN       NaN       NaN       NaN       NaN       NaN  Infinity       NaN       NaN       NaN       NaN       NaN
      1965       NaN       NaN       NaN       NaN       NaN       NaN       NaN       NaN  Infinity       NaN       NaN       NaN       NaN       NaN
      1966       NaN       NaN       NaN       NaN       NaN       NaN       NaN       NaN  Infinity       NaN       NaN       NaN       NaN       NaN
      1967       NaN       NaN       NaN       NaN       NaN       NaN       NaN       NaN  Infinity       NaN       NaN       NaN       NaN       NaN
      1968       NaN       NaN       NaN       NaN       NaN       NaN       NaN       NaN  Infinity       NaN       NaN       NaN       NaN       NaN
      1969       NaN       NaN       NaN       NaN       NaN       NaN       NaN       NaN  Infinity       NaN       NaN       NaN       NaN       NaN
      1970       NaN       NaN       NaN       NaN       NaN       NaN       NaN       NaN  Infinity       NaN       NaN       NaN       NaN       NaN
      1971       NaN       NaN       NaN       NaN       NaN       NaN       NaN       NaN  Infinity       NaN       NaN       NaN       NaN       NaN
      1972       NaN       NaN       NaN       NaN       NaN       NaN       NaN       NaN  Infinity       NaN       NaN       NaN       NaN       NaN
      1973       NaN       NaN       NaN       NaN       NaN       NaN       NaN       NaN  Infinity       NaN       NaN       NaN       NaN       NaN
      1974       NaN       NaN       NaN       NaN       NaN       NaN       NaN       NaN  Infinity       NaN       NaN       NaN       NaN       NaN
      1975       NaN       NaN       NaN       NaN       NaN       NaN       NaN       NaN  Infinity       NaN       NaN       NaN       NaN       NaN
      1976       NaN       NaN       NaN       NaN       NaN       NaN       NaN       NaN  Infinity       NaN       NaN       NaN       NaN       NaN
      1977       NaN       NaN       NaN       NaN       NaN       NaN       NaN       NaN  Infinity       NaN       NaN       NaN       NaN       NaN
      1978       NaN       NaN       NaN       NaN       NaN       NaN       NaN       NaN  Infinity       NaN       NaN       NaN       NaN       NaN
      1979       NaN       NaN       NaN       NaN       NaN       NaN       NaN       NaN  Infinity       NaN       NaN       NaN       NaN       NaN
      1980       NaN       NaN       NaN       NaN       NaN       NaN       NaN       NaN  Infinity       NaN       NaN       NaN       NaN       NaN
      1981       NaN       NaN       NaN       NaN       NaN       NaN       NaN       NaN  Infinity       NaN       NaN       NaN       NaN       NaN
      1982       NaN       NaN       NaN       NaN       NaN       NaN       NaN       NaN  Infinity       NaN       NaN       NaN       NaN       NaN
      1983       NaN       NaN       NaN       NaN       NaN       NaN       NaN       NaN  Infinity       NaN       NaN       NaN       NaN       NaN
      1984       NaN       NaN       NaN       NaN       NaN       NaN       NaN       NaN  Infinity       NaN       NaN       NaN       NaN       NaN
      1985       NaN       NaN       NaN       NaN       NaN       NaN       NaN       NaN  Infinity       NaN       NaN       NaN       NaN       NaN
      1986       NaN       NaN       NaN       NaN       NaN       NaN       NaN       NaN  Infinity       NaN       NaN       NaN       NaN       NaN
      1987       NaN       NaN       NaN       NaN       NaN       NaN       NaN       NaN  Infinity       NaN       NaN       NaN       NaN       NaN
      1988       NaN       NaN       NaN       NaN       NaN       NaN       NaN       NaN  Infinity       NaN       NaN       NaN       NaN       NaN
      1989       NaN       NaN       NaN       NaN       NaN       NaN       NaN       NaN  Infinity       NaN       NaN       NaN       NaN       NaN
      1990       NaN       NaN       NaN       NaN       NaN       NaN       NaN       NaN  Infinity       NaN       NaN       NaN       NaN       NaN
      1991       NaN       NaN       NaN       NaN       NaN       NaN       NaN       NaN  Infinity       NaN       NaN       NaN       NaN       NaN
      1992       NaN       NaN       NaN       NaN       NaN       NaN       NaN       NaN  Infinity       NaN       NaN       NaN       NaN       NaN
      1993       NaN       NaN       NaN       NaN       NaN       NaN       NaN       NaN  Infinity       NaN       NaN       NaN       NaN       NaN
      1994       NaN       NaN       NaN       NaN       NaN       NaN       NaN       NaN  Infinity       NaN       NaN       NaN       NaN       NaN
      1995       NaN       NaN       NaN       NaN       NaN       NaN       NaN       NaN  Infinity       NaN       NaN       NaN       NaN       NaN
      1996       NaN       NaN       NaN       NaN       NaN       NaN       NaN       NaN  Infinity       NaN       NaN       NaN       NaN       NaN
      1997       NaN       NaN       NaN       NaN       NaN       NaN       NaN       NaN  Infinity       NaN       NaN       NaN       NaN       NaN
      1998       NaN       NaN       NaN       NaN       NaN       NaN       NaN       NaN  Infinity       NaN       NaN       NaN       NaN       NaN
      1999       NaN       NaN       NaN       NaN       NaN       NaN       NaN       NaN  Infinity       NaN       NaN       NaN       NaN       NaN
      2000       NaN       NaN       NaN       NaN       NaN       NaN       NaN       NaN  Infinity       NaN       NaN       NaN       NaN       NaN
      2001       NaN       NaN       NaN       NaN       NaN       NaN       NaN       NaN  Infinity       NaN       NaN       NaN       NaN       NaN
      2002       NaN       NaN       NaN       NaN       NaN       NaN       NaN       NaN  Infinity       NaN       NaN       NaN       NaN       NaN
      2003       NaN       NaN       NaN       NaN       NaN       NaN       NaN       NaN  Infinity       NaN       NaN       NaN       NaN       NaN
      2004       NaN       NaN       NaN       NaN       NaN       NaN       NaN       NaN  Infinity       NaN       NaN       NaN       NaN       NaN
      2005       NaN       NaN       NaN       NaN       NaN       NaN       NaN       NaN  Infinity       NaN       NaN       NaN       NaN       NaN
      2006       NaN       NaN       NaN       NaN       NaN       NaN       NaN       NaN  Infinity       NaN       NaN       NaN       NaN       NaN
      2007       NaN       NaN       NaN       NaN       NaN       NaN       NaN       NaN  Infinity       NaN       NaN       NaN       NaN       NaN
      2008       NaN       NaN       NaN       NaN       NaN       NaN       NaN       NaN  Infinity       NaN       NaN       NaN       NaN       NaN
      2009       NaN       NaN       NaN       NaN       NaN       NaN       NaN       NaN  Infinity       NaN       NaN       NaN       NaN       NaN
      2010       NaN       NaN       NaN       NaN       NaN       NaN       NaN       NaN  Infinity       NaN       NaN       NaN       NaN       NaN
      2011       NaN       NaN       NaN       NaN       NaN       NaN       NaN       NaN  Infinity       NaN       NaN       NaN       NaN       NaN
      2012       NaN       NaN       NaN       NaN       NaN       NaN       NaN       NaN  Infinity       NaN       NaN       NaN       NaN       NaN
      2013       NaN       NaN       NaN       NaN       NaN       NaN       NaN       NaN  Infinity       NaN       NaN       NaN       NaN       NaN
      2014       NaN       NaN       NaN       NaN       NaN       NaN       NaN       NaN  Infinity       NaN       NaN       NaN       NaN       NaN
      2015       NaN       NaN       NaN       NaN       NaN       NaN       NaN       NaN  Infinity       NaN       NaN       NaN       NaN       NaN
      2016       NaN       NaN       NaN       NaN       NaN       NaN       NaN       NaN  Infinity       NaN       NaN       NaN       NaN       NaN
      2017       NaN       NaN       NaN       NaN       NaN       NaN       NaN       NaN  Infinity       NaN       NaN       NaN       NaN       NaN
      2018       NaN       NaN       NaN       NaN       NaN       NaN       NaN       NaN  Infinity       NaN       NaN       NaN       NaN       NaN
      2019       NaN       NaN       NaN       NaN       NaN       NaN       NaN       NaN  Infinity       NaN       NaN       NaN       NaN       NaN
      2020       NaN       NaN       NaN       NaN       NaN       NaN       NaN       NaN  Infinity       NaN       NaN       NaN       NaN       NaN
      2021       NaN       NaN       NaN       NaN       NaN       NaN       NaN       NaN  Infinity       NaN       NaN       NaN       NaN       NaN
      2022       NaN       NaN       NaN       NaN       NaN       NaN       NaN       NaN  Infinity       NaN       NaN       NaN       NaN       NaN
      2023       NaN       NaN       NaN       NaN       NaN       NaN       NaN       NaN  Infinity       NaN       NaN       NaN       NaN       NaN
      2024       NaN       NaN       NaN       NaN       NaN       NaN       NaN       NaN  Infinity       NaN       NaN       NaN       NaN       NaN
      2025       NaN       NaN       NaN       NaN       NaN       NaN       NaN       NaN  Infinity       NaN       NaN       NaN       NaN       NaN
      2026       NaN       NaN       NaN       NaN       NaN       NaN       NaN       NaN  Infinity       NaN       NaN       NaN       NaN       NaN
      2027       NaN       NaN       NaN       NaN       NaN       NaN       NaN       NaN  Infinity       NaN       NaN       NaN       NaN       NaN
      2028       NaN       NaN       NaN       NaN       NaN       NaN       NaN       NaN  Infinity       NaN       NaN       NaN       NaN       NaN
      2029       NaN       NaN       NaN       NaN       NaN       NaN       NaN       NaN  Infinity       NaN       NaN       NaN       NaN       NaN
      2030       NaN       NaN       NaN       NaN       NaN       NaN       NaN       NaN  Infinity       NaN       NaN       NaN       NaN       NaN
      2031       NaN       NaN       NaN       NaN       NaN       NaN       NaN       NaN  Infinity       NaN       NaN       NaN       NaN       NaN
      2032       NaN       NaN       NaN       NaN       NaN       NaN       NaN       NaN  Infinity       NaN       NaN       NaN       NaN       NaN
      2033       NaN       NaN       NaN       NaN       NaN       NaN       NaN       NaN  Infinity       NaN       NaN       NaN       NaN       NaN
      2034       NaN       NaN       NaN       NaN       NaN       NaN       NaN       NaN  Infinity       NaN       NaN       NaN       NaN       NaN
      2035       NaN       NaN       NaN       NaN       NaN       NaN       NaN       NaN  Infinity       NaN       NaN       NaN       NaN       NaN
      2036       NaN       NaN       NaN       NaN       NaN       NaN       NaN       NaN  Infinity       NaN       NaN       NaN       NaN       NaN
      2037       NaN       NaN       NaN       NaN       NaN       NaN       NaN       NaN  Infinity       NaN       NaN       NaN       NaN       NaN
      2038       NaN       NaN       NaN       NaN       NaN       NaN       NaN       NaN  Infinity       NaN       NaN       NaN       NaN       NaN
      2039       NaN       NaN       NaN       NaN       NaN       NaN       NaN       NaN  Infinity       NaN       NaN       NaN       NaN       NaN
      2040       NaN       NaN       NaN       NaN       NaN       NaN       NaN       NaN  Infinity       NaN       NaN       NaN       NaN       NaN
      2041       NaN       NaN       NaN       NaN       NaN       NaN       NaN       NaN  Infinity       NaN       NaN       NaN       NaN       NaN
      2042       NaN       NaN       NaN       NaN       NaN       NaN       NaN       NaN  Infinity       NaN       NaN       NaN       NaN       NaN
      2043       NaN       NaN       NaN       NaN       NaN       NaN       NaN       NaN  Infinity       NaN       NaN       NaN       NaN       NaN
      2044       NaN       NaN       NaN       NaN       NaN       NaN       NaN       NaN  Infinity       NaN       NaN       NaN       NaN       NaN
      2045       NaN       NaN       NaN       NaN       NaN       NaN       NaN       NaN  Infinity       NaN       NaN       NaN       NaN       NaN
      2046       NaN       NaN       NaN       NaN       NaN       NaN       NaN       NaN  Infinity       NaN       NaN       NaN       NaN       NaN
      2047       NaN       NaN       NaN       NaN       NaN       NaN       NaN       NaN  Infinity       NaN       NaN       NaN       NaN       NaN
      2048       NaN       NaN       NaN       NaN       NaN       NaN       NaN       NaN  Infinity       NaN       NaN       NaN       NaN       NaN
      2049       NaN       NaN       NaN       NaN       NaN       NaN       NaN       NaN  Infinity       NaN       NaN       NaN       NaN       NaN
      2050       NaN       NaN       NaN       NaN       NaN       NaN       NaN       NaN  Infinity       NaN       NaN       NaN       NaN       NaN
      2051       NaN       NaN       NaN       NaN       NaN       NaN       NaN       NaN  Infinity       NaN       NaN       NaN       NaN       NaN
      2052       NaN       NaN       NaN       NaN       NaN       NaN       NaN       NaN  Infinity       NaN       NaN       NaN       NaN       NaN
      2053       NaN       NaN       NaN       NaN       NaN       NaN       NaN       NaN  Infinity       NaN       NaN       NaN       NaN       NaN
      2054       NaN       NaN       NaN       NaN       NaN       NaN       NaN       NaN  Infinity       NaN       NaN       NaN       NaN       NaN
      2055       NaN       NaN       NaN       NaN       NaN       NaN       NaN       NaN  Infinity       NaN       NaN       NaN       NaN       NaN
      2056       NaN       NaN       NaN       NaN       NaN       NaN       NaN       NaN  Infinity       NaN       NaN       NaN       NaN       NaN
      2057       NaN       NaN       NaN       NaN       NaN       NaN       NaN       NaN  Infinity       NaN       NaN       NaN       NaN       NaN
      2058       NaN       NaN       NaN       NaN       NaN       NaN       NaN       NaN  Infinity       NaN       NaN       NaN       NaN       NaN
      2059       NaN       NaN       NaN       NaN       NaN       NaN       NaN       NaN  Infinity       NaN       NaN       NaN       NaN       NaN
      2060       NaN       NaN       NaN       NaN       NaN       NaN       NaN       NaN  Infinity       NaN       NaN       NaN       NaN       NaN
      2061       NaN       NaN       NaN       NaN       NaN       NaN       NaN       NaN  Infinity       NaN       NaN       NaN       NaN       NaN
      2062       NaN       NaN       NaN       NaN       NaN       NaN       NaN       NaN  Infinity       NaN       NaN       NaN       NaN       NaN
      2063       NaN       NaN       NaN       NaN       NaN       NaN       NaN       NaN  Infinity       NaN       NaN       NaN       NaN       NaN
      2064       NaN       NaN       NaN       NaN       NaN       NaN       NaN       NaN  Infinity       NaN       NaN       NaN       NaN       NaN
      2065       NaN       NaN       NaN       NaN       NaN       NaN       NaN       NaN  Infinity       NaN       NaN       NaN       NaN       NaN
      2066       NaN       NaN       NaN       NaN       NaN       NaN       NaN       NaN  Infinity       NaN       NaN       NaN       NaN       NaN
      2067       NaN       NaN       NaN       NaN       NaN       NaN       NaN       NaN  Infinity       NaN       NaN       NaN       NaN       NaN
      2068       NaN       NaN       NaN       NaN       NaN       NaN       NaN       NaN  Infinity       NaN       NaN       NaN       NaN       NaN
      2069       NaN       NaN       NaN       NaN       NaN       NaN       NaN       NaN  Infinity       NaN       NaN       NaN       NaN       NaN
      2070       NaN       NaN       NaN       NaN       NaN       NaN       NaN       NaN  Infinity       NaN       NaN       NaN       NaN       NaN
      2071       NaN       NaN       NaN       NaN       NaN       NaN       NaN       NaN  Infinity       NaN       NaN       NaN       NaN       NaN
      2072       NaN       NaN       NaN       NaN       NaN       NaN       NaN       NaN  Infinity       NaN       NaN       NaN       NaN       NaN
      2073       NaN       NaN       NaN       NaN       NaN       NaN       NaN       NaN  Infinity       NaN       NaN       NaN       NaN       NaN
      2074       NaN       NaN       NaN       NaN       NaN       NaN       NaN       NaN  Infinity       NaN       NaN       NaN       NaN       NaN
      2075       NaN       NaN       NaN       NaN       NaN       NaN       NaN       NaN  Infinity       NaN       NaN       NaN       NaN       NaN
      2076       NaN       NaN       NaN       NaN       NaN       NaN       NaN       NaN  Infinity       NaN       NaN       NaN       NaN       NaN
      2077       NaN       NaN       NaN       NaN       NaN       NaN       NaN       NaN  Infinity       NaN       NaN       NaN       NaN       NaN
      2078       NaN       NaN       NaN       NaN       NaN       NaN       NaN       NaN  Infinity       NaN       NaN       NaN       NaN       NaN
      2079       NaN       NaN       NaN       NaN       NaN       NaN       NaN       NaN  Infinity       NaN       NaN       NaN       NaN       NaN
      2080       NaN       NaN       NaN       NaN       NaN       NaN       NaN       NaN  Infinity       NaN       NaN       NaN       NaN       NaN
      2081       NaN       NaN       NaN       NaN       NaN       NaN       NaN       NaN  Infinity       NaN       NaN       NaN       NaN       NaN
      2082       NaN       NaN       NaN       NaN       NaN       NaN       NaN       NaN  Infinity       NaN       NaN       NaN       NaN       NaN
      2083       NaN       NaN       NaN       NaN       NaN       NaN       NaN       NaN  Infinity       NaN       NaN       NaN       NaN       NaN
      2084       NaN       NaN       NaN       NaN       NaN       NaN       NaN       NaN  Infinity       NaN       NaN       NaN       NaN       NaN
      2085       NaN       NaN       NaN       NaN       NaN       NaN       NaN       NaN  Infinity       NaN       NaN       NaN       NaN       NaN
      2086       NaN       NaN       NaN       NaN       NaN       NaN       NaN       NaN  Infinity       NaN       NaN       NaN       NaN       NaN
      2087       NaN       NaN       NaN       NaN       NaN       NaN       NaN       NaN  Infinity       NaN       NaN       NaN       NaN       NaN
      2088       NaN       NaN       NaN       NaN       NaN       NaN       NaN       NaN  Infinity       NaN       NaN       NaN       NaN       NaN
      2089       NaN       NaN       NaN       NaN       NaN       NaN       NaN       NaN  Infinity       NaN       NaN       NaN       NaN       NaN
      2090       NaN       NaN       NaN       NaN       NaN       NaN       NaN       NaN  Infinity       NaN       NaN       NaN       NaN       NaN
      2091       NaN       NaN       NaN       NaN       NaN       NaN       NaN       NaN  Infinity       NaN       NaN       NaN       NaN       NaN
      2092       NaN       NaN       NaN       NaN       NaN       NaN       NaN       NaN  Infinity       NaN       NaN       NaN       NaN       NaN
      2093       NaN       NaN       NaN       NaN       NaN       NaN       NaN       NaN  Infinity       NaN       NaN       NaN       NaN       NaN
      2094       NaN       NaN       NaN       NaN       NaN       NaN       NaN       NaN  Infinity       NaN       NaN       NaN       NaN       NaN
      2095       NaN       NaN       NaN       NaN       NaN       NaN       NaN       NaN  Infinity       NaN       NaN       NaN       NaN       NaN
      2096       NaN       NaN       NaN       NaN       NaN       NaN       NaN       NaN  Infinity       NaN       NaN       NaN       NaN       NaN
      2097       NaN       NaN       NaN       NaN       NaN       NaN       NaN       NaN  Infinity       NaN       NaN       NaN       NaN       NaN
      2098       NaN       NaN       NaN       NaN       NaN       NaN       NaN       NaN  Infinity       NaN       NaN       NaN       NaN       NaN
      2099       NaN       NaN       NaN       NaN       NaN       NaN       NaN       NaN  Infinity       NaN       NaN       NaN       NaN       NaN
      2100       NaN       NaN       NaN       NaN       NaN       NaN       NaN       NaN  Infinity       NaN       NaN       NaN       NaN       NaN
      2101       NaN       NaN       NaN       NaN       NaN       NaN       NaN       NaN  Infinity       NaN       NaN       NaN       NaN       NaN
      2102       NaN       NaN       NaN       NaN       NaN       NaN       NaN       NaN  Infinity       NaN       NaN       NaN       NaN       NaN
      2103       NaN       NaN       NaN       NaN       NaN       NaN       NaN       NaN  Infinity       NaN       NaN       NaN       NaN       NaN
      2104       NaN       NaN       NaN       NaN       NaN       NaN       NaN       NaN  Infinity       NaN       NaN       NaN       NaN       NaN
      2105       NaN       NaN       NaN       NaN       NaN       NaN       NaN       NaN  Infinity       NaN       NaN       NaN       NaN       NaN
      2106       NaN       NaN       NaN       NaN       NaN       NaN       NaN       NaN  Infinity       NaN       NaN       NaN       NaN       NaN
      2107       NaN       NaN       NaN       NaN       NaN       NaN       NaN       NaN  Infinity       NaN       NaN       NaN       NaN       NaN
      2108       NaN       NaN       NaN       NaN       NaN       NaN       NaN       NaN  Infinity       NaN       NaN       NaN       NaN       NaN
      2109       NaN       NaN       NaN       NaN       NaN       NaN       NaN       NaN  Infinity       NaN       NaN       NaN       NaN       NaN
      2110       NaN       NaN       NaN       NaN       NaN       NaN       NaN       NaN  Infinity       NaN       NaN       NaN       NaN       NaN
      2111       NaN       NaN       NaN       NaN       NaN       NaN       NaN       NaN  Infinity       NaN       NaN       NaN       NaN       NaN
      2112       NaN       NaN       NaN       NaN       NaN       NaN       NaN       NaN  Infinity       NaN       NaN       NaN       NaN       NaN
      2113       NaN       NaN       NaN       NaN       NaN       NaN       NaN       NaN  Infinity       NaN       NaN       NaN       NaN       NaN
      2114       NaN       NaN       NaN       NaN       NaN       NaN       NaN       NaN  Infinity       NaN       NaN       NaN       NaN       NaN
      2115       NaN       NaN       NaN       NaN       NaN       NaN       NaN       NaN  Infinity       NaN       NaN       NaN       NaN       NaN
      2116       NaN       NaN       NaN       NaN       NaN       NaN       NaN       NaN  Infinity       NaN       NaN       NaN       NaN       NaN
      2117       NaN       NaN       NaN       NaN       NaN       NaN       NaN       NaN  Infinity       NaN       NaN       NaN       NaN       NaN
      2118       NaN       NaN       NaN       NaN       NaN       NaN       NaN       NaN  Infinity       NaN       NaN       NaN       NaN       NaN
      2119       NaN       NaN       NaN       NaN       NaN       NaN       NaN       NaN  Infinity       NaN       NaN       NaN       NaN       NaN
      2120       NaN       NaN       NaN       NaN       NaN       NaN       NaN       NaN  Infinity       NaN       NaN       NaN       NaN       NaN
      2121       NaN       NaN       NaN       NaN       NaN       NaN       NaN       NaN  Infinity       NaN       NaN       NaN       NaN       NaN
      2122       NaN       NaN       NaN       NaN       NaN       NaN       NaN       NaN  Infinity       NaN       NaN       NaN       NaN       NaN
      2123       NaN       NaN       NaN       NaN       NaN       NaN       NaN       NaN  Infinity       NaN       NaN       NaN       NaN       NaN
      2124       NaN       NaN       NaN       NaN       NaN       NaN       NaN       NaN  Infinity       NaN       NaN       NaN       NaN       NaN
      2125       NaN       NaN       NaN       NaN       NaN       NaN       NaN       NaN  Infinity       NaN       NaN       NaN       NaN       NaN
      2126       NaN       NaN       NaN       NaN       NaN       NaN       NaN       NaN  Infinity       NaN       NaN       NaN       NaN       NaN
      2127       NaN       NaN       NaN       NaN       NaN       NaN       NaN       NaN  Infinity       NaN       NaN       NaN       NaN       NaN
      2128       NaN       NaN       NaN       NaN       NaN       NaN       NaN       NaN  Infinity       NaN       NaN       NaN       NaN       NaN
      2129       NaN       NaN       NaN       NaN       NaN       NaN       NaN       NaN  Infinity       NaN       NaN       NaN       NaN       NaN
      2130       NaN       NaN       NaN       NaN       NaN       NaN       NaN       NaN  Infinity       NaN       NaN       NaN       NaN       NaN
      2131       NaN       NaN       NaN       NaN       NaN       NaN       NaN       NaN  Infinity       NaN       NaN       NaN       NaN       NaN
      2132       NaN       NaN       NaN       NaN       NaN       NaN       NaN       NaN  Infinity       NaN       NaN       NaN       NaN       NaN
      2133       NaN       NaN       NaN       NaN       NaN       NaN       NaN       NaN  Infinity       NaN       NaN       NaN       NaN       NaN
      2134       NaN       NaN       NaN       NaN       NaN       NaN       NaN       NaN  Infinity       NaN       NaN       NaN       NaN       NaN
      2135       NaN       NaN       NaN       NaN       NaN       NaN       NaN       NaN  Infinity       NaN       NaN       NaN       NaN       NaN
      2136       NaN       NaN       NaN       NaN       NaN       NaN       NaN       NaN  Infinity       NaN       NaN       NaN       NaN       NaN
      2137       NaN       NaN       NaN       NaN       NaN       NaN       NaN       NaN  Infinity       NaN       NaN       NaN       NaN       NaN
      2138       NaN       NaN       NaN       NaN       NaN       NaN       NaN       NaN  Infinity       NaN       NaN       NaN       NaN       NaN
      2139       NaN       NaN       NaN       NaN       NaN       NaN       NaN       NaN  Infinity       NaN       NaN       NaN       NaN       NaN
      2140       NaN       NaN       NaN       NaN       NaN       NaN       NaN       NaN  Infinity       NaN       NaN       NaN       NaN       NaN
      2141       NaN       NaN       NaN       NaN       NaN       NaN       NaN       NaN  Infinity       NaN       NaN       NaN       NaN       NaN
      2142       NaN       NaN       NaN       NaN       NaN       NaN       NaN       NaN  Infinity       NaN       NaN       NaN       NaN       NaN
      2143       NaN       NaN       NaN       NaN       NaN       NaN       NaN       NaN  Infinity       NaN       NaN       NaN       NaN       NaN
      2144       NaN       NaN       NaN       NaN       NaN       NaN       NaN       NaN  Infinity       NaN       NaN       NaN       NaN       NaN
      2145       NaN       NaN       NaN       NaN       NaN       NaN       NaN       NaN  Infinity       NaN       NaN       NaN       NaN       NaN
      2146       NaN       NaN       NaN       NaN       NaN       NaN       NaN       NaN  Infinity       NaN       NaN       NaN       NaN       NaN
      2147       NaN       NaN       NaN       NaN       NaN       NaN       NaN       NaN  Infinity       NaN       NaN       NaN       NaN       NaN
      2148       NaN       NaN       NaN       NaN       NaN       NaN       NaN       NaN  Infinity       NaN       NaN       NaN       NaN       NaN
      2149       NaN       NaN       NaN       NaN       NaN       NaN       NaN       NaN  Infinity       NaN       NaN       NaN       NaN       NaN
      2150       NaN       NaN       NaN       NaN       NaN       NaN       NaN       NaN  Infinity       NaN       NaN       NaN       NaN       NaN
      2151       NaN       NaN       NaN       NaN       NaN       NaN       NaN       NaN  Infinity       NaN       NaN       NaN       NaN       NaN
      2152       NaN       NaN       NaN       NaN       NaN       NaN       NaN       NaN  Infinity       NaN       NaN       NaN       NaN       NaN
      2153       NaN       NaN       NaN       NaN       NaN       NaN       NaN       NaN  Infinity       NaN       NaN       NaN       NaN       NaN
      2154       NaN       NaN       NaN       NaN       NaN       NaN       NaN       NaN  Infinity       NaN       NaN       NaN       NaN       NaN
      2155       NaN       NaN       NaN       NaN       NaN       NaN       NaN       NaN  Infinity       NaN       NaN       NaN       NaN       NaN
      2156       NaN       NaN       NaN       NaN       NaN       NaN       NaN       NaN  Infinity       NaN       NaN       NaN       NaN       NaN
      2157       NaN       NaN       NaN       NaN       NaN       NaN       NaN       NaN  Infinity       NaN       NaN       NaN       NaN       NaN
      2158       NaN       NaN       NaN       NaN       NaN       NaN       NaN       NaN  Infinity       NaN       NaN       NaN       NaN       NaN
      2159       NaN       NaN       NaN       NaN       NaN       NaN       NaN       NaN  Infinity       NaN       NaN       NaN       NaN       NaN
      2160       NaN       NaN       NaN       NaN       NaN       NaN       NaN       NaN  Infinity       NaN       NaN       NaN       NaN       NaN
      2161       NaN       NaN       NaN       NaN       NaN       NaN       NaN       NaN  Infinity       NaN       NaN       NaN       NaN       NaN
      2162       NaN       NaN       NaN       NaN       NaN       NaN       NaN       NaN  Infinity       NaN       NaN       NaN       NaN       NaN
      2163       NaN       NaN       NaN       NaN       NaN       NaN       NaN       NaN  Infinity       NaN       NaN       NaN       NaN       NaN
      2164       NaN       NaN       NaN       NaN       NaN       NaN       NaN       NaN  Infinity       NaN       NaN       NaN       NaN       NaN
      2165       NaN       NaN       NaN       NaN       NaN       NaN       NaN       NaN  Infinity       NaN       NaN       NaN       NaN       NaN
      2166       NaN       NaN       NaN       NaN       NaN       NaN       NaN       NaN  Infinity       NaN       NaN       NaN       NaN       NaN
      2167       NaN       NaN       NaN       NaN       NaN       NaN       NaN       NaN  Infinity       NaN       NaN       NaN       NaN       NaN
      2168       NaN       NaN       NaN       NaN       NaN       NaN       NaN       NaN  Infinity       NaN       NaN       NaN       NaN       NaN
      2169       NaN       NaN       NaN       NaN       NaN       NaN       NaN       NaN  Infinity       NaN       NaN       NaN       NaN       NaN
      2170       NaN       NaN       NaN       NaN       NaN       NaN       NaN       NaN  Infinity       NaN       NaN       NaN       NaN       NaN
      2171       NaN       NaN       NaN       NaN       NaN       NaN       NaN       NaN  Infinity       NaN       NaN       NaN       NaN       NaN
      2172       NaN       NaN       NaN       NaN       NaN       NaN       NaN       NaN  Infinity       NaN       NaN       NaN       NaN       NaN
      2173       NaN       NaN       NaN       NaN       NaN       NaN       NaN       NaN  Infinity       NaN       NaN       NaN       NaN       NaN
      2174       NaN       NaN       NaN       NaN       NaN       NaN       NaN       NaN  Infinity       NaN       NaN       NaN       NaN       NaN
      2175       NaN       NaN       NaN       NaN       NaN       NaN       NaN       NaN  Infinity       NaN       NaN       NaN       NaN       NaN
      2176       NaN       NaN       NaN       NaN       NaN       NaN       NaN       NaN  Infinity       NaN       NaN       NaN       NaN       NaN
      2177       NaN       NaN       NaN       NaN       NaN       NaN       NaN       NaN  Infinity       NaN       NaN       NaN       NaN       NaN
      2178       NaN       NaN       NaN       NaN       NaN       NaN       NaN       NaN  Infinity       NaN       NaN       NaN       NaN       NaN
      2179       NaN       NaN       NaN       NaN       NaN       NaN       NaN       NaN  Infinity       NaN       NaN       NaN       NaN       NaN
      2180       NaN       NaN       NaN       NaN       NaN       NaN       NaN       NaN  Infinity       NaN       NaN       NaN       NaN       NaN
      2181       NaN       NaN       NaN       NaN       NaN       NaN       NaN       NaN  Infinity       NaN       NaN       NaN       NaN       NaN
      2182       NaN       NaN       NaN       NaN       NaN       NaN       NaN       NaN  Infinity       NaN       NaN       NaN       NaN       NaN
      2183       NaN       NaN       NaN       NaN       NaN       NaN       NaN       NaN  Infinity       NaN       NaN       NaN       NaN       NaN
      2184       NaN       NaN       NaN       NaN       NaN       NaN       NaN       NaN  Infinity       NaN       NaN       NaN       NaN       NaN
      2185       NaN       NaN       NaN       NaN       NaN       NaN       NaN       NaN  Infinity       NaN       NaN       NaN       NaN       NaN
      2186       NaN       NaN       NaN       NaN       NaN       NaN       NaN       NaN  Infinity       NaN       NaN       NaN       NaN       NaN
      2187       NaN       NaN       NaN       NaN       NaN       NaN       NaN       NaN  Infinity       NaN       NaN       NaN       NaN       NaN
      2188       NaN       NaN       NaN       NaN       NaN       NaN       NaN       NaN  Infinity       NaN       NaN       NaN       NaN       NaN
      2189       NaN       NaN       NaN       NaN       NaN       NaN       NaN       NaN  Infinity       NaN       NaN       NaN       NaN       NaN
      2190       NaN       NaN       NaN       NaN       NaN       NaN       NaN       NaN  Infinity       NaN       NaN       NaN       NaN       NaN
      2191       NaN       NaN       NaN       NaN       NaN       NaN       NaN       NaN  Infinity       NaN       NaN       NaN       NaN       NaN
      2192       NaN       NaN       NaN       NaN       NaN       NaN       NaN       NaN  Infinity       NaN       NaN       NaN       NaN       NaN
      2193       NaN       NaN       NaN       NaN       NaN       NaN       NaN       NaN  Infinity       NaN       NaN       NaN       NaN       NaN
      2194       NaN       NaN       NaN       NaN       NaN       NaN       NaN       NaN  Infinity       NaN       NaN       NaN       NaN       NaN
      2195       NaN       NaN       NaN       NaN       NaN       NaN       NaN       NaN  Infinity       NaN       NaN       NaN       NaN       NaN
      2196       NaN       NaN       NaN       NaN       NaN       NaN       NaN       NaN  Infinity       NaN       NaN       NaN       NaN       NaN
      2197       NaN       NaN       NaN       NaN       NaN       NaN       NaN       NaN  Infinity       NaN       NaN       NaN       NaN       NaN
      2198       NaN       NaN       NaN       NaN       NaN       NaN       NaN       NaN  Infinity       NaN       NaN       NaN       NaN       NaN
      2199       NaN       NaN       NaN       NaN       NaN       NaN       NaN       NaN  Infinity       NaN       NaN       NaN       NaN       NaN
      2200       NaN       NaN       NaN       NaN       NaN       NaN       NaN       NaN  Infinity       NaN       NaN       NaN       NaN       NaN
      2201       NaN       NaN       NaN       NaN       NaN       NaN       NaN       NaN  Infinity       NaN       NaN       NaN       NaN       NaN
      2202       NaN       NaN       NaN       NaN       NaN       NaN       NaN       NaN  Infinity       NaN       NaN       NaN       NaN       NaN
      2203       NaN       NaN       NaN       NaN       NaN       NaN       NaN       NaN  Infinity       NaN       NaN       NaN       NaN       NaN
      2204       NaN       NaN       NaN       NaN       NaN       NaN       NaN       NaN  Infinity       NaN       NaN       NaN       NaN       NaN
      2205       NaN       NaN       NaN       NaN       NaN       NaN       NaN       NaN  Infinity       NaN       NaN       NaN       NaN       NaN
      2206       NaN       NaN       NaN       NaN       NaN       NaN       NaN       NaN  Infinity       NaN       NaN       NaN       NaN       NaN
      2207       NaN       NaN       NaN       NaN       NaN       NaN       NaN       NaN  Infinity       NaN       NaN       NaN       NaN       NaN
      2208       NaN       NaN       NaN       NaN       NaN       NaN       NaN       NaN  Infinity       NaN       NaN       NaN       NaN       NaN
      2209       NaN       NaN       NaN       NaN       NaN       NaN       NaN       NaN  Infinity       NaN       NaN       NaN       NaN       NaN
      2210       NaN       NaN       NaN       NaN       NaN       NaN       NaN       NaN  Infinity       NaN       NaN       NaN       NaN       NaN
      2211       NaN       NaN       NaN       NaN       NaN       NaN       NaN       NaN  Infinity       NaN       NaN       NaN       NaN       NaN
      2212       NaN       NaN       NaN       NaN       NaN       NaN       NaN       NaN  Infinity       NaN       NaN       NaN       NaN       NaN
      2213       NaN       NaN       NaN       NaN       NaN       NaN       NaN       NaN  Infinity       NaN       NaN       NaN       NaN       NaN
      2214       NaN       NaN       NaN       NaN       NaN       NaN       NaN       NaN  Infinity       NaN       NaN       NaN       NaN       NaN
      2215       NaN       NaN       NaN       NaN       NaN       NaN       NaN       NaN  Infinity       NaN       NaN       NaN       NaN       NaN
      2216       NaN       NaN       NaN       NaN       NaN       NaN       NaN       NaN  Infinity       NaN       NaN       NaN       NaN       NaN
      2217       NaN       NaN       NaN       NaN       NaN       NaN       NaN       NaN  Infinity       NaN       NaN       NaN       NaN       NaN
      2218       NaN       NaN       NaN       NaN       NaN       NaN       NaN       NaN  Infinity       NaN       NaN       NaN       NaN       NaN
      2219       NaN       NaN       NaN       NaN       NaN       NaN       NaN       NaN  Infinity       NaN       NaN       NaN       NaN       NaN
      2220       NaN       NaN       NaN       NaN       NaN       NaN       NaN       NaN  Infinity       NaN       NaN       NaN       NaN       NaN
      2221       NaN       NaN       NaN       NaN       NaN       NaN       NaN       NaN  Infinity       NaN       NaN       NaN       NaN       NaN
      2222       NaN       NaN       NaN       NaN       NaN       NaN       NaN       NaN  Infinity       NaN       NaN       NaN       NaN       NaN
      2223       NaN       NaN       NaN       NaN       NaN       NaN       NaN       NaN  Infinity       NaN       NaN       NaN       NaN       NaN
      2224       NaN       NaN       NaN       NaN       NaN       NaN       NaN       NaN  Infinity       NaN       NaN       NaN       NaN       NaN
      2225       NaN       NaN       NaN       NaN       NaN       NaN       NaN       NaN  Infinity       NaN       NaN       NaN       NaN       NaN
      2226       NaN       NaN       NaN       NaN       NaN       NaN       NaN       NaN  Infinity       NaN       NaN       NaN       NaN       NaN
      2227       NaN       NaN       NaN       NaN       NaN       NaN       NaN       NaN  Infinity       NaN       NaN       NaN       NaN       NaN
      2228       NaN       NaN       NaN       NaN       NaN       NaN       NaN       NaN  Infinity       NaN       NaN       NaN       NaN       NaN
      2229       NaN       NaN       NaN       NaN       NaN       NaN       NaN       NaN  Infinity       NaN       NaN       NaN       NaN       NaN
      2230       NaN       NaN       NaN       NaN       NaN       NaN       NaN       NaN  Infinity       NaN       NaN       NaN       NaN       NaN
      2231       NaN       NaN       NaN       NaN       NaN       NaN       NaN       NaN  Infinity       NaN       NaN       NaN       NaN       NaN
      2232       NaN       NaN       NaN       NaN       NaN       NaN       NaN       NaN  Infinity       NaN       NaN       NaN       NaN       NaN
      2233       NaN       NaN       NaN       NaN       NaN       NaN       NaN       NaN  Infinity       NaN       NaN       NaN       NaN       NaN
      2234       NaN       NaN       NaN       NaN       NaN       NaN       NaN       NaN  Infinity       NaN       NaN       NaN       NaN       NaN
      2235       NaN       NaN       NaN       NaN       NaN       NaN       NaN       NaN  Infinity       NaN       NaN       NaN       NaN       NaN
      2236       NaN       NaN       NaN       NaN       NaN       NaN       NaN       NaN  Infinity       NaN       NaN       NaN       NaN       NaN
      2237       NaN       NaN       NaN       NaN       NaN       NaN       NaN       NaN  Infinity       NaN       NaN       NaN       NaN       NaN
      2238       NaN       NaN       NaN       NaN       NaN       NaN       NaN       NaN  Infinity       NaN       NaN       NaN       NaN       NaN
      2239       NaN       NaN       NaN       NaN       NaN       NaN       NaN       NaN  Infinity       NaN       NaN       NaN       NaN       NaN
      2240       NaN       NaN       NaN       NaN       NaN       NaN       NaN       NaN  Infinity       NaN       NaN       NaN       NaN       NaN
      2241       NaN       NaN       NaN       NaN       NaN       NaN       NaN       NaN  Infinity       NaN       NaN       NaN       NaN       NaN
      2242       NaN       NaN       NaN       NaN       NaN       NaN       NaN       NaN  Infinity       NaN       NaN       NaN       NaN       NaN
      2243       NaN       NaN       NaN       NaN       NaN       NaN       NaN       NaN  Infinity       NaN       NaN       NaN       NaN       NaN
      2244       NaN       NaN       NaN       NaN       NaN       NaN       NaN       NaN  Infinity       NaN       NaN       NaN       NaN       NaN
      2245       NaN       NaN       NaN       NaN       NaN       NaN       NaN       NaN  Infinity       NaN       NaN       NaN       NaN       NaN
      2246       NaN       NaN       NaN       NaN       NaN       NaN       NaN       NaN  Infinity       NaN       NaN       NaN       NaN       NaN
      2247       NaN       NaN       NaN       NaN       NaN       NaN       NaN       NaN  Infinity       NaN       NaN       NaN       NaN       NaN
      2248       NaN       NaN       NaN       NaN       NaN       NaN       NaN       NaN  Infinity       NaN       NaN       NaN       NaN       NaN
      2249       NaN       NaN       NaN       NaN       NaN       NaN       NaN       NaN  Infinity       NaN       NaN       NaN       NaN       NaN
      2250       NaN       NaN       NaN       NaN       NaN       NaN       NaN       NaN  Infinity       NaN       NaN       NaN       NaN       NaN
      2251       NaN       NaN       NaN       NaN       NaN       NaN       NaN       NaN  Infinity       NaN       NaN       NaN       NaN       NaN
      2252       NaN       NaN       NaN       NaN       NaN       NaN       NaN       NaN  Infinity       NaN       NaN       NaN       NaN       NaN
      2253       NaN       NaN       NaN       NaN       NaN       NaN       NaN       NaN  Infinity       NaN       NaN       NaN       NaN       NaN
      2254       NaN       NaN       NaN       NaN       NaN       NaN       NaN       NaN  Infinity       NaN       NaN       NaN       NaN       NaN
      2255       NaN       NaN       NaN       NaN       NaN       NaN       NaN       NaN  Infinity       NaN       NaN       NaN       NaN       NaN
      2256       NaN       NaN       NaN       NaN       NaN       NaN       NaN       NaN  Infinity       NaN       NaN       NaN       NaN       NaN
      2257       NaN       NaN       NaN       NaN       NaN       NaN       NaN       NaN  Infinity       NaN       NaN       NaN       NaN       NaN
      2258       NaN       NaN       NaN       NaN       NaN       NaN       NaN       NaN  Infinity       NaN       NaN       NaN       NaN       NaN
      2259       NaN       NaN       NaN       NaN       NaN       NaN       NaN       NaN  Infinity       NaN       NaN       NaN       NaN       NaN
      2260       NaN       NaN       NaN       NaN       NaN       NaN       NaN       NaN  Infinity       NaN       NaN       NaN       NaN       NaN
      2261       NaN       NaN       NaN       NaN       NaN       NaN       NaN       NaN  Infinity       NaN       NaN       NaN       NaN       NaN
      2262       NaN       NaN       NaN       NaN       NaN       NaN       NaN       NaN  Infinity       NaN       NaN       NaN       NaN       NaN
      2263       NaN       NaN       NaN       NaN       NaN       NaN       NaN       NaN  Infinity       NaN       NaN       NaN       NaN       NaN
      2264       NaN       NaN       NaN       NaN       NaN       NaN       NaN       NaN  Infinity       NaN       NaN       NaN       NaN       NaN
      2265       NaN       NaN       NaN       NaN       NaN       NaN       NaN       NaN  Infinity       NaN       NaN       NaN       NaN       NaN
      2266       NaN       NaN       NaN       NaN       NaN       NaN       NaN       NaN  Infinity       NaN       NaN       NaN       NaN       NaN
      2267       NaN       NaN       NaN       NaN       NaN       NaN       NaN       NaN  Infinity       NaN       NaN       NaN       NaN       NaN
      2268       NaN       NaN       NaN       NaN       NaN       NaN       NaN       NaN  Infinity       NaN       NaN       NaN       NaN       NaN
      2269       NaN       NaN       NaN       NaN       NaN       NaN       NaN       NaN  Infinity       NaN       NaN       NaN       NaN       NaN
      2270       NaN       NaN       NaN       NaN       NaN       NaN       NaN       NaN  Infinity       NaN       NaN       NaN       NaN       NaN
      2271       NaN       NaN       NaN       NaN       NaN       NaN       NaN       NaN  Infinity       NaN       NaN       NaN       NaN       NaN
      2272       NaN       NaN       NaN       NaN       NaN       NaN       NaN       NaN  Infinity       NaN       NaN       NaN       NaN       NaN
      2273       NaN       NaN       NaN       NaN       NaN       NaN       NaN       NaN  Infinity       NaN       NaN       NaN       NaN       NaN
      2274       NaN       NaN       NaN       NaN       NaN       NaN       NaN       NaN  Infinity       NaN       NaN       NaN       NaN       NaN
      2275       NaN       NaN       NaN       NaN       NaN       NaN       NaN       NaN  Infinity       NaN       NaN       NaN       NaN       NaN
      2276       NaN       NaN       NaN       NaN       NaN       NaN       NaN       NaN  Infinity       NaN       NaN       NaN       NaN       NaN
      2277       NaN       NaN       NaN       NaN       NaN       NaN       NaN       NaN  Infinity       NaN       NaN       NaN       NaN       NaN
      2278       NaN       NaN       NaN       NaN       NaN       NaN       NaN       NaN  Infinity       NaN       NaN       NaN       NaN       NaN
      2279       NaN       NaN       NaN       NaN       NaN       NaN       NaN       NaN  Infinity       NaN       NaN       NaN       NaN       NaN
      2280       NaN       NaN       NaN       NaN       NaN       NaN       NaN       NaN  Infinity       NaN       NaN       NaN       NaN       NaN
      2281       NaN       NaN       NaN       NaN       NaN       NaN       NaN       NaN  Infinity       NaN       NaN       NaN       NaN       NaN
      2282       NaN       NaN       NaN       NaN       NaN       NaN       NaN       NaN  Infinity       NaN       NaN       NaN       NaN       NaN
      2283       NaN       NaN       NaN       NaN       NaN       NaN       NaN       NaN  Infinity       NaN       NaN       NaN       NaN       NaN
      2284       NaN       NaN       NaN       NaN       NaN       NaN       NaN       NaN  Infinity       NaN       NaN       NaN       NaN       NaN
      2285       NaN       NaN       NaN       NaN       NaN       NaN       NaN       NaN  Infinity       NaN       NaN       NaN       NaN       NaN
      2286       NaN       NaN       NaN       NaN       NaN       NaN       NaN       NaN  Infinity       NaN       NaN       NaN       NaN       NaN
      2287       NaN       NaN       NaN       NaN       NaN       NaN       NaN       NaN  Infinity       NaN       NaN       NaN       NaN       NaN
      2288       NaN       NaN       NaN       NaN       NaN       NaN       NaN       NaN  Infinity       NaN       NaN       NaN       NaN       NaN
      2289       NaN       NaN       NaN       NaN       NaN       NaN       NaN       NaN  Infinity       NaN       NaN       NaN       NaN       NaN
      2290       NaN       NaN       NaN       NaN       NaN       NaN       NaN       NaN  Infinity       NaN       NaN       NaN       NaN       NaN
      2291       NaN       NaN       NaN       NaN       NaN       NaN       NaN       NaN  Infinity       NaN       NaN       NaN       NaN       NaN
      2292       NaN       NaN       NaN       NaN       NaN       NaN       NaN       NaN  Infinity       NaN       NaN       NaN       NaN       NaN
      2293       NaN       NaN       NaN       NaN       NaN       NaN       NaN       NaN  Infinity       NaN       NaN       NaN       NaN       NaN
      2294       NaN       NaN       NaN       NaN       NaN       NaN       NaN       NaN  Infinity       NaN       NaN       NaN       NaN       NaN
      2295       NaN       NaN       NaN       NaN       NaN       NaN       NaN       NaN  Infinity       NaN       NaN       NaN       NaN       NaN
      2296       NaN       NaN       NaN       NaN       NaN       NaN       NaN       NaN  Infinity       NaN       NaN       NaN       NaN       NaN
      2297       NaN       NaN       NaN       NaN       NaN       NaN       NaN       NaN  Infinity       NaN       NaN       NaN       NaN       NaN
      2298       NaN       NaN       NaN       NaN       NaN       NaN       NaN       NaN  Infinity       NaN       NaN       NaN       NaN       NaN
      2299       NaN       NaN       NaN       NaN       NaN       NaN       NaN       NaN  Infinity       NaN       NaN       NaN       NaN       NaN
      2300       NaN       NaN       NaN       NaN       NaN       NaN       NaN       NaN  Infinity       NaN       NaN       NaN       NaN       NaN
      2301       NaN       NaN       NaN       NaN       NaN       NaN       NaN       NaN  Infinity       NaN       NaN       NaN       NaN       NaN
      2302       NaN       NaN       NaN       NaN       NaN       NaN       NaN       NaN  Infinity       NaN       NaN       NaN       NaN       NaN
      2303       NaN       NaN       NaN       NaN       NaN       NaN       NaN       NaN  Infinity       NaN       NaN       NaN       NaN       NaN
      2304       NaN       NaN       NaN       NaN       NaN       NaN       NaN       NaN  Infinity       NaN       NaN       NaN       NaN       NaN
      2305       NaN       NaN       NaN       NaN       NaN       NaN       NaN       NaN  Infinity       NaN       NaN       NaN       NaN       NaN
      2306       NaN       NaN       NaN       NaN       NaN       NaN       NaN       NaN  Infinity       NaN       NaN       NaN       NaN       NaN
      2307       NaN       NaN       NaN       NaN       NaN       NaN       NaN       NaN  Infinity       NaN       NaN       NaN       NaN       NaN
      2308       NaN       NaN       NaN       NaN       NaN       NaN       NaN       NaN  Infinity       NaN       NaN       NaN       NaN       NaN
      2309       NaN       NaN       NaN       NaN       NaN       NaN       NaN       NaN  Infinity       NaN       NaN       NaN       NaN       NaN
      2310       NaN       NaN       NaN       NaN       NaN       NaN       NaN       NaN  Infinity       NaN       NaN       NaN       NaN       NaN
      2311       NaN       NaN       NaN       NaN       NaN       NaN       NaN       NaN  Infinity       NaN       NaN       NaN       NaN       NaN
      2312       NaN       NaN       NaN       NaN       NaN       NaN       NaN       NaN  Infinity       NaN       NaN       NaN       NaN       NaN
      2313       NaN       NaN       NaN       NaN       NaN       NaN       NaN       NaN  Infinity       NaN       NaN       NaN       NaN       NaN
      2314       NaN       NaN       NaN       NaN       NaN       NaN       NaN       NaN  Infinity       NaN       NaN       NaN       NaN       NaN
      2315       NaN       NaN       NaN       NaN       NaN       NaN       NaN       NaN  Infinity       NaN       NaN       NaN       NaN       NaN
      2316       NaN       NaN       NaN       NaN       NaN       NaN       NaN       NaN  Infinity       NaN       NaN       NaN       NaN       NaN
      2317       NaN       NaN       NaN       NaN       NaN       NaN       NaN       NaN  Infinity       NaN       NaN       NaN       NaN       NaN
      2318       NaN       NaN       NaN       NaN       NaN       NaN       NaN       NaN  Infinity       NaN       NaN       NaN       NaN       NaN
      2319       NaN       NaN       NaN       NaN       NaN       NaN       NaN       NaN  Infinity       NaN       NaN       NaN       NaN       NaN
      2320       NaN       NaN       NaN       NaN       NaN       NaN       NaN       NaN  Infinity       NaN       NaN       NaN       NaN       NaN
      2321       NaN       NaN       NaN       NaN       NaN       NaN       NaN       NaN  Infinity       NaN       NaN       NaN       NaN       NaN
      2322       NaN       NaN       NaN       NaN       NaN       NaN       NaN       NaN  Infinity       NaN       NaN       NaN       NaN       NaN
      2323       NaN       NaN       NaN       NaN       NaN       NaN       NaN       NaN  Infinity       NaN       NaN       NaN       NaN       NaN
      2324       NaN       NaN       NaN       NaN       NaN       NaN       NaN       NaN  Infinity       NaN       NaN       NaN       NaN       NaN
      2325       NaN       NaN       NaN       NaN       NaN       NaN       NaN       NaN  Infinity       NaN       NaN       NaN       NaN       NaN
      2326       NaN       NaN       NaN       NaN       NaN       NaN       NaN       NaN  Infinity       NaN       NaN       NaN       NaN       NaN
      2327       NaN       NaN       NaN       NaN       NaN       NaN       NaN       NaN  Infinity       NaN       NaN       NaN       NaN       NaN
      2328       NaN       NaN       NaN       NaN       NaN       NaN       NaN       NaN  Infinity       NaN       NaN       NaN       NaN       NaN
      2329       NaN       NaN       NaN       NaN       NaN       NaN       NaN       NaN  Infinity       NaN       NaN       NaN       NaN       NaN
      2330       NaN       NaN       NaN       NaN       NaN       NaN       NaN       NaN  Infinity       NaN       NaN       NaN       NaN       NaN
      2331       NaN       NaN       NaN       NaN       NaN       NaN       NaN       NaN  Infinity       NaN       NaN       NaN       NaN       NaN
      2332       NaN       NaN       NaN       NaN       NaN       NaN       NaN       NaN  Infinity       NaN       NaN       NaN       NaN       NaN
      2333       NaN       NaN       NaN       NaN       NaN       NaN       NaN       NaN  Infinity       NaN       NaN       NaN       NaN       NaN
      2334       NaN       NaN       NaN       NaN       NaN       NaN       NaN       NaN  Infinity       NaN       NaN       NaN       NaN       NaN
      2335       NaN       NaN       NaN       NaN       NaN       NaN       NaN       NaN  Infinity       NaN       NaN       NaN       NaN       NaN
      2336       NaN       NaN       NaN       NaN       NaN       NaN       NaN       NaN  Infinity       NaN       NaN       NaN       NaN       NaN
      2337       NaN       NaN       NaN       NaN       NaN       NaN       NaN       NaN  Infinity       NaN       NaN       NaN       NaN       NaN
      2338       NaN       NaN       NaN       NaN       NaN       NaN       NaN       NaN  Infinity       NaN       NaN       NaN       NaN       NaN
      2339       NaN       NaN       NaN       NaN       NaN       NaN       NaN       NaN  Infinity       NaN       NaN       NaN       NaN       NaN
      2340       NaN       NaN       NaN       NaN       NaN       NaN       NaN       NaN  Infinity       NaN       NaN       NaN       NaN       NaN
      2341       NaN       NaN       NaN       NaN       NaN       NaN       NaN       NaN  Infinity       NaN       NaN       NaN       NaN       NaN
      2342       NaN       NaN       NaN       NaN       NaN       NaN       NaN       NaN  Infinity       NaN       NaN       NaN       NaN       NaN
      2343       NaN       NaN       NaN       NaN       NaN       NaN       NaN       NaN  Infinity       NaN       NaN       NaN       NaN       NaN
      2344       NaN       NaN       NaN       NaN       NaN       NaN       NaN       NaN  Infinity       NaN       NaN       NaN       NaN       NaN
      2345       NaN       NaN       NaN       NaN       NaN       NaN       NaN       NaN  Infinity       NaN       NaN       NaN       NaN       NaN
      2346       NaN       NaN       NaN       NaN       NaN       NaN       NaN       NaN  Infinity       NaN       NaN       NaN       NaN       NaN
      2347       NaN       NaN       NaN       NaN       NaN       NaN       NaN       NaN  Infinity       NaN       NaN       NaN       NaN       NaN
      2348       NaN       NaN       NaN       NaN       NaN       NaN       NaN       NaN  Infinity       NaN       NaN       NaN       NaN       NaN
      2349       NaN       NaN       NaN       NaN       NaN       NaN       NaN       NaN  Infinity       NaN       NaN       NaN       NaN       NaN
      2350       NaN       NaN       NaN       NaN       NaN       NaN       NaN       NaN  Infinity       NaN       NaN       NaN       NaN       NaN
      2351       NaN       NaN       NaN       NaN       NaN       NaN       NaN       NaN  Infinity       NaN       NaN       NaN       NaN       NaN
      2352       NaN       NaN       NaN       NaN       NaN       NaN       NaN       NaN  Infinity       NaN       NaN       NaN       NaN       NaN
      2353       NaN       NaN       NaN       NaN       NaN       NaN       NaN       NaN  Infinity       NaN       NaN       NaN       NaN       NaN
      2354       NaN       NaN       NaN       NaN       NaN       NaN       NaN       NaN  Infinity       NaN       NaN       NaN       NaN       NaN
      2355       NaN       NaN       NaN       NaN       NaN       NaN       NaN       NaN  Infinity       NaN       NaN       NaN       NaN       NaN
      2356       NaN       NaN       NaN       NaN       NaN       NaN       NaN       NaN  Infinity       NaN       NaN       NaN       NaN       NaN
      2357       NaN       NaN       NaN       NaN       NaN       NaN       NaN       NaN  Infinity       NaN       NaN       NaN       NaN       NaN
      2358       NaN       NaN       NaN       NaN       NaN       NaN       NaN       NaN  Infinity       NaN       NaN       NaN       NaN       NaN
      2359       NaN       NaN       NaN       NaN       NaN       NaN       NaN       NaN  Infinity       NaN       NaN       NaN       NaN       NaN
      2360       NaN       NaN       NaN       NaN       NaN       NaN       NaN       NaN  Infinity       NaN       NaN       NaN       NaN       NaN
      2361       NaN       NaN       NaN       NaN       NaN       NaN       NaN       NaN  Infinity       NaN       NaN       NaN       NaN       NaN
      2362       NaN       NaN       NaN       NaN       NaN       NaN       NaN       NaN  Infinity       NaN       NaN       NaN       NaN       NaN
      2363       NaN       NaN       NaN       NaN       NaN       NaN       NaN       NaN  Infinity       NaN       NaN       NaN       NaN       NaN
      2364       NaN       NaN       NaN       NaN       NaN       NaN       NaN       NaN  Infinity       NaN       NaN       NaN       NaN       NaN
      2365       NaN       NaN       NaN       NaN       NaN       NaN       NaN       NaN  Infinity       NaN       NaN       NaN       NaN       NaN
      2366       NaN       NaN       NaN       NaN       NaN       NaN       NaN       NaN  Infinity       NaN       NaN       NaN       NaN       NaN
      2367       NaN       NaN       NaN       NaN       NaN       NaN       NaN       NaN  Infinity       NaN       NaN       NaN       NaN       NaN
      2368       NaN       NaN       NaN       NaN       NaN       NaN       NaN       NaN  Infinity       NaN       NaN       NaN       NaN       NaN
      2369       NaN       NaN       NaN       NaN       NaN       NaN       NaN       NaN  Infinity       NaN       NaN       NaN       NaN       NaN
      2370       NaN       NaN       NaN       NaN       NaN       NaN       NaN       NaN  Infinity       NaN       NaN       NaN       NaN       NaN
      2371       NaN       NaN       NaN       NaN       NaN       NaN       NaN       NaN  Infinity       NaN       NaN       NaN       NaN       NaN
      2372       NaN       NaN       NaN       NaN       NaN       NaN       NaN       NaN  Infinity       NaN       NaN       NaN       NaN       NaN
      2373       NaN       NaN       NaN       NaN       NaN       NaN       NaN       NaN  Infinity       NaN       NaN       NaN       NaN       NaN
      2374       NaN       NaN       NaN       NaN       NaN       NaN       NaN       NaN  Infinity       NaN       NaN       NaN       NaN       NaN
      2375       NaN       NaN       NaN       NaN       NaN       NaN       NaN       NaN  Infinity       NaN       NaN       NaN       NaN       NaN
      2376       NaN       NaN       NaN       NaN       NaN       NaN       NaN       NaN  Infinity       NaN       NaN       NaN       NaN       NaN
      2377       NaN       NaN       NaN       NaN       NaN       NaN       NaN       NaN  Infinity       NaN       NaN       NaN       NaN       NaN
      2378       NaN       NaN       NaN       NaN       NaN       NaN       NaN       NaN  Infinity       NaN       NaN       NaN       NaN       NaN
      2379       NaN       NaN       NaN       NaN       NaN       NaN       NaN       NaN  Infinity       NaN       NaN       NaN       NaN       NaN
      2380       NaN       NaN       NaN       NaN       NaN       NaN       NaN       NaN  Infinity       NaN       NaN       NaN       NaN       NaN
      2381       NaN       NaN       NaN       NaN       NaN       NaN       NaN       NaN  Infinity       NaN       NaN       NaN       NaN       NaN
      2382       NaN       NaN       NaN       NaN       NaN       NaN       NaN       NaN  Infinity       NaN       NaN       NaN       NaN       NaN
      2383       NaN       NaN       NaN       NaN       NaN       NaN       NaN       NaN  Infinity       NaN       NaN       NaN       NaN       NaN
      2384       NaN       NaN       NaN       NaN       NaN       NaN       NaN       NaN  Infinity       NaN       NaN       NaN       NaN       NaN
      2385       NaN       NaN       NaN       NaN       NaN       NaN       NaN       NaN  Infinity       NaN       NaN       NaN       NaN       NaN
      2386       NaN       NaN       NaN       NaN       NaN       NaN       NaN       NaN  Infinity       NaN       NaN       NaN       NaN       NaN
      2387       NaN       NaN       NaN       NaN       NaN       NaN       NaN       NaN  Infinity       NaN       NaN       NaN       NaN       NaN
      2388       NaN       NaN       NaN       NaN       NaN       NaN       NaN       NaN  Infinity       NaN       NaN       NaN       NaN       NaN
      2389       NaN       NaN       NaN       NaN       NaN       NaN       NaN       NaN  Infinity       NaN       NaN       NaN       NaN       NaN
      2390       NaN       NaN       NaN       NaN       NaN       NaN       NaN       NaN  Infinity       NaN       NaN       NaN       NaN       NaN
      2391       NaN       NaN       NaN       NaN       NaN       NaN       NaN       NaN  Infinity       NaN       NaN       NaN       NaN       NaN
      2392       NaN       NaN       NaN       NaN       NaN       NaN       NaN       NaN  Infinity       NaN       NaN       NaN       NaN       NaN
      2393       NaN       NaN       NaN       NaN       NaN       NaN       NaN       NaN  Infinity       NaN       NaN       NaN       NaN       NaN
      2394       NaN       NaN       NaN       NaN       NaN       NaN       NaN       NaN  Infinity       NaN       NaN       NaN       NaN       NaN
      2395       NaN       NaN       NaN       NaN       NaN       NaN       NaN       NaN  Infinity       NaN       NaN       NaN       NaN       NaN
      2396       NaN       NaN       NaN       NaN       NaN       NaN       NaN       NaN  Infinity       NaN       NaN       NaN       NaN       NaN
      2397       NaN       NaN       NaN       NaN       NaN       NaN       NaN       NaN  Infinity       NaN       NaN       NaN       NaN       NaN
      2398       NaN       NaN       NaN       NaN       NaN       NaN       NaN       NaN  Infinity       NaN       NaN       NaN       NaN       NaN
      2399       NaN       NaN       NaN       NaN       NaN       NaN       NaN       NaN  Infinity       NaN       NaN       NaN       NaN       NaN
      2400       NaN       NaN       NaN       NaN       NaN       NaN       NaN       NaN  Infinity       NaN       NaN       NaN       NaN       NaN
      2401       NaN       NaN       NaN       NaN       NaN       NaN       NaN       NaN  Infinity       NaN       NaN       NaN       NaN       NaN
      2402       NaN       NaN       NaN       NaN       NaN       NaN       NaN       NaN  Infinity       NaN       NaN       NaN       NaN       NaN
      2403       NaN       NaN       NaN       NaN       NaN       NaN       NaN       NaN  Infinity       NaN       NaN       NaN       NaN       NaN
      2404       NaN       NaN       NaN       NaN       NaN       NaN       NaN       NaN  Infinity       NaN       NaN       NaN       NaN       NaN
      2405       NaN       NaN       NaN       NaN       NaN       NaN       NaN       NaN  Infinity       NaN       NaN       NaN       NaN       NaN
      2406       NaN       NaN       NaN       NaN       NaN       NaN       NaN       NaN  Infinity       NaN       NaN       NaN       NaN       NaN
      2407       NaN       NaN       NaN       NaN       NaN       NaN       NaN       NaN  Infinity       NaN       NaN       NaN       NaN       NaN
      2408       NaN       NaN       NaN       NaN       NaN       NaN       NaN       NaN  Infinity       NaN       NaN       NaN       NaN       NaN
      2409       NaN       NaN       NaN       NaN       NaN       NaN       NaN       NaN  Infinity       NaN       NaN       NaN       NaN       NaN
      2410       NaN       NaN       NaN       NaN       NaN       NaN       NaN       NaN  Infinity       NaN       NaN       NaN       NaN       NaN
      2411       NaN       NaN       NaN       NaN       NaN       NaN       NaN       NaN  Infinity       NaN       NaN       NaN       NaN       NaN
      2412       NaN       NaN       NaN       NaN       NaN       NaN       NaN       NaN  Infinity       NaN       NaN       NaN       NaN       NaN
      2413       NaN       NaN       NaN       NaN       NaN       NaN       NaN       NaN  Infinity       NaN       NaN       NaN       NaN       NaN
      2414       NaN       NaN       NaN       NaN       NaN       NaN       NaN       NaN  Infinity       NaN       NaN       NaN       NaN       NaN
      2415       NaN       NaN       NaN       NaN       NaN       NaN       NaN       NaN  Infinity       NaN       NaN       NaN       NaN       NaN
      2416       NaN       NaN       NaN       NaN       NaN       NaN       NaN       NaN  Infinity       NaN       NaN       NaN       NaN       NaN
      2417       NaN       NaN       NaN       NaN       NaN       NaN       NaN       NaN  Infinity       NaN       NaN       NaN       NaN       NaN
      2418       NaN       NaN       NaN       NaN       NaN       NaN       NaN       NaN  Infinity       NaN       NaN       NaN       NaN       NaN
      2419       NaN       NaN       NaN       NaN       NaN       NaN       NaN       NaN  Infinity       NaN       NaN       NaN       NaN       NaN
      2420       NaN       NaN       NaN       NaN       NaN       NaN       NaN       NaN  Infinity       NaN       NaN       NaN       NaN       NaN
      2421       NaN       NaN       NaN       NaN       NaN       NaN       NaN       NaN  Infinity       NaN       NaN       NaN       NaN       NaN
      2422       NaN       NaN       NaN       NaN       NaN       NaN       NaN       NaN  Infinity       NaN       NaN       NaN       NaN       NaN
      2423       NaN       NaN       NaN       NaN       NaN       NaN       NaN       NaN  Infinity       NaN       NaN       NaN       NaN       NaN
      2424       NaN       NaN       NaN       NaN       NaN       NaN       NaN       NaN  Infinity       NaN       NaN       NaN       NaN       NaN
      2425       NaN       NaN       NaN       NaN       NaN       NaN       NaN       NaN  Infinity       NaN       NaN       NaN       NaN       NaN
      2426       NaN       NaN       NaN       NaN       NaN       NaN       NaN       NaN  Infinity       NaN       NaN       NaN       NaN       NaN
      2427       NaN       NaN       NaN       NaN       NaN       NaN       NaN       NaN  Infinity       NaN       NaN       NaN       NaN       NaN
      2428       NaN       NaN       NaN       NaN       NaN       NaN       NaN       NaN  Infinity       NaN       NaN       NaN       NaN       NaN
      2429       NaN       NaN       NaN       NaN       NaN       NaN       NaN       NaN  Infinity       NaN       NaN       NaN       NaN       NaN
      2430       NaN       NaN       NaN       NaN       NaN       NaN       NaN       NaN  Infinity       NaN       NaN       NaN       NaN       NaN
      2431       NaN       NaN       NaN       NaN       NaN       NaN       NaN       NaN  Infinity       NaN       NaN       NaN       NaN       NaN
      2432       NaN       NaN       NaN       NaN       NaN       NaN       NaN       NaN  Infinity       NaN       NaN       NaN       NaN       NaN
      2433       NaN       NaN       NaN       NaN       NaN       NaN       NaN       NaN  Infinity       NaN       NaN       NaN       NaN       NaN
      2434       NaN       NaN       NaN       NaN       NaN       NaN       NaN       NaN  Infinity       NaN       NaN       NaN       NaN       NaN
      2435       NaN       NaN       NaN       NaN       NaN       NaN       NaN       NaN  Infinity       NaN       NaN       NaN       NaN       NaN
      2436       NaN       NaN       NaN       NaN       NaN       NaN       NaN       NaN  Infinity       NaN       NaN       NaN       NaN       NaN
      2437       NaN       NaN       NaN       NaN       NaN       NaN       NaN       NaN  Infinity       NaN       NaN       NaN       NaN       NaN
      2438       NaN       NaN       NaN       NaN       NaN       NaN       NaN       NaN  Infinity       NaN       NaN       NaN       NaN       NaN
      2439       NaN       NaN       NaN       NaN       NaN       NaN       NaN       NaN  Infinity       NaN       NaN       NaN       NaN       NaN
      2440       NaN       NaN       NaN       NaN       NaN       NaN       NaN       NaN  Infinity       NaN       NaN       NaN       NaN       NaN
      2441       NaN       NaN       NaN       NaN       NaN       NaN       NaN       NaN  Infinity       NaN       NaN       NaN       NaN       NaN
      2442       NaN       NaN       NaN       NaN       NaN       NaN       NaN       NaN  Infinity       NaN       NaN       NaN       NaN       NaN
      2443       NaN       NaN       NaN       NaN       NaN       NaN       NaN       NaN  Infinity       NaN       NaN       NaN       NaN       NaN
      2444       NaN       NaN       NaN       NaN       NaN       NaN       NaN       NaN  Infinity       NaN       NaN       NaN       NaN       NaN
      2445       NaN       NaN       NaN       NaN       NaN       NaN       NaN       NaN  Infinity       NaN       NaN       NaN       NaN       NaN
      2446       NaN       NaN       NaN       NaN       NaN       NaN       NaN       NaN  Infinity       NaN       NaN       NaN       NaN       NaN
      2447       NaN       NaN       NaN       NaN       NaN       NaN       NaN       NaN  Infinity       NaN       NaN       NaN       NaN       NaN
      2448       NaN       NaN       NaN       NaN       NaN       NaN       NaN       NaN  Infinity       NaN       NaN       NaN       NaN       NaN
      2449       NaN       NaN       NaN       NaN       NaN       NaN       NaN       NaN  Infinity       NaN       NaN       NaN       NaN       NaN
      2450       NaN       NaN       NaN       NaN       NaN       NaN       NaN       NaN  Infinity       NaN       NaN       NaN       NaN       NaN
      2451       NaN       NaN       NaN       NaN       NaN       NaN       NaN       NaN  Infinity       NaN       NaN       NaN       NaN       NaN
      2452       NaN       NaN       NaN       NaN       NaN       NaN       NaN       NaN  Infinity       NaN       NaN       NaN       NaN       NaN
      2453       NaN       NaN       NaN       NaN       NaN       NaN       NaN       NaN  Infinity       NaN       NaN       NaN       NaN       NaN
      2454       NaN       NaN       NaN       NaN       NaN       NaN       NaN       NaN  Infinity       NaN       NaN       NaN       NaN       NaN
      2455       NaN       NaN       NaN       NaN       NaN       NaN       NaN       NaN  Infinity       NaN       NaN       NaN       NaN       NaN
      2456       NaN       NaN       NaN       NaN       NaN       NaN       NaN       NaN  Infinity       NaN       NaN       NaN       NaN       NaN
      2457       NaN       NaN       NaN       NaN       NaN       NaN       NaN       NaN  Infinity       NaN       NaN       NaN       NaN       NaN
      2458       NaN       NaN       NaN       NaN       NaN       NaN       NaN       NaN  Infinity       NaN       NaN       NaN       NaN       NaN
      2459       NaN       NaN       NaN       NaN       NaN       NaN       NaN       NaN  Infinity       NaN       NaN       NaN       NaN       NaN
      2460       NaN       NaN       NaN       NaN       NaN       NaN       NaN       NaN  Infinity       NaN       NaN       NaN       NaN       NaN
      2461       NaN       NaN       NaN       NaN       NaN       NaN       NaN       NaN  Infinity       NaN       NaN       NaN       NaN       NaN
      2462       NaN       NaN       NaN       NaN       NaN       NaN       NaN       NaN  Infinity       NaN       NaN       NaN       NaN       NaN
      2463       NaN       NaN       NaN       NaN       NaN       NaN       NaN       NaN  Infinity       NaN       NaN       NaN       NaN       NaN
      2464       NaN       NaN       NaN       NaN       NaN       NaN       NaN       NaN  Infinity       NaN       NaN       NaN       NaN       NaN
      2465       NaN       NaN       NaN       NaN       NaN       NaN       NaN       NaN  Infinity       NaN       NaN       NaN       NaN       NaN
      2466       NaN       NaN       NaN       NaN       NaN       NaN       NaN       NaN  Infinity       NaN       NaN       NaN       NaN       NaN
      2467       NaN       NaN       NaN       NaN       NaN       NaN       NaN       NaN  Infinity       NaN       NaN       NaN       NaN       NaN
      2468       NaN       NaN       NaN       NaN       NaN       NaN       NaN       NaN  Infinity       NaN       NaN       NaN       NaN       NaN
      2469       NaN       NaN       NaN       NaN       NaN       NaN       NaN       NaN  Infinity       NaN       NaN       NaN       NaN       NaN
      2470       NaN       NaN       NaN       NaN       NaN       NaN       NaN       NaN  Infinity       NaN       NaN       NaN       NaN       NaN
      2471       NaN       NaN       NaN       NaN       NaN       NaN       NaN       NaN  Infinity       NaN       NaN       NaN       NaN       NaN
      2472       NaN       NaN       NaN       NaN       NaN       NaN       NaN       NaN  Infinity       NaN       NaN       NaN       NaN       NaN
      2473       NaN       NaN       NaN       NaN       NaN       NaN       NaN       NaN  Infinity       NaN       NaN       NaN       NaN       NaN
      2474       NaN       NaN       NaN       NaN       NaN       NaN       NaN       NaN  Infinity       NaN       NaN       NaN       NaN       NaN
      2475       NaN       NaN       NaN       NaN       NaN       NaN       NaN       NaN  Infinity       NaN       NaN       NaN       NaN       NaN
      2476       NaN       NaN       NaN       NaN       NaN       NaN       NaN       NaN  Infinity       NaN       NaN       NaN       NaN       NaN
      2477       NaN       NaN       NaN       NaN       NaN       NaN       NaN       NaN  Infinity       NaN       NaN       NaN       NaN       NaN
      2478       NaN       NaN       NaN       NaN       NaN       NaN       NaN       NaN  Infinity       NaN       NaN       NaN       NaN       NaN
      2479       NaN       NaN       NaN       NaN       NaN       NaN       NaN       NaN  Infinity       NaN       NaN       NaN       NaN       NaN
      2480       NaN       NaN       NaN       NaN       NaN       NaN       NaN       NaN  Infinity       NaN       NaN       NaN       NaN       NaN
      2481       NaN       NaN       NaN       NaN       NaN       NaN       NaN       NaN  Infinity       NaN       NaN       NaN       NaN       NaN
      2482       NaN       NaN       NaN       NaN       NaN       NaN       NaN       NaN  Infinity       NaN       NaN       NaN       NaN       NaN
      2483       NaN       NaN       NaN       NaN       NaN       NaN       NaN       NaN  Infinity       NaN       NaN       NaN       NaN       NaN
      2484       NaN       NaN       NaN       NaN       NaN       NaN       NaN       NaN  Infinity       NaN       NaN       NaN       NaN       NaN
      2485       NaN       NaN       NaN       NaN       NaN       NaN       NaN       NaN  Infinity       NaN       NaN       NaN       NaN       NaN
      2486       NaN       NaN       NaN       NaN       NaN       NaN       NaN       NaN  Infinity       NaN       NaN       NaN       NaN       NaN
      2487       NaN       NaN       NaN       NaN       NaN       NaN       NaN       NaN  Infinity       NaN       NaN       NaN       NaN       NaN
      2488       NaN       NaN       NaN       NaN       NaN       NaN       NaN       NaN  Infinity       NaN       NaN       NaN       NaN       NaN
      2489       NaN       NaN       NaN       NaN       NaN       NaN       NaN       NaN  Infinity       NaN       NaN       NaN       NaN       NaN
      2490       NaN       NaN       NaN       NaN       NaN       NaN       NaN       NaN  Infinity       NaN       NaN       NaN       NaN       NaN
      2491       NaN       NaN       NaN       NaN       NaN       NaN       NaN       NaN  Infinity       NaN       NaN       NaN       NaN       NaN
      2492       NaN       NaN       NaN       NaN       NaN       NaN       NaN       NaN  Infinity       NaN       NaN       NaN       NaN       NaN
      2493       NaN       NaN       NaN       NaN       NaN       NaN       NaN       NaN  Infinity       NaN       NaN       NaN       NaN       NaN
      2494       NaN       NaN       NaN       NaN       NaN       NaN       NaN       NaN  Infinity       NaN       NaN       NaN       NaN       NaN
      2495       NaN       NaN       NaN       NaN       NaN       NaN       NaN       NaN  Infinity       NaN       NaN       NaN       NaN       NaN
      2496       NaN       NaN       NaN       NaN       NaN       NaN       NaN       NaN  Infinity       NaN       NaN       NaN       NaN       NaN
      2497       NaN       NaN       NaN       NaN       NaN       NaN       NaN       NaN  Infinity       NaN       NaN       NaN       NaN       NaN
      2498       NaN       NaN       NaN       NaN       NaN       NaN       NaN       NaN  Infinity       NaN       NaN       NaN       NaN       NaN
      2499       NaN       NaN       NaN       NaN       NaN       NaN       NaN       NaN  Infinity       NaN       NaN       NaN       NaN       NaN
      2500       NaN       NaN       NaN       NaN       NaN       NaN       NaN       NaN  Infinity       NaN       NaN       NaN       NaN       NaN
      2501       NaN       NaN       NaN       NaN       NaN       NaN       NaN       NaN  Infinity       NaN       NaN       NaN       NaN       NaN
      2502       NaN       NaN       NaN       NaN       NaN       NaN       NaN       NaN  Infinity       NaN       NaN       NaN       NaN       NaN
      2503       NaN       NaN       NaN       NaN       NaN       NaN       NaN       NaN  Infinity       NaN       NaN       NaN       NaN       NaN
      2504       NaN       NaN       NaN       NaN       NaN       NaN       NaN       NaN  Infinity       NaN       NaN       NaN       NaN       NaN
      2505       NaN       NaN       NaN       NaN       NaN       NaN       NaN       NaN  Infinity       NaN       NaN       NaN       NaN       NaN
      2506       NaN       NaN       NaN       NaN       NaN       NaN       NaN       NaN  Infinity       NaN       NaN       NaN       NaN       NaN
      2507       NaN       NaN       NaN       NaN       NaN       NaN       NaN       NaN  Infinity       NaN       NaN       NaN       NaN       NaN
      2508       NaN       NaN       NaN       NaN       NaN       NaN       NaN       NaN  Infinity       NaN       NaN       NaN       NaN       NaN
      2509       NaN       NaN       NaN       NaN       NaN       NaN       NaN       NaN  Infinity       NaN       NaN       NaN       NaN       NaN
      2510       NaN       NaN       NaN       NaN       NaN       NaN       NaN       NaN  Infinity       NaN       NaN       NaN       NaN       NaN
      2511       NaN       NaN       NaN       NaN       NaN       NaN       NaN       NaN  Infinity       NaN       NaN       NaN       NaN       NaN
      2512       NaN       NaN       NaN       NaN       NaN       NaN       NaN       NaN  Infinity       NaN       NaN       NaN       NaN       NaN
      2513       NaN       NaN       NaN       NaN       NaN       NaN       NaN       NaN  Infinity       NaN       NaN       NaN       NaN       NaN
      2514       NaN       NaN       NaN       NaN       NaN       NaN       NaN       NaN  Infinity       NaN       NaN       NaN       NaN       NaN
      2515       NaN       NaN       NaN       NaN       NaN       NaN       NaN       NaN  Infinity       NaN       NaN       NaN       NaN       NaN
      2516       NaN       NaN       NaN       NaN       NaN       NaN       NaN       NaN  Infinity       NaN       NaN       NaN       NaN       NaN
      2517       NaN       NaN       NaN       NaN       NaN       NaN       NaN       NaN  Infinity       NaN       NaN       NaN       NaN       NaN
      2518       NaN       NaN       NaN       NaN       NaN       NaN       NaN       NaN  Infinity       NaN       NaN       NaN       NaN       NaN
      2519       NaN       NaN       NaN       NaN       NaN       NaN       NaN       NaN  Infinity       NaN       NaN       NaN       NaN       NaN
      2520       NaN       NaN       NaN       NaN       NaN       NaN       NaN       NaN  Infinity       NaN       NaN       NaN       NaN       NaN
      2521       NaN       NaN       NaN       NaN       NaN       NaN       NaN       NaN  Infinity       NaN       NaN       NaN       NaN       NaN
      2522       NaN       NaN       NaN       NaN       NaN       NaN       NaN       NaN  Infinity       NaN       NaN       NaN       NaN       NaN
      2523       NaN       NaN       NaN       NaN       NaN       NaN       NaN       NaN  Infinity       NaN       NaN       NaN       NaN       NaN
      2524       NaN       NaN       NaN       NaN       NaN       NaN       NaN       NaN  Infinity       NaN       NaN       NaN       NaN       NaN
      2525       NaN       NaN       NaN       NaN       NaN       NaN       NaN       NaN  Infinity       NaN       NaN       NaN       NaN       NaN
      2526       NaN       NaN       NaN       NaN       NaN       NaN       NaN       NaN  Infinity       NaN       NaN       NaN       NaN       NaN
      2527       NaN       NaN       NaN       NaN       NaN       NaN       NaN       NaN  Infinity       NaN       NaN       NaN       NaN       NaN
      2528       NaN       NaN       NaN       NaN       NaN       NaN       NaN       NaN  Infinity       NaN       NaN       NaN       NaN       NaN
      2529       NaN       NaN       NaN       NaN       NaN       NaN       NaN       NaN  Infinity       NaN       NaN       NaN       NaN       NaN
      2530       NaN       NaN       NaN       NaN       NaN       NaN       NaN       NaN  Infinity       NaN       NaN       NaN       NaN       NaN
      2531       NaN       NaN       NaN       NaN       NaN       NaN       NaN       NaN  Infinity       NaN       NaN       NaN       NaN       NaN
      2532       NaN       NaN       NaN       NaN       NaN       NaN       NaN       NaN  Infinity       NaN       NaN       NaN       NaN       NaN
      2533       NaN       NaN       NaN       NaN       NaN       NaN       NaN       NaN  Infinity       NaN       NaN       NaN       NaN       NaN
      2534       NaN       NaN       NaN       NaN       NaN       NaN       NaN       NaN  Infinity       NaN       NaN       NaN       NaN       NaN
      2535       NaN       NaN       NaN       NaN       NaN       NaN       NaN       NaN  Infinity       NaN       NaN       NaN       NaN       NaN
      2536       NaN       NaN       NaN       NaN       NaN       NaN       NaN       NaN  Infinity       NaN       NaN       NaN       NaN       NaN
      2537       NaN       NaN       NaN       NaN       NaN       NaN       NaN       NaN  Infinity       NaN       NaN       NaN       NaN       NaN
      2538       NaN       NaN       NaN       NaN       NaN       NaN       NaN       NaN  Infinity       NaN       NaN       NaN       NaN       NaN
      2539       NaN       NaN       NaN       NaN       NaN       NaN       NaN       NaN  Infinity       NaN       NaN       NaN       NaN       NaN
      2540       NaN       NaN       NaN       NaN       NaN       NaN       NaN       NaN  Infinity       NaN       NaN       NaN       NaN       NaN
      2541       NaN       NaN       NaN       NaN       NaN       NaN       NaN       NaN  Infinity       NaN       NaN       NaN       NaN       NaN
      2542       NaN       NaN       NaN       NaN       NaN       NaN       NaN       NaN  Infinity       NaN       NaN       NaN       NaN       NaN
      2543       NaN       NaN       NaN       NaN       NaN       NaN       NaN       NaN  Infinity       NaN       NaN       NaN       NaN       NaN
      2544       NaN       NaN       NaN       NaN       NaN       NaN       NaN       NaN  Infinity       NaN       NaN       NaN       NaN       NaN
      2545       NaN       NaN       NaN       NaN       NaN       NaN       NaN       NaN  Infinity       NaN       NaN       NaN       NaN       NaN
      2546       NaN       NaN       NaN       NaN       NaN       NaN       NaN       NaN  Infinity       NaN       NaN       NaN       NaN       NaN
      2547       NaN       NaN       NaN       NaN       NaN       NaN       NaN       NaN  Infinity       NaN       NaN       NaN       NaN       NaN
      2548       NaN       NaN       NaN       NaN       NaN       NaN       NaN       NaN  Infinity       NaN       NaN       NaN       NaN       NaN
      2549       NaN       NaN       NaN       NaN       NaN       NaN       NaN       NaN  Infinity       NaN       NaN       NaN       NaN       NaN
      2550       NaN       NaN       NaN       NaN       NaN       NaN       NaN       NaN  Infinity       NaN       NaN       NaN       NaN       NaN
      2551       NaN       NaN       NaN       NaN       NaN       NaN       NaN       NaN  Infinity       NaN       NaN       NaN       NaN       NaN
      2552       NaN       NaN       NaN       NaN       NaN       NaN       NaN       NaN  Infinity       NaN       NaN       NaN       NaN       NaN
      2553       NaN       NaN       NaN       NaN       NaN       NaN       NaN       NaN  Infinity       NaN       NaN       NaN       NaN       NaN
      2554       NaN       NaN       NaN       NaN       NaN       NaN       NaN       NaN  Infinity       NaN       NaN       NaN       NaN       NaN
      2555       NaN       NaN       NaN       NaN       NaN       NaN       NaN       NaN  Infinity       NaN       NaN       NaN       NaN       NaN
      2556       NaN       NaN       NaN       NaN       NaN       NaN       NaN       NaN  Infinity       NaN       NaN       NaN       NaN       NaN
      2557       NaN       NaN       NaN       NaN       NaN       NaN       NaN       NaN  Infinity       NaN       NaN       NaN       NaN       NaN
      2558       NaN       NaN       NaN       NaN       NaN       NaN       NaN       NaN  Infinity       NaN       NaN       NaN       NaN       NaN
      2559       NaN       NaN       NaN       NaN       NaN       NaN       NaN       NaN  Infinity       NaN       NaN       NaN       NaN       NaN
      2560       NaN       NaN       NaN       NaN       NaN       NaN       NaN       NaN  Infinity       NaN       NaN       NaN       NaN       NaN
      2561       NaN       NaN       NaN       NaN       NaN       NaN       NaN       NaN  Infinity       NaN       NaN       NaN       NaN       NaN
      2562       NaN       NaN       NaN       NaN       NaN       NaN       NaN       NaN  Infinity       NaN       NaN       NaN       NaN       NaN
      2563       NaN       NaN       NaN       NaN       NaN       NaN       NaN       NaN  Infinity       NaN       NaN       NaN       NaN       NaN
      2564       NaN       NaN       NaN       NaN       NaN       NaN       NaN       NaN  Infinity       NaN       NaN       NaN       NaN       NaN
      2565       NaN       NaN       NaN       NaN       NaN       NaN       NaN       NaN  Infinity       NaN       NaN       NaN       NaN       NaN
      2566       NaN       NaN       NaN       NaN       NaN       NaN       NaN       NaN  Infinity       NaN       NaN       NaN       NaN       NaN
      2567       NaN       NaN       NaN       NaN       NaN       NaN       NaN       NaN  Infinity       NaN       NaN       NaN       NaN       NaN
      2568       NaN       NaN       NaN       NaN       NaN       NaN       NaN       NaN  Infinity       NaN       NaN       NaN       NaN       NaN
      2569       NaN       NaN       NaN       NaN       NaN       NaN       NaN       NaN  Infinity       NaN       NaN       NaN       NaN       NaN
      2570       NaN       NaN       NaN       NaN       NaN       NaN       NaN       NaN  Infinity       NaN       NaN       NaN       NaN       NaN
      2571       NaN       NaN       NaN       NaN       NaN       NaN       NaN       NaN  Infinity       NaN       NaN       NaN       NaN       NaN
      2572       NaN       NaN       NaN       NaN       NaN       NaN       NaN       NaN  Infinity       NaN       NaN       NaN       NaN       NaN
      2573       NaN       NaN       NaN       NaN       NaN       NaN       NaN       NaN  Infinity       NaN       NaN       NaN       NaN       NaN
      2574       NaN       NaN       NaN       NaN       NaN       NaN       NaN       NaN  Infinity       NaN       NaN       NaN       NaN       NaN
      2575       NaN       NaN       NaN       NaN       NaN       NaN       NaN       NaN  Infinity       NaN       NaN       NaN       NaN       NaN
      2576       NaN       NaN       NaN       NaN       NaN       NaN       NaN       NaN  Infinity       NaN       NaN       NaN       NaN       NaN
      2577       NaN       NaN       NaN       NaN       NaN       NaN       NaN       NaN  Infinity       NaN       NaN       NaN       NaN       NaN
      2578       NaN       NaN       NaN       NaN       NaN       NaN       NaN       NaN  Infinity       NaN       NaN       NaN       NaN       NaN
      2579       NaN       NaN       NaN       NaN       NaN       NaN       NaN       NaN  Infinity       NaN       NaN       NaN       NaN       NaN
      2580       NaN       NaN       NaN       NaN       NaN       NaN       NaN       NaN  Infinity       NaN       NaN       NaN       NaN       NaN
      2581       NaN       NaN       NaN       NaN       NaN       NaN       NaN       NaN  Infinity       NaN       NaN       NaN       NaN       NaN
      2582       NaN       NaN       NaN       NaN       NaN       NaN       NaN       NaN  Infinity       NaN       NaN       NaN       NaN       NaN
      2583       NaN       NaN       NaN       NaN       NaN       NaN       NaN       NaN  Infinity       NaN       NaN       NaN       NaN       NaN
      2584       NaN       NaN       NaN       NaN       NaN       NaN       NaN       NaN  Infinity       NaN       NaN       NaN       NaN       NaN
      2585       NaN       NaN       NaN       NaN       NaN       NaN       NaN       NaN  Infinity       NaN       NaN       NaN       NaN       NaN
      2586       NaN       NaN       NaN       NaN       NaN       NaN       NaN       NaN  Infinity       NaN       NaN       NaN       NaN       NaN
      2587       NaN       NaN       NaN       NaN       NaN       NaN       NaN       NaN  Infinity       NaN       NaN       NaN       NaN       NaN
      2588       NaN       NaN       NaN       NaN       NaN       NaN       NaN       NaN  Infinity       NaN       NaN       NaN       NaN       NaN
      2589       NaN       NaN       NaN       NaN       NaN       NaN       NaN       NaN  Infinity       NaN       NaN       NaN       NaN       NaN
      2590       NaN       NaN       NaN       NaN       NaN       NaN       NaN       NaN  Infinity       NaN       NaN       NaN       NaN       NaN
      2591       NaN       NaN       NaN       NaN       NaN       NaN       NaN       NaN  Infinity       NaN       NaN       NaN       NaN       NaN
      2592       NaN       NaN       NaN       NaN       NaN       NaN       NaN       NaN  Infinity       NaN       NaN       NaN       NaN       NaN
      2593       NaN       NaN       NaN       NaN       NaN       NaN       NaN       NaN  Infinity       NaN       NaN       NaN       NaN       NaN
      2594       NaN       NaN       NaN       NaN       NaN       NaN       NaN       NaN  Infinity       NaN       NaN       NaN       NaN       NaN
      2595       NaN       NaN       NaN       NaN       NaN       NaN       NaN       NaN  Infinity       NaN       NaN       NaN       NaN       NaN
      2596       NaN       NaN       NaN       NaN       NaN       NaN       NaN       NaN  Infinity       NaN       NaN       NaN       NaN       NaN
      2597       NaN       NaN       NaN       NaN       NaN       NaN       NaN       NaN  Infinity       NaN       NaN       NaN       NaN       NaN
      2598       NaN       NaN       NaN       NaN       NaN       NaN       NaN       NaN  Infinity       NaN       NaN       NaN       NaN       NaN
      2599       NaN       NaN       NaN       NaN       NaN       NaN       NaN       NaN  Infinity       NaN       NaN       NaN       NaN       NaN
      2600       NaN       NaN       NaN       NaN       NaN       NaN       NaN       NaN  Infinity       NaN       NaN       NaN       NaN       NaN
      2601       NaN       NaN       NaN       NaN       NaN       NaN       NaN       NaN  Infinity       NaN       NaN       NaN       NaN       NaN
      2602       NaN       NaN       NaN       NaN       NaN       NaN       NaN       NaN  Infinity       NaN       NaN       NaN       NaN       NaN
      2603       NaN       NaN       NaN       NaN       NaN       NaN       NaN       NaN  Infinity       NaN       NaN       NaN       NaN       NaN
      2604       NaN       NaN       NaN       NaN       NaN       NaN       NaN       NaN  Infinity       NaN       NaN       NaN       NaN       NaN
      2605       NaN       NaN       NaN       NaN       NaN       NaN       NaN       NaN  Infinity       NaN       NaN       NaN       NaN       NaN
      2606       NaN       NaN       NaN       NaN       NaN       NaN       NaN       NaN  Infinity       NaN       NaN       NaN       NaN       NaN
      2607       NaN       NaN       NaN       NaN       NaN       NaN       NaN       NaN  Infinity       NaN       NaN       NaN       NaN       NaN
      2608       NaN       NaN       NaN       NaN       NaN       NaN       NaN       NaN  Infinity       NaN       NaN       NaN       NaN       NaN
      2609       NaN       NaN       NaN       NaN       NaN       NaN       NaN       NaN  Infinity       NaN       NaN       NaN       NaN       NaN
      2610       NaN       NaN       NaN       NaN       NaN       NaN       NaN       NaN  Infinity       NaN       NaN       NaN       NaN       NaN
      2611       NaN       NaN       NaN       NaN       NaN       NaN       NaN       NaN  Infinity       NaN       NaN       NaN       NaN       NaN
      2612       NaN       NaN       NaN       NaN       NaN       NaN       NaN       NaN  Infinity       NaN       NaN       NaN       NaN       NaN
      2613       NaN       NaN       NaN       NaN       NaN       NaN       NaN       NaN  Infinity       NaN       NaN       NaN       NaN       NaN
      2614       NaN       NaN       NaN       NaN       NaN       NaN       NaN       NaN  Infinity       NaN       NaN       NaN       NaN       NaN
      2615       NaN       NaN       NaN       NaN       NaN       NaN       NaN       NaN  Infinity       NaN       NaN       NaN       NaN       NaN
      2616       NaN       NaN       NaN       NaN       NaN       NaN       NaN       NaN  Infinity       NaN       NaN       NaN       NaN       NaN
      2617       NaN       NaN       NaN       NaN       NaN       NaN       NaN       NaN  Infinity       NaN       NaN       NaN       NaN       NaN
      2618       NaN       NaN       NaN       NaN       NaN       NaN       NaN       NaN  Infinity       NaN       NaN       NaN       NaN       NaN
      2619       NaN       NaN       NaN       NaN       NaN       NaN       NaN       NaN  Infinity       NaN       NaN       NaN       NaN       NaN
      2620       NaN       NaN       NaN       NaN       NaN       NaN       NaN       NaN  Infinity       NaN       NaN       NaN       NaN       NaN
      2621       NaN       NaN       NaN       NaN       NaN       NaN       NaN       NaN  Infinity       NaN       NaN       NaN       NaN       NaN
      2622       NaN       NaN       NaN       NaN       NaN       NaN       NaN       NaN  Infinity       NaN       NaN       NaN       NaN       NaN
      2623       NaN       NaN       NaN       NaN       NaN       NaN       NaN       NaN  Infinity       NaN       NaN       NaN       NaN       NaN
      2624       NaN       NaN       NaN       NaN       NaN       NaN       NaN       NaN  Infinity       NaN       NaN       NaN       NaN       NaN
      2625       NaN       NaN       NaN       NaN       NaN       NaN       NaN       NaN  Infinity       NaN       NaN       NaN       NaN       NaN
      2626       NaN       NaN       NaN       NaN       NaN       NaN       NaN       NaN  Infinity       NaN       NaN       NaN       NaN       NaN
      2627       NaN       NaN       NaN       NaN       NaN       NaN       NaN       NaN  Infinity       NaN       NaN       NaN       NaN       NaN
      2628       NaN       NaN       NaN       NaN       NaN       NaN       NaN       NaN  Infinity       NaN       NaN       NaN       NaN       NaN
      2629       NaN       NaN       NaN       NaN       NaN       NaN       NaN       NaN  Infinity       NaN       NaN       NaN       NaN       NaN
      2630       NaN       NaN       NaN       NaN       NaN       NaN       NaN       NaN  Infinity       NaN       NaN       NaN       NaN       NaN
      2631       NaN       NaN       NaN       NaN       NaN       NaN       NaN       NaN  Infinity       NaN       NaN       NaN       NaN       NaN
      2632       NaN       NaN       NaN       NaN       NaN       NaN       NaN       NaN  Infinity       NaN       NaN       NaN       NaN       NaN
      2633       NaN       NaN       NaN       NaN       NaN       NaN       NaN       NaN  Infinity       NaN       NaN       NaN       NaN       NaN
      2634       NaN       NaN       NaN       NaN       NaN       NaN       NaN       NaN  Infinity       NaN       NaN       NaN       NaN       NaN
      2635       NaN       NaN       NaN       NaN       NaN       NaN       NaN       NaN  Infinity       NaN       NaN       NaN       NaN       NaN
      2636       NaN       NaN       NaN       NaN       NaN       NaN       NaN       NaN  Infinity       NaN       NaN       NaN       NaN       NaN
      2637       NaN       NaN       NaN       NaN       NaN       NaN       NaN       NaN  Infinity       NaN       NaN       NaN       NaN       NaN
      2638       NaN       NaN       NaN       NaN       NaN       NaN       NaN       NaN  Infinity       NaN       NaN       NaN       NaN       NaN
      2639       NaN       NaN       NaN       NaN       NaN       NaN       NaN       NaN  Infinity       NaN       NaN       NaN       NaN       NaN
      2640       NaN       NaN       NaN       NaN       NaN       NaN       NaN       NaN  Infinity       NaN       NaN       NaN       NaN       NaN
      2641       NaN       NaN       NaN       NaN       NaN       NaN       NaN       NaN  Infinity       NaN       NaN       NaN       NaN       NaN
      2642       NaN       NaN       NaN       NaN       NaN       NaN       NaN       NaN  Infinity       NaN       NaN       NaN       NaN       NaN
      2643       NaN       NaN       NaN       NaN       NaN       NaN       NaN       NaN  Infinity       NaN       NaN       NaN       NaN       NaN
      2644       NaN       NaN       NaN       NaN       NaN       NaN       NaN       NaN  Infinity       NaN       NaN       NaN       NaN       NaN
      2645       NaN       NaN       NaN       NaN       NaN       NaN       NaN       NaN  Infinity       NaN       NaN       NaN       NaN       NaN
      2646       NaN       NaN       NaN       NaN       NaN       NaN       NaN       NaN  Infinity       NaN       NaN       NaN       NaN       NaN
      2647       NaN       NaN       NaN       NaN       NaN       NaN       NaN       NaN  Infinity       NaN       NaN       NaN       NaN       NaN
      2648       NaN       NaN       NaN       NaN       NaN       NaN       NaN       NaN  Infinity       NaN       NaN       NaN       NaN       NaN
      2649       NaN       NaN       NaN       NaN       NaN       NaN       NaN       NaN  Infinity       NaN       NaN       NaN       NaN       NaN
      2650       NaN       NaN       NaN       NaN       NaN       NaN       NaN       NaN  Infinity       NaN       NaN       NaN       NaN       NaN
      2651       NaN       NaN       NaN       NaN       NaN       NaN       NaN       NaN  Infinity       NaN       NaN       NaN       NaN       NaN
      2652       NaN       NaN       NaN       NaN       NaN       NaN       NaN       NaN  Infinity       NaN       NaN       NaN       NaN       NaN
      2653       NaN       NaN       NaN       NaN       NaN       NaN       NaN       NaN  Infinity       NaN       NaN       NaN       NaN       NaN
      2654       NaN       NaN       NaN       NaN       NaN       NaN       NaN       NaN  Infinity       NaN       NaN       NaN       NaN       NaN
      2655       NaN       NaN       NaN       NaN       NaN       NaN       NaN       NaN  Infinity       NaN       NaN       NaN       NaN       NaN
      2656       NaN       NaN       NaN       NaN       NaN       NaN       NaN       NaN  Infinity       NaN       NaN       NaN       NaN       NaN
      2657       NaN       NaN       NaN       NaN       NaN       NaN       NaN       NaN  Infinity       NaN       NaN       NaN       NaN       NaN
      2658       NaN       NaN       NaN       NaN       NaN       NaN       NaN       NaN  Infinity       NaN       NaN       NaN       NaN       NaN
      2659       NaN       NaN       NaN       NaN       NaN       NaN       NaN       NaN  Infinity       NaN       NaN       NaN       NaN       NaN
      2660       NaN       NaN       NaN       NaN       NaN       NaN       NaN       NaN  Infinity       NaN       NaN       NaN       NaN       NaN
      2661       NaN       NaN       NaN       NaN       NaN       NaN       NaN       NaN  Infinity       NaN       NaN       NaN       NaN       NaN
      2662       NaN       NaN       NaN       NaN       NaN       NaN       NaN       NaN  Infinity       NaN       NaN       NaN       NaN       NaN
      2663       NaN       NaN       NaN       NaN       NaN       NaN       NaN       NaN  Infinity       NaN       NaN       NaN       NaN       NaN
      2664       NaN       NaN       NaN       NaN       NaN       NaN       NaN       NaN  Infinity       NaN       NaN       NaN       NaN       NaN
      2665       NaN       NaN       NaN       NaN       NaN       NaN       NaN       NaN  Infinity       NaN       NaN       NaN       NaN       NaN
      2666       NaN       NaN       NaN       NaN       NaN       NaN       NaN       NaN  Infinity       NaN       NaN       NaN       NaN       NaN
      2667       NaN       NaN       NaN       NaN       NaN       NaN       NaN       NaN  Infinity       NaN       NaN       NaN       NaN       NaN
      2668       NaN       NaN       NaN       NaN       NaN       NaN       NaN       NaN  Infinity       NaN       NaN       NaN       NaN       NaN
      2669       NaN       NaN       NaN       NaN       NaN       NaN       NaN       NaN  Infinity       NaN       NaN       NaN       NaN       NaN
      2670       NaN       NaN       NaN       NaN       NaN       NaN       NaN       NaN  Infinity       NaN       NaN       NaN       NaN       NaN
      2671       NaN       NaN       NaN       NaN       NaN       NaN       NaN       NaN  Infinity       NaN       NaN       NaN       NaN       NaN
      2672       NaN       NaN       NaN       NaN       NaN       NaN       NaN       NaN  Infinity       NaN       NaN       NaN       NaN       NaN
      2673       NaN       NaN       NaN       NaN       NaN       NaN       NaN       NaN  Infinity       NaN       NaN       NaN       NaN       NaN
      2674       NaN       NaN       NaN       NaN       NaN       NaN       NaN       NaN  Infinity       NaN       NaN       NaN       NaN       NaN
      2675       NaN       NaN       NaN       NaN       NaN       NaN       NaN       NaN  Infinity       NaN       NaN       NaN       NaN       NaN
      2676       NaN       NaN       NaN       NaN       NaN       NaN       NaN       NaN  Infinity       NaN       NaN       NaN       NaN       NaN
      2677       NaN       NaN       NaN       NaN       NaN       NaN       NaN       NaN  Infinity       NaN       NaN       NaN       NaN       NaN
      2678       NaN       NaN       NaN       NaN       NaN       NaN       NaN       NaN  Infinity       NaN       NaN       NaN       NaN       NaN
      2679       NaN       NaN       NaN       NaN       NaN       NaN       NaN       NaN  Infinity       NaN       NaN       NaN       NaN       NaN
      2680       NaN       NaN       NaN       NaN       NaN       NaN       NaN       NaN  Infinity       NaN       NaN       NaN       NaN       NaN
      2681       NaN       NaN       NaN       NaN       NaN       NaN       NaN       NaN  Infinity       NaN       NaN       NaN       NaN       NaN
      2682       NaN       NaN       NaN       NaN       NaN       NaN       NaN       NaN  Infinity       NaN       NaN       NaN       NaN       NaN
      2683       NaN       NaN       NaN       NaN       NaN       NaN       NaN       NaN  Infinity       NaN       NaN       NaN       NaN       NaN
      2684       NaN       NaN       NaN       NaN       NaN       NaN       NaN       NaN  Infinity       NaN       NaN       NaN       NaN       NaN
      2685       NaN       NaN       NaN       NaN       NaN       NaN       NaN       NaN  Infinity       NaN       NaN       NaN       NaN       NaN
      2686       NaN       NaN       NaN       NaN       NaN       NaN       NaN       NaN  Infinity       NaN       NaN       NaN       NaN       NaN
      2687       NaN       NaN       NaN       NaN       NaN       NaN       NaN       NaN  Infinity       NaN       NaN       NaN       NaN       NaN
      2688       NaN       NaN       NaN       NaN       NaN       NaN       NaN       NaN  Infinity       NaN       NaN       NaN       NaN       NaN
      2689       NaN       NaN       NaN       NaN       NaN       NaN       NaN       NaN  Infinity       NaN       NaN       NaN       NaN       NaN
      2690       NaN       NaN       NaN       NaN       NaN       NaN       NaN       NaN  Infinity       NaN       NaN       NaN       NaN       NaN
      2691       NaN       NaN       NaN       NaN       NaN       NaN       NaN       NaN  Infinity       NaN       NaN       NaN       NaN       NaN
      2692       NaN       NaN       NaN       NaN       NaN       NaN       NaN       NaN  Infinity       NaN       NaN       NaN       NaN       NaN
      2693       NaN       NaN       NaN       NaN       NaN       NaN       NaN       NaN  Infinity       NaN       NaN       NaN       NaN       NaN
      2694       NaN       NaN       NaN       NaN       NaN       NaN       NaN       NaN  Infinity       NaN       NaN       NaN       NaN       NaN
      2695       NaN       NaN       NaN       NaN       NaN       NaN       NaN       NaN  Infinity       NaN       NaN       NaN       NaN       NaN
      2696       NaN       NaN       NaN       NaN       NaN       NaN       NaN       NaN  Infinity       NaN       NaN       NaN       NaN       NaN
      2697       NaN       NaN       NaN       NaN       NaN       NaN       NaN       NaN  Infinity       NaN       NaN       NaN       NaN       NaN
      2698       NaN       NaN       NaN       NaN       NaN       NaN       NaN       NaN  Infinity       NaN       NaN       NaN       NaN       NaN
      2699       NaN       NaN       NaN       NaN       NaN       NaN       NaN       NaN  Infinity       NaN       NaN       NaN       NaN       NaN
      2700       NaN       NaN       NaN       NaN       NaN       NaN       NaN       NaN  Infinity       NaN       NaN       NaN       NaN       NaN
      2701       NaN       NaN       NaN       NaN       NaN       NaN       NaN       NaN  Infinity       NaN       NaN       NaN       NaN       NaN
      2702       NaN       NaN       NaN       NaN       NaN       NaN       NaN       NaN  Infinity       NaN       NaN       NaN       NaN       NaN
      2703       NaN       NaN       NaN       NaN       NaN       NaN       NaN       NaN  Infinity       NaN       NaN       NaN       NaN       NaN
      2704       NaN       NaN       NaN       NaN       NaN       NaN       NaN       NaN  Infinity       NaN       NaN       NaN       NaN       NaN
      2705       NaN       NaN       NaN       NaN       NaN       NaN       NaN       NaN  Infinity       NaN       NaN       NaN       NaN       NaN
      2706       NaN       NaN       NaN       NaN       NaN       NaN       NaN       NaN  Infinity       NaN       NaN       NaN       NaN       NaN
      2707       NaN       NaN       NaN       NaN       NaN       NaN       NaN       NaN  Infinity       NaN       NaN       NaN       NaN       NaN
      2708       NaN       NaN       NaN       NaN       NaN       NaN       NaN       NaN  Infinity       NaN       NaN       NaN       NaN       NaN
      2709       NaN       NaN       NaN       NaN       NaN       NaN       NaN       NaN  Infinity       NaN       NaN       NaN       NaN       NaN
      2710       NaN       NaN       NaN       NaN       NaN       NaN       NaN       NaN  Infinity       NaN       NaN       NaN       NaN       NaN
      2711       NaN       NaN       NaN       NaN       NaN       NaN       NaN       NaN  Infinity       NaN       NaN       NaN       NaN       NaN
      2712       NaN       NaN       NaN       NaN       NaN       NaN       NaN       NaN  Infinity       NaN       NaN       NaN       NaN       NaN
      2713       NaN       NaN       NaN       NaN       NaN       NaN       NaN       NaN  Infinity       NaN       NaN       NaN       NaN       NaN
      2714       NaN       NaN       NaN       NaN       NaN       NaN       NaN       NaN  Infinity       NaN       NaN       NaN       NaN       NaN
      2715       NaN       NaN       NaN       NaN       NaN       NaN       NaN       NaN  Infinity       NaN       NaN       NaN       NaN       NaN
      2716       NaN       NaN       NaN       NaN       NaN       NaN       NaN       NaN  Infinity       NaN       NaN       NaN       NaN       NaN
      2717       NaN       NaN       NaN       NaN       NaN       NaN       NaN       NaN  Infinity       NaN       NaN       NaN       NaN       NaN
      2718       NaN       NaN       NaN       NaN       NaN       NaN       NaN       NaN  Infinity       NaN       NaN       NaN       NaN       NaN
      2719       NaN       NaN       NaN       NaN       NaN       NaN       NaN       NaN  Infinity       NaN       NaN       NaN       NaN       NaN
      2720       NaN       NaN       NaN       NaN       NaN       NaN       NaN       NaN  Infinity       NaN       NaN       NaN       NaN       NaN
      2721       NaN       NaN       NaN       NaN       NaN       NaN       NaN       NaN  Infinity       NaN       NaN       NaN       NaN       NaN
      2722       NaN       NaN       NaN       NaN       NaN       NaN       NaN       NaN  Infinity       NaN       NaN       NaN       NaN       NaN
      2723       NaN       NaN       NaN       NaN       NaN       NaN       NaN       NaN  Infinity       NaN       NaN       NaN       NaN       NaN
      2724       NaN       NaN       NaN       NaN       NaN       NaN       NaN       NaN  Infinity       NaN       NaN       NaN       NaN       NaN
      2725       NaN       NaN       NaN       NaN       NaN       NaN       NaN       NaN  Infinity       NaN       NaN       NaN       NaN       NaN
      2726       NaN       NaN       NaN       NaN       NaN       NaN       NaN       NaN  Infinity       NaN       NaN       NaN       NaN       NaN
      2727       NaN       NaN       NaN       NaN       NaN       NaN       NaN       NaN  Infinity       NaN       NaN       NaN       NaN       NaN
      2728       NaN       NaN       NaN       NaN       NaN       NaN       NaN       NaN  Infinity       NaN       NaN       NaN       NaN       NaN
      2729       NaN       NaN       NaN       NaN       NaN       NaN       NaN       NaN  Infinity       NaN       NaN       NaN       NaN       NaN
      2730       NaN       NaN       NaN       NaN       NaN       NaN       NaN       NaN  Infinity       NaN       NaN       NaN       NaN       NaN
      2731       NaN       NaN       NaN       NaN       NaN       NaN       NaN       NaN  Infinity       NaN       NaN       NaN       NaN       NaN
      2732       NaN       NaN       NaN       NaN       NaN       NaN       NaN       NaN  Infinity       NaN       NaN       NaN       NaN       NaN
      2733       NaN       NaN       NaN       NaN       NaN       NaN       NaN       NaN  Infinity       NaN       NaN       NaN       NaN       NaN
      2734       NaN       NaN       NaN       NaN       NaN       NaN       NaN       NaN  Infinity       NaN       NaN       NaN       NaN       NaN
      2735       NaN       NaN       NaN       NaN       NaN       NaN       NaN       NaN  Infinity       NaN       NaN       NaN       NaN       NaN
      2736       NaN       NaN       NaN       NaN       NaN       NaN       NaN       NaN  Infinity       NaN       NaN       NaN       NaN       NaN
      2737       NaN       NaN       NaN       NaN       NaN       NaN       NaN       NaN  Infinity       NaN       NaN       NaN       NaN       NaN
      2738       NaN       NaN       NaN       NaN       NaN       NaN       NaN       NaN  Infinity       NaN       NaN       NaN       NaN       NaN
      2739       NaN       NaN       NaN       NaN       NaN       NaN       NaN       NaN  Infinity       NaN       NaN       NaN       NaN       NaN
      2740       NaN       NaN       NaN       NaN       NaN       NaN       NaN       NaN  Infinity       NaN       NaN       NaN       NaN       NaN
      2741       NaN       NaN       NaN       NaN       NaN       NaN       NaN       NaN  Infinity       NaN       NaN       NaN       NaN       NaN
      2742       NaN       NaN       NaN       NaN       NaN       NaN       NaN       NaN  Infinity       NaN       NaN       NaN       NaN       NaN
      2743       NaN       NaN       NaN       NaN       NaN       NaN       NaN       NaN  Infinity       NaN       NaN       NaN       NaN       NaN
      2744       NaN       NaN       NaN       NaN       NaN       NaN       NaN       NaN  Infinity       NaN       NaN       NaN       NaN       NaN
      2745       NaN       NaN       NaN       NaN       NaN       NaN       NaN       NaN  Infinity       NaN       NaN       NaN       NaN       NaN
      2746       NaN       NaN       NaN       NaN       NaN       NaN       NaN       NaN  Infinity       NaN       NaN       NaN       NaN       NaN
      2747       NaN       NaN       NaN       NaN       NaN       NaN       NaN       NaN  Infinity       NaN       NaN       NaN       NaN       NaN
      2748       NaN       NaN       NaN       NaN       NaN       NaN       NaN       NaN  Infinity       NaN       NaN       NaN       NaN       NaN
      2749       NaN       NaN       NaN       NaN       NaN       NaN       NaN       NaN  Infinity       NaN       NaN       NaN       NaN       NaN
      2750       NaN       NaN       NaN       NaN       NaN       NaN       NaN       NaN  Infinity       NaN       NaN       NaN       NaN       NaN
      2751       NaN       NaN       NaN       NaN       NaN       NaN       NaN       NaN  Infinity       NaN       NaN       NaN       NaN       NaN
      2752       NaN       NaN       NaN       NaN       NaN       NaN       NaN       NaN  Infinity       NaN       NaN       NaN       NaN       NaN
      2753       NaN       NaN       NaN       NaN       NaN       NaN       NaN       NaN  Infinity       NaN       NaN       NaN       NaN       NaN
      2754       NaN       NaN       NaN       NaN       NaN       NaN       NaN       NaN  Infinity       NaN       NaN       NaN       NaN       NaN
      2755       NaN       NaN       NaN       NaN       NaN       NaN       NaN       NaN  Infinity       NaN       NaN       NaN       NaN       NaN
      2756       NaN       NaN       NaN       NaN       NaN       NaN       NaN       NaN  Infinity       NaN       NaN       NaN       NaN       NaN
      2757       NaN       NaN       NaN       NaN       NaN       NaN       NaN       NaN  Infinity       NaN       NaN       NaN       NaN       NaN
      2758       NaN       NaN       NaN       NaN       NaN       NaN       NaN       NaN  Infinity       NaN       NaN       NaN       NaN       NaN
      2759       NaN       NaN       NaN       NaN       NaN       NaN       NaN       NaN  Infinity       NaN       NaN       NaN       NaN       NaN
      2760       NaN       NaN       NaN       NaN       NaN       NaN       NaN       NaN  Infinity       NaN       NaN       NaN       NaN       NaN
      2761       NaN       NaN       NaN       NaN       NaN       NaN       NaN       NaN  Infinity       NaN       NaN       NaN       NaN       NaN
      2762       NaN       NaN       NaN       NaN       NaN       NaN       NaN       NaN  Infinity       NaN       NaN       NaN       NaN       NaN
      2763       NaN       NaN       NaN       NaN       NaN       NaN       NaN       NaN  Infinity       NaN       NaN       NaN       NaN       NaN
      2764       NaN       NaN       NaN       NaN       NaN       NaN       NaN       NaN  Infinity       NaN       NaN       NaN       NaN       NaN
      2765       NaN       NaN       NaN       NaN       NaN       NaN       NaN       NaN  Infinity       NaN       NaN       NaN       NaN       NaN
      2766       NaN       NaN       NaN       NaN       NaN       NaN       NaN       NaN  Infinity       NaN       NaN       NaN       NaN       NaN
      2767       NaN       NaN       NaN       NaN       NaN       NaN       NaN       NaN  Infinity       NaN       NaN       NaN       NaN       NaN
      2768       NaN       NaN       NaN       NaN       NaN       NaN       NaN       NaN  Infinity       NaN       NaN       NaN       NaN       NaN
      2769       NaN       NaN       NaN       NaN       NaN       NaN       NaN       NaN  Infinity       NaN       NaN       NaN       NaN       NaN
      2770       NaN       NaN       NaN       NaN       NaN       NaN       NaN       NaN  Infinity       NaN       NaN       NaN       NaN       NaN
      2771       NaN       NaN       NaN       NaN       NaN       NaN       NaN       NaN  Infinity       NaN       NaN       NaN       NaN       NaN
      2772       NaN       NaN       NaN       NaN       NaN       NaN       NaN       NaN  Infinity       NaN       NaN       NaN       NaN       NaN
      2773       NaN       NaN       NaN       NaN       NaN       NaN       NaN       NaN  Infinity       NaN       NaN       NaN       NaN       NaN
      2774       NaN       NaN       NaN       NaN       NaN       NaN       NaN       NaN  Infinity       NaN       NaN       NaN       NaN       NaN
      2775       NaN       NaN       NaN       NaN       NaN       NaN       NaN       NaN  Infinity       NaN       NaN       NaN       NaN       NaN
      2776       NaN       NaN       NaN       NaN       NaN       NaN       NaN       NaN  Infinity       NaN       NaN       NaN       NaN       NaN
      2777       NaN       NaN       NaN       NaN       NaN       NaN       NaN       NaN  Infinity       NaN       NaN       NaN       NaN       NaN
      2778       NaN       NaN       NaN       NaN       NaN       NaN       NaN       NaN  Infinity       NaN       NaN       NaN       NaN       NaN
      2779       NaN       NaN       NaN       NaN       NaN       NaN       NaN       NaN  Infinity       NaN       NaN       NaN       NaN       NaN
      2780       NaN       NaN       NaN       NaN       NaN       NaN       NaN       NaN  Infinity       NaN       NaN       NaN       NaN       NaN
      2781       NaN       NaN       NaN       NaN       NaN       NaN       NaN       NaN  Infinity       NaN       NaN       NaN       NaN       NaN
      2782       NaN       NaN       NaN       NaN       NaN       NaN       NaN       NaN  Infinity       NaN       NaN       NaN       NaN       NaN
      2783       NaN       NaN       NaN       NaN       NaN       NaN       NaN       NaN  Infinity       NaN       NaN       NaN       NaN       NaN
      2784       NaN       NaN       NaN       NaN       NaN       NaN       NaN       NaN  Infinity       NaN       NaN       NaN       NaN       NaN
      2785       NaN       NaN       NaN       NaN       NaN       NaN       NaN       NaN  Infinity       NaN       NaN       NaN       NaN       NaN
      2786       NaN       NaN       NaN       NaN       NaN       NaN       NaN       NaN  Infinity       NaN       NaN       NaN       NaN       NaN
      2787       NaN       NaN       NaN       NaN       NaN       NaN       NaN       NaN  Infinity       NaN       NaN       NaN       NaN       NaN
      2788       NaN       NaN       NaN       NaN       NaN       NaN       NaN       NaN  Infinity       NaN       NaN       NaN       NaN       NaN
      2789       NaN       NaN       NaN       NaN       NaN       NaN       NaN       NaN  Infinity       NaN       NaN       NaN       NaN       NaN
      2790       NaN       NaN       NaN       NaN       NaN       NaN       NaN       NaN  Infinity       NaN       NaN       NaN       NaN       NaN
      2791       NaN       NaN       NaN       NaN       NaN       NaN       NaN       NaN  Infinity       NaN       NaN       NaN       NaN       NaN
      2792       NaN       NaN       NaN       NaN       NaN       NaN       NaN       NaN  Infinity       NaN       NaN       NaN       NaN       NaN
      2793       NaN       NaN       NaN       NaN       NaN       NaN       NaN       NaN  Infinity       NaN       NaN       NaN       NaN       NaN
      2794       NaN       NaN       NaN       NaN       NaN       NaN       NaN       NaN  Infinity       NaN       NaN       NaN       NaN       NaN
      2795       NaN       NaN       NaN       NaN       NaN       NaN       NaN       NaN  Infinity       NaN       NaN       NaN       NaN       NaN
      2796       NaN       NaN       NaN       NaN       NaN       NaN       NaN       NaN  Infinity       NaN       NaN       NaN       NaN       NaN
      2797       NaN       NaN       NaN       NaN       NaN       NaN       NaN       NaN  Infinity       NaN       NaN       NaN       NaN       NaN
      2798       NaN       NaN       NaN       NaN       NaN       NaN       NaN       NaN  Infinity       NaN       NaN       NaN       NaN       NaN
      2799       NaN       NaN       NaN       NaN       NaN       NaN       NaN       NaN  Infinity       NaN       NaN       NaN       NaN       NaN
      2800       NaN       NaN       NaN       NaN       NaN       NaN       NaN       NaN  Infinity       NaN       NaN       NaN       NaN       NaN
      2801       NaN       NaN       NaN       NaN       NaN       NaN       NaN       NaN  Infinity       NaN       NaN       NaN       NaN       NaN
      2802       NaN       NaN       NaN       NaN       NaN       NaN       NaN       NaN  Infinity       NaN       NaN       NaN       NaN       NaN
      2803       NaN       NaN       NaN       NaN       NaN       NaN       NaN       NaN  Infinity       NaN       NaN       NaN       NaN       NaN
      2804       NaN       NaN       NaN       NaN       NaN       NaN       NaN       NaN  Infinity       NaN       NaN       NaN       NaN       NaN
      2805       NaN       NaN       NaN       NaN       NaN       NaN       NaN       NaN  Infinity       NaN       NaN       NaN       NaN       NaN
      2806       NaN       NaN       NaN       NaN       NaN       NaN       NaN       NaN  Infinity       NaN       NaN       NaN       NaN       NaN
      2807       NaN       NaN       NaN       NaN       NaN       NaN       NaN       NaN  Infinity       NaN       NaN       NaN       NaN       NaN
      2808       NaN       NaN       NaN       NaN       NaN       NaN       NaN       NaN  Infinity       NaN       NaN       NaN       NaN       NaN
      2809       NaN       NaN       NaN       NaN       NaN       NaN       NaN       NaN  Infinity       NaN       NaN       NaN       NaN       NaN
      2810       NaN       NaN       NaN       NaN       NaN       NaN       NaN       NaN  Infinity       NaN       NaN       NaN       NaN       NaN
      2811       NaN       NaN       NaN       NaN       NaN       NaN       NaN       NaN  Infinity       NaN       NaN       NaN       NaN       NaN
      2812       NaN       NaN       NaN       NaN       NaN       NaN       NaN       NaN  Infinity       NaN       NaN       NaN       NaN       NaN
      2813       NaN       NaN       NaN       NaN       NaN       NaN       NaN       NaN  Infinity       NaN       NaN       NaN       NaN       NaN
      2814       NaN       NaN       NaN       NaN       NaN       NaN       NaN       NaN  Infinity       NaN       NaN       NaN       NaN       NaN
      2815       NaN       NaN       NaN       NaN       NaN       NaN       NaN       NaN  Infinity       NaN       NaN       NaN       NaN       NaN
      2816       NaN       NaN       NaN       NaN       NaN       NaN       NaN       NaN  Infinity       NaN       NaN       NaN       NaN       NaN
      2817       NaN       NaN       NaN       NaN       NaN       NaN       NaN       NaN  Infinity       NaN       NaN       NaN       NaN       NaN
      2818       NaN       NaN       NaN       NaN       NaN       NaN       NaN       NaN  Infinity       NaN       NaN       NaN       NaN       NaN
      2819       NaN       NaN       NaN       NaN       NaN       NaN       NaN       NaN  Infinity       NaN       NaN       NaN       NaN       NaN
      2820       NaN       NaN       NaN       NaN       NaN       NaN       NaN       NaN  Infinity       NaN       NaN       NaN       NaN       NaN
      2821       NaN       NaN       NaN       NaN       NaN       NaN       NaN       NaN  Infinity       NaN       NaN       NaN       NaN       NaN
      2822       NaN       NaN       NaN       NaN       NaN       NaN       NaN       NaN  Infinity       NaN       NaN       NaN       NaN       NaN
      2823       NaN       NaN       NaN       NaN       NaN       NaN       NaN       NaN  Infinity       NaN       NaN       NaN       NaN       NaN
      2824       NaN       NaN       NaN       NaN       NaN       NaN       NaN       NaN  Infinity       NaN       NaN       NaN       NaN       NaN
      2825       NaN       NaN       NaN       NaN       NaN       NaN       NaN       NaN  Infinity       NaN       NaN       NaN       NaN       NaN
      2826       NaN       NaN       NaN       NaN       NaN       NaN       NaN       NaN  Infinity       NaN       NaN       NaN       NaN       NaN
      2827       NaN       NaN       NaN       NaN       NaN       NaN       NaN       NaN  Infinity       NaN       NaN       NaN       NaN       NaN
      2828       NaN       NaN       NaN       NaN       NaN       NaN       NaN       NaN  Infinity       NaN       NaN       NaN       NaN       NaN
      2829       NaN       NaN       NaN       NaN       NaN       NaN       NaN       NaN  Infinity       NaN       NaN       NaN       NaN       NaN
      2830       NaN       NaN       NaN       NaN       NaN       NaN       NaN       NaN  Infinity       NaN       NaN       NaN       NaN       NaN
      2831       NaN       NaN       NaN       NaN       NaN       NaN       NaN       NaN  Infinity       NaN       NaN       NaN       NaN       NaN
      2832       NaN       NaN       NaN       NaN       NaN       NaN       NaN       NaN  Infinity       NaN       NaN       NaN       NaN       NaN
      2833       NaN       NaN       NaN       NaN       NaN       NaN       NaN       NaN  Infinity       NaN       NaN       NaN       NaN       NaN
      2834       NaN       NaN       NaN       NaN       NaN       NaN       NaN       NaN  Infinity       NaN       NaN       NaN       NaN       NaN
      2835       NaN       NaN       NaN       NaN       NaN       NaN       NaN       NaN  Infinity       NaN       NaN       NaN       NaN       NaN
      2836       NaN       NaN       NaN       NaN       NaN       NaN       NaN       NaN  Infinity       NaN       NaN       NaN       NaN       NaN
      2837       NaN       NaN       NaN       NaN       NaN       NaN       NaN       NaN  Infinity       NaN       NaN       NaN       NaN       NaN
      2838       NaN       NaN       NaN       NaN       NaN       NaN       NaN       NaN  Infinity       NaN       NaN       NaN       NaN       NaN
      2839       NaN       NaN       NaN       NaN       NaN       NaN       NaN       NaN  Infinity       NaN       NaN       NaN       NaN       NaN
      2840       NaN       NaN       NaN       NaN       NaN       NaN       NaN       NaN  Infinity       NaN       NaN       NaN       NaN       NaN
      2841       NaN       NaN       NaN       NaN       NaN       NaN       NaN       NaN  Infinity       NaN       NaN       NaN       NaN       NaN
      2842       NaN       NaN       NaN       NaN       NaN       NaN       NaN       NaN  Infinity       NaN       NaN       NaN       NaN       NaN
      2843       NaN       NaN       NaN       NaN       NaN       NaN       NaN       NaN  Infinity       NaN       NaN       NaN       NaN       NaN
      2844       NaN       NaN       NaN       NaN       NaN       NaN       NaN       NaN  Infinity       NaN       NaN       NaN       NaN       NaN
      2845       NaN       NaN       NaN       NaN       NaN       NaN       NaN       NaN  Infinity       NaN       NaN       NaN       NaN       NaN
      2846       NaN       NaN       NaN       NaN       NaN       NaN       NaN       NaN  Infinity       NaN       NaN       NaN       NaN       NaN
      2847       NaN       NaN       NaN       NaN       NaN       NaN       NaN       NaN  Infinity       NaN       NaN       NaN       NaN       NaN
      2848       NaN       NaN       NaN       NaN       NaN       NaN       NaN       NaN  Infinity       NaN       NaN       NaN       NaN       NaN
      2849       NaN       NaN       NaN       NaN       NaN       NaN       NaN       NaN  Infinity       NaN       NaN       NaN       NaN       NaN
      2850       NaN       NaN       NaN       NaN       NaN       NaN       NaN       NaN  Infinity       NaN       NaN       NaN       NaN       NaN
      2851       NaN       NaN       NaN       NaN       NaN       NaN       NaN       NaN  Infinity       NaN       NaN       NaN       NaN       NaN
      2852       NaN       NaN       NaN       NaN       NaN       NaN       NaN       NaN  Infinity       NaN       NaN       NaN       NaN       NaN
      2853       NaN       NaN       NaN       NaN       NaN       NaN       NaN       NaN  Infinity       NaN       NaN       NaN       NaN       NaN
      2854       NaN       NaN       NaN       NaN       NaN       NaN       NaN       NaN  Infinity       NaN       NaN       NaN       NaN       NaN
      2855       NaN       NaN       NaN       NaN       NaN       NaN       NaN       NaN  Infinity       NaN       NaN       NaN       NaN       NaN
      2856       NaN       NaN       NaN       NaN       NaN       NaN       NaN       NaN  Infinity       NaN       NaN       NaN       NaN       NaN
      2857       NaN       NaN       NaN       NaN       NaN       NaN       NaN       NaN  Infinity       NaN       NaN       NaN       NaN       NaN
      2858       NaN       NaN       NaN       NaN       NaN       NaN       NaN       NaN  Infinity       NaN       NaN       NaN       NaN       NaN
      2859       NaN       NaN       NaN       NaN       NaN       NaN       NaN       NaN  Infinity       NaN       NaN       NaN       NaN       NaN
      2860       NaN       NaN       NaN       NaN       NaN       NaN       NaN       NaN  Infinity       NaN       NaN       NaN       NaN       NaN
      2861       NaN       NaN       NaN       NaN       NaN       NaN       NaN       NaN  Infinity       NaN       NaN       NaN       NaN       NaN
      2862       NaN       NaN       NaN       NaN       NaN       NaN       NaN       NaN  Infinity       NaN       NaN       NaN       NaN       NaN
      2863       NaN       NaN       NaN       NaN       NaN       NaN       NaN       NaN  Infinity       NaN       NaN       NaN       NaN       NaN
      2864       NaN       NaN       NaN       NaN       NaN       NaN       NaN       NaN  Infinity       NaN       NaN       NaN       NaN       NaN
      2865       NaN       NaN       NaN       NaN       NaN       NaN       NaN       NaN  Infinity       NaN       NaN       NaN       NaN       NaN
      2866       NaN       NaN       NaN       NaN       NaN       NaN       NaN       NaN  Infinity       NaN       NaN       NaN       NaN       NaN
      2867       NaN       NaN       NaN       NaN       NaN       NaN       NaN       NaN  Infinity       NaN       NaN       NaN       NaN       NaN
      2868       NaN       NaN       NaN       NaN       NaN       NaN       NaN       NaN  Infinity       NaN       NaN       NaN       NaN       NaN
      2869       NaN       NaN       NaN       NaN       NaN       NaN       NaN       NaN  Infinity       NaN       NaN       NaN       NaN       NaN
      2870       NaN       NaN       NaN       NaN       NaN       NaN       NaN       NaN  Infinity       NaN       NaN       NaN       NaN       NaN
      2871       NaN       NaN       NaN       NaN       NaN       NaN       NaN       NaN  Infinity       NaN       NaN       NaN       NaN       NaN
      2872       NaN       NaN       NaN       NaN       NaN       NaN       NaN       NaN  Infinity       NaN       NaN       NaN       NaN       NaN
      2873       NaN       NaN       NaN       NaN       NaN       NaN       NaN       NaN  Infinity       NaN       NaN       NaN       NaN       NaN
      2874       NaN       NaN       NaN       NaN       NaN       NaN       NaN       NaN  Infinity       NaN       NaN       NaN       NaN       NaN
      2875       NaN       NaN       NaN       NaN       NaN       NaN       NaN       NaN  Infinity       NaN       NaN       NaN       NaN       NaN
      2876       NaN       NaN       NaN       NaN       NaN       NaN       NaN       NaN  Infinity       NaN       NaN       NaN       NaN       NaN
      2877       NaN       NaN       NaN       NaN       NaN       NaN       NaN       NaN  Infinity       NaN       NaN       NaN       NaN       NaN
      2878       NaN       NaN       NaN       NaN       NaN       NaN       NaN       NaN  Infinity       NaN       NaN       NaN       NaN       NaN
      2879       NaN       NaN       NaN       NaN       NaN       NaN       NaN       NaN  Infinity       NaN       NaN       NaN       NaN       NaN
      2880       NaN       NaN       NaN       NaN       NaN       NaN       NaN       NaN  Infinity       NaN       NaN       NaN       NaN       NaN
      2881       NaN       NaN       NaN       NaN       NaN       NaN       NaN       NaN  Infinity       NaN       NaN       NaN       NaN       NaN
      2882       NaN       NaN       NaN       NaN       NaN       NaN       NaN       NaN  Infinity       NaN       NaN       NaN       NaN       NaN
      2883       NaN       NaN       NaN       NaN       NaN       NaN       NaN       NaN  Infinity       NaN       NaN       NaN       NaN       NaN
      2884       NaN       NaN       NaN       NaN       NaN       NaN       NaN       NaN  Infinity       NaN       NaN       NaN       NaN       NaN
      2885       NaN       NaN       NaN       NaN       NaN       NaN       NaN       NaN  Infinity       NaN       NaN       NaN       NaN       NaN
      2886       NaN       NaN       NaN       NaN       NaN       NaN       NaN       NaN  Infinity       NaN       NaN       NaN       NaN       NaN
      2887       NaN       NaN       NaN       NaN       NaN       NaN       NaN       NaN  Infinity       NaN       NaN       NaN       NaN       NaN
      2888       NaN       NaN       NaN       NaN       NaN       NaN       NaN       NaN  Infinity       NaN       NaN       NaN       NaN       NaN
      2889       NaN       NaN       NaN       NaN       NaN       NaN       NaN       NaN  Infinity       NaN       NaN       NaN       NaN       NaN
      2890       NaN       NaN       NaN       NaN       NaN       NaN       NaN       NaN  Infinity       NaN       NaN       NaN       NaN       NaN
      2891       NaN       NaN       NaN       NaN       NaN       NaN       NaN       NaN  Infinity       NaN       NaN       NaN       NaN       NaN
      2892       NaN       NaN       NaN       NaN       NaN       NaN       NaN       NaN  Infinity       NaN       NaN       NaN       NaN       NaN
      2893       NaN       NaN       NaN       NaN       NaN       NaN       NaN       NaN  Infinity       NaN       NaN       NaN       NaN       NaN
      2894       NaN       NaN       NaN       NaN       NaN       NaN       NaN       NaN  Infinity       NaN       NaN       NaN       NaN       NaN
      2895       NaN       NaN       NaN       NaN       NaN       NaN       NaN       NaN  Infinity       NaN       NaN       NaN       NaN       NaN
      2896       NaN       NaN       NaN       NaN       NaN       NaN       NaN       NaN  Infinity       NaN       NaN       NaN       NaN       NaN
      2897       NaN       NaN       NaN       NaN       NaN       NaN       NaN       NaN  Infinity       NaN       NaN       NaN       NaN       NaN
      2898       NaN       NaN       NaN       NaN       NaN       NaN       NaN       NaN  Infinity       NaN       NaN       NaN       NaN       NaN
      2899       NaN       NaN       NaN       NaN       NaN       NaN       NaN       NaN  Infinity       NaN       NaN       NaN       NaN       NaN
      2900       NaN       NaN       NaN       NaN       NaN       NaN       NaN       NaN  Infinity       NaN       NaN       NaN       NaN       NaN
      2901       NaN       NaN       NaN       NaN       NaN       NaN       NaN       NaN  Infinity       NaN       NaN       NaN       NaN       NaN
      2902       NaN       NaN       NaN       NaN       NaN       NaN       NaN       NaN  Infinity       NaN       NaN       NaN       NaN       NaN
      2903       NaN       NaN       NaN       NaN       NaN       NaN       NaN       NaN  Infinity       NaN       NaN       NaN       NaN       NaN
      2904       NaN       NaN       NaN       NaN       NaN       NaN       NaN       NaN  Infinity       NaN       NaN       NaN       NaN       NaN
      2905       NaN       NaN       NaN       NaN       NaN       NaN       NaN       NaN  Infinity       NaN       NaN       NaN       NaN       NaN
      2906       NaN       NaN       NaN       NaN       NaN       NaN       NaN       NaN  Infinity       NaN       NaN       NaN       NaN       NaN
      2907       NaN       NaN       NaN       NaN       NaN       NaN       NaN       NaN  Infinity       NaN       NaN       NaN       NaN       NaN
      2908       NaN       NaN       NaN       NaN       NaN       NaN       NaN       NaN  Infinity       NaN       NaN       NaN       NaN       NaN
      2909       NaN       NaN       NaN       NaN       NaN       NaN       NaN       NaN  Infinity       NaN       NaN       NaN       NaN       NaN
      2910       NaN       NaN       NaN       NaN       NaN       NaN       NaN       NaN  Infinity       NaN       NaN       NaN       NaN       NaN
      2911       NaN       NaN       NaN       NaN       NaN       NaN       NaN       NaN  Infinity       NaN       NaN       NaN       NaN       NaN
      2912       NaN       NaN       NaN       NaN       NaN       NaN       NaN       NaN  Infinity       NaN       NaN       NaN       NaN       NaN
      2913       NaN       NaN       NaN       NaN       NaN       NaN       NaN       NaN  Infinity       NaN       NaN       NaN       NaN       NaN
      2914       NaN       NaN       NaN       NaN       NaN       NaN       NaN       NaN  Infinity       NaN       NaN       NaN       NaN       NaN
      2915       NaN       NaN       NaN       NaN       NaN       NaN       NaN       NaN  Infinity       NaN       NaN       NaN       NaN       NaN
      2916       NaN       NaN       NaN       NaN       NaN       NaN       NaN       NaN  Infinity       NaN       NaN       NaN       NaN       NaN
      2917       NaN       NaN       NaN       NaN       NaN       NaN       NaN       NaN  Infinity       NaN       NaN       NaN       NaN       NaN
      2918       NaN       NaN       NaN       NaN       NaN       NaN       NaN       NaN  Infinity       NaN       NaN       NaN       NaN       NaN
      2919       NaN       NaN       NaN       NaN       NaN       NaN       NaN       NaN  Infinity       NaN       NaN       NaN       NaN       NaN
      2920       NaN       NaN       NaN       NaN       NaN       NaN       NaN       NaN  Infinity       NaN       NaN       NaN       NaN       NaN
      2921       NaN       NaN       NaN       NaN       NaN       NaN       NaN       NaN  Infinity       NaN       NaN       NaN       NaN       NaN
      2922       NaN       NaN       NaN       NaN       NaN       NaN       NaN       NaN  Infinity       NaN       NaN       NaN       NaN       NaN
      2923       NaN       NaN       NaN       NaN       NaN       NaN       NaN       NaN  Infinity       NaN       NaN       NaN       NaN       NaN
      2924       NaN       NaN       NaN       NaN       NaN       NaN       NaN       NaN  Infinity       NaN       NaN       NaN       NaN       NaN
      2925       NaN       NaN       NaN       NaN       NaN       NaN       NaN       NaN  Infinity       NaN       NaN       NaN       NaN       NaN
      2926       NaN       NaN       NaN       NaN       NaN       NaN       NaN       NaN  Infinity       NaN       NaN       NaN       NaN       NaN
      2927       NaN       NaN       NaN       NaN       NaN       NaN       NaN       NaN  Infinity       NaN       NaN       NaN       NaN       NaN
      2928       NaN       NaN       NaN       NaN       NaN       NaN       NaN       NaN  Infinity       NaN       NaN       NaN       NaN       NaN
      2929       NaN       NaN       NaN       NaN       NaN       NaN       NaN       NaN  Infinity       NaN       NaN       NaN       NaN       NaN
      2930       NaN       NaN       NaN       NaN       NaN       NaN       NaN       NaN  Infinity       NaN       NaN       NaN       NaN       NaN
      2931       NaN       NaN       NaN       NaN       NaN       NaN       NaN       NaN  Infinity       NaN       NaN       NaN       NaN       NaN
      2932       NaN       NaN       NaN       NaN       NaN       NaN       NaN       NaN  Infinity       NaN       NaN       NaN       NaN       NaN
      2933       NaN       NaN       NaN       NaN       NaN       NaN       NaN       NaN  Infinity       NaN       NaN       NaN       NaN       NaN
      2934       NaN       NaN       NaN       NaN       NaN       NaN       NaN       NaN  Infinity       NaN       NaN       NaN       NaN       NaN
      2935       NaN       NaN       NaN       NaN       NaN       NaN       NaN       NaN  Infinity       NaN       NaN       NaN       NaN       NaN
      2936       NaN       NaN       NaN       NaN       NaN       NaN       NaN       NaN  Infinity       NaN       NaN       NaN       NaN       NaN
      2937       NaN       NaN       NaN       NaN       NaN       NaN       NaN       NaN  Infinity       NaN       NaN       NaN       NaN       NaN
      2938       NaN       NaN       NaN       NaN       NaN       NaN       NaN       NaN  Infinity       NaN       NaN       NaN       NaN       NaN
      2939       NaN       NaN       NaN       NaN       NaN       NaN       NaN       NaN  Infinity       NaN       NaN       NaN       NaN       NaN
      2940       NaN       NaN       NaN       NaN       NaN       NaN       NaN       NaN  Infinity       NaN       NaN       NaN       NaN       NaN
      2941       NaN       NaN       NaN       NaN       NaN       NaN       NaN       NaN  Infinity       NaN       NaN       NaN       NaN       NaN
      2942       NaN       NaN       NaN       NaN       NaN       NaN       NaN       NaN  Infinity       NaN       NaN       NaN       NaN       NaN
      2943       NaN       NaN       NaN       NaN       NaN       NaN       NaN       NaN  Infinity       NaN       NaN       NaN       NaN       NaN
      2944       NaN       NaN       NaN       NaN       NaN       NaN       NaN       NaN  Infinity       NaN       NaN       NaN       NaN       NaN
      2945       NaN       NaN       NaN       NaN       NaN       NaN       NaN       NaN  Infinity       NaN       NaN       NaN       NaN       NaN
      2946       NaN       NaN       NaN       NaN       NaN       NaN       NaN       NaN  Infinity       NaN       NaN       NaN       NaN       NaN
      2947       NaN       NaN       NaN       NaN       NaN       NaN       NaN       NaN  Infinity       NaN       NaN       NaN       NaN       NaN
      2948       NaN       NaN       NaN       NaN       NaN       NaN       NaN       NaN  Infinity       NaN       NaN       NaN       NaN       NaN
      2949       NaN       NaN       NaN       NaN       NaN       NaN       NaN       NaN  Infinity       NaN       NaN       NaN       NaN       NaN
      2950       NaN       NaN       NaN       NaN       NaN       NaN       NaN       NaN  Infinity       NaN       NaN       NaN       NaN       NaN
      2951       NaN       NaN       NaN       NaN       NaN       NaN       NaN       NaN  Infinity       NaN       NaN       NaN       NaN       NaN
      2952       NaN       NaN       NaN       NaN       NaN       NaN       NaN       NaN  Infinity       NaN       NaN       NaN       NaN       NaN
      2953       NaN       NaN       NaN       NaN       NaN       NaN       NaN       NaN  Infinity       NaN       NaN       NaN       NaN       NaN
      2954       NaN       NaN       NaN       NaN       NaN       NaN       NaN       NaN  Infinity       NaN       NaN       NaN       NaN       NaN
      2955       NaN       NaN       NaN       NaN       NaN       NaN       NaN       NaN  Infinity       NaN       NaN       NaN       NaN       NaN
      2956       NaN       NaN       NaN       NaN       NaN       NaN       NaN       NaN  Infinity       NaN       NaN       NaN       NaN       NaN
      2957       NaN       NaN       NaN       NaN       NaN       NaN       NaN       NaN  Infinity       NaN       NaN       NaN       NaN       NaN
      2958       NaN       NaN       NaN       NaN       NaN       NaN       NaN       NaN  Infinity       NaN       NaN       NaN       NaN       NaN
      2959       NaN       NaN       NaN       NaN       NaN       NaN       NaN       NaN  Infinity       NaN       NaN       NaN       NaN       NaN
      2960       NaN       NaN       NaN       NaN       NaN       NaN       NaN       NaN  Infinity       NaN       NaN       NaN       NaN       NaN
      2961       NaN       NaN       NaN       NaN       NaN       NaN       NaN       NaN  Infinity       NaN       NaN       NaN       NaN       NaN
      2962       NaN       NaN       NaN       NaN       NaN       NaN       NaN       NaN  Infinity       NaN       NaN       NaN       NaN       NaN
      2963       NaN       NaN       NaN       NaN       NaN       NaN       NaN       NaN  Infinity       NaN       NaN       NaN       NaN       NaN
      2964       NaN       NaN       NaN       NaN       NaN       NaN       NaN       NaN  Infinity       NaN       NaN       NaN       NaN       NaN
      2965       NaN       NaN       NaN       NaN       NaN       NaN       NaN       NaN  Infinity       NaN       NaN       NaN       NaN       NaN
      2966       NaN       NaN       NaN       NaN       NaN       NaN       NaN       NaN  Infinity       NaN       NaN       NaN       NaN       NaN
      2967       NaN       NaN       NaN       NaN       NaN       NaN       NaN       NaN  Infinity       NaN       NaN       NaN       NaN       NaN
      2968       NaN       NaN       NaN       NaN       NaN       NaN       NaN       NaN  Infinity       NaN       NaN       NaN       NaN       NaN
      2969       NaN       NaN       NaN       NaN       NaN       NaN       NaN       NaN  Infinity       NaN       NaN       NaN       NaN       NaN
      2970       NaN       NaN       NaN       NaN       NaN       NaN       NaN       NaN  Infinity       NaN       NaN       NaN       NaN       NaN
      2971       NaN       NaN       NaN       NaN       NaN       NaN       NaN       NaN  Infinity       NaN       NaN       NaN       NaN       NaN
      2972       NaN       NaN       NaN       NaN       NaN       NaN       NaN       NaN  Infinity       NaN       NaN       NaN       NaN       NaN
      2973       NaN       NaN       NaN       NaN       NaN       NaN       NaN       NaN  Infinity       NaN       NaN       NaN       NaN       NaN
      2974       NaN       NaN       NaN       NaN       NaN       NaN       NaN       NaN  Infinity       NaN       NaN       NaN       NaN       NaN
      2975       NaN       NaN       NaN       NaN       NaN       NaN       NaN       NaN  Infinity       NaN       NaN       NaN       NaN       NaN
      2976       NaN       NaN       NaN       NaN       NaN       NaN       NaN       NaN  Infinity       NaN       NaN       NaN       NaN       NaN
      2977       NaN       NaN       NaN       NaN       NaN       NaN       NaN       NaN  Infinity       NaN       NaN       NaN       NaN       NaN
      2978       NaN       NaN       NaN       NaN       NaN       NaN       NaN       NaN  Infinity       NaN       NaN       NaN       NaN       NaN
      2979       NaN       NaN       NaN       NaN       NaN       NaN       NaN       NaN  Infinity       NaN       NaN       NaN       NaN       NaN
      2980       NaN       NaN       NaN       NaN       NaN       NaN       NaN       NaN  Infinity       NaN       NaN       NaN       NaN       NaN
      2981       NaN       NaN       NaN       NaN       NaN       NaN       NaN       NaN  Infinity       NaN       NaN       NaN       NaN       NaN
      2982       NaN       NaN       NaN       NaN       NaN       NaN       NaN       NaN  Infinity       NaN       NaN       NaN       NaN       NaN
      2983       NaN       NaN       NaN       NaN       NaN       NaN       NaN       NaN  Infinity       NaN       NaN       NaN       NaN       NaN
      2984       NaN       NaN       NaN       NaN       NaN       NaN       NaN       NaN  Infinity       NaN       NaN       NaN       NaN       NaN
      2985       NaN       NaN       NaN       NaN       NaN       NaN       NaN       NaN  Infinity       NaN       NaN       NaN       NaN       NaN
      2986       NaN       NaN       NaN       NaN       NaN       NaN       NaN       NaN  Infinity       NaN       NaN       NaN       NaN       NaN
      2987       NaN       NaN       NaN       NaN       NaN       NaN       NaN       NaN  Infinity       NaN       NaN       NaN       NaN       NaN
      2988       NaN       NaN       NaN       NaN       NaN       NaN       NaN       NaN  Infinity       NaN       NaN       NaN       NaN       NaN
      2989       NaN       NaN       NaN       NaN       NaN       NaN       NaN       NaN  Infinity       NaN       NaN       NaN       NaN       NaN
      2990       NaN       NaN       NaN       NaN       NaN       NaN       NaN       NaN  Infinity       NaN       NaN       NaN       NaN       NaN
      2991       NaN       NaN       NaN       NaN       NaN       NaN       NaN       NaN  Infinity       NaN       NaN       NaN       NaN       NaN
      2992       NaN       NaN       NaN       NaN       NaN       NaN       NaN       NaN  Infinity       NaN       NaN       NaN       NaN       NaN
      2993       NaN       NaN       NaN       NaN       NaN       NaN       NaN       NaN  Infinity       NaN       NaN       NaN       NaN       NaN
      2994       NaN       NaN       NaN       NaN       NaN       NaN       NaN       NaN  Infinity       NaN       NaN       NaN       NaN       NaN
      2995       NaN       NaN       NaN       NaN       NaN       NaN       NaN       NaN  Infinity       NaN       NaN       NaN       NaN       NaN
      2996       NaN       NaN       NaN       NaN       NaN       NaN       NaN       NaN  Infinity       NaN       NaN       NaN       NaN       NaN
      2997       NaN       NaN       NaN       NaN       NaN       NaN       NaN       NaN  Infinity       NaN       NaN       NaN       NaN       NaN
      2998       NaN       NaN       NaN       NaN       NaN       NaN       NaN       NaN  Infinity       NaN       NaN       NaN       NaN       NaN
      2999       NaN       NaN       NaN       NaN       NaN       NaN       NaN       NaN  Infinity       NaN       NaN       NaN       NaN       NaN
      3000       NaN       NaN       NaN       NaN       NaN       NaN       NaN       NaN  Infinity       NaN       NaN       NaN       NaN       NaN
      3001       NaN       NaN       NaN       NaN       NaN       NaN       NaN       NaN  Infinity       NaN       NaN       NaN       NaN       NaN
      3002       NaN       NaN       NaN       NaN       NaN       NaN       NaN       NaN  Infinity       NaN       NaN       NaN       NaN       NaN
      3003       NaN       NaN       NaN       NaN       NaN       NaN       NaN       NaN  Infinity       NaN       NaN       NaN       NaN       NaN
      3004       NaN       NaN       NaN       NaN       NaN       NaN       NaN       NaN  Infinity       NaN       NaN       NaN       NaN       NaN
      3005       NaN       NaN       NaN       NaN       NaN       NaN       NaN       NaN  Infinity       NaN       NaN       NaN       NaN       NaN
      3006       NaN       NaN       NaN       NaN       NaN       NaN       NaN       NaN  Infinity       NaN       NaN       NaN       NaN       NaN
      3007       NaN       NaN       NaN       NaN       NaN       NaN       NaN       NaN  Infinity       NaN       NaN       NaN       NaN       NaN
      3008       NaN       NaN       NaN       NaN       NaN       NaN       NaN       NaN  Infinity       NaN       NaN       NaN       NaN       NaN
      3009       NaN       NaN       NaN       NaN       NaN       NaN       NaN       NaN  Infinity       NaN       NaN       NaN       NaN       NaN
      3010       NaN       NaN       NaN       NaN       NaN       NaN       NaN       NaN  Infinity       NaN       NaN       NaN       NaN       NaN
      3011       NaN       NaN       NaN       NaN       NaN       NaN       NaN       NaN  Infinity       NaN       NaN       NaN       NaN       NaN
      3012       NaN       NaN       NaN       NaN       NaN       NaN       NaN       NaN  Infinity       NaN       NaN       NaN       NaN       NaN
      3013       NaN       NaN       NaN       NaN       NaN       NaN       NaN       NaN  Infinity       NaN       NaN       NaN       NaN       NaN
      3014       NaN       NaN       NaN       NaN       NaN       NaN       NaN       NaN  Infinity       NaN       NaN       NaN       NaN       NaN
      3015       NaN       NaN       NaN       NaN       NaN       NaN       NaN       NaN  Infinity       NaN       NaN       NaN       NaN       NaN
      3016       NaN       NaN       NaN       NaN       NaN       NaN       NaN       NaN  Infinity       NaN       NaN       NaN       NaN       NaN
      3017       NaN       NaN       NaN       NaN       NaN       NaN       NaN       NaN  Infinity       NaN       NaN       NaN       NaN       NaN
      3018       NaN       NaN       NaN       NaN       NaN       NaN       NaN       NaN  Infinity       NaN       NaN       NaN       NaN       NaN
      3019       NaN       NaN       NaN       NaN       NaN       NaN       NaN       NaN  Infinity       NaN       NaN       NaN       NaN       NaN
      3020       NaN       NaN       NaN       NaN       NaN       NaN       NaN       NaN  Infinity       NaN       NaN       NaN       NaN       NaN
      3021       NaN       NaN       NaN       NaN       NaN       NaN       NaN       NaN  Infinity       NaN       NaN       NaN       NaN       NaN
      3022       NaN       NaN       NaN       NaN       NaN       NaN       NaN       NaN  Infinity       NaN       NaN       NaN       NaN       NaN
      3023       NaN       NaN       NaN       NaN       NaN       NaN       NaN       NaN  Infinity       NaN       NaN       NaN       NaN       NaN
      3024       NaN       NaN       NaN       NaN       NaN       NaN       NaN       NaN  Infinity       NaN       NaN       NaN       NaN       NaN
      3025       NaN       NaN       NaN       NaN       NaN       NaN       NaN       NaN  Infinity       NaN       NaN       NaN       NaN       NaN
      3026       NaN       NaN       NaN       NaN       NaN       NaN       NaN       NaN  Infinity       NaN       NaN       NaN       NaN       NaN
      3027       NaN       NaN       NaN       NaN       NaN       NaN       NaN       NaN  Infinity       NaN       NaN       NaN       NaN       NaN
      3028       NaN       NaN       NaN       NaN       NaN       NaN       NaN       NaN  Infinity       NaN       NaN       NaN       NaN       NaN
      3029       NaN       NaN       NaN       NaN       NaN       NaN       NaN       NaN  Infinity       NaN       NaN       NaN       NaN       NaN
      3030       NaN       NaN       NaN       NaN       NaN       NaN       NaN       NaN  Infinity       NaN       NaN       NaN       NaN       NaN
      3031       NaN       NaN       NaN       NaN       NaN       NaN       NaN       NaN  Infinity       NaN       NaN       NaN       NaN       NaN
      3032       NaN       NaN       NaN       NaN       NaN       NaN       NaN       NaN  Infinity       NaN       NaN       NaN       NaN       NaN
      3033       NaN       NaN       NaN       NaN       NaN       NaN       NaN       NaN  Infinity       NaN       NaN       NaN       NaN       NaN
      3034       NaN       NaN       NaN       NaN       NaN       NaN       NaN       NaN  Infinity       NaN       NaN       NaN       NaN       NaN
      3035       NaN       NaN       NaN       NaN       NaN       NaN       NaN       NaN  Infinity       NaN       NaN       NaN       NaN       NaN
      3036       NaN       NaN       NaN       NaN       NaN       NaN       NaN       NaN  Infinity       NaN       NaN       NaN       NaN       NaN
      3037       NaN       NaN       NaN       NaN       NaN       NaN       NaN       NaN  Infinity       NaN       NaN       NaN       NaN       NaN
      3038       NaN       NaN       NaN       NaN       NaN       NaN       NaN       NaN  Infinity       NaN       NaN       NaN       NaN       NaN
      3039       NaN       NaN       NaN       NaN       NaN       NaN       NaN       NaN  Infinity       NaN       NaN       NaN       NaN       NaN
      3040       NaN       NaN       NaN       NaN       NaN       NaN       NaN       NaN  Infinity       NaN       NaN       NaN       NaN       NaN
      3041       NaN       NaN       NaN       NaN       NaN       NaN       NaN       NaN  Infinity       NaN       NaN       NaN       NaN       NaN
      3042       NaN       NaN       NaN       NaN       NaN       NaN       NaN       NaN  Infinity       NaN       NaN       NaN       NaN       NaN
      3043       NaN       NaN       NaN       NaN       NaN       NaN       NaN       NaN  Infinity       NaN       NaN       NaN       NaN       NaN
      3044       NaN       NaN       NaN       NaN       NaN       NaN       NaN       NaN  Infinity       NaN       NaN       NaN       NaN       NaN
      3045       NaN       NaN       NaN       NaN       NaN       NaN       NaN       NaN  Infinity       NaN       NaN       NaN       NaN       NaN
      3046       NaN       NaN       NaN       NaN       NaN       NaN       NaN       NaN  Infinity       NaN       NaN       NaN       NaN       NaN
      3047       NaN       NaN       NaN       NaN       NaN       NaN       NaN       NaN  Infinity       NaN       NaN       NaN       NaN       NaN
      3048       NaN       NaN       NaN       NaN       NaN       NaN       NaN       NaN  Infinity       NaN       NaN       NaN       NaN       NaN
      3049       NaN       NaN       NaN       NaN       NaN       NaN       NaN       NaN  Infinity       NaN       NaN       NaN       NaN       NaN
      3050       NaN       NaN       NaN       NaN       NaN       NaN       NaN       NaN  Infinity       NaN       NaN       NaN       NaN       NaN
      3051       NaN       NaN       NaN       NaN       NaN       NaN       NaN       NaN  Infinity       NaN       NaN       NaN       NaN       NaN
      3052       NaN       NaN       NaN       NaN       NaN       NaN       NaN       NaN  Infinity       NaN       NaN       NaN       NaN       NaN
      3053       NaN       NaN       NaN       NaN       NaN       NaN       NaN       NaN  Infinity       NaN       NaN       NaN       NaN       NaN
      3054       NaN       NaN       NaN       NaN       NaN       NaN       NaN       NaN  Infinity       NaN       NaN       NaN       NaN       NaN
      3055       NaN       NaN       NaN       NaN       NaN       NaN       NaN       NaN  Infinity       NaN       NaN       NaN       NaN       NaN
      3056       NaN       NaN       NaN       NaN       NaN       NaN       NaN       NaN  Infinity       NaN       NaN       NaN       NaN       NaN
      3057       NaN       NaN       NaN       NaN       NaN       NaN       NaN       NaN  Infinity       NaN       NaN       NaN       NaN       NaN
      3058       NaN       NaN       NaN       NaN       NaN       NaN       NaN       NaN  Infinity       NaN       NaN       NaN       NaN       NaN
      3059       NaN       NaN       NaN       NaN       NaN       NaN       NaN       NaN  Infinity       NaN       NaN       NaN       NaN       NaN
      3060       NaN       NaN       NaN       NaN       NaN       NaN       NaN       NaN  Infinity       NaN       NaN       NaN       NaN       NaN
      3061       NaN       NaN       NaN       NaN       NaN       NaN       NaN       NaN  Infinity       NaN       NaN       NaN       NaN       NaN
      3062       NaN       NaN       NaN       NaN       NaN       NaN       NaN       NaN  Infinity       NaN       NaN       NaN       NaN       NaN
      3063       NaN       NaN       NaN       NaN       NaN       NaN       NaN       NaN  Infinity       NaN       NaN       NaN       NaN       NaN
      3064       NaN       NaN       NaN       NaN       NaN       NaN       NaN       NaN  Infinity       NaN       NaN       NaN       NaN       NaN
      3065       NaN       NaN       NaN       NaN       NaN       NaN       NaN       NaN  Infinity       NaN       NaN       NaN       NaN       NaN
      3066       NaN       NaN       NaN       NaN       NaN       NaN       NaN       NaN  Infinity       NaN       NaN       NaN       NaN       NaN
      3067       NaN       NaN       NaN       NaN       NaN       NaN       NaN       NaN  Infinity       NaN       NaN       NaN       NaN       NaN
      3068       NaN       NaN       NaN       NaN       NaN       NaN       NaN       NaN  Infinity       NaN       NaN       NaN       NaN       NaN
      3069       NaN       NaN       NaN       NaN       NaN       NaN       NaN       NaN  Infinity       NaN       NaN       NaN       NaN       NaN
      3070       NaN       NaN       NaN       NaN       NaN       NaN       NaN       NaN  Infinity       NaN       NaN       NaN       NaN       NaN
      3071       NaN       NaN       NaN       NaN       NaN       NaN       NaN       NaN  Infinity       NaN       NaN       NaN       NaN       NaN
      3072       NaN       NaN       NaN       NaN       NaN       NaN       NaN       NaN  Infinity       NaN       NaN       NaN       NaN       NaN
      3073       NaN       NaN       NaN       NaN       NaN       NaN       NaN       NaN  Infinity       NaN       NaN       NaN       NaN       NaN
      3074       NaN       NaN       NaN       NaN       NaN       NaN       NaN       NaN  Infinity       NaN       NaN       NaN       NaN       NaN
      3075       NaN       NaN       NaN       NaN       NaN       NaN       NaN       NaN  Infinity       NaN       NaN       NaN       NaN       NaN
      3076       NaN       NaN       NaN       NaN       NaN       NaN       NaN       NaN  Infinity       NaN       NaN       NaN       NaN       NaN
      3077       NaN       NaN       NaN       NaN       NaN       NaN       NaN       NaN  Infinity       NaN       NaN       NaN       NaN       NaN
      3078       NaN       NaN       NaN       NaN       NaN       NaN       NaN       NaN  Infinity       NaN       NaN       NaN       NaN       NaN
      3079       NaN       NaN       NaN       NaN       NaN       NaN       NaN       NaN  Infinity       NaN       NaN       NaN       NaN       NaN
      3080       NaN       NaN       NaN       NaN       NaN       NaN       NaN       NaN  Infinity       NaN       NaN       NaN       NaN       NaN
      3081       NaN       NaN       NaN       NaN       NaN       NaN       NaN       NaN  Infinity       NaN       NaN       NaN       NaN       NaN
      3082       NaN       NaN       NaN       NaN       NaN       NaN       NaN       NaN  Infinity       NaN       NaN       NaN       NaN       NaN
      3083       NaN       NaN       NaN       NaN       NaN       NaN       NaN       NaN  Infinity       NaN       NaN       NaN       NaN       NaN
      3084       NaN       NaN       NaN       NaN       NaN       NaN       NaN       NaN  Infinity       NaN       NaN       NaN       NaN       NaN
      3085       NaN       NaN       NaN       NaN       NaN       NaN       NaN       NaN  Infinity       NaN       NaN       NaN       NaN       NaN
      3086       NaN       NaN       NaN       NaN       NaN       NaN       NaN       NaN  Infinity       NaN       NaN       NaN       NaN       NaN
      3087       NaN       NaN       NaN       NaN       NaN       NaN       NaN       NaN  Infinity       NaN       NaN       NaN       NaN       NaN
      3088       NaN       NaN       NaN       NaN       NaN       NaN       NaN       NaN  Infinity       NaN       NaN       NaN       NaN       NaN
      3089       NaN       NaN       NaN       NaN       NaN       NaN       NaN       NaN  Infinity       NaN       NaN       NaN       NaN       NaN
      3090       NaN       NaN       NaN       NaN       NaN       NaN       NaN       NaN  Infinity       NaN       NaN       NaN       NaN       NaN
      3091       NaN       NaN       NaN       NaN       NaN       NaN       NaN       NaN  Infinity       NaN       NaN       NaN       NaN       NaN
      3092       NaN       NaN       NaN       NaN       NaN       NaN       NaN       NaN  Infinity       NaN       NaN       NaN       NaN       NaN
      3093       NaN       NaN       NaN       NaN       NaN       NaN       NaN       NaN  Infinity       NaN       NaN       NaN       NaN       NaN
      3094       NaN       NaN       NaN       NaN       NaN       NaN       NaN       NaN  Infinity       NaN       NaN       NaN       NaN       NaN
      3095       NaN       NaN       NaN       NaN       NaN       NaN       NaN       NaN  Infinity       NaN       NaN       NaN       NaN       NaN
      3096       NaN       NaN       NaN       NaN       NaN       NaN       NaN       NaN  Infinity       NaN       NaN       NaN       NaN       NaN
      3097       NaN       NaN       NaN       NaN       NaN       NaN       NaN       NaN  Infinity       NaN       NaN       NaN       NaN       NaN
      3098       NaN       NaN       NaN       NaN       NaN       NaN       NaN       NaN  Infinity       NaN       NaN       NaN       NaN       NaN
      3099       NaN       NaN       NaN       NaN       NaN       NaN       NaN       NaN  Infinity       NaN       NaN       NaN       NaN       NaN
      3100       NaN       NaN       NaN       NaN       NaN       NaN       NaN       NaN  Infinity       NaN       NaN       NaN       NaN       NaN
      3101       NaN       NaN       NaN       NaN       NaN       NaN       NaN       NaN  Infinity       NaN       NaN       NaN       NaN       NaN
      3102       NaN       NaN       NaN       NaN       NaN       NaN       NaN       NaN  Infinity       NaN       NaN       NaN       NaN       NaN
      3103       NaN       NaN       NaN       NaN       NaN       NaN       NaN       NaN  Infinity       NaN       NaN       NaN       NaN       NaN
      3104       NaN       NaN       NaN       NaN       NaN       NaN       NaN       NaN  Infinity       NaN       NaN       NaN       NaN       NaN
      3105       NaN       NaN       NaN       NaN       NaN       NaN       NaN       NaN  Infinity       NaN       NaN       NaN       NaN       NaN
      3106       NaN       NaN       NaN       NaN       NaN       NaN       NaN       NaN  Infinity       NaN       NaN       NaN       NaN       NaN
      3107       NaN       NaN       NaN       NaN       NaN       NaN       NaN       NaN  Infinity       NaN       NaN       NaN       NaN       NaN
      3108       NaN       NaN       NaN       NaN       NaN       NaN       NaN       NaN  Infinity       NaN       NaN       NaN       NaN       NaN
      3109       NaN       NaN       NaN       NaN       NaN       NaN       NaN       NaN  Infinity       NaN       NaN       NaN       NaN       NaN
      3110       NaN       NaN       NaN       NaN       NaN       NaN       NaN       NaN  Infinity       NaN       NaN       NaN       NaN       NaN
      3111       NaN       NaN       NaN       NaN       NaN       NaN       NaN       NaN  Infinity       NaN       NaN       NaN       NaN       NaN
      3112       NaN       NaN       NaN       NaN       NaN       NaN       NaN       NaN  Infinity       NaN       NaN       NaN       NaN       NaN
      3113       NaN       NaN       NaN       NaN       NaN       NaN       NaN       NaN  Infinity       NaN       NaN       NaN       NaN       NaN
      3114       NaN       NaN       NaN       NaN       NaN       NaN       NaN       NaN  Infinity       NaN       NaN       NaN       NaN       NaN
      3115       NaN       NaN       NaN       NaN       NaN       NaN       NaN       NaN  Infinity       NaN       NaN       NaN       NaN       NaN
      3116       NaN       NaN       NaN       NaN       NaN       NaN       NaN       NaN  Infinity       NaN       NaN       NaN       NaN       NaN
      3117       NaN       NaN       NaN       NaN       NaN       NaN       NaN       NaN  Infinity       NaN       NaN       NaN       NaN       NaN
      3118       NaN       NaN       NaN       NaN       NaN       NaN       NaN       NaN  Infinity       NaN       NaN       NaN       NaN       NaN
      3119       NaN       NaN       NaN       NaN       NaN       NaN       NaN       NaN  Infinity       NaN       NaN       NaN       NaN       NaN
      3120       NaN       NaN       NaN       NaN       NaN       NaN       NaN       NaN  Infinity       NaN       NaN       NaN       NaN       NaN
      3121       NaN       NaN       NaN       NaN       NaN       NaN       NaN       NaN  Infinity       NaN       NaN       NaN       NaN       NaN
      3122       NaN       NaN       NaN       NaN       NaN       NaN       NaN       NaN  Infinity       NaN       NaN       NaN       NaN       NaN
      3123       NaN       NaN       NaN       NaN       NaN       NaN       NaN       NaN  Infinity       NaN       NaN       NaN       NaN       NaN
      3124       NaN       NaN       NaN       NaN       NaN       NaN       NaN       NaN  Infinity       NaN       NaN       NaN       NaN       NaN
      3125       NaN       NaN       NaN       NaN       NaN       NaN       NaN       NaN  Infinity       NaN       NaN       NaN       NaN       NaN
      3126       NaN       NaN       NaN       NaN       NaN       NaN       NaN       NaN  Infinity       NaN       NaN       NaN       NaN       NaN
      3127       NaN       NaN       NaN       NaN       NaN       NaN       NaN       NaN  Infinity       NaN       NaN       NaN       NaN       NaN
      3128       NaN       NaN       NaN       NaN       NaN       NaN       NaN       NaN  Infinity       NaN       NaN       NaN       NaN       NaN
      3129       NaN       NaN       NaN       NaN       NaN       NaN       NaN       NaN  Infinity       NaN       NaN       NaN       NaN       NaN
      3130       NaN       NaN       NaN       NaN       NaN       NaN       NaN       NaN  Infinity       NaN       NaN       NaN       NaN       NaN
      3131       NaN       NaN       NaN       NaN       NaN       NaN       NaN       NaN  Infinity       NaN       NaN       NaN       NaN       NaN
      3132       NaN       NaN       NaN       NaN       NaN       NaN       NaN       NaN  Infinity       NaN       NaN       NaN       NaN       NaN
      3133       NaN       NaN       NaN       NaN       NaN       NaN       NaN       NaN  Infinity       NaN       NaN       NaN       NaN       NaN
      3134       NaN       NaN       NaN       NaN       NaN       NaN       NaN       NaN  Infinity       NaN       NaN       NaN       NaN       NaN
      3135       NaN       NaN       NaN       NaN       NaN       NaN       NaN       NaN  Infinity       NaN       NaN       NaN       NaN       NaN
      3136       NaN       NaN       NaN       NaN       NaN       NaN       NaN       NaN  Infinity       NaN       NaN       NaN       NaN       NaN
      3137       NaN       NaN       NaN       NaN       NaN       NaN       NaN       NaN  Infinity       NaN       NaN       NaN       NaN       NaN
      3138       NaN       NaN       NaN       NaN       NaN       NaN       NaN       NaN  Infinity       NaN       NaN       NaN       NaN       NaN
      3139       NaN       NaN       NaN       NaN       NaN       NaN       NaN       NaN  Infinity       NaN       NaN       NaN       NaN       NaN
      3140       NaN       NaN       NaN       NaN       NaN       NaN       NaN       NaN  Infinity       NaN       NaN       NaN       NaN       NaN
      3141       NaN       NaN       NaN       NaN       NaN       NaN       NaN       NaN  Infinity       NaN       NaN       NaN       NaN       NaN
      3142       NaN       NaN       NaN       NaN       NaN       NaN       NaN       NaN  Infinity       NaN       NaN       NaN       NaN       NaN
      3143       NaN       NaN       NaN       NaN       NaN       NaN       NaN       NaN  Infinity       NaN       NaN       NaN       NaN       NaN
      3144       NaN       NaN       NaN       NaN       NaN       NaN       NaN       NaN  Infinity       NaN       NaN       NaN       NaN       NaN
      3145       NaN       NaN       NaN       NaN       NaN       NaN       NaN       NaN  Infinity       NaN       NaN       NaN       NaN       NaN
      3146       NaN       NaN       NaN       NaN       NaN       NaN       NaN       NaN  Infinity       NaN       NaN       NaN       NaN       NaN
      3147       NaN       NaN       NaN       NaN       NaN       NaN       NaN       NaN  Infinity       NaN       NaN       NaN       NaN       NaN
      3148       NaN       NaN       NaN       NaN       NaN       NaN       NaN       NaN  Infinity       NaN       NaN       NaN       NaN       NaN
      3149       NaN       NaN       NaN       NaN       NaN       NaN       NaN       NaN  Infinity       NaN       NaN       NaN       NaN       NaN
      3150       NaN       NaN       NaN       NaN       NaN       NaN       NaN       NaN  Infinity       NaN       NaN       NaN       NaN       NaN
      3151       NaN       NaN       NaN       NaN       NaN       NaN       NaN       NaN  Infinity       NaN       NaN       NaN       NaN       NaN
      3152       NaN       NaN       NaN       NaN       NaN       NaN       NaN       NaN  Infinity       NaN       NaN       NaN       NaN       NaN
      3153       NaN       NaN       NaN       NaN       NaN       NaN       NaN       NaN  Infinity       NaN       NaN       NaN       NaN       NaN
      3154       NaN       NaN       NaN       NaN       NaN       NaN       NaN       NaN  Infinity       NaN       NaN       NaN       NaN       NaN
      3155       NaN       NaN       NaN       NaN       NaN       NaN       NaN       NaN  Infinity       NaN       NaN       NaN       NaN       NaN
      3156       NaN       NaN       NaN       NaN       NaN       NaN       NaN       NaN  Infinity       NaN       NaN       NaN       NaN       NaN
      3157       NaN       NaN       NaN       NaN       NaN       NaN       NaN       NaN  Infinity       NaN       NaN       NaN       NaN       NaN
      3158       NaN       NaN       NaN       NaN       NaN       NaN       NaN       NaN  Infinity       NaN       NaN       NaN       NaN       NaN
      3159       NaN       NaN       NaN       NaN       NaN       NaN       NaN       NaN  Infinity       NaN       NaN       NaN       NaN       NaN
      3160       NaN       NaN       NaN       NaN       NaN       NaN       NaN       NaN  Infinity       NaN       NaN       NaN       NaN       NaN
      3161       NaN       NaN       NaN       NaN       NaN       NaN       NaN       NaN  Infinity       NaN       NaN       NaN       NaN       NaN
      3162       NaN       NaN       NaN       NaN       NaN       NaN       NaN       NaN  Infinity       NaN       NaN       NaN       NaN       NaN
      3163       NaN       NaN       NaN       NaN       NaN       NaN       NaN       NaN  Infinity       NaN       NaN       NaN       NaN       NaN
      3164       NaN       NaN       NaN       NaN       NaN       NaN       NaN       NaN  Infinity       NaN       NaN       NaN       NaN       NaN
      3165       NaN       NaN       NaN       NaN       NaN       NaN       NaN       NaN  Infinity       NaN       NaN       NaN       NaN       NaN
      3166       NaN       NaN       NaN       NaN       NaN       NaN       NaN       NaN  Infinity       NaN       NaN       NaN       NaN       NaN
      3167       NaN       NaN       NaN       NaN       NaN       NaN       NaN       NaN  Infinity       NaN       NaN       NaN       NaN       NaN
      3168       NaN       NaN       NaN       NaN       NaN       NaN       NaN       NaN  Infinity       NaN       NaN       NaN       NaN       NaN
      3169       NaN       NaN       NaN       NaN       NaN       NaN       NaN       NaN  Infinity       NaN       NaN       NaN       NaN       NaN
      3170       NaN       NaN       NaN       NaN       NaN       NaN       NaN       NaN  Infinity       NaN       NaN       NaN       NaN       NaN
      3171       NaN       NaN       NaN       NaN       NaN       NaN       NaN       NaN  Infinity       NaN       NaN       NaN       NaN       NaN
      3172       NaN       NaN       NaN       NaN       NaN       NaN       NaN       NaN  Infinity       NaN       NaN       NaN       NaN       NaN
      3173       NaN       NaN       NaN       NaN       NaN       NaN       NaN       NaN  Infinity       NaN       NaN       NaN       NaN       NaN
      3174       NaN       NaN       NaN       NaN       NaN       NaN       NaN       NaN  Infinity       NaN       NaN       NaN       NaN       NaN
      3175       NaN       NaN       NaN       NaN       NaN       NaN       NaN       NaN  Infinity       NaN       NaN       NaN       NaN       NaN
      3176       NaN       NaN       NaN       NaN       NaN       NaN       NaN       NaN  Infinity       NaN       NaN       NaN       NaN       NaN
      3177       NaN       NaN       NaN       NaN       NaN       NaN       NaN       NaN  Infinity       NaN       NaN       NaN       NaN       NaN
      3178       NaN       NaN       NaN       NaN       NaN       NaN       NaN       NaN  Infinity       NaN       NaN       NaN       NaN       NaN
      3179       NaN       NaN       NaN       NaN       NaN       NaN       NaN       NaN  Infinity       NaN       NaN       NaN       NaN       NaN
      3180       NaN       NaN       NaN       NaN       NaN       NaN       NaN       NaN  Infinity       NaN       NaN       NaN       NaN       NaN
      3181       NaN       NaN       NaN       NaN       NaN       NaN       NaN       NaN  Infinity       NaN       NaN       NaN       NaN       NaN
      3182       NaN       NaN       NaN       NaN       NaN       NaN       NaN       NaN  Infinity       NaN       NaN       NaN       NaN       NaN
      3183       NaN       NaN       NaN       NaN       NaN       NaN       NaN       NaN  Infinity       NaN       NaN       NaN       NaN       NaN
      3184       NaN       NaN       NaN       NaN       NaN       NaN       NaN       NaN  Infinity       NaN       NaN       NaN       NaN       NaN
      3185       NaN       NaN       NaN       NaN       NaN       NaN       NaN       NaN  Infinity       NaN       NaN       NaN       NaN       NaN
      3186       NaN       NaN       NaN       NaN       NaN       NaN       NaN       NaN  Infinity       NaN       NaN       NaN       NaN       NaN
      3187       NaN       NaN       NaN       NaN       NaN       NaN       NaN       NaN  Infinity       NaN       NaN       NaN       NaN       NaN
      3188       NaN       NaN       NaN       NaN       NaN       NaN       NaN       NaN  Infinity       NaN       NaN       NaN       NaN       NaN
      3189       NaN       NaN       NaN       NaN       NaN       NaN       NaN       NaN  Infinity       NaN       NaN       NaN       NaN       NaN
      3190       NaN       NaN       NaN       NaN       NaN       NaN       NaN       NaN  Infinity       NaN       NaN       NaN       NaN       NaN
      3191       NaN       NaN       NaN       NaN       NaN       NaN       NaN       NaN  Infinity       NaN       NaN       NaN       NaN       NaN
      3192       NaN       NaN       NaN       NaN       NaN       NaN       NaN       NaN  Infinity       NaN       NaN       NaN       NaN       NaN
      3193       NaN       NaN       NaN       NaN       NaN       NaN       NaN       NaN  Infinity       NaN       NaN       NaN       NaN       NaN
      3194       NaN       NaN       NaN       NaN       NaN       NaN       NaN       NaN  Infinity       NaN       NaN       NaN       NaN       NaN
      3195       NaN       NaN       NaN       NaN       NaN       NaN       NaN       NaN  Infinity       NaN       NaN       NaN       NaN       NaN
      3196       NaN       NaN       NaN       NaN       NaN       NaN       NaN       NaN  Infinity       NaN       NaN       NaN       NaN       NaN
      3197       NaN       NaN       NaN       NaN       NaN       NaN       NaN       NaN  Infinity       NaN       NaN       NaN       NaN       NaN
      3198       NaN       NaN       NaN       NaN       NaN       NaN       NaN       NaN  Infinity       NaN       NaN       NaN       NaN       NaN
      3199       NaN       NaN       NaN       NaN       NaN       NaN       NaN       NaN  Infinity       NaN       NaN       NaN       NaN       NaN
      3200       NaN       NaN       NaN       NaN       NaN       NaN       NaN       NaN  Infinity       NaN       NaN       NaN       NaN       NaN
      3201       NaN       NaN       NaN       NaN       NaN       NaN       NaN       NaN  Infinity       NaN       NaN       NaN       NaN       NaN
      3202       NaN       NaN       NaN       NaN       NaN       NaN       NaN       NaN  Infinity       NaN       NaN       NaN       NaN       NaN
      3203       NaN       NaN       NaN       NaN       NaN       NaN       NaN       NaN  Infinity       NaN       NaN       NaN       NaN       NaN
      3204       NaN       NaN       NaN       NaN       NaN       NaN       NaN       NaN  Infinity       NaN       NaN       NaN       NaN       NaN
      3205       NaN       NaN       NaN       NaN       NaN       NaN       NaN       NaN  Infinity       NaN       NaN       NaN       NaN       NaN
      3206       NaN       NaN       NaN       NaN       NaN       NaN       NaN       NaN  Infinity       NaN       NaN       NaN       NaN       NaN
      3207       NaN       NaN       NaN       NaN       NaN       NaN       NaN       NaN  Infinity       NaN       NaN       NaN       NaN       NaN
      3208       NaN       NaN       NaN       NaN       NaN       NaN       NaN       NaN  Infinity       NaN       NaN       NaN       NaN       NaN
      3209       NaN       NaN       NaN       NaN       NaN       NaN       NaN       NaN  Infinity       NaN       NaN       NaN       NaN       NaN
      3210       NaN       NaN       NaN       NaN       NaN       NaN       NaN       NaN  Infinity       NaN       NaN       NaN       NaN       NaN
      3211       NaN       NaN       NaN       NaN       NaN       NaN       NaN       NaN  Infinity       NaN       NaN       NaN       NaN       NaN
      3212       NaN       NaN       NaN       NaN       NaN       NaN       NaN       NaN  Infinity       NaN       NaN       NaN       NaN       NaN
      3213       NaN       NaN       NaN       NaN       NaN       NaN       NaN       NaN  Infinity       NaN       NaN       NaN       NaN       NaN
      3214       NaN       NaN       NaN       NaN       NaN       NaN       NaN       NaN  Infinity       NaN       NaN       NaN       NaN       NaN
      3215       NaN       NaN       NaN       NaN       NaN       NaN       NaN       NaN  Infinity       NaN       NaN       NaN       NaN       NaN
      3216       NaN       NaN       NaN       NaN       NaN       NaN       NaN       NaN  Infinity       NaN       NaN       NaN       NaN       NaN
      3217       NaN       NaN       NaN       NaN       NaN       NaN       NaN       NaN  Infinity       NaN       NaN       NaN       NaN       NaN
      3218       NaN       NaN       NaN       NaN       NaN       NaN       NaN       NaN  Infinity       NaN       NaN       NaN       NaN       NaN
      3219       NaN       NaN       NaN       NaN       NaN       NaN       NaN       NaN  Infinity       NaN       NaN       NaN       NaN       NaN
      3220       NaN       NaN       NaN       NaN       NaN       NaN       NaN       NaN  Infinity       NaN       NaN       NaN       NaN       NaN
      3221       NaN       NaN       NaN       NaN       NaN       NaN       NaN       NaN  Infinity       NaN       NaN       NaN       NaN       NaN
      3222       NaN       NaN       NaN       NaN       NaN       NaN       NaN       NaN  Infinity       NaN       NaN       NaN       NaN       NaN
      3223       NaN       NaN       NaN       NaN       NaN       NaN       NaN       NaN  Infinity       NaN       NaN       NaN       NaN       NaN
      3224       NaN       NaN       NaN       NaN       NaN       NaN       NaN       NaN  Infinity       NaN       NaN       NaN       NaN       NaN
      3225       NaN       NaN       NaN       NaN       NaN       NaN       NaN       NaN  Infinity       NaN       NaN       NaN       NaN       NaN
      3226       NaN       NaN       NaN       NaN       NaN       NaN       NaN       NaN  Infinity       NaN       NaN       NaN       NaN       NaN
      3227       NaN       NaN       NaN       NaN       NaN       NaN       NaN       NaN  Infinity       NaN       NaN       NaN       NaN       NaN
      3228       NaN       NaN       NaN       NaN       NaN       NaN       NaN       NaN  Infinity       NaN       NaN       NaN       NaN       NaN
      3229       NaN       NaN       NaN       NaN       NaN       NaN       NaN       NaN  Infinity       NaN       NaN       NaN       NaN       NaN
      3230       NaN       NaN       NaN       NaN       NaN       NaN       NaN       NaN  Infinity       NaN       NaN       NaN       NaN       NaN
      3231       NaN       NaN       NaN       NaN       NaN       NaN       NaN       NaN  Infinity       NaN       NaN       NaN       NaN       NaN
      3232       NaN       NaN       NaN       NaN       NaN       NaN       NaN       NaN  Infinity       NaN       NaN       NaN       NaN       NaN
      3233       NaN       NaN       NaN       NaN       NaN       NaN       NaN       NaN  Infinity       NaN       NaN       NaN       NaN       NaN
      3234       NaN       NaN       NaN       NaN       NaN       NaN       NaN       NaN  Infinity       NaN       NaN       NaN       NaN       NaN
      3235       NaN       NaN       NaN       NaN       NaN       NaN       NaN       NaN  Infinity       NaN       NaN       NaN       NaN       NaN
      3236       NaN       NaN       NaN       NaN       NaN       NaN       NaN       NaN  Infinity       NaN       NaN       NaN       NaN       NaN
      3237       NaN       NaN       NaN       NaN       NaN       NaN       NaN       NaN  Infinity       NaN       NaN       NaN       NaN       NaN
      3238       NaN       NaN       NaN       NaN       NaN       NaN       NaN       NaN  Infinity       NaN       NaN       NaN       NaN       NaN
      3239       NaN       NaN       NaN       NaN       NaN       NaN       NaN       NaN  Infinity       NaN       NaN       NaN       NaN       NaN
      3240       NaN       NaN       NaN       NaN       NaN       NaN       NaN       NaN  Infinity       NaN       NaN       NaN       NaN       NaN
      3241       NaN       NaN       NaN       NaN       NaN       NaN       NaN       NaN  Infinity       NaN       NaN       NaN       NaN       NaN
      3242       NaN       NaN       NaN       NaN       NaN       NaN       NaN       NaN  Infinity       NaN       NaN       NaN       NaN       NaN
      3243       NaN       NaN       NaN       NaN       NaN       NaN       NaN       NaN  Infinity       NaN       NaN       NaN       NaN       NaN
      3244       NaN       NaN       NaN       NaN       NaN       NaN       NaN       NaN  Infinity       NaN       NaN       NaN       NaN       NaN
      3245       NaN       NaN       NaN       NaN       NaN       NaN       NaN       NaN  Infinity       NaN       NaN       NaN       NaN       NaN
      3246       NaN       NaN       NaN       NaN       NaN       NaN       NaN       NaN  Infinity       NaN       NaN       NaN       NaN       NaN
      3247       NaN       NaN       NaN       NaN       NaN       NaN       NaN       NaN  Infinity       NaN       NaN       NaN       NaN       NaN
      3248       NaN       NaN       NaN       NaN       NaN       NaN       NaN       NaN  Infinity       NaN       NaN       NaN       NaN       NaN
      3249       NaN       NaN       NaN       NaN       NaN       NaN       NaN       NaN  Infinity       NaN       NaN       NaN       NaN       NaN
      3250       NaN       NaN       NaN       NaN       NaN       NaN       NaN       NaN  Infinity       NaN       NaN       NaN       NaN       NaN
      3251       NaN       NaN       NaN       NaN       NaN       NaN       NaN       NaN  Infinity       NaN       NaN       NaN       NaN       NaN
      3252       NaN       NaN       NaN       NaN       NaN       NaN       NaN       NaN  Infinity       NaN       NaN       NaN       NaN       NaN
      3253       NaN       NaN       NaN       NaN       NaN       NaN       NaN       NaN  Infinity       NaN       NaN       NaN       NaN       NaN
      3254       NaN       NaN       NaN       NaN       NaN       NaN       NaN       NaN  Infinity       NaN       NaN       NaN       NaN       NaN
      3255       NaN       NaN       NaN       NaN       NaN       NaN       NaN       NaN  Infinity       NaN       NaN       NaN       NaN       NaN
      3256       NaN       NaN       NaN       NaN       NaN       NaN       NaN       NaN  Infinity       NaN       NaN       NaN       NaN       NaN
      3257       NaN       NaN       NaN       NaN       NaN       NaN       NaN       NaN  Infinity       NaN       NaN       NaN       NaN       NaN
      3258       NaN       NaN       NaN       NaN       NaN       NaN       NaN       NaN  Infinity       NaN       NaN       NaN       NaN       NaN
      3259       NaN       NaN       NaN       NaN       NaN       NaN       NaN       NaN  Infinity       NaN       NaN       NaN       NaN       NaN
      3260       NaN       NaN       NaN       NaN       NaN       NaN       NaN       NaN  Infinity       NaN       NaN       NaN       NaN       NaN
      3261       NaN       NaN       NaN       NaN       NaN       NaN       NaN       NaN  Infinity       NaN       NaN       NaN       NaN       NaN
      3262       NaN       NaN       NaN       NaN       NaN       NaN       NaN       NaN  Infinity       NaN       NaN       NaN       NaN       NaN
      3263       NaN       NaN       NaN       NaN       NaN       NaN       NaN       NaN  Infinity       NaN       NaN       NaN       NaN       NaN
      3264       NaN       NaN       NaN       NaN       NaN       NaN       NaN       NaN  Infinity       NaN       NaN       NaN       NaN       NaN
      3265       NaN       NaN       NaN       NaN       NaN       NaN       NaN       NaN  Infinity       NaN       NaN       NaN       NaN       NaN
      3266       NaN       NaN       NaN       NaN       NaN       NaN       NaN       NaN  Infinity       NaN       NaN       NaN       NaN       NaN
      3267       NaN       NaN       NaN       NaN       NaN       NaN       NaN       NaN  Infinity       NaN       NaN       NaN       NaN       NaN
      3268       NaN       NaN       NaN       NaN       NaN       NaN       NaN       NaN  Infinity       NaN       NaN       NaN       NaN       NaN
      3269       NaN       NaN       NaN       NaN       NaN       NaN       NaN       NaN  Infinity       NaN       NaN       NaN       NaN       NaN
      3270       NaN       NaN       NaN       NaN       NaN       NaN       NaN       NaN  Infinity       NaN       NaN       NaN       NaN       NaN
      3271       NaN       NaN       NaN       NaN       NaN       NaN       NaN       NaN  Infinity       NaN       NaN       NaN       NaN       NaN
      3272       NaN       NaN       NaN       NaN       NaN       NaN       NaN       NaN  Infinity       NaN       NaN       NaN       NaN       NaN
      3273       NaN       NaN       NaN       NaN       NaN       NaN       NaN       NaN  Infinity       NaN       NaN       NaN       NaN       NaN
      3274       NaN       NaN       NaN       NaN       NaN       NaN       NaN       NaN  Infinity       NaN       NaN       NaN       NaN       NaN
      3275       NaN       NaN       NaN       NaN       NaN       NaN       NaN       NaN  Infinity       NaN       NaN       NaN       NaN       NaN
      3276       NaN       NaN       NaN       NaN       NaN       NaN       NaN       NaN  Infinity       NaN       NaN       NaN       NaN       NaN
      3277       NaN       NaN       NaN       NaN       NaN       NaN       NaN       NaN  Infinity       NaN       NaN       NaN       NaN       NaN
      3278       NaN       NaN       NaN       NaN       NaN       NaN       NaN       NaN  Infinity       NaN       NaN       NaN       NaN       NaN
      3279       NaN       NaN       NaN       NaN       NaN       NaN       NaN       NaN  Infinity       NaN       NaN       NaN       NaN       NaN
      3280       NaN       NaN       NaN       NaN       NaN       NaN       NaN       NaN  Infinity       NaN       NaN       NaN       NaN       NaN
      3281       NaN       NaN       NaN       NaN       NaN       NaN       NaN       NaN  Infinity       NaN       NaN       NaN       NaN       NaN
      3282       NaN       NaN       NaN       NaN       NaN       NaN       NaN       NaN  Infinity       NaN       NaN       NaN       NaN       NaN
      3283       NaN       NaN       NaN       NaN       NaN       NaN       NaN       NaN  Infinity       NaN       NaN       NaN       NaN       NaN
      3284       NaN       NaN       NaN       NaN       NaN       NaN       NaN       NaN  Infinity       NaN       NaN       NaN       NaN       NaN
      3285       NaN       NaN       NaN       NaN       NaN       NaN       NaN       NaN  Infinity       NaN       NaN       NaN       NaN       NaN
      3286       NaN       NaN       NaN       NaN       NaN       NaN       NaN       NaN  Infinity       NaN       NaN       NaN       NaN       NaN
      3287       NaN       NaN       NaN       NaN       NaN       NaN       NaN       NaN  Infinity       NaN       NaN       NaN       NaN       NaN
      3288       NaN       NaN       NaN       NaN       NaN       NaN       NaN       NaN  Infinity       NaN       NaN       NaN       NaN       NaN
      3289       NaN       NaN       NaN       NaN       NaN       NaN       NaN       NaN  Infinity       NaN       NaN       NaN       NaN       NaN
      3290       NaN       NaN       NaN       NaN       NaN       NaN       NaN       NaN  Infinity       NaN       NaN       NaN       NaN       NaN
      3291       NaN       NaN       NaN       NaN       NaN       NaN       NaN       NaN  Infinity       NaN       NaN       NaN       NaN       NaN
      3292       NaN       NaN       NaN       NaN       NaN       NaN       NaN       NaN  Infinity       NaN       NaN       NaN       NaN       NaN
      3293       NaN       NaN       NaN       NaN       NaN       NaN       NaN       NaN  Infinity       NaN       NaN       NaN       NaN       NaN
      3294       NaN       NaN       NaN       NaN       NaN       NaN       NaN       NaN  Infinity       NaN       NaN       NaN       NaN       NaN
      3295       NaN       NaN       NaN       NaN       NaN       NaN       NaN       NaN  Infinity       NaN       NaN       NaN       NaN       NaN
      3296       NaN       NaN       NaN       NaN       NaN       NaN       NaN       NaN  Infinity       NaN       NaN       NaN       NaN       NaN
      3297       NaN       NaN       NaN       NaN       NaN       NaN       NaN       NaN  Infinity       NaN       NaN       NaN       NaN       NaN
      3298       NaN       NaN       NaN       NaN       NaN       NaN       NaN       NaN  Infinity       NaN       NaN       NaN       NaN       NaN
      3299       NaN       NaN       NaN       NaN       NaN       NaN       NaN       NaN  Infinity       NaN       NaN       NaN       NaN       NaN
      3300       NaN       NaN       NaN       NaN       NaN       NaN       NaN       NaN  Infinity       NaN       NaN       NaN       NaN       NaN
      3301       NaN       NaN       NaN       NaN       NaN       NaN       NaN       NaN  Infinity       NaN       NaN       NaN       NaN       NaN
      3302       NaN       NaN       NaN       NaN       NaN       NaN       NaN       NaN  Infinity       NaN       NaN       NaN       NaN       NaN
      3303       NaN       NaN       NaN       NaN       NaN       NaN       NaN       NaN  Infinity       NaN       NaN       NaN       NaN       NaN
      3304       NaN       NaN       NaN       NaN       NaN       NaN       NaN       NaN  Infinity       NaN       NaN       NaN       NaN       NaN
      3305       NaN       NaN       NaN       NaN       NaN       NaN       NaN       NaN  Infinity       NaN       NaN       NaN       NaN       NaN
      3306       NaN       NaN       NaN       NaN       NaN       NaN       NaN       NaN  Infinity       NaN       NaN       NaN       NaN       NaN
      3307       NaN       NaN       NaN       NaN       NaN       NaN       NaN       NaN  Infinity       NaN       NaN       NaN       NaN       NaN
      3308       NaN       NaN       NaN       NaN       NaN       NaN       NaN       NaN  Infinity       NaN       NaN       NaN       NaN       NaN
      3309       NaN       NaN       NaN       NaN       NaN       NaN       NaN       NaN  Infinity       NaN       NaN       NaN       NaN       NaN
      3310       NaN       NaN       NaN       NaN       NaN       NaN       NaN       NaN  Infinity       NaN       NaN       NaN       NaN       NaN
      3311       NaN       NaN       NaN       NaN       NaN       NaN       NaN       NaN  Infinity       NaN       NaN       NaN       NaN       NaN
      3312       NaN       NaN       NaN       NaN       NaN       NaN       NaN       NaN  Infinity       NaN       NaN       NaN       NaN       NaN
      3313       NaN       NaN       NaN       NaN       NaN       NaN       NaN       NaN  Infinity       NaN       NaN       NaN       NaN       NaN
      3314       NaN       NaN       NaN       NaN       NaN       NaN       NaN       NaN  Infinity       NaN       NaN       NaN       NaN       NaN
      3315       NaN       NaN       NaN       NaN       NaN       NaN       NaN       NaN  Infinity       NaN       NaN       NaN       NaN       NaN
      3316       NaN       NaN       NaN       NaN       NaN       NaN       NaN       NaN  Infinity       NaN       NaN       NaN       NaN       NaN
      3317       NaN       NaN       NaN       NaN       NaN       NaN       NaN       NaN  Infinity       NaN       NaN       NaN       NaN       NaN
      3318       NaN       NaN       NaN       NaN       NaN       NaN       NaN       NaN  Infinity       NaN       NaN       NaN       NaN       NaN
      3319       NaN       NaN       NaN       NaN       NaN       NaN       NaN       NaN  Infinity       NaN       NaN       NaN       NaN       NaN
      3320       NaN       NaN       NaN       NaN       NaN       NaN       NaN       NaN  Infinity       NaN       NaN       NaN       NaN       NaN
      3321       NaN       NaN       NaN       NaN       NaN       NaN       NaN       NaN  Infinity       NaN       NaN       NaN       NaN       NaN
      3322       NaN       NaN       NaN       NaN       NaN       NaN       NaN       NaN  Infinity       NaN       NaN       NaN       NaN       NaN
      3323       NaN       NaN       NaN       NaN       NaN       NaN       NaN       NaN  Infinity       NaN       NaN       NaN       NaN       NaN
      3324       NaN       NaN       NaN       NaN       NaN       NaN       NaN       NaN  Infinity       NaN       NaN       NaN       NaN       NaN
      3325       NaN       NaN       NaN       NaN       NaN       NaN       NaN       NaN  Infinity       NaN       NaN       NaN       NaN       NaN
      3326       NaN       NaN       NaN       NaN       NaN       NaN       NaN       NaN  Infinity       NaN       NaN       NaN       NaN       NaN
      3327       NaN       NaN       NaN       NaN       NaN       NaN       NaN       NaN  Infinity       NaN       NaN       NaN       NaN       NaN
      3328       NaN       NaN       NaN       NaN       NaN       NaN       NaN       NaN  Infinity       NaN       NaN       NaN       NaN       NaN
      3329       NaN       NaN       NaN       NaN       NaN       NaN       NaN       NaN  Infinity       NaN       NaN       NaN       NaN       NaN
      3330       NaN       NaN       NaN       NaN       NaN       NaN       NaN       NaN  Infinity       NaN       NaN       NaN       NaN       NaN
      3331       NaN       NaN       NaN       NaN       NaN       NaN       NaN       NaN  Infinity       NaN       NaN       NaN       NaN       NaN
      3332       NaN       NaN       NaN       NaN       NaN       NaN       NaN       NaN  Infinity       NaN       NaN       NaN       NaN       NaN
      3333       NaN       NaN       NaN       NaN       NaN       NaN       NaN       NaN  Infinity       NaN       NaN       NaN       NaN       NaN
      3334       NaN       NaN       NaN       NaN       NaN       NaN       NaN       NaN  Infinity       NaN       NaN       NaN       NaN       NaN
      3335       NaN       NaN       NaN       NaN       NaN       NaN       NaN       NaN  Infinity       NaN       NaN       NaN       NaN       NaN
      3336       NaN       NaN       NaN       NaN       NaN       NaN       NaN       NaN  Infinity       NaN       NaN       NaN       NaN       NaN
      3337       NaN       NaN       NaN       NaN       NaN       NaN       NaN       NaN  Infinity       NaN       NaN       NaN       NaN       NaN
      3338       NaN       NaN       NaN       NaN       NaN       NaN       NaN       NaN  Infinity       NaN       NaN       NaN       NaN       NaN
      3339       NaN       NaN       NaN       NaN       NaN       NaN       NaN       NaN  Infinity       NaN       NaN       NaN       NaN       NaN
      3340       NaN       NaN       NaN       NaN       NaN       NaN       NaN       NaN  Infinity       NaN       NaN       NaN       NaN       NaN
      3341       NaN       NaN       NaN       NaN       NaN       NaN       NaN       NaN  Infinity       NaN       NaN       NaN       NaN       NaN
      3342       NaN       NaN       NaN       NaN       NaN       NaN       NaN       NaN  Infinity       NaN       NaN       NaN       NaN       NaN
      3343       NaN       NaN       NaN       NaN       NaN       NaN       NaN       NaN  Infinity       NaN       NaN       NaN       NaN       NaN
      3344       NaN       NaN       NaN       NaN       NaN       NaN       NaN       NaN  Infinity       NaN       NaN       NaN       NaN       NaN
      3345       NaN       NaN       NaN       NaN       NaN       NaN       NaN       NaN  Infinity       NaN       NaN       NaN       NaN       NaN
      3346       NaN       NaN       NaN       NaN       NaN       NaN       NaN       NaN  Infinity       NaN       NaN       NaN       NaN       NaN
      3347       NaN       NaN       NaN       NaN       NaN       NaN       NaN       NaN  Infinity       NaN       NaN       NaN       NaN       NaN
      3348       NaN       NaN       NaN       NaN       NaN       NaN       NaN       NaN  Infinity       NaN       NaN       NaN       NaN       NaN
      3349       NaN       NaN       NaN       NaN       NaN       NaN       NaN       NaN  Infinity       NaN       NaN       NaN       NaN       NaN
      3350       NaN       NaN       NaN       NaN       NaN       NaN       NaN       NaN  Infinity       NaN       NaN       NaN       NaN       NaN
      3351       NaN       NaN       NaN       NaN       NaN       NaN       NaN       NaN  Infinity       NaN       NaN       NaN       NaN       NaN
      3352       NaN       NaN       NaN       NaN       NaN       NaN       NaN       NaN  Infinity       NaN       NaN       NaN       NaN       NaN
      3353       NaN       NaN       NaN       NaN       NaN       NaN       NaN       NaN  Infinity       NaN       NaN       NaN       NaN       NaN
      3354       NaN       NaN       NaN       NaN       NaN       NaN       NaN       NaN  Infinity       NaN       NaN       NaN       NaN       NaN
      3355       NaN       NaN       NaN       NaN       NaN       NaN       NaN       NaN  Infinity       NaN       NaN       NaN       NaN       NaN
      3356       NaN       NaN       NaN       NaN       NaN       NaN       NaN       NaN  Infinity       NaN       NaN       NaN       NaN       NaN
      3357       NaN       NaN       NaN       NaN       NaN       NaN       NaN       NaN  Infinity       NaN       NaN       NaN       NaN       NaN
      3358       NaN       NaN       NaN       NaN       NaN       NaN       NaN       NaN  Infinity       NaN       NaN       NaN       NaN       NaN
      3359       NaN       NaN       NaN       NaN       NaN       NaN       NaN       NaN  Infinity       NaN       NaN       NaN       NaN       NaN
      3360       NaN       NaN       NaN       NaN       NaN       NaN       NaN       NaN  Infinity       NaN       NaN       NaN       NaN       NaN
      3361       NaN       NaN       NaN       NaN       NaN       NaN       NaN       NaN  Infinity       NaN       NaN       NaN       NaN       NaN
      3362       NaN       NaN       NaN       NaN       NaN       NaN       NaN       NaN  Infinity       NaN       NaN       NaN       NaN       NaN
      3363       NaN       NaN       NaN       NaN       NaN       NaN       NaN       NaN  Infinity       NaN       NaN       NaN       NaN       NaN
      3364       NaN       NaN       NaN       NaN       NaN       NaN       NaN       NaN  Infinity       NaN       NaN       NaN       NaN       NaN
      3365       NaN       NaN       NaN       NaN       NaN       NaN       NaN       NaN  Infinity       NaN       NaN       NaN       NaN       NaN
      3366       NaN       NaN       NaN       NaN       NaN       NaN       NaN       NaN  Infinity       NaN       NaN       NaN       NaN       NaN
      3367       NaN       NaN       NaN       NaN       NaN       NaN       NaN       NaN  Infinity       NaN       NaN       NaN       NaN       NaN
      3368       NaN       NaN       NaN       NaN       NaN       NaN       NaN       NaN  Infinity       NaN       NaN       NaN       NaN       NaN
      3369       NaN       NaN       NaN       NaN       NaN       NaN       NaN       NaN  Infinity       NaN       NaN       NaN       NaN       NaN
      3370       NaN       NaN       NaN       NaN       NaN       NaN       NaN       NaN  Infinity       NaN       NaN       NaN       NaN       NaN
      3371       NaN       NaN       NaN       NaN       NaN       NaN       NaN       NaN  Infinity       NaN       NaN       NaN       NaN       NaN
      3372       NaN       NaN       NaN       NaN       NaN       NaN       NaN       NaN  Infinity       NaN       NaN       NaN       NaN       NaN
      3373       NaN       NaN       NaN       NaN       NaN       NaN       NaN       NaN  Infinity       NaN       NaN       NaN       NaN       NaN
      3374       NaN       NaN       NaN       NaN       NaN       NaN       NaN       NaN  Infinity       NaN       NaN       NaN       NaN       NaN
      3375       NaN       NaN       NaN       NaN       NaN       NaN       NaN       NaN  Infinity       NaN       NaN       NaN       NaN       NaN
      3376       NaN       NaN       NaN       NaN       NaN       NaN       NaN       NaN  Infinity       NaN       NaN       NaN       NaN       NaN
      3377       NaN       NaN       NaN       NaN       NaN       NaN       NaN       NaN  Infinity       NaN       NaN       NaN       NaN       NaN
      3378       NaN       NaN       NaN       NaN       NaN       NaN       NaN       NaN  Infinity       NaN       NaN       NaN       NaN       NaN
      3379       NaN       NaN       NaN       NaN       NaN       NaN       NaN       NaN  Infinity       NaN       NaN       NaN       NaN       NaN
      3380       NaN       NaN       NaN       NaN       NaN       NaN       NaN       NaN  Infinity       NaN       NaN       NaN       NaN       NaN
      3381       NaN       NaN       NaN       NaN       NaN       NaN       NaN       NaN  Infinity       NaN       NaN       NaN       NaN       NaN
      3382       NaN       NaN       NaN       NaN       NaN       NaN       NaN       NaN  Infinity       NaN       NaN       NaN       NaN       NaN
      3383       NaN       NaN       NaN       NaN       NaN       NaN       NaN       NaN  Infinity       NaN       NaN       NaN       NaN       NaN
      3384       NaN       NaN       NaN       NaN       NaN       NaN       NaN       NaN  Infinity       NaN       NaN       NaN       NaN       NaN
      3385       NaN       NaN       NaN       NaN       NaN       NaN       NaN       NaN  Infinity       NaN       NaN       NaN       NaN       NaN
      3386       NaN       NaN       NaN       NaN       NaN       NaN       NaN       NaN  Infinity       NaN       NaN       NaN       NaN       NaN
      3387       NaN       NaN       NaN       NaN       NaN       NaN       NaN       NaN  Infinity       NaN       NaN       NaN       NaN       NaN
      3388       NaN       NaN       NaN       NaN       NaN       NaN       NaN       NaN  Infinity       NaN       NaN       NaN       NaN       NaN
      3389       NaN       NaN       NaN       NaN       NaN       NaN       NaN       NaN  Infinity       NaN       NaN       NaN       NaN       NaN
      3390       NaN       NaN       NaN       NaN       NaN       NaN       NaN       NaN  Infinity       NaN       NaN       NaN       NaN       NaN
      3391       NaN       NaN       NaN       NaN       NaN       NaN       NaN       NaN  Infinity       NaN       NaN       NaN       NaN       NaN
      3392       NaN       NaN       NaN       NaN       NaN       NaN       NaN       NaN  Infinity       NaN       NaN       NaN       NaN       NaN
      3393       NaN       NaN       NaN       NaN       NaN       NaN       NaN       NaN  Infinity       NaN       NaN       NaN       NaN       NaN
      3394       NaN       NaN       NaN       NaN       NaN       NaN       NaN       NaN  Infinity       NaN       NaN       NaN       NaN       NaN
      3395       NaN       NaN       NaN       NaN       NaN       NaN       NaN       NaN  Infinity       NaN       NaN       NaN       NaN       NaN
      3396       NaN       NaN       NaN       NaN       NaN       NaN       NaN       NaN  Infinity       NaN       NaN       NaN       NaN       NaN
      3397       NaN       NaN       NaN       NaN       NaN       NaN       NaN       NaN  Infinity       NaN       NaN       NaN       NaN       NaN
      3398       NaN       NaN       NaN       NaN       NaN       NaN       NaN       NaN  Infinity       NaN       NaN       NaN       NaN       NaN
      3399       NaN       NaN       NaN       NaN       NaN       NaN       NaN       NaN  Infinity       NaN       NaN       NaN       NaN       NaN
      3400       NaN       NaN       NaN       NaN       NaN       NaN       NaN       NaN  Infinity       NaN       NaN       NaN       NaN       NaN
      3401       NaN       NaN       NaN       NaN       NaN       NaN       NaN       NaN  Infinity       NaN       NaN       NaN       NaN       NaN
      3402       NaN       NaN       NaN       NaN       NaN       NaN       NaN       NaN  Infinity       NaN       NaN       NaN       NaN       NaN
      3403       NaN       NaN       NaN       NaN       NaN       NaN       NaN       NaN  Infinity       NaN       NaN       NaN       NaN       NaN
      3404       NaN       NaN       NaN       NaN       NaN       NaN       NaN       NaN  Infinity       NaN       NaN       NaN       NaN       NaN
      3405       NaN       NaN       NaN       NaN       NaN       NaN       NaN       NaN  Infinity       NaN       NaN       NaN       NaN       NaN
      3406       NaN       NaN       NaN       NaN       NaN       NaN       NaN       NaN  Infinity       NaN       NaN       NaN       NaN       NaN
      3407       NaN       NaN       NaN       NaN       NaN       NaN       NaN       NaN  Infinity       NaN       NaN       NaN       NaN       NaN
      3408       NaN       NaN       NaN       NaN       NaN       NaN       NaN       NaN  Infinity       NaN       NaN       NaN       NaN       NaN
      3409       NaN       NaN       NaN       NaN       NaN       NaN       NaN       NaN  Infinity       NaN       NaN       NaN       NaN       NaN
      3410       NaN       NaN       NaN       NaN       NaN       NaN       NaN       NaN  Infinity       NaN       NaN       NaN       NaN       NaN
      3411       NaN       NaN       NaN       NaN       NaN       NaN       NaN       NaN  Infinity       NaN       NaN       NaN       NaN       NaN
      3412       NaN       NaN       NaN       NaN       NaN       NaN       NaN       NaN  Infinity       NaN       NaN       NaN       NaN       NaN
      3413       NaN       NaN       NaN       NaN       NaN       NaN       NaN       NaN  Infinity       NaN       NaN       NaN       NaN       NaN
      3414       NaN       NaN       NaN       NaN       NaN       NaN       NaN       NaN  Infinity       NaN       NaN       NaN       NaN       NaN
      3415       NaN       NaN       NaN       NaN       NaN       NaN       NaN       NaN  Infinity       NaN       NaN       NaN       NaN       NaN
      3416       NaN       NaN       NaN       NaN       NaN       NaN       NaN       NaN  Infinity       NaN       NaN       NaN       NaN       NaN
      3417       NaN       NaN       NaN       NaN       NaN       NaN       NaN       NaN  Infinity       NaN       NaN       NaN       NaN       NaN
      3418       NaN       NaN       NaN       NaN       NaN       NaN       NaN       NaN  Infinity       NaN       NaN       NaN       NaN       NaN
      3419       NaN       NaN       NaN       NaN       NaN       NaN       NaN       NaN  Infinity       NaN       NaN       NaN       NaN       NaN
      3420       NaN       NaN       NaN       NaN       NaN       NaN       NaN       NaN  Infinity       NaN       NaN       NaN       NaN       NaN
      3421       NaN       NaN       NaN       NaN       NaN       NaN       NaN       NaN  Infinity       NaN       NaN       NaN       NaN       NaN
      3422       NaN       NaN       NaN       NaN       NaN       NaN       NaN       NaN  Infinity       NaN       NaN       NaN       NaN       NaN
      3423       NaN       NaN       NaN       NaN       NaN       NaN       NaN       NaN  Infinity       NaN       NaN       NaN       NaN       NaN
      3424       NaN       NaN       NaN       NaN       NaN       NaN       NaN       NaN  Infinity       NaN       NaN       NaN       NaN       NaN
      3425       NaN       NaN       NaN       NaN       NaN       NaN       NaN       NaN  Infinity       NaN       NaN       NaN       NaN       NaN
      3426       NaN       NaN       NaN       NaN       NaN       NaN       NaN       NaN  Infinity       NaN       NaN       NaN       NaN       NaN
      3427       NaN       NaN       NaN       NaN       NaN       NaN       NaN       NaN  Infinity       NaN       NaN       NaN       NaN       NaN
      3428       NaN       NaN       NaN       NaN       NaN       NaN       NaN       NaN  Infinity       NaN       NaN       NaN       NaN       NaN
      3429       NaN       NaN       NaN       NaN       NaN       NaN       NaN       NaN  Infinity       NaN       NaN       NaN       NaN       NaN
      3430       NaN       NaN       NaN       NaN       NaN       NaN       NaN       NaN  Infinity       NaN       NaN       NaN       NaN       NaN
      3431       NaN       NaN       NaN       NaN       NaN       NaN       NaN       NaN  Infinity       NaN       NaN       NaN       NaN       NaN
      3432       NaN       NaN       NaN       NaN       NaN       NaN       NaN       NaN  Infinity       NaN       NaN       NaN       NaN       NaN
      3433       NaN       NaN       NaN       NaN       NaN       NaN       NaN       NaN  Infinity       NaN       NaN       NaN       NaN       NaN
      3434       NaN       NaN       NaN       NaN       NaN       NaN       NaN       NaN  Infinity       NaN       NaN       NaN       NaN       NaN
      3435       NaN       NaN       NaN       NaN       NaN       NaN       NaN       NaN  Infinity       NaN       NaN       NaN       NaN       NaN
      3436       NaN       NaN       NaN       NaN       NaN       NaN       NaN       NaN  Infinity       NaN       NaN       NaN       NaN       NaN
      3437       NaN       NaN       NaN       NaN       NaN       NaN       NaN       NaN  Infinity       NaN       NaN       NaN       NaN       NaN
      3438       NaN       NaN       NaN       NaN       NaN       NaN       NaN       NaN  Infinity       NaN       NaN       NaN       NaN       NaN
      3439       NaN       NaN       NaN       NaN       NaN       NaN       NaN       NaN  Infinity       NaN       NaN       NaN       NaN       NaN
      3440       NaN       NaN       NaN       NaN       NaN       NaN       NaN       NaN  Infinity       NaN       NaN       NaN       NaN       NaN
      3441       NaN       NaN       NaN       NaN       NaN       NaN       NaN       NaN  Infinity       NaN       NaN       NaN       NaN       NaN
      3442       NaN       NaN       NaN       NaN       NaN       NaN       NaN       NaN  Infinity       NaN       NaN       NaN       NaN       NaN
      3443       NaN       NaN       NaN       NaN       NaN       NaN       NaN       NaN  Infinity       NaN       NaN       NaN       NaN       NaN
      3444       NaN       NaN       NaN       NaN       NaN       NaN       NaN       NaN  Infinity       NaN       NaN       NaN       NaN       NaN
      3445       NaN       NaN       NaN       NaN       NaN       NaN       NaN       NaN  Infinity       NaN       NaN       NaN       NaN       NaN
      3446       NaN       NaN       NaN       NaN       NaN       NaN       NaN       NaN  Infinity       NaN       NaN       NaN       NaN       NaN
      3447       NaN       NaN       NaN       NaN       NaN       NaN       NaN       NaN  Infinity       NaN       NaN       NaN       NaN       NaN
      3448       NaN       NaN       NaN       NaN       NaN       NaN       NaN       NaN  Infinity       NaN       NaN       NaN       NaN       NaN
      3449       NaN       NaN       NaN       NaN       NaN       NaN       NaN       NaN  Infinity       NaN       NaN       NaN       NaN       NaN
      3450       NaN       NaN       NaN       NaN       NaN       NaN       NaN       NaN  Infinity       NaN       NaN       NaN       NaN       NaN
      3451       NaN       NaN       NaN       NaN       NaN       NaN       NaN       NaN  Infinity       NaN       NaN       NaN       NaN       NaN
      3452       NaN       NaN       NaN       NaN       NaN       NaN       NaN       NaN  Infinity       NaN       NaN       NaN       NaN       NaN
      3453       NaN       NaN       NaN       NaN       NaN       NaN       NaN       NaN  Infinity       NaN       NaN       NaN       NaN       NaN
      3454       NaN       NaN       NaN       NaN       NaN       NaN       NaN       NaN  Infinity       NaN       NaN       NaN       NaN       NaN
      3455       NaN       NaN       NaN       NaN       NaN       NaN       NaN       NaN  Infinity       NaN       NaN       NaN       NaN       NaN
      3456       NaN       NaN       NaN       NaN       NaN       NaN       NaN       NaN  Infinity       NaN       NaN       NaN       NaN       NaN
      3457       NaN       NaN       NaN       NaN       NaN       NaN       NaN       NaN  Infinity       NaN       NaN       NaN       NaN       NaN
      3458       NaN       NaN       NaN       NaN       NaN       NaN       NaN       NaN  Infinity       NaN       NaN       NaN       NaN       NaN
      3459       NaN       NaN       NaN       NaN       NaN       NaN       NaN       NaN  Infinity       NaN       NaN       NaN       NaN       NaN
      3460       NaN       NaN       NaN       NaN       NaN       NaN       NaN       NaN  Infinity       NaN       NaN       NaN       NaN       NaN
      3461       NaN       NaN       NaN       NaN       NaN       NaN       NaN       NaN  Infinity       NaN       NaN       NaN       NaN       NaN
      3462       NaN       NaN       NaN       NaN       NaN       NaN       NaN       NaN  Infinity       NaN       NaN       NaN       NaN       NaN
      3463       NaN       NaN       NaN       NaN       NaN       NaN       NaN       NaN  Infinity       NaN       NaN       NaN       NaN       NaN
      3464       NaN       NaN       NaN       NaN       NaN       NaN       NaN       NaN  Infinity       NaN       NaN       NaN       NaN       NaN
      3465       NaN       NaN       NaN       NaN       NaN       NaN       NaN       NaN  Infinity       NaN       NaN       NaN       NaN       NaN
      3466       NaN       NaN       NaN       NaN       NaN       NaN       NaN       NaN  Infinity       NaN       NaN       NaN       NaN       NaN
      3467       NaN       NaN       NaN       NaN       NaN       NaN       NaN       NaN  Infinity       NaN       NaN       NaN       NaN       NaN
      3468       NaN       NaN       NaN       NaN       NaN       NaN       NaN       NaN  Infinity       NaN       NaN       NaN       NaN       NaN
      3469       NaN       NaN       NaN       NaN       NaN       NaN       NaN       NaN  Infinity       NaN       NaN       NaN       NaN       NaN
      3470       NaN       NaN       NaN       NaN       NaN       NaN       NaN       NaN  Infinity       NaN       NaN       NaN       NaN       NaN
      3471       NaN       NaN       NaN       NaN       NaN       NaN       NaN       NaN  Infinity       NaN       NaN       NaN       NaN       NaN
      3472       NaN       NaN       NaN       NaN       NaN       NaN       NaN       NaN  Infinity       NaN       NaN       NaN       NaN       NaN
      3473       NaN       NaN       NaN       NaN       NaN       NaN       NaN       NaN  Infinity       NaN       NaN       NaN       NaN       NaN
      3474       NaN       NaN       NaN       NaN       NaN       NaN       NaN       NaN  Infinity       NaN       NaN       NaN       NaN       NaN
      3475       NaN       NaN       NaN       NaN       NaN       NaN       NaN       NaN  Infinity       NaN       NaN       NaN       NaN       NaN
      3476       NaN       NaN       NaN       NaN       NaN       NaN       NaN       NaN  Infinity       NaN       NaN       NaN       NaN       NaN
      3477       NaN       NaN       NaN       NaN       NaN       NaN       NaN       NaN  Infinity       NaN       NaN       NaN       NaN       NaN
      3478       NaN       NaN       NaN       NaN       NaN       NaN       NaN       NaN  Infinity       NaN       NaN       NaN       NaN       NaN
      3479       NaN       NaN       NaN       NaN       NaN       NaN       NaN       NaN  Infinity       NaN       NaN       NaN       NaN       NaN
      3480       NaN       NaN       NaN       NaN       NaN       NaN       NaN       NaN  Infinity       NaN       NaN       NaN       NaN       NaN
      3481       NaN       NaN       NaN       NaN       NaN       NaN       NaN       NaN  Infinity       NaN       NaN       NaN       NaN       NaN
      3482       NaN       NaN       NaN       NaN       NaN       NaN       NaN       NaN  Infinity       NaN       NaN       NaN       NaN       NaN
      3483       NaN       NaN       NaN       NaN       NaN       NaN       NaN       NaN  Infinity       NaN       NaN       NaN       NaN       NaN
      3484       NaN       NaN       NaN       NaN       NaN       NaN       NaN       NaN  Infinity       NaN       NaN       NaN       NaN       NaN
      3485       NaN       NaN       NaN       NaN       NaN       NaN       NaN       NaN  Infinity       NaN       NaN       NaN       NaN       NaN
      3486       NaN       NaN       NaN       NaN       NaN       NaN       NaN       NaN  Infinity       NaN       NaN       NaN       NaN       NaN
      3487       NaN       NaN       NaN       NaN       NaN       NaN       NaN       NaN  Infinity       NaN       NaN       NaN       NaN       NaN
      3488       NaN       NaN       NaN       NaN       NaN       NaN       NaN       NaN  Infinity       NaN       NaN       NaN       NaN       NaN
      3489       NaN       NaN       NaN       NaN       NaN       NaN       NaN       NaN  Infinity       NaN       NaN       NaN       NaN       NaN
      3490       NaN       NaN       NaN       NaN       NaN       NaN       NaN       NaN  Infinity       NaN       NaN       NaN       NaN       NaN
      3491       NaN       NaN       NaN       NaN       NaN       NaN       NaN       NaN  Infinity       NaN       NaN       NaN       NaN       NaN
      3492       NaN       NaN       NaN       NaN       NaN       NaN       NaN       NaN  Infinity       NaN       NaN       NaN       NaN       NaN
      3493       NaN       NaN       NaN       NaN       NaN       NaN       NaN       NaN  Infinity       NaN       NaN       NaN       NaN       NaN
      3494       NaN       NaN       NaN       NaN       NaN       NaN       NaN       NaN  Infinity       NaN       NaN       NaN       NaN       NaN
      3495       NaN       NaN       NaN       NaN       NaN       NaN       NaN       NaN  Infinity       NaN       NaN       NaN       NaN       NaN
      3496       NaN       NaN       NaN       NaN       NaN       NaN       NaN       NaN  Infinity       NaN       NaN       NaN       NaN       NaN
      3497       NaN       NaN       NaN       NaN       NaN       NaN       NaN       NaN  Infinity       NaN       NaN       NaN       NaN       NaN
      3498       NaN       NaN       NaN       NaN       NaN       NaN       NaN       NaN  Infinity       NaN       NaN       NaN       NaN       NaN
      3499       NaN       NaN       NaN       NaN       NaN       NaN       NaN       NaN  Infinity       NaN       NaN       NaN       NaN       NaN
      3500       NaN       NaN       NaN       NaN       NaN       NaN       NaN       NaN  Infinity       NaN       NaN       NaN       NaN       NaN
      3501       NaN       NaN       NaN       NaN       NaN       NaN       NaN       NaN  Infinity       NaN       NaN       NaN       NaN       NaN
      3502       NaN       NaN       NaN       NaN       NaN       NaN       NaN       NaN  Infinity       NaN       NaN       NaN       NaN       NaN
      3503       NaN       NaN       NaN       NaN       NaN       NaN       NaN       NaN  Infinity       NaN       NaN       NaN       NaN       NaN
      3504       NaN       NaN       NaN       NaN       NaN       NaN       NaN       NaN  Infinity       NaN       NaN       NaN       NaN       NaN
      3505       NaN       NaN       NaN       NaN       NaN       NaN       NaN       NaN  Infinity       NaN       NaN       NaN       NaN       NaN
      3506       NaN       NaN       NaN       NaN       NaN       NaN       NaN       NaN  Infinity       NaN       NaN       NaN       NaN       NaN
      3507       NaN       NaN       NaN       NaN       NaN       NaN       NaN       NaN  Infinity       NaN       NaN       NaN       NaN       NaN
      3508       NaN       NaN       NaN       NaN       NaN       NaN       NaN       NaN  Infinity       NaN       NaN       NaN       NaN       NaN
      3509       NaN       NaN       NaN       NaN       NaN       NaN       NaN       NaN  Infinity       NaN       NaN       NaN       NaN       NaN
      3510       NaN       NaN       NaN       NaN       NaN       NaN       NaN       NaN  Infinity       NaN       NaN       NaN       NaN       NaN
      3511       NaN       NaN       NaN       NaN       NaN       NaN       NaN       NaN  Infinity       NaN       NaN       NaN       NaN       NaN
      3512       NaN       NaN       NaN       NaN       NaN       NaN       NaN       NaN  Infinity       NaN       NaN       NaN       NaN       NaN
      3513       NaN       NaN       NaN       NaN       NaN       NaN       NaN       NaN  Infinity       NaN       NaN       NaN       NaN       NaN
      3514       NaN       NaN       NaN       NaN       NaN       NaN       NaN       NaN  Infinity       NaN       NaN       NaN       NaN       NaN
      3515       NaN       NaN       NaN       NaN       NaN       NaN       NaN       NaN  Infinity       NaN       NaN       NaN       NaN       NaN
      3516       NaN       NaN       NaN       NaN       NaN       NaN       NaN       NaN  Infinity       NaN       NaN       NaN       NaN       NaN
      3517       NaN       NaN       NaN       NaN       NaN       NaN       NaN       NaN  Infinity       NaN       NaN       NaN       NaN       NaN
      3518       NaN       NaN       NaN       NaN       NaN       NaN       NaN       NaN  Infinity       NaN       NaN       NaN       NaN       NaN
      3519       NaN       NaN       NaN       NaN       NaN       NaN       NaN       NaN  Infinity       NaN       NaN       NaN       NaN       NaN
      3520       NaN       NaN       NaN       NaN       NaN       NaN       NaN       NaN  Infinity       NaN       NaN       NaN       NaN       NaN
      3521       NaN       NaN       NaN       NaN       NaN       NaN       NaN       NaN  Infinity       NaN       NaN       NaN       NaN       NaN
      3522       NaN       NaN       NaN       NaN       NaN       NaN       NaN       NaN  Infinity       NaN       NaN       NaN       NaN       NaN
      3523       NaN       NaN       NaN       NaN       NaN       NaN       NaN       NaN  Infinity       NaN       NaN       NaN       NaN       NaN
      3524       NaN       NaN       NaN       NaN       NaN       NaN       NaN       NaN  Infinity       NaN       NaN       NaN       NaN       NaN
      3525       NaN       NaN       NaN       NaN       NaN       NaN       NaN       NaN  Infinity       NaN       NaN       NaN       NaN       NaN
      3526       NaN       NaN       NaN       NaN       NaN       NaN       NaN       NaN  Infinity       NaN       NaN       NaN       NaN       NaN
      3527       NaN       NaN       NaN       NaN       NaN       NaN       NaN       NaN  Infinity       NaN       NaN       NaN       NaN       NaN
      3528       NaN       NaN       NaN       NaN       NaN       NaN       NaN       NaN  Infinity       NaN       NaN       NaN       NaN       NaN
      3529       NaN       NaN       NaN       NaN       NaN       NaN       NaN       NaN  Infinity       NaN       NaN       NaN       NaN       NaN
      3530       NaN       NaN       NaN       NaN       NaN       NaN       NaN       NaN  Infinity       NaN       NaN       NaN       NaN       NaN
      3531       NaN       NaN       NaN       NaN       NaN       NaN       NaN       NaN  Infinity       NaN       NaN       NaN       NaN       NaN
      3532       NaN       NaN       NaN       NaN       NaN       NaN       NaN       NaN  Infinity       NaN       NaN       NaN       NaN       NaN
      3533       NaN       NaN       NaN       NaN       NaN       NaN       NaN       NaN  Infinity       NaN       NaN       NaN       NaN       NaN
      3534       NaN       NaN       NaN       NaN       NaN       NaN       NaN       NaN  Infinity       NaN       NaN       NaN       NaN       NaN
      3535       NaN       NaN       NaN       NaN       NaN       NaN       NaN       NaN  Infinity       NaN       NaN       NaN       NaN       NaN
      3536       NaN       NaN       NaN       NaN       NaN       NaN       NaN       NaN  Infinity       NaN       NaN       NaN       NaN       NaN
      3537       NaN       NaN       NaN       NaN       NaN       NaN       NaN       NaN  Infinity       NaN       NaN       NaN       NaN       NaN
      3538       NaN       NaN       NaN       NaN       NaN       NaN       NaN       NaN  Infinity       NaN       NaN       NaN       NaN       NaN
      3539       NaN       NaN       NaN       NaN       NaN       NaN       NaN       NaN  Infinity       NaN       NaN       NaN       NaN       NaN
      3540       NaN       NaN       NaN       NaN       NaN       NaN       NaN       NaN  Infinity       NaN       NaN       NaN       NaN       NaN
      3541       NaN       NaN       NaN       NaN       NaN       NaN       NaN       NaN  Infinity       NaN       NaN       NaN       NaN       NaN
      3542       NaN       NaN       NaN       NaN       NaN       NaN       NaN       NaN  Infinity       NaN       NaN       NaN       NaN       NaN
      3543       NaN       NaN       NaN       NaN       NaN       NaN       NaN       NaN  Infinity       NaN       NaN       NaN       NaN       NaN
      3544       NaN       NaN       NaN       NaN       NaN       NaN       NaN       NaN  Infinity       NaN       NaN       NaN       NaN       NaN
      3545       NaN       NaN       NaN       NaN       NaN       NaN       NaN       NaN  Infinity       NaN       NaN       NaN       NaN       NaN
      3546       NaN       NaN       NaN       NaN       NaN       NaN       NaN       NaN  Infinity       NaN       NaN       NaN       NaN       NaN
      3547       NaN       NaN       NaN       NaN       NaN       NaN       NaN       NaN  Infinity       NaN       NaN       NaN       NaN       NaN
      3548       NaN       NaN       NaN       NaN       NaN       NaN       NaN       NaN  Infinity       NaN       NaN       NaN       NaN       NaN
      3549       NaN       NaN       NaN       NaN       NaN       NaN       NaN       NaN  Infinity       NaN       NaN       NaN       NaN       NaN
      3550       NaN       NaN       NaN       NaN       NaN       NaN       NaN       NaN  Infinity       NaN       NaN       NaN       NaN       NaN
      3551       NaN       NaN       NaN       NaN       NaN       NaN       NaN       NaN  Infinity       NaN       NaN       NaN       NaN       NaN
      3552       NaN       NaN       NaN       NaN       NaN       NaN       NaN       NaN  Infinity       NaN       NaN       NaN       NaN       NaN
      3553       NaN       NaN       NaN       NaN       NaN       NaN       NaN       NaN  Infinity       NaN       NaN       NaN       NaN       NaN
      3554       NaN       NaN       NaN       NaN       NaN       NaN       NaN       NaN  Infinity       NaN       NaN       NaN       NaN       NaN
      3555       NaN       NaN       NaN       NaN       NaN       NaN       NaN       NaN  Infinity       NaN       NaN       NaN       NaN       NaN
      3556       NaN       NaN       NaN       NaN       NaN       NaN       NaN       NaN  Infinity       NaN       NaN       NaN       NaN       NaN
      3557       NaN       NaN       NaN       NaN       NaN       NaN       NaN       NaN  Infinity       NaN       NaN       NaN       NaN       NaN
      3558       NaN       NaN       NaN       NaN       NaN       NaN       NaN       NaN  Infinity       NaN       NaN       NaN       NaN       NaN
      3559       NaN       NaN       NaN       NaN       NaN       NaN       NaN       NaN  Infinity       NaN       NaN       NaN       NaN       NaN
      3560       NaN       NaN       NaN       NaN       NaN       NaN       NaN       NaN  Infinity       NaN       NaN       NaN       NaN       NaN
      3561       NaN       NaN       NaN       NaN       NaN       NaN       NaN       NaN  Infinity       NaN       NaN       NaN       NaN       NaN
      3562       NaN       NaN       NaN       NaN       NaN       NaN       NaN       NaN  Infinity       NaN       NaN       NaN       NaN       NaN
      3563       NaN       NaN       NaN       NaN       NaN       NaN       NaN       NaN  Infinity       NaN       NaN       NaN       NaN       NaN
      3564       NaN       NaN       NaN       NaN       NaN       NaN       NaN       NaN  Infinity       NaN       NaN       NaN       NaN       NaN
      3565       NaN       NaN       NaN       NaN       NaN       NaN       NaN       NaN  Infinity       NaN       NaN       NaN       NaN       NaN
      3566       NaN       NaN       NaN       NaN       NaN       NaN       NaN       NaN  Infinity       NaN       NaN       NaN       NaN       NaN
      3567       NaN       NaN       NaN       NaN       NaN       NaN       NaN       NaN  Infinity       NaN       NaN       NaN       NaN       NaN
      3568       NaN       NaN       NaN       NaN       NaN       NaN       NaN       NaN  Infinity       NaN       NaN       NaN       NaN       NaN
      3569       NaN       NaN       NaN       NaN       NaN       NaN       NaN       NaN  Infinity       NaN       NaN       NaN       NaN       NaN
      3570       NaN       NaN       NaN       NaN       NaN       NaN       NaN       NaN  Infinity       NaN       NaN       NaN       NaN       NaN
      3571       NaN       NaN       NaN       NaN       NaN       NaN       NaN       NaN  Infinity       NaN       NaN       NaN       NaN       NaN
      3572       NaN       NaN       NaN       NaN       NaN       NaN       NaN       NaN  Infinity       NaN       NaN       NaN       NaN       NaN
      3573       NaN       NaN       NaN       NaN       NaN       NaN       NaN       NaN  Infinity       NaN       NaN       NaN       NaN       NaN
      3574       NaN       NaN       NaN       NaN       NaN       NaN       NaN       NaN  Infinity       NaN       NaN       NaN       NaN       NaN
      3575       NaN       NaN       NaN       NaN       NaN       NaN       NaN       NaN  Infinity       NaN       NaN       NaN       NaN       NaN
      3576       NaN       NaN       NaN       NaN       NaN       NaN       NaN       NaN  Infinity       NaN       NaN       NaN       NaN       NaN
      3577       NaN       NaN       NaN       NaN       NaN       NaN       NaN       NaN  Infinity       NaN       NaN       NaN       NaN       NaN
      3578       NaN       NaN       NaN       NaN       NaN       NaN       NaN       NaN  Infinity       NaN       NaN       NaN       NaN       NaN
      3579       NaN       NaN       NaN       NaN       NaN       NaN       NaN       NaN  Infinity       NaN       NaN       NaN       NaN       NaN
      3580       NaN       NaN       NaN       NaN       NaN       NaN       NaN       NaN  Infinity       NaN       NaN       NaN       NaN       NaN
      3581       NaN       NaN       NaN       NaN       NaN       NaN       NaN       NaN  Infinity       NaN       NaN       NaN       NaN       NaN
      3582       NaN       NaN       NaN       NaN       NaN       NaN       NaN       NaN  Infinity       NaN       NaN       NaN       NaN       NaN
      3583       NaN       NaN       NaN       NaN       NaN       NaN       NaN       NaN  Infinity       NaN       NaN       NaN       NaN       NaN
      3584       NaN       NaN       NaN       NaN       NaN       NaN       NaN       NaN  Infinity       NaN       NaN       NaN       NaN       NaN
      3585       NaN       NaN       NaN       NaN       NaN       NaN       NaN       NaN  Infinity       NaN       NaN       NaN       NaN       NaN
      3586       NaN       NaN       NaN       NaN       NaN       NaN       NaN       NaN  Infinity       NaN       NaN       NaN       NaN       NaN
      3587       NaN       NaN       NaN       NaN       NaN       NaN       NaN       NaN  Infinity       NaN       NaN       NaN       NaN       NaN
      3588       NaN       NaN       NaN       NaN       NaN       NaN       NaN       NaN  Infinity       NaN       NaN       NaN       NaN       NaN
      3589       NaN       NaN       NaN       NaN       NaN       NaN       NaN       NaN  Infinity       NaN       NaN       NaN       NaN       NaN
      3590       NaN       NaN       NaN       NaN       NaN       NaN       NaN       NaN  Infinity       NaN       NaN       NaN       NaN       NaN
      3591       NaN       NaN       NaN       NaN       NaN       NaN       NaN       NaN  Infinity       NaN       NaN       NaN       NaN       NaN
      3592       NaN       NaN       NaN       NaN       NaN       NaN       NaN       NaN  Infinity       NaN       NaN       NaN       NaN       NaN
      3593       NaN       NaN       NaN       NaN       NaN       NaN       NaN       NaN  Infinity       NaN       NaN       NaN       NaN       NaN
      3594       NaN       NaN       NaN       NaN       NaN       NaN       NaN       NaN  Infinity       NaN       NaN       NaN       NaN       NaN
      3595       NaN       NaN       NaN       NaN       NaN       NaN       NaN       NaN  Infinity       NaN       NaN       NaN       NaN       NaN
      3596       NaN       NaN       NaN       NaN       NaN       NaN       NaN       NaN  Infinity       NaN       NaN       NaN       NaN       NaN
      3597       NaN       NaN       NaN       NaN       NaN       NaN       NaN       NaN  Infinity       NaN       NaN       NaN       NaN       NaN
      3598       NaN       NaN       NaN       NaN       NaN       NaN       NaN       NaN  Infinity       NaN       NaN       NaN       NaN       NaN
      3599       NaN       NaN       NaN       NaN       NaN       NaN       NaN       NaN  Infinity       NaN       NaN       NaN       NaN       NaN
      3600       NaN       NaN       NaN       NaN       NaN       NaN       NaN       NaN  Infinity       NaN       NaN       NaN       NaN       NaN
      3601       NaN       NaN       NaN       NaN       NaN       NaN       NaN       NaN  Infinity       NaN       NaN       NaN       NaN       NaN
      3602       NaN       NaN       NaN       NaN       NaN       NaN       NaN       NaN  Infinity       NaN       NaN       NaN       NaN       NaN
      3603       NaN       NaN       NaN       NaN       NaN       NaN       NaN       NaN  Infinity       NaN       NaN       NaN       NaN       NaN
      3604       NaN       NaN       NaN       NaN       NaN       NaN       NaN       NaN  Infinity       NaN       NaN       NaN       NaN       NaN
      3605       NaN       NaN       NaN       NaN       NaN       NaN       NaN       NaN  Infinity       NaN       NaN       NaN       NaN       NaN
      3606       NaN       NaN       NaN       NaN       NaN       NaN       NaN       NaN  Infinity       NaN       NaN       NaN       NaN       NaN
      3607       NaN       NaN       NaN       NaN       NaN       NaN       NaN       NaN  Infinity       NaN       NaN       NaN       NaN       NaN
      3608       NaN       NaN       NaN       NaN       NaN       NaN       NaN       NaN  Infinity       NaN       NaN       NaN       NaN       NaN
      3609       NaN       NaN       NaN       NaN       NaN       NaN       NaN       NaN  Infinity       NaN       NaN       NaN       NaN       NaN
      3610       NaN       NaN       NaN       NaN       NaN       NaN       NaN       NaN  Infinity       NaN       NaN       NaN       NaN       NaN
      3611       NaN       NaN       NaN       NaN       NaN       NaN       NaN       NaN  Infinity       NaN       NaN       NaN       NaN       NaN
      3612       NaN       NaN       NaN       NaN       NaN       NaN       NaN       NaN  Infinity       NaN       NaN       NaN       NaN       NaN
      3613       NaN       NaN       NaN       NaN       NaN       NaN       NaN       NaN  Infinity       NaN       NaN       NaN       NaN       NaN
      3614       NaN       NaN       NaN       NaN       NaN       NaN       NaN       NaN  Infinity       NaN       NaN       NaN       NaN       NaN
      3615       NaN       NaN       NaN       NaN       NaN       NaN       NaN       NaN  Infinity       NaN       NaN       NaN       NaN       NaN
      3616       NaN       NaN       NaN       NaN       NaN       NaN       NaN       NaN  Infinity       NaN       NaN       NaN       NaN       NaN
      3617       NaN       NaN       NaN       NaN       NaN       NaN       NaN       NaN  Infinity       NaN       NaN       NaN       NaN       NaN
      3618       NaN       NaN       NaN       NaN       NaN       NaN       NaN       NaN  Infinity       NaN       NaN       NaN       NaN       NaN
      3619       NaN       NaN       NaN       NaN       NaN       NaN       NaN       NaN  Infinity       NaN       NaN       NaN       NaN       NaN
      3620       NaN       NaN       NaN       NaN       NaN       NaN       NaN       NaN  Infinity       NaN       NaN       NaN       NaN       NaN
      3621       NaN       NaN       NaN       NaN       NaN       NaN       NaN       NaN  Infinity       NaN       NaN       NaN       NaN       NaN
      3622       NaN       NaN       NaN       NaN       NaN       NaN       NaN       NaN  Infinity       NaN       NaN       NaN       NaN       NaN
      3623       NaN       NaN       NaN       NaN       NaN       NaN       NaN       NaN  Infinity       NaN       NaN       NaN       NaN       NaN
      3624       NaN       NaN       NaN       NaN       NaN       NaN       NaN       NaN  Infinity       NaN       NaN       NaN       NaN       NaN
      3625       NaN       NaN       NaN       NaN       NaN       NaN       NaN       NaN  Infinity       NaN       NaN       NaN       NaN       NaN
      3626       NaN       NaN       NaN       NaN       NaN       NaN       NaN       NaN  Infinity       NaN       NaN       NaN       NaN       NaN
      3627       NaN       NaN       NaN       NaN       NaN       NaN       NaN       NaN  Infinity       NaN       NaN       NaN       NaN       NaN
      3628       NaN       NaN       NaN       NaN       NaN       NaN       NaN       NaN  Infinity       NaN       NaN       NaN       NaN       NaN
      3629       NaN       NaN       NaN       NaN       NaN       NaN       NaN       NaN  Infinity       NaN       NaN       NaN       NaN       NaN
      3630       NaN       NaN       NaN       NaN       NaN       NaN       NaN       NaN  Infinity       NaN       NaN       NaN       NaN       NaN
      3631       NaN       NaN       NaN       NaN       NaN       NaN       NaN       NaN  Infinity       NaN       NaN       NaN       NaN       NaN
      3632       NaN       NaN       NaN       NaN       NaN       NaN       NaN       NaN  Infinity       NaN       NaN       NaN       NaN       NaN
      3633       NaN       NaN       NaN       NaN       NaN       NaN       NaN       NaN  Infinity       NaN       NaN       NaN       NaN       NaN
      3634       NaN       NaN       NaN       NaN       NaN       NaN       NaN       NaN  Infinity       NaN       NaN       NaN       NaN       NaN
      3635       NaN       NaN       NaN       NaN       NaN       NaN       NaN       NaN  Infinity       NaN       NaN       NaN       NaN       NaN
      3636       NaN       NaN       NaN       NaN       NaN       NaN       NaN       NaN  Infinity       NaN       NaN       NaN       NaN       NaN
      3637       NaN       NaN       NaN       NaN       NaN       NaN       NaN       NaN  Infinity       NaN       NaN       NaN       NaN       NaN
      3638       NaN       NaN       NaN       NaN       NaN       NaN       NaN       NaN  Infinity       NaN       NaN       NaN       NaN       NaN
      3639       NaN       NaN       NaN       NaN       NaN       NaN       NaN       NaN  Infinity       NaN       NaN       NaN       NaN       NaN
      3640       NaN       NaN       NaN       NaN       NaN       NaN       NaN       NaN  Infinity       NaN       NaN       NaN       NaN       NaN
      3641       NaN       NaN       NaN       NaN       NaN       NaN       NaN       NaN  Infinity       NaN       NaN       NaN       NaN       NaN
      3642       NaN       NaN       NaN       NaN       NaN       NaN       NaN       NaN  Infinity       NaN       NaN       NaN       NaN       NaN
      3643       NaN       NaN       NaN       NaN       NaN       NaN       NaN       NaN  Infinity       NaN       NaN       NaN       NaN       NaN
      3644       NaN       NaN       NaN       NaN       NaN       NaN       NaN       NaN  Infinity       NaN       NaN       NaN       NaN       NaN
      3645       NaN       NaN       NaN       NaN       NaN       NaN       NaN       NaN  Infinity       NaN       NaN       NaN       NaN       NaN
      3646       NaN       NaN       NaN       NaN       NaN       NaN       NaN       NaN  Infinity       NaN       NaN       NaN       NaN       NaN
      3647       NaN       NaN       NaN       NaN       NaN       NaN       NaN       NaN  Infinity       NaN       NaN       NaN       NaN       NaN
      3648       NaN       NaN       NaN       NaN       NaN       NaN       NaN       NaN  Infinity       NaN       NaN       NaN       NaN       NaN
      3649       NaN       NaN       NaN       NaN       NaN       NaN       NaN       NaN  Infinity       NaN       NaN       NaN       NaN       NaN
      3650       NaN       NaN       NaN       NaN       NaN       NaN       NaN       NaN  Infinity       NaN       NaN       NaN       NaN       NaN
      3651       NaN       NaN       NaN       NaN       NaN       NaN       NaN       NaN  Infinity       NaN       NaN       NaN       NaN       NaN
      3652       NaN       NaN       NaN       NaN       NaN       NaN       NaN       NaN  Infinity       NaN       NaN       NaN       NaN       NaN
      3653       NaN       NaN       NaN       NaN       NaN       NaN       NaN       NaN  Infinity       NaN       NaN       NaN       NaN       NaN
      3654       NaN       NaN       NaN       NaN       NaN       NaN       NaN       NaN  Infinity       NaN       NaN       NaN       NaN       NaN
      3655       NaN       NaN       NaN       NaN       NaN       NaN       NaN       NaN  Infinity       NaN       NaN       NaN       NaN       NaN
      3656       NaN       NaN       NaN       NaN       NaN       NaN       NaN       NaN  Infinity       NaN       NaN       NaN       NaN       NaN
      3657       NaN       NaN       NaN       NaN       NaN       NaN       NaN       NaN  Infinity       NaN       NaN       NaN       NaN       NaN
      3658       NaN       NaN       NaN       NaN       NaN       NaN       NaN       NaN  Infinity       NaN       NaN       NaN       NaN       NaN
      3659       NaN       NaN       NaN       NaN       NaN       NaN       NaN       NaN  Infinity       NaN       NaN       NaN       NaN       NaN
      3660       NaN       NaN       NaN       NaN       NaN       NaN       NaN       NaN  Infinity       NaN       NaN       NaN       NaN       NaN
      3661       NaN       NaN       NaN       NaN       NaN       NaN       NaN       NaN  Infinity       NaN       NaN       NaN       NaN       NaN
      3662       NaN       NaN       NaN       NaN       NaN       NaN       NaN       NaN  Infinity       NaN       NaN       NaN       NaN       NaN
      3663       NaN       NaN       NaN       NaN       NaN       NaN       NaN       NaN  Infinity       NaN       NaN       NaN       NaN       NaN
      3664       NaN       NaN       NaN       NaN       NaN       NaN       NaN       NaN  Infinity       NaN       NaN       NaN       NaN       NaN
      3665       NaN       NaN       NaN       NaN       NaN       NaN       NaN       NaN  Infinity       NaN       NaN       NaN       NaN       NaN
      3666       NaN       NaN       NaN       NaN       NaN       NaN       NaN       NaN  Infinity       NaN       NaN       NaN       NaN       NaN
      3667       NaN       NaN       NaN       NaN       NaN       NaN       NaN       NaN  Infinity       NaN       NaN       NaN       NaN       NaN
      3668       NaN       NaN       NaN       NaN       NaN       NaN       NaN       NaN  Infinity       NaN       NaN       NaN       NaN       NaN
      3669       NaN       NaN       NaN       NaN       NaN       NaN       NaN       NaN  Infinity       NaN       NaN       NaN       NaN       NaN
      3670       NaN       NaN       NaN       NaN       NaN       NaN       NaN       NaN  Infinity       NaN       NaN       NaN       NaN       NaN
      3671       NaN       NaN       NaN       NaN       NaN       NaN       NaN       NaN  Infinity       NaN       NaN       NaN       NaN       NaN
      3672       NaN       NaN       NaN       NaN       NaN       NaN       NaN       NaN  Infinity       NaN       NaN       NaN       NaN       NaN
      3673       NaN       NaN       NaN       NaN       NaN       NaN       NaN       NaN  Infinity       NaN       NaN       NaN       NaN       NaN
      3674       NaN       NaN       NaN       NaN       NaN       NaN       NaN       NaN  Infinity       NaN       NaN       NaN       NaN       NaN
      3675       NaN       NaN       NaN       NaN       NaN       NaN       NaN       NaN  Infinity       NaN       NaN       NaN       NaN       NaN
      3676       NaN       NaN       NaN       NaN       NaN       NaN       NaN       NaN  Infinity       NaN       NaN       NaN       NaN       NaN
      3677       NaN       NaN       NaN       NaN       NaN       NaN       NaN       NaN  Infinity       NaN       NaN       NaN       NaN       NaN
      3678       NaN       NaN       NaN       NaN       NaN       NaN       NaN       NaN  Infinity       NaN       NaN       NaN       NaN       NaN
      3679       NaN       NaN       NaN       NaN       NaN       NaN       NaN       NaN  Infinity       NaN       NaN       NaN       NaN       NaN
      3680       NaN       NaN       NaN       NaN       NaN       NaN       NaN       NaN  Infinity       NaN       NaN       NaN       NaN       NaN
      3681       NaN       NaN       NaN       NaN       NaN       NaN       NaN       NaN  Infinity       NaN       NaN       NaN       NaN       NaN
      3682       NaN       NaN       NaN       NaN       NaN       NaN       NaN       NaN  Infinity       NaN       NaN       NaN       NaN       NaN
      3683       NaN       NaN       NaN       NaN       NaN       NaN       NaN       NaN  Infinity       NaN       NaN       NaN       NaN       NaN
      3684       NaN       NaN       NaN       NaN       NaN       NaN       NaN       NaN  Infinity       NaN       NaN       NaN       NaN       NaN
      3685       NaN       NaN       NaN       NaN       NaN       NaN       NaN       NaN  Infinity       NaN       NaN       NaN       NaN       NaN
      3686       NaN       NaN       NaN       NaN       NaN       NaN       NaN       NaN  Infinity       NaN       NaN       NaN       NaN       NaN
      3687       NaN       NaN       NaN       NaN       NaN       NaN       NaN       NaN  Infinity       NaN       NaN       NaN       NaN       NaN
      3688       NaN       NaN       NaN       NaN       NaN       NaN       NaN       NaN  Infinity       NaN       NaN       NaN       NaN       NaN
      3689       NaN       NaN       NaN       NaN       NaN       NaN       NaN       NaN  Infinity       NaN       NaN       NaN       NaN       NaN
      3690       NaN       NaN       NaN       NaN       NaN       NaN       NaN       NaN  Infinity       NaN       NaN       NaN       NaN       NaN
      3691       NaN       NaN       NaN       NaN       NaN       NaN       NaN       NaN  Infinity       NaN       NaN       NaN       NaN       NaN
      3692       NaN       NaN       NaN       NaN       NaN       NaN       NaN       NaN  Infinity       NaN       NaN       NaN       NaN       NaN
      3693       NaN       NaN       NaN       NaN       NaN       NaN       NaN       NaN  Infinity       NaN       NaN       NaN       NaN       NaN
      3694       NaN       NaN       NaN       NaN       NaN       NaN       NaN       NaN  Infinity       NaN       NaN       NaN       NaN       NaN
      3695       NaN       NaN       NaN       NaN       NaN       NaN       NaN       NaN  Infinity       NaN       NaN       NaN       NaN       NaN
      3696       NaN       NaN       NaN       NaN       NaN       NaN       NaN       NaN  Infinity       NaN       NaN       NaN       NaN       NaN
      3697       NaN       NaN       NaN       NaN       NaN       NaN       NaN       NaN  Infinity       NaN       NaN       NaN       NaN       NaN
      3698       NaN       NaN       NaN       NaN       NaN       NaN       NaN       NaN  Infinity       NaN       NaN       NaN       NaN       NaN
      3699       NaN       NaN       NaN       NaN       NaN       NaN       NaN       NaN  Infinity       NaN       NaN       NaN       NaN       NaN
      3700       NaN       NaN       NaN       NaN       NaN       NaN       NaN       NaN  Infinity       NaN       NaN       NaN       NaN       NaN
      3701       NaN       NaN       NaN       NaN       NaN       NaN       NaN       NaN  Infinity       NaN       NaN       NaN       NaN       NaN
      3702       NaN       NaN       NaN       NaN       NaN       NaN       NaN       NaN  Infinity       NaN       NaN       NaN       NaN       NaN
      3703       NaN       NaN       NaN       NaN       NaN       NaN       NaN       NaN  Infinity       NaN       NaN       NaN       NaN       NaN
      3704       NaN       NaN       NaN       NaN       NaN       NaN       NaN       NaN  Infinity       NaN       NaN       NaN       NaN       NaN
      3705       NaN       NaN       NaN       NaN       NaN       NaN       NaN       NaN  Infinity       NaN       NaN       NaN       NaN       NaN
      3706       NaN       NaN       NaN       NaN       NaN       NaN       NaN       NaN  Infinity       NaN       NaN       NaN       NaN       NaN
      3707       NaN       NaN       NaN       NaN       NaN       NaN       NaN       NaN  Infinity       NaN       NaN       NaN       NaN       NaN
      3708       NaN       NaN       NaN       NaN       NaN       NaN       NaN       NaN  Infinity       NaN       NaN       NaN       NaN       NaN
      3709       NaN       NaN       NaN       NaN       NaN       NaN       NaN       NaN  Infinity       NaN       NaN       NaN       NaN       NaN
      3710       NaN       NaN       NaN       NaN       NaN       NaN       NaN       NaN  Infinity       NaN       NaN       NaN       NaN       NaN
      3711       NaN       NaN       NaN       NaN       NaN       NaN       NaN       NaN  Infinity       NaN       NaN       NaN       NaN       NaN
      3712       NaN       NaN       NaN       NaN       NaN       NaN       NaN       NaN  Infinity       NaN       NaN       NaN       NaN       NaN
      3713       NaN       NaN       NaN       NaN       NaN       NaN       NaN       NaN  Infinity       NaN       NaN       NaN       NaN       NaN
      3714       NaN       NaN       NaN       NaN       NaN       NaN       NaN       NaN  Infinity       NaN       NaN       NaN       NaN       NaN
      3715       NaN       NaN       NaN       NaN       NaN       NaN       NaN       NaN  Infinity       NaN       NaN       NaN       NaN       NaN
      3716       NaN       NaN       NaN       NaN       NaN       NaN       NaN       NaN  Infinity       NaN       NaN       NaN       NaN       NaN
      3717       NaN       NaN       NaN       NaN       NaN       NaN       NaN       NaN  Infinity       NaN       NaN       NaN       NaN       NaN
      3718       NaN       NaN       NaN       NaN       NaN       NaN       NaN       NaN  Infinity       NaN       NaN       NaN       NaN       NaN
      3719       NaN       NaN       NaN       NaN       NaN       NaN       NaN       NaN  Infinity       NaN       NaN       NaN       NaN       NaN
      3720       NaN       NaN       NaN       NaN       NaN       NaN       NaN       NaN  Infinity       NaN       NaN       NaN       NaN       NaN
      3721       NaN       NaN       NaN       NaN       NaN       NaN       NaN       NaN  Infinity       NaN       NaN       NaN       NaN       NaN
      3722       NaN       NaN       NaN       NaN       NaN       NaN       NaN       NaN  Infinity       NaN       NaN       NaN       NaN       NaN
      3723       NaN       NaN       NaN       NaN       NaN       NaN       NaN       NaN  Infinity       NaN       NaN       NaN       NaN       NaN
      3724       NaN       NaN       NaN       NaN       NaN       NaN       NaN       NaN  Infinity       NaN       NaN       NaN       NaN       NaN
      3725       NaN       NaN       NaN       NaN       NaN       NaN       NaN       NaN  Infinity       NaN       NaN       NaN       NaN       NaN
      3726       NaN       NaN       NaN       NaN       NaN       NaN       NaN       NaN  Infinity       NaN       NaN       NaN       NaN       NaN
      3727       NaN       NaN       NaN       NaN       NaN       NaN       NaN       NaN  Infinity       NaN       NaN       NaN       NaN       NaN
      3728       NaN       NaN       NaN       NaN       NaN       NaN       NaN       NaN  Infinity       NaN       NaN       NaN       NaN       NaN
      3729       NaN       NaN       NaN       NaN       NaN       NaN       NaN       NaN  Infinity       NaN       NaN       NaN       NaN       NaN
      3730       NaN       NaN       NaN       NaN       NaN       NaN       NaN       NaN  Infinity       NaN       NaN       NaN       NaN       NaN
      3731       NaN       NaN       NaN       NaN       NaN       NaN       NaN       NaN  Infinity       NaN       NaN       NaN       NaN       NaN
      3732       NaN       NaN       NaN       NaN       NaN       NaN       NaN       NaN  Infinity       NaN       NaN       NaN       NaN       NaN
      3733       NaN       NaN       NaN       NaN       NaN       NaN       NaN       NaN  Infinity       NaN       NaN       NaN       NaN       NaN
      3734       NaN       NaN       NaN       NaN       NaN       NaN       NaN       NaN  Infinity       NaN       NaN       NaN       NaN       NaN
      3735       NaN       NaN       NaN       NaN       NaN       NaN       NaN       NaN  Infinity       NaN       NaN       NaN       NaN       NaN
      3736       NaN       NaN       NaN       NaN       NaN       NaN       NaN       NaN  Infinity       NaN       NaN       NaN       NaN       NaN
      3737       NaN       NaN       NaN       NaN       NaN       NaN       NaN       NaN  Infinity       NaN       NaN       NaN       NaN       NaN
      3738       NaN       NaN       NaN       NaN       NaN       NaN       NaN       NaN  Infinity       NaN       NaN       NaN       NaN       NaN
      3739       NaN       NaN       NaN       NaN       NaN       NaN       NaN       NaN  Infinity       NaN       NaN       NaN       NaN       NaN
      3740       NaN       NaN       NaN       NaN       NaN       NaN       NaN       NaN  Infinity       NaN       NaN       NaN       NaN       NaN
      3741       NaN       NaN       NaN       NaN       NaN       NaN       NaN       NaN  Infinity       NaN       NaN       NaN       NaN       NaN
      3742       NaN       NaN       NaN       NaN       NaN       NaN       NaN       NaN  Infinity       NaN       NaN       NaN       NaN       NaN
      3743       NaN       NaN       NaN       NaN       NaN       NaN       NaN       NaN  Infinity       NaN       NaN       NaN       NaN       NaN
      3744       NaN       NaN       NaN       NaN       NaN       NaN       NaN       NaN  Infinity       NaN       NaN       NaN       NaN       NaN
      3745       NaN       NaN       NaN       NaN       NaN       NaN       NaN       NaN  Infinity       NaN       NaN       NaN       NaN       NaN
      3746       NaN       NaN       NaN       NaN       NaN       NaN       NaN       NaN  Infinity       NaN       NaN       NaN       NaN       NaN
      3747       NaN       NaN       NaN       NaN       NaN       NaN       NaN       NaN  Infinity       NaN       NaN       NaN       NaN       NaN
      3748       NaN       NaN       NaN       NaN       NaN       NaN       NaN       NaN  Infinity       NaN       NaN       NaN       NaN       NaN
      3749       NaN       NaN       NaN       NaN       NaN       NaN       NaN       NaN  Infinity       NaN       NaN       NaN       NaN       NaN
      3750       NaN       NaN       NaN       NaN       NaN       NaN       NaN       NaN  Infinity       NaN       NaN       NaN       NaN       NaN
      3751       NaN       NaN       NaN       NaN       NaN       NaN       NaN       NaN  Infinity       NaN       NaN       NaN       NaN       NaN
      3752       NaN       NaN       NaN       NaN       NaN       NaN       NaN       NaN  Infinity       NaN       NaN       NaN       NaN       NaN
      3753       NaN       NaN       NaN       NaN       NaN       NaN       NaN       NaN  Infinity       NaN       NaN       NaN       NaN       NaN
      3754       NaN       NaN       NaN       NaN       NaN       NaN       NaN       NaN  Infinity       NaN       NaN       NaN       NaN       NaN
      3755       NaN       NaN       NaN       NaN       NaN       NaN       NaN       NaN  Infinity       NaN       NaN       NaN       NaN       NaN
      3756       NaN       NaN       NaN       NaN       NaN       NaN       NaN       NaN  Infinity       NaN       NaN       NaN       NaN       NaN
      3757       NaN       NaN       NaN       NaN       NaN       NaN       NaN       NaN  Infinity       NaN       NaN       NaN       NaN       NaN
      3758       NaN       NaN       NaN       NaN       NaN       NaN       NaN       NaN  Infinity       NaN       NaN       NaN       NaN       NaN
      3759       NaN       NaN       NaN       NaN       NaN       NaN       NaN       NaN  Infinity       NaN       NaN       NaN       NaN       NaN
      3760       NaN       NaN       NaN       NaN       NaN       NaN       NaN       NaN  Infinity       NaN       NaN       NaN       NaN       NaN
      3761       NaN       NaN       NaN       NaN       NaN       NaN       NaN       NaN  Infinity       NaN       NaN       NaN       NaN       NaN
      3762       NaN       NaN       NaN       NaN       NaN       NaN       NaN       NaN  Infinity       NaN       NaN       NaN       NaN       NaN
      3763       NaN       NaN       NaN       NaN       NaN       NaN       NaN       NaN  Infinity       NaN       NaN       NaN       NaN       NaN
      3764       NaN       NaN       NaN       NaN       NaN       NaN       NaN       NaN  Infinity       NaN       NaN       NaN       NaN       NaN
      3765       NaN       NaN       NaN       NaN       NaN       NaN       NaN       NaN  Infinity       NaN       NaN       NaN       NaN       NaN
      3766       NaN       NaN       NaN       NaN       NaN       NaN       NaN       NaN  Infinity       NaN       NaN       NaN       NaN       NaN
      3767       NaN       NaN       NaN       NaN       NaN       NaN       NaN       NaN  Infinity       NaN       NaN       NaN       NaN       NaN
      3768       NaN       NaN       NaN       NaN       NaN       NaN       NaN       NaN  Infinity       NaN       NaN       NaN       NaN       NaN
      3769       NaN       NaN       NaN       NaN       NaN       NaN       NaN       NaN  Infinity       NaN       NaN       NaN       NaN       NaN
      3770       NaN       NaN       NaN       NaN       NaN       NaN       NaN       NaN  Infinity       NaN       NaN       NaN       NaN       NaN
      3771       NaN       NaN       NaN       NaN       NaN       NaN       NaN       NaN  Infinity       NaN       NaN       NaN       NaN       NaN
      3772       NaN       NaN       NaN       NaN       NaN       NaN       NaN       NaN  Infinity       NaN       NaN       NaN       NaN       NaN
      3773       NaN       NaN       NaN       NaN       NaN       NaN       NaN       NaN  Infinity       NaN       NaN       NaN       NaN       NaN
      3774       NaN       NaN       NaN       NaN       NaN       NaN       NaN       NaN  Infinity       NaN       NaN       NaN       NaN       NaN
      3775       NaN       NaN       NaN       NaN       NaN       NaN       NaN       NaN  Infinity       NaN       NaN       NaN       NaN       NaN
      3776       NaN       NaN       NaN       NaN       NaN       NaN       NaN       NaN  Infinity       NaN       NaN       NaN       NaN       NaN
      3777       NaN       NaN       NaN       NaN       NaN       NaN       NaN       NaN  Infinity       NaN       NaN       NaN       NaN       NaN
      3778       NaN       NaN       NaN       NaN       NaN       NaN       NaN       NaN  Infinity       NaN       NaN       NaN       NaN       NaN
      3779       NaN       NaN       NaN       NaN       NaN       NaN       NaN       NaN  Infinity       NaN       NaN       NaN       NaN       NaN
      3780       NaN       NaN       NaN       NaN       NaN       NaN       NaN       NaN  Infinity       NaN       NaN       NaN       NaN       NaN
      3781       NaN       NaN       NaN       NaN       NaN       NaN       NaN       NaN  Infinity       NaN       NaN       NaN       NaN       NaN
      3782       NaN       NaN       NaN       NaN       NaN       NaN       NaN       NaN  Infinity       NaN       NaN       NaN       NaN       NaN
      3783       NaN       NaN       NaN       NaN       NaN       NaN       NaN       NaN  Infinity       NaN       NaN       NaN       NaN       NaN
      3784       NaN       NaN       NaN       NaN       NaN       NaN       NaN       NaN  Infinity       NaN       NaN       NaN       NaN       NaN
      3785       NaN       NaN       NaN       NaN       NaN       NaN       NaN       NaN  Infinity       NaN       NaN       NaN       NaN       NaN
      3786       NaN       NaN       NaN       NaN       NaN       NaN       NaN       NaN  Infinity       NaN       NaN       NaN       NaN       NaN
      3787       NaN       NaN       NaN       NaN       NaN       NaN       NaN       NaN  Infinity       NaN       NaN       NaN       NaN       NaN
      3788       NaN       NaN       NaN       NaN       NaN       NaN       NaN       NaN  Infinity       NaN       NaN       NaN       NaN       NaN
      3789       NaN       NaN       NaN       NaN       NaN       NaN       NaN       NaN  Infinity       NaN       NaN       NaN       NaN       NaN
      3790       NaN       NaN       NaN       NaN       NaN       NaN       NaN       NaN  Infinity       NaN       NaN       NaN       NaN       NaN
      3791       NaN       NaN       NaN       NaN       NaN       NaN       NaN       NaN  Infinity       NaN       NaN       NaN       NaN       NaN
      3792       NaN       NaN       NaN       NaN       NaN       NaN       NaN       NaN  Infinity       NaN       NaN       NaN       NaN       NaN
      3793       NaN       NaN       NaN       NaN       NaN       NaN       NaN       NaN  Infinity       NaN       NaN       NaN       NaN       NaN
      3794       NaN       NaN       NaN       NaN       NaN       NaN       NaN       NaN  Infinity       NaN       NaN       NaN       NaN       NaN
      3795       NaN       NaN       NaN       NaN       NaN       NaN       NaN       NaN  Infinity       NaN       NaN       NaN       NaN       NaN
      3796       NaN       NaN       NaN       NaN       NaN       NaN       NaN       NaN  Infinity       NaN       NaN       NaN       NaN       NaN
      3797       NaN       NaN       NaN       NaN       NaN       NaN       NaN       NaN  Infinity       NaN       NaN       NaN       NaN       NaN
      3798       NaN       NaN       NaN       NaN       NaN       NaN       NaN       NaN  Infinity       NaN       NaN       NaN       NaN       NaN
      3799       NaN       NaN       NaN       NaN       NaN       NaN       NaN       NaN  Infinity       NaN       NaN       NaN       NaN       NaN
      3800       NaN       NaN       NaN       NaN       NaN       NaN       NaN       NaN  Infinity       NaN       NaN       NaN       NaN       NaN
      3801       NaN       NaN       NaN       NaN       NaN       NaN       NaN       NaN  Infinity       NaN       NaN       NaN       NaN       NaN
      3802       NaN       NaN       NaN       NaN       NaN       NaN       NaN       NaN  Infinity       NaN       NaN       NaN       NaN       NaN
      3803       NaN       NaN       NaN       NaN       NaN       NaN       NaN       NaN  Infinity       NaN       NaN       NaN       NaN       NaN
      3804       NaN       NaN       NaN       NaN       NaN       NaN       NaN       NaN  Infinity       NaN       NaN       NaN       NaN       NaN
      3805       NaN       NaN       NaN       NaN       NaN       NaN       NaN       NaN  Infinity       NaN       NaN       NaN       NaN       NaN
      3806       NaN       NaN       NaN       NaN       NaN       NaN       NaN       NaN  Infinity       NaN       NaN       NaN       NaN       NaN
      3807       NaN       NaN       NaN       NaN       NaN       NaN       NaN       NaN  Infinity       NaN       NaN       NaN       NaN       NaN
      3808       NaN       NaN       NaN       NaN       NaN       NaN       NaN       NaN  Infinity       NaN       NaN       NaN       NaN       NaN
      3809       NaN       NaN       NaN       NaN       NaN       NaN       NaN       NaN  Infinity       NaN       NaN       NaN       NaN       NaN
      3810       NaN       NaN       NaN       NaN       NaN       NaN       NaN       NaN  Infinity       NaN       NaN       NaN       NaN       NaN
      3811       NaN       NaN       NaN       NaN       NaN       NaN       NaN       NaN  Infinity       NaN       NaN       NaN       NaN       NaN
      3812       NaN       NaN       NaN       NaN       NaN       NaN       NaN       NaN  Infinity       NaN       NaN       NaN       NaN       NaN
      3813       NaN       NaN       NaN       NaN       NaN       NaN       NaN       NaN  Infinity       NaN       NaN       NaN       NaN       NaN
      3814       NaN       NaN       NaN       NaN       NaN       NaN       NaN       NaN  Infinity       NaN       NaN       NaN       NaN       NaN
      3815       NaN       NaN       NaN       NaN       NaN       NaN       NaN       NaN  Infinity       NaN       NaN       NaN       NaN       NaN
      3816       NaN       NaN       NaN       NaN       NaN       NaN       NaN       NaN  Infinity       NaN       NaN       NaN       NaN       NaN
      3817       NaN       NaN       NaN       NaN       NaN       NaN       NaN       NaN  Infinity       NaN       NaN       NaN       NaN       NaN
      3818       NaN       NaN       NaN       NaN       NaN       NaN       NaN       NaN  Infinity       NaN       NaN       NaN       NaN       NaN
      3819       NaN       NaN       NaN       NaN       NaN       NaN       NaN       NaN  Infinity       NaN       NaN       NaN       NaN       NaN
      3820       NaN       NaN       NaN       NaN       NaN       NaN       NaN       NaN  Infinity       NaN       NaN       NaN       NaN       NaN
      3821       NaN       NaN       NaN       NaN       NaN       NaN       NaN       NaN  Infinity       NaN       NaN       NaN       NaN       NaN
      3822       NaN       NaN       NaN       NaN       NaN       NaN       NaN       NaN  Infinity       NaN       NaN       NaN       NaN       NaN
      3823       NaN       NaN       NaN       NaN       NaN       NaN       NaN       NaN  Infinity       NaN       NaN       NaN       NaN       NaN
      3824       NaN       NaN       NaN       NaN       NaN       NaN       NaN       NaN  Infinity       NaN       NaN       NaN       NaN       NaN
      3825       NaN       NaN       NaN       NaN       NaN       NaN       NaN       NaN  Infinity       NaN       NaN       NaN       NaN       NaN
      3826       NaN       NaN       NaN       NaN       NaN       NaN       NaN       NaN  Infinity       NaN       NaN       NaN       NaN       NaN
      3827       NaN       NaN       NaN       NaN       NaN       NaN       NaN       NaN  Infinity       NaN       NaN       NaN       NaN       NaN
      3828       NaN       NaN       NaN       NaN       NaN       NaN       NaN       NaN  Infinity       NaN       NaN       NaN       NaN       NaN
      3829       NaN       NaN       NaN       NaN       NaN       NaN       NaN       NaN  Infinity       NaN       NaN       NaN       NaN       NaN
      3830       NaN       NaN       NaN       NaN       NaN       NaN       NaN       NaN  Infinity       NaN       NaN       NaN       NaN       NaN
      3831       NaN       NaN       NaN       NaN       NaN       NaN       NaN       NaN  Infinity       NaN       NaN       NaN       NaN       NaN
      3832       NaN       NaN       NaN       NaN       NaN       NaN       NaN       NaN  Infinity       NaN       NaN       NaN       NaN       NaN
      3833       NaN       NaN       NaN       NaN       NaN       NaN       NaN       NaN  Infinity       NaN       NaN       NaN       NaN       NaN
      3834       NaN       NaN       NaN       NaN       NaN       NaN       NaN       NaN  Infinity       NaN       NaN       NaN       NaN       NaN
      3835       NaN       NaN       NaN       NaN       NaN       NaN       NaN       NaN  Infinity       NaN       NaN       NaN       NaN       NaN
      3836       NaN       NaN       NaN       NaN       NaN       NaN       NaN       NaN  Infinity       NaN       NaN       NaN       NaN       NaN
      3837       NaN       NaN       NaN       NaN       NaN       NaN       NaN       NaN  Infinity       NaN       NaN       NaN       NaN       NaN
      3838       NaN       NaN       NaN       NaN       NaN       NaN       NaN       NaN  Infinity       NaN       NaN       NaN       NaN       NaN
      3839       NaN       NaN       NaN       NaN       NaN       NaN       NaN       NaN  Infinity       NaN       NaN       NaN       NaN       NaN
      3840       NaN       NaN       NaN       NaN       NaN       NaN       NaN       NaN  Infinity       NaN       NaN       NaN       NaN       NaN
      3841       NaN       NaN       NaN       NaN       NaN       NaN       NaN       NaN  Infinity       NaN       NaN       NaN       NaN       NaN
      3842       NaN       NaN       NaN       NaN       NaN       NaN       NaN       NaN  Infinity       NaN       NaN       NaN       NaN       NaN
      3843       NaN       NaN       NaN       NaN       NaN       NaN       NaN       NaN  Infinity       NaN       NaN       NaN       NaN       NaN
      3844       NaN       NaN       NaN       NaN       NaN       NaN       NaN       NaN  Infinity       NaN       NaN       NaN       NaN       NaN
      3845       NaN       NaN       NaN       NaN       NaN       NaN       NaN       NaN  Infinity       NaN       NaN       NaN       NaN       NaN
      3846       NaN       NaN       NaN       NaN       NaN       NaN       NaN       NaN  Infinity       NaN       NaN       NaN       NaN       NaN
      3847       NaN       NaN       NaN       NaN       NaN       NaN       NaN       NaN  Infinity       NaN       NaN       NaN       NaN       NaN
      3848       NaN       NaN       NaN       NaN       NaN       NaN       NaN       NaN  Infinity       NaN       NaN       NaN       NaN       NaN
      3849       NaN       NaN       NaN       NaN       NaN       NaN       NaN       NaN  Infinity       NaN       NaN       NaN       NaN       NaN
      3850       NaN       NaN       NaN       NaN       NaN       NaN       NaN       NaN  Infinity       NaN       NaN       NaN       NaN       NaN
      3851       NaN       NaN       NaN       NaN       NaN       NaN       NaN       NaN  Infinity       NaN       NaN       NaN       NaN       NaN
      3852       NaN       NaN       NaN       NaN       NaN       NaN       NaN       NaN  Infinity       NaN       NaN       NaN       NaN       NaN
      3853       NaN       NaN       NaN       NaN       NaN       NaN       NaN       NaN  Infinity       NaN       NaN       NaN       NaN       NaN
      3854       NaN       NaN       NaN       NaN       NaN       NaN       NaN       NaN  Infinity       NaN       NaN       NaN       NaN       NaN
      3855       NaN       NaN       NaN       NaN       NaN       NaN       NaN       NaN  Infinity       NaN       NaN       NaN       NaN       NaN
      3856       NaN       NaN       NaN       NaN       NaN       NaN       NaN       NaN  Infinity       NaN       NaN       NaN       NaN       NaN
      3857       NaN       NaN       NaN       NaN       NaN       NaN       NaN       NaN  Infinity       NaN       NaN       NaN       NaN       NaN
      3858       NaN       NaN       NaN       NaN       NaN       NaN       NaN       NaN  Infinity       NaN       NaN       NaN       NaN       NaN
      3859       NaN       NaN       NaN       NaN       NaN       NaN       NaN       NaN  Infinity       NaN       NaN       NaN       NaN       NaN
      3860       NaN       NaN       NaN       NaN       NaN       NaN       NaN       NaN  Infinity       NaN       NaN       NaN       NaN       NaN
      3861       NaN       NaN       NaN       NaN       NaN       NaN       NaN       NaN  Infinity       NaN       NaN       NaN       NaN       NaN
      3862       NaN       NaN       NaN       NaN       NaN       NaN       NaN       NaN  Infinity       NaN       NaN       NaN       NaN       NaN
      3863       NaN       NaN       NaN       NaN       NaN       NaN       NaN       NaN  Infinity       NaN       NaN       NaN       NaN       NaN
      3864       NaN       NaN       NaN       NaN       NaN       NaN       NaN       NaN  Infinity       NaN       NaN       NaN       NaN       NaN
      3865       NaN       NaN       NaN       NaN       NaN       NaN       NaN       NaN  Infinity       NaN       NaN       NaN       NaN       NaN
      3866       NaN       NaN       NaN       NaN       NaN       NaN       NaN       NaN  Infinity       NaN       NaN       NaN       NaN       NaN
      3867       NaN       NaN       NaN       NaN       NaN       NaN       NaN       NaN  Infinity       NaN       NaN       NaN       NaN       NaN
      3868       NaN       NaN       NaN       NaN       NaN       NaN       NaN       NaN  Infinity       NaN       NaN       NaN       NaN       NaN
      3869       NaN       NaN       NaN       NaN       NaN       NaN       NaN       NaN  Infinity       NaN       NaN       NaN       NaN       NaN
      3870       NaN       NaN       NaN       NaN       NaN       NaN       NaN       NaN  Infinity       NaN       NaN       NaN       NaN       NaN
      3871       NaN       NaN       NaN       NaN       NaN       NaN       NaN       NaN  Infinity       NaN       NaN       NaN       NaN       NaN
      3872       NaN       NaN       NaN       NaN       NaN       NaN       NaN       NaN  Infinity       NaN       NaN       NaN       NaN       NaN
      3873       NaN       NaN       NaN       NaN       NaN       NaN       NaN       NaN  Infinity       NaN       NaN       NaN       NaN       NaN
      3874       NaN       NaN       NaN       NaN       NaN       NaN       NaN       NaN  Infinity       NaN       NaN       NaN       NaN       NaN
      3875       NaN       NaN       NaN       NaN       NaN       NaN       NaN       NaN  Infinity       NaN       NaN       NaN       NaN       NaN
      3876       NaN       NaN       NaN       NaN       NaN       NaN       NaN       NaN  Infinity       NaN       NaN       NaN       NaN       NaN
      3877       NaN       NaN       NaN       NaN       NaN       NaN       NaN       NaN  Infinity       NaN       NaN       NaN       NaN       NaN
      3878       NaN       NaN       NaN       NaN       NaN       NaN       NaN       NaN  Infinity       NaN       NaN       NaN       NaN       NaN
      3879       NaN       NaN       NaN       NaN       NaN       NaN       NaN       NaN  Infinity       NaN       NaN       NaN       NaN       NaN
      3880       NaN       NaN       NaN       NaN       NaN       NaN       NaN       NaN  Infinity       NaN       NaN       NaN       NaN       NaN
      3881       NaN       NaN       NaN       NaN       NaN       NaN       NaN       NaN  Infinity       NaN       NaN       NaN       NaN       NaN
      3882       NaN       NaN       NaN       NaN       NaN       NaN       NaN       NaN  Infinity       NaN       NaN       NaN       NaN       NaN
      3883       NaN       NaN       NaN       NaN       NaN       NaN       NaN       NaN  Infinity       NaN       NaN       NaN       NaN       NaN
      3884       NaN       NaN       NaN       NaN       NaN       NaN       NaN       NaN  Infinity       NaN       NaN       NaN       NaN       NaN
      3885       NaN       NaN       NaN       NaN       NaN       NaN       NaN       NaN  Infinity       NaN       NaN       NaN       NaN       NaN
      3886       NaN       NaN       NaN       NaN       NaN       NaN       NaN       NaN  Infinity       NaN       NaN       NaN       NaN       NaN
      3887       NaN       NaN       NaN       NaN       NaN       NaN       NaN       NaN  Infinity       NaN       NaN       NaN       NaN       NaN
      3888       NaN       NaN       NaN       NaN       NaN       NaN       NaN       NaN  Infinity       NaN       NaN       NaN       NaN       NaN
      3889       NaN       NaN       NaN       NaN       NaN       NaN       NaN       NaN  Infinity       NaN       NaN       NaN       NaN       NaN
      3890       NaN       NaN       NaN       NaN       NaN       NaN       NaN       NaN  Infinity       NaN       NaN       NaN       NaN       NaN
      3891       NaN       NaN       NaN       NaN       NaN       NaN       NaN       NaN  Infinity       NaN       NaN       NaN       NaN       NaN
      3892       NaN       NaN       NaN       NaN       NaN       NaN       NaN       NaN  Infinity       NaN       NaN       NaN       NaN       NaN
      3893       NaN       NaN       NaN       NaN       NaN       NaN       NaN       NaN  Infinity       NaN       NaN       NaN       NaN       NaN
      3894       NaN       NaN       NaN       NaN       NaN       NaN       NaN       NaN  Infinity       NaN       NaN       NaN       NaN       NaN
      3895       NaN       NaN       NaN       NaN       NaN       NaN       NaN       NaN  Infinity       NaN       NaN       NaN       NaN       NaN
      3896       NaN       NaN       NaN       NaN       NaN       NaN       NaN       NaN  Infinity       NaN       NaN       NaN       NaN       NaN
      3897       NaN       NaN       NaN       NaN       NaN       NaN       NaN       NaN  Infinity       NaN       NaN       NaN       NaN       NaN
      3898       NaN       NaN       NaN       NaN       NaN       NaN       NaN       NaN  Infinity       NaN       NaN       NaN       NaN       NaN
      3899       NaN       NaN       NaN       NaN       NaN       NaN       NaN       NaN  Infinity       NaN       NaN       NaN       NaN       NaN
      3900       NaN       NaN       NaN       NaN       NaN       NaN       NaN       NaN  Infinity       NaN       NaN       NaN       NaN       NaN
      3901       NaN       NaN       NaN       NaN       NaN       NaN       NaN       NaN  Infinity       NaN       NaN       NaN       NaN       NaN
      3902       NaN       NaN       NaN       NaN       NaN       NaN       NaN       NaN  Infinity       NaN       NaN       NaN       NaN       NaN
      3903       NaN       NaN       NaN       NaN       NaN       NaN       NaN       NaN  Infinity       NaN       NaN       NaN       NaN       NaN
      3904       NaN       NaN       NaN       NaN       NaN       NaN       NaN       NaN  Infinity       NaN       NaN       NaN       NaN       NaN
      3905       NaN       NaN       NaN       NaN       NaN       NaN       NaN       NaN  Infinity       NaN       NaN       NaN       NaN       NaN
      3906       NaN       NaN       NaN       NaN       NaN       NaN       NaN       NaN  Infinity       NaN       NaN       NaN       NaN       NaN
      3907       NaN       NaN       NaN       NaN       NaN       NaN       NaN       NaN  Infinity       NaN       NaN       NaN       NaN       NaN
      3908       NaN       NaN       NaN       NaN       NaN       NaN       NaN       NaN  Infinity       NaN       NaN       NaN       NaN       NaN
      3909       NaN       NaN       NaN       NaN       NaN       NaN       NaN       NaN  Infinity       NaN       NaN       NaN       NaN       NaN
      3910       NaN       NaN       NaN       NaN       NaN       NaN       NaN       NaN  Infinity       NaN       NaN       NaN       NaN       NaN
      3911       NaN       NaN       NaN       NaN       NaN       NaN       NaN       NaN  Infinity       NaN       NaN       NaN       NaN       NaN
      3912       NaN       NaN       NaN       NaN       NaN       NaN       NaN       NaN  Infinity       NaN       NaN       NaN       NaN       NaN
      3913       NaN       NaN       NaN       NaN       NaN       NaN       NaN       NaN  Infinity       NaN       NaN       NaN       NaN       NaN
      3914       NaN       NaN       NaN       NaN       NaN       NaN       NaN       NaN  Infinity       NaN       NaN       NaN       NaN       NaN
      3915       NaN       NaN       NaN       NaN       NaN       NaN       NaN       NaN  Infinity       NaN       NaN       NaN       NaN       NaN
      3916       NaN       NaN       NaN       NaN       NaN       NaN       NaN       NaN  Infinity       NaN       NaN       NaN       NaN       NaN
      3917       NaN       NaN       NaN       NaN       NaN       NaN       NaN       NaN  Infinity       NaN       NaN       NaN       NaN       NaN
      3918       NaN       NaN       NaN       NaN       NaN       NaN       NaN       NaN  Infinity       NaN       NaN       NaN       NaN       NaN
      3919       NaN       NaN       NaN       NaN       NaN       NaN       NaN       NaN  Infinity       NaN       NaN       NaN       NaN       NaN
      3920       NaN       NaN       NaN       NaN       NaN       NaN       NaN       NaN  Infinity       NaN       NaN       NaN       NaN       NaN
      3921       NaN       NaN       NaN       NaN       NaN       NaN       NaN       NaN  Infinity       NaN       NaN       NaN       NaN       NaN
      3922       NaN       NaN       NaN       NaN       NaN       NaN       NaN       NaN  Infinity       NaN       NaN       NaN       NaN       NaN
      3923       NaN       NaN       NaN       NaN       NaN       NaN       NaN       NaN  Infinity       NaN       NaN       NaN       NaN       NaN
      3924       NaN       NaN       NaN       NaN       NaN       NaN       NaN       NaN  Infinity       NaN       NaN       NaN       NaN       NaN
      3925       NaN       NaN       NaN       NaN       NaN       NaN       NaN       NaN  Infinity       NaN       NaN       NaN       NaN       NaN
      3926       NaN       NaN       NaN       NaN       NaN       NaN       NaN       NaN  Infinity       NaN       NaN       NaN       NaN       NaN
      3927       NaN       NaN       NaN       NaN       NaN       NaN       NaN       NaN  Infinity       NaN       NaN       NaN       NaN       NaN
      3928       NaN       NaN       NaN       NaN       NaN       NaN       NaN       NaN  Infinity       NaN       NaN       NaN       NaN       NaN
      3929       NaN       NaN       NaN       NaN       NaN       NaN       NaN       NaN  Infinity       NaN       NaN       NaN       NaN       NaN
      3930       NaN       NaN       NaN       NaN       NaN       NaN       NaN       NaN  Infinity       NaN       NaN       NaN       NaN       NaN
      3931       NaN       NaN       NaN       NaN       NaN       NaN       NaN       NaN  Infinity       NaN       NaN       NaN       NaN       NaN
      3932       NaN       NaN       NaN       NaN       NaN       NaN       NaN       NaN  Infinity       NaN       NaN       NaN       NaN       NaN
      3933       NaN       NaN       NaN       NaN       NaN       NaN       NaN       NaN  Infinity       NaN       NaN       NaN       NaN       NaN
      3934       NaN       NaN       NaN       NaN       NaN       NaN       NaN       NaN  Infinity       NaN       NaN       NaN       NaN       NaN
      3935       NaN       NaN       NaN       NaN       NaN       NaN       NaN       NaN  Infinity       NaN       NaN       NaN       NaN       NaN
      3936       NaN       NaN       NaN       NaN       NaN       NaN       NaN       NaN  Infinity       NaN       NaN       NaN       NaN       NaN
      3937       NaN       NaN       NaN       NaN       NaN       NaN       NaN       NaN  Infinity       NaN       NaN       NaN       NaN       NaN
      3938       NaN       NaN       NaN       NaN       NaN       NaN       NaN       NaN  Infinity       NaN       NaN       NaN       NaN       NaN
      3939       NaN       NaN       NaN       NaN       NaN       NaN       NaN       NaN  Infinity       NaN       NaN       NaN       NaN       NaN
      3940       NaN       NaN       NaN       NaN       NaN       NaN       NaN       NaN  Infinity       NaN       NaN       NaN       NaN       NaN
      3941       NaN       NaN       NaN       NaN       NaN       NaN       NaN       NaN  Infinity       NaN       NaN       NaN       NaN       NaN
      3942       NaN       NaN       NaN       NaN       NaN       NaN       NaN       NaN  Infinity       NaN       NaN       NaN       NaN       NaN
      3943       NaN       NaN       NaN       NaN       NaN       NaN       NaN       NaN  Infinity       NaN       NaN       NaN       NaN       NaN
      3944       NaN       NaN       NaN       NaN       NaN       NaN       NaN       NaN  Infinity       NaN       NaN       NaN       NaN       NaN
      3945       NaN       NaN       NaN       NaN       NaN       NaN       NaN       NaN  Infinity       NaN       NaN       NaN       NaN       NaN
      3946       NaN       NaN       NaN       NaN       NaN       NaN       NaN       NaN  Infinity       NaN       NaN       NaN       NaN       NaN
      3947       NaN       NaN       NaN       NaN       NaN       NaN       NaN       NaN  Infinity       NaN       NaN       NaN       NaN       NaN
      3948       NaN       NaN       NaN       NaN       NaN       NaN       NaN       NaN  Infinity       NaN       NaN       NaN       NaN       NaN
      3949       NaN       NaN       NaN       NaN       NaN       NaN       NaN       NaN  Infinity       NaN       NaN       NaN       NaN       NaN
      3950       NaN       NaN       NaN       NaN       NaN       NaN       NaN       NaN  Infinity       NaN       NaN       NaN       NaN       NaN
      3951       NaN       NaN       NaN       NaN       NaN       NaN       NaN       NaN  Infinity       NaN       NaN       NaN       NaN       NaN
      3952       NaN       NaN       NaN       NaN       NaN       NaN       NaN       NaN  Infinity       NaN       NaN       NaN       NaN       NaN
      3953       NaN       NaN       NaN       NaN       NaN       NaN       NaN       NaN  Infinity       NaN       NaN       NaN       NaN       NaN
      3954       NaN       NaN       NaN       NaN       NaN       NaN       NaN       NaN  Infinity       NaN       NaN       NaN       NaN       NaN
      3955       NaN       NaN       NaN       NaN       NaN       NaN       NaN       NaN  Infinity       NaN       NaN       NaN       NaN       NaN
      3956       NaN       NaN       NaN       NaN       NaN       NaN       NaN       NaN  Infinity       NaN       NaN       NaN       NaN       NaN
      3957       NaN       NaN       NaN       NaN       NaN       NaN       NaN       NaN  Infinity       NaN       NaN       NaN       NaN       NaN
      3958       NaN       NaN       NaN       NaN       NaN       NaN       NaN       NaN  Infinity       NaN       NaN       NaN       NaN       NaN
      3959       NaN       NaN       NaN       NaN       NaN       NaN       NaN       NaN  Infinity       NaN       NaN       NaN       NaN       NaN
      3960       NaN       NaN       NaN       NaN       NaN       NaN       NaN       NaN  Infinity       NaN       NaN       NaN       NaN       NaN
      3961       NaN       NaN       NaN       NaN       NaN       NaN       NaN       NaN  Infinity       NaN       NaN       NaN       NaN       NaN
      3962       NaN       NaN       NaN       NaN       NaN       NaN       NaN       NaN  Infinity       NaN       NaN       NaN       NaN       NaN
      3963       NaN       NaN       NaN       NaN       NaN       NaN       NaN       NaN  Infinity       NaN       NaN       NaN       NaN       NaN
      3964       NaN       NaN       NaN       NaN       NaN       NaN       NaN       NaN  Infinity       NaN       NaN       NaN       NaN       NaN
      3965       NaN       NaN       NaN       NaN       NaN       NaN       NaN       NaN  Infinity       NaN       NaN       NaN       NaN       NaN
      3966       NaN       NaN       NaN       NaN       NaN       NaN       NaN       NaN  Infinity       NaN       NaN       NaN       NaN       NaN
      3967       NaN       NaN       NaN       NaN       NaN       NaN       NaN       NaN  Infinity       NaN       NaN       NaN       NaN       NaN
      3968       NaN       NaN       NaN       NaN       NaN       NaN       NaN       NaN  Infinity       NaN       NaN       NaN       NaN       NaN
      3969       NaN       NaN       NaN       NaN       NaN       NaN       NaN       NaN  Infinity       NaN       NaN       NaN       NaN       NaN
      3970       NaN       NaN       NaN       NaN       NaN       NaN       NaN       NaN  Infinity       NaN       NaN       NaN       NaN       NaN
      3971       NaN       NaN       NaN       NaN       NaN       NaN       NaN       NaN  Infinity       NaN       NaN       NaN       NaN       NaN
      3972       NaN       NaN       NaN       NaN       NaN       NaN       NaN       NaN  Infinity       NaN       NaN       NaN       NaN       NaN
      3973       NaN       NaN       NaN       NaN       NaN       NaN       NaN       NaN  Infinity       NaN       NaN       NaN       NaN       NaN
      3974       NaN       NaN       NaN       NaN       NaN       NaN       NaN       NaN  Infinity       NaN       NaN       NaN       NaN       NaN
      3975       NaN       NaN       NaN       NaN       NaN       NaN       NaN       NaN  Infinity       NaN       NaN       NaN       NaN       NaN
      3976       NaN       NaN       NaN       NaN       NaN       NaN       NaN       NaN  Infinity       NaN       NaN       NaN       NaN       NaN
      3977       NaN       NaN       NaN       NaN       NaN       NaN       NaN       NaN  Infinity       NaN       NaN       NaN       NaN       NaN
      3978       NaN       NaN       NaN       NaN       NaN       NaN       NaN       NaN  Infinity       NaN       NaN       NaN       NaN       NaN
      3979       NaN       NaN       NaN       NaN       NaN       NaN       NaN       NaN  Infinity       NaN       NaN       NaN       NaN       NaN
      3980       NaN       NaN       NaN       NaN       NaN       NaN       NaN       NaN  Infinity       NaN       NaN       NaN       NaN       NaN
      3981       NaN       NaN       NaN       NaN       NaN       NaN       NaN       NaN  Infinity       NaN       NaN       NaN       NaN       NaN
      3982       NaN       NaN       NaN       NaN       NaN       NaN       NaN       NaN  Infinity       NaN       NaN       NaN       NaN       NaN
      3983       NaN       NaN       NaN       NaN       NaN       NaN       NaN       NaN  Infinity       NaN       NaN       NaN       NaN       NaN
      3984       NaN       NaN       NaN       NaN       NaN       NaN       NaN       NaN  Infinity       NaN       NaN       NaN       NaN       NaN
      3985       NaN       NaN       NaN       NaN       NaN       NaN       NaN       NaN  Infinity       NaN       NaN       NaN       NaN       NaN
      3986       NaN       NaN       NaN       NaN       NaN       NaN       NaN       NaN  Infinity       NaN       NaN       NaN       NaN       NaN
      3987       NaN       NaN       NaN       NaN       NaN       NaN       NaN       NaN  Infinity       NaN       NaN       NaN       NaN       NaN
      3988       NaN       NaN       NaN       NaN       NaN       NaN       NaN       NaN  Infinity       NaN       NaN       NaN       NaN       NaN
      3989       NaN       NaN       NaN       NaN       NaN       NaN       NaN       NaN  Infinity       NaN       NaN       NaN       NaN       NaN
      3990       NaN       NaN       NaN       NaN       NaN       NaN       NaN       NaN  Infinity       NaN       NaN       NaN       NaN       NaN
      3991       NaN       NaN       NaN       NaN       NaN       NaN       NaN       NaN  Infinity       NaN       NaN       NaN       NaN       NaN
      3992       NaN       NaN       NaN       NaN       NaN       NaN       NaN       NaN  Infinity       NaN       NaN       NaN       NaN       NaN
      3993       NaN       NaN       NaN       NaN       NaN       NaN       NaN       NaN  Infinity       NaN       NaN       NaN       NaN       NaN
      3994       NaN       NaN       NaN       NaN       NaN       NaN       NaN       NaN  Infinity       NaN       NaN       NaN       NaN       NaN
      3995       NaN       NaN       NaN       NaN       NaN       NaN       NaN       NaN  Infinity       NaN       NaN       NaN       NaN       NaN
      3996       NaN       NaN       NaN       NaN       NaN       NaN       NaN       NaN  Infinity       NaN       NaN       NaN       NaN       NaN
      3997       NaN       NaN       NaN       NaN       NaN       NaN       NaN       NaN  Infinity       NaN       NaN       NaN       NaN       NaN
      3998       NaN       NaN       NaN       NaN       NaN       NaN       NaN       NaN  Infinity       NaN       NaN       NaN       NaN       NaN
      3999       NaN       NaN       NaN       NaN       NaN       NaN       NaN       NaN  Infinity       NaN       NaN       NaN       NaN       NaN
      4000       NaN       NaN       NaN       NaN       NaN       NaN       NaN       NaN  Infinity       NaN       NaN       NaN       NaN       NaN
      4001       NaN       NaN       NaN       NaN       NaN       NaN       NaN       NaN  Infinity       NaN       NaN       NaN       NaN       NaN
      4002       NaN       NaN       NaN       NaN       NaN       NaN       NaN       NaN  Infinity       NaN       NaN       NaN       NaN       NaN
      4003       NaN       NaN       NaN       NaN       NaN       NaN       NaN       NaN  Infinity       NaN       NaN       NaN       NaN       NaN
      4004       NaN       NaN       NaN       NaN       NaN       NaN       NaN       NaN  Infinity       NaN       NaN       NaN       NaN       NaN
      4005       NaN       NaN       NaN       NaN       NaN       NaN       NaN       NaN  Infinity       NaN       NaN       NaN       NaN       NaN
      4006       NaN       NaN       NaN       NaN       NaN       NaN       NaN       NaN  Infinity       NaN       NaN       NaN       NaN       NaN
      4007       NaN       NaN       NaN       NaN       NaN       NaN       NaN       NaN  Infinity       NaN       NaN       NaN       NaN       NaN
      4008       NaN       NaN       NaN       NaN       NaN       NaN       NaN       NaN  Infinity       NaN       NaN       NaN       NaN       NaN
      4009       NaN       NaN       NaN       NaN       NaN       NaN       NaN       NaN  Infinity       NaN       NaN       NaN       NaN       NaN
      4010       NaN       NaN       NaN       NaN       NaN       NaN       NaN       NaN  Infinity       NaN       NaN       NaN       NaN       NaN
      4011       NaN       NaN       NaN       NaN       NaN       NaN       NaN       NaN  Infinity       NaN       NaN       NaN       NaN       NaN
      4012       NaN       NaN       NaN       NaN       NaN       NaN       NaN       NaN  Infinity       NaN       NaN       NaN       NaN       NaN
      4013       NaN       NaN       NaN       NaN       NaN       NaN       NaN       NaN  Infinity       NaN       NaN       NaN       NaN       NaN
      4014       NaN       NaN       NaN       NaN       NaN       NaN       NaN       NaN  Infinity       NaN       NaN       NaN       NaN       NaN
      4015       NaN       NaN       NaN       NaN       NaN       NaN       NaN       NaN  Infinity       NaN       NaN       NaN       NaN       NaN
      4016       NaN       NaN       NaN       NaN       NaN       NaN       NaN       NaN  Infinity       NaN       NaN       NaN       NaN       NaN
      4017       NaN       NaN       NaN       NaN       NaN       NaN       NaN       NaN  Infinity       NaN       NaN       NaN       NaN       NaN
      4018       NaN       NaN       NaN       NaN       NaN       NaN       NaN       NaN  Infinity       NaN       NaN       NaN       NaN       NaN
      4019       NaN       NaN       NaN       NaN       NaN       NaN       NaN       NaN  Infinity       NaN       NaN       NaN       NaN       NaN
      4020       NaN       NaN       NaN       NaN       NaN       NaN       NaN       NaN  Infinity       NaN       NaN       NaN       NaN       NaN
      4021       NaN       NaN       NaN       NaN       NaN       NaN       NaN       NaN  Infinity       NaN       NaN       NaN       NaN       NaN
      4022       NaN       NaN       NaN       NaN       NaN       NaN       NaN       NaN  Infinity       NaN       NaN       NaN       NaN       NaN
      4023       NaN       NaN       NaN       NaN       NaN       NaN       NaN       NaN  Infinity       NaN       NaN       NaN       NaN       NaN
      4024       NaN       NaN       NaN       NaN       NaN       NaN       NaN       NaN  Infinity       NaN       NaN       NaN       NaN       NaN
      4025       NaN       NaN       NaN       NaN       NaN       NaN       NaN       NaN  Infinity       NaN       NaN       NaN       NaN       NaN
      4026       NaN       NaN       NaN       NaN       NaN       NaN       NaN       NaN  Infinity       NaN       NaN       NaN       NaN       NaN
      4027       NaN       NaN       NaN       NaN       NaN       NaN       NaN       NaN  Infinity       NaN       NaN       NaN       NaN       NaN
      4028       NaN       NaN       NaN       NaN       NaN       NaN       NaN       NaN  Infinity       NaN       NaN       NaN       NaN       NaN
      4029       NaN       NaN       NaN       NaN       NaN       NaN       NaN       NaN  Infinity       NaN       NaN       NaN       NaN       NaN
      4030       NaN       NaN       NaN       NaN       NaN       NaN       NaN       NaN  Infinity       NaN       NaN       NaN       NaN       NaN
      4031       NaN       NaN       NaN       NaN       NaN       NaN       NaN       NaN  Infinity       NaN       NaN       NaN       NaN       NaN
      4032       NaN       NaN       NaN       NaN       NaN       NaN       NaN       NaN  Infinity       NaN       NaN       NaN       NaN       NaN
      4033       NaN       NaN       NaN       NaN       NaN       NaN       NaN       NaN  Infinity       NaN       NaN       NaN       NaN       NaN
      4034       NaN       NaN       NaN       NaN       NaN       NaN       NaN       NaN  Infinity       NaN       NaN       NaN       NaN       NaN
      4035       NaN       NaN       NaN       NaN       NaN       NaN       NaN       NaN  Infinity       NaN       NaN       NaN       NaN       NaN
      4036       NaN       NaN       NaN       NaN       NaN       NaN       NaN       NaN  Infinity       NaN       NaN       NaN       NaN       NaN
      4037       NaN       NaN       NaN       NaN       NaN       NaN       NaN       NaN  Infinity       NaN       NaN       NaN       NaN       NaN
      4038       NaN       NaN       NaN       NaN       NaN       NaN       NaN       NaN  Infinity       NaN       NaN       NaN       NaN       NaN
      4039       NaN       NaN       NaN       NaN       NaN       NaN       NaN       NaN  Infinity       NaN       NaN       NaN       NaN       NaN
      4040       NaN       NaN       NaN       NaN       NaN       NaN       NaN       NaN  Infinity       NaN       NaN       NaN       NaN       NaN
      4041       NaN       NaN       NaN       NaN       NaN       NaN       NaN       NaN  Infinity       NaN       NaN       NaN       NaN       NaN
      4042       NaN       NaN       NaN       NaN       NaN       NaN       NaN       NaN  Infinity       NaN       NaN       NaN       NaN       NaN
      4043       NaN       NaN       NaN       NaN       NaN       NaN       NaN       NaN  Infinity       NaN       NaN       NaN       NaN       NaN
      4044       NaN       NaN       NaN       NaN       NaN       NaN       NaN       NaN  Infinity       NaN       NaN       NaN       NaN       NaN
      4045       NaN       NaN       NaN       NaN       NaN       NaN       NaN       NaN  Infinity       NaN       NaN       NaN       NaN       NaN
      4046       NaN       NaN       NaN       NaN       NaN       NaN       NaN       NaN  Infinity       NaN       NaN       NaN       NaN       NaN
      4047       NaN       NaN       NaN       NaN       NaN       NaN       NaN       NaN  Infinity       NaN       NaN       NaN       NaN       NaN
      4048       NaN       NaN       NaN       NaN       NaN       NaN       NaN       NaN  Infinity       NaN       NaN       NaN       NaN       NaN
      4049       NaN       NaN       NaN       NaN       NaN       NaN       NaN       NaN  Infinity       NaN       NaN       NaN       NaN       NaN
      4050       NaN       NaN       NaN       NaN       NaN       NaN       NaN       NaN  Infinity       NaN       NaN       NaN       NaN       NaN
      4051       NaN       NaN       NaN       NaN       NaN       NaN       NaN       NaN  Infinity       NaN       NaN       NaN       NaN       NaN
      4052       NaN       NaN       NaN       NaN       NaN       NaN       NaN       NaN  Infinity       NaN       NaN       NaN       NaN       NaN
      4053       NaN       NaN       NaN       NaN       NaN       NaN       NaN       NaN  Infinity       NaN       NaN       NaN       NaN       NaN
      4054       NaN       NaN       NaN       NaN       NaN       NaN       NaN       NaN  Infinity       NaN       NaN       NaN       NaN       NaN
      4055       NaN       NaN       NaN       NaN       NaN       NaN       NaN       NaN  Infinity       NaN       NaN       NaN       NaN       NaN
      4056       NaN       NaN       NaN       NaN       NaN       NaN       NaN       NaN  Infinity       NaN       NaN       NaN       NaN       NaN
      4057       NaN       NaN       NaN       NaN       NaN       NaN       NaN       NaN  Infinity       NaN       NaN       NaN       NaN       NaN
      4058       NaN       NaN       NaN       NaN       NaN       NaN       NaN       NaN  Infinity       NaN       NaN       NaN       NaN       NaN
      4059       NaN       NaN       NaN       NaN       NaN       NaN       NaN       NaN  Infinity       NaN       NaN       NaN       NaN       NaN
      4060       NaN       NaN       NaN       NaN       NaN       NaN       NaN       NaN  Infinity       NaN       NaN       NaN       NaN       NaN
      4061       NaN       NaN       NaN       NaN       NaN       NaN       NaN       NaN  Infinity       NaN       NaN       NaN       NaN       NaN
      4062       NaN       NaN       NaN       NaN       NaN       NaN       NaN       NaN  Infinity       NaN       NaN       NaN       NaN       NaN
      4063       NaN       NaN       NaN       NaN       NaN       NaN       NaN       NaN  Infinity       NaN       NaN       NaN       NaN       NaN
      4064       NaN       NaN       NaN       NaN       NaN       NaN       NaN       NaN  Infinity       NaN       NaN       NaN       NaN       NaN
      4065       NaN       NaN       NaN       NaN       NaN       NaN       NaN       NaN  Infinity       NaN       NaN       NaN       NaN       NaN
      4066       NaN       NaN       NaN       NaN       NaN       NaN       NaN       NaN  Infinity       NaN       NaN       NaN       NaN       NaN
      4067       NaN       NaN       NaN       NaN       NaN       NaN       NaN       NaN  Infinity       NaN       NaN       NaN       NaN       NaN
      4068       NaN       NaN       NaN       NaN       NaN       NaN       NaN       NaN  Infinity       NaN       NaN       NaN       NaN       NaN
      4069       NaN       NaN       NaN       NaN       NaN       NaN       NaN       NaN  Infinity       NaN       NaN       NaN       NaN       NaN
      4070       NaN       NaN       NaN       NaN       NaN       NaN       NaN       NaN  Infinity       NaN       NaN       NaN       NaN       NaN
      4071       NaN       NaN       NaN       NaN       NaN       NaN       NaN       NaN  Infinity       NaN       NaN       NaN       NaN       NaN
      4072       NaN       NaN       NaN       NaN       NaN       NaN       NaN       NaN  Infinity       NaN       NaN       NaN       NaN       NaN
      4073       NaN       NaN       NaN       NaN       NaN       NaN       NaN       NaN  Infinity       NaN       NaN       NaN       NaN       NaN
      4074       NaN       NaN       NaN       NaN       NaN       NaN       NaN       NaN  Infinity       NaN       NaN       NaN       NaN       NaN
      4075       NaN       NaN       NaN       NaN       NaN       NaN       NaN       NaN  Infinity       NaN       NaN       NaN       NaN       NaN
      4076       NaN       NaN       NaN       NaN       NaN       NaN       NaN       NaN  Infinity       NaN       NaN       NaN       NaN       NaN
      4077       NaN       NaN       NaN       NaN       NaN       NaN       NaN       NaN  Infinity       NaN       NaN       NaN       NaN       NaN
      4078       NaN       NaN       NaN       NaN       NaN       NaN       NaN       NaN  Infinity       NaN       NaN       NaN       NaN       NaN
      4079       NaN       NaN       NaN       NaN       NaN       NaN       NaN       NaN  Infinity       NaN       NaN       NaN       NaN       NaN
      4080       NaN       NaN       NaN       NaN       NaN       NaN       NaN       NaN  Infinity       NaN       NaN       NaN       NaN       NaN
      4081       NaN       NaN       NaN       NaN       NaN       NaN       NaN       NaN  Infinity       NaN       NaN       NaN       NaN       NaN
      4082       NaN       NaN       NaN       NaN       NaN       NaN       NaN       NaN  Infinity       NaN       NaN       NaN       NaN       NaN
      4083       NaN       NaN       NaN       NaN       NaN       NaN       NaN       NaN  Infinity       NaN       NaN       NaN       NaN       NaN
      4084       NaN       NaN       NaN       NaN       NaN       NaN       NaN       NaN  Infinity       NaN       NaN       NaN       NaN       NaN
      4085       NaN       NaN       NaN       NaN       NaN       NaN       NaN       NaN  Infinity       NaN       NaN       NaN       NaN       NaN
      4086       NaN       NaN       NaN       NaN       NaN       NaN       NaN       NaN  Infinity       NaN       NaN       NaN       NaN       NaN
      4087       NaN       NaN       NaN       NaN       NaN       NaN       NaN       NaN  Infinity       NaN       NaN       NaN       NaN       NaN
      4088       NaN       NaN       NaN       NaN       NaN       NaN       NaN       NaN  Infinity       NaN       NaN       NaN       NaN       NaN
      4089       NaN       NaN       NaN       NaN       NaN       NaN       NaN       NaN  Infinity       NaN       NaN       NaN       NaN       NaN
      4090       NaN       NaN       NaN       NaN       NaN       NaN       NaN       NaN  Infinity       NaN       NaN       NaN       NaN       NaN
      4091       NaN       NaN       NaN       NaN       NaN       NaN       NaN       NaN  Infinity       NaN       NaN       NaN       NaN       NaN
      4092       NaN       NaN       NaN       NaN       NaN       NaN       NaN       NaN  Infinity       NaN       NaN       NaN       NaN       NaN
      4093       NaN       NaN       NaN       NaN       NaN       NaN       NaN       NaN  Infinity       NaN       NaN       NaN       NaN       NaN
      4094       NaN       NaN       NaN       NaN       NaN       NaN       NaN       NaN  Infinity       NaN       NaN       NaN       NaN       NaN
      4095       NaN       NaN       NaN       NaN       NaN       NaN       NaN       NaN  Infinity       NaN       NaN       NaN       NaN       NaN
      4096       NaN       NaN       NaN       NaN       NaN       NaN       NaN       NaN  Infinity       NaN       NaN       NaN       NaN       NaN
      4097       NaN       NaN       NaN       NaN       NaN       NaN       NaN       NaN  Infinity       NaN       NaN       NaN       NaN       NaN
      4098       NaN       NaN       NaN       NaN       NaN       NaN       NaN       NaN  Infinity       NaN       NaN       NaN       NaN       NaN
      4099       NaN       NaN       NaN       NaN       NaN       NaN       NaN       NaN  Infinity       NaN       NaN       NaN       NaN       NaN
      4100       NaN       NaN       NaN       NaN       NaN       NaN       NaN       NaN  Infinity       NaN       NaN       NaN       NaN       NaN
      4101       NaN       NaN       NaN       NaN       NaN       NaN       NaN       NaN  Infinity       NaN       NaN       NaN       NaN       NaN
      4102       NaN       NaN       NaN       NaN       NaN       NaN       NaN       NaN  Infinity       NaN       NaN       NaN       NaN       NaN
      4103       NaN       NaN       NaN       NaN       NaN       NaN       NaN       NaN  Infinity       NaN       NaN       NaN       NaN       NaN
      4104       NaN       NaN       NaN       NaN       NaN       NaN       NaN       NaN  Infinity       NaN       NaN       NaN       NaN       NaN
      4105       NaN       NaN       NaN       NaN       NaN       NaN       NaN       NaN  Infinity       NaN       NaN       NaN       NaN       NaN
      4106       NaN       NaN       NaN       NaN       NaN       NaN       NaN       NaN  Infinity       NaN       NaN       NaN       NaN       NaN
      4107       NaN       NaN       NaN       NaN       NaN       NaN       NaN       NaN  Infinity       NaN       NaN       NaN       NaN       NaN
      4108       NaN       NaN       NaN       NaN       NaN       NaN       NaN       NaN  Infinity       NaN       NaN       NaN       NaN       NaN
      4109       NaN       NaN       NaN       NaN       NaN       NaN       NaN       NaN  Infinity       NaN       NaN       NaN       NaN       NaN
      4110       NaN       NaN       NaN       NaN       NaN       NaN       NaN       NaN  Infinity       NaN       NaN       NaN       NaN       NaN
      4111       NaN       NaN       NaN       NaN       NaN       NaN       NaN       NaN  Infinity       NaN       NaN       NaN       NaN       NaN
      4112       NaN       NaN       NaN       NaN       NaN       NaN       NaN       NaN  Infinity       NaN       NaN       NaN       NaN       NaN
      4113       NaN       NaN       NaN       NaN       NaN       NaN       NaN       NaN  Infinity       NaN       NaN       NaN       NaN       NaN
      4114       NaN       NaN       NaN       NaN       NaN       NaN       NaN       NaN  Infinity       NaN       NaN       NaN       NaN       NaN
      4115       NaN       NaN       NaN       NaN       NaN       NaN       NaN       NaN  Infinity       NaN       NaN       NaN       NaN       NaN
      4116       NaN       NaN       NaN       NaN       NaN       NaN       NaN       NaN  Infinity       NaN       NaN       NaN       NaN       NaN
      4117       NaN       NaN       NaN       NaN       NaN       NaN       NaN       NaN  Infinity       NaN       NaN       NaN       NaN       NaN
      4118       NaN       NaN       NaN       NaN       NaN       NaN       NaN       NaN  Infinity       NaN       NaN       NaN       NaN       NaN
      4119       NaN       NaN       NaN       NaN       NaN       NaN       NaN       NaN  Infinity       NaN       NaN       NaN       NaN       NaN
      4120       NaN       NaN       NaN       NaN       NaN       NaN       NaN       NaN  Infinity       NaN       NaN       NaN       NaN       NaN
      4121       NaN       NaN       NaN       NaN       NaN       NaN       NaN       NaN  Infinity       NaN       NaN       NaN       NaN       NaN
      4122       NaN       NaN       NaN       NaN       NaN       NaN       NaN       NaN  Infinity       NaN       NaN       NaN       NaN       NaN
      4123       NaN       NaN       NaN       NaN       NaN       NaN       NaN       NaN  Infinity       NaN       NaN       NaN       NaN       NaN
      4124       NaN       NaN       NaN       NaN       NaN       NaN       NaN       NaN  Infinity       NaN       NaN       NaN       NaN       NaN
      4125       NaN       NaN       NaN       NaN       NaN       NaN       NaN       NaN  Infinity       NaN       NaN       NaN       NaN       NaN
      4126       NaN       NaN       NaN       NaN       NaN       NaN       NaN       NaN  Infinity       NaN       NaN       NaN       NaN       NaN
      4127       NaN       NaN       NaN       NaN       NaN       NaN       NaN       NaN  Infinity       NaN       NaN       NaN       NaN       NaN
      4128       NaN       NaN       NaN       NaN       NaN       NaN       NaN       NaN  Infinity       NaN       NaN       NaN       NaN       NaN
      4129       NaN       NaN       NaN       NaN       NaN       NaN       NaN       NaN  Infinity       NaN       NaN       NaN       NaN       NaN
      4130       NaN       NaN       NaN       NaN       NaN       NaN       NaN       NaN  Infinity       NaN       NaN       NaN       NaN       NaN
      4131       NaN       NaN       NaN       NaN       NaN       NaN       NaN       NaN  Infinity       NaN       NaN       NaN       NaN       NaN
      4132       NaN       NaN       NaN       NaN       NaN       NaN       NaN       NaN  Infinity       NaN       NaN       NaN       NaN       NaN
      4133       NaN       NaN       NaN       NaN       NaN       NaN       NaN       NaN  Infinity       NaN       NaN       NaN       NaN       NaN
      4134       NaN       NaN       NaN       NaN       NaN       NaN       NaN       NaN  Infinity       NaN       NaN       NaN       NaN       NaN
      4135       NaN       NaN       NaN       NaN       NaN       NaN       NaN       NaN  Infinity       NaN       NaN       NaN       NaN       NaN
      4136       NaN       NaN       NaN       NaN       NaN       NaN       NaN       NaN  Infinity       NaN       NaN       NaN       NaN       NaN
      4137       NaN       NaN       NaN       NaN       NaN       NaN       NaN       NaN  Infinity       NaN       NaN       NaN       NaN       NaN
      4138       NaN       NaN       NaN       NaN       NaN       NaN       NaN       NaN  Infinity       NaN       NaN       NaN       NaN       NaN
      4139       NaN       NaN       NaN       NaN       NaN       NaN       NaN       NaN  Infinity       NaN       NaN       NaN       NaN       NaN
      4140       NaN       NaN       NaN       NaN       NaN       NaN       NaN       NaN  Infinity       NaN       NaN       NaN       NaN       NaN
      4141       NaN       NaN       NaN       NaN       NaN       NaN       NaN       NaN  Infinity       NaN       NaN       NaN       NaN       NaN
      4142       NaN       NaN       NaN       NaN       NaN       NaN       NaN       NaN  Infinity       NaN       NaN       NaN       NaN       NaN
      4143       NaN       NaN       NaN       NaN       NaN       NaN       NaN       NaN  Infinity       NaN       NaN       NaN       NaN       NaN
      4144       NaN       NaN       NaN       NaN       NaN       NaN       NaN       NaN  Infinity       NaN       NaN       NaN       NaN       NaN
      4145       NaN       NaN       NaN       NaN       NaN       NaN       NaN       NaN  Infinity       NaN       NaN       NaN       NaN       NaN
      4146       NaN       NaN       NaN       NaN       NaN       NaN       NaN       NaN  Infinity       NaN       NaN       NaN       NaN       NaN
      4147       NaN       NaN       NaN       NaN       NaN       NaN       NaN       NaN  Infinity       NaN       NaN       NaN       NaN       NaN
      4148       NaN       NaN       NaN       NaN       NaN       NaN       NaN       NaN  Infinity       NaN       NaN       NaN       NaN       NaN
      4149       NaN       NaN       NaN       NaN       NaN       NaN       NaN       NaN  Infinity       NaN       NaN       NaN       NaN       NaN
      4150       NaN       NaN       NaN       NaN       NaN       NaN       NaN       NaN  Infinity       NaN       NaN       NaN       NaN       NaN
      4151       NaN       NaN       NaN       NaN       NaN       NaN       NaN       NaN  Infinity       NaN       NaN       NaN       NaN       NaN
      4152       NaN       NaN       NaN       NaN       NaN       NaN       NaN       NaN  Infinity       NaN       NaN       NaN       NaN       NaN
      4153       NaN       NaN       NaN       NaN       NaN       NaN       NaN       NaN  Infinity       NaN       NaN       NaN       NaN       NaN
      4154       NaN       NaN       NaN       NaN       NaN       NaN       NaN       NaN  Infinity       NaN       NaN       NaN       NaN       NaN
      4155       NaN       NaN       NaN       NaN       NaN       NaN       NaN       NaN  Infinity       NaN       NaN       NaN       NaN       NaN
      4156       NaN       NaN       NaN       NaN       NaN       NaN       NaN       NaN  Infinity       NaN       NaN       NaN       NaN       NaN
      4157       NaN       NaN       NaN       NaN       NaN       NaN       NaN       NaN  Infinity       NaN       NaN       NaN       NaN       NaN
      4158       NaN       NaN       NaN       NaN       NaN       NaN       NaN       NaN  Infinity       NaN       NaN       NaN       NaN       NaN
      4159       NaN       NaN       NaN       NaN       NaN       NaN       NaN       NaN  Infinity       NaN       NaN       NaN       NaN       NaN
      4160       NaN       NaN       NaN       NaN       NaN       NaN       NaN       NaN  Infinity       NaN       NaN       NaN       NaN       NaN
      4161       NaN       NaN       NaN       NaN       NaN       NaN       NaN       NaN  Infinity       NaN       NaN       NaN       NaN       NaN
      4162       NaN       NaN       NaN       NaN       NaN       NaN       NaN       NaN  Infinity       NaN       NaN       NaN       NaN       NaN
      4163       NaN       NaN       NaN       NaN       NaN       NaN       NaN       NaN  Infinity       NaN       NaN       NaN       NaN       NaN
      4164       NaN       NaN       NaN       NaN       NaN       NaN       NaN       NaN  Infinity       NaN       NaN       NaN       NaN       NaN
      4165       NaN       NaN       NaN       NaN       NaN       NaN       NaN       NaN  Infinity       NaN       NaN       NaN       NaN       NaN
      4166       NaN       NaN       NaN       NaN       NaN       NaN       NaN       NaN  Infinity       NaN       NaN       NaN       NaN       NaN
      4167       NaN       NaN       NaN       NaN       NaN       NaN       NaN       NaN  Infinity       NaN       NaN       NaN       NaN       NaN
      4168       NaN       NaN       NaN       NaN       NaN       NaN       NaN       NaN  Infinity       NaN       NaN       NaN       NaN       NaN
      4169       NaN       NaN       NaN       NaN       NaN       NaN       NaN       NaN  Infinity       NaN       NaN       NaN       NaN       NaN
      4170       NaN       NaN       NaN       NaN       NaN       NaN       NaN       NaN  Infinity       NaN       NaN       NaN       NaN       NaN
      4171       NaN       NaN       NaN       NaN       NaN       NaN       NaN       NaN  Infinity       NaN       NaN       NaN       NaN       NaN
      4172       NaN       NaN       NaN       NaN       NaN       NaN       NaN       NaN  Infinity       NaN       NaN       NaN       NaN       NaN
      4173       NaN       NaN       NaN       NaN       NaN       NaN       NaN       NaN  Infinity       NaN       NaN       NaN       NaN       NaN
      4174       NaN       NaN       NaN       NaN       NaN       NaN       NaN       NaN  Infinity       NaN       NaN       NaN       NaN       NaN
      4175       NaN       NaN       NaN       NaN       NaN       NaN       NaN       NaN  Infinity       NaN       NaN       NaN       NaN       NaN
      4176       NaN       NaN       NaN       NaN       NaN       NaN       NaN       NaN  Infinity       NaN       NaN       NaN       NaN       NaN
      4177       NaN       NaN       NaN       NaN       NaN       NaN       NaN       NaN  Infinity       NaN       NaN       NaN       NaN       NaN
      4178       NaN       NaN       NaN       NaN       NaN       NaN       NaN       NaN  Infinity       NaN       NaN       NaN       NaN       NaN
      4179       NaN       NaN       NaN       NaN       NaN       NaN       NaN       NaN  Infinity       NaN       NaN       NaN       NaN       NaN
      4180       NaN       NaN       NaN       NaN       NaN       NaN       NaN       NaN  Infinity       NaN       NaN       NaN       NaN       NaN
      4181       NaN       NaN       NaN       NaN       NaN       NaN       NaN       NaN  Infinity       NaN       NaN       NaN       NaN       NaN
      4182       NaN       NaN       NaN       NaN       NaN       NaN       NaN       NaN  Infinity       NaN       NaN       NaN       NaN       NaN
      4183       NaN       NaN       NaN       NaN       NaN       NaN       NaN       NaN  Infinity       NaN       NaN       NaN       NaN       NaN
      4184       NaN       NaN       NaN       NaN       NaN       NaN       NaN       NaN  Infinity       NaN       NaN       NaN       NaN       NaN
      4185       NaN       NaN       NaN       NaN       NaN       NaN       NaN       NaN  Infinity       NaN       NaN       NaN       NaN       NaN
      4186       NaN       NaN       NaN       NaN       NaN       NaN       NaN       NaN  Infinity       NaN       NaN       NaN       NaN       NaN
      4187       NaN       NaN       NaN       NaN       NaN       NaN       NaN       NaN  Infinity       NaN       NaN       NaN       NaN       NaN
      4188       NaN       NaN       NaN       NaN       NaN       NaN       NaN       NaN  Infinity       NaN       NaN       NaN       NaN       NaN
      4189       NaN       NaN       NaN       NaN       NaN       NaN       NaN       NaN  Infinity       NaN       NaN       NaN       NaN       NaN
      4190       NaN       NaN       NaN       NaN       NaN       NaN       NaN       NaN  Infinity       NaN       NaN       NaN       NaN       NaN
      4191       NaN       NaN       NaN       NaN       NaN       NaN       NaN       NaN  Infinity       NaN       NaN       NaN       NaN       NaN
      4192       NaN       NaN       NaN       NaN       NaN       NaN       NaN       NaN  Infinity       NaN       NaN       NaN       NaN       NaN
      4193       NaN       NaN       NaN       NaN       NaN       NaN       NaN       NaN  Infinity       NaN       NaN       NaN       NaN       NaN
      4194       NaN       NaN       NaN       NaN       NaN       NaN       NaN       NaN  Infinity       NaN       NaN       NaN       NaN       NaN
      4195       NaN       NaN       NaN       NaN       NaN       NaN       NaN       NaN  Infinity       NaN       NaN       NaN       NaN       NaN
      4196       NaN       NaN       NaN       NaN       NaN       NaN       NaN       NaN  Infinity       NaN       NaN       NaN       NaN       NaN
      4197       NaN       NaN       NaN       NaN       NaN       NaN       NaN       NaN  Infinity       NaN       NaN       NaN       NaN       NaN
      4198       NaN       NaN       NaN       NaN       NaN       NaN       NaN       NaN  Infinity       NaN       NaN       NaN       NaN       NaN
      4199       NaN       NaN       NaN       NaN       NaN       NaN       NaN       NaN  Infinity       NaN       NaN       NaN       NaN       NaN
      4200       NaN       NaN       NaN       NaN       NaN       NaN       NaN       NaN  Infinity       NaN       NaN       NaN       NaN       NaN
      4201       NaN       NaN       NaN       NaN       NaN       NaN       NaN       NaN  Infinity       NaN       NaN       NaN       NaN       NaN
      4202       NaN       NaN       NaN       NaN       NaN       NaN       NaN       NaN  Infinity       NaN       NaN       NaN       NaN       NaN
      4203       NaN       NaN       NaN       NaN       NaN       NaN       NaN       NaN  Infinity       NaN       NaN       NaN       NaN       NaN
      4204       NaN       NaN       NaN       NaN       NaN       NaN       NaN       NaN  Infinity       NaN       NaN       NaN       NaN       NaN
      4205       NaN       NaN       NaN       NaN       NaN       NaN       NaN       NaN  Infinity       NaN       NaN       NaN       NaN       NaN
      4206       NaN       NaN       NaN       NaN       NaN       NaN       NaN       NaN  Infinity       NaN       NaN       NaN       NaN       NaN
      4207       NaN       NaN       NaN       NaN       NaN       NaN       NaN       NaN  Infinity       NaN       NaN       NaN       NaN       NaN
      4208       NaN       NaN       NaN       NaN       NaN       NaN       NaN       NaN  Infinity       NaN       NaN       NaN       NaN       NaN
      4209       NaN       NaN       NaN       NaN       NaN       NaN       NaN       NaN  Infinity       NaN       NaN       NaN       NaN       NaN
      4210       NaN       NaN       NaN       NaN       NaN       NaN       NaN       NaN  Infinity       NaN       NaN       NaN       NaN       NaN
      4211       NaN       NaN       NaN       NaN       NaN       NaN       NaN       NaN  Infinity       NaN       NaN       NaN       NaN       NaN
      4212       NaN       NaN       NaN       NaN       NaN       NaN       NaN       NaN  Infinity       NaN       NaN       NaN       NaN       NaN
      4213       NaN       NaN       NaN       NaN       NaN       NaN       NaN       NaN  Infinity       NaN       NaN       NaN       NaN       NaN
      4214       NaN       NaN       NaN       NaN       NaN       NaN       NaN       NaN  Infinity       NaN       NaN       NaN       NaN       NaN
      4215       NaN       NaN       NaN       NaN       NaN       NaN       NaN       NaN  Infinity       NaN       NaN       NaN       NaN       NaN
      4216       NaN       NaN       NaN       NaN       NaN       NaN       NaN       NaN  Infinity       NaN       NaN       NaN       NaN       NaN
      4217       NaN       NaN       NaN       NaN       NaN       NaN       NaN       NaN  Infinity       NaN       NaN       NaN       NaN       NaN
      4218       NaN       NaN       NaN       NaN       NaN       NaN       NaN       NaN  Infinity       NaN       NaN       NaN       NaN       NaN
      4219       NaN       NaN       NaN       NaN       NaN       NaN       NaN       NaN  Infinity       NaN       NaN       NaN       NaN       NaN
      4220       NaN       NaN       NaN       NaN       NaN       NaN       NaN       NaN  Infinity       NaN       NaN       NaN       NaN       NaN
      4221       NaN       NaN       NaN       NaN       NaN       NaN       NaN       NaN  Infinity       NaN       NaN       NaN       NaN       NaN
      4222       NaN       NaN       NaN       NaN       NaN       NaN       NaN       NaN  Infinity       NaN       NaN       NaN       NaN       NaN
      4223       NaN       NaN       NaN       NaN       NaN       NaN       NaN       NaN  Infinity       NaN       NaN       NaN       NaN       NaN
      4224       NaN       NaN       NaN       NaN       NaN       NaN       NaN       NaN  Infinity       NaN       NaN       NaN       NaN       NaN
      4225       NaN       NaN       NaN       NaN       NaN       NaN       NaN       NaN  Infinity       NaN       NaN       NaN       NaN       NaN
      4226       NaN       NaN       NaN       NaN       NaN       NaN       NaN       NaN  Infinity       NaN       NaN       NaN       NaN       NaN
      4227       NaN       NaN       NaN       NaN       NaN       NaN       NaN       NaN  Infinity       NaN       NaN       NaN       NaN       NaN
      4228       NaN       NaN       NaN       NaN       NaN       NaN       NaN       NaN  Infinity       NaN       NaN       NaN       NaN       NaN
      4229       NaN       NaN       NaN       NaN       NaN       NaN       NaN       NaN  Infinity       NaN       NaN       NaN       NaN       NaN
      4230       NaN       NaN       NaN       NaN       NaN       NaN       NaN       NaN  Infinity       NaN       NaN       NaN       NaN       NaN
      4231       NaN       NaN       NaN       NaN       NaN       NaN       NaN       NaN  Infinity       NaN       NaN       NaN       NaN       NaN
      4232       NaN       NaN       NaN       NaN       NaN       NaN       NaN       NaN  Infinity       NaN       NaN       NaN       NaN       NaN
      4233       NaN       NaN       NaN       NaN       NaN       NaN       NaN       NaN  Infinity       NaN       NaN       NaN       NaN       NaN
      4234       NaN       NaN       NaN       NaN       NaN       NaN       NaN       NaN  Infinity       NaN       NaN       NaN       NaN       NaN
      4235       NaN       NaN       NaN       NaN       NaN       NaN       NaN       NaN  Infinity       NaN       NaN       NaN       NaN       NaN
      4236       NaN       NaN       NaN       NaN       NaN       NaN       NaN       NaN  Infinity       NaN       NaN       NaN       NaN       NaN
      4237       NaN       NaN       NaN       NaN       NaN       NaN       NaN       NaN  Infinity       NaN       NaN       NaN       NaN       NaN
      4238       NaN       NaN       NaN       NaN       NaN       NaN       NaN       NaN  Infinity       NaN       NaN       NaN       NaN       NaN
      4239       NaN       NaN       NaN       NaN       NaN       NaN       NaN       NaN  Infinity       NaN       NaN       NaN       NaN       NaN
      4240       NaN       NaN       NaN       NaN       NaN       NaN       NaN       NaN  Infinity       NaN       NaN       NaN       NaN       NaN
      4241       NaN       NaN       NaN       NaN       NaN       NaN       NaN       NaN  Infinity       NaN       NaN       NaN       NaN       NaN
      4242       NaN       NaN       NaN       NaN       NaN       NaN       NaN       NaN  Infinity       NaN       NaN       NaN       NaN       NaN
      4243       NaN       NaN       NaN       NaN       NaN       NaN       NaN       NaN  Infinity       NaN       NaN       NaN       NaN       NaN
      4244       NaN       NaN       NaN       NaN       NaN       NaN       NaN       NaN  Infinity       NaN       NaN       NaN       NaN       NaN
      4245       NaN       NaN       NaN       NaN       NaN       NaN       NaN       NaN  Infinity       NaN       NaN       NaN       NaN       NaN
      4246       NaN       NaN       NaN       NaN       NaN       NaN       NaN       NaN  Infinity       NaN       NaN       NaN       NaN       NaN
      4247       NaN       NaN       NaN       NaN       NaN       NaN       NaN       NaN  Infinity       NaN       NaN       NaN       NaN       NaN
      4248       NaN       NaN       NaN       NaN       NaN       NaN       NaN       NaN  Infinity       NaN       NaN       NaN       NaN       NaN
      4249       NaN       NaN       NaN       NaN       NaN       NaN       NaN       NaN  Infinity       NaN       NaN       NaN       NaN       NaN
      4250       NaN       NaN       NaN       NaN       NaN       NaN       NaN       NaN  Infinity       NaN       NaN       NaN       NaN       NaN
      4251       NaN       NaN       NaN       NaN       NaN       NaN       NaN       NaN  Infinity       NaN       NaN       NaN       NaN       NaN
      4252       NaN       NaN       NaN       NaN       NaN       NaN       NaN       NaN  Infinity       NaN       NaN       NaN       NaN       NaN
      4253       NaN       NaN       NaN       NaN       NaN       NaN       NaN       NaN  Infinity       NaN       NaN       NaN       NaN       NaN
      4254       NaN       NaN       NaN       NaN       NaN       NaN       NaN       NaN  Infinity       NaN       NaN       NaN       NaN       NaN
      4255       NaN       NaN       NaN       NaN       NaN       NaN       NaN       NaN  Infinity       NaN       NaN       NaN       NaN       NaN
      4256       NaN       NaN       NaN       NaN       NaN       NaN       NaN       NaN  Infinity       NaN       NaN       NaN       NaN       NaN
      4257       NaN       NaN       NaN       NaN       NaN       NaN       NaN       NaN  Infinity       NaN       NaN       NaN       NaN       NaN
      4258       NaN       NaN       NaN       NaN       NaN       NaN       NaN       NaN  Infinity       NaN       NaN       NaN       NaN       NaN
      4259       NaN       NaN       NaN       NaN       NaN       NaN       NaN       NaN  Infinity       NaN       NaN       NaN       NaN       NaN
      4260       NaN       NaN       NaN       NaN       NaN       NaN       NaN       NaN  Infinity       NaN       NaN       NaN       NaN       NaN
      4261       NaN       NaN       NaN       NaN       NaN       NaN       NaN       NaN  Infinity       NaN       NaN       NaN       NaN       NaN
      4262       NaN       NaN       NaN       NaN       NaN       NaN       NaN       NaN  Infinity       NaN       NaN       NaN       NaN       NaN
      4263       NaN       NaN       NaN       NaN       NaN       NaN       NaN       NaN  Infinity       NaN       NaN       NaN       NaN       NaN
      4264       NaN       NaN       NaN       NaN       NaN       NaN       NaN       NaN  Infinity       NaN       NaN       NaN       NaN       NaN
      4265       NaN       NaN       NaN       NaN       NaN       NaN       NaN       NaN  Infinity       NaN       NaN       NaN       NaN       NaN
      4266       NaN       NaN       NaN       NaN       NaN       NaN       NaN       NaN  Infinity       NaN       NaN       NaN       NaN       NaN
      4267       NaN       NaN       NaN       NaN       NaN       NaN       NaN       NaN  Infinity       NaN       NaN       NaN       NaN       NaN
      4268       NaN       NaN       NaN       NaN       NaN       NaN       NaN       NaN  Infinity       NaN       NaN       NaN       NaN       NaN
      4269       NaN       NaN       NaN       NaN       NaN       NaN       NaN       NaN  Infinity       NaN       NaN       NaN       NaN       NaN
      4270       NaN       NaN       NaN       NaN       NaN       NaN       NaN       NaN  Infinity       NaN       NaN       NaN       NaN       NaN
      4271       NaN       NaN       NaN       NaN       NaN       NaN       NaN       NaN  Infinity       NaN       NaN       NaN       NaN       NaN
      4272       NaN       NaN       NaN       NaN       NaN       NaN       NaN       NaN  Infinity       NaN       NaN       NaN       NaN       NaN
      4273       NaN       NaN       NaN       NaN       NaN       NaN       NaN       NaN  Infinity       NaN       NaN       NaN       NaN       NaN
      4274       NaN       NaN       NaN       NaN       NaN       NaN       NaN       NaN  Infinity       NaN       NaN       NaN       NaN       NaN
      4275       NaN       NaN       NaN       NaN       NaN       NaN       NaN       NaN  Infinity       NaN       NaN       NaN       NaN       NaN
      4276       NaN       NaN       NaN       NaN       NaN       NaN       NaN       NaN  Infinity       NaN       NaN       NaN       NaN       NaN
      4277       NaN       NaN       NaN       NaN       NaN       NaN       NaN       NaN  Infinity       NaN       NaN       NaN       NaN       NaN
      4278       NaN       NaN       NaN       NaN       NaN       NaN       NaN       NaN  Infinity       NaN       NaN       NaN       NaN       NaN
      4279       NaN       NaN       NaN       NaN       NaN       NaN       NaN       NaN  Infinity       NaN       NaN       NaN       NaN       NaN
      4280       NaN       NaN       NaN       NaN       NaN       NaN       NaN       NaN  Infinity       NaN       NaN       NaN       NaN       NaN
      4281       NaN       NaN       NaN       NaN       NaN       NaN       NaN       NaN  Infinity       NaN       NaN       NaN       NaN       NaN
      4282       NaN       NaN       NaN       NaN       NaN       NaN       NaN       NaN  Infinity       NaN       NaN       NaN       NaN       NaN
      4283       NaN       NaN       NaN       NaN       NaN       NaN       NaN       NaN  Infinity       NaN       NaN       NaN       NaN       NaN
      4284       NaN       NaN       NaN       NaN       NaN       NaN       NaN       NaN  Infinity       NaN       NaN       NaN       NaN       NaN
      4285       NaN       NaN       NaN       NaN       NaN       NaN       NaN       NaN  Infinity       NaN       NaN       NaN       NaN       NaN
      4286       NaN       NaN       NaN       NaN       NaN       NaN       NaN       NaN  Infinity       NaN       NaN       NaN       NaN       NaN
      4287       NaN       NaN       NaN       NaN       NaN       NaN       NaN       NaN  Infinity       NaN       NaN       NaN       NaN       NaN
      4288       NaN       NaN       NaN       NaN       NaN       NaN       NaN       NaN  Infinity       NaN       NaN       NaN       NaN       NaN
      4289       NaN       NaN       NaN       NaN       NaN       NaN       NaN       NaN  Infinity       NaN       NaN       NaN       NaN       NaN
      4290       NaN       NaN       NaN       NaN       NaN       NaN       NaN       NaN  Infinity       NaN       NaN       NaN       NaN       NaN
      4291       NaN       NaN       NaN       NaN       NaN       NaN       NaN       NaN  Infinity       NaN       NaN       NaN       NaN       NaN
      4292       NaN       NaN       NaN       NaN       NaN       NaN       NaN       NaN  Infinity       NaN       NaN       NaN       NaN       NaN
      4293       NaN       NaN       NaN       NaN       NaN       NaN       NaN       NaN  Infinity       NaN       NaN       NaN       NaN       NaN
      4294       NaN       NaN       NaN       NaN       NaN       NaN       NaN       NaN  Infinity       NaN       NaN       NaN       NaN       NaN
      4295       NaN       NaN       NaN       NaN       NaN       NaN       NaN       NaN  Infinity       NaN       NaN       NaN       NaN       NaN
      4296       NaN       NaN       NaN       NaN       NaN       NaN       NaN       NaN  Infinity       NaN       NaN       NaN       NaN       NaN
      4297       NaN       NaN       NaN       NaN       NaN       NaN       NaN       NaN  Infinity       NaN       NaN       NaN       NaN       NaN
      4298       NaN       NaN       NaN       NaN       NaN       NaN       NaN       NaN  Infinity       NaN       NaN       NaN       NaN       NaN
      4299       NaN       NaN       NaN       NaN       NaN       NaN       NaN       NaN  Infinity       NaN       NaN       NaN       NaN       NaN
      4300       NaN       NaN       NaN       NaN       NaN       NaN       NaN       NaN  Infinity       NaN       NaN       NaN       NaN       NaN
      4301       NaN       NaN       NaN       NaN       NaN       NaN       NaN       NaN  Infinity       NaN       NaN       NaN       NaN       NaN
      4302       NaN       NaN       NaN       NaN       NaN       NaN       NaN       NaN  Infinity       NaN       NaN       NaN       NaN       NaN
      4303       NaN       NaN       NaN       NaN       NaN       NaN       NaN       NaN  Infinity       NaN       NaN       NaN       NaN       NaN
      4304       NaN       NaN       NaN       NaN       NaN       NaN       NaN       NaN  Infinity       NaN       NaN       NaN       NaN       NaN
      4305       NaN       NaN       NaN       NaN       NaN       NaN       NaN       NaN  Infinity       NaN       NaN       NaN       NaN       NaN
      4306       NaN       NaN       NaN       NaN       NaN       NaN       NaN       NaN  Infinity       NaN       NaN       NaN       NaN       NaN
      4307       NaN       NaN       NaN       NaN       NaN       NaN       NaN       NaN  Infinity       NaN       NaN       NaN       NaN       NaN
      4308       NaN       NaN       NaN       NaN       NaN       NaN       NaN       NaN  Infinity       NaN       NaN       NaN       NaN       NaN
      4309       NaN       NaN       NaN       NaN       NaN       NaN       NaN       NaN  Infinity       NaN       NaN       NaN       NaN       NaN
      4310       NaN       NaN       NaN       NaN       NaN       NaN       NaN       NaN  Infinity       NaN       NaN       NaN       NaN       NaN
      4311       NaN       NaN       NaN       NaN       NaN       NaN       NaN       NaN  Infinity       NaN       NaN       NaN       NaN       NaN
      4312       NaN       NaN       NaN       NaN       NaN       NaN       NaN       NaN  Infinity       NaN       NaN       NaN       NaN       NaN
      4313       NaN       NaN       NaN       NaN       NaN       NaN       NaN       NaN  Infinity       NaN       NaN       NaN       NaN       NaN
      4314       NaN       NaN       NaN       NaN       NaN       NaN       NaN       NaN  Infinity       NaN       NaN       NaN       NaN       NaN
      4315       NaN       NaN       NaN       NaN       NaN       NaN       NaN       NaN  Infinity       NaN       NaN       NaN       NaN       NaN
      4316       NaN       NaN       NaN       NaN       NaN       NaN       NaN       NaN  Infinity       NaN       NaN       NaN       NaN       NaN
      4317       NaN       NaN       NaN       NaN       NaN       NaN       NaN       NaN  Infinity       NaN       NaN       NaN       NaN       NaN
      4318       NaN       NaN       NaN       NaN       NaN       NaN       NaN       NaN  Infinity       NaN       NaN       NaN       NaN       NaN
      4319       NaN       NaN       NaN       NaN       NaN       NaN       NaN       NaN  Infinity       NaN       NaN       NaN       NaN       NaN
      4320       NaN       NaN       NaN       NaN       NaN       NaN       NaN       NaN  Infinity       NaN       NaN       NaN       NaN       NaN
      4321       NaN       NaN       NaN       NaN       NaN       NaN       NaN       NaN  Infinity       NaN       NaN       NaN       NaN       NaN
      4322       NaN       NaN       NaN       NaN       NaN       NaN       NaN       NaN  Infinity       NaN       NaN       NaN       NaN       NaN
      4323       NaN       NaN       NaN       NaN       NaN       NaN       NaN       NaN  Infinity       NaN       NaN       NaN       NaN       NaN
      4324       NaN       NaN       NaN       NaN       NaN       NaN       NaN       NaN  Infinity       NaN       NaN       NaN       NaN       NaN
      4325       NaN       NaN       NaN       NaN       NaN       NaN       NaN       NaN  Infinity       NaN       NaN       NaN       NaN       NaN
      4326       NaN       NaN       NaN       NaN       NaN       NaN       NaN       NaN  Infinity       NaN       NaN       NaN       NaN       NaN
      4327       NaN       NaN       NaN       NaN       NaN       NaN       NaN       NaN  Infinity       NaN       NaN       NaN       NaN       NaN
      4328       NaN       NaN       NaN       NaN       NaN       NaN       NaN       NaN  Infinity       NaN       NaN       NaN       NaN       NaN
      4329       NaN       NaN       NaN       NaN       NaN       NaN       NaN       NaN  Infinity       NaN       NaN       NaN       NaN       NaN
      4330       NaN       NaN       NaN       NaN       NaN       NaN       NaN       NaN  Infinity       NaN       NaN       NaN       NaN       NaN
      4331       NaN       NaN       NaN       NaN       NaN       NaN       NaN       NaN  Infinity       NaN       NaN       NaN       NaN       NaN
      4332       NaN       NaN       NaN       NaN       NaN       NaN       NaN       NaN  Infinity       NaN       NaN       NaN       NaN       NaN
      4333       NaN       NaN       NaN       NaN       NaN       NaN       NaN       NaN  Infinity       NaN       NaN       NaN       NaN       NaN
      4334       NaN       NaN       NaN       NaN       NaN       NaN       NaN       NaN  Infinity       NaN       NaN       NaN       NaN       NaN
      4335       NaN       NaN       NaN       NaN       NaN       NaN       NaN       NaN  Infinity       NaN       NaN       NaN       NaN       NaN
      4336       NaN       NaN       NaN       NaN       NaN       NaN       NaN       NaN  Infinity       NaN       NaN       NaN       NaN       NaN
      4337       NaN       NaN       NaN       NaN       NaN       NaN       NaN       NaN  Infinity       NaN       NaN       NaN       NaN       NaN
      4338       NaN       NaN       NaN       NaN       NaN       NaN       NaN       NaN  Infinity       NaN       NaN       NaN       NaN       NaN
      4339       NaN       NaN       NaN       NaN       NaN       NaN       NaN       NaN  Infinity       NaN       NaN       NaN       NaN       NaN
      4340       NaN       NaN       NaN       NaN       NaN       NaN       NaN       NaN  Infinity       NaN       NaN       NaN       NaN       NaN
      4341       NaN       NaN       NaN       NaN       NaN       NaN       NaN       NaN  Infinity       NaN       NaN       NaN       NaN       NaN
      4342       NaN       NaN       NaN       NaN       NaN       NaN       NaN       NaN  Infinity       NaN       NaN       NaN       NaN       NaN
      4343       NaN       NaN       NaN       NaN       NaN       NaN       NaN       NaN  Infinity       NaN       NaN       NaN       NaN       NaN
      4344       NaN       NaN       NaN       NaN       NaN       NaN       NaN       NaN  Infinity       NaN       NaN       NaN       NaN       NaN
      4345       NaN       NaN       NaN       NaN       NaN       NaN       NaN       NaN  Infinity       NaN       NaN       NaN       NaN       NaN
      4346       NaN       NaN       NaN       NaN       NaN       NaN       NaN       NaN  Infinity       NaN       NaN       NaN       NaN       NaN
      4347       NaN       NaN       NaN       NaN       NaN       NaN       NaN       NaN  Infinity       NaN       NaN       NaN       NaN       NaN
      4348       NaN       NaN       NaN       NaN       NaN       NaN       NaN       NaN  Infinity       NaN       NaN       NaN       NaN       NaN
      4349       NaN       NaN       NaN       NaN       NaN       NaN       NaN       NaN  Infinity       NaN       NaN       NaN       NaN       NaN
      4350       NaN       NaN       NaN       NaN       NaN       NaN       NaN       NaN  Infinity       NaN       NaN       NaN       NaN       NaN
      4351       NaN       NaN       NaN       NaN       NaN       NaN       NaN       NaN  Infinity       NaN       NaN       NaN       NaN       NaN
      4352       NaN       NaN       NaN       NaN       NaN       NaN       NaN       NaN  Infinity       NaN       NaN       NaN       NaN       NaN
      4353       NaN       NaN       NaN       NaN       NaN       NaN       NaN       NaN  Infinity       NaN       NaN       NaN       NaN       NaN
      4354       NaN       NaN       NaN       NaN       NaN       NaN       NaN       NaN  Infinity       NaN       NaN       NaN       NaN       NaN
      4355       NaN       NaN       NaN       NaN       NaN       NaN       NaN       NaN  Infinity       NaN       NaN       NaN       NaN       NaN
      4356       NaN       NaN       NaN       NaN       NaN       NaN       NaN       NaN  Infinity       NaN       NaN       NaN       NaN       NaN
      4357       NaN       NaN       NaN       NaN       NaN       NaN       NaN       NaN  Infinity       NaN       NaN       NaN       NaN       NaN
      4358       NaN       NaN       NaN       NaN       NaN       NaN       NaN       NaN  Infinity       NaN       NaN       NaN       NaN       NaN
      4359       NaN       NaN       NaN       NaN       NaN       NaN       NaN       NaN  Infinity       NaN       NaN       NaN       NaN       NaN
      4360       NaN       NaN       NaN       NaN       NaN       NaN       NaN       NaN  Infinity       NaN       NaN       NaN       NaN       NaN
      4361       NaN       NaN       NaN       NaN       NaN       NaN       NaN       NaN  Infinity       NaN       NaN       NaN       NaN       NaN
      4362       NaN       NaN       NaN       NaN       NaN       NaN       NaN       NaN  Infinity       NaN       NaN       NaN       NaN       NaN
      4363       NaN       NaN       NaN       NaN       NaN       NaN       NaN       NaN  Infinity       NaN       NaN       NaN       NaN       NaN
      4364       NaN       NaN       NaN       NaN       NaN       NaN       NaN       NaN  Infinity       NaN       NaN       NaN       NaN       NaN
      4365       NaN       NaN       NaN       NaN       NaN       NaN       NaN       NaN  Infinity       NaN       NaN       NaN       NaN       NaN
      4366       NaN       NaN       NaN       NaN       NaN       NaN       NaN       NaN  Infinity       NaN       NaN       NaN       NaN       NaN
      4367       NaN       NaN       NaN       NaN       NaN       NaN       NaN       NaN  Infinity       NaN       NaN       NaN       NaN       NaN
      4368       NaN       NaN       NaN       NaN       NaN       NaN       NaN       NaN  Infinity       NaN       NaN       NaN       NaN       NaN
      4369       NaN       NaN       NaN       NaN       NaN       NaN       NaN       NaN  Infinity       NaN       NaN       NaN       NaN       NaN
      4370       NaN       NaN       NaN       NaN       NaN       NaN       NaN       NaN  Infinity       NaN       NaN       NaN       NaN       NaN
      4371       NaN       NaN       NaN       NaN       NaN       NaN       NaN       NaN  Infinity       NaN       NaN       NaN       NaN       NaN
      4372       NaN       NaN       NaN       NaN       NaN       NaN       NaN       NaN  Infinity       NaN       NaN       NaN       NaN       NaN
      4373       NaN       NaN       NaN       NaN       NaN       NaN       NaN       NaN  Infinity       NaN       NaN       NaN       NaN       NaN
      4374       NaN       NaN       NaN       NaN       NaN       NaN       NaN       NaN  Infinity       NaN       NaN       NaN       NaN       NaN
      4375       NaN       NaN       NaN       NaN       NaN       NaN       NaN       NaN  Infinity       NaN       NaN       NaN       NaN       NaN
      4376       NaN       NaN       NaN       NaN       NaN       NaN       NaN       NaN  Infinity       NaN       NaN       NaN       NaN       NaN
      4377       NaN       NaN       NaN       NaN       NaN       NaN       NaN       NaN  Infinity       NaN       NaN       NaN       NaN       NaN
      4378       NaN       NaN       NaN       NaN       NaN       NaN       NaN       NaN  Infinity       NaN       NaN       NaN       NaN       NaN
      4379       NaN       NaN       NaN       NaN       NaN       NaN       NaN       NaN  Infinity       NaN       NaN       NaN       NaN       NaN
      4380       NaN       NaN       NaN       NaN       NaN       NaN       NaN       NaN  Infinity       NaN       NaN       NaN       NaN       NaN
      4381       NaN       NaN       NaN       NaN       NaN       NaN       NaN       NaN  Infinity       NaN       NaN       NaN       NaN       NaN
      4382       NaN       NaN       NaN       NaN       NaN       NaN       NaN       NaN  Infinity       NaN       NaN       NaN       NaN       NaN
      4383       NaN       NaN       NaN       NaN       NaN       NaN       NaN       NaN  Infinity       NaN       NaN       NaN       NaN       NaN
      4384       NaN       NaN       NaN       NaN       NaN       NaN       NaN       NaN  Infinity       NaN       NaN       NaN       NaN       NaN
      4385       NaN       NaN       NaN       NaN       NaN       NaN       NaN       NaN  Infinity       NaN       NaN       NaN       NaN       NaN
      4386       NaN       NaN       NaN       NaN       NaN       NaN       NaN       NaN  Infinity       NaN       NaN       NaN       NaN       NaN
      4387       NaN       NaN       NaN       NaN       NaN       NaN       NaN       NaN  Infinity       NaN       NaN       NaN       NaN       NaN
      4388       NaN       NaN       NaN       NaN       NaN       NaN       NaN       NaN  Infinity       NaN       NaN       NaN       NaN       NaN
      4389       NaN       NaN       NaN       NaN       NaN       NaN       NaN       NaN  Infinity       NaN       NaN       NaN       NaN       NaN
      4390       NaN       NaN       NaN       NaN       NaN       NaN       NaN       NaN  Infinity       NaN       NaN       NaN       NaN       NaN
      4391       NaN       NaN       NaN       NaN       NaN       NaN       NaN       NaN  Infinity       NaN       NaN       NaN       NaN       NaN
      4392       NaN       NaN       NaN       NaN       NaN       NaN       NaN       NaN  Infinity       NaN       NaN       NaN       NaN       NaN
      4393       NaN       NaN       NaN       NaN       NaN       NaN       NaN       NaN  Infinity       NaN       NaN       NaN       NaN       NaN
      4394       NaN       NaN       NaN       NaN       NaN       NaN       NaN       NaN  Infinity       NaN       NaN       NaN       NaN       NaN
      4395       NaN       NaN       NaN       NaN       NaN       NaN       NaN       NaN  Infinity       NaN       NaN       NaN       NaN       NaN
      4396       NaN       NaN       NaN       NaN       NaN       NaN       NaN       NaN  Infinity       NaN       NaN       NaN       NaN       NaN
      4397       NaN       NaN       NaN       NaN       NaN       NaN       NaN       NaN  Infinity       NaN       NaN       NaN       NaN       NaN
      4398       NaN       NaN       NaN       NaN       NaN       NaN       NaN       NaN  Infinity       NaN       NaN       NaN       NaN       NaN
      4399       NaN       NaN       NaN       NaN       NaN       NaN       NaN       NaN  Infinity       NaN       NaN       NaN       NaN       NaN
      4400       NaN       NaN       NaN       NaN       NaN       NaN       NaN       NaN  Infinity       NaN       NaN       NaN       NaN       NaN
      4401       NaN       NaN       NaN       NaN       NaN       NaN       NaN       NaN  Infinity       NaN       NaN       NaN       NaN       NaN
      4402       NaN       NaN       NaN       NaN       NaN       NaN       NaN       NaN  Infinity       NaN       NaN       NaN       NaN       NaN
      4403       NaN       NaN       NaN       NaN       NaN       NaN       NaN       NaN  Infinity       NaN       NaN       NaN       NaN       NaN
      4404       NaN       NaN       NaN       NaN       NaN       NaN       NaN       NaN  Infinity       NaN       NaN       NaN       NaN       NaN
      4405       NaN       NaN       NaN       NaN       NaN       NaN       NaN       NaN  Infinity       NaN       NaN       NaN       NaN       NaN
      4406       NaN       NaN       NaN       NaN       NaN       NaN       NaN       NaN  Infinity       NaN       NaN       NaN       NaN       NaN
      4407       NaN       NaN       NaN       NaN       NaN       NaN       NaN       NaN  Infinity       NaN       NaN       NaN       NaN       NaN
      4408       NaN       NaN       NaN       NaN       NaN       NaN       NaN       NaN  Infinity       NaN       NaN       NaN       NaN       NaN
      4409       NaN       NaN       NaN       NaN       NaN       NaN       NaN       NaN  Infinity       NaN       NaN       NaN       NaN       NaN
      4410       NaN       NaN       NaN       NaN       NaN       NaN       NaN       NaN  Infinity       NaN       NaN       NaN       NaN       NaN
      4411       NaN       NaN       NaN       NaN       NaN       NaN       NaN       NaN  Infinity       NaN       NaN       NaN       NaN       NaN
      4412       NaN       NaN       NaN       NaN       NaN       NaN       NaN       NaN  Infinity       NaN       NaN       NaN       NaN       NaN
      4413       NaN       NaN       NaN       NaN       NaN       NaN       NaN       NaN  Infinity       NaN       NaN       NaN       NaN       NaN
      4414       NaN       NaN       NaN       NaN       NaN       NaN       NaN       NaN  Infinity       NaN       NaN       NaN       NaN       NaN
      4415       NaN       NaN       NaN       NaN       NaN       NaN       NaN       NaN  Infinity       NaN       NaN       NaN       NaN       NaN
      4416       NaN       NaN       NaN       NaN       NaN       NaN       NaN       NaN  Infinity       NaN       NaN       NaN       NaN       NaN
      4417       NaN       NaN       NaN       NaN       NaN       NaN       NaN       NaN  Infinity       NaN       NaN       NaN       NaN       NaN
      4418       NaN       NaN       NaN       NaN       NaN       NaN       NaN       NaN  Infinity       NaN       NaN       NaN       NaN       NaN
      4419       NaN       NaN       NaN       NaN       NaN       NaN       NaN       NaN  Infinity       NaN       NaN       NaN       NaN       NaN
      4420       NaN       NaN       NaN       NaN       NaN       NaN       NaN       NaN  Infinity       NaN       NaN       NaN       NaN       NaN
      4421       NaN       NaN       NaN       NaN       NaN       NaN       NaN       NaN  Infinity       NaN       NaN       NaN       NaN       NaN
      4422       NaN       NaN       NaN       NaN       NaN       NaN       NaN       NaN  Infinity       NaN       NaN       NaN       NaN       NaN
      4423       NaN       NaN       NaN       NaN       NaN       NaN       NaN       NaN  Infinity       NaN       NaN       NaN       NaN       NaN
      4424       NaN       NaN       NaN       NaN       NaN       NaN       NaN       NaN  Infinity       NaN       NaN       NaN       NaN       NaN
      4425       NaN       NaN       NaN       NaN       NaN       NaN       NaN       NaN  Infinity       NaN       NaN       NaN       NaN       NaN
      4426       NaN       NaN       NaN       NaN       NaN       NaN       NaN       NaN  Infinity       NaN       NaN       NaN       NaN       NaN
      4427       NaN       NaN       NaN       NaN       NaN       NaN       NaN       NaN  Infinity       NaN       NaN       NaN       NaN       NaN
      4428       NaN       NaN       NaN       NaN       NaN       NaN       NaN       NaN  Infinity       NaN       NaN       NaN       NaN       NaN
      4429       NaN       NaN       NaN       NaN       NaN       NaN       NaN       NaN  Infinity       NaN       NaN       NaN       NaN       NaN
      4430       NaN       NaN       NaN       NaN       NaN       NaN       NaN       NaN  Infinity       NaN       NaN       NaN       NaN       NaN
      4431       NaN       NaN       NaN       NaN       NaN       NaN       NaN       NaN  Infinity       NaN       NaN       NaN       NaN       NaN
      4432       NaN       NaN       NaN       NaN       NaN       NaN       NaN       NaN  Infinity       NaN       NaN       NaN       NaN       NaN
      4433       NaN       NaN       NaN       NaN       NaN       NaN       NaN       NaN  Infinity       NaN       NaN       NaN       NaN       NaN
      4434       NaN       NaN       NaN       NaN       NaN       NaN       NaN       NaN  Infinity       NaN       NaN       NaN       NaN       NaN
      4435       NaN       NaN       NaN       NaN       NaN       NaN       NaN       NaN  Infinity       NaN       NaN       NaN       NaN       NaN
      4436       NaN       NaN       NaN       NaN       NaN       NaN       NaN       NaN  Infinity       NaN       NaN       NaN       NaN       NaN
      4437       NaN       NaN       NaN       NaN       NaN       NaN       NaN       NaN  Infinity       NaN       NaN       NaN       NaN       NaN
      4438       NaN       NaN       NaN       NaN       NaN       NaN       NaN       NaN  Infinity       NaN       NaN       NaN       NaN       NaN
      4439       NaN       NaN       NaN       NaN       NaN       NaN       NaN       NaN  Infinity       NaN       NaN       NaN       NaN       NaN
      4440       NaN       NaN       NaN       NaN       NaN       NaN       NaN       NaN  Infinity       NaN       NaN       NaN       NaN       NaN
      4441       NaN       NaN       NaN       NaN       NaN       NaN       NaN       NaN  Infinity       NaN       NaN       NaN       NaN       NaN
      4442       NaN       NaN       NaN       NaN       NaN       NaN       NaN       NaN  Infinity       NaN       NaN       NaN       NaN       NaN
      4443       NaN       NaN       NaN       NaN       NaN       NaN       NaN       NaN  Infinity       NaN       NaN       NaN       NaN       NaN
      4444       NaN       NaN       NaN       NaN       NaN       NaN       NaN       NaN  Infinity       NaN       NaN       NaN       NaN       NaN
      4445       NaN       NaN       NaN       NaN       NaN       NaN       NaN       NaN  Infinity       NaN       NaN       NaN       NaN       NaN
      4446       NaN       NaN       NaN       NaN       NaN       NaN       NaN       NaN  Infinity       NaN       NaN       NaN       NaN       NaN
      4447       NaN       NaN       NaN       NaN       NaN       NaN       NaN       NaN  Infinity       NaN       NaN       NaN       NaN       NaN
      4448       NaN       NaN       NaN       NaN       NaN       NaN       NaN       NaN  Infinity       NaN       NaN       NaN       NaN       NaN
      4449       NaN       NaN       NaN       NaN       NaN       NaN       NaN       NaN  Infinity       NaN       NaN       NaN       NaN       NaN
      4450       NaN       NaN       NaN       NaN       NaN       NaN       NaN       NaN  Infinity       NaN       NaN       NaN       NaN       NaN
      4451       NaN       NaN       NaN       NaN       NaN       NaN       NaN       NaN  Infinity       NaN       NaN       NaN       NaN       NaN
      4452       NaN       NaN       NaN       NaN       NaN       NaN       NaN       NaN  Infinity       NaN       NaN       NaN       NaN       NaN
      4453       NaN       NaN       NaN       NaN       NaN       NaN       NaN       NaN  Infinity       NaN       NaN       NaN       NaN       NaN
      4454       NaN       NaN       NaN       NaN       NaN       NaN       NaN       NaN  Infinity       NaN       NaN       NaN       NaN       NaN
      4455       NaN       NaN       NaN       NaN       NaN       NaN       NaN       NaN  Infinity       NaN       NaN       NaN       NaN       NaN
      4456       NaN       NaN       NaN       NaN       NaN       NaN       NaN       NaN  Infinity       NaN       NaN       NaN       NaN       NaN
      4457       NaN       NaN       NaN       NaN       NaN       NaN       NaN       NaN  Infinity       NaN       NaN       NaN       NaN       NaN
      4458       NaN       NaN       NaN       NaN       NaN       NaN       NaN       NaN  Infinity       NaN       NaN       NaN       NaN       NaN
      4459       NaN       NaN       NaN       NaN       NaN       NaN       NaN       NaN  Infinity       NaN       NaN       NaN       NaN       NaN
      4460       NaN       NaN       NaN       NaN       NaN       NaN       NaN       NaN  Infinity       NaN       NaN       NaN       NaN       NaN
      4461       NaN       NaN       NaN       NaN       NaN       NaN       NaN       NaN  Infinity       NaN       NaN       NaN       NaN       NaN
      4462       NaN       NaN       NaN       NaN       NaN       NaN       NaN       NaN  Infinity       NaN       NaN       NaN       NaN       NaN
      4463       NaN       NaN       NaN       NaN       NaN       NaN       NaN       NaN  Infinity       NaN       NaN       NaN       NaN       NaN
      4464       NaN       NaN       NaN       NaN       NaN       NaN       NaN       NaN  Infinity       NaN       NaN       NaN       NaN       NaN
      4465       NaN       NaN       NaN       NaN       NaN       NaN       NaN       NaN  Infinity       NaN       NaN       NaN       NaN       NaN
      4466       NaN       NaN       NaN       NaN       NaN       NaN       NaN       NaN  Infinity       NaN       NaN       NaN       NaN       NaN
      4467       NaN       NaN       NaN       NaN       NaN       NaN       NaN       NaN  Infinity       NaN       NaN       NaN       NaN       NaN
      4468       NaN       NaN       NaN       NaN       NaN       NaN       NaN       NaN  Infinity       NaN       NaN       NaN       NaN       NaN
      4469       NaN       NaN       NaN       NaN       NaN       NaN       NaN       NaN  Infinity       NaN       NaN       NaN       NaN       NaN
      4470       NaN       NaN       NaN       NaN       NaN       NaN       NaN       NaN  Infinity       NaN       NaN       NaN       NaN       NaN
      4471       NaN       NaN       NaN       NaN       NaN       NaN       NaN       NaN  Infinity       NaN       NaN       NaN       NaN       NaN
      4472       NaN       NaN       NaN       NaN       NaN       NaN       NaN       NaN  Infinity       NaN       NaN       NaN       NaN       NaN
      4473       NaN       NaN       NaN       NaN       NaN       NaN       NaN       NaN  Infinity       NaN       NaN       NaN       NaN       NaN
      4474       NaN       NaN       NaN       NaN       NaN       NaN       NaN       NaN  Infinity       NaN       NaN       NaN       NaN       NaN
      4475       NaN       NaN       NaN       NaN       NaN       NaN       NaN       NaN  Infinity       NaN       NaN       NaN       NaN       NaN
      4476       NaN       NaN       NaN       NaN       NaN       NaN       NaN       NaN  Infinity       NaN       NaN       NaN       NaN       NaN
      4477       NaN       NaN       NaN       NaN       NaN       NaN       NaN       NaN  Infinity       NaN       NaN       NaN       NaN       NaN
      4478       NaN       NaN       NaN       NaN       NaN       NaN       NaN       NaN  Infinity       NaN       NaN       NaN       NaN       NaN
      4479       NaN       NaN       NaN       NaN       NaN       NaN       NaN       NaN  Infinity       NaN       NaN       NaN       NaN       NaN
      4480       NaN       NaN       NaN       NaN       NaN       NaN       NaN       NaN  Infinity       NaN       NaN       NaN       NaN       NaN
      4481       NaN       NaN       NaN       NaN       NaN       NaN       NaN       NaN  Infinity       NaN       NaN       NaN       NaN       NaN
      4482       NaN       NaN       NaN       NaN       NaN       NaN       NaN       NaN  Infinity       NaN       NaN       NaN       NaN       NaN
      4483       NaN       NaN       NaN       NaN       NaN       NaN       NaN       NaN  Infinity       NaN       NaN       NaN       NaN       NaN
      4484       NaN       NaN       NaN       NaN       NaN       NaN       NaN       NaN  Infinity       NaN       NaN       NaN       NaN       NaN
      4485       NaN       NaN       NaN       NaN       NaN       NaN       NaN       NaN  Infinity       NaN       NaN       NaN       NaN       NaN
      4486       NaN       NaN       NaN       NaN       NaN       NaN       NaN       NaN  Infinity       NaN       NaN       NaN       NaN       NaN
      4487       NaN       NaN       NaN       NaN       NaN       NaN       NaN       NaN  Infinity       NaN       NaN       NaN       NaN       NaN
      4488       NaN       NaN       NaN       NaN       NaN       NaN       NaN       NaN  Infinity       NaN       NaN       NaN       NaN       NaN
      4489       NaN       NaN       NaN       NaN       NaN       NaN       NaN       NaN  Infinity       NaN       NaN       NaN       NaN       NaN
      4490       NaN       NaN       NaN       NaN       NaN       NaN       NaN       NaN  Infinity       NaN       NaN       NaN       NaN       NaN
      4491       NaN       NaN       NaN       NaN       NaN       NaN       NaN       NaN  Infinity       NaN       NaN       NaN       NaN       NaN
      4492       NaN       NaN       NaN       NaN       NaN       NaN       NaN       NaN  Infinity       NaN       NaN       NaN       NaN       NaN
      4493       NaN       NaN       NaN       NaN       NaN       NaN       NaN       NaN  Infinity       NaN       NaN       NaN       NaN       NaN
      4494       NaN       NaN       NaN       NaN       NaN       NaN       NaN       NaN  Infinity       NaN       NaN       NaN       NaN       NaN
      4495       NaN       NaN       NaN       NaN       NaN       NaN       NaN       NaN  Infinity       NaN       NaN       NaN       NaN       NaN
      4496       NaN       NaN       NaN       NaN       NaN       NaN       NaN       NaN  Infinity       NaN       NaN       NaN       NaN       NaN
      4497       NaN       NaN       NaN       NaN       NaN       NaN       NaN       NaN  Infinity       NaN       NaN       NaN       NaN       NaN
      4498       NaN       NaN       NaN       NaN       NaN       NaN       NaN       NaN  Infinity       NaN       NaN       NaN       NaN       NaN
      4499       NaN       NaN       NaN       NaN       NaN       NaN       NaN       NaN  Infinity       NaN       NaN       NaN       NaN       NaN
      4500       NaN       NaN       NaN       NaN       NaN       NaN       NaN       NaN  Infinity       NaN       NaN       NaN       NaN       NaN
      4501       NaN       NaN       NaN       NaN       NaN       NaN       NaN       NaN  Infinity       NaN       NaN       NaN       NaN       NaN
      4502       NaN       NaN       NaN       NaN       NaN       NaN       NaN       NaN  Infinity       NaN       NaN       NaN       NaN       NaN
      4503       NaN       NaN       NaN       NaN       NaN       NaN       NaN       NaN  Infinity       NaN       NaN       NaN       NaN       NaN
      4504       NaN       NaN       NaN       NaN       NaN       NaN       NaN       NaN  Infinity       NaN       NaN       NaN       NaN       NaN
      4505       NaN       NaN       NaN       NaN       NaN       NaN       NaN       NaN  Infinity       NaN       NaN       NaN       NaN       NaN
      4506       NaN       NaN       NaN       NaN       NaN       NaN       NaN       NaN  Infinity       NaN       NaN       NaN       NaN       NaN
      4507       NaN       NaN       NaN       NaN       NaN       NaN       NaN       NaN  Infinity       NaN       NaN       NaN       NaN       NaN
      4508       NaN       NaN       NaN       NaN       NaN       NaN       NaN       NaN  Infinity       NaN       NaN       NaN       NaN       NaN
      4509       NaN       NaN       NaN       NaN       NaN       NaN       NaN       NaN  Infinity       NaN       NaN       NaN       NaN       NaN
      4510       NaN       NaN       NaN       NaN       NaN       NaN       NaN       NaN  Infinity       NaN       NaN       NaN       NaN       NaN
      4511       NaN       NaN       NaN       NaN       NaN       NaN       NaN       NaN  Infinity       NaN       NaN       NaN       NaN       NaN
      4512       NaN       NaN       NaN       NaN       NaN       NaN       NaN       NaN  Infinity       NaN       NaN       NaN       NaN       NaN
      4513       NaN       NaN       NaN       NaN       NaN       NaN       NaN       NaN  Infinity       NaN       NaN       NaN       NaN       NaN
      4514       NaN       NaN       NaN       NaN       NaN       NaN       NaN       NaN  Infinity       NaN       NaN       NaN       NaN       NaN
      4515       NaN       NaN       NaN       NaN       NaN       NaN       NaN       NaN  Infinity       NaN       NaN       NaN       NaN       NaN
      4516       NaN       NaN       NaN       NaN       NaN       NaN       NaN       NaN  Infinity       NaN       NaN       NaN       NaN       NaN
      4517       NaN       NaN       NaN       NaN       NaN       NaN       NaN       NaN  Infinity       NaN       NaN       NaN       NaN       NaN
      4518       NaN       NaN       NaN       NaN       NaN       NaN       NaN       NaN  Infinity       NaN       NaN       NaN       NaN       NaN
      4519       NaN       NaN       NaN       NaN       NaN       NaN       NaN       NaN  Infinity       NaN       NaN       NaN       NaN       NaN
      4520       NaN       NaN       NaN       NaN       NaN       NaN       NaN       NaN  Infinity       NaN       NaN       NaN       NaN       NaN
      4521       NaN       NaN       NaN       NaN       NaN       NaN       NaN       NaN  Infinity       NaN       NaN       NaN       NaN       NaN
      4522       NaN       NaN       NaN       NaN       NaN       NaN       NaN       NaN  Infinity       NaN       NaN       NaN       NaN       NaN
      4523       NaN       NaN       NaN       NaN       NaN       NaN       NaN       NaN  Infinity       NaN       NaN       NaN       NaN       NaN
      4524       NaN       NaN       NaN       NaN       NaN       NaN       NaN       NaN  Infinity       NaN       NaN       NaN       NaN       NaN
      4525       NaN       NaN       NaN       NaN       NaN       NaN       NaN       NaN  Infinity       NaN       NaN       NaN       NaN       NaN
      4526       NaN       NaN       NaN       NaN       NaN       NaN       NaN       NaN  Infinity       NaN       NaN       NaN       NaN       NaN
      4527       NaN       NaN       NaN       NaN       NaN       NaN       NaN       NaN  Infinity       NaN       NaN       NaN       NaN       NaN
      4528       NaN       NaN       NaN       NaN       NaN       NaN       NaN       NaN  Infinity       NaN       NaN       NaN       NaN       NaN
      4529       NaN       NaN       NaN       NaN       NaN       NaN       NaN       NaN  Infinity       NaN       NaN       NaN       NaN       NaN
      4530       NaN       NaN       NaN       NaN       NaN       NaN       NaN       NaN  Infinity       NaN       NaN       NaN       NaN       NaN
      4531       NaN       NaN       NaN       NaN       NaN       NaN       NaN       NaN  Infinity       NaN       NaN       NaN       NaN       NaN
      4532       NaN       NaN       NaN       NaN       NaN       NaN       NaN       NaN  Infinity       NaN       NaN       NaN       NaN       NaN
      4533       NaN       NaN       NaN       NaN       NaN       NaN       NaN       NaN  Infinity       NaN       NaN       NaN       NaN       NaN
      4534       NaN       NaN       NaN       NaN       NaN       NaN       NaN       NaN  Infinity       NaN       NaN       NaN       NaN       NaN
      4535       NaN       NaN       NaN       NaN       NaN       NaN       NaN       NaN  Infinity       NaN       NaN       NaN       NaN       NaN
      4536       NaN       NaN       NaN       NaN       NaN       NaN       NaN       NaN  Infinity       NaN       NaN       NaN       NaN       NaN
      4537       NaN       NaN       NaN       NaN       NaN       NaN       NaN       NaN  Infinity       NaN       NaN       NaN       NaN       NaN
      4538       NaN       NaN       NaN       NaN       NaN       NaN       NaN       NaN  Infinity       NaN       NaN       NaN       NaN       NaN
      4539       NaN       NaN       NaN       NaN       NaN       NaN       NaN       NaN  Infinity       NaN       NaN       NaN       NaN       NaN
      4540       NaN       NaN       NaN       NaN       NaN       NaN       NaN       NaN  Infinity       NaN       NaN       NaN       NaN       NaN
      4541       NaN       NaN       NaN       NaN       NaN       NaN       NaN       NaN  Infinity       NaN       NaN       NaN       NaN       NaN
      4542       NaN       NaN       NaN       NaN       NaN       NaN       NaN       NaN  Infinity       NaN       NaN       NaN       NaN       NaN
      4543       NaN       NaN       NaN       NaN       NaN       NaN       NaN       NaN  Infinity       NaN       NaN       NaN       NaN       NaN
      4544       NaN       NaN       NaN       NaN       NaN       NaN       NaN       NaN  Infinity       NaN       NaN       NaN       NaN       NaN
      4545       NaN       NaN       NaN       NaN       NaN       NaN       NaN       NaN  Infinity       NaN       NaN       NaN       NaN       NaN
      4546       NaN       NaN       NaN       NaN       NaN       NaN       NaN       NaN  Infinity       NaN       NaN       NaN       NaN       NaN
      4547       NaN       NaN       NaN       NaN       NaN       NaN       NaN       NaN  Infinity       NaN       NaN       NaN       NaN       NaN
      4548       NaN       NaN       NaN       NaN       NaN       NaN       NaN       NaN  Infinity       NaN       NaN       NaN       NaN       NaN
      4549       NaN       NaN       NaN       NaN       NaN       NaN       NaN       NaN  Infinity       NaN       NaN       NaN       NaN       NaN
      4550       NaN       NaN       NaN       NaN       NaN       NaN       NaN       NaN  Infinity       NaN       NaN       NaN       NaN       NaN
      4551       NaN       NaN       NaN       NaN       NaN       NaN       NaN       NaN  Infinity       NaN       NaN       NaN       NaN       NaN
      4552       NaN       NaN       NaN       NaN       NaN       NaN       NaN       NaN  Infinity       NaN       NaN       NaN       NaN       NaN
      4553       NaN       NaN       NaN       NaN       NaN       NaN       NaN       NaN  Infinity       NaN       NaN       NaN       NaN       NaN
      4554       NaN       NaN       NaN       NaN       NaN       NaN       NaN       NaN  Infinity       NaN       NaN       NaN       NaN       NaN
      4555       NaN       NaN       NaN       NaN       NaN       NaN       NaN       NaN  Infinity       NaN       NaN       NaN       NaN       NaN
      4556       NaN       NaN       NaN       NaN       NaN       NaN       NaN       NaN  Infinity       NaN       NaN       NaN       NaN       NaN
      4557       NaN       NaN       NaN       NaN       NaN       NaN       NaN       NaN  Infinity       NaN       NaN       NaN       NaN       NaN
      4558       NaN       NaN       NaN       NaN       NaN       NaN       NaN       NaN  Infinity       NaN       NaN       NaN       NaN       NaN
      4559       NaN       NaN       NaN       NaN       NaN       NaN       NaN       NaN  Infinity       NaN       NaN       NaN       NaN       NaN
      4560       NaN       NaN       NaN       NaN       NaN       NaN       NaN       NaN  Infinity       NaN       NaN       NaN       NaN       NaN
      4561       NaN       NaN       NaN       NaN       NaN       NaN       NaN       NaN  Infinity       NaN       NaN       NaN       NaN       NaN
      4562       NaN       NaN       NaN       NaN       NaN       NaN       NaN       NaN  Infinity       NaN       NaN       NaN       NaN       NaN
      4563       NaN       NaN       NaN       NaN       NaN       NaN       NaN       NaN  Infinity       NaN       NaN       NaN       NaN       NaN
      4564       NaN       NaN       NaN       NaN       NaN       NaN       NaN       NaN  Infinity       NaN       NaN       NaN       NaN       NaN
      4565       NaN       NaN       NaN       NaN       NaN       NaN       NaN       NaN  Infinity       NaN       NaN       NaN       NaN       NaN
      4566       NaN       NaN       NaN       NaN       NaN       NaN       NaN       NaN  Infinity       NaN       NaN       NaN       NaN       NaN
      4567       NaN       NaN       NaN       NaN       NaN       NaN       NaN       NaN  Infinity       NaN       NaN       NaN       NaN       NaN
      4568       NaN       NaN       NaN       NaN       NaN       NaN       NaN       NaN  Infinity       NaN       NaN       NaN       NaN       NaN
      4569       NaN       NaN       NaN       NaN       NaN       NaN       NaN       NaN  Infinity       NaN       NaN       NaN       NaN       NaN
      4570       NaN       NaN       NaN       NaN       NaN       NaN       NaN       NaN  Infinity       NaN       NaN       NaN       NaN       NaN
      4571       NaN       NaN       NaN       NaN       NaN       NaN       NaN       NaN  Infinity       NaN       NaN       NaN       NaN       NaN
      4572       NaN       NaN       NaN       NaN       NaN       NaN       NaN       NaN  Infinity       NaN       NaN       NaN       NaN       NaN
      4573       NaN       NaN       NaN       NaN       NaN       NaN       NaN       NaN  Infinity       NaN       NaN       NaN       NaN       NaN
      4574       NaN       NaN       NaN       NaN       NaN       NaN       NaN       NaN  Infinity       NaN       NaN       NaN       NaN       NaN
      4575       NaN       NaN       NaN       NaN       NaN       NaN       NaN       NaN  Infinity       NaN       NaN       NaN       NaN       NaN
      4576       NaN       NaN       NaN       NaN       NaN       NaN       NaN       NaN  Infinity       NaN       NaN       NaN       NaN       NaN
      4577       NaN       NaN       NaN       NaN       NaN       NaN       NaN       NaN  Infinity       NaN       NaN       NaN       NaN       NaN
      4578       NaN       NaN       NaN       NaN       NaN       NaN       NaN       NaN  Infinity       NaN       NaN       NaN       NaN       NaN
      4579       NaN       NaN       NaN       NaN       NaN       NaN       NaN       NaN  Infinity       NaN       NaN       NaN       NaN       NaN
      4580       NaN       NaN       NaN       NaN       NaN       NaN       NaN       NaN  Infinity       NaN       NaN       NaN       NaN       NaN
      4581       NaN       NaN       NaN       NaN       NaN       NaN       NaN       NaN  Infinity       NaN       NaN       NaN       NaN       NaN
      4582       NaN       NaN       NaN       NaN       NaN       NaN       NaN       NaN  Infinity       NaN       NaN       NaN       NaN       NaN
      4583       NaN       NaN       NaN       NaN       NaN       NaN       NaN       NaN  Infinity       NaN       NaN       NaN       NaN       NaN
      4584       NaN       NaN       NaN       NaN       NaN       NaN       NaN       NaN  Infinity       NaN       NaN       NaN       NaN       NaN
      4585       NaN       NaN       NaN       NaN       NaN       NaN       NaN       NaN  Infinity       NaN       NaN       NaN       NaN       NaN
      4586       NaN       NaN       NaN       NaN       NaN       NaN       NaN       NaN  Infinity       NaN       NaN       NaN       NaN       NaN
      4587       NaN       NaN       NaN       NaN       NaN       NaN       NaN       NaN  Infinity       NaN       NaN       NaN       NaN       NaN
      4588       NaN       NaN       NaN       NaN       NaN       NaN       NaN       NaN  Infinity       NaN       NaN       NaN       NaN       NaN
      4589       NaN       NaN       NaN       NaN       NaN       NaN       NaN       NaN  Infinity       NaN       NaN       NaN       NaN       NaN
      4590       NaN       NaN       NaN       NaN       NaN       NaN       NaN       NaN  Infinity       NaN       NaN       NaN       NaN       NaN
      4591       NaN       NaN       NaN       NaN       NaN       NaN       NaN       NaN  Infinity       NaN       NaN       NaN       NaN       NaN
      4592       NaN       NaN       NaN       NaN       NaN       NaN       NaN       NaN  Infinity       NaN       NaN       NaN       NaN       NaN
      4593       NaN       NaN       NaN       NaN       NaN       NaN       NaN       NaN  Infinity       NaN       NaN       NaN       NaN       NaN
      4594       NaN       NaN       NaN       NaN       NaN       NaN       NaN       NaN  Infinity       NaN       NaN       NaN       NaN       NaN
      4595       NaN       NaN       NaN       NaN       NaN       NaN       NaN       NaN  Infinity       NaN       NaN       NaN       NaN       NaN
      4596       NaN       NaN       NaN       NaN       NaN       NaN       NaN       NaN  Infinity       NaN       NaN       NaN       NaN       NaN
      4597       NaN       NaN       NaN       NaN       NaN       NaN       NaN       NaN  Infinity       NaN       NaN       NaN       NaN       NaN
      4598       NaN       NaN       NaN       NaN       NaN       NaN       NaN       NaN  Infinity       NaN       NaN       NaN       NaN       NaN
      4599       NaN       NaN       NaN       NaN       NaN       NaN       NaN       NaN  Infinity       NaN       NaN       NaN       NaN       NaN
      4600       NaN       NaN       NaN       NaN       NaN       NaN       NaN       NaN  Infinity       NaN       NaN       NaN       NaN       NaN
      4601       NaN       NaN       NaN       NaN       NaN       NaN       NaN       NaN  Infinity       NaN       NaN       NaN       NaN       NaN
      4602       NaN       NaN       NaN       NaN       NaN       NaN       NaN       NaN  Infinity       NaN       NaN       NaN       NaN       NaN
      4603       NaN       NaN       NaN       NaN       NaN       NaN       NaN       NaN  Infinity       NaN       NaN       NaN       NaN       NaN
      4604       NaN       NaN       NaN       NaN       NaN       NaN       NaN       NaN  Infinity       NaN       NaN       NaN       NaN       NaN
      4605       NaN       NaN       NaN       NaN       NaN       NaN       NaN       NaN  Infinity       NaN       NaN       NaN       NaN       NaN
      4606       NaN       NaN       NaN       NaN       NaN       NaN       NaN       NaN  Infinity       NaN       NaN       NaN       NaN       NaN
      4607       NaN       NaN       NaN       NaN       NaN       NaN       NaN       NaN  Infinity       NaN       NaN       NaN       NaN       NaN
      4608       NaN       NaN       NaN       NaN       NaN       NaN       NaN       NaN  Infinity       NaN       NaN       NaN       NaN       NaN
      4609       NaN       NaN       NaN       NaN       NaN       NaN       NaN       NaN  Infinity       NaN       NaN       NaN       NaN       NaN
      4610       NaN       NaN       NaN       NaN       NaN       NaN       NaN       NaN  Infinity       NaN       NaN       NaN       NaN       NaN
      4611       NaN       NaN       NaN       NaN       NaN       NaN       NaN       NaN  Infinity       NaN       NaN       NaN       NaN       NaN
      4612       NaN       NaN       NaN       NaN       NaN       NaN       NaN       NaN  Infinity       NaN       NaN       NaN       NaN       NaN
      4613       NaN       NaN       NaN       NaN       NaN       NaN       NaN       NaN  Infinity       NaN       NaN       NaN       NaN       NaN
      4614       NaN       NaN       NaN       NaN       NaN       NaN       NaN       NaN  Infinity       NaN       NaN       NaN       NaN       NaN
      4615       NaN       NaN       NaN       NaN       NaN       NaN       NaN       NaN  Infinity       NaN       NaN       NaN       NaN       NaN
      4616       NaN       NaN       NaN       NaN       NaN       NaN       NaN       NaN  Infinity       NaN       NaN       NaN       NaN       NaN
      4617       NaN       NaN       NaN       NaN       NaN       NaN       NaN       NaN  Infinity       NaN       NaN       NaN       NaN       NaN
      4618       NaN       NaN       NaN       NaN       NaN       NaN       NaN       NaN  Infinity       NaN       NaN       NaN       NaN       NaN
      4619       NaN       NaN       NaN       NaN       NaN       NaN       NaN       NaN  Infinity       NaN       NaN       NaN       NaN       NaN
      4620       NaN       NaN       NaN       NaN       NaN       NaN       NaN       NaN  Infinity       NaN       NaN       NaN       NaN       NaN
      4621       NaN       NaN       NaN       NaN       NaN       NaN       NaN       NaN  Infinity       NaN       NaN       NaN       NaN       NaN
      4622       NaN       NaN       NaN       NaN       NaN       NaN       NaN       NaN  Infinity       NaN       NaN       NaN       NaN       NaN
      4623       NaN       NaN       NaN       NaN       NaN       NaN       NaN       NaN  Infinity       NaN       NaN       NaN       NaN       NaN
      4624       NaN       NaN       NaN       NaN       NaN       NaN       NaN       NaN  Infinity       NaN       NaN       NaN       NaN       NaN
      4625       NaN       NaN       NaN       NaN       NaN       NaN       NaN       NaN  Infinity       NaN       NaN       NaN       NaN       NaN
      4626       NaN       NaN       NaN       NaN       NaN       NaN       NaN       NaN  Infinity       NaN       NaN       NaN       NaN       NaN
      4627       NaN       NaN       NaN       NaN       NaN       NaN       NaN       NaN  Infinity       NaN       NaN       NaN       NaN       NaN
      4628       NaN       NaN       NaN       NaN       NaN       NaN       NaN       NaN  Infinity       NaN       NaN       NaN       NaN       NaN
      4629       NaN       NaN       NaN       NaN       NaN       NaN       NaN       NaN  Infinity       NaN       NaN       NaN       NaN       NaN
      4630       NaN       NaN       NaN       NaN       NaN       NaN       NaN       NaN  Infinity       NaN       NaN       NaN       NaN       NaN
      4631       NaN       NaN       NaN       NaN       NaN       NaN       NaN       NaN  Infinity       NaN       NaN       NaN       NaN       NaN
      4632       NaN       NaN       NaN       NaN       NaN       NaN       NaN       NaN  Infinity       NaN       NaN       NaN       NaN       NaN
      4633       NaN       NaN       NaN       NaN       NaN       NaN       NaN       NaN  Infinity       NaN       NaN       NaN       NaN       NaN
      4634       NaN       NaN       NaN       NaN       NaN       NaN       NaN       NaN  Infinity       NaN       NaN       NaN       NaN       NaN
      4635       NaN       NaN       NaN       NaN       NaN       NaN       NaN       NaN  Infinity       NaN       NaN       NaN       NaN       NaN
      4636       NaN       NaN       NaN       NaN       NaN       NaN       NaN       NaN  Infinity       NaN       NaN       NaN       NaN       NaN
      4637       NaN       NaN       NaN       NaN       NaN       NaN       NaN       NaN  Infinity       NaN       NaN       NaN       NaN       NaN
      4638       NaN       NaN       NaN       NaN       NaN       NaN       NaN       NaN  Infinity       NaN       NaN       NaN       NaN       NaN
      4639       NaN       NaN       NaN       NaN       NaN       NaN       NaN       NaN  Infinity       NaN       NaN       NaN       NaN       NaN
      4640       NaN       NaN       NaN       NaN       NaN       NaN       NaN       NaN  Infinity       NaN       NaN       NaN       NaN       NaN
      4641       NaN       NaN       NaN       NaN       NaN       NaN       NaN       NaN  Infinity       NaN       NaN       NaN       NaN       NaN
      4642       NaN       NaN       NaN       NaN       NaN       NaN       NaN       NaN  Infinity       NaN       NaN       NaN       NaN       NaN
      4643       NaN       NaN       NaN       NaN       NaN       NaN       NaN       NaN  Infinity       NaN       NaN       NaN       NaN       NaN
      4644       NaN       NaN       NaN       NaN       NaN       NaN       NaN       NaN  Infinity       NaN       NaN       NaN       NaN       NaN
      4645       NaN       NaN       NaN       NaN       NaN       NaN       NaN       NaN  Infinity       NaN       NaN       NaN       NaN       NaN
      4646       NaN       NaN       NaN       NaN       NaN       NaN       NaN       NaN  Infinity       NaN       NaN       NaN       NaN       NaN
      4647       NaN       NaN       NaN       NaN       NaN       NaN       NaN       NaN  Infinity       NaN       NaN       NaN       NaN       NaN
      4648       NaN       NaN       NaN       NaN       NaN       NaN       NaN       NaN  Infinity       NaN       NaN       NaN       NaN       NaN
      4649       NaN       NaN       NaN       NaN       NaN       NaN       NaN       NaN  Infinity       NaN       NaN       NaN       NaN       NaN
      4650       NaN       NaN       NaN       NaN       NaN       NaN       NaN       NaN  Infinity       NaN       NaN       NaN       NaN       NaN
      4651       NaN       NaN       NaN       NaN       NaN       NaN       NaN       NaN  Infinity       NaN       NaN       NaN       NaN       NaN
      4652       NaN       NaN       NaN       NaN       NaN       NaN       NaN       NaN  Infinity       NaN       NaN       NaN       NaN       NaN
      4653       NaN       NaN       NaN       NaN       NaN       NaN       NaN       NaN  Infinity       NaN       NaN       NaN       NaN       NaN
      4654       NaN       NaN       NaN       NaN       NaN       NaN       NaN       NaN  Infinity       NaN       NaN       NaN       NaN       NaN
      4655       NaN       NaN       NaN       NaN       NaN       NaN       NaN       NaN  Infinity       NaN       NaN       NaN       NaN       NaN
      4656       NaN       NaN       NaN       NaN       NaN       NaN       NaN       NaN  Infinity       NaN       NaN       NaN       NaN       NaN
      4657       NaN       NaN       NaN       NaN       NaN       NaN       NaN       NaN  Infinity       NaN       NaN       NaN       NaN       NaN
      4658       NaN       NaN       NaN       NaN       NaN       NaN       NaN       NaN  Infinity       NaN       NaN       NaN       NaN       NaN
      4659       NaN       NaN       NaN       NaN       NaN       NaN       NaN       NaN  Infinity       NaN       NaN       NaN       NaN       NaN
      4660       NaN       NaN       NaN       NaN       NaN       NaN       NaN       NaN  Infinity       NaN       NaN       NaN       NaN       NaN
      4661       NaN       NaN       NaN       NaN       NaN       NaN       NaN       NaN  Infinity       NaN       NaN       NaN       NaN       NaN
      4662       NaN       NaN       NaN       NaN       NaN       NaN       NaN       NaN  Infinity       NaN       NaN       NaN       NaN       NaN
      4663       NaN       NaN       NaN       NaN       NaN       NaN       NaN       NaN  Infinity       NaN       NaN       NaN       NaN       NaN
      4664       NaN       NaN       NaN       NaN       NaN       NaN       NaN       NaN  Infinity       NaN       NaN       NaN       NaN       NaN
      4665       NaN       NaN       NaN       NaN       NaN       NaN       NaN       NaN  Infinity       NaN       NaN       NaN       NaN       NaN
      4666       NaN       NaN       NaN       NaN       NaN       NaN       NaN       NaN  Infinity       NaN       NaN       NaN       NaN       NaN
      4667       NaN       NaN       NaN       NaN       NaN       NaN       NaN       NaN  Infinity       NaN       NaN       NaN       NaN       NaN
      4668       NaN       NaN       NaN       NaN       NaN       NaN       NaN       NaN  Infinity       NaN       NaN       NaN       NaN       NaN
      4669       NaN       NaN       NaN       NaN       NaN       NaN       NaN       NaN  Infinity       NaN       NaN       NaN       NaN       NaN
      4670       NaN       NaN       NaN       NaN       NaN       NaN       NaN       NaN  Infinity       NaN       NaN       NaN       NaN       NaN
      4671       NaN       NaN       NaN       NaN       NaN       NaN       NaN       NaN  Infinity       NaN       NaN       NaN       NaN       NaN
      4672       NaN       NaN       NaN       NaN       NaN       NaN       NaN       NaN  Infinity       NaN       NaN       NaN       NaN       NaN
      4673       NaN       NaN       NaN       NaN       NaN       NaN       NaN       NaN  Infinity       NaN       NaN       NaN       NaN       NaN
      4674       NaN       NaN       NaN       NaN       NaN       NaN       NaN       NaN  Infinity       NaN       NaN       NaN       NaN       NaN
      4675       NaN       NaN       NaN       NaN       NaN       NaN       NaN       NaN  Infinity       NaN       NaN       NaN       NaN       NaN
      4676       NaN       NaN       NaN       NaN       NaN       NaN       NaN       NaN  Infinity       NaN       NaN       NaN       NaN       NaN
      4677       NaN       NaN       NaN       NaN       NaN       NaN       NaN       NaN  Infinity       NaN       NaN       NaN       NaN       NaN
      4678       NaN       NaN       NaN       NaN       NaN       NaN       NaN       NaN  Infinity       NaN       NaN       NaN       NaN       NaN
      4679       NaN       NaN       NaN       NaN       NaN       NaN       NaN       NaN  Infinity       NaN       NaN       NaN       NaN       NaN
      4680       NaN       NaN       NaN       NaN       NaN       NaN       NaN       NaN  Infinity       NaN       NaN       NaN       NaN       NaN
      4681       NaN       NaN       NaN       NaN       NaN       NaN       NaN       NaN  Infinity       NaN       NaN       NaN       NaN       NaN
      4682       NaN       NaN       NaN       NaN       NaN       NaN       NaN       NaN  Infinity       NaN       NaN       NaN       NaN       NaN
      4683       NaN       NaN       NaN       NaN       NaN       NaN       NaN       NaN  Infinity       NaN       NaN       NaN       NaN       NaN
      4684       NaN       NaN       NaN       NaN       NaN       NaN       NaN       NaN  Infinity       NaN       NaN       NaN       NaN       NaN
      4685       NaN       NaN       NaN       NaN       NaN       NaN       NaN       NaN  Infinity       NaN       NaN       NaN       NaN       NaN
      4686       NaN       NaN       NaN       NaN       NaN       NaN       NaN       NaN  Infinity       NaN       NaN       NaN       NaN       NaN
      4687       NaN       NaN       NaN       NaN       NaN       NaN       NaN       NaN  Infinity       NaN       NaN       NaN       NaN       NaN
      4688       NaN       NaN       NaN       NaN       NaN       NaN       NaN       NaN  Infinity       NaN       NaN       NaN       NaN       NaN
      4689       NaN       NaN       NaN       NaN       NaN       NaN       NaN       NaN  Infinity       NaN       NaN       NaN       NaN       NaN
      4690       NaN       NaN       NaN       NaN       NaN       NaN       NaN       NaN  Infinity       NaN       NaN       NaN       NaN       NaN
      4691       NaN       NaN       NaN       NaN       NaN       NaN       NaN       NaN  Infinity       NaN       NaN       NaN       NaN       NaN
      4692       NaN       NaN       NaN       NaN       NaN       NaN       NaN       NaN  Infinity       NaN       NaN       NaN       NaN       NaN
      4693       NaN       NaN       NaN       NaN       NaN       NaN       NaN       NaN  Infinity       NaN       NaN       NaN       NaN       NaN
      4694       NaN       NaN       NaN       NaN       NaN       NaN       NaN       NaN  Infinity       NaN       NaN       NaN       NaN       NaN
      4695       NaN       NaN       NaN       NaN       NaN       NaN       NaN       NaN  Infinity       NaN       NaN       NaN       NaN       NaN
      4696       NaN       NaN       NaN       NaN       NaN       NaN       NaN       NaN  Infinity       NaN       NaN       NaN       NaN       NaN
      4697       NaN       NaN       NaN       NaN       NaN       NaN       NaN       NaN  Infinity       NaN       NaN       NaN       NaN       NaN
      4698       NaN       NaN       NaN       NaN       NaN       NaN       NaN       NaN  Infinity       NaN       NaN       NaN       NaN       NaN
      4699       NaN       NaN       NaN       NaN       NaN       NaN       NaN       NaN  Infinity       NaN       NaN       NaN       NaN       NaN
      4700       NaN       NaN       NaN       NaN       NaN       NaN       NaN       NaN  Infinity       NaN       NaN       NaN       NaN       NaN
      4701       NaN       NaN       NaN       NaN       NaN       NaN       NaN       NaN  Infinity       NaN       NaN       NaN       NaN       NaN
      4702       NaN       NaN       NaN       NaN       NaN       NaN       NaN       NaN  Infinity       NaN       NaN       NaN       NaN       NaN
      4703       NaN       NaN       NaN       NaN       NaN       NaN       NaN       NaN  Infinity       NaN       NaN       NaN       NaN       NaN
      4704       NaN       NaN       NaN       NaN       NaN       NaN       NaN       NaN  Infinity       NaN       NaN       NaN       NaN       NaN
      4705       NaN       NaN       NaN       NaN       NaN       NaN       NaN       NaN  Infinity       NaN       NaN       NaN       NaN       NaN
      4706       NaN       NaN       NaN       NaN       NaN       NaN       NaN       NaN  Infinity       NaN       NaN       NaN       NaN       NaN
      4707       NaN       NaN       NaN       NaN       NaN       NaN       NaN       NaN  Infinity       NaN       NaN       NaN       NaN       NaN
      4708       NaN       NaN       NaN       NaN       NaN       NaN       NaN       NaN  Infinity       NaN       NaN       NaN       NaN       NaN
      4709       NaN       NaN       NaN       NaN       NaN       NaN       NaN       NaN  Infinity       NaN       NaN       NaN       NaN       NaN
      4710       NaN       NaN       NaN       NaN       NaN       NaN       NaN       NaN  Infinity       NaN       NaN       NaN       NaN       NaN
      4711       NaN       NaN       NaN       NaN       NaN       NaN       NaN       NaN  Infinity       NaN       NaN       NaN       NaN       NaN
      4712       NaN       NaN       NaN       NaN       NaN       NaN       NaN       NaN  Infinity       NaN       NaN       NaN       NaN       NaN
      4713       NaN       NaN       NaN       NaN       NaN       NaN       NaN       NaN  Infinity       NaN       NaN       NaN       NaN       NaN
      4714       NaN       NaN       NaN       NaN       NaN       NaN       NaN       NaN  Infinity       NaN       NaN       NaN       NaN       NaN
      4715       NaN       NaN       NaN       NaN       NaN       NaN       NaN       NaN  Infinity       NaN       NaN       NaN       NaN       NaN
      4716       NaN       NaN       NaN       NaN       NaN       NaN       NaN       NaN  Infinity       NaN       NaN       NaN       NaN       NaN
      4717       NaN       NaN       NaN       NaN       NaN       NaN       NaN       NaN  Infinity       NaN       NaN       NaN       NaN       NaN
      4718       NaN       NaN       NaN       NaN       NaN       NaN       NaN       NaN  Infinity       NaN       NaN       NaN       NaN       NaN
      4719       NaN       NaN       NaN       NaN       NaN       NaN       NaN       NaN  Infinity       NaN       NaN       NaN       NaN       NaN
      4720       NaN       NaN       NaN       NaN       NaN       NaN       NaN       NaN  Infinity       NaN       NaN       NaN       NaN       NaN
      4721       NaN       NaN       NaN       NaN       NaN       NaN       NaN       NaN  Infinity       NaN       NaN       NaN       NaN       NaN
      4722       NaN       NaN       NaN       NaN       NaN       NaN       NaN       NaN  Infinity       NaN       NaN       NaN       NaN       NaN
      4723       NaN       NaN       NaN       NaN       NaN       NaN       NaN       NaN  Infinity       NaN       NaN       NaN       NaN       NaN
      4724       NaN       NaN       NaN       NaN       NaN       NaN       NaN       NaN  Infinity       NaN       NaN       NaN       NaN       NaN
      4725       NaN       NaN       NaN       NaN       NaN       NaN       NaN       NaN  Infinity       NaN       NaN       NaN       NaN       NaN
      4726       NaN       NaN       NaN       NaN       NaN       NaN       NaN       NaN  Infinity       NaN       NaN       NaN       NaN       NaN
      4727       NaN       NaN       NaN       NaN       NaN       NaN       NaN       NaN  Infinity       NaN       NaN       NaN       NaN       NaN
      4728       NaN       NaN       NaN       NaN       NaN       NaN       NaN       NaN  Infinity       NaN       NaN       NaN       NaN       NaN
      4729       NaN       NaN       NaN       NaN       NaN       NaN       NaN       NaN  Infinity       NaN       NaN       NaN       NaN       NaN
      4730       NaN       NaN       NaN       NaN       NaN       NaN       NaN       NaN  Infinity       NaN       NaN       NaN       NaN       NaN
      4731       NaN       NaN       NaN       NaN       NaN       NaN       NaN       NaN  Infinity       NaN       NaN       NaN       NaN       NaN
      4732       NaN       NaN       NaN       NaN       NaN       NaN       NaN       NaN  Infinity       NaN       NaN       NaN       NaN       NaN
      4733       NaN       NaN       NaN       NaN       NaN       NaN       NaN       NaN  Infinity       NaN       NaN       NaN       NaN       NaN
      4734       NaN       NaN       NaN       NaN       NaN       NaN       NaN       NaN  Infinity       NaN       NaN       NaN       NaN       NaN
      4735       NaN       NaN       NaN       NaN       NaN       NaN       NaN       NaN  Infinity       NaN       NaN       NaN       NaN       NaN
      4736       NaN       NaN       NaN       NaN       NaN       NaN       NaN       NaN  Infinity       NaN       NaN       NaN       NaN       NaN
      4737       NaN       NaN       NaN       NaN       NaN       NaN       NaN       NaN  Infinity       NaN       NaN       NaN       NaN       NaN
      4738       NaN       NaN       NaN       NaN       NaN       NaN       NaN       NaN  Infinity       NaN       NaN       NaN       NaN       NaN
      4739       NaN       NaN       NaN       NaN       NaN       NaN       NaN       NaN  Infinity       NaN       NaN       NaN       NaN       NaN
      4740       NaN       NaN       NaN       NaN       NaN       NaN       NaN       NaN  Infinity       NaN       NaN       NaN       NaN       NaN
      4741       NaN       NaN       NaN       NaN       NaN       NaN       NaN       NaN  Infinity       NaN       NaN       NaN       NaN       NaN
      4742       NaN       NaN       NaN       NaN       NaN       NaN       NaN       NaN  Infinity       NaN       NaN       NaN       NaN       NaN
      4743       NaN       NaN       NaN       NaN       NaN       NaN       NaN       NaN  Infinity       NaN       NaN       NaN       NaN       NaN
      4744       NaN       NaN       NaN       NaN       NaN       NaN       NaN       NaN  Infinity       NaN       NaN       NaN       NaN       NaN
      4745       NaN       NaN       NaN       NaN       NaN       NaN       NaN       NaN  Infinity       NaN       NaN       NaN       NaN       NaN
      4746       NaN       NaN       NaN       NaN       NaN       NaN       NaN       NaN  Infinity       NaN       NaN       NaN       NaN       NaN
      4747       NaN       NaN       NaN       NaN       NaN       NaN       NaN       NaN  Infinity       NaN       NaN       NaN       NaN       NaN
      4748       NaN       NaN       NaN       NaN       NaN       NaN       NaN       NaN  Infinity       NaN       NaN       NaN       NaN       NaN
      4749       NaN       NaN       NaN       NaN       NaN       NaN       NaN       NaN  Infinity       NaN       NaN       NaN       NaN       NaN
      4750       NaN       NaN       NaN       NaN       NaN       NaN       NaN       NaN  Infinity       NaN       NaN       NaN       NaN       NaN
      4751       NaN       NaN       NaN       NaN       NaN       NaN       NaN       NaN  Infinity       NaN       NaN       NaN       NaN       NaN
      4752       NaN       NaN       NaN       NaN       NaN       NaN       NaN       NaN  Infinity       NaN       NaN       NaN       NaN       NaN
      4753       NaN       NaN       NaN       NaN       NaN       NaN       NaN       NaN  Infinity       NaN       NaN       NaN       NaN       NaN
      4754       NaN       NaN       NaN       NaN       NaN       NaN       NaN       NaN  Infinity       NaN       NaN       NaN       NaN       NaN
      4755       NaN       NaN       NaN       NaN       NaN       NaN       NaN       NaN  Infinity       NaN       NaN       NaN       NaN       NaN
      4756       NaN       NaN       NaN       NaN       NaN       NaN       NaN       NaN  Infinity       NaN       NaN       NaN       NaN       NaN
      4757       NaN       NaN       NaN       NaN       NaN       NaN       NaN       NaN  Infinity       NaN       NaN       NaN       NaN       NaN
      4758       NaN       NaN       NaN       NaN       NaN       NaN       NaN       NaN  Infinity       NaN       NaN       NaN       NaN       NaN
      4759       NaN       NaN       NaN       NaN       NaN       NaN       NaN       NaN  Infinity       NaN       NaN       NaN       NaN       NaN
      4760       NaN       NaN       NaN       NaN       NaN       NaN       NaN       NaN  Infinity       NaN       NaN       NaN       NaN       NaN
      4761       NaN       NaN       NaN       NaN       NaN       NaN       NaN       NaN  Infinity       NaN       NaN       NaN       NaN       NaN
      4762       NaN       NaN       NaN       NaN       NaN       NaN       NaN       NaN  Infinity       NaN       NaN       NaN       NaN       NaN
      4763       NaN       NaN       NaN       NaN       NaN       NaN       NaN       NaN  Infinity       NaN       NaN       NaN       NaN       NaN
      4764       NaN       NaN       NaN       NaN       NaN       NaN       NaN       NaN  Infinity       NaN       NaN       NaN       NaN       NaN
      4765       NaN       NaN       NaN       NaN       NaN       NaN       NaN       NaN  Infinity       NaN       NaN       NaN       NaN       NaN
      4766       NaN       NaN       NaN       NaN       NaN       NaN       NaN       NaN  Infinity       NaN       NaN       NaN       NaN       NaN
      4767       NaN       NaN       NaN       NaN       NaN       NaN       NaN       NaN  Infinity       NaN       NaN       NaN       NaN       NaN
      4768       NaN       NaN       NaN       NaN       NaN       NaN       NaN       NaN  Infinity       NaN       NaN       NaN       NaN       NaN
      4769       NaN       NaN       NaN       NaN       NaN       NaN       NaN       NaN  Infinity       NaN       NaN       NaN       NaN       NaN
      4770       NaN       NaN       NaN       NaN       NaN       NaN       NaN       NaN  Infinity       NaN       NaN       NaN       NaN       NaN
      4771       NaN       NaN       NaN       NaN       NaN       NaN       NaN       NaN  Infinity       NaN       NaN       NaN       NaN       NaN
      4772       NaN       NaN       NaN       NaN       NaN       NaN       NaN       NaN  Infinity       NaN       NaN       NaN       NaN       NaN
      4773       NaN       NaN       NaN       NaN       NaN       NaN       NaN       NaN  Infinity       NaN       NaN       NaN       NaN       NaN
      4774       NaN       NaN       NaN       NaN       NaN       NaN       NaN       NaN  Infinity       NaN       NaN       NaN       NaN       NaN
      4775       NaN       NaN       NaN       NaN       NaN       NaN       NaN       NaN  Infinity       NaN       NaN       NaN       NaN       NaN
      4776       NaN       NaN       NaN       NaN       NaN       NaN       NaN       NaN  Infinity       NaN       NaN       NaN       NaN       NaN
      4777       NaN       NaN       NaN       NaN       NaN       NaN       NaN       NaN  Infinity       NaN       NaN       NaN       NaN       NaN
      4778       NaN       NaN       NaN       NaN       NaN       NaN       NaN       NaN  Infinity       NaN       NaN       NaN       NaN       NaN
      4779       NaN       NaN       NaN       NaN       NaN       NaN       NaN       NaN  Infinity       NaN       NaN       NaN       NaN       NaN
      4780       NaN       NaN       NaN       NaN       NaN       NaN       NaN       NaN  Infinity       NaN       NaN       NaN       NaN       NaN
      4781       NaN       NaN       NaN       NaN       NaN       NaN       NaN       NaN  Infinity       NaN       NaN       NaN       NaN       NaN
      4782       NaN       NaN       NaN       NaN       NaN       NaN       NaN       NaN  Infinity       NaN       NaN       NaN       NaN       NaN
      4783       NaN       NaN       NaN       NaN       NaN       NaN       NaN       NaN  Infinity       NaN       NaN       NaN       NaN       NaN
      4784       NaN       NaN       NaN       NaN       NaN       NaN       NaN       NaN  Infinity       NaN       NaN       NaN       NaN       NaN
      4785       NaN       NaN       NaN       NaN       NaN       NaN       NaN       NaN  Infinity       NaN       NaN       NaN       NaN       NaN
      4786       NaN       NaN       NaN       NaN       NaN       NaN       NaN       NaN  Infinity       NaN       NaN       NaN       NaN       NaN
      4787       NaN       NaN       NaN       NaN       NaN       NaN       NaN       NaN  Infinity       NaN       NaN       NaN       NaN       NaN
      4788       NaN       NaN       NaN       NaN       NaN       NaN       NaN       NaN  Infinity       NaN       NaN       NaN       NaN       NaN
      4789       NaN       NaN       NaN       NaN       NaN       NaN       NaN       NaN  Infinity       NaN       NaN       NaN       NaN       NaN
      4790       NaN       NaN       NaN       NaN       NaN       NaN       NaN       NaN  Infinity       NaN       NaN       NaN       NaN       NaN
      4791       NaN       NaN       NaN       NaN       NaN       NaN       NaN       NaN  Infinity       NaN       NaN       NaN       NaN       NaN
      4792       NaN       NaN       NaN       NaN       NaN       NaN       NaN       NaN  Infinity       NaN       NaN       NaN       NaN       NaN
      4793       NaN       NaN       NaN       NaN       NaN       NaN       NaN       NaN  Infinity       NaN       NaN       NaN       NaN       NaN
      4794       NaN       NaN       NaN       NaN       NaN       NaN       NaN       NaN  Infinity       NaN       NaN       NaN       NaN       NaN
      4795       NaN       NaN       NaN       NaN       NaN       NaN       NaN       NaN  Infinity       NaN       NaN       NaN       NaN       NaN
      4796       NaN       NaN       NaN       NaN       NaN       NaN       NaN       NaN  Infinity       NaN       NaN       NaN       NaN       NaN
      4797       NaN       NaN       NaN       NaN       NaN       NaN       NaN       NaN  Infinity       NaN       NaN       NaN       NaN       NaN
      4798       NaN       NaN       NaN       NaN       NaN       NaN       NaN       NaN  Infinity       NaN       NaN       NaN       NaN       NaN
      4799       NaN       NaN       NaN       NaN       NaN       NaN       NaN       NaN  Infinity       NaN       NaN       NaN       NaN       NaN
      4800       NaN       NaN       NaN       NaN       NaN       NaN       NaN       NaN  Infinity       NaN       NaN       NaN       NaN       NaN
      4801       NaN       NaN       NaN       NaN       NaN       NaN       NaN       NaN  Infinity       NaN       NaN       NaN       NaN       NaN
      4802       NaN       NaN       NaN       NaN       NaN       NaN       NaN       NaN  Infinity       NaN       NaN       NaN       NaN       NaN
      4803       NaN       NaN       NaN       NaN       NaN       NaN       NaN       NaN  Infinity       NaN       NaN       NaN       NaN       NaN
      4804       NaN       NaN       NaN       NaN       NaN       NaN       NaN       NaN  Infinity       NaN       NaN       NaN       NaN       NaN
      4805       NaN       NaN       NaN       NaN       NaN       NaN       NaN       NaN  Infinity       NaN       NaN       NaN       NaN       NaN
      4806       NaN       NaN       NaN       NaN       NaN       NaN       NaN       NaN  Infinity       NaN       NaN       NaN       NaN       NaN
      4807       NaN       NaN       NaN       NaN       NaN       NaN       NaN       NaN  Infinity       NaN       NaN       NaN       NaN       NaN
      4808       NaN       NaN       NaN       NaN       NaN       NaN       NaN       NaN  Infinity       NaN       NaN       NaN       NaN       NaN
      4809       NaN       NaN       NaN       NaN       NaN       NaN       NaN       NaN  Infinity       NaN       NaN       NaN       NaN       NaN
      4810       NaN       NaN       NaN       NaN       NaN       NaN       NaN       NaN  Infinity       NaN       NaN       NaN       NaN       NaN
      4811       NaN       NaN       NaN       NaN       NaN       NaN       NaN       NaN  Infinity       NaN       NaN       NaN       NaN       NaN
      4812       NaN       NaN       NaN       NaN       NaN       NaN       NaN       NaN  Infinity       NaN       NaN       NaN       NaN       NaN
      4813       NaN       NaN       NaN       NaN       NaN       NaN       NaN       NaN  Infinity       NaN       NaN       NaN       NaN       NaN
      4814       NaN       NaN       NaN       NaN       NaN       NaN       NaN       NaN  Infinity       NaN       NaN       NaN       NaN       NaN
      4815       NaN       NaN       NaN       NaN       NaN       NaN       NaN       NaN  Infinity       NaN       NaN       NaN       NaN       NaN
      4816       NaN       NaN       NaN       NaN       NaN       NaN       NaN       NaN  Infinity       NaN       NaN       NaN       NaN       NaN
      4817       NaN       NaN       NaN       NaN       NaN       NaN       NaN       NaN  Infinity       NaN       NaN       NaN       NaN       NaN
      4818       NaN       NaN       NaN       NaN       NaN       NaN       NaN       NaN  Infinity       NaN       NaN       NaN       NaN       NaN
      4819       NaN       NaN       NaN       NaN       NaN       NaN       NaN       NaN  Infinity       NaN       NaN       NaN       NaN       NaN
      4820       NaN       NaN       NaN       NaN       NaN       NaN       NaN       NaN  Infinity       NaN       NaN       NaN       NaN       NaN
      4821       NaN       NaN       NaN       NaN       NaN       NaN       NaN       NaN  Infinity       NaN       NaN       NaN       NaN       NaN
      4822       NaN       NaN       NaN       NaN       NaN       NaN       NaN       NaN  Infinity       NaN       NaN       NaN       NaN       NaN
      4823       NaN       NaN       NaN       NaN       NaN       NaN       NaN       NaN  Infinity       NaN       NaN       NaN       NaN       NaN
      4824       NaN       NaN       NaN       NaN       NaN       NaN       NaN       NaN  Infinity       NaN       NaN       NaN       NaN       NaN
      4825       NaN       NaN       NaN       NaN       NaN       NaN       NaN       NaN  Infinity       NaN       NaN       NaN       NaN       NaN
      4826       NaN       NaN       NaN       NaN       NaN       NaN       NaN       NaN  Infinity       NaN       NaN       NaN       NaN       NaN
      4827       NaN       NaN       NaN       NaN       NaN       NaN       NaN       NaN  Infinity       NaN       NaN       NaN       NaN       NaN
      4828       NaN       NaN       NaN       NaN       NaN       NaN       NaN       NaN  Infinity       NaN       NaN       NaN       NaN       NaN
      4829       NaN       NaN       NaN       NaN       NaN       NaN       NaN       NaN  Infinity       NaN       NaN       NaN       NaN       NaN
      4830       NaN       NaN       NaN       NaN       NaN       NaN       NaN       NaN  Infinity       NaN       NaN       NaN       NaN       NaN
      4831       NaN       NaN       NaN       NaN       NaN       NaN       NaN       NaN  Infinity       NaN       NaN       NaN       NaN       NaN
      4832       NaN       NaN       NaN       NaN       NaN       NaN       NaN       NaN  Infinity       NaN       NaN       NaN       NaN       NaN
      4833       NaN       NaN       NaN       NaN       NaN       NaN       NaN       NaN  Infinity       NaN       NaN       NaN       NaN       NaN
      4834       NaN       NaN       NaN       NaN       NaN       NaN       NaN       NaN  Infinity       NaN       NaN       NaN       NaN       NaN
      4835       NaN       NaN       NaN       NaN       NaN       NaN       NaN       NaN  Infinity       NaN       NaN       NaN       NaN       NaN
      4836       NaN       NaN       NaN       NaN       NaN       NaN       NaN       NaN  Infinity       NaN       NaN       NaN       NaN       NaN
      4837       NaN       NaN       NaN       NaN       NaN       NaN       NaN       NaN  Infinity       NaN       NaN       NaN       NaN       NaN
      4838       NaN       NaN       NaN       NaN       NaN       NaN       NaN       NaN  Infinity       NaN       NaN       NaN       NaN       NaN
      4839       NaN       NaN       NaN       NaN       NaN       NaN       NaN       NaN  Infinity       NaN       NaN       NaN       NaN       NaN
      4840       NaN       NaN       NaN       NaN       NaN       NaN       NaN       NaN  Infinity       NaN       NaN       NaN       NaN       NaN
      4841       NaN       NaN       NaN       NaN       NaN       NaN       NaN       NaN  Infinity       NaN       NaN       NaN       NaN       NaN
      4842       NaN       NaN       NaN       NaN       NaN       NaN       NaN       NaN  Infinity       NaN       NaN       NaN       NaN       NaN
      4843       NaN       NaN       NaN       NaN       NaN       NaN       NaN       NaN  Infinity       NaN       NaN       NaN       NaN       NaN
      4844       NaN       NaN       NaN       NaN       NaN       NaN       NaN       NaN  Infinity       NaN       NaN       NaN       NaN       NaN
      4845       NaN       NaN       NaN       NaN       NaN       NaN       NaN       NaN  Infinity       NaN       NaN       NaN       NaN       NaN
      4846       NaN       NaN       NaN       NaN       NaN       NaN       NaN       NaN  Infinity       NaN       NaN       NaN       NaN       NaN
      4847       NaN       NaN       NaN       NaN       NaN       NaN       NaN       NaN  Infinity       NaN       NaN       NaN       NaN       NaN
      4848       NaN       NaN       NaN       NaN       NaN       NaN       NaN       NaN  Infinity       NaN       NaN       NaN       NaN       NaN
      4849       NaN       NaN       NaN       NaN       NaN       NaN       NaN       NaN  Infinity       NaN       NaN       NaN       NaN       NaN
      4850       NaN       NaN       NaN       NaN       NaN       NaN       NaN       NaN  Infinity       NaN       NaN       NaN       NaN       NaN
      4851       NaN       NaN       NaN       NaN       NaN       NaN       NaN       NaN  Infinity       NaN       NaN       NaN       NaN       NaN
      4852       NaN       NaN       NaN       NaN       NaN       NaN       NaN       NaN  Infinity       NaN       NaN       NaN       NaN       NaN
      4853       NaN       NaN       NaN       NaN       NaN       NaN       NaN       NaN  Infinity       NaN       NaN       NaN       NaN       NaN
      4854       NaN       NaN       NaN       NaN       NaN       NaN       NaN       NaN  Infinity       NaN       NaN       NaN       NaN       NaN
      4855       NaN       NaN       NaN       NaN       NaN       NaN       NaN       NaN  Infinity       NaN       NaN       NaN       NaN       NaN
      4856       NaN       NaN       NaN       NaN       NaN       NaN       NaN       NaN  Infinity       NaN       NaN       NaN       NaN       NaN
      4857       NaN       NaN       NaN       NaN       NaN       NaN       NaN       NaN  Infinity       NaN       NaN       NaN       NaN       NaN
      4858       NaN       NaN       NaN       NaN       NaN       NaN       NaN       NaN  Infinity       NaN       NaN       NaN       NaN       NaN
      4859       NaN       NaN       NaN       NaN       NaN       NaN       NaN       NaN  Infinity       NaN       NaN       NaN       NaN       NaN
      4860       NaN       NaN       NaN       NaN       NaN       NaN       NaN       NaN  Infinity       NaN       NaN       NaN       NaN       NaN
      4861       NaN       NaN       NaN       NaN       NaN       NaN       NaN       NaN  Infinity       NaN       NaN       NaN       NaN       NaN
      4862       NaN       NaN       NaN       NaN       NaN       NaN       NaN       NaN  Infinity       NaN       NaN       NaN       NaN       NaN
      4863       NaN       NaN       NaN       NaN       NaN       NaN       NaN       NaN  Infinity       NaN       NaN       NaN       NaN       NaN
      4864       NaN       NaN       NaN       NaN       NaN       NaN       NaN       NaN  Infinity       NaN       NaN       NaN       NaN       NaN
      4865       NaN       NaN       NaN       NaN       NaN       NaN       NaN       NaN  Infinity       NaN       NaN       NaN       NaN       NaN
      4866       NaN       NaN       NaN       NaN       NaN       NaN       NaN       NaN  Infinity       NaN       NaN       NaN       NaN       NaN
      4867       NaN       NaN       NaN       NaN       NaN       NaN       NaN       NaN  Infinity       NaN       NaN       NaN       NaN       NaN
      4868       NaN       NaN       NaN       NaN       NaN       NaN       NaN       NaN  Infinity       NaN       NaN       NaN       NaN       NaN
      4869       NaN       NaN       NaN       NaN       NaN       NaN       NaN       NaN  Infinity       NaN       NaN       NaN       NaN       NaN
      4870       NaN       NaN       NaN       NaN       NaN       NaN       NaN       NaN  Infinity       NaN       NaN       NaN       NaN       NaN
      4871       NaN       NaN       NaN       NaN       NaN       NaN       NaN       NaN  Infinity       NaN       NaN       NaN       NaN       NaN
      4872       NaN       NaN       NaN       NaN       NaN       NaN       NaN       NaN  Infinity       NaN       NaN       NaN       NaN       NaN
      4873       NaN       NaN       NaN       NaN       NaN       NaN       NaN       NaN  Infinity       NaN       NaN       NaN       NaN       NaN
      4874       NaN       NaN       NaN       NaN       NaN       NaN       NaN       NaN  Infinity       NaN       NaN       NaN       NaN       NaN
      4875       NaN       NaN       NaN       NaN       NaN       NaN       NaN       NaN  Infinity       NaN       NaN       NaN       NaN       NaN
      4876       NaN       NaN       NaN       NaN       NaN       NaN       NaN       NaN  Infinity       NaN       NaN       NaN       NaN       NaN
      4877       NaN       NaN       NaN       NaN       NaN       NaN       NaN       NaN  Infinity       NaN       NaN       NaN       NaN       NaN
      4878       NaN       NaN       NaN       NaN       NaN       NaN       NaN       NaN  Infinity       NaN       NaN       NaN       NaN       NaN
      4879       NaN       NaN       NaN       NaN       NaN       NaN       NaN       NaN  Infinity       NaN       NaN       NaN       NaN       NaN
      4880       NaN       NaN       NaN       NaN       NaN       NaN       NaN       NaN  Infinity       NaN       NaN       NaN       NaN       NaN
      4881       NaN       NaN       NaN       NaN       NaN       NaN       NaN       NaN  Infinity       NaN       NaN       NaN       NaN       NaN
      4882       NaN       NaN       NaN       NaN       NaN       NaN       NaN       NaN  Infinity       NaN       NaN       NaN       NaN       NaN
      4883       NaN       NaN       NaN       NaN       NaN       NaN       NaN       NaN  Infinity       NaN       NaN       NaN       NaN       NaN
      4884       NaN       NaN       NaN       NaN       NaN       NaN       NaN       NaN  Infinity       NaN       NaN       NaN       NaN       NaN
      4885       NaN       NaN       NaN       NaN       NaN       NaN       NaN       NaN  Infinity       NaN       NaN       NaN       NaN       NaN
      4886       NaN       NaN       NaN       NaN       NaN       NaN       NaN       NaN  Infinity       NaN       NaN       NaN       NaN       NaN
      4887       NaN       NaN       NaN       NaN       NaN       NaN       NaN       NaN  Infinity       NaN       NaN       NaN       NaN       NaN
      4888       NaN       NaN       NaN       NaN       NaN       NaN       NaN       NaN  Infinity       NaN       NaN       NaN       NaN       NaN
      4889       NaN       NaN       NaN       NaN       NaN       NaN       NaN       NaN  Infinity       NaN       NaN       NaN       NaN       NaN
      4890       NaN       NaN       NaN       NaN       NaN       NaN       NaN       NaN  Infinity       NaN       NaN       NaN       NaN       NaN
      4891       NaN       NaN       NaN       NaN       NaN       NaN       NaN       NaN  Infinity       NaN       NaN       NaN       NaN       NaN
      4892       NaN       NaN       NaN       NaN       NaN       NaN       NaN       NaN  Infinity       NaN       NaN       NaN       NaN       NaN
      4893       NaN       NaN       NaN       NaN       NaN       NaN       NaN       NaN  Infinity       NaN       NaN       NaN       NaN       NaN
      4894       NaN       NaN       NaN       NaN       NaN       NaN       NaN       NaN  Infinity       NaN       NaN       NaN       NaN       NaN
      4895       NaN       NaN       NaN       NaN       NaN       NaN       NaN       NaN  Infinity       NaN       NaN       NaN       NaN       NaN
      4896       NaN       NaN       NaN       NaN       NaN       NaN       NaN       NaN  Infinity       NaN       NaN       NaN       NaN       NaN
      4897       NaN       NaN       NaN       NaN       NaN       NaN       NaN       NaN  Infinity       NaN       NaN       NaN       NaN       NaN
      4898       NaN       NaN       NaN       NaN       NaN       NaN       NaN       NaN  Infinity       NaN       NaN       NaN       NaN       NaN
      4899       NaN       NaN       NaN       NaN       NaN       NaN       NaN       NaN  Infinity       NaN       NaN       NaN       NaN       NaN
      4900       NaN       NaN       NaN       NaN       NaN       NaN       NaN       NaN  Infinity       NaN       NaN       NaN       NaN       NaN
      4901       NaN       NaN       NaN       NaN       NaN       NaN       NaN       NaN  Infinity       NaN       NaN       NaN       NaN       NaN
      4902       NaN       NaN       NaN       NaN       NaN       NaN       NaN       NaN  Infinity       NaN       NaN       NaN       NaN       NaN
      4903       NaN       NaN       NaN       NaN       NaN       NaN       NaN       NaN  Infinity       NaN       NaN       NaN       NaN       NaN
      4904       NaN       NaN       NaN       NaN       NaN       NaN       NaN       NaN  Infinity       NaN       NaN       NaN       NaN       NaN
      4905       NaN       NaN       NaN       NaN       NaN       NaN       NaN       NaN  Infinity       NaN       NaN       NaN       NaN       NaN
      4906       NaN       NaN       NaN       NaN       NaN       NaN       NaN       NaN  Infinity       NaN       NaN       NaN       NaN       NaN
      4907       NaN       NaN       NaN       NaN       NaN       NaN       NaN       NaN  Infinity       NaN       NaN       NaN       NaN       NaN
      4908       NaN       NaN       NaN       NaN       NaN       NaN       NaN       NaN  Infinity       NaN       NaN       NaN       NaN       NaN
      4909       NaN       NaN       NaN       NaN       NaN       NaN       NaN       NaN  Infinity       NaN       NaN       NaN       NaN       NaN
      4910       NaN       NaN       NaN       NaN       NaN       NaN       NaN       NaN  Infinity       NaN       NaN       NaN       NaN       NaN
      4911       NaN       NaN       NaN       NaN       NaN       NaN       NaN       NaN  Infinity       NaN       NaN       NaN       NaN       NaN
      4912       NaN       NaN       NaN       NaN       NaN       NaN       NaN       NaN  Infinity       NaN       NaN       NaN       NaN       NaN
      4913       NaN       NaN       NaN       NaN       NaN       NaN       NaN       NaN  Infinity       NaN       NaN       NaN       NaN       NaN
      4914       NaN       NaN       NaN       NaN       NaN       NaN       NaN       NaN  Infinity       NaN       NaN       NaN       NaN       NaN
      4915       NaN       NaN       NaN       NaN       NaN       NaN       NaN       NaN  Infinity       NaN       NaN       NaN       NaN       NaN
      4916       NaN       NaN       NaN       NaN       NaN       NaN       NaN       NaN  Infinity       NaN       NaN       NaN       NaN       NaN
      4917       NaN       NaN       NaN       NaN       NaN       NaN       NaN       NaN  Infinity       NaN       NaN       NaN       NaN       NaN
      4918       NaN       NaN       NaN       NaN       NaN       NaN       NaN       NaN  Infinity       NaN       NaN       NaN       NaN       NaN
      4919       NaN       NaN       NaN       NaN       NaN       NaN       NaN       NaN  Infinity       NaN       NaN       NaN       NaN       NaN
      4920       NaN       NaN       NaN       NaN       NaN       NaN       NaN       NaN  Infinity       NaN       NaN       NaN       NaN       NaN
      4921       NaN       NaN       NaN       NaN       NaN       NaN       NaN       NaN  Infinity       NaN       NaN       NaN       NaN       NaN
      4922       NaN       NaN       NaN       NaN       NaN       NaN       NaN       NaN  Infinity       NaN       NaN       NaN       NaN       NaN
      4923       NaN       NaN       NaN       NaN       NaN       NaN       NaN       NaN  Infinity       NaN       NaN       NaN       NaN       NaN
      4924       NaN       NaN       NaN       NaN       NaN       NaN       NaN       NaN  Infinity       NaN       NaN       NaN       NaN       NaN
      4925       NaN       NaN       NaN       NaN       NaN       NaN       NaN       NaN  Infinity       NaN       NaN       NaN       NaN       NaN
      4926       NaN       NaN       NaN       NaN       NaN       NaN       NaN       NaN  Infinity       NaN       NaN       NaN       NaN       NaN
      4927       NaN       NaN       NaN       NaN       NaN       NaN       NaN       NaN  Infinity       NaN       NaN       NaN       NaN       NaN
      4928       NaN       NaN       NaN       NaN       NaN       NaN       NaN       NaN  Infinity       NaN       NaN       NaN       NaN       NaN
      4929       NaN       NaN       NaN       NaN       NaN       NaN       NaN       NaN  Infinity       NaN       NaN       NaN       NaN       NaN
      4930       NaN       NaN       NaN       NaN       NaN       NaN       NaN       NaN  Infinity       NaN       NaN       NaN       NaN       NaN
      4931       NaN       NaN       NaN       NaN       NaN       NaN       NaN       NaN  Infinity       NaN       NaN       NaN       NaN       NaN
      4932       NaN       NaN       NaN       NaN       NaN       NaN       NaN       NaN  Infinity       NaN       NaN       NaN       NaN       NaN
      4933       NaN       NaN       NaN       NaN       NaN       NaN       NaN       NaN  Infinity       NaN       NaN       NaN       NaN       NaN
      4934       NaN       NaN       NaN       NaN       NaN       NaN       NaN       NaN  Infinity       NaN       NaN       NaN       NaN       NaN
      4935       NaN       NaN       NaN       NaN       NaN       NaN       NaN       NaN  Infinity       NaN       NaN       NaN       NaN       NaN
      4936       NaN       NaN       NaN       NaN       NaN       NaN       NaN       NaN  Infinity       NaN       NaN       NaN       NaN       NaN
      4937       NaN       NaN       NaN       NaN       NaN       NaN       NaN       NaN  Infinity       NaN       NaN       NaN       NaN       NaN
      4938       NaN       NaN       NaN       NaN       NaN       NaN       NaN       NaN  Infinity       NaN       NaN       NaN       NaN       NaN
      4939       NaN       NaN       NaN       NaN       NaN       NaN       NaN       NaN  Infinity       NaN       NaN       NaN       NaN       NaN
      4940       NaN       NaN       NaN       NaN       NaN       NaN       NaN       NaN  Infinity       NaN       NaN       NaN       NaN       NaN
      4941       NaN       NaN       NaN       NaN       NaN       NaN       NaN       NaN  Infinity       NaN       NaN       NaN       NaN       NaN
      4942       NaN       NaN       NaN       NaN       NaN       NaN       NaN       NaN  Infinity       NaN       NaN       NaN       NaN       NaN
      4943       NaN       NaN       NaN       NaN       NaN       NaN       NaN       NaN  Infinity       NaN       NaN       NaN       NaN       NaN
      4944       NaN       NaN       NaN       NaN       NaN       NaN       NaN       NaN  Infinity       NaN       NaN       NaN       NaN       NaN
      4945       NaN       NaN       NaN       NaN       NaN       NaN       NaN       NaN  Infinity       NaN       NaN       NaN       NaN       NaN
      4946       NaN       NaN       NaN       NaN       NaN       NaN       NaN       NaN  Infinity       NaN       NaN       NaN       NaN       NaN
      4947       NaN       NaN       NaN       NaN       NaN       NaN       NaN       NaN  Infinity       NaN       NaN       NaN       NaN       NaN
      4948       NaN       NaN       NaN       NaN       NaN       NaN       NaN       NaN  Infinity       NaN       NaN       NaN       NaN       NaN
      4949       NaN       NaN       NaN       NaN       NaN       NaN       NaN       NaN  Infinity       NaN       NaN       NaN       NaN       NaN
      4950       NaN       NaN       NaN       NaN       NaN       NaN       NaN       NaN  Infinity       NaN       NaN       NaN       NaN       NaN
      4951       NaN       NaN       NaN       NaN       NaN       NaN       NaN       NaN  Infinity       NaN       NaN       NaN       NaN       NaN
      4952       NaN       NaN       NaN       NaN       NaN       NaN       NaN       NaN  Infinity       NaN       NaN       NaN       NaN       NaN
      4953       NaN       NaN       NaN       NaN       NaN       NaN       NaN       NaN  Infinity       NaN       NaN       NaN       NaN       NaN
      4954       NaN       NaN       NaN       NaN       NaN       NaN       NaN       NaN  Infinity       NaN       NaN       NaN       NaN       NaN
      4955       NaN       NaN       NaN       NaN       NaN       NaN       NaN       NaN  Infinity       NaN       NaN       NaN       NaN       NaN
      4956       NaN       NaN       NaN       NaN       NaN       NaN       NaN       NaN  Infinity       NaN       NaN       NaN       NaN       NaN
      4957       NaN       NaN       NaN       NaN       NaN       NaN       NaN       NaN  Infinity       NaN       NaN       NaN       NaN       NaN
      4958       NaN       NaN       NaN       NaN       NaN       NaN       NaN       NaN  Infinity       NaN       NaN       NaN       NaN       NaN
      4959       NaN       NaN       NaN       NaN       NaN       NaN       NaN       NaN  Infinity       NaN       NaN       NaN       NaN       NaN
      4960       NaN       NaN       NaN       NaN       NaN       NaN       NaN       NaN  Infinity       NaN       NaN       NaN       NaN       NaN
      4961       NaN       NaN       NaN       NaN       NaN       NaN       NaN       NaN  Infinity       NaN       NaN       NaN       NaN       NaN
      4962       NaN       NaN       NaN       NaN       NaN       NaN       NaN       NaN  Infinity       NaN       NaN       NaN       NaN       NaN
      4963       NaN       NaN       NaN       NaN       NaN       NaN       NaN       NaN  Infinity       NaN       NaN       NaN       NaN       NaN
      4964       NaN       NaN       NaN       NaN       NaN       NaN       NaN       NaN  Infinity       NaN       NaN       NaN       NaN       NaN
      4965       NaN       NaN       NaN       NaN       NaN       NaN       NaN       NaN  Infinity       NaN       NaN       NaN       NaN       NaN
      4966       NaN       NaN       NaN       NaN       NaN       NaN       NaN       NaN  Infinity       NaN       NaN       NaN       NaN       NaN
      4967       NaN       NaN       NaN       NaN       NaN       NaN       NaN       NaN  Infinity       NaN       NaN       NaN       NaN       NaN
      4968       NaN       NaN       NaN       NaN       NaN       NaN       NaN       NaN  Infinity       NaN       NaN       NaN       NaN       NaN
      4969       NaN       NaN       NaN       NaN       NaN       NaN       NaN       NaN  Infinity       NaN       NaN       NaN       NaN       NaN
      4970       NaN       NaN       NaN       NaN       NaN       NaN       NaN       NaN  Infinity       NaN       NaN       NaN       NaN       NaN
      4971       NaN       NaN       NaN       NaN       NaN       NaN       NaN       NaN  Infinity       NaN       NaN       NaN       NaN       NaN
      4972       NaN       NaN       NaN       NaN       NaN       NaN       NaN       NaN  Infinity       NaN       NaN       NaN       NaN       NaN
      4973       NaN       NaN       NaN       NaN       NaN       NaN       NaN       NaN  Infinity       NaN       NaN       NaN       NaN       NaN
      4974       NaN       NaN       NaN       NaN       NaN       NaN       NaN       NaN  Infinity       NaN       NaN       NaN       NaN       NaN
      4975       NaN       NaN       NaN       NaN       NaN       NaN       NaN       NaN  Infinity       NaN       NaN       NaN       NaN       NaN
      4976       NaN       NaN       NaN       NaN       NaN       NaN       NaN       NaN  Infinity       NaN       NaN       NaN       NaN       NaN
      4977       NaN       NaN       NaN       NaN       NaN       NaN       NaN       NaN  Infinity       NaN       NaN       NaN       NaN       NaN
      4978       NaN       NaN       NaN       NaN       NaN       NaN       NaN       NaN  Infinity       NaN       NaN       NaN       NaN       NaN
      4979       NaN       NaN       NaN       NaN       NaN       NaN       NaN       NaN  Infinity       NaN       NaN       NaN       NaN       NaN
      4980       NaN       NaN       NaN       NaN       NaN       NaN       NaN       NaN  Infinity       NaN       NaN       NaN       NaN       NaN
      4981       NaN       NaN       NaN       NaN       NaN       NaN       NaN       NaN  Infinity       NaN       NaN       NaN       NaN       NaN
      4982       NaN       NaN       NaN       NaN       NaN       NaN       NaN       NaN  Infinity       NaN       NaN       NaN       NaN       NaN
      4983       NaN       NaN       NaN       NaN       NaN       NaN       NaN       NaN  Infinity       NaN       NaN       NaN       NaN       NaN
      4984       NaN       NaN       NaN       NaN       NaN       NaN       NaN       NaN  Infinity       NaN       NaN       NaN       NaN       NaN
      4985       NaN       NaN       NaN       NaN       NaN       NaN       NaN       NaN  Infinity       NaN       NaN       NaN       NaN       NaN
      4986       NaN       NaN       NaN       NaN       NaN       NaN       NaN       NaN  Infinity       NaN       NaN       NaN       NaN       NaN
      4987       NaN       NaN       NaN       NaN       NaN       NaN       NaN       NaN  Infinity       NaN       NaN       NaN       NaN       NaN
      4988       NaN       NaN       NaN       NaN       NaN       NaN       NaN       NaN  Infinity       NaN       NaN       NaN       NaN       NaN
      4989       NaN       NaN       NaN       NaN       NaN       NaN       NaN       NaN  Infinity       NaN       NaN       NaN       NaN       NaN
      4990       NaN       NaN       NaN       NaN       NaN       NaN       NaN       NaN  Infinity       NaN       NaN       NaN       NaN       NaN
      4991       NaN       NaN       NaN       NaN       NaN       NaN       NaN       NaN  Infinity       NaN       NaN       NaN       NaN       NaN
      4992       NaN       NaN       NaN       NaN       NaN       NaN       NaN       NaN  Infinity       NaN       NaN       NaN       NaN       NaN
      4993       NaN       NaN       NaN       NaN       NaN       NaN       NaN       NaN  Infinity       NaN       NaN       NaN       NaN       NaN
      4994       NaN       NaN       NaN       NaN       NaN       NaN       NaN       NaN  Infinity       NaN       NaN       NaN       NaN       NaN
      4995       NaN       NaN       NaN       NaN       NaN       NaN       NaN       NaN  Infinity       NaN       NaN       NaN       NaN       NaN
      4996       NaN       NaN       NaN       NaN       NaN       NaN       NaN       NaN  Infinity       NaN       NaN       NaN       NaN       NaN
      4997       NaN       NaN       NaN       NaN       NaN       NaN       NaN       NaN  Infinity       NaN       NaN       NaN       NaN       NaN
      4998       NaN       NaN       NaN       NaN       NaN       NaN       NaN       NaN  Infinity       NaN       NaN       NaN       NaN       NaN
      4999       NaN       NaN       NaN       NaN       NaN       NaN       NaN       NaN  Infinity       NaN       NaN       NaN       NaN       NaN
      5000       NaN       NaN       NaN       NaN       NaN       NaN       NaN       NaN  Infinity       NaN       NaN       NaN       NaN       NaN
      5001       NaN       NaN       NaN       NaN       NaN       NaN       NaN       NaN  Infinity       NaN       NaN       NaN       NaN       NaN
