****************************************************************************************************
----------------------------------------------------------------------------------------------------
Ambient Table:
     Depth   Amb-cur   Amb-dir   Amb-sal   Amb-tem   Amb-pol     Decay   Far-spd   Far-dir   Disprsn
       (m)     (m/s)     (deg)     (psu)       (C)    (mg/L)   (1/day)     (m/s)     (deg)(m0.67/s2)
     0.000     0.020    90.000    30.900    11.200     0.000     0.000     0.020    90.000   0.00030
     3.000     0.020    90.000    31.200    10.400     0.000     0.000     0.020    90.000   0.00030
     6.000     0.020    90.000    31.200     9.690     0.000     0.000     0.020    90.000   0.00030
     9.000     0.020    90.000    31.700     9.440     0.000     0.000     0.020    90.000   0.00030
    12.000     0.020    90.000    31.800     9.340     0.000     0.000     0.020    90.000   0.00030
    15.000     0.050    90.000    31.900     9.220     0.000     0.000     0.020    90.000   0.00030
----------------------------------------------------------------------------------------------------
Diffuser Table:
     P-dia    P-elev   V-angle   H-angle     Ports   Spacing   AcuteMZ   ChrncMZ   P-depth   Ttl-flo   Eff-sal      Temp   Polutnt
       (m)       (m)     (deg)     (deg)       ( )       (m)       (m)       (m)       (m)     (cms)     (psu)       (C)    (mg/L)
      0.20     15.00    -45.00     90.00      1.00      0.00     20.70    207.00      1.00      0.01     35.00     10.00 100000.00
----------------------------------------------------------------------------------------------------
Simulation Results:
              Dilutn     P-dia    x-posn    y-posn     Depth    CL-Dil  Amb-Curr    P-Temp     P-Sal    P-Con.     P-Den   Net-Dil      Time
      Step (FluxAvg)       (m)       (m)       (m)       (m)        ()     (m/s)       (C)     (psu)    (mg/L)   (kg/m3)        ()       (s)
         1     1.020     0.158     0.000     0.006    -1.006     1.000     0.020    10.018    34.922 98033.077  1026.910     1.020     0.032
         2     1.041     0.161     0.000     0.011    -1.012     1.000     0.020    10.036    34.845 96104.960  1026.847     1.041     0.064
         3     1.061     0.164     0.000     0.017    -1.017     1.000     0.020    10.054    34.769 94214.880  1026.785     1.061     0.097
         4     1.083     0.166     0.000     0.023    -1.023     1.000     0.020    10.071    34.695 92362.083  1026.725     1.083     0.130
         5     1.104     0.169     0.000     0.029    -1.029     1.000     0.020    10.088    34.623 90545.828  1026.665     1.104     0.165
         6     1.127     0.173     0.000     0.035    -1.035     1.000     0.020    10.104    34.552 88765.391  1026.607     1.127     0.201
         7     1.149     0.176     0.000     0.041    -1.042     1.000     0.020    10.120    34.482 87020.062  1026.550     1.149     0.239
         8     1.172     0.179     0.000     0.047    -1.048     1.000     0.020    10.136    34.414 85309.144  1026.494     1.172     0.277
         9     1.196     0.182     0.000     0.053    -1.054     1.000     0.020    10.152    34.347 83631.955  1026.440     1.196     0.317
        10     1.220     0.185     0.000     0.060    -1.061     1.000     0.020    10.167    34.282 81987.827  1026.386     1.220     0.358
        11     1.244     0.188     0.000     0.066    -1.068     1.000     0.020    10.181    34.218 80376.105  1026.333     1.244     0.401
        12     1.269     0.192     0.000     0.073    -1.075     1.000     0.020    10.196    34.155 78796.146  1026.282     1.269     0.445
        13     1.295     0.195     0.000     0.080    -1.082     1.000     0.020    10.210    34.093 77247.323  1026.231     1.295     0.490
        14     1.320     0.199     0.000     0.086    -1.089     1.000     0.020    10.224    34.032 75729.017  1026.182     1.320     0.537
        15     1.347     0.202     0.000     0.093    -1.096     1.000     0.020    10.237    33.973 74240.626  1026.133     1.347     0.585
        16     1.374     0.205     0.000     0.100    -1.104     1.000     0.020    10.250    33.915 72781.556  1026.086     1.374     0.636
        17     1.402     0.209     0.000     0.107    -1.111     1.000     0.020    10.263    33.858 71351.228  1026.039     1.402     0.687
        18     1.430     0.213     0.000     0.115    -1.119     1.000     0.020    10.276    33.802 69949.073  1025.994     1.430     0.740
        19     1.458     0.216     0.000     0.122    -1.127     1.000     0.020    10.288    33.747 68574.534  1025.949     1.458     0.795
        20     1.487     0.220     0.000     0.129    -1.135     1.000     0.020    10.300    33.694 67227.063  1025.905     1.487     0.852
        21     1.517     0.224     0.000     0.137    -1.143     1.000     0.020    10.312    33.641 65906.127  1025.862     1.517     0.911
        22     1.548     0.227     0.000     0.144    -1.151     1.000     0.020    10.323    33.590 64611.200  1025.820     1.548     0.971
        23     1.579     0.231     0.000     0.152    -1.160     1.000     0.020    10.335    33.539 63341.768  1025.779     1.579     1.033
        24     1.610     0.235     0.000     0.160    -1.169     1.000     0.020    10.346    33.490 62097.327  1025.738     1.610     1.098
        25     1.643     0.239     0.000     0.168    -1.178     1.000     0.020    10.356    33.441 60877.383  1025.699     1.643     1.164
        26     1.676     0.243     0.000     0.176    -1.187     1.000     0.020    10.367    33.394 59681.452  1025.660     1.676     1.232
        27     1.709     0.247     0.000     0.184    -1.196     1.000     0.020    10.377    33.347 58509.060  1025.622     1.709     1.302
        28     1.743     0.251     0.000     0.192    -1.205     1.000     0.020    10.387    33.301 57359.741  1025.585     1.743     1.374
        29     1.778     0.255     0.000     0.201    -1.215     1.000     0.020    10.397    33.257 56233.040  1025.548     1.778     1.449
        30     1.814     0.260     0.000     0.209    -1.225     1.000     0.020    10.406    33.213 55128.511  1025.513     1.814     1.526
        31     1.850     0.264     0.000     0.218    -1.235     1.000     0.020    10.415    33.170 54045.714  1025.478     1.850     1.605
        32     1.887     0.268     0.000     0.227    -1.245     1.000     0.020    10.424    33.128 52984.222  1025.443     1.887     1.686
        33     1.925     0.272     0.000     0.236    -1.255     1.000     0.020    10.433    33.086 51943.614  1025.410     1.925     1.769
        34     1.964     0.277     0.000     0.244    -1.266     1.000     0.020    10.441    33.046 50923.477  1025.377     1.964     1.855
        35     2.003     0.281     0.000     0.253    -1.277     1.002     0.020    10.450    33.006 49923.408  1025.345     2.003     1.944
        36     2.043     0.286     0.000     0.263    -1.288     1.022     0.020    10.458    32.968 48943.010  1025.313     2.043     2.034
        37     2.084     0.290     0.000     0.272    -1.299     1.042     0.020    10.466    32.930 47981.896  1025.282     2.084     2.127
        38     2.126     0.295     0.000     0.281    -1.310     1.063     0.020    10.473    32.892 47039.684  1025.252     2.126     2.223
        39     2.168     0.299     0.000     0.291    -1.322     1.084     0.020    10.481    32.856 46116.002  1025.222     2.168     2.321
        40     2.212     0.304     0.000     0.300    -1.334     1.106     0.020    10.488    32.820 45210.485  1025.193     2.212     2.421
        41     2.256     0.309     0.000     0.310    -1.346     1.128     0.020    10.495    32.785 44322.774  1025.165     2.256     2.524
        42     2.301     0.313     0.000     0.319    -1.358     1.151     0.020    10.502    32.751 43452.519  1025.137     2.301     2.629
        43     2.347     0.318     0.000     0.329    -1.370     1.174     0.020    10.509    32.717 42599.374  1025.109     2.347     2.737
        44     2.394     0.323     0.000     0.339    -1.383     1.197     0.020    10.515    32.684 41763.003  1025.083     2.394     2.848
        45     2.442     0.328     0.000     0.349    -1.396     1.221     0.020    10.521    32.652 40943.075  1025.056     2.442     2.961
        46     2.491     0.333     0.000     0.359    -1.409     1.246     0.020    10.527    32.620 40139.265  1025.031     2.491     3.077
        47     2.541     0.338     0.000     0.369    -1.422     1.271     0.020    10.533    32.589 39351.257  1025.006     2.541     3.196
        48     2.592     0.343     0.000     0.379    -1.436     1.296     0.020    10.539    32.559 38578.739  1024.981     2.592     3.317
        49     2.644     0.348     0.000     0.389    -1.449     1.322     0.020    10.545    32.529 37821.405  1024.957     2.644     3.441
        50     2.697     0.353     0.000     0.399    -1.463     1.348     0.020    10.550    32.500 37078.957  1024.934     2.697     3.567
        51     2.751     0.359     0.000     0.410    -1.477     1.375     0.020    10.555    32.471 36351.101  1024.910     2.751     3.697
        52     2.806     0.364     0.000     0.420    -1.491     1.403     0.020    10.560    32.443 35637.549  1024.888     2.806     3.829
        53     2.862     0.369     0.000     0.431    -1.506     1.431     0.020    10.565    32.416 34938.020  1024.866     2.862     3.964
        54     2.920     0.375     0.000     0.441    -1.521     1.460     0.020    10.570    32.389 34252.238  1024.844     2.920     4.102
        55     2.978     0.380     0.000     0.452    -1.536     1.489     0.020    10.574    32.363 33579.932  1024.823     2.978     4.243
        56     3.038     0.386     0.000     0.462    -1.551     1.519     0.020    10.578    32.337 32920.836  1024.802     3.038     4.387
        57     3.098     0.391     0.000     0.473    -1.566     1.549     0.020    10.583    32.312 32274.691  1024.782     3.098     4.534
        58     3.160     0.397     0.000     0.484    -1.582     1.580     0.020    10.587    32.287 31641.242  1024.762     3.160     4.684
        59     3.224     0.403     0.000     0.495    -1.598     1.612     0.020    10.590    32.263 31020.237  1024.743     3.224     4.837
        60     3.288     0.408     0.000     0.506    -1.614     1.644     0.020    10.594    32.240 30411.434  1024.724     3.288     4.993
        61     3.354     0.414     0.000     0.517    -1.630     1.677     0.020    10.598    32.217 29814.591  1024.705     3.354     5.152
        62     3.421     0.420     0.000     0.528    -1.646     1.711     0.020    10.601    32.194 29229.472  1024.687     3.421     5.314
        63     3.490     0.426     0.000     0.539    -1.663     1.745     0.020    10.604    32.172 28655.848  1024.669     3.490     5.480
        64     3.560     0.432     0.000     0.550    -1.680     1.780     0.020    10.607    32.150 28093.492  1024.652     3.560     5.648
        65     3.631     0.438     0.000     0.561    -1.697     1.815     0.020    10.610    32.129 27542.182  1024.635     3.631     5.820
        66     3.703     0.444     0.000     0.573    -1.714     1.852     0.020    10.613    32.108 27001.700  1024.618     3.703     5.995
        67     3.778     0.451     0.000     0.584    -1.732     1.889     0.020    10.616    32.088 26471.835  1024.602     3.778     6.174
        68     3.853     0.457     0.000     0.596    -1.750     1.927     0.020    10.618    32.068 25952.376  1024.586     3.853     6.356
        69     3.930     0.463     0.000     0.607    -1.768     1.965     0.020    10.620    32.048 25443.120  1024.570     3.930     6.541
        70     4.009     0.470     0.000     0.619    -1.786     2.005     0.020    10.623    32.029 24943.865  1024.555     4.009     6.730
        71     4.089     0.476     0.000     0.630    -1.805     2.045     0.020    10.625    32.010 24454.415  1024.540     4.089     6.922
        72     4.171     0.483     0.000     0.642    -1.824     2.086     0.020    10.627    31.992 23974.577  1024.526     4.171     7.117
        73     4.255     0.490     0.000     0.654    -1.843     2.127     0.020    10.628    31.974 23504.161  1024.512     4.255     7.317
        74     4.340     0.496     0.000     0.665    -1.862     2.170     0.020    10.630    31.957 23042.984  1024.498     4.340     7.520
        75     4.427     0.503     0.000     0.677    -1.882     2.213     0.020    10.632    31.940 22590.862  1024.484     4.427     7.726
        76     4.515     0.510     0.000     0.689    -1.901     2.258     0.020    10.633    31.923 22147.617  1024.471     4.515     7.937
        77     4.606     0.517     0.000     0.701    -1.921     2.303     0.020    10.634    31.907 21713.076  1024.458     4.606     8.151
        78     4.698     0.524     0.000     0.713    -1.941     2.349     0.020    10.636    31.891 21287.067  1024.445     4.698     8.369
        79     4.792     0.531     0.000     0.725    -1.962     2.396     0.020    10.637    31.875 20869.422  1024.433     4.792     8.590
        80     4.888     0.539     0.000     0.737    -1.983     2.444     0.020    10.637    31.860 20459.977  1024.421     4.888     8.816
        81     4.985     0.546     0.000     0.749    -2.004     2.493     0.020    10.638    31.845 20058.571  1024.409     4.985     9.046
        82     5.085     0.554     0.000     0.762    -2.025     2.543     0.020    10.639    31.830 19665.045  1024.398     5.085     9.280
        83     5.187     0.561     0.000     0.774    -2.046     2.593     0.020    10.639    31.816 19279.245  1024.387     5.187     9.517
        84     5.291     0.569     0.000     0.786    -2.068     2.645     0.020    10.640    31.802 18901.019  1024.376     5.291     9.759
        85     5.397     0.576     0.000     0.799    -2.090     2.698     0.020    10.640    31.788 18530.218  1024.365     5.397    10.006
        86     5.505     0.584     0.000     0.811    -2.112     2.752     0.020    10.640    31.775 18166.696  1024.355     5.505    10.256
        87     5.615     0.592     0.000     0.824    -2.135     2.807     0.020    10.640    31.762 17810.310  1024.344     5.615    10.511
        88     5.727     0.600     0.000     0.836    -2.158     2.864     0.020    10.640    31.749 17460.920  1024.335     5.727    10.770
        89     5.842     0.608     0.000     0.849    -2.181     2.921     0.020    10.640    31.736 17118.387  1024.325     5.842    11.034
        90     5.959     0.617     0.000     0.862    -2.204     2.979     0.020    10.640    31.724 16782.579  1024.316     5.959    11.302
        91     6.078     0.625     0.000     0.875    -2.228     3.039     0.020    10.639    31.712 16453.361  1024.306     6.078    11.575
        92     6.199     0.634     0.000     0.888    -2.251     3.100     0.020    10.639    31.701 16130.606  1024.297     6.199    11.852
        93     6.323     0.642     0.000     0.901    -2.275     3.162     0.020    10.638    31.689 15814.185  1024.289     6.323    12.134
        94     6.450     0.651     0.000     0.914    -2.300     3.225     0.020    10.637    31.678 15503.975  1024.280     6.450    12.422
        95     6.579     0.660     0.000     0.927    -2.324     3.290     0.020    10.637    31.668 15199.853  1024.272     6.579    12.714
        96     6.711     0.669     0.000     0.940    -2.349     3.355     0.020    10.636    31.657 14901.700  1024.264     6.711    13.011
        97     6.845     0.678     0.000     0.954    -2.374     3.422     0.020    10.634    31.647 14609.399  1024.256     6.845    13.313
        98     6.982     0.687     0.000     0.967    -2.400     3.491     0.020    10.633    31.637 14322.834  1024.249     6.982    13.620
        99     7.122     0.696     0.000     0.980    -2.425     3.561     0.020    10.632    31.627 14041.893  1024.241     7.122    13.932
       100     7.264     0.706     0.000     0.994    -2.451     3.632     0.020    10.631    31.617 13766.465  1024.234     7.264    14.250
       101     7.409     0.715     0.000     1.008    -2.478     3.705     0.020    10.629    31.608 13496.443  1024.227     7.409    14.573
       102     7.558     0.725     0.000     1.021    -2.504     3.779     0.020    10.627    31.599 13231.719  1024.220     7.558    14.902
       103     7.709     0.735     0.000     1.035    -2.531     3.854     0.020    10.626    31.590 12972.190  1024.214     7.709    15.237
       104     7.863     0.745     0.000     1.049    -2.558     3.932     0.020    10.624    31.582 12717.754  1024.207     7.863    15.577
       105     8.020     0.755     0.000     1.063    -2.585     4.010     0.020    10.622    31.573 12468.311  1024.201     8.020    15.923
       106     8.181     0.766     0.000     1.077    -2.613     4.090     0.020    10.620    31.565 12223.763  1024.195     8.181    16.275
       107     8.344     0.776     0.000     1.092    -2.641     4.172     0.020    10.618    31.557 11984.013  1024.189     8.344    16.633
       108     8.511     0.787     0.000     1.106    -2.669     4.256     0.020    10.615    31.549 11748.968  1024.184     8.511    16.997
       109     8.682     0.798     0.000     1.120    -2.698     4.341     0.020    10.613    31.542 11518.534  1024.178     8.682    17.368
       110     8.855     0.809     0.000     1.135    -2.726     4.428     0.020    10.611    31.534 11292.622  1024.173     8.855    17.745
       111     9.032     0.820     0.000     1.150    -2.755     4.516     0.020    10.608    31.527 11071.143  1024.168     9.032    18.128
       112     9.213     0.831     0.000     1.164    -2.785     4.607     0.020    10.605    31.520 10854.009  1024.163     9.213    18.518
       113     9.397     0.843     0.000     1.179    -2.814     4.699     0.020    10.603    31.513 10641.136  1024.158     9.397    18.915
       114     9.585     0.855     0.000     1.194    -2.844     4.793     0.020    10.600    31.507 10432.439  1024.153     9.585    19.319
       115     9.777     0.867     0.000     1.210    -2.875     4.889     0.020    10.597    31.500 10227.837  1024.149     9.777    19.730
       116     9.973     0.879     0.000     1.225    -2.905     4.986     0.020    10.594    31.494 10027.249  1024.145     9.973    20.148
       117    10.172     0.891     0.000     1.240    -2.936     5.086     0.020    10.591    31.488  9830.597  1024.141    10.172    20.573
       118    10.376     0.904     0.000     1.256    -2.967     5.188     0.020    10.587    31.482  9637.803  1024.137    10.376    21.007
       119    10.583     0.916     0.000     1.271    -2.998     5.292     0.020    10.584    31.477  9448.791  1024.133    10.583    21.447
       120    10.795     0.929     0.000     1.287    -3.030     5.398     0.020    10.581    31.471  9263.487  1024.129    10.795    21.896
       121    11.011     0.943     0.000     1.303    -3.062     5.506     0.020    10.577    31.466  9081.819  1024.126    11.011    22.353
       122    11.231     0.956     0.000     1.319    -3.094     5.616     0.020    10.574    31.461  8903.714  1024.122    11.231    22.817
       123    11.456     0.970     0.000     1.336    -3.127     5.728     0.020    10.570    31.456  8729.103  1024.119    11.456    23.290
       124    11.685     0.984     0.000     1.352    -3.159     5.843     0.020    10.566    31.451  8557.917  1024.116    11.685    23.772
       125    11.919     0.998     0.000     1.369    -3.192     5.959     0.020    10.562    31.446  8390.088  1024.112    11.919    24.263
       126    12.157     1.012     0.000     1.385    -3.226     6.079     0.020    10.558    31.441  8225.552  1024.109    12.157    24.762
       127    12.400     1.027     0.000     1.402    -3.260     6.200     0.020    10.554    31.436  8064.243  1024.106    12.400    25.270
       128    12.648     1.041     0.000     1.419    -3.294     6.324     0.020    10.550    31.432  7906.098  1024.103    12.648    25.788
       129    12.901     1.056     0.000     1.437    -3.328     6.451     0.020    10.546    31.427  7751.056  1024.101    12.901    26.315
       130    13.160     1.071     0.000     1.454    -3.363     6.580     0.020    10.542    31.423  7599.054  1024.098    13.160    26.851
       131    13.423     1.087     0.000     1.472    -3.398     6.711     0.020    10.538    31.418  7450.033  1024.095    13.423    27.397
       132    13.691     1.102     0.000     1.490    -3.433     6.846     0.020    10.533    31.414  7303.936  1024.093    13.691    27.953
       133    13.965     1.118     0.000     1.508    -3.469     6.983     0.020    10.529    31.410  7160.704  1024.090    13.965    28.518
       134    14.244     1.134     0.000     1.526    -3.504     7.122     0.020    10.524    31.406  7020.281  1024.088    14.244    29.094
       135    14.529     1.150     0.000     1.544    -3.541     7.265     0.020    10.520    31.402  6882.613  1024.085    14.529    29.680
       136    14.820     1.167     0.000     1.563    -3.577     7.410     0.020    10.515    31.398  6747.645  1024.083    14.820    30.277
       137    15.116     1.183     0.000     1.582    -3.614     7.558     0.020    10.510    31.394  6615.324  1024.081    15.116    30.884
       138    15.419     1.200     0.000     1.600    -3.651     7.709     0.020    10.505    31.390  6485.598  1024.079    15.419    31.501
       139    15.727     1.218     0.000     1.620    -3.689     7.864     0.020    10.500    31.386  6358.417  1024.077    15.727    32.130
       140    16.042     1.235     0.000     1.639    -3.726     8.021     0.020    10.495    31.383  6233.730  1024.075    16.042    32.770
       141    16.363     1.253     0.000     1.659    -3.765     8.181     0.020    10.490    31.379  6111.488  1024.073    16.363    33.422
       142    16.690     1.271     0.000     1.678    -3.803     8.345     0.020    10.485    31.375  5991.644  1024.071    16.690    34.085
       143    17.024     1.290     0.000     1.698    -3.842     8.512     0.020    10.480    31.372  5874.151  1024.069    17.024    34.759
       144    17.364     1.308     0.000     1.719    -3.881     8.682     0.020    10.475    31.369  5758.961  1024.067    17.364    35.446
       145    17.712     1.327     0.000     1.739    -3.920     8.856     0.020    10.469    31.365  5646.032  1024.066    17.712    36.145
       146    18.066     1.346     0.000     1.760    -3.960     9.033     0.020    10.464    31.362  5535.316  1024.064    18.066    36.857
       147    18.427     1.366     0.000     1.781    -4.000     9.214     0.020    10.458    31.359  5426.773  1024.063    18.427    37.581
       148    18.796     1.386     0.000     1.802    -4.040     9.398     0.020    10.453    31.356  5320.358  1024.061    18.796    38.317
       149    19.172     1.406     0.000     1.824    -4.080     9.586     0.020    10.447    31.353  5216.030  1024.060    19.172    39.068
       150    19.555     1.427     0.000     1.845    -4.121     9.778     0.020    10.441    31.350  5113.748  1024.058    19.555    39.831
       151    19.946     1.448     0.000     1.867    -4.162     9.973     0.020    10.436    31.347  5013.472  1024.057    19.946    40.608
       152    20.345     1.469     0.000     1.889    -4.204    10.173     0.020    10.430    31.344  4915.162  1024.056    20.345    41.399
       153    20.752     1.491     0.000     1.912    -4.245    10.376     0.020    10.424    31.341  4818.781  1024.055    20.752    42.204
       154    21.167     1.513     0.000     1.935    -4.287    10.584     0.020    10.418    31.338  4724.290  1024.053    21.167    43.023
       155    21.591     1.536     0.000     1.958    -4.330    10.795     0.020    10.411    31.336  4631.652  1024.052    21.591    43.857
       156    22.022     1.559     0.000     1.981    -4.372    11.011     0.020    10.405    31.333  4540.831  1024.051    22.022    44.707
       157    22.463     1.582     0.000     2.005    -4.415    11.231     0.020    10.399    31.330  4451.791  1024.050    22.463    45.571
       158    22.912     1.606     0.000     2.029    -4.458    11.456     0.020    10.393    31.328  4364.497  1024.049    22.912    46.451
       159    23.370     1.630     0.000     2.053    -4.501    11.685     0.020    10.386    31.325  4278.915  1024.048    23.370    47.347
       160    23.838     1.655     0.000     2.078    -4.545    11.919     0.020    10.380    31.323  4195.011  1024.048    23.838    48.259
       161    24.315     1.680     0.000     2.102    -4.589    12.157     0.020    10.373    31.320  4112.753  1024.047    24.315    49.187
       162    24.801     1.706     0.000     2.128    -4.633    12.400     0.020    10.367    31.318  4032.108  1024.046    24.801    50.132
       163    25.297     1.732     0.000     2.153    -4.677    12.648     0.020    10.360    31.316  3953.044  1024.046    25.297    51.095
       164    25.803     1.759     0.000     2.179    -4.722    12.901     0.020    10.353    31.314  3875.531  1024.045    25.803    52.075
       165    26.319     1.786     0.000     2.205    -4.766    13.159     0.020    10.346    31.311  3799.538  1024.044    26.319    53.073
       166    26.845     1.814     0.000     2.232    -4.811    13.423     0.020    10.339    31.309  3725.035  1024.044    26.845    54.089
       167    27.382     1.843     0.000     2.259    -4.856    13.691     0.020    10.332    31.307  3651.994  1024.043    27.382    55.123
       168    27.930     1.872     0.000     2.286    -4.901    13.965     0.020    10.325    31.305  3580.384  1024.043    27.930    56.176
       169    28.489     1.902     0.000     2.314    -4.947    14.244     0.020    10.318    31.303  3510.179  1024.042    28.489    57.249
       170    29.058     1.932     0.000     2.342    -4.992    14.529     0.020    10.311    31.301  3441.351  1024.042    29.058    58.341
       171    29.640     1.963     0.000     2.370    -5.038    14.820     0.020    10.303    31.299  3373.873  1024.042    29.640    59.454
       172    30.232     1.995     0.000     2.399    -5.084    15.116     0.020    10.296    31.297  3307.717  1024.041    30.232    60.586
       173    30.837     2.027     0.000     2.428    -5.130    15.418     0.020    10.289    31.295  3242.859  1024.041    30.837    61.740
       174    31.454     2.061     0.000     2.458    -5.176    15.727     0.020    10.281    31.293  3179.273  1024.041    31.454    62.914
       175    32.083     2.095     0.000     2.488    -5.222    16.041     0.020    10.274    31.291  3116.934  1024.041    32.083    64.110
       176    32.724     2.130     0.000     2.518    -5.268    16.362     0.020    10.266    31.289  3055.817  1024.041    32.724    65.328
       177    33.379     2.165     0.000     2.549    -5.314    16.689     0.020    10.258    31.288  2995.899  1024.041    33.379    66.569
       178    34.047     2.202     0.000     2.581    -5.360    17.023     0.020    10.251    31.286  2937.156  1024.041    34.047    67.831
       179    34.727     2.240     0.000     2.613    -5.405    17.364     0.020    10.243    31.284  2879.565  1024.041    34.727    69.117
---------------------------- Plume traps -----------------------------
------------------------- merging happened ---------------------------
       180    35.392     2.277     0.000     2.643    -5.449    17.696     0.020    10.235    31.283  2825.531  1024.041    35.392    70.368
       181    36.040     2.314     0.000     2.673    -5.491    18.020     0.020    10.228    31.281  2774.663  1024.041    36.040    71.583
       182    36.669     2.350     0.000     2.702    -5.531    18.335     0.020    10.221    31.280  2727.094  1024.041    36.669    72.756
       183    37.281     2.385     0.000     2.730    -5.568    18.641     0.020    10.214    31.279  2682.319  1024.041    37.281    73.893
       184    37.877     2.420     0.000     2.757    -5.604    18.938     0.020    10.208    31.277  2640.138  1024.041    37.877    74.997
       185    38.458     2.454     0.000     2.783    -5.639    19.229     0.020    10.201    31.276  2600.236  1024.041    38.458    76.071
       186    39.026     2.487     0.000     2.808    -5.671    19.513     0.020    10.195    31.275  2562.424  1024.041    39.026    77.116
       187    39.580     2.520     0.000     2.833    -5.703    19.790     0.020    10.190    31.274  2526.502  1024.041    39.580    78.135
       188    40.123     2.552     0.000     2.857    -5.733    20.062     0.020    10.184    31.273  2492.314  1024.042    40.123    79.130
       189    40.655     2.583     0.000     2.880    -5.762    20.328     0.020    10.178    31.272  2459.715  1024.042    40.655    80.101
       190    41.176     2.614     0.000     2.903    -5.790    20.588     0.020    10.173    31.271  2428.579  1024.042    41.176    81.050
       191    41.688     2.645     0.000     2.925    -5.817    20.844     0.020    10.168    31.270  2398.794  1024.042    41.688    81.978
       192    42.189     2.675     0.000     2.947    -5.843    21.095     0.020    10.163    31.269  2370.259  1024.042    42.189    82.886
       193    42.682     2.705     0.000     2.968    -5.868    21.341     0.020    10.158    31.269  2342.882  1024.042    42.682    83.775
       194    43.167     2.734     0.000     2.989    -5.892    21.584     0.020    10.153    31.268  2316.583  1024.043    43.167    84.647
       195    43.644     2.763     0.000     3.009    -5.915    21.822     0.020    10.148    31.267  2291.288  1024.043    43.644    85.501
       196    44.113     2.792     0.000     3.029    -5.937    22.056     0.020    10.143    31.266  2266.928  1024.043    44.113    86.339
       197    44.574     2.820     0.000     3.048    -5.959    22.287     0.020    10.139    31.266  2243.445  1024.043    44.574    87.162
       198    45.029     2.848     0.000     3.068    -5.979    22.515     0.020    10.135    31.265  2220.781  1024.043    45.029    87.969
       199    45.478     2.876     0.000     3.086    -6.000    22.739     0.020    10.130    31.264  2198.886  1024.044    45.478    88.763
       200    45.920     2.903     0.000     3.105    -6.019    22.960     0.020    10.126    31.264  2177.714  1024.044    45.920    89.543
       201    46.356     2.930     0.000     3.123    -6.038    23.178     0.020    10.122    31.263  2157.221  1024.044    46.356    90.310
       202    46.786     2.957     0.000     3.140    -6.056    23.393     0.020    10.118    31.263  2137.370  1024.044    46.786    91.064
       203    47.195     2.983     0.000     3.157    -6.073    23.597     0.020    10.114    31.262  2118.889  1024.045    47.195    91.777
       204    47.588     3.009     0.000     3.173    -6.089    23.794     0.020    10.111    31.262  2101.357  1024.045    47.588    92.452
       205    47.965     3.034     0.000     3.188    -6.104    23.982     0.020    10.107    31.261  2084.873  1024.045    47.965    93.089
       206    48.305     3.058     0.000     3.202    -6.117    24.152     0.020    10.104    31.261  2070.186  1024.045    48.305    93.694
       207    48.626     3.080     0.000     3.216    -6.131    24.313     0.020    10.102    31.261  2056.502  1024.045    48.626    94.287
       208    48.924     3.102     0.000     3.230    -6.143    24.462     0.020    10.099    31.260  2043.986  1024.046    48.924    94.866
       209    49.206     3.123     0.000     3.243    -6.156    24.603     0.020    10.097    31.260  2032.285  1024.046    49.206    95.435
       210    49.469     3.143     0.000     3.256    -6.168    24.734     0.020    10.094    31.260  2021.474  1024.046    49.469    95.991
       211    49.717     3.162     0.000     3.269    -6.179    24.858     0.020    10.092    31.260  2011.390  1024.046    49.717    96.536
       212    49.949     3.181     0.000     3.281    -6.190    24.975     0.020    10.090    31.260  2002.030  1024.047    49.949    97.069
       213    50.168     3.199     0.000     3.293    -6.201    25.084     0.020    10.089    31.260  1993.299  1024.047    50.168    97.591
       214    50.374     3.217     0.000     3.305    -6.211    25.187     0.020    10.087    31.259  1985.166  1024.047    50.374    98.101
       215    50.567     3.234     0.000     3.317    -6.221    25.284     0.020    10.085    31.259  1977.569  1024.047    50.567    98.601
       216    50.749     3.251     0.000     3.328    -6.231    25.375     0.020    10.084    31.259  1970.470  1024.047    50.749    99.089
       217    50.921     3.267     0.000     3.339    -6.240    25.461     0.020    10.082    31.259  1963.826  1024.047    50.921    99.567
       218    51.083     3.283     0.000     3.350    -6.249    25.541     0.020    10.081    31.259  1957.600  1024.048    51.083   100.036
       219    51.236     3.298     0.000     3.361    -6.257    25.618     0.020    10.080    31.259  1951.758  1024.048    51.236   100.494
       220    51.380     3.313     0.000     3.371    -6.266    25.690     0.020    10.079    31.259  1946.270  1024.048    51.380   100.943
       221    51.517     3.328     0.000     3.381    -6.273    25.758     0.020    10.078    31.259  1941.108  1024.048    51.517   101.383
       222    51.646     3.342     0.000     3.391    -6.281    25.823     0.020    10.077    31.259  1936.246  1024.048    51.646   101.814
       223    51.769     3.356     0.000     3.401    -6.289    25.884     0.020    10.076    31.259  1931.662  1024.048    51.769   102.236
       224    51.885     3.369     0.000     3.411    -6.296    25.943     0.020    10.075    31.259  1927.334  1024.049    51.885   102.651
       225    51.995     3.382     0.000     3.420    -6.303    25.998     0.020    10.074    31.259  1923.244  1024.049    51.995   103.057
       226    52.100     3.395     0.000     3.429    -6.309    26.050     0.020    10.073    31.259  1919.373  1024.049    52.100   103.456
       227    52.200     3.408     0.000     3.438    -6.316    26.100     0.020    10.072    31.259  1915.707  1024.049    52.200   103.848
       228    52.295     3.420     0.000     3.447    -6.322    26.147     0.020    10.072    31.259  1912.230  1024.049    52.295   104.232
       229    52.385     3.432     0.000     3.456    -6.328    26.193     0.020    10.071    31.259  1908.929  1024.049    52.385   104.610
       230    52.472     3.444     0.000     3.465    -6.334    26.236     0.020    10.070    31.259  1905.793  1024.049    52.472   104.981
       231    52.554     3.455     0.000     3.473    -6.340    26.277     0.020    10.070    31.259  1902.810  1024.049    52.554   105.345
       232    52.632     3.467     0.000     3.481    -6.345    26.316     0.020    10.069    31.259  1899.970  1024.049    52.632   105.704
       233    52.707     3.478     0.000     3.489    -6.351    26.354     0.020    10.068    31.259  1897.264  1024.049    52.707   106.056
       234    52.779     3.489     0.000     3.498    -6.356    26.390     0.020    10.068    31.259  1894.684  1024.050    52.779   106.403
       235    52.848     3.499     0.000     3.505    -6.361    26.424     0.020    10.067    31.259  1892.220  1024.050    52.848   106.745
       236    52.914     3.510     0.000     3.513    -6.366    26.457     0.020    10.067    31.259  1889.867  1024.050    52.914   107.081
       237    52.977     3.520     0.000     3.521    -6.370    26.488     0.020    10.066    31.259  1887.618  1024.050    52.977   107.412
       238    53.037     3.530     0.000     3.528    -6.375    26.519     0.020    10.066    31.259  1885.466  1024.050    53.037   107.739
       239    53.095     3.540     0.000     3.536    -6.379    26.548     0.020    10.065    31.259  1883.405  1024.050    53.095   108.060
       240    53.151     3.549     0.000     3.543    -6.383    26.576     0.020    10.065    31.259  1881.431  1024.050    53.151   108.377
       241    53.205     3.559     0.000     3.550    -6.388    26.602     0.020    10.065    31.259  1879.539  1024.050    53.205   108.690
       242    53.256     3.568     0.000     3.557    -6.392    26.628     0.020    10.064    31.259  1877.724  1024.050    53.256   108.998
       243    53.305     3.577     0.000     3.565    -6.395    26.653     0.020    10.064    31.259  1875.982  1024.050    53.305   109.302
       244    53.353     3.586     0.000     3.571    -6.399    26.676     0.020    10.063    31.259  1874.309  1024.050    53.353   109.603
       245    53.399     3.595     0.000     3.578    -6.403    26.699     0.020    10.063    31.259  1872.702  1024.050    53.399   109.899
       246    53.443     3.603     0.000     3.585    -6.407    26.721     0.020    10.063    31.259  1871.156  1024.050    53.443   110.192
       247    53.485     3.612     0.000     3.592    -6.410    26.743     0.020    10.062    31.259  1869.670  1024.050    53.485   110.481
       248    53.526     3.620     0.000     3.598    -6.413    26.763     0.020    10.062    31.259  1868.240  1024.051    53.526   110.767
       249    53.566     3.628     0.000     3.605    -6.417    26.783     0.020    10.062    31.259  1866.863  1024.051    53.566   111.049
       250    53.604     3.636     0.000     3.611    -6.420    26.802     0.020    10.061    31.259  1865.537  1024.051    53.604   111.328
       251    53.641     3.644     0.000     3.618    -6.423    26.820     0.020    10.061    31.259  1864.260  1024.051    53.641   111.604
       252    53.676     3.652     0.000     3.624    -6.426    26.838     0.020    10.061    31.259  1863.029  1024.051    53.676   111.877
       253    53.710     3.659     0.000     3.630    -6.429    26.855     0.020    10.061    31.259  1861.842  1024.051    53.710   112.147
       254    53.743     3.667     0.000     3.636    -6.432    26.872     0.020    10.060    31.259  1860.698  1024.051    53.743   112.414
       255    53.775     3.674     0.000     3.642    -6.434    26.888     0.020    10.060    31.259  1859.593  1024.051    53.775   112.679
       256    53.806     3.681     0.000     3.648    -6.437    26.903     0.020    10.060    31.259  1858.528  1024.051    53.806   112.941
       257    53.836     3.688     0.000     3.654    -6.440    26.918     0.020    10.060    31.259  1857.499  1024.051    53.836   113.200
       258    53.865     3.695     0.000     3.660    -6.442    26.932     0.020    10.060    31.259  1856.507  1024.051    53.865   113.457
       259    53.892     3.701     0.000     3.666    -6.444    26.946     0.020    10.059    31.259  1855.548  1024.051    53.892   113.711
       260    53.919     3.708     0.000     3.672    -6.447    26.960     0.020    10.059    31.259  1854.622  1024.051    53.919   113.963
       261    53.945     3.714     0.000     3.678    -6.449    26.973     0.020    10.059    31.259  1853.727  1024.051    53.945   114.213
       262    53.971     3.721     0.000     3.684    -6.451    26.985     0.020    10.059    31.259  1852.863  1024.051    53.971   114.460
       263    53.995     3.727     0.000     3.689    -6.454    26.997     0.020    10.059    31.259  1852.028  1024.051    53.995   114.706
       264    54.018     3.733     0.000     3.695    -6.456    27.009     0.020    10.058    31.259  1851.221  1024.051    54.018   114.949
       265    54.041     3.739     0.000     3.700    -6.458    27.021     0.020    10.058    31.259  1850.441  1024.051    54.041   115.190
       266    54.063     3.744     0.000     3.706    -6.460    27.032     0.020    10.058    31.259  1849.688  1024.051    54.063   115.430
       267    54.084     3.750     0.000     3.711    -6.462    27.042     0.020    10.058    31.259  1848.959  1024.051    54.084   115.668
       268    54.105     3.755     0.000     3.717    -6.463    27.053     0.020    10.058    31.259  1848.255  1024.051    54.105   115.903
       269    54.125     3.761     0.000     3.722    -6.465    27.063     0.020    10.058    31.259  1847.574  1024.051    54.125   116.138
       270    54.144     3.766     0.000     3.728    -6.467    27.072     0.020    10.057    31.259  1846.917  1024.051    54.144   116.370
       271    54.163     3.771     0.000     3.733    -6.469    27.081     0.020    10.057    31.259  1846.281  1024.051    54.163   116.601
       272    54.181     3.776     0.000     3.738    -6.470    27.090     0.020    10.057    31.259  1845.667  1024.051    54.181   116.830
       273    54.198     3.781     0.000     3.743    -6.472    27.099     0.020    10.057    31.259  1845.073  1024.052    54.198   117.058
       274    54.215     3.786     0.000     3.749    -6.473    27.108     0.020    10.057    31.259  1844.500  1024.052    54.215   117.284
       275    54.232     3.790     0.000     3.754    -6.475    27.116     0.020    10.057    31.259  1843.946  1024.052    54.232   117.509
       276    54.247     3.795     0.000     3.759    -6.476    27.124     0.020    10.057    31.259  1843.411  1024.052    54.247   117.732
       277    54.262     3.799     0.000     3.764    -6.478    27.131     0.020    10.057    31.259  1842.895  1024.052    54.262   117.954
       278    54.277     3.804     0.000     3.769    -6.479    27.139     0.020    10.056    31.259  1842.396  1024.052    54.277   118.175
       279    54.291     3.808     0.000     3.774    -6.480    27.146     0.020    10.056    31.259  1841.915  1024.052    54.291   118.395
       280    54.305     3.812     0.000     3.779    -6.482    27.153     0.020    10.056    31.259  1841.451  1024.052    54.305   118.613
       281    54.318     3.816     0.000     3.784    -6.483    27.159     0.020    10.056    31.259  1841.004  1024.052    54.318   118.830
       282    54.331     3.820     0.000     3.789    -6.484    27.165     0.020    10.056    31.259  1840.572  1024.052    54.331   119.047
       283    54.343     3.823     0.000     3.794    -6.485    27.172     0.020    10.056    31.259  1840.157  1024.052    54.343   119.262
       284    54.355     3.827     0.000     3.799    -6.486    27.178     0.020    10.056    31.259  1839.756  1024.052    54.355   119.476
       285    54.366     3.830     0.000     3.804    -6.487    27.183     0.020    10.056    31.259  1839.371  1024.052    54.366   119.689
       286    54.377     3.834     0.000     3.809    -6.488    27.189     0.020    10.056    31.259  1839.001  1024.052    54.377   119.901
       287    54.388     3.837     0.000     3.814    -6.489    27.194     0.020    10.056    31.259  1838.645  1024.052    54.388   120.112
       288    54.398     3.840     0.000     3.819    -6.490    27.199     0.020    10.056    31.259  1838.303  1024.052    54.398   120.322
       289    54.408     3.843     0.000     3.823    -6.491    27.204     0.020    10.055    31.259  1837.974  1024.052    54.408   120.532
       290    54.417     3.846     0.000     3.828    -6.492    27.209     0.020    10.055    31.259  1837.660  1024.052    54.417   120.740
       291    54.426     3.849     0.000     3.833    -6.493    27.213     0.020    10.055    31.259  1837.358  1024.052    54.426   120.948
       292    54.435     3.852     0.000     3.838    -6.494    27.217     0.020    10.055    31.259  1837.070  1024.052    54.435   121.155
       293    54.443     3.854     0.000     3.843    -6.494    27.221     0.020    10.055    31.259  1836.794  1024.052    54.443   121.362
       294    54.450     3.857     0.000     3.847    -6.495    27.225     0.020    10.055    31.259  1836.531  1024.052    54.450   121.567
       295    54.458     3.859     0.000     3.852    -6.496    27.229     0.020    10.055    31.259  1836.281  1024.052    54.458   121.772
       296    54.465     3.861     0.000     3.857    -6.496    27.232     0.020    10.055    31.259  1836.042  1024.052    54.465   121.977
       297    54.472     3.863     0.000     3.861    -6.497    27.236     0.020    10.055    31.259  1835.816  1024.052    54.472   122.181
       298    54.478     3.865     0.000     3.866    -6.497    27.239     0.020    10.055    31.259  1835.601  1024.052    54.478   122.384
       299    54.484     3.867     0.000     3.871    -6.498    27.242     0.020    10.055    31.259  1835.398  1024.052    54.484   122.587
       300    54.490     3.869     0.000     3.875    -6.498    27.245     0.020    10.055    31.259  1835.206  1024.052    54.490   122.789
       301    54.495     3.871     0.000     3.880    -6.499    27.248     0.020    10.055    31.259  1835.026  1024.052    54.495   122.991
       302    54.500     3.872     0.000     3.885    -6.499    27.250     0.020    10.055    31.259  1834.857  1024.052    54.500   123.193
       303    54.505     3.874     0.000     3.889    -6.500    27.252     0.020    10.055    31.259  1834.698  1024.052    54.505   123.394
       304    54.509     3.875     0.000     3.894    -6.500    27.255     0.020    10.055    31.259  1834.551  1024.052    54.509   123.595
       305    54.513     3.876     0.000     3.899    -6.500    27.257     0.020    10.055    31.259  1834.415  1024.052    54.513   123.795
       306    54.517     3.878     0.000     3.903    -6.501    27.259     0.020    10.055    31.259  1834.289  1024.052    54.517   123.995
       307    54.520     3.879     0.000     3.908    -6.501    27.260     0.020    10.055    31.259  1834.174  1024.052    54.520   124.195
       308    54.524     3.880     0.000     3.912    -6.501    27.262     0.020    10.055    31.259  1834.069  1024.052    54.524   124.394
       309    54.526     3.880     0.000     3.917    -6.501    27.263     0.020    10.055    31.259  1833.975  1024.052    54.526   124.594
       310    54.529     3.881     0.000     3.922    -6.502    27.264     0.020    10.055    31.259  1833.890  1024.052    54.529   124.793
       311    54.531     3.882     0.000     3.926    -6.502    27.266     0.020    10.055    31.259  1833.816  1024.052    54.531   124.992
       312    54.533     3.882     0.000     3.931    -6.502    27.267     0.020    10.055    31.259  1833.752  1024.052    54.533   125.190
       313    54.535     3.883     0.000     3.935    -6.502    27.267     0.020    10.055    31.259  1833.697  1024.052    54.535   125.389
       314    54.536     3.883     0.000     3.940    -6.502    27.268     0.020    10.054    31.259  1833.651  1024.052    54.536   125.588
---------------------- Local maximum rise or fall --------------------
       315    54.537     3.883     0.000     3.944    -6.502    27.269     0.020    10.054    31.259  1833.612  1024.052    54.537   125.786
       316    54.538     3.883     0.000     3.949    -6.502    27.269     0.020    10.054    31.259  1833.580  1024.052    54.538   125.985
       317    54.539     3.883     0.000     3.954    -6.502    27.269     0.020    10.054    31.259  1833.555  1024.052    54.539   126.183
       318    54.539     3.883     0.000     3.958    -6.502    27.270     0.020    10.054    31.259  1833.536  1024.052    54.539   126.382
       319    54.540     3.883     0.000     3.963    -6.502    27.270     0.020    10.054    31.259  1833.515  1024.052    54.540   126.580
       320    54.541     3.883     0.000     3.967    -6.501    27.270     0.020    10.054    31.259  1833.493  1024.052    54.541   126.779
       321    54.541     3.882     0.000     3.972    -6.501    27.271     0.020    10.054    31.259  1833.468  1024.052    54.541   126.978
       322    54.542     3.882     0.000     3.976    -6.501    27.271     0.020    10.054    31.259  1833.441  1024.052    54.542   127.177
       323    54.543     3.881     0.000     3.981    -6.501    27.272     0.020    10.054    31.259  1833.411  1024.052    54.543   127.376
       324    54.544     3.880     0.000     3.986    -6.500    27.272     0.020    10.054    31.259  1833.378  1024.052    54.544   127.575
       325    54.545     3.880     0.000     3.990    -6.500    27.273     0.020    10.054    31.259  1833.343  1024.052    54.545   127.775
       326    54.546     3.879     0.000     3.995    -6.500    27.273     0.020    10.054    31.259  1833.304  1024.052    54.546   127.974
       327    54.548     3.878     0.000     3.999    -6.499    27.274     0.020    10.054    31.259  1833.263  1024.052    54.548   128.175
       328    54.549     3.877     0.000     4.004    -6.499    27.274     0.020    10.054    31.259  1833.218  1024.052    54.549   128.375
       329    54.550     3.876     0.000     4.009    -6.498    27.275     0.020    10.054    31.259  1833.171  1024.052    54.550   128.576
       330    54.552     3.874     0.000     4.013    -6.498    27.276     0.020    10.054    31.259  1833.120  1024.052    54.552   128.777
       331    54.553     3.873     0.000     4.018    -6.497    27.277     0.020    10.054    31.259  1833.066  1024.052    54.553   128.979
       332    54.555     3.872     0.000     4.023    -6.497    27.278     0.020    10.054    31.259  1833.009  1024.052    54.555   129.181
       333    54.557     3.870     0.000     4.027    -6.496    27.278     0.020    10.054    31.259  1832.948  1024.052    54.557   129.384
       334    54.559     3.869     0.000     4.032    -6.496    27.279     0.020    10.054    31.259  1832.884  1024.052    54.559   129.587
       335    54.561     3.867     0.000     4.037    -6.495    27.280     0.020    10.054    31.259  1832.817  1024.052    54.561   129.790
       336    54.563     3.865     0.000     4.041    -6.494    27.281     0.020    10.054    31.259  1832.746  1024.052    54.563   129.995
       337    54.565     3.863     0.000     4.046    -6.494    27.283     0.020    10.054    31.259  1832.671  1024.052    54.565   130.200
       338    54.568     3.861     0.000     4.051    -6.493    27.284     0.020    10.054    31.259  1832.593  1024.052    54.568   130.406
       339    54.570     3.859     0.000     4.056    -6.492    27.285     0.020    10.054    31.259  1832.510  1024.052    54.570   130.612
       340    54.573     3.857     0.000     4.060    -6.491    27.286     0.020    10.054    31.259  1832.424  1024.052    54.573   130.819
       341    54.575     3.855     0.000     4.065    -6.490    27.288     0.020    10.054    31.259  1832.333  1024.052    54.575   131.027
       342    54.578     3.853     0.000     4.070    -6.489    27.289     0.020    10.054    31.259  1832.238  1024.052    54.578   131.236
       343    54.581     3.850     0.000     4.075    -6.488    27.291     0.020    10.054    31.259  1832.139  1024.052    54.581   131.445
       344    54.584     3.848     0.000     4.080    -6.487    27.292     0.020    10.054    31.259  1832.036  1024.052    54.584   131.656
       345    54.587     3.845     0.000     4.084    -6.486    27.294     0.020    10.054    31.259  1831.927  1024.052    54.587   131.867
       346    54.591     3.842     0.000     4.089    -6.485    27.295     0.020    10.054    31.259  1831.814  1024.052    54.591   132.080
       347    54.594     3.840     0.000     4.094    -6.484    27.297     0.020    10.054    31.259  1831.697  1024.052    54.594   132.293
       348    54.598     3.837     0.000     4.099    -6.483    27.299     0.020    10.054    31.259  1831.573  1024.052    54.598   132.508
       349    54.602     3.834     0.000     4.104    -6.482    27.301     0.020    10.054    31.259  1831.445  1024.052    54.602   132.724
       350    54.606     3.831     0.000     4.109    -6.481    27.303     0.020    10.054    31.259  1831.311  1024.052    54.606   132.941
       351    54.610     3.828     0.000     4.114    -6.479    27.305     0.020    10.054    31.259  1831.172  1024.052    54.610   133.159
       352    54.614     3.825     0.000     4.119    -6.478    27.307     0.020    10.054    31.259  1831.027  1024.052    54.614   133.378
       353    54.619     3.821     0.000     4.124    -6.477    27.309     0.020    10.054    31.259  1830.875  1024.052    54.619   133.599
       354    54.623     3.818     0.000     4.129    -6.475    27.312     0.020    10.054    31.259  1830.718  1024.052    54.623   133.821
       355    54.628     3.814     0.000     4.135    -6.474    27.314     0.020    10.054    31.259  1830.553  1024.052    54.628   134.044
       356    54.633     3.811     0.000     4.140    -6.472    27.317     0.020    10.054    31.259  1830.382  1024.052    54.633   134.269
       357    54.639     3.807     0.000     4.145    -6.471    27.319     0.020    10.054    31.259  1830.204  1024.052    54.639   134.496
       358    54.644     3.804     0.000     4.150    -6.469    27.322     0.020    10.054    31.259  1830.019  1024.052    54.644   134.724
       359    54.650     3.800     0.000     4.155    -6.467    27.325     0.020    10.054    31.259  1829.825  1024.052    54.650   134.954
       360    54.656     3.796     0.000     4.161    -6.465    27.328     0.020    10.054    31.259  1829.624  1024.052    54.656   135.185
       361    54.662     3.792     0.000     4.166    -6.464    27.331     0.020    10.054    31.259  1829.414  1024.052    54.662   135.418
       362    54.669     3.788     0.000     4.172    -6.462    27.334     0.020    10.054    31.259  1829.196  1024.052    54.669   135.653
       363    54.676     3.784     0.000     4.177    -6.460    27.338     0.020    10.053    31.259  1828.968  1024.052    54.676   135.890
       364    54.683     3.779     0.000     4.183    -6.458    27.341     0.020    10.053    31.259  1828.731  1024.052    54.683   136.129
       365    54.690     3.775     0.000     4.188    -6.456    27.345     0.020    10.053    31.259  1828.484  1024.052    54.690   136.370
       366    54.698     3.771     0.000     4.194    -6.454    27.349     0.020    10.053    31.259  1828.226  1024.052    54.698   136.613
       367    54.706     3.766     0.000     4.199    -6.452    27.353     0.020    10.053    31.259  1827.957  1024.052    54.706   136.859
       368    54.714     3.762     0.000     4.205    -6.450    27.357     0.020    10.053    31.259  1827.677  1024.052    54.714   137.106
       369    54.723     3.757     0.000     4.211    -6.447    27.362     0.020    10.053    31.259  1827.385  1024.052    54.723   137.357
       370    54.732     3.752     0.000     4.217    -6.445    27.366     0.020    10.053    31.259  1827.080  1024.052    54.732   137.609
       371    54.742     3.747     0.000     4.222    -6.443    27.371     0.020    10.053    31.259  1826.761  1024.052    54.742   137.864
       372    54.752     3.742     0.000     4.228    -6.440    27.376     0.020    10.053    31.259  1826.429  1024.052    54.752   138.122
       373    54.762     3.737     0.000     4.234    -6.437    27.381     0.020    10.053    31.259  1826.081  1024.052    54.762   138.382
       374    54.773     3.732     0.000     4.240    -6.435    27.386     0.020    10.053    31.259  1825.718  1024.052    54.773   138.646
       375    54.784     3.727     0.000     4.247    -6.432    27.392     0.020    10.053    31.259  1825.339  1024.052    54.784   138.912
       376    54.796     3.722     0.000     4.253    -6.429    27.398     0.020    10.053    31.259  1824.941  1024.052    54.796   139.182
       377    54.809     3.717     0.000     4.259    -6.426    27.404     0.020    10.052    31.259  1824.526  1024.052    54.809   139.455
       378    54.822     3.711     0.000     4.265    -6.423    27.411     0.020    10.052    31.259  1824.091  1024.052    54.822   139.731
       379    54.836     3.706     0.000     4.272    -6.420    27.418     0.020    10.052    31.259  1823.635  1024.052    54.836   140.010
       380    54.850     3.700     0.000     4.278    -6.417    27.425     0.020    10.052    31.259  1823.157  1024.052    54.850   140.294
       381    54.865     3.695     0.000     4.285    -6.414    27.432     0.020    10.052    31.259  1822.656  1024.053    54.865   140.581
       382    54.881     3.689     0.000     4.292    -6.411    27.440     0.020    10.052    31.259  1822.130  1024.053    54.881   140.872
       383    54.897     3.683     0.000     4.298    -6.407    27.449     0.020    10.052    31.259  1821.578  1024.053    54.897   141.167
       384    54.915     3.678     0.000     4.305    -6.403    27.457     0.020    10.052    31.259  1820.997  1024.053    54.915   141.467
       385    54.933     3.672     0.000     4.312    -6.400    27.467     0.020    10.052    31.259  1820.387  1024.053    54.933   141.771
       386    54.953     3.666     0.000     4.319    -6.396    27.476     0.020    10.051    31.259  1819.744  1024.053    54.953   142.080
       387    54.973     3.660     0.000     4.327    -6.392    27.487     0.020    10.051    31.259  1819.067  1024.053    54.973   142.394
       388    54.995     3.654     0.000     4.334    -6.388    27.497     0.020    10.051    31.259  1818.353  1024.053    54.995   142.713
       389    55.018     3.648     0.000     4.341    -6.384    27.509     0.020    10.051    31.259  1817.599  1024.053    55.018   143.037
       390    55.042     3.642     0.000     4.349    -6.379    27.521     0.020    10.051    31.259  1816.803  1024.053    55.042   143.368
       391    55.067     3.635     0.000     4.357    -6.375    27.534     0.020    10.051    31.259  1815.961  1024.053    55.067   143.704
       392    55.094     3.629     0.000     4.365    -6.370    27.547     0.020    10.050    31.259  1815.069  1024.053    55.094   144.047
       393    55.123     3.623     0.000     4.373    -6.365    27.562     0.020    10.050    31.259  1814.124  1024.053    55.123   144.396
       394    55.154     3.617     0.000     4.381    -6.360    27.577     0.020    10.050    31.259  1813.120  1024.053    55.154   144.753
       395    55.186     3.610     0.000     4.389    -6.355    27.593     0.020    10.050    31.259  1812.053  1024.053    55.186   145.117
       396    55.221     3.604     0.000     4.398    -6.350    27.610     0.020    10.050    31.259  1810.917  1024.053    55.221   145.489
       397    55.258     3.598     0.000     4.407    -6.344    27.629     0.020    10.049    31.259  1809.706  1024.053    55.258   145.870
       398    55.297     3.591     0.000     4.416    -6.338    27.649     0.020    10.049    31.259  1808.412  1024.053    55.297   146.260
       399    55.340     3.585     0.000     4.425    -6.332    27.670     0.020    10.049    31.259  1807.027  1024.053    55.340   146.659
       400    55.385     3.579     0.000     4.434    -6.326    27.693     0.020    10.048    31.259  1805.542  1024.053    55.385   147.069
       401    55.434     3.572     0.000     4.444    -6.319    27.717     0.020    10.048    31.259  1803.946  1024.053    55.434   147.490
       402    55.487     3.566     0.000     4.454    -6.312    27.743     0.020    10.048    31.259  1802.225  1024.053    55.487   147.924
       403    55.544     3.560     0.000     4.464    -6.305    27.772     0.020    10.047    31.259  1800.367  1024.053    55.544   148.370
       404    55.606     3.554     0.000     4.475    -6.298    27.803     0.020    10.047    31.259  1798.353  1024.053    55.606   148.830
       405    55.674     3.548     0.000     4.486    -6.290    27.837     0.020    10.046    31.259  1796.162  1024.053    55.674   149.306
       406    55.748     3.542     0.000     4.497    -6.282    27.874     0.020    10.046    31.259  1793.772  1024.054    55.748   149.799
       407    55.830     3.536     0.000     4.509    -6.273    27.915     0.020    10.045    31.259  1791.151  1024.054    55.830   150.310
       408    55.920     3.530     0.000     4.521    -6.264    27.960     0.020    10.045    31.259  1788.263  1024.054    55.920   150.843
       409    56.020     3.525     0.000     4.534    -6.254    28.010     0.020    10.044    31.259  1785.064  1024.054    56.020   151.399
       410    56.133     3.520     0.000     4.547    -6.244    28.066     0.020    10.043    31.259  1781.495  1024.054    56.133   151.981
       411    56.259     3.515     0.000     4.561    -6.233    28.130     0.020    10.042    31.259  1777.482  1024.054    56.259   152.595
       412    56.404     3.511     0.000     4.576    -6.221    28.202     0.020    10.041    31.259  1772.925  1024.054    56.404   153.243
       413    56.571     3.508     0.000     4.592    -6.208    28.286     0.020    10.040    31.259  1767.686  1024.054    56.571   153.934
       414    56.768     3.506     0.000     4.609    -6.194    28.384     0.020    10.039    31.259  1761.569  1024.054    56.768   154.675
       415    57.004     3.505     0.000     4.627    -6.179    28.502     0.020    10.038    31.259  1754.275  1024.055    57.004   155.481
       416    57.276     3.505     0.000     4.647    -6.162    28.638     0.020    10.036    31.259  1745.941  1024.055    57.276   156.369
       417    57.581     3.506     0.000     4.670    -6.143    28.791     0.020    10.034    31.259  1736.684  1024.055    57.581   157.348
       418    57.934     3.508     0.000     4.695    -6.122    28.967     0.020    10.032    31.258  1726.113  1024.055    57.934   158.435
       419    58.355     3.513     0.000     4.723    -6.097    29.178     0.020    10.029    31.258  1713.648  1024.055    58.355   159.678
       420    58.880     3.522     0.000     4.757    -6.068    29.440     0.020    10.026    31.258  1698.370  1024.056    58.880   161.152
       421    59.573     3.536     0.000     4.799    -6.030    29.786     0.020    10.022    31.257  1678.614  1024.056    59.573   163.000
       422    60.589     3.560     0.000     4.857    -5.978    30.294     0.020    10.016    31.257  1650.476  1024.056    60.589   165.570
       423    61.800     3.593     0.000     4.923    -5.919    30.900     0.020    10.010    31.256  1618.114  1024.056    61.800   168.479
       424    63.036     3.633     0.000     4.987    -5.862    31.518     0.020    10.004    31.254  1586.387  1024.057    63.036   171.328
       425    64.297     3.679     0.000     5.050    -5.808    32.149     0.020     9.998    31.253  1555.282  1024.057    64.297   174.083
       426    65.583     3.729     0.000     5.110    -5.756    32.791     0.020     9.993    31.252  1524.786  1024.057    65.583   176.741
       427    66.895     3.781     0.000     5.168    -5.706    33.447     0.020     9.988    31.251  1494.888  1024.057    66.895   179.359
---------------------------- Plume traps -----------------------------
       428    68.055     3.831     0.000     5.219    -5.663    34.027     0.020     9.984    31.250  1469.406  1024.057    68.055   181.610
       429    69.092     3.877     0.000     5.262    -5.628    34.546     0.020     9.980    31.250  1447.352  1024.057    69.092   183.541
       430    70.016     3.920     0.000     5.299    -5.597    35.008     0.020     9.977    31.249  1428.245  1024.057    70.016   185.212
       431    70.871     3.959     0.000     5.333    -5.570    35.435     0.020     9.975    31.248  1411.019  1024.057    70.871   186.720
       432    71.671     3.996     0.000     5.364    -5.546    35.836     0.020     9.973    31.248  1395.261  1024.057    71.671   188.110
       433    72.435     4.031     0.000     5.393    -5.523    36.217     0.020     9.971    31.247  1380.555  1024.057    72.435   189.420
       434    73.167     4.065     0.000     5.421    -5.502    36.584     0.020     9.969    31.247  1366.728  1024.056    73.167   190.667
       435    73.876     4.099     0.000     5.448    -5.482    36.938     0.020     9.968    31.246  1353.617  1024.056    73.876   191.862
       436    74.564     4.131     0.000     5.473    -5.463    37.282     0.020     9.966    31.246  1341.136  1024.056    74.564   193.014
       437    75.233     4.163     0.000     5.498    -5.445    37.617     0.020     9.965    31.246  1329.203  1024.056    75.233   194.126
       438    75.886     4.194     0.000     5.522    -5.428    37.943     0.020     9.963    31.245  1317.765  1024.056    75.886   195.205
       439    76.508     4.224     0.000     5.545    -5.412    38.254     0.020     9.962    31.245  1307.055  1024.056    76.508   196.252
       440    77.103     4.252     0.000     5.568    -5.396    38.552     0.020     9.961    31.244  1296.962  1024.056    77.103   197.284
       441    77.674     4.280     0.000     5.590    -5.380    38.837     0.020     9.960    31.244  1287.433  1024.056    77.674   198.306
       442    78.223     4.307     0.000     5.613    -5.365    39.111     0.020     9.959    31.244  1278.400  1024.056    78.223   199.321
       443    78.750     4.334     0.000     5.635    -5.350    39.375     0.020     9.959    31.244  1269.844  1024.056    78.750   200.326
       444    79.256     4.359     0.000     5.657    -5.336    39.628     0.020     9.958    31.243  1261.733  1024.055    79.256   201.322
       445    79.742     4.384     0.000     5.679    -5.322    39.871     0.020     9.957    31.243  1254.050  1024.055    79.742   202.307
       446    80.207     4.409     0.000     5.700    -5.308    40.104     0.020     9.957    31.243  1246.769  1024.055    80.207   203.283
       447    80.654     4.432     0.000     5.722    -5.295    40.327     0.020     9.956    31.243  1239.869  1024.055    80.654   204.247
       448    81.081     4.455     0.000     5.743    -5.282    40.541     0.020     9.955    31.242  1233.328  1024.055    81.081   205.201
       449    81.491     4.477     0.000     5.763    -5.269    40.746     0.020     9.955    31.242  1227.127  1024.055    81.491   206.145
       450    81.884     4.499     0.000     5.784    -5.257    40.942     0.020     9.954    31.242  1221.247  1024.055    81.884   207.078
       451    82.259     4.519     0.000     5.804    -5.245    41.130     0.020     9.954    31.242  1215.669  1024.055    82.259   207.999
       452    82.619     4.540     0.000     5.824    -5.233    41.309     0.020     9.954    31.242  1210.377  1024.055    82.619   208.910
       453    82.963     4.560     0.000     5.844    -5.222    41.482     0.020     9.953    31.241  1205.353  1024.055    82.963   209.810
       454    83.293     4.579     0.000     5.864    -5.211    41.646     0.020     9.953    31.241  1200.582  1024.055    83.293   210.700
       455    83.609     4.597     0.000     5.883    -5.201    41.804     0.020     9.953    31.241  1196.050  1024.055    83.609   211.579
       456    83.911     4.616     0.000     5.902    -5.190    41.955     0.020     9.952    31.241  1191.743  1024.055    83.911   212.447
       457    84.200     4.633     0.000     5.921    -5.180    42.100     0.020     9.952    31.241  1187.649  1024.054    84.200   213.305
       458    84.477     4.650     0.000     5.939    -5.171    42.239     0.020     9.952    31.241  1183.753  1024.054    84.477   214.153
       459    84.742     4.667     0.000     5.958    -5.161    42.371     0.020     9.952    31.240  1180.047  1024.054    84.742   214.990
       460    84.997     4.683     0.000     5.976    -5.152    42.498     0.020     9.951    31.240  1176.517  1024.054    84.997   215.818
       461    85.240     4.699     0.000     5.994    -5.143    42.620     0.020     9.951    31.240  1173.156  1024.054    85.240   216.636
       462    85.474     4.714     0.000     6.012    -5.135    42.737     0.020     9.951    31.240  1169.952  1024.054    85.474   217.444
       463    85.697     4.729     0.000     6.029    -5.126    42.849     0.020     9.951    31.240  1166.897  1024.054    85.697   218.243
       464    85.912     4.744     0.000     6.046    -5.118    42.956     0.020     9.951    31.240  1163.984  1024.054    85.912   219.033
       465    86.118     4.758     0.000     6.064    -5.110    43.059     0.020     9.951    31.240  1161.203  1024.054    86.118   219.814
       466    86.315     4.772     0.000     6.080    -5.102    43.157     0.020     9.951    31.240  1158.548  1024.054    86.315   220.586
       467    86.504     4.785     0.000     6.097    -5.095    43.252     0.020     9.950    31.240  1156.011  1024.054    86.504   221.350
       468    86.686     4.798     0.000     6.114    -5.088    43.343     0.020     9.950    31.240  1153.588  1024.054    86.686   222.105
       469    86.861     4.811     0.000     6.130    -5.081    43.430     0.020     9.950    31.239  1151.271  1024.054    86.861   222.852
       470    87.028     4.824     0.000     6.146    -5.074    43.514     0.020     9.950    31.239  1149.055  1024.054    87.028   223.591
       471    87.189     4.836     0.000     6.162    -5.068    43.594     0.020     9.950    31.239  1146.934  1024.054    87.189   224.323
       472    87.344     4.847     0.000     6.178    -5.061    43.672     0.020     9.950    31.239  1144.904  1024.054    87.344   225.047
       473    87.492     4.859     0.000     6.194    -5.055    43.746     0.020     9.950    31.239  1142.961  1024.054    87.492   225.764
       474    87.635     4.870     0.000     6.209    -5.049    43.817     0.020     9.950    31.239  1141.099  1024.054    87.635   226.474
       475    87.772     4.881     0.000     6.225    -5.043    43.886     0.020     9.950    31.239  1139.316  1024.054    87.772   227.177
       476    87.904     4.892     0.000     6.240    -5.038    43.952     0.020     9.950    31.239  1137.606  1024.053    87.904   227.873
       477    88.031     4.902     0.000     6.255    -5.032    44.015     0.020     9.950    31.239  1135.967  1024.053    88.031   228.563
       478    88.153     4.912     0.000     6.270    -5.027    44.076     0.020     9.950    31.239  1134.396  1024.053    88.153   229.247
       479    88.270     4.922     0.000     6.285    -5.022    44.135     0.020     9.950    31.239  1132.888  1024.053    88.270   229.924
       480    88.383     4.931     0.000     6.300    -5.017    44.191     0.020     9.950    31.239  1131.442  1024.053    88.383   230.596
       481    88.491     4.940     0.000     6.314    -5.012    44.246     0.020     9.950    31.239  1130.055  1024.053    88.491   231.262
       482    88.596     4.949     0.000     6.329    -5.007    44.298     0.020     9.950    31.239  1128.723  1024.053    88.596   231.922
       483    88.696     4.958     0.000     6.343    -5.003    44.348     0.020     9.950    31.239  1127.445  1024.053    88.696   232.577
       484    88.793     4.967     0.000     6.357    -4.998    44.396     0.020     9.950    31.239  1126.218  1024.053    88.793   233.227
       485    88.886     4.975     0.000     6.371    -4.994    44.443     0.020     9.950    31.239  1125.040  1024.053    88.886   233.872
       486    88.975     4.983     0.000     6.385    -4.990    44.488     0.020     9.949    31.239  1123.910  1024.053    88.975   234.512
       487    89.061     4.991     0.000     6.399    -4.986    44.531     0.020     9.949    31.239  1122.824  1024.053    89.061   235.148
       488    89.144     4.998     0.000     6.413    -4.982    44.572     0.020     9.949    31.238  1121.782  1024.053    89.144   235.778
       489    89.223     5.006     0.000     6.427    -4.979    44.612     0.020     9.949    31.238  1120.782  1024.053    89.223   236.405
       490    89.300     5.013     0.000     6.440    -4.975    44.650     0.020     9.949    31.238  1119.823  1024.053    89.300   237.027
       491    89.373     5.020     0.000     6.454    -4.972    44.687     0.020     9.949    31.238  1118.902  1024.053    89.373   237.645
       492    89.444     5.027     0.000     6.467    -4.968    44.722     0.020     9.949    31.238  1118.018  1024.053    89.444   238.260
       493    89.512     5.033     0.000     6.480    -4.965    44.756     0.020     9.949    31.238  1117.170  1024.053    89.512   238.870
       494    89.577     5.039     0.000     6.494    -4.962    44.789     0.020     9.949    31.238  1116.358  1024.053    89.577   239.477
       495    89.640     5.045     0.000     6.507    -4.959    44.820     0.020     9.949    31.238  1115.579  1024.053    89.640   240.080
       496    89.700     5.051     0.000     6.520    -4.956    44.850     0.020     9.949    31.238  1114.832  1024.053    89.700   240.680
       497    89.757     5.057     0.000     6.533    -4.954    44.879     0.020     9.949    31.238  1114.117  1024.053    89.757   241.277
       498    89.812     5.062     0.000     6.546    -4.951    44.906     0.020     9.949    31.238  1113.432  1024.053    89.812   241.871
       499    89.865     5.068     0.000     6.559    -4.948    44.933     0.020     9.949    31.238  1112.778  1024.053    89.865   242.461
       500    89.916     5.073     0.000     6.572    -4.946    44.958     0.020     9.949    31.238  1112.151  1024.053    89.916   243.049
       501    89.964     5.078     0.000     6.584    -4.944    44.982     0.020     9.949    31.238  1111.553  1024.053    89.964   243.634
       502    90.010     5.082     0.000     6.597    -4.942    45.005     0.020     9.949    31.238  1110.982  1024.053    90.010   244.216
       503    90.055     5.087     0.000     6.610    -4.940    45.027     0.020     9.949    31.238  1110.438  1024.053    90.055   244.796
       504    90.097     5.091     0.000     6.622    -4.938    45.048     0.020     9.949    31.238  1109.919  1024.053    90.097   245.374
       505    90.137     5.095     0.000     6.635    -4.936    45.068     0.020     9.949    31.238  1109.425  1024.053    90.137   245.949
       506    90.175     5.099     0.000     6.647    -4.934    45.087     0.020     9.949    31.238  1108.956  1024.053    90.175   246.522
       507    90.211     5.103     0.000     6.660    -4.932    45.106     0.020     9.949    31.238  1108.510  1024.053    90.211   247.093
       508    90.246     5.107     0.000     6.672    -4.931    45.123     0.020     9.949    31.238  1108.088  1024.053    90.246   247.662
       509    90.278     5.110     0.000     6.685    -4.929    45.139     0.020     9.949    31.238  1107.689  1024.053    90.278   248.229
       510    90.309     5.113     0.000     6.697    -4.928    45.154     0.020     9.949    31.238  1107.313  1024.053    90.309   248.794
       511    90.338     5.116     0.000     6.709    -4.926    45.169     0.020     9.949    31.238  1106.958  1024.053    90.338   249.358
       512    90.365     5.119     0.000     6.722    -4.925    45.182     0.020     9.949    31.238  1106.625  1024.053    90.365   249.920
       513    90.390     5.122     0.000     6.734    -4.924    45.195     0.020     9.949    31.238  1106.313  1024.053    90.390   250.480
       514    90.414     5.124     0.000     6.746    -4.923    45.207     0.020     9.949    31.238  1106.022  1024.053    90.414   251.040
       515    90.436     5.127     0.000     6.758    -4.922    45.218     0.020     9.949    31.238  1105.751  1024.053    90.436   251.598
       516    90.457     5.129     0.000     6.770    -4.921    45.228     0.020     9.949    31.238  1105.501  1024.053    90.457   252.154
       517    90.476     5.131     0.000     6.783    -4.920    45.238     0.020     9.949    31.238  1105.270  1024.053    90.476   252.710
       518    90.493     5.132     0.000     6.795    -4.919    45.246     0.020     9.949    31.238  1105.059  1024.053    90.493   253.265
       519    90.509     5.134     0.000     6.807    -4.919    45.254     0.020     9.949    31.238  1104.867  1024.053    90.509   253.819
       520    90.523     5.135     0.000     6.819    -4.918    45.261     0.020     9.949    31.238  1104.694  1024.053    90.523   254.372
       521    90.535     5.137     0.000     6.831    -4.918    45.268     0.020     9.949    31.238  1104.541  1024.053    90.535   254.924
       522    90.546     5.138     0.000     6.843    -4.917    45.273     0.020     9.949    31.238  1104.405  1024.053    90.546   255.476
       523    90.556     5.139     0.000     6.855    -4.917    45.278     0.020     9.949    31.238  1104.288  1024.053    90.556   256.028
       524    90.564     5.139     0.000     6.867    -4.917    45.282     0.020     9.949    31.238  1104.189  1024.053    90.564   256.579
       525    90.571     5.140     0.000     6.879    -4.917    45.285     0.020     9.949    31.238  1104.107  1024.053    90.571   257.129
       526    90.576     5.140     0.000     6.891    -4.917    45.288     0.020     9.949    31.238  1104.041  1024.053    90.576   257.679
---------------------- Local maximum rise or fall --------------------
       527    90.581     5.141     0.000     6.903    -4.917    45.290     0.020     9.949    31.238  1103.985  1024.053    90.581   258.230
-------------------- Starting Farfield Calculations --------------------
Farfield dispersion based on wastefield width of :       5.14 (m)
4/3 Power Law based Eddy Diffusivity is used:
  Dilution     Width  Distance      Time    Bckgrd     Conc.
        ()       (m)       (m)    (hrs.)    (mg/L)    (mg/L)
    90.581     5.147     6.903     0.000     0.000  1103.985
    90.581     5.177     7.000     0.002     0.000  1107.135
    90.581     5.492     8.000     0.016     0.000  1107.135
    90.674     5.812     9.000     0.029     0.000  1107.135
    91.308     6.139    10.000     0.043     0.000  1107.135
    92.761     6.471    11.000     0.057     0.000  1107.135
    94.967     6.810    12.000     0.071     0.000  1107.135
    97.765     7.154    13.000     0.085     0.000  1107.135
   101.015     7.503    14.000     0.099     0.000  1015.230
   104.612     7.858    15.000     0.113     0.000  1015.230
   108.480     8.219    16.000     0.127     0.000  1015.230
   112.567     8.585    17.000     0.141     0.000  1015.230
   116.835     8.956    18.000     0.154     0.000  1015.230
   121.256     9.332    19.000     0.168     0.000  1015.230
   125.810     9.714    20.000     0.182     0.000   804.299
   130.482    10.101    21.000     0.196     0.000   804.299
   135.259    10.492    22.000     0.210     0.000   804.299
   140.134    10.889    23.000     0.224     0.000   804.299
   145.098    11.290    24.000     0.238     0.000   804.299
   150.146    11.696    25.000     0.252     0.000   804.299
   155.273    12.107    26.000     0.266     0.000   804.299
   160.475    12.523    27.000     0.279     0.000   641.880
   165.750    12.943    28.000     0.293     0.000   641.880
   171.094    13.368    29.000     0.307     0.000   641.880
   176.506    13.798    30.000     0.321     0.000   641.880
   181.983    14.232    31.000     0.335     0.000   641.880
   187.523    14.670    32.000     0.349     0.000   641.880
   193.125    15.113    33.000     0.363     0.000   525.129
   198.788    15.560    34.000     0.377     0.000   525.129
   204.510    16.011    35.000     0.391     0.000   525.129
   210.291    16.467    36.000     0.404     0.000   525.129
   216.129    16.927    37.000     0.418     0.000   525.129
   222.024    17.392    38.000     0.432     0.000   525.129
   227.974    17.860    39.000     0.446     0.000   439.351
   233.979    18.333    40.000     0.460     0.000   439.351
   240.039    18.809    41.000     0.474     0.000   439.351
   246.152    19.290    42.000     0.488     0.000   439.351
   252.317    19.775    43.000     0.502     0.000   439.351
   258.535    20.264    44.000     0.516     0.000   439.351
   264.805    20.756    45.000     0.529     0.000   439.351
   271.126    21.253    46.000     0.543     0.000   374.454
   277.498    21.753    47.000     0.557     0.000   374.454
   283.920    22.258    48.000     0.571     0.000   374.454
   290.391    22.766    49.000     0.585     0.000   374.454
   296.912    23.278    50.000     0.599     0.000   374.454
   303.482    23.794    51.000     0.613     0.000   374.454
   310.100    24.314    52.000     0.627     0.000   324.039
   316.767    24.837    53.000     0.641     0.000   324.039
   323.481    25.364    54.000     0.654     0.000   324.039
   330.242    25.895    55.000     0.668     0.000   324.039
   337.050    26.429    56.000     0.682     0.000   324.039
   343.905    26.967    57.000     0.696     0.000   324.039
   350.806    27.508    58.000     0.710     0.000   324.039
   357.753    28.054    59.000     0.724     0.000   283.980
   364.745    28.602    60.000     0.738     0.000   283.980
   371.783    29.155    61.000     0.752     0.000   283.980
   378.866    29.710    62.000     0.766     0.000   283.980
   385.993    30.270    63.000     0.779     0.000   283.980
   393.165    30.832    64.000     0.793     0.000   283.980
   400.381    31.398    65.000     0.807     0.000   251.536
   407.641    31.968    66.000     0.821     0.000   251.536
   414.944    32.541    67.000     0.835     0.000   251.536
   422.291    33.117    68.000     0.849     0.000   251.536
   429.681    33.697    69.000     0.863     0.000   251.536
   437.113    34.280    70.000     0.877     0.000   251.536
   444.588    34.866    71.000     0.891     0.000   251.536
   452.105    35.456    72.000     0.904     0.000   224.827
   459.664    36.049    73.000     0.918     0.000   224.827
   467.265    36.645    74.000     0.932     0.000   224.827
   474.907    37.245    75.000     0.946     0.000   224.827
   482.591    37.848    76.000     0.960     0.000   224.827
   490.316    38.454    77.000     0.974     0.000   224.827
   498.082    39.063    78.000     0.988     0.000   202.529
   505.888    39.675    79.000     1.002     0.000   202.529
   513.735    40.291    80.000     1.016     0.000   202.529
   521.622    40.909    81.000     1.029     0.000   202.529
   529.549    41.531    82.000     1.043     0.000   202.529
   537.516    42.156    83.000     1.057     0.000   202.529
   545.522    42.784    84.000     1.071     0.000   183.688
   553.568    43.415    85.000     1.085     0.000   183.688
   561.653    44.049    86.000     1.099     0.000   183.688
   569.777    44.686    87.000     1.113     0.000   183.688
   577.940    45.327    88.000     1.127     0.000   183.688
   586.142    45.970    89.000     1.141     0.000   183.688
   594.382    46.616    90.000     1.154     0.000   183.688
   602.660    47.266    91.000     1.168     0.000   167.596
   610.977    47.918    92.000     1.182     0.000   167.596
   619.331    48.573    93.000     1.196     0.000   167.596
   627.723    49.231    94.000     1.210     0.000   167.596
   636.153    49.893    95.000     1.224     0.000   167.596
   644.620    50.557    96.000     1.238     0.000   167.596
   653.125    51.224    97.000     1.252     0.000   153.724
   661.666    51.894    98.000     1.266     0.000   153.724
   670.245    52.567    99.000     1.279     0.000   153.724
   678.860    53.242   100.000     1.293     0.000   153.724
   687.512    53.921   101.000     1.307     0.000   153.724
   696.200    54.602   102.000     1.321     0.000   153.724
   704.925    55.287   103.000     1.335     0.000   153.724
   713.685    55.974   104.000     1.349     0.000   141.665
   722.482    56.664   105.000     1.363     0.000   141.665
   731.315    57.356   106.000     1.377     0.000   141.665
   740.183    58.052   107.000     1.391     0.000   141.665
   749.087    58.750   108.000     1.404     0.000   141.665
   758.027    59.452   109.000     1.418     0.000   141.665
   767.002    60.155   110.000     1.432     0.000   131.104
   776.011    60.862   111.000     1.446     0.000   131.104
   785.056    61.571   112.000     1.460     0.000   131.104
   794.136    62.284   113.000     1.474     0.000   131.104
   803.250    62.999   114.000     1.488     0.000   131.104
   812.400    63.716   115.000     1.502     0.000   131.104
   821.583    64.436   116.000     1.516     0.000   121.793
   830.801    65.159   117.000     1.529     0.000   121.793
   840.053    65.885   118.000     1.543     0.000   121.793
   849.340    66.613   119.000     1.557     0.000   121.793
   858.660    67.344   120.000     1.571     0.000   121.793
   868.014    68.078   121.000     1.585     0.000   121.793
   877.402    68.814   122.000     1.599     0.000   121.793
   886.823    69.553   123.000     1.613     0.000   113.535
   896.278    70.295   124.000     1.627     0.000   113.535
   905.766    71.039   125.000     1.641     0.000   113.535
   915.288    71.786   126.000     1.654     0.000   113.535
   924.843    72.535   127.000     1.668     0.000   113.535
   934.430    73.287   128.000     1.682     0.000   113.535
   944.051    74.042   129.000     1.696     0.000   106.169
   953.705    74.799   130.000     1.710     0.000   106.169
   963.391    75.558   131.000     1.724     0.000   106.169
   973.109    76.321   132.000     1.738     0.000   106.169
   982.860    77.086   133.000     1.752     0.000   106.169
   992.644    77.853   134.000     1.766     0.000   106.169
  1002.460    78.623   135.000     1.779     0.000   106.169
  1012.308    79.395   136.000     1.793     0.000    99.566
  1022.188    80.170   137.000     1.807     0.000    99.566
  1032.099    80.947   138.000     1.821     0.000    99.566
  1042.043    81.727   139.000     1.835     0.000    99.566
  1052.019    82.510   140.000     1.849     0.000    99.566
  1062.026    83.295   141.000     1.863     0.000    99.566
  1072.064    84.082   142.000     1.877     0.000    93.621
  1082.134    84.872   143.000     1.891     0.000    93.621
  1092.236    85.664   144.000     1.904     0.000    93.621
  1102.368    86.459   145.000     1.918     0.000    93.621
  1112.532    87.256   146.000     1.932     0.000    93.621
  1122.727    88.055   147.000     1.946     0.000    93.621
  1132.953    88.857   148.000     1.960     0.000    93.621
  1143.209    89.662   149.000     1.974     0.000    88.245
  1153.497    90.469   150.000     1.988     0.000    88.245
  1163.815    91.278   151.000     2.002     0.000    88.245
  1174.163    92.090   152.000     2.016     0.000    88.245
  1184.543    92.904   153.000     2.029     0.000    88.245
  1194.952    93.720   154.000     2.043     0.000    88.245
  1205.392    94.539   155.000     2.057     0.000    83.364
  1215.862    95.360   156.000     2.071     0.000    83.364
  1226.362    96.184   157.000     2.085     0.000    83.364
  1236.893    97.009   158.000     2.099     0.000    83.364
  1247.453    97.838   159.000     2.113     0.000    83.364
  1258.043    98.668   160.000     2.127     0.000    83.364
  1268.663    99.501   161.000     2.141     0.000    78.917
  1279.313   100.336   162.000     2.154     0.000    78.917
  1289.992   101.174   163.000     2.168     0.000    78.917
  1300.701   102.014   164.000     2.182     0.000    78.917
  1311.439   102.856   165.000     2.196     0.000    78.917
  1322.207   103.701   166.000     2.210     0.000    78.917
  1333.004   104.547   167.000     2.224     0.000    78.917
  1343.830   105.397   168.000     2.238     0.000    74.852
  1354.686   106.248   169.000     2.252     0.000    74.852
  1365.570   107.102   170.000     2.266     0.000    74.852
  1376.484   107.958   171.000     2.279     0.000    74.852
  1387.426   108.816   172.000     2.293     0.000    74.852
  1398.397   109.676   173.000     2.307     0.000    74.852
  1409.397   110.539   174.000     2.321     0.000    71.124
  1420.426   111.404   175.000     2.335     0.000    71.124
  1431.483   112.271   176.000     2.349     0.000    71.124
  1442.569   113.141   177.000     2.363     0.000    71.124
  1453.684   114.012   178.000     2.377     0.000    71.124
  1464.826   114.886   179.000     2.391     0.000    71.124
  1475.997   115.763   180.000     2.404     0.000    71.124
  1487.197   116.641   181.000     2.418     0.000    67.696
  1498.424   117.521   182.000     2.432     0.000    67.696
  1509.680   118.404   183.000     2.446     0.000    67.696
  1520.964   119.289   184.000     2.460     0.000    67.696
  1532.275   120.176   185.000     2.474     0.000    67.696
  1543.615   121.066   186.000     2.488     0.000    67.696
  1554.982   121.957   187.000     2.502     0.000    64.535
  1566.377   122.851   188.000     2.516     0.000    64.535
  1577.800   123.747   189.000     2.529     0.000    64.535
  1589.251   124.645   190.000     2.543     0.000    64.535
  1600.729   125.545   191.000     2.557     0.000    64.535
  1612.234   126.448   192.000     2.571     0.000    64.535
  1623.767   127.352   193.000     2.585     0.000    61.612
  1635.328   128.259   194.000     2.599     0.000    61.612
  1646.915   129.168   195.000     2.613     0.000    61.612
  1658.530   130.079   196.000     2.627     0.000    61.612
  1670.172   130.992   197.000     2.641     0.000    61.612
  1681.841   131.907   198.000     2.654     0.000    61.612
  1693.538   132.824   199.000     2.668     0.000    61.612
  1705.261   133.744   200.000     2.682     0.000    58.903
  1717.011   134.665   201.000     2.696     0.000    58.903
  1728.788   135.589   202.000     2.710     0.000    58.903
  1740.592   136.515   203.000     2.724     0.000    58.903
  1752.422   137.443   204.000     2.738     0.000    58.903
  1764.280   138.373   205.000     2.752     0.000    58.903
  1776.164   139.305   206.000     2.766     0.000    56.388
............................. Reached Chronic Mixing Zone ..........................
  1788.074   140.239   207.000     2.779     0.000    56.388
  1800.011   141.175   208.000     2.793     0.000    56.388
  1811.974   142.113   209.000     2.807     0.000    56.388
  1823.964   143.054   210.000     2.821     0.000    56.388
  1835.980   143.996   211.000     2.835     0.000    56.388
  1848.023   144.941   212.000     2.849     0.000    56.388
  1860.091   145.887   213.000     2.863     0.000    54.046
  1872.186   146.836   214.000     2.877     0.000    54.046
  1884.307   147.786   215.000     2.891     0.000    54.046
  1896.454   148.739   216.000     2.904     0.000    54.046
  1908.627   149.694   217.000     2.918     0.000    54.046
  1920.826   150.651   218.000     2.932     0.000    54.046
  1933.050   151.609   219.000     2.946     0.000    51.862
  1945.301   152.570   220.000     2.960     0.000    51.862
  1957.577   153.533   221.000     2.974     0.000    51.862
  1969.879   154.498   222.000     2.988     0.000    51.862
  1982.207   155.465   223.000     3.002     0.000    51.862
  1994.560   156.434   224.000     3.016     0.000    51.862
  2006.939   157.404   225.000     3.029     0.000    51.862
  2019.343   158.377   226.000     3.043     0.000    49.821
  2031.773   159.352   227.000     3.057     0.000    49.821
  2044.228   160.329   228.000     3.071     0.000    49.821
  2056.709   161.308   229.000     3.085     0.000    49.821
  2069.215   162.289   230.000     3.099     0.000    49.821
  2081.746   163.272   231.000     3.113     0.000    49.821
  2094.302   164.256   232.000     3.127     0.000    47.911
  2106.883   165.243   233.000     3.141     0.000    47.911
  2119.490   166.232   234.000     3.154     0.000    47.911
  2132.121   167.223   235.000     3.168     0.000    47.911
  2144.778   168.215   236.000     3.182     0.000    47.911
  2157.460   169.210   237.000     3.196     0.000    47.911
  2170.166   170.206   238.000     3.210     0.000    46.120
  2182.897   171.205   239.000     3.224     0.000    46.120
  2195.653   172.205   240.000     3.238     0.000    46.120
  2208.434   173.208   241.000     3.252     0.000    46.120
  2221.240   174.212   242.000     3.266     0.000    46.120
  2234.070   175.218   243.000     3.279     0.000    46.120
  2246.924   176.227   244.000     3.293     0.000    46.120
  2259.804   177.237   245.000     3.307     0.000    44.437
  2272.708   178.249   246.000     3.321     0.000    44.437
  2285.636   179.263   247.000     3.335     0.000    44.437
  2298.589   180.279   248.000     3.349     0.000    44.437
  2311.566   181.296   249.000     3.363     0.000    44.437
  2324.567   182.316   250.000     3.377     0.000    44.437
  2337.593   183.338   251.000     3.391     0.000    42.855
  2350.643   184.361   252.000     3.404     0.000    42.855
  2363.717   185.387   253.000     3.418     0.000    42.855
  2376.815   186.414   254.000     3.432     0.000    42.855
  2389.938   187.443   255.000     3.446     0.000    42.855
  2403.084   188.474   256.000     3.460     0.000    42.855
  2416.255   189.507   257.000     3.474     0.000    42.855
  2429.449   190.542   258.000     3.488     0.000    41.364
  2442.668   191.579   259.000     3.502     0.000    41.364
  2455.910   192.617   260.000     3.516     0.000    41.364
  2469.176   193.658   261.000     3.529     0.000    41.364
  2482.466   194.700   262.000     3.543     0.000    41.364
  2495.780   195.744   263.000     3.557     0.000    41.364
  2509.117   196.790   264.000     3.571     0.000    39.958
  2522.478   197.838   265.000     3.585     0.000    39.958
  2535.863   198.888   266.000     3.599     0.000    39.958
  2549.271   199.940   267.000     3.613     0.000    39.958
  2562.703   200.993   268.000     3.627     0.000    39.958
  2576.158   202.048   269.000     3.641     0.000    39.958
  2589.637   203.106   270.000     3.654     0.000    38.629
  2603.139   204.165   271.000     3.668     0.000    38.629
  2616.665   205.225   272.000     3.682     0.000    38.629
  2630.214   206.288   273.000     3.696     0.000    38.629
  2643.786   207.353   274.000     3.710     0.000    38.629
  2657.382   208.419   275.000     3.724     0.000    38.629
  2671.001   209.487   276.000     3.738     0.000    38.629
  2684.643   210.557   277.000     3.752     0.000    37.373
  2698.308   211.629   278.000     3.766     0.000    37.373
  2711.996   212.702   279.000     3.779     0.000    37.373
  2725.707   213.778   280.000     3.793     0.000    37.373
  2739.441   214.855   281.000     3.807     0.000    37.373
  2753.199   215.934   282.000     3.821     0.000    37.373
  2766.979   217.015   283.000     3.835     0.000    36.183
  2780.782   218.097   284.000     3.849     0.000    36.183
  2794.608   219.182   285.000     3.863     0.000    36.183
  2808.457   220.268   286.000     3.877     0.000    36.183
  2822.329   221.356   287.000     3.891     0.000    36.183
  2836.223   222.445   288.000     3.904     0.000    36.183
  2850.140   223.537   289.000     3.918     0.000    36.183
  2864.080   224.630   290.000     3.932     0.000    35.055
  2878.043   225.725   291.000     3.946     0.000    35.055
  2892.028   226.822   292.000     3.960     0.000    35.055
  2906.036   227.921   293.000     3.974     0.000    35.055
  2920.066   229.021   294.000     3.988     0.000    35.055
  2934.119   230.123   295.000     4.002     0.000    35.055
  2948.194   231.227   296.000     4.016     0.000    33.985
  2962.292   232.333   297.000     4.029     0.000    33.985
  2976.412   233.440   298.000     4.043     0.000    33.985
  2990.554   234.550   299.000     4.057     0.000    33.985
  3004.719   235.661   300.000     4.071     0.000    33.985
  3018.906   236.773   301.000     4.085     0.000    33.985
  3033.115   237.888   302.000     4.099     0.000    33.985
  3047.347   239.004   303.000     4.113     0.000    32.968
  3061.600   240.122   304.000     4.127     0.000    32.968
  3075.876   241.242   305.000     4.141     0.000    32.968
  3090.174   242.363   306.000     4.154     0.000    32.968
  3104.494   243.486   307.000     4.168     0.000    32.968
  3118.837   244.611   308.000     4.182     0.000    32.968
  3133.201   245.737   309.000     4.196     0.000    32.000
  3147.587   246.866   310.000     4.210     0.000    32.000
  3161.995   247.996   311.000     4.224     0.000    32.000
  3176.425   249.128   312.000     4.238     0.000    32.000
  3190.877   250.261   313.000     4.252     0.000    32.000
  3205.351   251.396   314.000     4.266     0.000    32.000
  3219.846   252.533   315.000     4.279     0.000    31.079
  3234.364   253.672   316.000     4.293     0.000    31.079
  3248.903   254.812   317.000     4.307     0.000    31.079
  3263.463   255.954   318.000     4.321     0.000    31.079
  3278.046   257.098   319.000     4.335     0.000    31.079
  3292.650   258.243   320.000     4.349     0.000    31.079
  3307.276   259.390   321.000     4.363     0.000    31.079
  3321.923   260.539   322.000     4.377     0.000    30.202
  3336.592   261.690   323.000     4.391     0.000    30.202
  3351.283   262.842   324.000     4.404     0.000    30.202
  3365.995   263.996   325.000     4.418     0.000    30.202
  3380.728   265.151   326.000     4.432     0.000    30.202
  3395.483   266.308   327.000     4.446     0.000    30.202
  3410.259   267.467   328.000     4.460     0.000    29.365
  3425.057   268.628   329.000     4.474     0.000    29.365
  3439.876   269.790   330.000     4.488     0.000    29.365
  3454.716   270.954   331.000     4.502     0.000    29.365
  3469.578   272.120   332.000     4.516     0.000    29.365
  3484.461   273.287   333.000     4.529     0.000    29.365
  3499.365   274.456   334.000     4.543     0.000    29.365
  3514.290   275.626   335.000     4.557     0.000    28.565
  3529.236   276.799   336.000     4.571     0.000    28.565
  3544.204   277.973   337.000     4.585     0.000    28.565
  3559.192   279.148   338.000     4.599     0.000    28.565
  3574.202   280.325   339.000     4.613     0.000    28.565
  3589.233   281.504   340.000     4.627     0.000    28.565
  3604.285   282.685   341.000     4.641     0.000    27.802
  3619.357   283.867   342.000     4.654     0.000    27.802
  3634.451   285.051   343.000     4.668     0.000    27.802
  3649.566   286.236   344.000     4.682     0.000    27.802
  3664.701   287.423   345.000     4.696     0.000    27.802
  3679.858   288.612   346.000     4.710     0.000    27.802
  3695.035   289.802   347.000     4.724     0.000    27.072
  3710.233   290.994   348.000     4.738     0.000    27.072
  3725.452   292.188   349.000     4.752     0.000    27.072
  3740.691   293.383   350.000     4.766     0.000    27.072
  3755.951   294.580   351.000     4.779     0.000    27.072
  3771.232   295.778   352.000     4.793     0.000    27.072
  3786.534   296.979   353.000     4.807     0.000    27.072
  3801.856   298.180   354.000     4.821     0.000    26.373
  3817.199   299.384   355.000     4.835     0.000    26.373
  3832.563   300.589   356.000     4.849     0.000    26.373
  3847.947   301.795   357.000     4.863     0.000    26.373
  3863.351   303.003   358.000     4.877     0.000    26.373
  3878.776   304.213   359.000     4.891     0.000    26.373
  3894.222   305.425   360.000     4.904     0.000    25.704
  3909.688   306.638   361.000     4.918     0.000    25.704
  3925.174   307.852   362.000     4.932     0.000    25.704
  3940.681   309.068   363.000     4.946     0.000    25.704
  3956.208   310.286   364.000     4.960     0.000    25.704
  3971.756   311.506   365.000     4.974     0.000    25.704
  3987.323   312.727   366.000     4.988     0.000    25.704
  4002.911   313.949   367.000     5.002     0.000    25.063
  4018.520   315.173   368.000     5.016     0.000    25.063
  4034.148   316.399   369.000     5.029     0.000    25.063
  4049.797   317.626   370.000     5.043     0.000    25.063
  4065.466   318.855   371.000     5.057     0.000    25.063
  4081.155   320.086   372.000     5.071     0.000    25.063
  4096.865   321.318   373.000     5.085     0.000    24.448
  4112.594   322.552   374.000     5.099     0.000    24.448
  4128.343   323.787   375.000     5.113     0.000    24.448
  4144.113   325.024   376.000     5.127     0.000    24.448
  4159.902   326.262   377.000     5.141     0.000    24.448
  4175.712   327.502   378.000     5.154     0.000    24.448
  4191.542   328.743   379.000     5.168     0.000    24.448
  4207.391   329.986   380.000     5.182     0.000    23.857
  4223.260   331.231   381.000     5.196     0.000    23.857
  4239.150   332.477   382.000     5.210     0.000    23.857
  4255.059   333.725   383.000     5.224     0.000    23.857
  4270.988   334.974   384.000     5.238     0.000    23.857
  4286.937   336.225   385.000     5.252     0.000    23.857
  4302.905   337.478   386.000     5.266     0.000    23.290
  4318.894   338.732   387.000     5.279     0.000    23.290
  4334.902   339.987   388.000     5.293     0.000    23.290
  4350.930   341.244   389.000     5.307     0.000    23.290
  4366.978   342.503   390.000     5.321     0.000    23.290
  4383.045   343.763   391.000     5.335     0.000    23.290
  4399.132   345.025   392.000     5.349     0.000    22.746
  4415.238   346.288   393.000     5.363     0.000    22.746
  4431.365   347.553   394.000     5.377     0.000    22.746
  4447.510   348.819   395.000     5.391     0.000    22.746
  4463.676   350.087   396.000     5.404     0.000    22.746
  4479.861   351.356   397.000     5.418     0.000    22.746
  4496.065   352.627   398.000     5.432     0.000    22.746
  4512.289   353.900   399.000     5.446     0.000    22.222
  4528.532   355.174   400.000     5.460     0.000    22.222
  4544.795   356.449   401.000     5.474     0.000    22.222
  4561.077   357.726   402.000     5.488     0.000    22.222
  4577.379   359.005   403.000     5.502     0.000    22.222
  4593.700   360.285   404.000     5.516     0.000    22.222
  4610.040   361.566   405.000     5.529     0.000    21.717
  4626.400   362.849   406.000     5.543     0.000    21.717
  4642.779   364.134   407.000     5.557     0.000    21.717
  4659.177   365.420   408.000     5.571     0.000    21.717
  4675.595   366.708   409.000     5.585     0.000    21.717
  4692.032   367.997   410.000     5.599     0.000    21.717
  4708.488   369.288   411.000     5.613     0.000    21.717
  4724.963   370.580   412.000     5.627     0.000    21.232
  4741.457   371.873   413.000     5.641     0.000    21.232
  4757.971   373.169   414.000     5.654     0.000    21.232
  4774.503   374.465   415.000     5.668     0.000    21.232
  4791.055   375.763   416.000     5.682     0.000    21.232
  4807.626   377.063   417.000     5.696     0.000    21.232
  4824.216   378.364   418.000     5.710     0.000    20.765
  4840.825   379.667   419.000     5.724     0.000    20.765
  4857.453   380.971   420.000     5.738     0.000    20.765
  4874.100   382.277   421.000     5.752     0.000    20.765
  4890.766   383.584   422.000     5.766     0.000    20.765
  4907.450   384.892   423.000     5.779     0.000    20.765
  4924.154   386.202   424.000     5.793     0.000    20.314
  4940.877   387.514   425.000     5.807     0.000    20.314
  4957.618   388.827   426.000     5.821     0.000    20.314
  4974.379   390.142   427.000     5.835     0.000    20.314
  4991.158   391.458   428.000     5.849     0.000    20.314
  5007.956   392.775   429.000     5.863     0.000    20.314
  5024.773   394.094   430.000     5.877     0.000    20.314
  5041.609   395.414   431.000     5.891     0.000    19.879
  5058.463   396.736   432.000     5.904     0.000    19.879
  5075.337   398.060   433.000     5.918     0.000    19.879
  5092.229   399.384   434.000     5.932     0.000    19.879
  5109.139   400.711   435.000     5.946     0.000    19.879
  5126.069   402.039   436.000     5.960     0.000    19.879
  5143.016   403.368   437.000     5.974     0.000    19.460
  5159.983   404.698   438.000     5.988     0.000    19.460
  5176.968   406.031   439.000     6.002     0.000    19.460
  5193.972   407.364   440.000     6.016     0.000    19.460
  5210.994   408.699   441.000     6.029     0.000    19.460
  5228.035   410.036   442.000     6.043     0.000    19.460
  5245.095   411.374   443.000     6.057     0.000    19.460
  5262.173   412.713   444.000     6.071     0.000    19.055
  5279.269   414.054   445.000     6.085     0.000    19.055
  5296.384   415.396   446.000     6.099     0.000    19.055
  5313.518   416.740   447.000     6.113     0.000    19.055
  5330.670   418.085   448.000     6.127     0.000    19.055
  5347.840   419.432   449.000     6.141     0.000    19.055
  5365.029   420.780   450.000     6.154     0.000    18.664
  5382.236   422.130   451.000     6.168     0.000    18.664
  5399.461   423.481   452.000     6.182     0.000    18.664
  5416.705   424.833   453.000     6.196     0.000    18.664
  5433.967   426.187   454.000     6.210     0.000    18.664
  5451.247   427.542   455.000     6.224     0.000    18.664
  5468.546   428.899   456.000     6.238     0.000    18.664
  5485.863   430.257   457.000     6.252     0.000    18.287
  5503.198   431.617   458.000     6.266     0.000    18.287
  5520.551   432.978   459.000     6.279     0.000    18.287
  5537.923   434.340   460.000     6.293     0.000    18.287
  5555.313   435.704   461.000     6.307     0.000    18.287
  5572.720   437.070   462.000     6.321     0.000    18.287
  5590.146   438.436   463.000     6.335     0.000    17.922
  5607.591   439.804   464.000     6.349     0.000    17.922
  5625.053   441.174   465.000     6.363     0.000    17.922
  5642.533   442.545   466.000     6.377     0.000    17.922
  5660.032   443.917   467.000     6.391     0.000    17.922
  5677.548   445.291   468.000     6.404     0.000    17.922
  5695.083   446.666   469.000     6.418     0.000    17.568
  5712.635   448.043   470.000     6.432     0.000    17.568
  5730.206   449.421   471.000     6.446     0.000    17.568
  5747.794   450.801   472.000     6.460     0.000    17.568
  5765.401   452.181   473.000     6.474     0.000    17.568
  5783.025   453.564   474.000     6.488     0.000    17.568
  5800.668   454.947   475.000     6.502     0.000    17.568
  5818.328   456.333   476.000     6.516     0.000    17.227
  5836.006   457.719   477.000     6.529     0.000    17.227
  5853.702   459.107   478.000     6.543     0.000    17.227
  5871.416   460.496   479.000     6.557     0.000    17.227
  5889.147   461.887   480.000     6.571     0.000    17.227
  5906.897   463.279   481.000     6.585     0.000    17.227
  5924.664   464.673   482.000     6.599     0.000    16.896
  5942.449   466.067   483.000     6.613     0.000    16.896
  5960.252   467.464   484.000     6.627     0.000    16.896
  5978.073   468.861   485.000     6.641     0.000    16.896
  5995.911   470.260   486.000     6.654     0.000    16.896
  6013.767   471.661   487.000     6.668     0.000    16.896
  6031.641   473.063   488.000     6.682     0.000    16.896
  6049.532   474.466   489.000     6.696     0.000    16.576
  6067.441   475.871   490.000     6.710     0.000    16.576
  6085.368   477.277   491.000     6.724     0.000    16.576
  6103.312   478.684   492.000     6.738     0.000    16.576
  6121.274   480.093   493.000     6.752     0.000    16.576
  6139.253   481.503   494.000     6.766     0.000    16.576
  6157.250   482.914   495.000     6.779     0.000    16.265
  6175.265   484.327   496.000     6.793     0.000    16.265
  6193.297   485.741   497.000     6.807     0.000    16.265
  6211.347   487.157   498.000     6.821     0.000    16.265
  6229.414   488.574   499.000     6.835     0.000    16.265
  6247.499   489.992   500.000     6.849     0.000    16.265
  6264.140   491.298   500.919     6.862     0.000    15.965
