****************************************************************************************************
----------------------------------------------------------------------------------------------------
Ambient Table:
     Depth   Amb-cur   Amb-dir   Amb-sal   Amb-tem   Amb-pol     Decay   Far-spd   Far-dir   Disprsn
       (m)     (m/s)     (deg)     (psu)       (C)    (mg/L)   (1/day)     (m/s)     (deg)(m0.67/s2)
     0.000     0.020    90.000    30.900    11.200     0.000     0.000     0.020    90.000   0.00030
     3.000     0.020    90.000    31.200    10.400     0.000     0.000     0.020    90.000   0.00030
     6.000     0.020    90.000    31.200     9.690     0.000     0.000     0.020    90.000   0.00030
     9.000     0.020    90.000    31.700     9.440     0.000     0.000     0.020    90.000   0.00030
    12.000     0.020    90.000    31.800     9.340     0.000     0.000     0.020    90.000   0.00030
    15.000     0.050    90.000    31.900     9.220     0.000     0.000     0.020    90.000   0.00030
----------------------------------------------------------------------------------------------------
Diffuser Table:
     P-dia    P-elev   V-angle   H-angle     Ports   Spacing   AcuteMZ   ChrncMZ   P-depth   Ttl-flo   Eff-sal      Temp   Polutnt
       (m)       (m)     (deg)     (deg)       ( )       (m)       (m)       (m)       (m)     (cms)     (psu)       (C)    (mg/L)
      0.20     15.00    -45.00     90.00      1.00      0.00     20.70    207.00      5.00      0.01     35.00     10.00 100000.00
----------------------------------------------------------------------------------------------------
Simulation Results:
              Dilutn     P-dia    x-posn    y-posn     Depth    CL-Dil  Amb-Curr    P-Temp     P-Sal    P-Con.     P-Den   Net-Dil      Time
      Step (FluxAvg)       (m)       (m)       (m)       (m)        ()     (m/s)       (C)     (psu)    (mg/L)   (kg/m3)        ()       (s)
         1     1.020     0.158     0.000     0.006    -5.006     1.000     0.020     9.999    34.925 98033.692  1026.916     1.020     0.032
         2     1.041     0.161     0.000     0.011    -5.012     1.000     0.020     9.997    34.852 96106.155  1026.860     1.041     0.064
         3     1.061     0.164     0.000     0.017    -5.017     1.000     0.020     9.996    34.781 94216.619  1026.804     1.061     0.097
         4     1.083     0.167     0.000     0.023    -5.023     1.000     0.020     9.994    34.711 92364.331  1026.750     1.083     0.130
         5     1.104     0.170     0.000     0.029    -5.029     1.000     0.020     9.993    34.642 90548.554  1026.696     1.104     0.165
         6     1.127     0.173     0.000     0.035    -5.035     1.000     0.020     9.992    34.574 88768.563  1026.644     1.127     0.201
         7     1.149     0.176     0.000     0.041    -5.041     1.000     0.020     9.990    34.508 87023.651  1026.593     1.149     0.239
         8     1.172     0.179     0.000     0.047    -5.048     1.000     0.020     9.989    34.443 85313.123  1026.542     1.172     0.277
         9     1.196     0.182     0.000     0.053    -5.054     1.000     0.020     9.987    34.380 83636.297  1026.493     1.196     0.317
        10     1.220     0.185     0.000     0.060    -5.061     1.000     0.020     9.986    34.317 81992.507  1026.445     1.220     0.359
        11     1.244     0.189     0.000     0.066    -5.068     1.000     0.020     9.984    34.256 80381.098  1026.397     1.244     0.401
        12     1.269     0.192     0.000     0.073    -5.074     1.000     0.020     9.983    34.196 78801.431  1026.351     1.269     0.446
        13     1.294     0.195     0.000     0.080    -5.081     1.000     0.020     9.982    34.138 77252.876  1026.305     1.294     0.491
        14     1.320     0.199     0.000     0.087    -5.089     1.000     0.020     9.980    34.080 75734.819  1026.260     1.320     0.538
        15     1.347     0.202     0.000     0.093    -5.096     1.000     0.020     9.979    34.023 74246.656  1026.217     1.347     0.587
        16     1.374     0.206     0.000     0.101    -5.103     1.000     0.020     9.977    33.968 72787.796  1026.174     1.374     0.637
        17     1.401     0.210     0.000     0.108    -5.111     1.000     0.020     9.976    33.914 71357.660  1026.132     1.401     0.689
        18     1.429     0.213     0.000     0.115    -5.119     1.000     0.020     9.974    33.861 69955.680  1026.091     1.429     0.743
        19     1.458     0.217     0.000     0.122    -5.126     1.000     0.020     9.973    33.808 68581.299  1026.050     1.458     0.799
        20     1.487     0.221     0.000     0.130    -5.134     1.000     0.020     9.972    33.757 67233.972  1026.010     1.487     0.856
        21     1.517     0.224     0.000     0.137    -5.143     1.000     0.020     9.970    33.707 65913.165  1025.972     1.517     0.915
        22     1.548     0.228     0.000     0.145    -5.151     1.000     0.020     9.969    33.658 64618.353  1025.934     1.548     0.976
        23     1.579     0.232     0.000     0.153    -5.160     1.000     0.020     9.967    33.610 63349.023  1025.896     1.579     1.039
        24     1.610     0.236     0.000     0.161    -5.168     1.000     0.020     9.966    33.563 62104.672  1025.860     1.610     1.104
        25     1.642     0.240     0.000     0.169    -5.177     1.000     0.020     9.964    33.516 60884.807  1025.824     1.642     1.170
        26     1.675     0.244     0.000     0.177    -5.186     1.000     0.020     9.963    33.471 59688.943  1025.789     1.675     1.239
        27     1.709     0.248     0.000     0.185    -5.195     1.000     0.020     9.961    33.426 58516.607  1025.754     1.709     1.311
        28     1.743     0.252     0.000     0.194    -5.205     1.000     0.020     9.960    33.383 57367.335  1025.721     1.743     1.384
        29     1.778     0.257     0.000     0.202    -5.214     1.000     0.020     9.958    33.340 56240.672  1025.688     1.778     1.459
        30     1.814     0.261     0.000     0.211    -5.224     1.000     0.020     9.956    33.298 55136.171  1025.655     1.814     1.537
        31     1.850     0.265     0.000     0.220    -5.234     1.000     0.020     9.955    33.257 54053.394  1025.623     1.850     1.617
        32     1.887     0.269     0.000     0.228    -5.244     1.000     0.020     9.953    33.216 52991.915  1025.592     1.887     1.700
        33     1.925     0.274     0.000     0.237    -5.255     1.000     0.020     9.952    33.177 51951.311  1025.562     1.925     1.785
        34     1.963     0.278     0.000     0.246    -5.265     1.000     0.020     9.950    33.138 50931.172  1025.532     1.963     1.872
        35     2.003     0.283     0.000     0.256    -5.276     1.001     0.020     9.948    33.100 49931.094  1025.502     2.003     1.962
        36     2.043     0.287     0.000     0.265    -5.287     1.021     0.020     9.947    33.063 48950.681  1025.474     2.043     2.054
        37     2.084     0.292     0.000     0.274    -5.298     1.042     0.020     9.945    33.026 47989.545  1025.445     2.084     2.149
        38     2.126     0.297     0.000     0.284    -5.309     1.063     0.020     9.943    32.991 47047.307  1025.418     2.126     2.246
        39     2.168     0.301     0.000     0.293    -5.321     1.084     0.020     9.942    32.955 46123.594  1025.391     2.168     2.346
        40     2.212     0.306     0.000     0.303    -5.333     1.106     0.020     9.940    32.921 45218.040  1025.364     2.212     2.449
        41     2.256     0.311     0.000     0.313    -5.345     1.128     0.020     9.938    32.887 44330.288  1025.338     2.256     2.554
        42     2.301     0.316     0.000     0.323    -5.357     1.150     0.020     9.936    32.854 43459.987  1025.313     2.301     2.661
        43     2.347     0.321     0.000     0.333    -5.369     1.174     0.020     9.935    32.822 42606.793  1025.288     2.347     2.772
        44     2.394     0.326     0.000     0.343    -5.382     1.197     0.020     9.933    32.790 41770.369  1025.263     2.394     2.885
        45     2.442     0.331     0.000     0.353    -5.395     1.221     0.020     9.931    32.759 40950.385  1025.239     2.442     3.000
        46     2.491     0.336     0.000     0.363    -5.407     1.245     0.020     9.929    32.728 40146.516  1025.216     2.491     3.119
        47     2.541     0.341     0.000     0.373    -5.421     1.270     0.020     9.927    32.698 39358.446  1025.193     2.541     3.240
        48     2.592     0.346     0.000     0.384    -5.434     1.296     0.020     9.925    32.669 38585.862  1025.170     2.592     3.364
        49     2.644     0.351     0.000     0.394    -5.448     1.322     0.020     9.923    32.640 37828.461  1025.148     2.644     3.491
        50     2.696     0.357     0.000     0.405    -5.461     1.348     0.020     9.921    32.612 37085.943  1025.127     2.696     3.621
        51     2.750     0.362     0.000     0.415    -5.475     1.375     0.020     9.919    32.584 36358.014  1025.105     2.750     3.754
        52     2.805     0.367     0.000     0.426    -5.490     1.403     0.020     9.917    32.557 35644.389  1025.085     2.805     3.890
        53     2.862     0.373     0.000     0.437    -5.504     1.431     0.020     9.915    32.530 34944.784  1025.064     2.862     4.029
        54     2.919     0.378     0.000     0.448    -5.519     1.459     0.020     9.913    32.504 34258.925  1025.044     2.919     4.170
        55     2.977     0.384     0.000     0.458    -5.534     1.489     0.020     9.911    32.479 33586.540  1025.025     2.977     4.315
        56     3.037     0.390     0.000     0.469    -5.549     1.518     0.020     9.909    32.454 32927.364  1025.005     3.037     4.463
        57     3.098     0.395     0.000     0.481    -5.564     1.549     0.020     9.907    32.429 32281.138  1024.987     3.098     4.614
        58     3.160     0.401     0.000     0.492    -5.580     1.580     0.020     9.905    32.405 31647.606  1024.968     3.160     4.768
        59     3.223     0.407     0.000     0.503    -5.595     1.612     0.020     9.903    32.381 31026.519  1024.950     3.223     4.925
        60     3.288     0.413     0.000     0.514    -5.611     1.644     0.020     9.901    32.358 30417.632  1024.933     3.288     5.085
        61     3.353     0.419     0.000     0.525    -5.627     1.677     0.020     9.898    32.335 29820.704  1024.915     3.353     5.249
        62     3.420     0.425     0.000     0.537    -5.644     1.710     0.020     9.896    32.313 29235.500  1024.898     3.420     5.416
        63     3.489     0.431     0.000     0.548    -5.661     1.744     0.020     9.894    32.291 28661.791  1024.882     3.489     5.586
        64     3.559     0.437     0.000     0.560    -5.677     1.779     0.020     9.891    32.270 28099.348  1024.865     3.559     5.760
        65     3.630     0.443     0.000     0.571    -5.695     1.815     0.020     9.889    32.249 27547.952  1024.849     3.630     5.936
        66     3.703     0.449     0.000     0.583    -5.712     1.851     0.020     9.887    32.228 27007.385  1024.834     3.703     6.117
        67     3.777     0.456     0.000     0.595    -5.729     1.888     0.020     9.884    32.208 26477.433  1024.819     3.777     6.300
        68     3.852     0.462     0.000     0.606    -5.747     1.926     0.020     9.882    32.188 25957.888  1024.804     3.852     6.488
        69     3.929     0.469     0.000     0.618    -5.765     1.965     0.020     9.879    32.169 25448.545  1024.789     3.929     6.678
        70     4.008     0.475     0.000     0.630    -5.784     2.004     0.020     9.877    32.150 24949.204  1024.775     4.008     6.873
        71     4.088     0.482     0.000     0.642    -5.802     2.044     0.020     9.874    32.131 24459.668  1024.760     4.088     7.071
        72     4.170     0.488     0.000     0.654    -5.821     2.085     0.020     9.871    32.113 23979.744  1024.747     4.170     7.272
        73     4.254     0.495     0.000     0.666    -5.840     2.127     0.020     9.869    32.095 23509.243  1024.733     4.254     7.477
        74     4.339     0.502     0.000     0.678    -5.859     2.169     0.020     9.866    32.078 23047.980  1024.720     4.339     7.686
        75     4.426     0.509     0.000     0.690    -5.878     2.213     0.020     9.863    32.061 22595.773  1024.707     4.426     7.899
        76     4.514     0.516     0.000     0.703    -5.898     2.257     0.020     9.861    32.044 22152.444  1024.694     4.514     8.115
        77     4.605     0.523     0.000     0.715    -5.918     2.302     0.020     9.858    32.027 21717.819  1024.682     4.605     8.335
        78     4.697     0.530     0.000     0.727    -5.938     2.348     0.020     9.855    32.011 21291.727  1024.670     4.697     8.559
        79     4.791     0.537     0.000     0.740    -5.959     2.395     0.020     9.852    31.995 20873.999  1024.658     4.791     8.788
        80     4.887     0.545     0.000     0.752    -5.979     2.443     0.020     9.849    31.979 20464.472  1024.646     4.887     9.020
        81     4.984     0.552     0.000     0.765    -6.000     2.492     0.020     9.846    31.964 20062.984  1024.635     4.984     9.256
        82     5.084     0.559     0.000     0.777    -6.022     2.542     0.020     9.843    31.949 19669.378  1024.623     5.084     9.496
        83     5.186     0.567     0.000     0.790    -6.043     2.593     0.020     9.840    31.934 19283.498  1024.613     5.186     9.740
        84     5.290     0.575     0.000     0.803    -6.065     2.645     0.020     9.837    31.920 18905.193  1024.602     5.290     9.988
        85     5.395     0.582     0.000     0.815    -6.087     2.698     0.020     9.834    31.906 18534.315  1024.591     5.395    10.241
        86     5.503     0.590     0.000     0.828    -6.109     2.752     0.020     9.832    31.893 18170.717  1024.581     5.503    10.498
        87     5.613     0.598     0.000     0.841    -6.131     2.807     0.020     9.829    31.879 17814.257  1024.571     5.613    10.759
        88     5.726     0.606     0.000     0.854    -6.154     2.863     0.020     9.826    31.866 17464.794  1024.562     5.726    11.025
        89     5.840     0.614     0.000     0.867    -6.177     2.920     0.020     9.823    31.854 17122.190  1024.552     5.840    11.295
        90     5.957     0.623     0.000     0.880    -6.200     2.979     0.020     9.820    31.841 16786.312  1024.543     5.957    11.570
        91     6.076     0.631     0.000     0.893    -6.224     3.038     0.020     9.817    31.829 16457.026  1024.534     6.076    11.849
        92     6.198     0.640     0.000     0.907    -6.248     3.099     0.020     9.814    31.818 16134.203  1024.526     6.198    12.133
        93     6.322     0.648     0.000     0.920    -6.272     3.161     0.020     9.812    31.806 15817.716  1024.517     6.322    12.422
        94     6.449     0.657     0.000     0.933    -6.296     3.224     0.020     9.809    31.795 15507.441  1024.509     6.449    12.716
        95     6.578     0.666     0.000     0.947    -6.320     3.289     0.020     9.806    31.784 15203.256  1024.501     6.578    13.014
        96     6.709     0.675     0.000     0.960    -6.345     3.355     0.020     9.803    31.774 14905.041  1024.494     6.709    13.318
        97     6.843     0.684     0.000     0.974    -6.370     3.422     0.020     9.800    31.764 14612.678  1024.486     6.843    13.627
        98     6.980     0.693     0.000     0.988    -6.396     3.490     0.020     9.798    31.754 14326.053  1024.479     6.980    13.941
        99     7.120     0.703     0.000     1.001    -6.421     3.560     0.020     9.795    31.744 14045.053  1024.472     7.120    14.260
       100     7.262     0.712     0.000     1.015    -6.447     3.631     0.020     9.792    31.735 13769.568  1024.465     7.262    14.585
       101     7.408     0.722     0.000     1.029    -6.473     3.704     0.020     9.790    31.726 13499.488  1024.458     7.408    14.916
       102     7.556     0.732     0.000     1.043    -6.500     3.778     0.020     9.787    31.717 13234.709  1024.452     7.556    15.252
       103     7.707     0.742     0.000     1.057    -6.527     3.854     0.020     9.784    31.708 12975.126  1024.446     7.707    15.593
       104     7.861     0.752     0.000     1.072    -6.554     3.931     0.020     9.782    31.700 12720.636  1024.439     7.861    15.941
       105     8.019     0.762     0.000     1.086    -6.581     4.009     0.020     9.779    31.692 12471.141  1024.434     8.019    16.294
       106     8.179     0.773     0.000     1.100    -6.608     4.089     0.020     9.776    31.684 12226.541  1024.428     8.179    16.654
       107     8.343     0.784     0.000     1.115    -6.636     4.171     0.020     9.774    31.676 11986.741  1024.422     8.343    17.020
       108     8.509     0.795     0.000     1.130    -6.664     4.255     0.020     9.771    31.669 11751.646  1024.417     8.509    17.392
       109     8.680     0.806     0.000     1.144    -6.693     4.340     0.020     9.768    31.662 11521.164  1024.412     8.680    17.770
       110     8.853     0.817     0.000     1.159    -6.721     4.427     0.020     9.766    31.655 11295.204  1024.407     8.853    18.155
       111     9.030     0.828     0.000     1.174    -6.750     4.515     0.020     9.763    31.648 11073.678  1024.402     9.030    18.547
       112     9.211     0.840     0.000     1.189    -6.779     4.606     0.020     9.761    31.642 10856.499  1024.398     9.211    18.946
       113     9.395     0.852     0.000     1.205    -6.809     4.698     0.020     9.758    31.636 10643.580  1024.393     9.395    19.352
       114     9.583     0.864     0.000     1.220    -6.839     4.792     0.020     9.755    31.630 10434.839  1024.389     9.583    19.765
       115     9.775     0.876     0.000     1.235    -6.869     4.887     0.020     9.753    31.624 10230.194  1024.385     9.775    20.185
       116     9.971     0.888     0.000     1.251    -6.899     4.985     0.020     9.750    31.618 10029.564  1024.381     9.971    20.612
       117    10.170     0.901     0.000     1.267    -6.930     5.085     0.020     9.748    31.613  9832.869  1024.377    10.170    21.048
       118    10.373     0.914     0.000     1.283    -6.960     5.187     0.020     9.745    31.608  9640.034  1024.374    10.373    21.491
       119    10.581     0.927     0.000     1.299    -6.992     5.290     0.020     9.742    31.603  9450.982  1024.370    10.581    21.942
       120    10.793     0.940     0.000     1.315    -7.023     5.396     0.020     9.740    31.598  9265.639  1024.367    10.793    22.401
       121    11.008     0.954     0.000     1.331    -7.055     5.504     0.020     9.737    31.594  9083.932  1024.364    11.008    22.869
       122    11.229     0.968     0.000     1.348    -7.087     5.614     0.020     9.735    31.589  8905.790  1024.361    11.229    23.345
       123    11.453     0.982     0.000     1.365    -7.119     5.727     0.020     9.732    31.585  8731.142  1024.358    11.453    23.830
       124    11.682     0.997     0.000     1.381    -7.152     5.841     0.020     9.729    31.581  8559.921  1024.355    11.682    24.324
       125    11.916     1.012     0.000     1.398    -7.184     5.958     0.020     9.727    31.577  8392.058  1024.353    11.916    24.828
       126    12.154     1.027     0.000     1.416    -7.217     6.077     0.020     9.724    31.574  8227.489  1024.350    12.154    25.340
       127    12.397     1.042     0.000     1.433    -7.251     6.199     0.020     9.722    31.570  8066.148  1024.348    12.397    25.863
       128    12.645     1.058     0.000     1.451    -7.284     6.323     0.020     9.719    31.567  7907.971  1024.346    12.645    26.395
       129    12.898     1.074     0.000     1.468    -7.318     6.449     0.020     9.716    31.564  7752.898  1024.344    12.898    26.937
       130    13.156     1.090     0.000     1.486    -7.352     6.578     0.020     9.714    31.561  7600.867  1024.342    13.156    27.490
       131    13.420     1.107     0.000     1.505    -7.386     6.710     0.020     9.711    31.558  7451.817  1024.340    13.420    28.054
       132    13.688     1.125     0.000     1.523    -7.421     6.844     0.020     9.708    31.555  7305.692  1024.339    13.688    28.628
       133    13.962     1.142     0.000     1.542    -7.456     6.981     0.020     9.706    31.553  7162.433  1024.337    13.962    29.214
       134    14.241     1.160     0.000     1.561    -7.491     7.120     0.020     9.703    31.551  7021.984  1024.336    14.241    29.811
       135    14.526     1.179     0.000     1.580    -7.526     7.263     0.020     9.701    31.549  6884.289  1024.335    14.526    30.420
       136    14.816     1.198     0.000     1.599    -7.561     7.408     0.020     9.698    31.547  6749.296  1024.334    14.816    31.041
       137    15.113     1.217     0.000     1.619    -7.597     7.556     0.020     9.695    31.545  6616.951  1024.333    15.113    31.675
       138    15.415     1.237     0.000     1.638    -7.633     7.707     0.020     9.693    31.543  6487.201  1024.332    15.415    32.322
       139    15.723     1.258     0.000     1.659    -7.669     7.862     0.020     9.690    31.542  6359.996  1024.331    15.723    32.982
       140    16.038     1.279     0.000     1.679    -7.705     8.019     0.020     9.687    31.540  6235.287  1024.330    16.038    33.655
       141    16.359     1.300     0.000     1.700    -7.741     8.179     0.020     9.685    31.539  6113.023  1024.330    16.359    34.342
       142    16.686     1.323     0.000     1.721    -7.777     8.343     0.020     9.682    31.538  5993.157  1024.329    16.686    35.044
       143    17.019     1.346     0.000     1.742    -7.814     8.510     0.020     9.679    31.537  5875.643  1024.329    17.019    35.760
       144    17.360     1.369     0.000     1.763    -7.850     8.680     0.020     9.677    31.536  5760.433  1024.329    17.360    36.491
       145    17.707     1.393     0.000     1.785    -7.887     8.854     0.020     9.674    31.536  5647.483  1024.329    17.707    37.238
---------------------------- Plume traps -----------------------------
       146    18.061     1.419     0.000     1.807    -7.924     9.031     0.020     9.671    31.535  5536.748  1024.329    18.061    38.000
       147    18.422     1.444     0.000     1.830    -7.960     9.211     0.020     9.668    31.535  5428.185  1024.329    18.422    38.779
       148    18.791     1.471     0.000     1.853    -7.997     9.395     0.020     9.666    31.534  5321.751  1024.329    18.791    39.574
       149    19.161     1.498     0.000     1.876    -8.033     9.581     0.020     9.663    31.534  5218.912  1024.330    19.161    40.374
       150    19.514     1.525     0.000     1.897    -8.067     9.757     0.020     9.661    31.534  5124.608  1024.330    19.514    41.136
       151    19.851     1.552     0.000     1.918    -8.098     9.925     0.020     9.658    31.534  5037.611  1024.330    19.851    41.860
       152    20.171     1.577     0.000     1.937    -8.127    10.085     0.020     9.656    31.534  4957.720  1024.331    20.171    42.547
       153    20.476     1.602     0.000     1.956    -8.154    10.238     0.020     9.654    31.535  4883.672  1024.331    20.476    43.202
       154    20.769     1.625     0.000     1.973    -8.180    10.385     0.020     9.652    31.535  4814.816  1024.332    20.769    43.829
       155    21.051     1.648     0.000     1.990    -8.204    10.525     0.020     9.650    31.535  4750.413  1024.332    21.051    44.431
       156    21.322     1.671     0.000     2.006    -8.226    10.661     0.020     9.648    31.536  4689.973  1024.333    21.322    45.011
       157    21.584     1.693     0.000     2.022    -8.248    10.792     0.020     9.646    31.536  4633.037  1024.334    21.584    45.570
       158    21.838     1.714     0.000     2.036    -8.268    10.919     0.020     9.645    31.536  4579.249  1024.334    21.838    46.111
       159    22.083     1.735     0.000     2.051    -8.287    11.042     0.020     9.643    31.537  4528.292  1024.335    22.083    46.634
       160    22.322     1.756     0.000     2.065    -8.306    11.161     0.020     9.642    31.537  4479.900  1024.335    22.322    47.141
       161    22.554     1.776     0.000     2.078    -8.323    11.277     0.020     9.640    31.538  4433.838  1024.336    22.554    47.633
       162    22.780     1.796     0.000     2.091    -8.340    11.390     0.020     9.639    31.538  4389.905  1024.337    22.780    48.111
       163    23.000     1.815     0.000     2.104    -8.356    11.500     0.020     9.637    31.539  4347.920  1024.337    23.000    48.575
       164    23.214     1.835     0.000     2.116    -8.372    11.607     0.020     9.636    31.539  4307.726  1024.338    23.214    49.028
       165    23.424     1.854     0.000     2.128    -8.386    11.712     0.020     9.635    31.540  4269.182  1024.338    23.424    49.468
       166    23.629     1.872     0.000     2.139    -8.400    11.814     0.020     9.634    31.540  4232.164  1024.339    23.629    49.898
       167    23.829     1.890     0.000     2.151    -8.414    11.915     0.020     9.632    31.541  4196.559  1024.339    23.829    50.317
       168    24.025     1.909     0.000     2.162    -8.427    12.013     0.020     9.631    31.541  4162.266  1024.340    24.025    50.727
       169    24.218     1.926     0.000     2.173    -8.439    12.109     0.020     9.630    31.542  4129.195  1024.341    24.218    51.127
       170    24.407     1.944     0.000     2.183    -8.451    12.203     0.020     9.629    31.542  4097.262  1024.341    24.407    51.519
       171    24.592     1.961     0.000     2.193    -8.463    12.296     0.020     9.628    31.543  4066.395  1024.342    24.592    51.902
       172    24.774     1.978     0.000     2.203    -8.474    12.387     0.020     9.627    31.543  4036.523  1024.342    24.774    52.277
       173    24.953     1.995     0.000     2.213    -8.485    12.476     0.020     9.626    31.543  4007.586  1024.343    24.953    52.644
       174    25.129     2.012     0.000     2.223    -8.495    12.564     0.020     9.625    31.544  3979.527  1024.343    25.129    53.004
       175    25.299     2.029     0.000     2.232    -8.505    12.649     0.020     9.624    31.544  3952.802  1024.344    25.299    53.357
       176    25.462     2.045     0.000     2.241    -8.515    12.731     0.020     9.623    31.545  3927.498  1024.344    25.462    53.706
       177    25.618     2.060     0.000     2.250    -8.524    12.809     0.020     9.622    31.545  3903.431  1024.345    25.618    54.052
       178    25.770     2.075     0.000     2.259    -8.534    12.885     0.020     9.621    31.546  3880.545  1024.345    25.770    54.396
       179    25.915     2.090     0.000     2.268    -8.543    12.958     0.020     9.621    31.546  3858.747  1024.346    25.915    54.737
       180    26.055     2.105     0.000     2.277    -8.551    13.028     0.020     9.620    31.547  3837.997  1024.346    26.055    55.076
       181    26.190     2.119     0.000     2.286    -8.560    13.095     0.020     9.619    31.547  3818.235  1024.347    26.190    55.412
       182    26.320     2.133     0.000     2.295    -8.569    13.160     0.020     9.618    31.547  3799.416  1024.347    26.320    55.744
       183    26.445     2.147     0.000     2.304    -8.577    13.222     0.020     9.618    31.548  3781.490  1024.347    26.445    56.074
       184    26.565     2.160     0.000     2.312    -8.585    13.282     0.020     9.617    31.548  3764.412  1024.348    26.565    56.400
       185    26.680     2.173     0.000     2.321    -8.593    13.340     0.020     9.616    31.548  3748.139  1024.348    26.680    56.724
       186    26.791     2.186     0.000     2.329    -8.600    13.395     0.020     9.616    31.549  3732.628  1024.349    26.791    57.044
       187    26.897     2.199     0.000     2.337    -8.608    13.449     0.020     9.615    31.549  3717.840  1024.349    26.897    57.361
       188    27.000     2.211     0.000     2.345    -8.615    13.500     0.020     9.615    31.549  3703.738  1024.349    27.000    57.674
       189    27.098     2.223     0.000     2.353    -8.622    13.549     0.020     9.614    31.550  3690.285  1024.350    27.098    57.985
       190    27.193     2.235     0.000     2.361    -8.629    13.596     0.020     9.614    31.550  3677.448  1024.350    27.193    58.292
       191    27.284     2.246     0.000     2.369    -8.636    13.642     0.020     9.613    31.550  3665.195  1024.350    27.284    58.595
       192    27.371     2.258     0.000     2.377    -8.642    13.686     0.020     9.613    31.551  3653.495  1024.350    27.371    58.896
       193    27.455     2.269     0.000     2.385    -8.649    13.728     0.020     9.612    31.551  3642.319  1024.351    27.455    59.193
       194    27.536     2.280     0.000     2.393    -8.655    13.768     0.020     9.612    31.551  3631.639  1024.351    27.536    59.487
       195    27.613     2.290     0.000     2.400    -8.661    13.807     0.020     9.612    31.551  3621.430  1024.351    27.613    59.778
       196    27.688     2.301     0.000     2.408    -8.667    13.844     0.020     9.611    31.552  3611.667  1024.351    27.688    60.065
       197    27.760     2.311     0.000     2.415    -8.673    13.880     0.020     9.611    31.552  3602.327  1024.352    27.760    60.349
       198    27.829     2.321     0.000     2.422    -8.678    13.914     0.020     9.610    31.552  3593.388  1024.352    27.829    60.631
       199    27.895     2.331     0.000     2.429    -8.684    13.948     0.020     9.610    31.552  3584.829  1024.352    27.895    60.909
       200    27.959     2.340     0.000     2.437    -8.689    13.980     0.020     9.610    31.553  3576.631  1024.352    27.959    61.183
       201    28.021     2.350     0.000     2.444    -8.694    14.010     0.020     9.609    31.553  3568.776  1024.353    28.021    61.455
       202    28.080     2.359     0.000     2.451    -8.699    14.040     0.020     9.609    31.553  3561.246  1024.353    28.080    61.724
       203    28.137     2.368     0.000     2.457    -8.704    14.069     0.020     9.609    31.553  3554.024  1024.353    28.137    61.990
       204    28.192     2.377     0.000     2.464    -8.709    14.096     0.020     9.609    31.553  3547.095  1024.353    28.192    62.253
       205    28.245     2.386     0.000     2.471    -8.714    14.123     0.020     9.608    31.554  3540.444  1024.353    28.245    62.513
       206    28.296     2.394     0.000     2.478    -8.718    14.148     0.020     9.608    31.554  3534.059  1024.354    28.296    62.771
       207    28.345     2.403     0.000     2.484    -8.723    14.173     0.020     9.608    31.554  3527.925  1024.354    28.345    63.025
       208    28.393     2.411     0.000     2.491    -8.727    14.196     0.020     9.608    31.554  3522.031  1024.354    28.393    63.277
       209    28.438     2.419     0.000     2.497    -8.731    14.219     0.020     9.607    31.554  3516.364  1024.354    28.438    63.526
       210    28.483     2.427     0.000     2.503    -8.735    14.241     0.020     9.607    31.554  3510.915  1024.354    28.483    63.773
       211    28.525     2.435     0.000     2.510    -8.739    14.263     0.020     9.607    31.555  3505.672  1024.354    28.525    64.017
       212    28.566     2.442     0.000     2.516    -8.743    14.283     0.020     9.607    31.555  3500.627  1024.355    28.566    64.259
       213    28.606     2.450     0.000     2.522    -8.747    14.303     0.020     9.606    31.555  3495.769  1024.355    28.606    64.498
       214    28.644     2.457     0.000     2.528    -8.750    14.322     0.020     9.606    31.555  3491.091  1024.355    28.644    64.735
       215    28.681     2.464     0.000     2.534    -8.754    14.341     0.020     9.606    31.555  3486.584  1024.355    28.681    64.969
       216    28.717     2.472     0.000     2.540    -8.757    14.359     0.020     9.606    31.555  3482.240  1024.355    28.717    65.202
       217    28.752     2.478     0.000     2.546    -8.761    14.376     0.020     9.606    31.555  3478.052  1024.355    28.752    65.431
       218    28.785     2.485     0.000     2.552    -8.764    14.393     0.020     9.606    31.555  3474.014  1024.355    28.785    65.659
       219    28.817     2.492     0.000     2.558    -8.767    14.409     0.020     9.605    31.556  3470.118  1024.355    28.817    65.885
       220    28.849     2.499     0.000     2.564    -8.770    14.424     0.020     9.605    31.556  3466.358  1024.356    28.849    66.108
       221    28.879     2.505     0.000     2.569    -8.774    14.439     0.020     9.605    31.556  3462.730  1024.356    28.879    66.330
       222    28.908     2.511     0.000     2.575    -8.777    14.454     0.020     9.605    31.556  3459.227  1024.356    28.908    66.549
       223    28.936     2.518     0.000     2.581    -8.779    14.468     0.020     9.605    31.556  3455.844  1024.356    28.936    66.767
       224    28.964     2.524     0.000     2.586    -8.782    14.482     0.020     9.605    31.556  3452.576  1024.356    28.964    66.983
       225    28.990     2.530     0.000     2.592    -8.785    14.495     0.020     9.605    31.556  3449.418  1024.356    28.990    67.196
       226    29.016     2.536     0.000     2.597    -8.788    14.508     0.020     9.604    31.556  3446.366  1024.356    29.016    67.408
       227    29.041     2.542     0.000     2.602    -8.790    14.520     0.020     9.604    31.556  3443.417  1024.356    29.041    67.619
       228    29.065     2.547     0.000     2.608    -8.793    14.532     0.020     9.604    31.556  3440.565  1024.356    29.065    67.827
       229    29.088     2.553     0.000     2.613    -8.795    14.544     0.020     9.604    31.557  3437.807  1024.356    29.088    68.034
       230    29.111     2.558     0.000     2.618    -8.798    14.555     0.020     9.604    31.557  3435.140  1024.357    29.111    68.239
       231    29.133     2.564     0.000     2.624    -8.800    14.566     0.020     9.604    31.557  3432.560  1024.357    29.133    68.443
       232    29.154     2.569     0.000     2.629    -8.802    14.577     0.020     9.604    31.557  3430.063  1024.357    29.154    68.645
       233    29.175     2.574     0.000     2.634    -8.805    14.587     0.020     9.604    31.557  3427.648  1024.357    29.175    68.846
       234    29.194     2.579     0.000     2.639    -8.807    14.597     0.020     9.603    31.557  3425.311  1024.357    29.194    69.045
       235    29.214     2.584     0.000     2.644    -8.809    14.607     0.020     9.603    31.557  3423.048  1024.357    29.214    69.242
       236    29.232     2.589     0.000     2.649    -8.811    14.616     0.020     9.603    31.557  3420.859  1024.357    29.232    69.439
       237    29.251     2.594     0.000     2.654    -8.813    14.625     0.020     9.603    31.557  3418.739  1024.357    29.251    69.633
       238    29.268     2.598     0.000     2.659    -8.815    14.634     0.020     9.603    31.557  3416.687  1024.357    29.268    69.827
       239    29.285     2.603     0.000     2.664    -8.817    14.643     0.020     9.603    31.557  3414.700  1024.357    29.285    70.019
       240    29.302     2.607     0.000     2.669    -8.819    14.651     0.020     9.603    31.557  3412.777  1024.357    29.302    70.210
       241    29.318     2.611     0.000     2.674    -8.820    14.659     0.020     9.603    31.557  3410.915  1024.357    29.318    70.400
       242    29.333     2.616     0.000     2.679    -8.822    14.667     0.020     9.603    31.558  3409.112  1024.357    29.333    70.589
       243    29.348     2.620     0.000     2.683    -8.824    14.674     0.020     9.603    31.558  3407.367  1024.357    29.348    70.776
       244    29.363     2.624     0.000     2.688    -8.825    14.681     0.020     9.603    31.558  3405.677  1024.357    29.363    70.962
       245    29.377     2.628     0.000     2.693    -8.827    14.688     0.020     9.603    31.558  3404.041  1024.358    29.377    71.147
       246    29.391     2.632     0.000     2.698    -8.828    14.695     0.020     9.602    31.558  3402.458  1024.358    29.391    71.332
       247    29.404     2.636     0.000     2.702    -8.830    14.702     0.020     9.602    31.558  3400.925  1024.358    29.404    71.515
       248    29.417     2.639     0.000     2.707    -8.831    14.708     0.020     9.602    31.558  3399.442  1024.358    29.417    71.697
       249    29.429     2.643     0.000     2.712    -8.833    14.715     0.020     9.602    31.558  3398.007  1024.358    29.429    71.878
       250    29.441     2.647     0.000     2.716    -8.834    14.721     0.020     9.602    31.558  3396.618  1024.358    29.441    72.058
       251    29.453     2.650     0.000     2.721    -8.836    14.726     0.020     9.602    31.558  3395.275  1024.358    29.453    72.237
       252    29.464     2.653     0.000     2.725    -8.837    14.732     0.020     9.602    31.558  3393.976  1024.358    29.464    72.416
       253    29.475     2.657     0.000     2.730    -8.838    14.737     0.020     9.602    31.558  3392.720  1024.358    29.475    72.593
       254    29.485     2.660     0.000     2.734    -8.839    14.743     0.020     9.602    31.558  3391.506  1024.358    29.485    72.770
       255    29.496     2.663     0.000     2.739    -8.840    14.748     0.020     9.602    31.558  3390.333  1024.358    29.496    72.946
       256    29.505     2.666     0.000     2.743    -8.842    14.753     0.020     9.602    31.558  3389.199  1024.358    29.505    73.121
       257    29.515     2.669     0.000     2.748    -8.843    14.758     0.020     9.602    31.558  3388.105  1024.358    29.515    73.295
       258    29.524     2.672     0.000     2.752    -8.844    14.762     0.020     9.602    31.558  3387.048  1024.358    29.524    73.469
       259    29.533     2.674     0.000     2.757    -8.845    14.767     0.020     9.602    31.558  3386.029  1024.358    29.533    73.642
       260    29.542     2.677     0.000     2.761    -8.846    14.771     0.020     9.602    31.558  3385.046  1024.358    29.542    73.814
       261    29.550     2.680     0.000     2.766    -8.847    14.775     0.020     9.602    31.558  3384.098  1024.358    29.550    73.985
       262    29.558     2.682     0.000     2.770    -8.848    14.779     0.020     9.602    31.558  3383.185  1024.358    29.558    74.156
       263    29.566     2.684     0.000     2.774    -8.848    14.783     0.020     9.602    31.558  3382.307  1024.358    29.566    74.326
       264    29.573     2.687     0.000     2.779    -8.849    14.787     0.020     9.602    31.558  3381.461  1024.358    29.573    74.496
       265    29.580     2.689     0.000     2.783    -8.850    14.790     0.020     9.602    31.558  3380.648  1024.358    29.580    74.665
       266    29.587     2.691     0.000     2.787    -8.851    14.793     0.020     9.602    31.558  3379.867  1024.358    29.587    74.834
       267    29.594     2.693     0.000     2.792    -8.852    14.797     0.020     9.601    31.559  3379.118  1024.358    29.594    75.002
       268    29.600     2.695     0.000     2.796    -8.852    14.800     0.020     9.601    31.559  3378.399  1024.358    29.600    75.169
       269    29.606     2.697     0.000     2.800    -8.853    14.803     0.020     9.601    31.559  3377.711  1024.358    29.606    75.337
       270    29.612     2.699     0.000     2.804    -8.854    14.806     0.020     9.601    31.559  3377.052  1024.358    29.612    75.503
       271    29.617     2.701     0.000     2.809    -8.854    14.809     0.020     9.601    31.559  3376.423  1024.358    29.617    75.669
       272    29.622     2.702     0.000     2.813    -8.855    14.811     0.020     9.601    31.559  3375.822  1024.358    29.622    75.835
       273    29.627     2.704     0.000     2.817    -8.855    14.814     0.020     9.601    31.559  3375.250  1024.359    29.627    76.001
       274    29.632     2.706     0.000     2.821    -8.856    14.816     0.020     9.601    31.559  3374.706  1024.359    29.632    76.166
       275    29.637     2.707     0.000     2.825    -8.856    14.818     0.020     9.601    31.559  3374.189  1024.359    29.637    76.330
       276    29.641     2.708     0.000     2.830    -8.857    14.821     0.020     9.601    31.559  3373.699  1024.359    29.641    76.495
       277    29.645     2.710     0.000     2.834    -8.857    14.823     0.020     9.601    31.559  3373.236  1024.359    29.645    76.659
       278    29.649     2.711     0.000     2.838    -8.857    14.824     0.020     9.601    31.559  3372.800  1024.359    29.649    76.822
       279    29.653     2.712     0.000     2.842    -8.858    14.826     0.020     9.601    31.559  3372.389  1024.359    29.653    76.986
       280    29.656     2.713     0.000     2.846    -8.858    14.828     0.020     9.601    31.559  3372.004  1024.359    29.656    77.149
       281    29.659     2.714     0.000     2.851    -8.858    14.830     0.020     9.601    31.559  3371.644  1024.359    29.659    77.312
       282    29.662     2.715     0.000     2.855    -8.859    14.831     0.020     9.601    31.559  3371.309  1024.359    29.662    77.475
       283    29.665     2.715     0.000     2.859    -8.859    14.832     0.020     9.601    31.559  3370.998  1024.359    29.665    77.638
       284    29.667     2.716     0.000     2.863    -8.859    14.834     0.020     9.601    31.559  3370.712  1024.359    29.667    77.800
       285    29.670     2.717     0.000     2.867    -8.859    14.835     0.020     9.601    31.559  3370.449  1024.359    29.670    77.962
       286    29.672     2.717     0.000     2.871    -8.859    14.836     0.020     9.601    31.559  3370.208  1024.359    29.672    78.124
       287    29.674     2.718     0.000     2.875    -8.860    14.837     0.020     9.601    31.559  3369.990  1024.359    29.674    78.286
       288    29.675     2.718     0.000     2.880    -8.860    14.838     0.020     9.601    31.559  3369.792  1024.359    29.675    78.448
       289    29.677     2.719     0.000     2.884    -8.860    14.839     0.020     9.601    31.559  3369.610  1024.359    29.677    78.610
       290    29.678     2.719     0.000     2.888    -8.860    14.839     0.020     9.601    31.559  3369.444  1024.359    29.678    78.772
       291    29.680     2.719     0.000     2.892    -8.860    14.840     0.020     9.601    31.559  3369.294  1024.359    29.680    78.934
---------------------- Local maximum rise or fall --------------------
       292    29.681     2.719     0.000     2.896    -8.860    14.840     0.020     9.601    31.559  3369.160  1024.359    29.681    79.096
       293    29.682     2.719     0.000     2.900    -8.860    14.841     0.020     9.601    31.559  3369.041  1024.359    29.682    79.257
       294    29.683     2.719     0.000     2.904    -8.860    14.841     0.020     9.601    31.559  3368.938  1024.359    29.683    79.419
       295    29.684     2.719     0.000     2.909    -8.859    14.842     0.020     9.601    31.559  3368.841  1024.359    29.684    79.581
       296    29.685     2.719     0.000     2.913    -8.859    14.842     0.020     9.601    31.559  3368.744  1024.359    29.685    79.743
       297    29.686     2.719     0.000     2.917    -8.859    14.843     0.020     9.601    31.559  3368.644  1024.359    29.686    79.905
       298    29.686     2.718     0.000     2.921    -8.859    14.843     0.020     9.601    31.559  3368.538  1024.359    29.686    80.067
       299    29.687     2.718     0.000     2.925    -8.859    14.844     0.020     9.601    31.559  3368.426  1024.359    29.687    80.229
       300    29.688     2.717     0.000     2.929    -8.858    14.844     0.020     9.601    31.559  3368.308  1024.359    29.688    80.392
       301    29.690     2.717     0.000     2.933    -8.858    14.845     0.020     9.601    31.559  3368.183  1024.359    29.690    80.554
       302    29.691     2.716     0.000     2.938    -8.858    14.845     0.020     9.601    31.559  3368.050  1024.359    29.691    80.717
       303    29.692     2.716     0.000     2.942    -8.857    14.846     0.020     9.601    31.559  3367.910  1024.359    29.692    80.880
       304    29.693     2.715     0.000     2.946    -8.857    14.847     0.020     9.601    31.559  3367.762  1024.359    29.693    81.043
       305    29.695     2.714     0.000     2.950    -8.857    14.847     0.020     9.601    31.559  3367.606  1024.359    29.695    81.207
       306    29.696     2.713     0.000     2.954    -8.856    14.848     0.020     9.601    31.559  3367.441  1024.359    29.696    81.370
       307    29.698     2.713     0.000     2.958    -8.856    14.849     0.020     9.601    31.559  3367.268  1024.359    29.698    81.535
       308    29.699     2.712     0.000     2.963    -8.855    14.850     0.020     9.601    31.559  3367.086  1024.359    29.699    81.699
       309    29.701     2.711     0.000     2.967    -8.855    14.850     0.020     9.601    31.559  3366.894  1024.359    29.701    81.864
       310    29.703     2.710     0.000     2.971    -8.854    14.851     0.020     9.601    31.559  3366.694  1024.359    29.703    82.029
       311    29.705     2.708     0.000     2.975    -8.854    14.852     0.020     9.601    31.559  3366.484  1024.359    29.705    82.195
       312    29.707     2.707     0.000     2.980    -8.853    14.853     0.020     9.601    31.559  3366.264  1024.359    29.707    82.361
       313    29.709     2.706     0.000     2.984    -8.852    14.854     0.020     9.601    31.559  3366.035  1024.359    29.709    82.527
       314    29.711     2.705     0.000     2.988    -8.852    14.855     0.020     9.601    31.559  3365.795  1024.359    29.711    82.694
       315    29.713     2.703     0.000     2.992    -8.851    14.856     0.020     9.601    31.559  3365.544  1024.359    29.713    82.862
       316    29.715     2.702     0.000     2.997    -8.850    14.858     0.020     9.601    31.559  3365.283  1024.359    29.715    83.030
       317    29.718     2.700     0.000     3.001    -8.849    14.859     0.020     9.601    31.559  3365.011  1024.359    29.718    83.199
       318    29.720     2.699     0.000     3.005    -8.849    14.860     0.020     9.601    31.559  3364.727  1024.359    29.720    83.368
       319    29.723     2.697     0.000     3.010    -8.848    14.861     0.020     9.601    31.559  3364.431  1024.359    29.723    83.538
       320    29.725     2.696     0.000     3.014    -8.847    14.863     0.020     9.601    31.559  3364.123  1024.359    29.725    83.708
       321    29.728     2.694     0.000     3.018    -8.846    14.864     0.020     9.601    31.559  3363.803  1024.359    29.728    83.880
       322    29.731     2.692     0.000     3.023    -8.845    14.866     0.020     9.601    31.559  3363.470  1024.359    29.731    84.051
       323    29.734     2.690     0.000     3.027    -8.844    14.867     0.020     9.601    31.559  3363.124  1024.359    29.734    84.224
       324    29.737     2.688     0.000     3.032    -8.843    14.869     0.020     9.601    31.559  3362.763  1024.359    29.737    84.398
       325    29.741     2.686     0.000     3.036    -8.842    14.870     0.020     9.601    31.559  3362.389  1024.359    29.741    84.572
       326    29.744     2.684     0.000     3.041    -8.841    14.872     0.020     9.601    31.559  3362.000  1024.359    29.744    84.747
       327    29.748     2.682     0.000     3.045    -8.840    14.874     0.020     9.601    31.559  3361.596  1024.359    29.748    84.923
       328    29.751     2.680     0.000     3.050    -8.838    14.876     0.020     9.601    31.559  3361.177  1024.359    29.751    85.100
       329    29.755     2.678     0.000     3.054    -8.837    14.878     0.020     9.601    31.559  3360.741  1024.359    29.755    85.278
       330    29.759     2.676     0.000     3.059    -8.836    14.880     0.020     9.601    31.559  3360.288  1024.359    29.759    85.456
       331    29.764     2.673     0.000     3.063    -8.834    14.882     0.020     9.601    31.559  3359.818  1024.359    29.764    85.636
       332    29.768     2.671     0.000     3.068    -8.833    14.884     0.020     9.601    31.559  3359.330  1024.359    29.768    85.817
       333    29.772     2.668     0.000     3.073    -8.832    14.886     0.020     9.601    31.559  3358.824  1024.359    29.772    85.999
       334    29.777     2.666     0.000     3.077    -8.830    14.888     0.020     9.601    31.559  3358.298  1024.359    29.777    86.182
       335    29.782     2.663     0.000     3.082    -8.829    14.891     0.020     9.601    31.559  3357.752  1024.359    29.782    86.366
       336    29.787     2.661     0.000     3.087    -8.827    14.893     0.020     9.601    31.559  3357.185  1024.359    29.787    86.552
       337    29.792     2.658     0.000     3.091    -8.826    14.896     0.020     9.600    31.559  3356.596  1024.359    29.792    86.739
       338    29.798     2.655     0.000     3.096    -8.824    14.899     0.020     9.600    31.559  3355.985  1024.359    29.798    86.927
       339    29.803     2.652     0.000     3.101    -8.822    14.902     0.020     9.600    31.559  3355.350  1024.359    29.803    87.116
       340    29.809     2.650     0.000     3.106    -8.821    14.905     0.020     9.600    31.559  3354.690  1024.359    29.809    87.307
       341    29.815     2.647     0.000     3.111    -8.819    14.908     0.020     9.600    31.559  3354.005  1024.359    29.815    87.499
       342    29.821     2.644     0.000     3.116    -8.817    14.911     0.020     9.600    31.559  3353.293  1024.359    29.821    87.692
       343    29.828     2.641     0.000     3.121    -8.815    14.914     0.020     9.600    31.559  3352.553  1024.359    29.828    87.887
       344    29.835     2.638     0.000     3.126    -8.813    14.917     0.020     9.600    31.559  3351.784  1024.359    29.835    88.084
       345    29.842     2.634     0.000     3.131    -8.811    14.921     0.020     9.600    31.559  3350.985  1024.359    29.842    88.282
       346    29.849     2.631     0.000     3.136    -8.809    14.925     0.020     9.600    31.560  3350.154  1024.359    29.849    88.483
       347    29.857     2.628     0.000     3.141    -8.807    14.929     0.020     9.600    31.560  3349.289  1024.359    29.857    88.684
       348    29.865     2.625     0.000     3.146    -8.805    14.933     0.020     9.600    31.560  3348.390  1024.359    29.865    88.888
       349    29.873     2.621     0.000     3.152    -8.803    14.937     0.020     9.600    31.560  3347.454  1024.359    29.873    89.094
       350    29.882     2.618     0.000     3.157    -8.800    14.941     0.020     9.600    31.560  3346.480  1024.359    29.882    89.301
       351    29.891     2.615     0.000     3.162    -8.798    14.946     0.020     9.600    31.560  3345.466  1024.359    29.891    89.511
       352    29.901     2.611     0.000     3.168    -8.795    14.950     0.020     9.600    31.560  3344.409  1024.360    29.901    89.722
       353    29.910     2.608     0.000     3.173    -8.793    14.955     0.020     9.600    31.560  3343.308  1024.360    29.910    89.936
       354    29.921     2.604     0.000     3.179    -8.790    14.960     0.020     9.600    31.560  3342.161  1024.360    29.921    90.152
       355    29.931     2.600     0.000     3.184    -8.788    14.966     0.020     9.600    31.560  3340.964  1024.360    29.931    90.370
       356    29.943     2.597     0.000     3.190    -8.785    14.971     0.020     9.600    31.560  3339.716  1024.360    29.943    90.591
       357    29.954     2.593     0.000     3.195    -8.782    14.977     0.020     9.600    31.560  3338.413  1024.360    29.954    90.814
       358    29.967     2.589     0.000     3.201    -8.779    14.983     0.020     9.600    31.560  3337.053  1024.360    29.967    91.040
       359    29.979     2.585     0.000     3.207    -8.776    14.990     0.020     9.600    31.560  3335.631  1024.360    29.979    91.269
       360    29.993     2.582     0.000     3.213    -8.773    14.996     0.020     9.600    31.560  3334.146  1024.360    29.993    91.500
       361    30.007     2.578     0.000     3.219    -8.770    15.003     0.020     9.599    31.560  3332.593  1024.360    30.007    91.734
       362    30.021     2.574     0.000     3.225    -8.767    15.011     0.020     9.599    31.560  3330.967  1024.360    30.021    91.971
       363    30.037     2.570     0.000     3.231    -8.763    15.018     0.020     9.599    31.560  3329.266  1024.360    30.037    92.212
       364    30.053     2.566     0.000     3.237    -8.760    15.026     0.020     9.599    31.560  3327.483  1024.360    30.053    92.456
       365    30.070     2.562     0.000     3.244    -8.756    15.035     0.020     9.599    31.560  3325.615  1024.360    30.070    92.703
       366    30.087     2.558     0.000     3.250    -8.753    15.044     0.020     9.599    31.560  3323.655  1024.360    30.087    92.954
       367    30.106     2.554     0.000     3.256    -8.749    15.053     0.020     9.599    31.560  3321.597  1024.360    30.106    93.208
       368    30.126     2.550     0.000     3.263    -8.745    15.063     0.020     9.599    31.560  3319.436  1024.360    30.126    93.466
       369    30.146     2.546     0.000     3.270    -8.741    15.073     0.020     9.599    31.561  3317.164  1024.360    30.146    93.729
       370    30.168     2.541     0.000     3.277    -8.737    15.084     0.020     9.599    31.561  3314.774  1024.360    30.168    93.996
       371    30.191     2.537     0.000     3.283    -8.733    15.095     0.020     9.599    31.561  3312.256  1024.361    30.191    94.267
       372    30.215     2.533     0.000     3.290    -8.728    15.108     0.020     9.598    31.561  3309.603  1024.361    30.215    94.543
       373    30.241     2.529     0.000     3.298    -8.724    15.120     0.020     9.598    31.561  3306.803  1024.361    30.241    94.823
       374    30.268     2.525     0.000     3.305    -8.719    15.134     0.020     9.598    31.561  3303.846  1024.361    30.268    95.109
       375    30.296     2.521     0.000     3.312    -8.714    15.148     0.020     9.598    31.561  3300.719  1024.361    30.296    95.401
       376    30.327     2.516     0.000     3.320    -8.709    15.163     0.020     9.598    31.561  3297.409  1024.361    30.327    95.698
       377    30.359     2.512     0.000     3.328    -8.704    15.180     0.020     9.598    31.561  3293.901  1024.361    30.359    96.001
       378    30.393     2.508     0.000     3.335    -8.698    15.197     0.020     9.598    31.561  3290.178  1024.361    30.393    96.311
       379    30.430     2.504     0.000     3.343    -8.693    15.215     0.020     9.598    31.561  3286.221  1024.361    30.430    96.627
       380    30.469     2.500     0.000     3.352    -8.687    15.235     0.020     9.597    31.562  3282.008  1024.361    30.469    96.951
       381    30.511     2.496     0.000     3.360    -8.681    15.255     0.020     9.597    31.562  3277.516  1024.361    30.511    97.282
       382    30.556     2.492     0.000     3.369    -8.674    15.278     0.020     9.597    31.562  3272.718  1024.362    30.556    97.622
       383    30.604     2.488     0.000     3.378    -8.668    15.302     0.020     9.597    31.562  3267.582  1024.362    30.604    97.970
       384    30.655     2.485     0.000     3.387    -8.661    15.328     0.020     9.597    31.562  3262.073  1024.362    30.655    98.328
       385    30.711     2.481     0.000     3.396    -8.654    15.356     0.020     9.596    31.562  3256.149  1024.362    30.711    98.696
       386    30.771     2.478     0.000     3.406    -8.646    15.386     0.020     9.596    31.562  3249.763  1024.362    30.771    99.076
       387    30.837     2.474     0.000     3.416    -8.639    15.419     0.020     9.596    31.563  3242.858  1024.362    30.837    99.467
       388    30.908     2.471     0.000     3.426    -8.630    15.454     0.020     9.596    31.563  3235.366  1024.363    30.908    99.872
       389    30.987     2.468     0.000     3.436    -8.622    15.493     0.020     9.595    31.563  3227.207  1024.363    30.987   100.291
       390    31.072     2.466     0.000     3.447    -8.613    15.536     0.020     9.595    31.563  3218.284  1024.363    31.072   100.727
       391    31.167     2.464     0.000     3.459    -8.603    15.584     0.020     9.594    31.563  3208.475  1024.363    31.167   101.180
       392    31.273     2.462     0.000     3.471    -8.593    15.637     0.020     9.594    31.564  3197.628  1024.363    31.273   101.654
       393    31.392     2.460     0.000     3.483    -8.583    15.696     0.020     9.594    31.564  3185.548  1024.364    31.392   102.151
       394    31.525     2.460     0.000     3.497    -8.571    15.762     0.020     9.593    31.564  3172.108  1024.364    31.525   102.676
       395    31.667     2.459     0.000     3.511    -8.559    15.834     0.020     9.593    31.564  3157.820  1024.364    31.667   103.230
       396    31.819     2.459     0.000     3.525    -8.546    15.910     0.020     9.592    31.565  3142.754  1024.365    31.819   103.813
       397    31.981     2.459     0.000     3.541    -8.532    15.991     0.020     9.591    31.565  3126.814  1024.365    31.981   104.427
       398    32.157     2.460     0.000     3.557    -8.517    16.079     0.020     9.591    31.565  3109.724  1024.365    32.157   105.077
       399    32.350     2.462     0.000     3.575    -8.501    16.175     0.020     9.590    31.566  3091.170  1024.366    32.350   105.771
       400    32.564     2.464     0.000     3.593    -8.484    16.282     0.020     9.589    31.566  3070.829  1024.366    32.564   106.518
       401    32.805     2.467     0.000     3.614    -8.464    16.402     0.020     9.589    31.566  3048.334  1024.367    32.805   107.330
       402    33.077     2.472     0.000     3.636    -8.443    16.539     0.020     9.588    31.567  3023.215  1024.367    33.077   108.221
       403    33.391     2.478     0.000     3.661    -8.419    16.695     0.020     9.587    31.567  2994.820  1024.367    33.391   109.214
       404    33.759     2.487     0.000     3.689    -8.391    16.879     0.020     9.586    31.568  2962.182  1024.368    33.759   110.342
       405    34.203     2.499     0.000     3.721    -8.359    17.101     0.020     9.584    31.568  2923.748  1024.369    34.203   111.658
       406    34.761     2.515     0.000     3.761    -8.319    17.381     0.020     9.583    31.569  2876.762  1024.369    34.761   113.262
       407    35.457     2.537     0.000     3.809    -8.271    17.728     0.020     9.581    31.569  2820.357  1024.370    35.457   115.191
       408    36.166     2.562     0.000     3.855    -8.223    18.083     0.020     9.580    31.569  2765.057  1024.370    36.166   117.097
       409    36.889     2.590     0.000     3.902    -8.176    18.444     0.020     9.578    31.570  2710.841  1024.371    36.889   118.986
       410    37.627     2.622     0.000     3.947    -8.131    18.813     0.020     9.577    31.570  2657.688  1024.371    37.627   120.849
       411    38.379     2.657     0.000     3.992    -8.086    19.190     0.020     9.575    31.569  2605.577  1024.371    38.379   122.682
---------------------------- Plume traps -----------------------------
       412    39.147     2.697     0.000     4.035    -8.044    19.573     0.020     9.574    31.569  2554.487  1024.371    39.147   124.489
       413    39.793     2.735     0.000     4.071    -8.010    19.896     0.020     9.573    31.569  2513.008  1024.371    39.793   125.960
       414    40.325     2.770     0.000     4.098    -7.984    20.163     0.020     9.572    31.568  2479.837  1024.371    40.325   127.104
       415    40.776     2.800     0.000     4.121    -7.963    20.388     0.020     9.572    31.568  2452.439  1024.371    40.776   128.024
       416    41.178     2.827     0.000     4.140    -7.946    20.589     0.020     9.571    31.568  2428.468  1024.370    41.178   128.815
       417    41.549     2.852     0.000     4.157    -7.930    20.774     0.020     9.571    31.567  2406.801  1024.370    41.549   129.528
       418    41.899     2.876     0.000     4.172    -7.916    20.949     0.020     9.571    31.567  2386.706  1024.370    41.899   130.192
       419    42.232     2.899     0.000     4.187    -7.903    21.116     0.020     9.570    31.567  2367.886  1024.370    42.232   130.819
       420    42.534     2.921     0.000     4.202    -7.891    21.267     0.020     9.570    31.566  2351.087  1024.369    42.534   131.419
       421    42.820     2.941     0.000     4.216    -7.879    21.410     0.020     9.570    31.566  2335.373  1024.369    42.820   132.009
       422    43.086     2.961     0.000     4.230    -7.867    21.543     0.020     9.569    31.566  2320.960  1024.369    43.086   132.586
       423    43.338     2.980     0.000     4.243    -7.856    21.669     0.020     9.569    31.565  2307.457  1024.369    43.338   133.154
       424    43.574     2.998     0.000     4.256    -7.845    21.787     0.020     9.569    31.565  2294.954  1024.369    43.574   133.710
       425    43.797     3.016     0.000     4.269    -7.835    21.898     0.020     9.569    31.565  2283.270  1024.368    43.797   134.255
       426    44.006     3.033     0.000     4.282    -7.825    22.003     0.020     9.569    31.565  2272.401  1024.368    44.006   134.790
       427    44.204     3.050     0.000     4.294    -7.815    22.102     0.020     9.569    31.564  2262.247  1024.368    44.204   135.314
       428    44.390     3.066     0.000     4.307    -7.806    22.195     0.020     9.568    31.564  2252.769  1024.368    44.390   135.827
       429    44.565     3.082     0.000     4.319    -7.797    22.283     0.020     9.568    31.564  2243.901  1024.368    44.565   136.330
       430    44.731     3.097     0.000     4.330    -7.788    22.365     0.020     9.568    31.564  2235.602  1024.368    44.731   136.823
       431    44.887     3.111     0.000     4.342    -7.780    22.443     0.020     9.568    31.563  2227.821  1024.367    44.887   137.306
       432    45.035     3.125     0.000     4.353    -7.772    22.517     0.020     9.568    31.563  2220.520  1024.367    45.035   137.780
       433    45.174     3.139     0.000     4.364    -7.764    22.587     0.020     9.568    31.563  2213.659  1024.367    45.174   138.244
       434    45.306     3.153     0.000     4.375    -7.757    22.653     0.020     9.568    31.563  2207.206  1024.367    45.306   138.700
       435    45.431     3.166     0.000     4.385    -7.749    22.716     0.020     9.568    31.563  2201.128  1024.367    45.431   139.147
       436    45.550     3.178     0.000     4.396    -7.742    22.775     0.020     9.568    31.562  2195.397  1024.367    45.550   139.585
       437    45.662     3.191     0.000     4.406    -7.735    22.831     0.020     9.568    31.562  2189.986  1024.367    45.662   140.016
       438    45.769     3.203     0.000     4.416    -7.729    22.885     0.020     9.568    31.562  2184.874  1024.366    45.769   140.439
       439    45.871     3.214     0.000     4.425    -7.723    22.935     0.020     9.568    31.562  2180.037  1024.366    45.871   140.854
       440    45.967     3.226     0.000     4.435    -7.716    22.984     0.020     9.568    31.562  2175.456  1024.366    45.967   141.262
       441    46.059     3.237     0.000     4.445    -7.710    23.030     0.020     9.568    31.562  2171.112  1024.366    46.059   141.663
       442    46.147     3.248     0.000     4.454    -7.705    23.073     0.020     9.567    31.561  2166.990  1024.366    46.147   142.057
       443    46.230     3.258     0.000     4.463    -7.699    23.115     0.020     9.567    31.561  2163.075  1024.366    46.230   142.445
       444    46.310     3.269     0.000     4.472    -7.694    23.155     0.020     9.567    31.561  2159.352  1024.366    46.310   142.826
       445    46.386     3.279     0.000     4.481    -7.689    23.193     0.020     9.567    31.561  2155.809  1024.366    46.386   143.202
       446    46.459     3.289     0.000     4.490    -7.683    23.230     0.020     9.567    31.561  2152.433  1024.366    46.459   143.571
       447    46.529     3.299     0.000     4.498    -7.679    23.264     0.020     9.567    31.561  2149.216  1024.366    46.529   143.935
       448    46.595     3.308     0.000     4.507    -7.674    23.298     0.020     9.567    31.561  2146.146  1024.365    46.595   144.294
       449    46.659     3.317     0.000     4.515    -7.669    23.329     0.020     9.567    31.561  2143.215  1024.365    46.659   144.647
       450    46.720     3.326     0.000     4.523    -7.665    23.360     0.020     9.567    31.560  2140.414  1024.365    46.720   144.995
       451    46.778     3.335     0.000     4.531    -7.661    23.389     0.020     9.567    31.560  2137.736  1024.365    46.778   145.339
       452    46.835     3.344     0.000     4.539    -7.656    23.417     0.020     9.567    31.560  2135.173  1024.365    46.835   145.677
       453    46.888     3.352     0.000     4.547    -7.652    23.444     0.020     9.567    31.560  2132.719  1024.365    46.888   146.011
       454    46.940     3.361     0.000     4.555    -7.648    23.470     0.020     9.567    31.560  2130.369  1024.365    46.940   146.341
       455    46.990     3.369     0.000     4.562    -7.645    23.495     0.020     9.567    31.560  2128.115  1024.365    46.990   146.667
       456    47.038     3.377     0.000     4.570    -7.641    23.519     0.020     9.567    31.560  2125.953  1024.365    47.038   146.988
       457    47.084     3.385     0.000     4.577    -7.637    23.542     0.020     9.567    31.560  2123.879  1024.365    47.084   147.306
       458    47.128     3.392     0.000     4.585    -7.634    23.564     0.020     9.567    31.560  2121.887  1024.365    47.128   147.619
       459    47.170     3.400     0.000     4.592    -7.630    23.585     0.020     9.567    31.560  2119.974  1024.365    47.170   147.930
       460    47.211     3.407     0.000     4.599    -7.627    23.606     0.020     9.567    31.560  2118.135  1024.365    47.211   148.236
       461    47.251     3.414     0.000     4.606    -7.624    23.625     0.020     9.567    31.559  2116.368  1024.365    47.251   148.539
       462    47.289     3.421     0.000     4.613    -7.621    23.644     0.020     9.567    31.559  2114.667  1024.365    47.289   148.839
       463    47.325     3.428     0.000     4.620    -7.618    23.663     0.020     9.567    31.559  2113.031  1024.364    47.325   149.136
       464    47.361     3.435     0.000     4.627    -7.615    23.680     0.020     9.567    31.559  2111.457  1024.364    47.361   149.429
       465    47.395     3.442     0.000     4.634    -7.612    23.697     0.020     9.567    31.559  2109.941  1024.364    47.395   149.720
       466    47.428     3.448     0.000     4.641    -7.609    23.714     0.020     9.567    31.559  2108.481  1024.364    47.428   150.007
       467    47.459     3.454     0.000     4.648    -7.607    23.730     0.020     9.567    31.559  2107.074  1024.364    47.459   150.292
       468    47.490     3.461     0.000     4.654    -7.604    23.745     0.020     9.567    31.559  2105.719  1024.364    47.490   150.574
       469    47.519     3.467     0.000     4.661    -7.602    23.760     0.020     9.567    31.559  2104.413  1024.364    47.519   150.854
       470    47.548     3.472     0.000     4.667    -7.599    23.774     0.020     9.567    31.559  2103.154  1024.364    47.548   151.131
       471    47.575     3.478     0.000     4.674    -7.597    23.788     0.020     9.567    31.559  2101.940  1024.364    47.575   151.405
       472    47.602     3.484     0.000     4.680    -7.595    23.801     0.020     9.567    31.559  2100.769  1024.364    47.602   151.677
       473    47.627     3.489     0.000     4.686    -7.593    23.814     0.020     9.567    31.559  2099.641  1024.364    47.627   151.947
       474    47.652     3.495     0.000     4.693    -7.590    23.826     0.020     9.567    31.559  2098.552  1024.364    47.652   152.215
       475    47.676     3.500     0.000     4.699    -7.588    23.838     0.020     9.567    31.559  2097.502  1024.364    47.676   152.481
       476    47.699     3.505     0.000     4.705    -7.586    23.849     0.020     9.567    31.559  2096.489  1024.364    47.699   152.744
       477    47.721     3.510     0.000     4.711    -7.584    23.861     0.020     9.567    31.559  2095.512  1024.364    47.721   153.006
       478    47.742     3.515     0.000     4.717    -7.583    23.871     0.020     9.567    31.559  2094.570  1024.364    47.742   153.265
       479    47.763     3.520     0.000     4.723    -7.581    23.882     0.020     9.567    31.558  2093.661  1024.364    47.763   153.523
       480    47.783     3.524     0.000     4.729    -7.579    23.892     0.020     9.567    31.558  2092.785  1024.364    47.783   153.779
       481    47.803     3.529     0.000     4.735    -7.577    23.901     0.020     9.567    31.558  2091.940  1024.364    47.803   154.033
       482    47.821     3.533     0.000     4.741    -7.576    23.911     0.020     9.567    31.558  2091.125  1024.364    47.821   154.286
       483    47.839     3.538     0.000     4.747    -7.574    23.920     0.020     9.567    31.558  2090.339  1024.364    47.839   154.537
       484    47.856     3.542     0.000     4.753    -7.572    23.928     0.020     9.567    31.558  2089.582  1024.364    47.856   154.787
       485    47.873     3.546     0.000     4.759    -7.571    23.937     0.020     9.567    31.558  2088.853  1024.364    47.873   155.034
       486    47.889     3.550     0.000     4.765    -7.570    23.945     0.020     9.567    31.558  2088.150  1024.364    47.889   155.281
       487    47.905     3.553     0.000     4.770    -7.568    23.952     0.020     9.567    31.558  2087.473  1024.364    47.905   155.526
       488    47.920     3.557     0.000     4.776    -7.567    23.960     0.020     9.567    31.558  2086.822  1024.364    47.920   155.770
       489    47.934     3.561     0.000     4.782    -7.566    23.967     0.020     9.567    31.558  2086.195  1024.364    47.934   156.012
       490    47.948     3.564     0.000     4.787    -7.564    23.974     0.020     9.567    31.558  2085.592  1024.364    47.948   156.254
       491    47.961     3.568     0.000     4.793    -7.563    23.981     0.020     9.567    31.558  2085.013  1024.364    47.961   156.494
       492    47.974     3.571     0.000     4.799    -7.562    23.987     0.020     9.567    31.558  2084.456  1024.364    47.974   156.732
       493    47.986     3.574     0.000     4.804    -7.561    23.993     0.020     9.567    31.558  2083.921  1024.364    47.986   156.970
       494    47.998     3.577     0.000     4.810    -7.560    23.999     0.020     9.567    31.558  2083.409  1024.363    47.998   157.207
       495    48.010     3.580     0.000     4.815    -7.559    24.005     0.020     9.567    31.558  2082.917  1024.363    48.010   157.443
       496    48.020     3.583     0.000     4.821    -7.558    24.010     0.020     9.567    31.558  2082.446  1024.363    48.020   157.678
       497    48.031     3.585     0.000     4.826    -7.557    24.015     0.020     9.567    31.558  2081.996  1024.363    48.031   157.911
       498    48.041     3.588     0.000     4.832    -7.556    24.020     0.020     9.567    31.558  2081.565  1024.363    48.041   158.144
       499    48.050     3.590     0.000     4.837    -7.555    24.025     0.020     9.567    31.558  2081.154  1024.363    48.050   158.376
       500    48.059     3.593     0.000     4.843    -7.555    24.030     0.020     9.567    31.558  2080.762  1024.363    48.059   158.608
       501    48.068     3.595     0.000     4.848    -7.554    24.034     0.020     9.567    31.558  2080.388  1024.363    48.068   158.838
       502    48.076     3.597     0.000     4.853    -7.553    24.038     0.020     9.567    31.558  2080.033  1024.363    48.076   159.068
       503    48.084     3.599     0.000     4.859    -7.552    24.042     0.020     9.567    31.558  2079.696  1024.363    48.084   159.297
       504    48.091     3.601     0.000     4.864    -7.552    24.046     0.020     9.567    31.558  2079.377  1024.363    48.091   159.526
       505    48.098     3.603     0.000     4.869    -7.551    24.049     0.020     9.567    31.558  2079.076  1024.363    48.098   159.754
       506    48.105     3.605     0.000     4.875    -7.551    24.052     0.020     9.567    31.558  2078.791  1024.363    48.105   159.981
       507    48.111     3.606     0.000     4.880    -7.550    24.056     0.020     9.567    31.558  2078.524  1024.363    48.111   160.208
       508    48.117     3.608     0.000     4.885    -7.550    24.058     0.020     9.567    31.558  2078.273  1024.363    48.117   160.434
       509    48.122     3.609     0.000     4.891    -7.549    24.061     0.020     9.567    31.558  2078.039  1024.363    48.122   160.660
       510    48.127     3.610     0.000     4.896    -7.549    24.064     0.020     9.567    31.558  2077.821  1024.363    48.127   160.885
       511    48.132     3.612     0.000     4.901    -7.548    24.066     0.020     9.567    31.558  2077.619  1024.363    48.132   161.110
       512    48.136     3.613     0.000     4.906    -7.548    24.068     0.020     9.567    31.558  2077.433  1024.363    48.136   161.335
       513    48.140     3.614     0.000     4.912    -7.548    24.070     0.020     9.567    31.558  2077.263  1024.363    48.140   161.559
       514    48.144     3.615     0.000     4.917    -7.548    24.072     0.020     9.567    31.558  2077.108  1024.363    48.144   161.783
       515    48.147     3.615     0.000     4.922    -7.547    24.074     0.020     9.567    31.558  2076.968  1024.363    48.147   162.007
       516    48.150     3.616     0.000     4.927    -7.547    24.075     0.020     9.567    31.558  2076.843  1024.363    48.150   162.230
       517    48.153     3.617     0.000     4.933    -7.547    24.076     0.020     9.567    31.558  2076.733  1024.363    48.153   162.454
       518    48.155     3.617     0.000     4.938    -7.547    24.077     0.020     9.567    31.558  2076.637  1024.363    48.155   162.677
       519    48.157     3.617     0.000     4.943    -7.547    24.078     0.020     9.567    31.558  2076.554  1024.363    48.157   162.900
       520    48.158     3.618     0.000     4.948    -7.547    24.079     0.020     9.567    31.558  2076.482  1024.363    48.158   163.123
---------------------- Local maximum rise or fall --------------------
       521    48.160     3.618     0.000     4.954    -7.547    24.080     0.020     9.567    31.558  2076.419  1024.363    48.160   163.346
-------------------- Starting Farfield Calculations --------------------
Farfield dispersion based on wastefield width of :       3.62 (m)
4/3 Power Law based Eddy Diffusivity is used:
  Dilution     Width  Distance      Time    Bckgrd     Conc.
        ()       (m)       (m)    (hrs.)    (mg/L)    (mg/L)
    48.160     3.623     4.954     0.000     0.000  2076.419
    48.160     3.636     5.000     0.001     0.000  2081.712
    48.161     3.916     6.000     0.015     0.000  2081.712
    48.325     4.204     7.000     0.029     0.000  2081.712
    49.093     4.497     8.000     0.043     0.000  2081.712
    50.522     4.798     9.000     0.056     0.000  2081.712
    52.453     5.105    10.000     0.070     0.000  1968.823
    54.740     5.418    11.000     0.084     0.000  1968.823
    57.285     5.737    12.000     0.098     0.000  1968.823
    60.024     6.062    13.000     0.112     0.000  1968.823
    62.914     6.393    14.000     0.126     0.000  1631.173
    65.929     6.730    15.000     0.140     0.000  1631.173
    69.048     7.073    16.000     0.154     0.000  1631.173
    72.258     7.421    17.000     0.168     0.000  1631.173
    75.550     7.775    18.000     0.181     0.000  1339.886
    78.916     8.134    19.000     0.195     0.000  1339.886
    82.351     8.499    20.000     0.209     0.000  1339.886
    85.849     8.869    21.000     0.223     0.000  1339.886
    89.409     9.244    22.000     0.237     0.000  1339.886
    93.027     9.624    23.000     0.251     0.000  1118.645
    96.701    10.010    24.000     0.265     0.000  1118.645
   100.429    10.400    25.000     0.279     0.000  1118.645
   104.209    10.796    26.000     0.293     0.000  1118.645
   108.040    11.196    27.000     0.306     0.000   950.334
   111.921    11.601    28.000     0.320     0.000   950.334
   115.850    12.011    29.000     0.334     0.000   950.334
   119.828    12.425    30.000     0.348     0.000   950.334
   123.852    12.845    31.000     0.362     0.000   819.771
   127.922    13.269    32.000     0.376     0.000   819.771
   132.038    13.697    33.000     0.390     0.000   819.771
   136.199    14.130    34.000     0.404     0.000   819.771
   140.403    14.567    35.000     0.418     0.000   716.369
   144.651    15.009    36.000     0.431     0.000   716.369
   148.943    15.455    37.000     0.445     0.000   716.369
   153.276    15.906    38.000     0.459     0.000   716.369
   157.652    16.361    39.000     0.473     0.000   716.369
   162.069    16.820    40.000     0.487     0.000   632.926
   166.527    17.283    41.000     0.501     0.000   632.926
   171.026    17.750    42.000     0.515     0.000   632.926
   175.565    18.222    43.000     0.529     0.000   632.926
   180.144    18.698    44.000     0.543     0.000   564.473
   184.763    19.177    45.000     0.556     0.000   564.473
   189.420    19.661    46.000     0.570     0.000   564.473
   194.117    20.149    47.000     0.584     0.000   564.473
   198.852    20.641    48.000     0.598     0.000   507.509
   203.625    21.137    49.000     0.612     0.000   507.509
   208.436    21.636    50.000     0.626     0.000   507.509
   213.284    22.140    51.000     0.640     0.000   507.509
   218.169    22.647    52.000     0.654     0.000   459.511
   223.092    23.158    53.000     0.668     0.000   459.511
   228.051    23.673    54.000     0.681     0.000   459.511
   233.046    24.192    55.000     0.695     0.000   459.511
   238.077    24.714    56.000     0.709     0.000   459.511
   243.145    25.241    57.000     0.723     0.000   418.625
   248.247    25.770    58.000     0.737     0.000   418.625
   253.385    26.304    59.000     0.751     0.000   418.625
   258.558    26.841    60.000     0.765     0.000   418.625
   263.766    27.382    61.000     0.779     0.000   383.460
   269.009    27.926    62.000     0.793     0.000   383.460
   274.286    28.474    63.000     0.806     0.000   383.460
   279.596    29.025    64.000     0.820     0.000   383.460
   284.941    29.580    65.000     0.834     0.000   352.955
   290.320    30.139    66.000     0.848     0.000   352.955
   295.732    30.701    67.000     0.862     0.000   352.955
   301.177    31.266    68.000     0.876     0.000   352.955
   306.655    31.835    69.000     0.890     0.000   326.289
   312.166    32.407    70.000     0.904     0.000   326.289
   317.710    32.983    71.000     0.918     0.000   326.289
   323.286    33.561    72.000     0.931     0.000   326.289
   328.895    34.144    73.000     0.945     0.000   326.289
   334.535    34.729    74.000     0.959     0.000   302.820
   340.208    35.318    75.000     0.973     0.000   302.820
   345.912    35.910    76.000     0.987     0.000   302.820
   351.648    36.506    77.000     1.001     0.000   302.820
   357.415    37.105    78.000     1.015     0.000   282.035
   363.213    37.707    79.000     1.029     0.000   282.035
   369.042    38.312    80.000     1.043     0.000   282.035
   374.903    38.920    81.000     1.056     0.000   282.035
   380.794    39.532    82.000     1.070     0.000   263.523
   386.715    40.147    83.000     1.084     0.000   263.523
   392.667    40.765    84.000     1.098     0.000   263.523
   398.649    41.386    85.000     1.112     0.000   263.523
   404.661    42.010    86.000     1.126     0.000   263.523
   410.703    42.637    87.000     1.140     0.000   246.952
   416.775    43.267    88.000     1.154     0.000   246.952
   422.877    43.901    89.000     1.168     0.000   246.952
   429.008    44.537    90.000     1.181     0.000   246.952
   435.168    45.177    91.000     1.195     0.000   232.047
   441.358    45.820    92.000     1.209     0.000   232.047
   447.577    46.465    93.000     1.223     0.000   232.047
   453.824    47.114    94.000     1.237     0.000   232.047
   460.101    47.765    95.000     1.251     0.000   218.583
   466.406    48.420    96.000     1.265     0.000   218.583
   472.740    49.078    97.000     1.279     0.000   218.583
   479.102    49.738    98.000     1.293     0.000   218.583
   485.492    50.401    99.000     1.306     0.000   206.373
   491.911    51.068   100.000     1.320     0.000   206.373
   498.357    51.737   101.000     1.334     0.000   206.373
   504.832    52.409   102.000     1.348     0.000   206.373
   511.334    53.084   103.000     1.362     0.000   206.373
   517.864    53.762   104.000     1.376     0.000   195.259
   524.422    54.443   105.000     1.390     0.000   195.259
   531.007    55.127   106.000     1.404     0.000   195.259
   537.619    55.813   107.000     1.418     0.000   195.259
   544.259    56.502   108.000     1.431     0.000   185.108
   550.925    57.195   109.000     1.445     0.000   185.108
   557.619    57.889   110.000     1.459     0.000   185.108
   564.340    58.587   111.000     1.473     0.000   185.108
   571.087    59.288   112.000     1.487     0.000   175.807
   577.861    59.991   113.000     1.501     0.000   175.807
   584.662    60.697   114.000     1.515     0.000   175.807
   591.489    61.406   115.000     1.529     0.000   175.807
   598.342    62.117   116.000     1.543     0.000   167.259
   605.222    62.831   117.000     1.556     0.000   167.259
   612.128    63.548   118.000     1.570     0.000   167.259
   619.060    64.268   119.000     1.584     0.000   167.259
   626.018    64.990   120.000     1.598     0.000   167.259
   633.002    65.715   121.000     1.612     0.000   159.383
   640.011    66.443   122.000     1.626     0.000   159.383
   647.047    67.174   123.000     1.640     0.000   159.383
   654.108    67.907   124.000     1.654     0.000   159.383
   661.194    68.642   125.000     1.668     0.000   152.105
   668.306    69.381   126.000     1.681     0.000   152.105
   675.443    70.122   127.000     1.695     0.000   152.105
   682.605    70.865   128.000     1.709     0.000   152.105
   689.793    71.611   129.000     1.723     0.000   145.366
   697.005    72.360   130.000     1.737     0.000   145.366
   704.243    73.111   131.000     1.751     0.000   145.366
   711.505    73.865   132.000     1.765     0.000   145.366
   718.792    74.622   133.000     1.779     0.000   145.366
   726.104    75.381   134.000     1.793     0.000   139.109
   733.441    76.143   135.000     1.806     0.000   139.109
   740.802    76.907   136.000     1.820     0.000   139.109
   748.187    77.674   137.000     1.834     0.000   139.109
   755.597    78.443   138.000     1.848     0.000   133.289
   763.031    79.215   139.000     1.862     0.000   133.289
   770.490    79.989   140.000     1.876     0.000   133.289
   777.972    80.766   141.000     1.890     0.000   133.289
   785.479    81.545   142.000     1.904     0.000   127.864
   793.010    82.327   143.000     1.918     0.000   127.864
   800.564    83.111   144.000     1.931     0.000   127.864
   808.143    83.898   145.000     1.945     0.000   127.864
   815.745    84.687   146.000     1.959     0.000   122.797
   823.371    85.479   147.000     1.973     0.000   122.797
   831.020    86.273   148.000     1.987     0.000   122.797
   838.693    87.070   149.000     2.001     0.000   122.797
   846.390    87.869   150.000     2.015     0.000   122.797
   854.109    88.670   151.000     2.029     0.000   118.056
   861.853    89.474   152.000     2.043     0.000   118.056
   869.619    90.280   153.000     2.056     0.000   118.056
   877.409    91.089   154.000     2.070     0.000   118.056
   885.221    91.900   155.000     2.084     0.000   113.612
   893.057    92.713   156.000     2.098     0.000   113.612
   900.916    93.529   157.000     2.112     0.000   113.612
   908.798    94.348   158.000     2.126     0.000   113.612
   916.702    95.168   159.000     2.140     0.000   109.441
   924.630    95.991   160.000     2.154     0.000   109.441
   932.580    96.817   161.000     2.168     0.000   109.441
   940.553    97.644   162.000     2.181     0.000   109.441
   948.548    98.474   163.000     2.195     0.000   105.518
   956.566    99.307   164.000     2.209     0.000   105.518
   964.606   100.141   165.000     2.223     0.000   105.518
   972.669   100.978   166.000     2.237     0.000   105.518
   980.754   101.818   167.000     2.251     0.000   105.518
   988.861   102.659   168.000     2.265     0.000   101.825
   996.991   103.503   169.000     2.279     0.000   101.825
  1005.143   104.350   170.000     2.293     0.000   101.825
  1013.316   105.198   171.000     2.306     0.000   101.825
  1021.512   106.049   172.000     2.320     0.000    98.342
  1029.730   106.902   173.000     2.334     0.000    98.342
  1037.970   107.758   174.000     2.348     0.000    98.342
  1046.231   108.615   175.000     2.362     0.000    98.342
  1054.515   109.475   176.000     2.376     0.000    95.053
  1062.820   110.338   177.000     2.390     0.000    95.053
  1071.147   111.202   178.000     2.404     0.000    95.053
  1079.495   112.069   179.000     2.418     0.000    95.053
  1087.866   112.938   180.000     2.431     0.000    91.943
  1096.257   113.809   181.000     2.445     0.000    91.943
  1104.670   114.682   182.000     2.459     0.000    91.943
  1113.105   115.558   183.000     2.473     0.000    91.943
  1121.560   116.436   184.000     2.487     0.000    91.943
  1130.038   117.316   185.000     2.501     0.000    89.000
  1138.536   118.198   186.000     2.515     0.000    89.000
  1147.056   119.083   187.000     2.529     0.000    89.000
  1155.596   119.969   188.000     2.543     0.000    89.000
  1164.158   120.858   189.000     2.556     0.000    86.210
  1172.741   121.749   190.000     2.570     0.000    86.210
  1181.345   122.642   191.000     2.584     0.000    86.210
  1189.970   123.538   192.000     2.598     0.000    86.210
  1198.615   124.435   193.000     2.612     0.000    83.563
  1207.282   125.335   194.000     2.626     0.000    83.563
  1215.969   126.237   195.000     2.640     0.000    83.563
  1224.677   127.141   196.000     2.654     0.000    83.563
  1233.406   128.047   197.000     2.668     0.000    83.563
  1242.155   128.955   198.000     2.681     0.000    81.049
  1250.925   129.866   199.000     2.695     0.000    81.049
  1259.716   130.778   200.000     2.709     0.000    81.049
  1268.527   131.693   201.000     2.723     0.000    81.049
  1277.358   132.610   202.000     2.737     0.000    78.658
  1286.210   133.529   203.000     2.751     0.000    78.658
  1295.082   134.450   204.000     2.765     0.000    78.658
  1303.975   135.373   205.000     2.779     0.000    78.658
  1312.887   136.299   206.000     2.793     0.000    76.382
............................. Reached Chronic Mixing Zone ..........................
  1321.820   137.226   207.000     2.806     0.000    76.382
  1330.774   138.155   208.000     2.820     0.000    76.382
  1339.747   139.087   209.000     2.834     0.000    76.382
  1348.740   140.021   210.000     2.848     0.000    74.215
  1357.754   140.956   211.000     2.862     0.000    74.215
  1366.787   141.894   212.000     2.876     0.000    74.215
  1375.840   142.834   213.000     2.890     0.000    74.215
  1384.913   143.776   214.000     2.904     0.000    74.215
  1394.007   144.720   215.000     2.918     0.000    72.147
  1403.119   145.666   216.000     2.931     0.000    72.147
  1412.252   146.614   217.000     2.945     0.000    72.147
  1421.404   147.564   218.000     2.959     0.000    72.147
  1430.577   148.517   219.000     2.973     0.000    70.174
  1439.768   149.471   220.000     2.987     0.000    70.174
  1448.980   150.427   221.000     3.001     0.000    70.174
  1458.210   151.385   222.000     3.015     0.000    70.174
  1467.461   152.346   223.000     3.029     0.000    68.290
  1476.731   153.308   224.000     3.043     0.000    68.290
  1486.020   154.273   225.000     3.056     0.000    68.290
  1495.329   155.239   226.000     3.070     0.000    68.290
  1504.657   156.207   227.000     3.084     0.000    66.488
  1514.004   157.178   228.000     3.098     0.000    66.488
  1523.371   158.150   229.000     3.112     0.000    66.488
  1532.757   159.125   230.000     3.126     0.000    66.488
  1542.162   160.101   231.000     3.140     0.000    66.488
  1551.586   161.079   232.000     3.154     0.000    64.764
  1561.030   162.060   233.000     3.168     0.000    64.764
  1570.492   163.042   234.000     3.181     0.000    64.764
  1579.974   164.026   235.000     3.195     0.000    64.764
  1589.474   165.013   236.000     3.209     0.000    63.113
  1598.994   166.001   237.000     3.223     0.000    63.113
  1608.532   166.991   238.000     3.237     0.000    63.113
  1618.089   167.983   239.000     3.251     0.000    63.113
  1627.665   168.978   240.000     3.265     0.000    61.532
  1637.260   169.974   241.000     3.279     0.000    61.532
  1646.874   170.972   242.000     3.293     0.000    61.532
  1656.507   171.972   243.000     3.306     0.000    61.532
  1666.158   172.974   244.000     3.320     0.000    61.532
  1675.828   173.978   245.000     3.334     0.000    60.015
  1685.516   174.983   246.000     3.348     0.000    60.015
  1695.223   175.991   247.000     3.362     0.000    60.015
  1704.949   177.001   248.000     3.376     0.000    60.015
  1714.693   178.012   249.000     3.390     0.000    58.560
  1724.456   179.026   250.000     3.404     0.000    58.560
  1734.237   180.041   251.000     3.418     0.000    58.560
  1744.037   181.059   252.000     3.431     0.000    58.560
  1753.855   182.078   253.000     3.445     0.000    57.162
  1763.691   183.099   254.000     3.459     0.000    57.162
  1773.545   184.122   255.000     3.473     0.000    57.162
  1783.418   185.147   256.000     3.487     0.000    57.162
  1793.310   186.174   257.000     3.501     0.000    55.819
  1803.219   187.203   258.000     3.515     0.000    55.819
  1813.147   188.233   259.000     3.529     0.000    55.819
  1823.092   189.266   260.000     3.543     0.000    55.819
  1833.056   190.300   261.000     3.556     0.000    55.819
  1843.038   191.337   262.000     3.570     0.000    54.528
  1853.038   192.375   263.000     3.584     0.000    54.528
  1863.056   193.415   264.000     3.598     0.000    54.528
  1873.092   194.457   265.000     3.612     0.000    54.528
  1883.146   195.501   266.000     3.626     0.000    53.286
  1893.218   196.546   267.000     3.640     0.000    53.286
  1903.308   197.594   268.000     3.654     0.000    53.286
  1913.415   198.643   269.000     3.668     0.000    53.286
  1923.541   199.694   270.000     3.681     0.000    52.090
  1933.684   200.747   271.000     3.695     0.000    52.090
  1943.845   201.802   272.000     3.709     0.000    52.090
  1954.024   202.859   273.000     3.723     0.000    52.090
  1964.220   203.917   274.000     3.737     0.000    50.939
  1974.434   204.978   275.000     3.751     0.000    50.939
  1984.666   206.040   276.000     3.765     0.000    50.939
  1994.916   207.104   277.000     3.779     0.000    50.939
  2005.183   208.170   278.000     3.793     0.000    50.939
  2015.467   209.238   279.000     3.806     0.000    49.829
  2025.769   210.307   280.000     3.820     0.000    49.829
  2036.089   211.378   281.000     3.834     0.000    49.829
  2046.426   212.452   282.000     3.848     0.000    49.829
  2056.780   213.527   283.000     3.862     0.000    48.759
  2067.152   214.603   284.000     3.876     0.000    48.759
  2077.541   215.682   285.000     3.890     0.000    48.759
  2087.948   216.762   286.000     3.904     0.000    48.759
  2098.372   217.844   287.000     3.918     0.000    47.727
  2108.813   218.928   288.000     3.931     0.000    47.727
  2119.271   220.014   289.000     3.945     0.000    47.727
  2129.747   221.102   290.000     3.959     0.000    47.727
  2140.240   222.191   291.000     3.973     0.000    46.731
  2150.750   223.282   292.000     3.987     0.000    46.731
  2161.277   224.375   293.000     4.001     0.000    46.731
  2171.822   225.470   294.000     4.015     0.000    46.731
  2182.383   226.566   295.000     4.029     0.000    46.731
  2192.961   227.664   296.000     4.043     0.000    45.768
  2203.557   228.764   297.000     4.056     0.000    45.768
  2214.170   229.866   298.000     4.070     0.000    45.768
  2224.799   230.970   299.000     4.084     0.000    45.768
  2235.446   232.075   300.000     4.098     0.000    44.839
  2246.109   233.182   301.000     4.112     0.000    44.839
  2256.789   234.291   302.000     4.126     0.000    44.839
  2267.486   235.401   303.000     4.140     0.000    44.839
  2278.200   236.514   304.000     4.154     0.000    43.940
  2288.931   237.628   305.000     4.168     0.000    43.940
  2299.679   238.743   306.000     4.181     0.000    43.940
  2310.443   239.861   307.000     4.195     0.000    43.940
  2321.224   240.980   308.000     4.209     0.000    43.940
  2332.022   242.101   309.000     4.223     0.000    43.071
  2342.837   243.224   310.000     4.237     0.000    43.071
  2353.668   244.348   311.000     4.251     0.000    43.071
  2364.516   245.474   312.000     4.265     0.000    43.071
  2375.381   246.602   313.000     4.279     0.000    42.231
  2386.262   247.732   314.000     4.293     0.000    42.231
  2397.159   248.863   315.000     4.306     0.000    42.231
  2408.073   249.996   316.000     4.320     0.000    42.231
  2419.004   251.131   317.000     4.334     0.000    41.417
  2429.951   252.268   318.000     4.348     0.000    41.417
  2440.915   253.406   319.000     4.362     0.000    41.417
  2451.895   254.546   320.000     4.376     0.000    41.417
  2462.892   255.687   321.000     4.390     0.000    40.629
  2473.904   256.831   322.000     4.404     0.000    40.629
  2484.934   257.976   323.000     4.418     0.000    40.629
  2495.979   259.122   324.000     4.431     0.000    40.629
  2507.041   260.271   325.000     4.445     0.000    40.629
  2518.119   261.421   326.000     4.459     0.000    39.866
  2529.214   262.573   327.000     4.473     0.000    39.866
  2540.325   263.726   328.000     4.487     0.000    39.866
  2551.452   264.881   329.000     4.501     0.000    39.866
  2562.595   266.038   330.000     4.515     0.000    39.126
  2573.754   267.197   331.000     4.529     0.000    39.126
  2584.929   268.357   332.000     4.543     0.000    39.126
  2596.121   269.519   333.000     4.556     0.000    39.126
  2607.329   270.682   334.000     4.570     0.000    38.409
  2618.553   271.847   335.000     4.584     0.000    38.409
  2629.792   273.014   336.000     4.598     0.000    38.409
  2641.048   274.183   337.000     4.612     0.000    38.409
  2652.320   275.353   338.000     4.626     0.000    37.714
  2663.608   276.525   339.000     4.640     0.000    37.714
  2674.912   277.698   340.000     4.654     0.000    37.714
  2686.232   278.874   341.000     4.668     0.000    37.714
  2697.567   280.050   342.000     4.681     0.000    37.714
  2708.919   281.229   343.000     4.695     0.000    37.039
  2720.287   282.409   344.000     4.709     0.000    37.039
  2731.670   283.591   345.000     4.723     0.000    37.039
  2743.069   284.774   346.000     4.737     0.000    37.039
  2754.484   285.959   347.000     4.751     0.000    36.384
  2765.915   287.146   348.000     4.765     0.000    36.384
  2777.362   288.334   349.000     4.779     0.000    36.384
  2788.824   289.524   350.000     4.793     0.000    36.384
  2800.302   290.716   351.000     4.806     0.000    35.749
  2811.796   291.909   352.000     4.820     0.000    35.749
  2823.305   293.104   353.000     4.834     0.000    35.749
  2834.830   294.301   354.000     4.848     0.000    35.749
  2846.371   295.499   355.000     4.862     0.000    35.749
  2857.927   296.698   356.000     4.876     0.000    35.131
  2869.499   297.900   357.000     4.890     0.000    35.131
  2881.087   299.103   358.000     4.904     0.000    35.131
  2892.690   300.307   359.000     4.918     0.000    35.131
  2904.308   301.513   360.000     4.931     0.000    34.532
  2915.942   302.721   361.000     4.945     0.000    34.532
  2927.592   303.931   362.000     4.959     0.000    34.532
  2939.257   305.142   363.000     4.973     0.000    34.532
  2950.938   306.354   364.000     4.987     0.000    33.949
  2962.634   307.569   365.000     5.001     0.000    33.949
  2974.345   308.784   366.000     5.015     0.000    33.949
  2986.072   310.002   367.000     5.029     0.000    33.949
  2997.814   311.221   368.000     5.043     0.000    33.382
  3009.572   312.441   369.000     5.056     0.000    33.382
  3021.344   313.664   370.000     5.070     0.000    33.382
  3033.133   314.887   371.000     5.084     0.000    33.382
  3044.936   316.113   372.000     5.098     0.000    33.382
  3056.755   317.340   373.000     5.112     0.000    32.831
  3068.589   318.568   374.000     5.126     0.000    32.831
  3080.438   319.799   375.000     5.140     0.000    32.831
  3092.302   321.030   376.000     5.154     0.000    32.831
  3104.182   322.264   377.000     5.168     0.000    32.295
  3116.077   323.498   378.000     5.181     0.000    32.295
  3127.986   324.735   379.000     5.195     0.000    32.295
  3139.912   325.973   380.000     5.209     0.000    32.295
  3151.852   327.212   381.000     5.223     0.000    31.773
  3163.807   328.454   382.000     5.237     0.000    31.773
  3175.777   329.696   383.000     5.251     0.000    31.773
  3187.763   330.941   384.000     5.265     0.000    31.773
  3199.763   332.186   385.000     5.279     0.000    31.265
  3211.779   333.434   386.000     5.293     0.000    31.265
  3223.809   334.683   387.000     5.306     0.000    31.265
  3235.855   335.933   388.000     5.320     0.000    31.265
  3247.915   337.185   389.000     5.334     0.000    31.265
  3259.990   338.439   390.000     5.348     0.000    30.771
  3272.081   339.694   391.000     5.362     0.000    30.771
  3284.186   340.951   392.000     5.376     0.000    30.771
  3296.306   342.209   393.000     5.390     0.000    30.771
  3308.441   343.469   394.000     5.404     0.000    30.289
  3320.591   344.730   395.000     5.418     0.000    30.289
  3332.755   345.993   396.000     5.431     0.000    30.289
  3344.935   347.258   397.000     5.445     0.000    30.289
  3357.129   348.523   398.000     5.459     0.000    29.820
  3369.338   349.791   399.000     5.473     0.000    29.820
  3381.562   351.060   400.000     5.487     0.000    29.820
  3393.801   352.331   401.000     5.501     0.000    29.820
  3406.054   353.603   402.000     5.515     0.000    29.363
  3418.322   354.876   403.000     5.529     0.000    29.363
  3430.605   356.151   404.000     5.543     0.000    29.363
  3442.902   357.428   405.000     5.556     0.000    29.363
  3455.214   358.706   406.000     5.570     0.000    29.363
  3467.541   359.986   407.000     5.584     0.000    28.917
  3479.882   361.267   408.000     5.598     0.000    28.917
  3492.238   362.550   409.000     5.612     0.000    28.917
  3504.609   363.834   410.000     5.626     0.000    28.917
  3516.994   365.120   411.000     5.640     0.000    28.483
  3529.393   366.407   412.000     5.654     0.000    28.483
  3541.808   367.696   413.000     5.668     0.000    28.483
  3554.236   368.986   414.000     5.681     0.000    28.483
  3566.679   370.278   415.000     5.695     0.000    28.059
  3579.137   371.571   416.000     5.709     0.000    28.059
  3591.609   372.866   417.000     5.723     0.000    28.059
  3604.096   374.163   418.000     5.737     0.000    28.059
  3616.597   375.460   419.000     5.751     0.000    28.059
  3629.112   376.760   420.000     5.765     0.000    27.646
  3641.642   378.060   421.000     5.779     0.000    27.646
  3654.187   379.363   422.000     5.793     0.000    27.646
  3666.745   380.667   423.000     5.806     0.000    27.646
  3679.318   381.972   424.000     5.820     0.000    27.243
  3691.905   383.279   425.000     5.834     0.000    27.243
  3704.507   384.587   426.000     5.848     0.000    27.243
  3717.123   385.897   427.000     5.862     0.000    27.243
  3729.753   387.208   428.000     5.876     0.000    26.849
  3742.398   388.520   429.000     5.890     0.000    26.849
  3755.057   389.835   430.000     5.904     0.000    26.849
  3767.730   391.150   431.000     5.918     0.000    26.849
  3780.417   392.467   432.000     5.931     0.000    26.465
  3793.118   393.786   433.000     5.945     0.000    26.465
  3805.834   395.106   434.000     5.959     0.000    26.465
  3818.564   396.428   435.000     5.973     0.000    26.465
  3831.308   397.751   436.000     5.987     0.000    26.465
  3844.066   399.075   437.000     6.001     0.000    26.090
  3856.838   400.401   438.000     6.015     0.000    26.090
  3869.624   401.729   439.000     6.029     0.000    26.090
  3882.425   403.057   440.000     6.043     0.000    26.090
  3895.239   404.388   441.000     6.056     0.000    25.724
  3908.068   405.720   442.000     6.070     0.000    25.724
  3920.911   407.053   443.000     6.084     0.000    25.724
  3933.767   408.388   444.000     6.098     0.000    25.724
  3946.638   409.724   445.000     6.112     0.000    25.366
  3959.523   411.061   446.000     6.126     0.000    25.366
  3972.422   412.401   447.000     6.140     0.000    25.366
  3985.334   413.741   448.000     6.154     0.000    25.366
  3998.261   415.083   449.000     6.168     0.000    25.017
  4011.202   416.427   450.000     6.181     0.000    25.017
  4024.156   417.771   451.000     6.195     0.000    25.017
  4037.125   419.118   452.000     6.209     0.000    25.017
  4050.107   420.466   453.000     6.223     0.000    25.017
  4063.103   421.815   454.000     6.237     0.000    24.675
  4076.113   423.165   455.000     6.251     0.000    24.675
  4089.137   424.518   456.000     6.265     0.000    24.675
  4102.175   425.871   457.000     6.279     0.000    24.675
  4115.227   427.226   458.000     6.293     0.000    24.341
  4128.292   428.582   459.000     6.306     0.000    24.341
  4141.372   429.940   460.000     6.320     0.000    24.341
  4154.465   431.299   461.000     6.334     0.000    24.341
  4167.571   432.660   462.000     6.348     0.000    24.015
  4180.692   434.022   463.000     6.362     0.000    24.015
  4193.826   435.386   464.000     6.376     0.000    24.015
  4206.974   436.751   465.000     6.390     0.000    24.015
  4220.136   438.117   466.000     6.404     0.000    24.015
  4233.311   439.485   467.000     6.418     0.000    23.696
  4246.501   440.854   468.000     6.431     0.000    23.696
  4259.703   442.225   469.000     6.445     0.000    23.696
  4272.920   443.597   470.000     6.459     0.000    23.696
  4286.150   444.971   471.000     6.473     0.000    23.383
  4299.394   446.345   472.000     6.487     0.000    23.383
  4312.651   447.722   473.000     6.501     0.000    23.383
  4325.922   449.099   474.000     6.515     0.000    23.383
  4339.206   450.479   475.000     6.529     0.000    23.078
  4352.504   451.859   476.000     6.543     0.000    23.078
  4365.816   453.241   477.000     6.556     0.000    23.078
  4379.141   454.624   478.000     6.570     0.000    23.078
  4392.480   456.009   479.000     6.584     0.000    22.779
  4405.832   457.395   480.000     6.598     0.000    22.779
  4419.198   458.783   481.000     6.612     0.000    22.779
  4432.577   460.172   482.000     6.626     0.000    22.779
  4445.970   461.562   483.000     6.640     0.000    22.779
  4459.376   462.954   484.000     6.654     0.000    22.487
  4472.796   464.347   485.000     6.668     0.000    22.487
  4486.229   465.742   486.000     6.681     0.000    22.487
  4499.675   467.138   487.000     6.695     0.000    22.487
  4513.135   468.535   488.000     6.709     0.000    22.201
  4526.608   469.934   489.000     6.723     0.000    22.201
  4540.095   471.334   490.000     6.737     0.000    22.201
  4553.595   472.736   491.000     6.751     0.000    22.201
  4567.108   474.138   492.000     6.765     0.000    21.920
  4580.635   475.543   493.000     6.779     0.000    21.920
  4594.175   476.948   494.000     6.793     0.000    21.920
  4607.728   478.355   495.000     6.806     0.000    21.920
  4621.295   479.764   496.000     6.820     0.000    21.646
  4634.875   481.174   497.000     6.834     0.000    21.646
  4648.468   482.585   498.000     6.848     0.000    21.646
  4662.075   483.997   499.000     6.862     0.000    21.646
  4675.694   485.411   500.000     6.876     0.000    21.646
  4677.973   485.648   500.167     6.878     0.000    21.377
