****************************************************************************************************
----------------------------------------------------------------------------------------------------
Ambient Table:
     Depth   Amb-cur   Amb-dir   Amb-sal   Amb-tem   Amb-pol     Decay   Far-spd   Far-dir   Disprsn
       (m)     (m/s)     (deg)     (psu)       (C)    (mg/L)   (1/day)     (m/s)     (deg)(m0.67/s2)
     0.000     0.020    90.000    30.900    11.200     0.000     0.000     0.020    90.000   0.00030
     3.000     0.020    90.000    31.200    10.400     0.000     0.000     0.020    90.000   0.00030
     6.000     0.020    90.000    31.200     9.690     0.000     0.000     0.020    90.000   0.00030
     9.000     0.020    90.000    31.700     9.440     0.000     0.000     0.020    90.000   0.00030
    12.000     0.020    90.000    31.800     9.340     0.000     0.000     0.020    90.000   0.00030
    15.000     0.050    90.000    31.900     9.220     0.000     0.000     0.020    90.000   0.00030
----------------------------------------------------------------------------------------------------
Diffuser Table:
     P-dia    P-elev   V-angle   H-angle     Ports   Spacing   AcuteMZ   ChrncMZ   P-depth   Ttl-flo   Eff-sal      Temp   Polutnt
       (m)       (m)     (deg)     (deg)       ( )       (m)       (m)       (m)       (m)     (cms)     (psu)       (C)    (mg/L)
      0.20     15.00    -45.00     90.00      1.00      0.00     20.70    207.00      1.50      0.01     35.00     10.00 100000.00
----------------------------------------------------------------------------------------------------
Simulation Results:
              Dilutn     P-dia    x-posn    y-posn     Depth      Time   Net-Dil     P-Den    P-Con.     P-Sal    P-Temp  Amb-Curr    CL-Dil
      Step (FluxAvg)       (m)       (m)       (m)       (m)       (s)        ()   (kg/m3)    (mg/L)     (psu)       (C)     (m/s)        ()
         1     1.020     0.158     0.000     0.006    -1.506     0.032     1.020  1026.911 98033.193    34.923    10.016     0.020     1.000
         2     1.041     0.161     0.000     0.011    -1.512     0.064     1.041  1026.849 96105.185    34.847    10.031     0.020     1.000
         3     1.061     0.164     0.000     0.017    -1.517     0.097     1.061  1026.789 94215.208    34.772    10.046     0.020     1.000
         4     1.083     0.166     0.000     0.023    -1.523     0.130     1.083  1026.729 92362.507    34.699    10.061     0.020     1.000
         5     1.104     0.169     0.000     0.029    -1.529     0.165     1.104  1026.671 90546.343    34.628    10.075     0.020     1.000
         6     1.127     0.173     0.000     0.035    -1.535     0.201     1.127  1026.614 88765.991    34.558    10.089     0.020     1.000
         7     1.149     0.176     0.000     0.041    -1.542     0.239     1.149  1026.558 87020.740    34.489    10.103     0.020     1.000
         8     1.172     0.179     0.000     0.047    -1.548     0.277     1.172  1026.503 85309.897    34.422    10.117     0.020     1.000
         9     1.196     0.182     0.000     0.053    -1.554     0.317     1.196  1026.450 83632.777    34.355    10.130     0.020     1.000
        10     1.220     0.185     0.000     0.060    -1.561     0.358     1.220  1026.397 81988.714    34.291    10.143     0.020     1.000
        11     1.244     0.188     0.000     0.066    -1.568     0.401     1.244  1026.345 80377.053    34.227    10.155     0.020     1.000
        12     1.269     0.192     0.000     0.073    -1.575     0.445     1.269  1026.295 78797.150    34.165    10.168     0.020     1.000
        13     1.295     0.195     0.000     0.080    -1.582     0.490     1.295  1026.245 77248.379    34.104    10.180     0.020     1.000
        14     1.320     0.199     0.000     0.086    -1.589     0.537     1.320  1026.197 75730.122    34.044    10.191     0.020     1.000
        15     1.347     0.202     0.000     0.093    -1.596     0.586     1.347  1026.149 74241.776    33.986    10.203     0.020     1.000
        16     1.374     0.206     0.000     0.100    -1.603     0.636     1.374  1026.103 72782.747    33.929    10.214     0.020     1.000
        17     1.401     0.209     0.000     0.107    -1.611     0.688     1.401  1026.057 71352.457    33.872    10.225     0.020     1.000
        18     1.430     0.213     0.000     0.115    -1.619     0.741     1.430  1026.012 69950.337    33.817    10.236     0.020     1.000
        19     1.458     0.216     0.000     0.122    -1.627     0.796     1.458  1025.968 68575.829    33.763    10.246     0.020     1.000
        20     1.487     0.220     0.000     0.129    -1.635     0.853     1.487  1025.925 67228.388    33.710    10.257     0.020     1.000
        21     1.517     0.224     0.000     0.137    -1.643     0.912     1.517  1025.883 65907.478    33.658    10.267     0.020     1.000
        22     1.548     0.228     0.000     0.145    -1.651     0.972     1.548  1025.842 64612.575    33.607    10.276     0.020     1.000
        23     1.579     0.231     0.000     0.152    -1.660     1.034     1.579  1025.801 63343.164    33.557    10.286     0.020     1.000
        24     1.610     0.235     0.000     0.160    -1.669     1.099     1.610  1025.762 62098.742    33.509    10.295     0.020     1.000
        25     1.643     0.239     0.000     0.168    -1.678     1.165     1.643  1025.723 60878.815    33.461    10.304     0.020     1.000
        26     1.676     0.243     0.000     0.176    -1.687     1.233     1.676  1025.685 59682.899    33.414    10.313     0.020     1.000
        27     1.709     0.247     0.000     0.184    -1.696     1.304     1.709  1025.648 58510.520    33.368    10.322     0.020     1.000
        28     1.743     0.251     0.000     0.193    -1.705     1.376     1.743  1025.611 57361.212    33.323    10.330     0.020     1.000
        29     1.778     0.256     0.000     0.201    -1.715     1.451     1.778  1025.575 56234.520    33.279    10.338     0.020     1.000
        30     1.814     0.260     0.000     0.210    -1.725     1.528     1.814  1025.540 55129.998    33.235    10.346     0.020     1.000
        31     1.850     0.264     0.000     0.218    -1.735     1.607     1.850  1025.506 54047.208    33.193    10.354     0.020     1.000
        32     1.887     0.268     0.000     0.227    -1.745     1.689     1.887  1025.472 52985.721    33.151    10.362     0.020     1.000
        33     1.925     0.273     0.000     0.236    -1.755     1.772     1.925  1025.439 51945.115    33.110    10.369     0.020     1.000
        34     1.964     0.277     0.000     0.245    -1.766     1.859     1.964  1025.407 50924.980    33.071    10.376     0.020     1.000
        35     2.003     0.281     0.000     0.254    -1.777     1.947     2.003  1025.375 49924.912    33.031    10.383     0.020     1.002
        36     2.043     0.286     0.000     0.263    -1.788     2.038     2.043  1025.344 48944.513    32.993    10.390     0.020     1.022
        37     2.084     0.290     0.000     0.272    -1.799     2.132     2.084  1025.314 47983.397    32.956    10.396     0.020     1.042
        38     2.126     0.295     0.000     0.282    -1.810     2.227     2.126  1025.284 47041.182    32.919    10.403     0.020     1.063
        39     2.168     0.300     0.000     0.291    -1.822     2.326     2.168  1025.255 46117.497    32.883    10.409     0.020     1.084
        40     2.212     0.304     0.000     0.301    -1.834     2.427     2.212  1025.227 45211.975    32.847    10.415     0.020     1.106
        41     2.256     0.309     0.000     0.310    -1.846     2.530     2.256  1025.199 44324.258    32.813    10.421     0.020     1.128
        42     2.301     0.314     0.000     0.320    -1.858     2.636     2.301  1025.172 43453.996    32.779    10.427     0.020     1.151
        43     2.347     0.319     0.000     0.330    -1.870     2.744     2.347  1025.145 42600.844    32.746    10.432     0.020     1.174
        44     2.394     0.324     0.000     0.340    -1.883     2.855     2.394  1025.119 41764.465    32.713    10.438     0.020     1.197
        45     2.442     0.329     0.000     0.350    -1.896     2.969     2.442  1025.093 40944.529    32.681    10.443     0.020     1.221
        46     2.491     0.334     0.000     0.360    -1.909     3.085     2.491  1025.068 40140.710    32.650    10.448     0.020     1.246
        47     2.541     0.339     0.000     0.370    -1.922     3.204     2.541  1025.043 39352.692    32.619    10.453     0.020     1.271
        48     2.592     0.344     0.000     0.380    -1.935     3.326     2.592  1025.019 38580.164    32.589    10.457     0.020     1.296
        49     2.644     0.349     0.000     0.390    -1.949     3.451     2.644  1024.995 37822.819    32.560    10.462     0.020     1.322
        50     2.697     0.354     0.000     0.400    -1.963     3.578     2.697  1024.972 37080.360    32.531    10.466     0.020     1.348
        51     2.751     0.359     0.000     0.411    -1.977     3.708     2.751  1024.950 36352.492    32.503    10.470     0.020     1.375
        52     2.806     0.365     0.000     0.421    -1.991     3.841     2.806  1024.928 35638.928    32.476    10.474     0.020     1.403
        53     2.862     0.370     0.000     0.432    -2.006     3.977     2.862  1024.906 34939.387    32.449    10.478     0.020     1.431
        54     2.919     0.375     0.000     0.442    -2.020     4.116     2.919  1024.885 34253.592    32.422    10.482     0.020     1.460
        55     2.978     0.381     0.000     0.453    -2.035     4.258     2.978  1024.864 33581.273    32.396    10.486     0.020     1.489
        56     3.037     0.387     0.000     0.464    -2.050     4.403     3.037  1024.844 32922.164    32.371    10.489     0.020     1.519
        57     3.098     0.392     0.000     0.475    -2.066     4.550     3.098  1024.824 32276.005    32.346    10.492     0.020     1.549
        58     3.160     0.398     0.000     0.486    -2.081     4.701     3.160  1024.804 31642.542    32.322    10.495     0.020     1.580
        59     3.224     0.404     0.000     0.497    -2.097     4.855     3.224  1024.785 31021.524    32.298    10.498     0.020     1.612
        60     3.288     0.409     0.000     0.508    -2.113     5.012     3.288  1024.767 30412.706    32.274    10.501     0.020     1.644
        61     3.354     0.415     0.000     0.519    -2.129     5.172     3.354  1024.748 29815.848    32.252    10.504     0.020     1.677
        62     3.421     0.421     0.000     0.530    -2.146     5.335     3.421  1024.731 29230.716    32.229    10.507     0.020     1.711
        63     3.490     0.427     0.000     0.541    -2.162     5.502     3.490  1024.713 28657.077    32.207    10.509     0.020     1.745
        64     3.559     0.433     0.000     0.552    -2.179     5.671     3.559  1024.696 28094.706    32.186    10.511     0.020     1.780
        65     3.631     0.439     0.000     0.563    -2.197     5.844     3.631  1024.679 27543.381    32.165    10.514     0.020     1.815
        66     3.703     0.446     0.000     0.575    -2.214     6.021     3.703  1024.663 27002.885    32.144    10.516     0.020     1.852
        67     3.777     0.452     0.000     0.586    -2.232     6.200     3.777  1024.647 26473.005    32.124    10.518     0.020     1.889
        68     3.853     0.458     0.000     0.598    -2.249     6.384     3.853  1024.632 25953.531    32.105    10.519     0.020     1.927
        69     3.930     0.465     0.000     0.609    -2.267     6.570     3.930  1024.616 25444.260    32.085    10.521     0.020     1.965
        70     4.009     0.471     0.000     0.621    -2.286     6.760     4.009  1024.601 24944.990    32.067    10.523     0.020     2.004
        71     4.089     0.478     0.000     0.633    -2.304     6.954     4.089  1024.587 24455.525    32.048    10.524     0.020     2.045
        72     4.171     0.484     0.000     0.644    -2.323     7.151     4.171  1024.573 23975.672    32.030    10.525     0.020     2.085
        73     4.254     0.491     0.000     0.656    -2.342     7.352     4.254  1024.559 23505.242    32.012    10.527     0.020     2.127
        74     4.340     0.498     0.000     0.668    -2.361     7.556     4.340  1024.545 23044.049    31.995    10.528     0.020     2.170
        75     4.426     0.505     0.000     0.680    -2.381     7.764     4.426  1024.532 22591.912    31.978    10.529     0.020     2.213
        76     4.515     0.512     0.000     0.692    -2.401     7.976     4.515  1024.519 22148.653    31.962    10.529     0.020     2.257
        77     4.605     0.519     0.000     0.704    -2.421     8.192     4.605  1024.506 21714.097    31.946    10.530     0.020     2.303
        78     4.697     0.526     0.000     0.716    -2.441     8.411     4.697  1024.494 21288.074    31.930    10.531     0.020     2.349
        79     4.791     0.533     0.000     0.728    -2.461     8.635     4.791  1024.482 20870.414    31.914    10.531     0.020     2.396
        80     4.887     0.540     0.000     0.740    -2.482     8.862     4.887  1024.470 20460.955    31.899    10.532     0.020     2.444
        81     4.985     0.548     0.000     0.753    -2.503     9.094     4.985  1024.458 20059.534    31.885    10.532     0.020     2.493
        82     5.085     0.555     0.000     0.765    -2.524     9.329     5.085  1024.447 19665.994    31.870    10.532     0.020     2.542
        83     5.187     0.563     0.000     0.778    -2.546     9.569     5.187  1024.436 19280.180    31.856    10.532     0.020     2.593
        84     5.290     0.571     0.000     0.790    -2.567     9.813     5.290  1024.426 18901.940    31.842    10.532     0.020     2.645
        85     5.396     0.578     0.000     0.803    -2.589    10.061     5.396  1024.415 18531.125    31.829    10.532     0.020     2.698
        86     5.504     0.586     0.000     0.815    -2.611    10.313     5.504  1024.405 18167.589    31.816    10.531     0.020     2.752
        87     5.614     0.594     0.000     0.828    -2.634    10.570     5.614  1024.395 17811.189    31.803    10.531     0.020     2.807
        88     5.727     0.602     0.000     0.841    -2.657    10.832     5.727  1024.385 17461.785    31.790    10.530     0.020     2.863
        89     5.841     0.611     0.000     0.853    -2.680    11.097     5.841  1024.376 17119.239    31.778    10.530     0.020     2.921
        90     5.958     0.619     0.000     0.866    -2.703    11.368     5.958  1024.367 16783.417    31.766    10.529     0.020     2.979
        91     6.077     0.627     0.000     0.879    -2.726    11.643     6.077  1024.358 16454.186    31.754    10.528     0.020     3.039
        92     6.199     0.636     0.000     0.892    -2.750    11.923     6.199  1024.349 16131.418    31.743    10.527     0.020     3.100
        93     6.323     0.644     0.000     0.905    -2.774    12.207     6.323  1024.340 15814.984    31.731    10.526     0.020     3.162
        94     6.450     0.653     0.000     0.919    -2.799    12.497     6.450  1024.332 15504.761    31.721    10.525     0.020     3.225
        95     6.579     0.662     0.000     0.932    -2.823    12.791     6.579  1024.324 15200.627    31.710    10.524     0.020     3.289
        96     6.710     0.671     0.000     0.945    -2.848    13.091     6.710  1024.316 14902.461    31.700    10.522     0.020     3.355
        97     6.845     0.680     0.000     0.959    -2.873    13.395     6.845  1024.309 14610.147    31.689    10.521     0.020     3.422
        98     6.981     0.689     0.000     0.972    -2.899    13.705     6.981  1024.301 14323.570    31.679    10.519     0.020     3.491
        99     7.121     0.699     0.000     0.986    -2.924    14.020     7.121  1024.294 14042.617    31.670    10.518     0.020     3.561
       100     7.264     0.708     0.000     0.999    -2.950    14.341     7.264  1024.287 13767.177    31.660    10.516     0.020     3.632
       101     7.409     0.718     0.000     1.013    -2.976    14.667     7.409  1024.280 13497.143    31.651    10.514     0.020     3.704
       102     7.557     0.728     0.000     1.027    -3.003    14.999     7.557  1024.274 13232.407    31.642    10.512     0.020     3.779
       103     7.708     0.738     0.000     1.041    -3.030    15.336     7.708  1024.267 12972.867    31.634    10.510     0.020     3.854
       104     7.863     0.748     0.000     1.055    -3.057    15.679     7.863  1024.261 12718.420    31.625    10.508     0.020     3.931
       105     8.020     0.758     0.000     1.069    -3.084    16.028     8.020  1024.255 12468.965    31.617    10.505     0.020     4.010
       106     8.180     0.769     0.000     1.084    -3.112    16.383     8.180  1024.249 12224.404    31.609    10.503     0.020     4.090
       107     8.344     0.779     0.000     1.098    -3.139    16.745     8.344  1024.243 11984.642    31.601    10.501     0.020     4.172
       108     8.511     0.790     0.000     1.112    -3.168    17.112     8.511  1024.237 11749.584    31.593    10.498     0.020     4.255
       109     8.681     0.801     0.000     1.127    -3.196    17.486     8.681  1024.232 11519.137    31.585    10.496     0.020     4.341
       110     8.855     0.812     0.000     1.142    -3.225    17.866     8.855  1024.226 11293.212    31.577    10.493     0.020     4.427
       111     9.032     0.823     0.000     1.156    -3.254    18.252     9.032  1024.221 11071.720    31.570    10.490     0.020     4.516
       112     9.213     0.834     0.000     1.171    -3.283    18.645     9.213  1024.216 10854.572    31.563    10.487     0.020     4.606
       113     9.397     0.845     0.000     1.186    -3.313    19.045     9.397  1024.211 10641.685    31.556    10.485     0.020     4.699
       114     9.585     0.857     0.000     1.201    -3.343    19.452     9.585  1024.206 10432.975    31.549    10.482     0.020     4.792
       115     9.777     0.868     0.000     1.217    -3.373    19.865     9.777  1024.201 10228.359    31.542    10.479     0.020     4.888
       116     9.972     0.880     0.000     1.232    -3.404    20.286     9.972  1024.197 10027.757    31.535    10.475     0.020     4.986
       117    10.172     0.892     0.000     1.248    -3.435    20.713    10.172  1024.192  9831.090    31.529    10.472     0.020     5.086
       118    10.375     0.904     0.000     1.263    -3.466    21.148    10.375  1024.188  9638.282    31.522    10.469     0.020     5.188
       119    10.583     0.917     0.000     1.279    -3.497    21.590    10.583  1024.183  9449.256    31.516    10.466     0.020     5.291
       120    10.795     0.929     0.000     1.295    -3.529    22.039    10.795  1024.179  9263.938    31.510    10.462     0.020     5.397
       121    11.010     0.942     0.000     1.311    -3.561    22.496    11.010  1024.175  9082.256    31.504    10.459     0.020     5.505
       122    11.231     0.954     0.000     1.327    -3.594    22.961    11.231  1024.171  8904.137    31.498    10.455     0.020     5.615
       123    11.455     0.967     0.000     1.343    -3.626    23.433    11.455  1024.167  8729.513    31.492    10.451     0.020     5.728
       124    11.685     0.981     0.000     1.359    -3.659    23.913    11.685  1024.163  8558.314    31.486    10.447     0.020     5.842
       125    11.918     0.994     0.000     1.376    -3.693    24.401    11.918  1024.159  8390.474    31.480    10.444     0.020     5.959
       126    12.157     1.007     0.000     1.393    -3.726    24.898    12.157  1024.156  8225.926    31.475    10.440     0.020     6.078
       127    12.400     1.021     0.000     1.409    -3.760    25.402    12.400  1024.152  8064.605    31.470    10.436     0.020     6.200
       128    12.648     1.035     0.000     1.426    -3.795    25.915    12.648  1024.149  7906.449    31.464    10.432     0.020     6.324
       129    12.901     1.049     0.000     1.444    -3.829    26.437    12.901  1024.146  7751.396    31.459    10.428     0.020     6.450
       130    13.159     1.063     0.000     1.461    -3.864    26.967    13.159  1024.142  7599.384    31.454    10.423     0.020     6.579
       131    13.422     1.078     0.000     1.478    -3.900    27.506    13.422  1024.139  7450.353    31.449    10.419     0.020     6.711
       132    13.691     1.093     0.000     1.496    -3.935    28.054    13.691  1024.136  7304.246    31.444    10.415     0.020     6.845
       133    13.965     1.108     0.000     1.513    -3.971    28.612    13.965  1024.133  7161.005    31.439    10.410     0.020     6.982
       134    14.244     1.123     0.000     1.531    -4.007    29.178    14.244  1024.130  7020.573    31.435    10.406     0.020     7.122
       135    14.529     1.138     0.000     1.549    -4.044    29.754    14.529  1024.127  6882.896    31.430    10.401     0.020     7.264
       136    14.819     1.154     0.000     1.568    -4.081    30.340    14.819  1024.125  6747.919    31.426    10.396     0.020     7.410
       137    15.116     1.170     0.000     1.586    -4.118    30.935    15.116  1024.122  6615.590    31.421    10.392     0.020     7.558
       138    15.418     1.186     0.000     1.605    -4.156    31.540    15.418  1024.120  6485.857    31.417    10.387     0.020     7.709
       139    15.727     1.202     0.000     1.623    -4.194    32.156    15.727  1024.117  6358.668    31.413    10.382     0.020     7.863
       140    16.041     1.219     0.000     1.642    -4.232    32.782    16.041  1024.115  6233.973    31.408    10.377     0.020     8.021
       141    16.362     1.236     0.000     1.661    -4.270    33.418    16.362  1024.112  6111.725    31.404    10.372     0.020     8.181
       142    16.689     1.253     0.000     1.681    -4.309    34.065    16.689  1024.110  5991.874    31.400    10.367     0.020     8.345
       143    17.023     1.270     0.000     1.700    -4.349    34.722    17.023  1024.108  5874.373    31.396    10.361     0.020     8.512
       144    17.364     1.288     0.000     1.720    -4.388    35.391    17.364  1024.106  5759.178    31.393    10.356     0.020     8.682
       145    17.711     1.306     0.000     1.740    -4.428    36.071    17.711  1024.104  5646.242    31.389    10.351     0.020     8.855
       146    18.065     1.324     0.000     1.760    -4.468    36.763    18.065  1024.102  5535.520    31.385    10.345     0.020     9.033
       147    18.426     1.343     0.000     1.781    -4.509    37.466    18.426  1024.100  5426.971    31.381    10.340     0.020     9.213
       148    18.795     1.362     0.000     1.801    -4.550    38.182    18.795  1024.098  5320.550    31.378    10.334     0.020     9.398
       149    19.171     1.381     0.000     1.822    -4.591    38.909    19.171  1024.096  5216.217    31.374    10.328     0.020     9.585
       150    19.554     1.401     0.000     1.843    -4.633    39.649    19.554  1024.095  5113.929    31.371    10.322     0.020     9.777
       151    19.946     1.420     0.000     1.864    -4.674    40.401    19.946  1024.093  5013.648    31.368    10.317     0.020     9.973
       152    20.344     1.441     0.000     1.886    -4.717    41.166    20.344  1024.091  4915.334    31.364    10.311     0.020    10.172
       153    20.751     1.461     0.000     1.907    -4.759    41.945    20.751  1024.090  4818.948    31.361    10.305     0.020    10.376
       154    21.166     1.482     0.000     1.929    -4.802    42.737    21.166  1024.088  4724.452    31.358    10.298     0.020    10.583
       155    21.590     1.503     0.000     1.952    -4.845    43.542    21.590  1024.087  4631.809    31.355    10.292     0.020    10.795
       156    22.022     1.525     0.000     1.974    -4.888    44.361    22.022  1024.086  4540.984    31.352    10.286     0.020    11.011
       157    22.462     1.547     0.000     1.997    -4.932    45.195    22.462  1024.085  4451.939    31.349    10.280     0.020    11.231
       158    22.911     1.570     0.000     2.020    -4.976    46.043    22.911  1024.083  4364.641    31.346    10.273     0.020    11.456
       159    23.370     1.593     0.000     2.043    -5.021    46.905    23.370  1024.082  4279.055    31.343    10.267     0.020    11.685
       160    23.837     1.616     0.000     2.067    -5.065    47.783    23.837  1024.081  4195.148    31.340    10.260     0.020    11.919
       161    24.314     1.640     0.000     2.091    -5.110    48.676    24.314  1024.080  4112.886    31.337    10.254     0.020    12.157
       162    24.800     1.664     0.000     2.115    -5.155    49.585    24.800  1024.079  4032.237    31.335    10.247     0.020    12.400
       163    25.296     1.689     0.000     2.140    -5.201    50.510    25.296  1024.078  3953.170    31.332    10.240     0.020    12.648
       164    25.802     1.714     0.000     2.165    -5.247    51.451    25.802  1024.077  3875.654    31.330    10.233     0.020    12.901
       165    26.318     1.740     0.000     2.190    -5.293    52.408    26.318  1024.076  3799.657    31.327    10.226     0.020    13.159
       166    26.845     1.766     0.000     2.215    -5.339    53.383    26.845  1024.076  3725.152    31.325    10.219     0.020    13.422
       167    27.381     1.793     0.000     2.241    -5.386    54.375    27.381  1024.075  3652.107    31.322    10.212     0.020    13.691
       168    27.929     1.820     0.000     2.267    -5.432    55.385    27.929  1024.074  3580.495    31.320    10.205     0.020    13.965
       169    28.488     1.848     0.000     2.294    -5.480    56.413    28.488  1024.074  3510.287    31.317    10.198     0.020    14.244
       170    29.057     1.877     0.000     2.321    -5.527    57.459    29.057  1024.073  3441.456    31.315    10.190     0.020    14.529
       171    29.639     1.906     0.000     2.348    -5.574    58.524    29.639  1024.073  3373.974    31.313    10.183     0.020    14.819
       172    30.231     1.936     0.000     2.375    -5.622    59.609    30.231  1024.072  3307.816    31.311    10.176     0.020    15.116
       173    30.836     1.966     0.000     2.403    -5.670    60.713    30.836  1024.072  3242.956    31.308    10.168     0.020    15.418
       174    31.453     1.998     0.000     2.432    -5.718    61.837    31.453  1024.071  3179.367    31.306    10.160     0.020    15.726
       175    32.082     2.030     0.000     2.461    -5.766    62.981    32.082  1024.071  3117.026    31.304    10.153     0.020    16.041
       176    32.724     2.062     0.000     2.490    -5.814    64.146    32.724  1024.071  3055.907    31.302    10.145     0.020    16.362
       177    33.378     2.096     0.000     2.519    -5.862    65.333    33.378  1024.070  2995.986    31.300    10.137     0.020    16.689
       178    34.046     2.130     0.000     2.549    -5.911    66.541    34.046  1024.070  2937.241    31.298    10.129     0.020    17.023
       179    34.726     2.165     0.000     2.580    -5.959    67.771    34.726  1024.070  2879.647    31.296    10.121     0.020    17.363
       180    35.421     2.201     0.000     2.611    -6.008    69.023    35.421  1024.070  2823.183    31.294    10.113     0.020    17.711
       181    36.129     2.238     0.000     2.642    -6.056    70.298    36.129  1024.070  2767.826    31.293    10.105     0.020    18.065
       182    36.852     2.276     0.000     2.674    -6.105    71.596    36.852  1024.070  2713.555    31.291    10.097     0.020    18.426
---------------------------- Plume traps -----------------------------
------------------------- merging happened ---------------------------
       183    37.589     2.315     0.000     2.706    -6.153    72.918    37.589  1024.070  2660.348    31.289    10.089     0.020    18.795
       184    38.236     2.353     0.000     2.734    -6.195    74.076    38.236  1024.070  2615.364    31.288    10.082     0.020    19.118
       185    38.821     2.388     0.000     2.759    -6.231    75.098    38.821  1024.070  2575.956    31.287    10.076     0.020    19.410
       186    39.339     2.422     0.000     2.781    -6.261    75.992    39.339  1024.070  2541.996    31.286    10.071     0.020    19.670
       187    39.816     2.453     0.000     2.800    -6.289    76.801    39.816  1024.071  2511.524    31.286    10.066     0.020    19.908
       188    40.258     2.482     0.000     2.818    -6.314    77.544    40.258  1024.071  2483.957    31.285    10.061     0.020    20.129
       189    40.675     2.511     0.000     2.835    -6.336    78.238    40.675  1024.072  2458.490    31.285    10.057     0.020    20.338
       190    41.071     2.538     0.000     2.850    -6.357    78.891    41.071  1024.072  2434.807    31.285    10.054     0.020    20.536
       191    41.450     2.564     0.000     2.865    -6.377    79.511    41.450  1024.072  2412.570    31.284    10.050     0.020    20.725
       192    41.813     2.590     0.000     2.879    -6.395    80.102    41.813  1024.073  2391.599    31.284    10.047     0.020    20.907
       193    42.164     2.615     0.000     2.893    -6.413    80.668    42.164  1024.073  2371.718    31.284    10.043     0.020    21.082
       194    42.502     2.640     0.000     2.906    -6.429    81.210    42.502  1024.073  2352.807    31.284    10.040     0.020    21.251
       195    42.831     2.664     0.000     2.918    -6.444    81.732    42.831  1024.074  2334.757    31.284    10.037     0.020    21.416
       196    43.150     2.688     0.000     2.930    -6.459    82.236    43.150  1024.074  2317.482    31.284    10.035     0.020    21.575
       197    43.452     2.711     0.000     2.942    -6.473    82.722    43.452  1024.075  2301.365    31.283    10.032     0.020    21.726
       198    43.738     2.733     0.000     2.953    -6.486    83.197    43.738  1024.075  2286.364    31.283    10.029     0.020    21.869
       199    44.008     2.755     0.000     2.964    -6.499    83.666    44.008  1024.075  2272.312    31.283    10.027     0.020    22.004
       200    44.265     2.776     0.000     2.975    -6.512    84.128    44.265  1024.076  2259.131    31.283    10.025     0.020    22.132
       201    44.509     2.796     0.000     2.986    -6.524    84.583    44.509  1024.076  2246.746    31.283    10.023     0.020    22.254
       202    44.740     2.816     0.000     2.997    -6.536    85.032    44.740  1024.076  2235.112    31.283    10.021     0.020    22.370
       203    44.960     2.836     0.000     3.007    -6.548    85.473    44.960  1024.077  2224.177    31.283    10.019     0.020    22.480
       204    45.169     2.854     0.000     3.017    -6.559    85.907    45.169  1024.077  2213.897    31.283    10.017     0.020    22.585
       205    45.367     2.873     0.000     3.028    -6.570    86.334    45.367  1024.077  2204.227    31.283    10.016     0.020    22.684
       206    45.555     2.891     0.000     3.037    -6.580    86.753    45.555  1024.078  2195.127    31.284    10.014     0.020    22.778
       207    45.734     2.909     0.000     3.047    -6.591    87.166    45.734  1024.078  2186.559    31.284    10.013     0.020    22.867
       208    45.903     2.926     0.000     3.057    -6.600    87.572    45.903  1024.078  2178.485    31.284    10.011     0.020    22.952
       209    46.064     2.943     0.000     3.066    -6.610    87.970    46.064  1024.078  2170.873    31.284    10.010     0.020    23.032
       210    46.217     2.959     0.000     3.075    -6.619    88.362    46.217  1024.079  2163.692    31.284    10.009     0.020    23.109
       211    46.363     2.975     0.000     3.084    -6.628    88.747    46.363  1024.079  2156.912    31.284    10.008     0.020    23.181
       212    46.501     2.991     0.000     3.093    -6.637    89.125    46.501  1024.079  2150.505    31.284    10.007     0.020    23.250
       213    46.632     3.006     0.000     3.102    -6.645    89.497    46.632  1024.079  2144.448    31.284    10.006     0.020    23.316
       214    46.757     3.021     0.000     3.111    -6.653    89.863    46.757  1024.079  2138.717    31.284    10.005     0.020    23.379
       215    46.876     3.036     0.000     3.119    -6.661    90.222    46.876  1024.080  2133.289    31.284    10.004     0.020    23.438
       216    46.989     3.050     0.000     3.127    -6.669    90.575    46.989  1024.080  2128.145    31.284    10.003     0.020    23.495
       217    47.097     3.064     0.000     3.136    -6.676    90.922    47.097  1024.080  2123.265    31.284    10.002     0.020    23.549
       218    47.200     3.078     0.000     3.144    -6.683    91.263    47.200  1024.080  2118.634    31.284    10.001     0.020    23.600
       219    47.298     3.092     0.000     3.151    -6.690    91.599    47.298  1024.080  2114.235    31.284    10.000     0.020    23.649
       220    47.392     3.105     0.000     3.159    -6.697    91.929    47.392  1024.081  2110.052    31.284    10.000     0.020    23.696
       221    47.482     3.118     0.000     3.167    -6.704    92.254    47.482  1024.081  2106.073    31.284     9.999     0.020    23.741
       222    47.567     3.131     0.000     3.174    -6.710    92.573    47.567  1024.081  2102.284    31.284     9.998     0.020    23.784
       223    47.649     3.144     0.000     3.182    -6.716    92.887    47.649  1024.081  2098.674    31.284     9.998     0.020    23.825
       224    47.727     3.156     0.000     3.189    -6.722    93.197    47.727  1024.081  2095.231    31.285     9.997     0.020    23.864
       225    47.802     3.168     0.000     3.196    -6.728    93.501    47.802  1024.081  2091.946    31.285     9.996     0.020    23.901
       226    47.874     3.180     0.000     3.203    -6.733    93.801    47.874  1024.081  2088.809    31.285     9.996     0.020    23.937
       227    47.943     3.192     0.000     3.210    -6.739    94.096    47.943  1024.082  2085.811    31.285     9.995     0.020    23.971
       228    48.009     3.203     0.000     3.217    -6.744    94.387    48.009  1024.082  2082.945    31.285     9.995     0.020    24.004
       229    48.072     3.215     0.000     3.224    -6.749    94.674    48.072  1024.082  2080.202    31.285     9.994     0.020    24.036
       230    48.133     3.226     0.000     3.230    -6.754    94.956    48.133  1024.082  2077.576    31.285     9.994     0.020    24.067
       231    48.191     3.237     0.000     3.237    -6.759    95.235    48.191  1024.082  2075.059    31.285     9.993     0.020    24.096
       232    48.247     3.247     0.000     3.243    -6.764    95.509    48.247  1024.082  2072.647    31.285     9.993     0.020    24.124
       233    48.301     3.258     0.000     3.250    -6.768    95.780    48.301  1024.082  2070.333    31.285     9.993     0.020    24.151
       234    48.353     3.268     0.000     3.256    -6.772    96.046    48.353  1024.082  2068.112    31.285     9.992     0.020    24.177
       235    48.403     3.279     0.000     3.262    -6.777    96.310    48.403  1024.082  2065.980    31.285     9.992     0.020    24.202
       236    48.451     3.289     0.000     3.268    -6.781    96.569    48.451  1024.083  2063.930    31.285     9.991     0.020    24.226
       237    48.498     3.299     0.000     3.274    -6.785    96.826    48.498  1024.083  2061.960    31.285     9.991     0.020    24.249
       238    48.542     3.308     0.000     3.280    -6.789    97.079    48.542  1024.083  2060.065    31.285     9.991     0.020    24.271
       239    48.585     3.318     0.000     3.286    -6.793    97.329    48.585  1024.083  2058.242    31.285     9.990     0.020    24.293
       240    48.627     3.327     0.000     3.292    -6.796    97.576    48.627  1024.083  2056.486    31.285     9.990     0.020    24.313
       241    48.667     3.336     0.000     3.297    -6.800    97.819    48.667  1024.083  2054.795    31.285     9.990     0.020    24.333
       242    48.705     3.346     0.000     3.303    -6.804    98.060    48.705  1024.083  2053.166    31.285     9.990     0.020    24.353
       243    48.743     3.354     0.000     3.308    -6.807    98.298    48.743  1024.083  2051.595    31.285     9.989     0.020    24.371
       244    48.779     3.363     0.000     3.314    -6.810    98.533    48.779  1024.083  2050.080    31.285     9.989     0.020    24.389
       245    48.813     3.372     0.000     3.319    -6.814    98.766    48.813  1024.083  2048.618    31.285     9.989     0.020    24.407
       246    48.847     3.380     0.000     3.325    -6.817    98.996    48.847  1024.083  2047.207    31.285     9.989     0.020    24.424
       247    48.880     3.389     0.000     3.330    -6.820    99.223    48.880  1024.083  2045.845    31.286     9.988     0.020    24.440
       248    48.911     3.397     0.000     3.335    -6.823    99.448    48.911  1024.083  2044.530    31.286     9.988     0.020    24.456
       249    48.941     3.405     0.000     3.341    -6.826    99.671    48.941  1024.084  2043.259    31.286     9.988     0.020    24.471
       250    48.971     3.413     0.000     3.346    -6.829    99.891    48.971  1024.084  2042.030    31.286     9.988     0.020    24.485
       251    48.999     3.421     0.000     3.351    -6.831   100.109    48.999  1024.084  2040.843    31.286     9.987     0.020    24.500
       252    49.027     3.429     0.000     3.356    -6.834   100.325    49.027  1024.084  2039.694    31.286     9.987     0.020    24.513
       253    49.054     3.436     0.000     3.361    -6.837   100.538    49.054  1024.084  2038.584    31.286     9.987     0.020    24.527
       254    49.080     3.444     0.000     3.366    -6.839   100.750    49.080  1024.084  2037.509    31.286     9.987     0.020    24.540
       255    49.105     3.451     0.000     3.371    -6.842   100.959    49.105  1024.084  2036.469    31.286     9.987     0.020    24.552
       256    49.129     3.458     0.000     3.375    -6.844   101.167    49.129  1024.084  2035.463    31.286     9.986     0.020    24.564
       257    49.152     3.465     0.000     3.380    -6.846   101.373    49.152  1024.084  2034.488    31.286     9.986     0.020    24.576
       258    49.175     3.472     0.000     3.385    -6.849   101.576    49.175  1024.084  2033.544    31.286     9.986     0.020    24.588
       259    49.197     3.479     0.000     3.390    -6.851   101.778    49.197  1024.084  2032.630    31.286     9.986     0.020    24.599
       260    49.219     3.486     0.000     3.394    -6.853   101.979    49.219  1024.084  2031.745    31.286     9.986     0.020    24.609
       261    49.240     3.492     0.000     3.399    -6.855   102.177    49.240  1024.084  2030.888    31.286     9.986     0.020    24.620
       262    49.260     3.499     0.000     3.404    -6.857   102.374    49.260  1024.084  2030.057    31.286     9.985     0.020    24.630
       263    49.279     3.505     0.000     3.408    -6.859   102.570    49.279  1024.084  2029.252    31.286     9.985     0.020    24.640
       264    49.298     3.511     0.000     3.413    -6.861   102.763    49.298  1024.084  2028.471    31.286     9.985     0.020    24.649
       265    49.317     3.517     0.000     3.417    -6.863   102.956    49.317  1024.084  2027.715    31.286     9.985     0.020    24.658
       266    49.334     3.523     0.000     3.422    -6.865   103.146    49.334  1024.084  2026.982    31.286     9.985     0.020    24.667
       267    49.352     3.529     0.000     3.426    -6.866   103.336    49.352  1024.084  2026.272    31.286     9.985     0.020    24.676
       268    49.369     3.535     0.000     3.431    -6.868   103.524    49.369  1024.084  2025.583    31.286     9.985     0.020    24.684
       269    49.385     3.540     0.000     3.435    -6.870   103.710    49.385  1024.084  2024.915    31.286     9.984     0.020    24.692
       270    49.401     3.546     0.000     3.439    -6.871   103.896    49.401  1024.084  2024.268    31.286     9.984     0.020    24.700
       271    49.416     3.551     0.000     3.443    -6.873   104.080    49.416  1024.085  2023.641    31.286     9.984     0.020    24.708
       272    49.431     3.557     0.000     3.448    -6.875   104.263    49.431  1024.085  2023.033    31.286     9.984     0.020    24.715
       273    49.445     3.562     0.000     3.452    -6.876   104.444    49.445  1024.085  2022.444    31.286     9.984     0.020    24.723
       274    49.459     3.567     0.000     3.456    -6.878   104.625    49.459  1024.085  2021.873    31.286     9.984     0.020    24.730
       275    49.473     3.572     0.000     3.460    -6.879   104.804    49.473  1024.085  2021.319    31.286     9.984     0.020    24.736
       276    49.486     3.577     0.000     3.465    -6.880   104.982    49.486  1024.085  2020.783    31.286     9.984     0.020    24.743
       277    49.498     3.581     0.000     3.469    -6.882   105.159    49.498  1024.085  2020.264    31.286     9.984     0.020    24.749
       278    49.511     3.586     0.000     3.473    -6.883   105.335    49.511  1024.085  2019.760    31.286     9.984     0.020    24.755
       279    49.523     3.591     0.000     3.477    -6.884   105.511    49.523  1024.085  2019.273    31.286     9.983     0.020    24.761
       280    49.534     3.595     0.000     3.481    -6.885   105.685    49.534  1024.085  2018.801    31.286     9.983     0.020    24.767
       281    49.546     3.599     0.000     3.485    -6.887   105.858    49.546  1024.085  2018.344    31.286     9.983     0.020    24.773
       282    49.556     3.603     0.000     3.489    -6.888   106.030    49.556  1024.085  2017.902    31.286     9.983     0.020    24.778
       283    49.567     3.607     0.000     3.493    -6.889   106.202    49.567  1024.085  2017.474    31.286     9.983     0.020    24.783
       284    49.577     3.611     0.000     3.497    -6.890   106.372    49.577  1024.085  2017.061    31.286     9.983     0.020    24.789
       285    49.587     3.615     0.000     3.501    -6.891   106.542    49.587  1024.085  2016.661    31.286     9.983     0.020    24.793
       286    49.596     3.619     0.000     3.505    -6.892   106.711    49.596  1024.085  2016.274    31.286     9.983     0.020    24.798
       287    49.606     3.623     0.000     3.509    -6.893   106.879    49.606  1024.085  2015.900    31.286     9.983     0.020    24.803
       288    49.615     3.626     0.000     3.513    -6.894   107.046    49.615  1024.085  2015.540    31.286     9.983     0.020    24.807
       289    49.623     3.630     0.000     3.517    -6.895   107.213    49.623  1024.085  2015.191    31.286     9.983     0.020    24.812
       290    49.631     3.633     0.000     3.520    -6.896   107.379    49.631  1024.085  2014.856    31.286     9.983     0.020    24.816
       291    49.639     3.636     0.000     3.524    -6.896   107.544    49.639  1024.085  2014.532    31.286     9.983     0.020    24.820
       292    49.647     3.639     0.000     3.528    -6.897   107.709    49.647  1024.085  2014.220    31.286     9.983     0.020    24.824
       293    49.654     3.642     0.000     3.532    -6.898   107.873    49.654  1024.085  2013.920    31.286     9.982     0.020    24.827
       294    49.662     3.645     0.000     3.536    -6.899   108.037    49.662  1024.085  2013.631    31.286     9.982     0.020    24.831
       295    49.668     3.648     0.000     3.540    -6.899   108.200    49.668  1024.085  2013.353    31.286     9.982     0.020    24.834
       296    49.675     3.651     0.000     3.543    -6.900   108.362    49.675  1024.085  2013.087    31.286     9.982     0.020    24.837
       297    49.681     3.654     0.000     3.547    -6.901   108.524    49.681  1024.085  2012.831    31.286     9.982     0.020    24.841
       298    49.687     3.656     0.000     3.551    -6.901   108.685    49.687  1024.085  2012.586    31.286     9.982     0.020    24.844
       299    49.693     3.658     0.000     3.555    -6.902   108.846    49.693  1024.085  2012.351    31.286     9.982     0.020    24.847
       300    49.699     3.661     0.000     3.558    -6.903   109.006    49.699  1024.085  2012.127    31.286     9.982     0.020    24.849
       301    49.704     3.663     0.000     3.562    -6.903   109.166    49.704  1024.085  2011.913    31.286     9.982     0.020    24.852
       302    49.709     3.665     0.000     3.566    -6.904   109.326    49.709  1024.085  2011.709    31.286     9.982     0.020    24.854
       303    49.714     3.667     0.000     3.570    -6.904   109.485    49.714  1024.085  2011.515    31.286     9.982     0.020    24.857
       304    49.718     3.669     0.000     3.573    -6.905   109.644    49.718  1024.085  2011.331    31.287     9.982     0.020    24.859
       305    49.723     3.671     0.000     3.577    -6.905   109.802    49.723  1024.085  2011.156    31.287     9.982     0.020    24.861
       306    49.727     3.673     0.000     3.581    -6.905   109.960    49.727  1024.085  2010.991    31.287     9.982     0.020    24.863
       307    49.731     3.674     0.000     3.584    -6.906   110.118    49.731  1024.085  2010.835    31.287     9.982     0.020    24.865
       308    49.734     3.676     0.000     3.588    -6.906   110.275    49.734  1024.085  2010.689    31.287     9.982     0.020    24.867
       309    49.738     3.677     0.000     3.592    -6.906   110.432    49.738  1024.085  2010.552    31.287     9.982     0.020    24.869
       310    49.741     3.678     0.000     3.595    -6.907   110.589    49.741  1024.085  2010.424    31.287     9.982     0.020    24.870
       311    49.744     3.680     0.000     3.599    -6.907   110.746    49.744  1024.085  2010.306    31.287     9.982     0.020    24.872
       312    49.746     3.681     0.000     3.603    -6.907   110.903    49.746  1024.085  2010.196    31.287     9.982     0.020    24.873
       313    49.749     3.682     0.000     3.606    -6.907   111.059    49.749  1024.085  2010.095    31.287     9.982     0.020    24.874
       314    49.751     3.683     0.000     3.610    -6.908   111.215    49.751  1024.085  2010.003    31.287     9.982     0.020    24.876
       315    49.753     3.683     0.000     3.614    -6.908   111.371    49.753  1024.085  2009.920    31.287     9.982     0.020    24.877
       316    49.755     3.684     0.000     3.617    -6.908   111.527    49.755  1024.085  2009.845    31.287     9.982     0.020    24.878
       317    49.757     3.685     0.000     3.621    -6.908   111.682    49.757  1024.085  2009.779    31.287     9.982     0.020    24.878
       318    49.758     3.685     0.000     3.624    -6.908   111.838    49.758  1024.085  2009.721    31.287     9.982     0.020    24.879
       319    49.759     3.686     0.000     3.628    -6.908   111.993    49.759  1024.085  2009.671    31.287     9.982     0.020    24.880
       320    49.760     3.686     0.000     3.632    -6.908   112.149    49.760  1024.085  2009.629    31.287     9.982     0.020    24.880
       321    49.761     3.686     0.000     3.635    -6.908   112.304    49.761  1024.085  2009.594    31.287     9.982     0.020    24.881
---------------------- Local maximum rise or fall --------------------
       322    49.762     3.686     0.000     3.639    -6.908   112.459    49.762  1024.085  2009.564    31.287     9.982     0.020    24.881
       323    49.763     3.686     0.000     3.643    -6.908   112.615    49.763  1024.085  2009.542    31.287     9.982     0.020    24.881
       324    49.763     3.686     0.000     3.646    -6.908   112.770    49.763  1024.085  2009.525    31.287     9.982     0.020    24.882
       325    49.763     3.686     0.000     3.650    -6.908   112.925    49.763  1024.085  2009.509    31.287     9.982     0.020    24.882
       326    49.764     3.686     0.000     3.653    -6.908   113.081    49.764  1024.085  2009.492    31.287     9.982     0.020    24.882
       327    49.764     3.685     0.000     3.657    -6.908   113.236    49.764  1024.085  2009.473    31.287     9.982     0.020    24.882
       328    49.765     3.685     0.000     3.661    -6.908   113.392    49.765  1024.085  2009.452    31.287     9.982     0.020    24.882
       329    49.765     3.684     0.000     3.664    -6.907   113.548    49.765  1024.085  2009.429    31.287     9.982     0.020    24.883
       330    49.766     3.684     0.000     3.668    -6.907   113.704    49.766  1024.085  2009.405    31.287     9.982     0.020    24.883
       331    49.767     3.683     0.000     3.672    -6.907   113.860    49.767  1024.085  2009.378    31.287     9.982     0.020    24.883
       332    49.767     3.682     0.000     3.675    -6.907   114.016    49.767  1024.085  2009.349    31.287     9.982     0.020    24.884
       333    49.768     3.681     0.000     3.679    -6.906   114.172    49.768  1024.085  2009.318    31.287     9.982     0.020    24.884
       334    49.769     3.680     0.000     3.683    -6.906   114.329    49.769  1024.085  2009.285    31.287     9.982     0.020    24.884
       335    49.770     3.679     0.000     3.686    -6.906   114.485    49.770  1024.085  2009.249    31.287     9.982     0.020    24.885
       336    49.771     3.678     0.000     3.690    -6.905   114.643    49.771  1024.085  2009.211    31.287     9.982     0.020    24.885
       337    49.772     3.677     0.000     3.693    -6.905   114.800    49.772  1024.085  2009.171    31.287     9.982     0.020    24.886
       338    49.773     3.676     0.000     3.697    -6.904   114.958    49.773  1024.085  2009.128    31.287     9.982     0.020    24.886
       339    49.774     3.674     0.000     3.701    -6.904   115.116    49.774  1024.085  2009.083    31.287     9.982     0.020    24.887
       340    49.775     3.673     0.000     3.705    -6.903   115.274    49.775  1024.085  2009.035    31.287     9.982     0.020    24.888
       341    49.776     3.671     0.000     3.708    -6.903   115.433    49.776  1024.085  2008.985    31.287     9.982     0.020    24.888
       342    49.778     3.669     0.000     3.712    -6.902   115.592    49.778  1024.085  2008.932    31.287     9.982     0.020    24.889
       343    49.779     3.668     0.000     3.716    -6.902   115.751    49.779  1024.085  2008.876    31.287     9.982     0.020    24.890
       344    49.781     3.666     0.000     3.719    -6.901   115.911    49.781  1024.085  2008.818    31.287     9.982     0.020    24.890
       345    49.782     3.664     0.000     3.723    -6.901   116.072    49.782  1024.085  2008.757    31.287     9.982     0.020    24.891
       346    49.784     3.662     0.000     3.727    -6.900   116.233    49.784  1024.085  2008.693    31.287     9.982     0.020    24.892
       347    49.785     3.660     0.000     3.731    -6.899   116.394    49.785  1024.085  2008.626    31.287     9.982     0.020    24.893
       348    49.787     3.658     0.000     3.734    -6.899   116.556    49.787  1024.085  2008.556    31.287     9.982     0.020    24.894
       349    49.789     3.655     0.000     3.738    -6.898   116.719    49.789  1024.085  2008.482    31.287     9.982     0.020    24.894
       350    49.791     3.653     0.000     3.742    -6.897   116.882    49.791  1024.085  2008.406    31.287     9.981     0.020    24.895
       351    49.793     3.650     0.000     3.746    -6.896   117.046    49.793  1024.085  2008.326    31.287     9.981     0.020    24.896
       352    49.795     3.648     0.000     3.750    -6.895   117.210    49.795  1024.085  2008.243    31.287     9.981     0.020    24.897
       353    49.797     3.645     0.000     3.754    -6.895   117.375    49.797  1024.085  2008.157    31.287     9.981     0.020    24.898
       354    49.799     3.643     0.000     3.757    -6.894   117.541    49.799  1024.085  2008.066    31.287     9.981     0.020    24.900
       355    49.801     3.640     0.000     3.761    -6.893   117.708    49.801  1024.085  2007.973    31.287     9.981     0.020    24.901
       356    49.804     3.637     0.000     3.765    -6.892   117.875    49.804  1024.085  2007.875    31.287     9.981     0.020    24.902
       357    49.806     3.634     0.000     3.769    -6.891   118.043    49.806  1024.085  2007.773    31.287     9.981     0.020    24.903
       358    49.809     3.631     0.000     3.773    -6.890   118.212    49.809  1024.085  2007.667    31.287     9.981     0.020    24.905
       359    49.812     3.628     0.000     3.777    -6.889   118.381    49.812  1024.085  2007.557    31.287     9.981     0.020    24.906
       360    49.815     3.624     0.000     3.781    -6.888   118.552    49.815  1024.085  2007.443    31.287     9.981     0.020    24.907
       361    49.818     3.621     0.000     3.785    -6.886   118.723    49.818  1024.085  2007.324    31.287     9.981     0.020    24.909
       362    49.821     3.618     0.000     3.789    -6.885   118.896    49.821  1024.085  2007.201    31.287     9.981     0.020    24.910
       363    49.824     3.614     0.000     3.793    -6.884   119.069    49.824  1024.085  2007.072    31.287     9.981     0.020    24.912
       364    49.827     3.611     0.000     3.797    -6.883   119.243    49.827  1024.085  2006.939    31.287     9.981     0.020    24.914
       365    49.831     3.607     0.000     3.801    -6.882   119.419    49.831  1024.085  2006.800    31.287     9.981     0.020    24.915
       366    49.834     3.603     0.000     3.805    -6.880   119.595    49.834  1024.085  2006.656    31.287     9.981     0.020    24.917
       367    49.838     3.599     0.000     3.809    -6.879   119.773    49.838  1024.085  2006.507    31.287     9.981     0.020    24.919
       368    49.842     3.595     0.000     3.814    -6.877   119.952    49.842  1024.085  2006.351    31.287     9.981     0.020    24.921
       369    49.846     3.591     0.000     3.818    -6.876   120.132    49.846  1024.085  2006.190    31.287     9.981     0.020    24.923
       370    49.850     3.587     0.000     3.822    -6.875   120.313    49.850  1024.085  2006.022    31.287     9.981     0.020    24.925
       371    49.854     3.583     0.000     3.826    -6.873   120.495    49.854  1024.085  2005.848    31.287     9.981     0.020    24.927
       372    49.859     3.579     0.000     3.831    -6.871   120.679    49.859  1024.085  2005.667    31.287     9.981     0.020    24.929
       373    49.863     3.575     0.000     3.835    -6.870   120.864    49.863  1024.085  2005.479    31.287     9.981     0.020    24.932
       374    49.868     3.570     0.000     3.839    -6.868   121.050    49.868  1024.085  2005.283    31.287     9.981     0.020    24.934
       375    49.873     3.566     0.000     3.844    -6.866   121.238    49.873  1024.085  2005.080    31.287     9.981     0.020    24.937
       376    49.879     3.561     0.000     3.848    -6.865   121.428    49.879  1024.086  2004.868    31.287     9.981     0.020    24.939
       377    49.884     3.556     0.000     3.852    -6.863   121.619    49.884  1024.086  2004.648    31.287     9.981     0.020    24.942
       378    49.890     3.552     0.000     3.857    -6.861   121.811    49.890  1024.086  2004.420    31.287     9.981     0.020    24.945
       379    49.896     3.547     0.000     3.861    -6.859   122.005    49.896  1024.086  2004.182    31.287     9.981     0.020    24.948
       380    49.902     3.542     0.000     3.866    -6.857   122.201    49.902  1024.086  2003.935    31.287     9.981     0.020    24.951
       381    49.908     3.537     0.000     3.871    -6.855   122.399    49.908  1024.086  2003.677    31.287     9.981     0.020    24.954
       382    49.915     3.532     0.000     3.875    -6.853   122.598    49.915  1024.086  2003.409    31.287     9.981     0.020    24.957
       383    49.922     3.527     0.000     3.880    -6.851   122.799    49.922  1024.086  2003.130    31.287     9.981     0.020    24.961
       384    49.929     3.521     0.000     3.885    -6.849   123.003    49.929  1024.086  2002.839    31.287     9.980     0.020    24.965
       385    49.937     3.516     0.000     3.889    -6.846   123.208    49.937  1024.086  2002.536    31.287     9.980     0.020    24.968
       386    49.945     3.511     0.000     3.894    -6.844   123.415    49.945  1024.086  2002.221    31.287     9.980     0.020    24.972
       387    49.953     3.505     0.000     3.899    -6.842   123.624    49.953  1024.086  2001.892    31.287     9.980     0.020    24.976
       388    49.961     3.499     0.000     3.904    -6.839   123.836    49.961  1024.086  2001.548    31.287     9.980     0.020    24.981
       389    49.970     3.494     0.000     3.909    -6.837   124.050    49.970  1024.086  2001.190    31.287     9.980     0.020    24.985
       390    49.980     3.488     0.000     3.914    -6.834   124.266    49.980  1024.086  2000.816    31.287     9.980     0.020    24.990
       391    49.989     3.482     0.000     3.919    -6.831   124.485    49.989  1024.086  2000.426    31.287     9.980     0.020    24.995
       392    50.000     3.476     0.000     3.924    -6.828   124.706    50.000  1024.086  2000.018    31.287     9.980     0.020    25.000
       393    50.010     3.470     0.000     3.930    -6.826   124.930    50.010  1024.086  1999.592    31.287     9.980     0.020    25.005
       394    50.021     3.464     0.000     3.935    -6.823   125.156    50.021  1024.086  1999.146    31.287     9.980     0.020    25.011
       395    50.033     3.458     0.000     3.940    -6.820   125.386    50.033  1024.086  1998.680    31.287     9.980     0.020    25.017
       396    50.045     3.452     0.000     3.946    -6.817   125.618    50.045  1024.086  1998.192    31.287     9.980     0.020    25.023
       397    50.058     3.446     0.000     3.951    -6.813   125.853    50.058  1024.086  1997.681    31.287     9.980     0.020    25.029
       398    50.071     3.439     0.000     3.957    -6.810   126.092    50.071  1024.086  1997.146    31.287     9.979     0.020    25.036
       399    50.086     3.433     0.000     3.962    -6.807   126.334    50.086  1024.086  1996.584    31.287     9.979     0.020    25.043
       400    50.100     3.427     0.000     3.968    -6.803   126.579    50.100  1024.086  1995.995    31.287     9.979     0.020    25.050
       401    50.116     3.420     0.000     3.974    -6.800   126.828    50.116  1024.086  1995.376    31.287     9.979     0.020    25.058
       402    50.132     3.413     0.000     3.980    -6.796   127.080    50.132  1024.086  1994.727    31.287     9.979     0.020    25.066
       403    50.149     3.407     0.000     3.986    -6.792   127.336    50.149  1024.086  1994.044    31.287     9.979     0.020    25.075
       404    50.167     3.400     0.000     3.992    -6.788   127.596    50.167  1024.086  1993.325    31.287     9.979     0.020    25.084
       405    50.186     3.393     0.000     3.998    -6.784   127.861    50.186  1024.086  1992.569    31.287     9.979     0.020    25.093
       406    50.207     3.386     0.000     4.004    -6.780   128.130    50.207  1024.086  1991.771    31.287     9.978     0.020    25.103
       407    50.228     3.380     0.000     4.010    -6.776   128.403    50.228  1024.086  1990.930    31.287     9.978     0.020    25.114
       408    50.250     3.373     0.000     4.017    -6.771   128.681    50.250  1024.086  1990.043    31.287     9.978     0.020    25.125
       409    50.274     3.366     0.000     4.024    -6.767   128.964    50.274  1024.086  1989.105    31.287     9.978     0.020    25.137
       410    50.299     3.359     0.000     4.030    -6.762   129.252    50.299  1024.086  1988.113    31.287     9.978     0.020    25.149
       411    50.326     3.351     0.000     4.037    -6.757   129.546    50.326  1024.086  1987.063    31.287     9.978     0.020    25.163
       412    50.354     3.344     0.000     4.044    -6.752   129.846    50.354  1024.086  1985.950    31.287     9.977     0.020    25.177
       413    50.384     3.337     0.000     4.051    -6.747   130.151    50.384  1024.086  1984.769    31.287     9.977     0.020    25.192
       414    50.416     3.330     0.000     4.058    -6.741   130.463    50.416  1024.087  1983.514    31.287     9.977     0.020    25.208
       415    50.450     3.323     0.000     4.066    -6.736   130.782    50.450  1024.087  1982.179    31.287     9.977     0.020    25.225
       416    50.486     3.315     0.000     4.073    -6.730   131.108    50.486  1024.087  1980.756    31.287     9.977     0.020    25.243
       417    50.524     3.308     0.000     4.081    -6.724   131.441    50.524  1024.087  1979.238    31.287     9.976     0.020    25.262
       418    50.566     3.301     0.000     4.089    -6.717   131.783    50.566  1024.087  1977.615    31.287     9.976     0.020    25.283
       419    50.610     3.294     0.000     4.097    -6.711   132.133    50.610  1024.087  1975.878    31.287     9.976     0.020    25.305
       420    50.658     3.287     0.000     4.106    -6.704   132.492    50.658  1024.087  1974.014    31.287     9.975     0.020    25.329
       421    50.710     3.279     0.000     4.114    -6.697   132.861    50.710  1024.087  1972.011    31.287     9.975     0.020    25.355
       422    50.765     3.272     0.000     4.123    -6.689   133.241    50.765  1024.087  1969.852    31.287     9.975     0.020    25.383
       423    50.825     3.265     0.000     4.132    -6.682   133.631    50.825  1024.087  1967.520    31.287     9.974     0.020    25.413
       424    50.891     3.258     0.000     4.142    -6.674   134.034    50.891  1024.087  1964.995    31.288     9.974     0.020    25.445
       425    50.962     3.251     0.000     4.151    -6.665   134.451    50.962  1024.087  1962.251    31.288     9.973     0.020    25.481
       426    51.040     3.245     0.000     4.161    -6.656   134.882    51.040  1024.087  1959.260    31.288     9.973     0.020    25.520
       427    51.125     3.238     0.000     4.172    -6.647   135.329    51.125  1024.088  1955.988    31.288     9.972     0.020    25.563
       428    51.219     3.232     0.000     4.182    -6.637   135.793    51.219  1024.088  1952.391    31.288     9.972     0.020    25.610
       429    51.324     3.225     0.000     4.194    -6.627   136.277    51.324  1024.088  1948.419    31.288     9.971     0.020    25.662
       430    51.440     3.220     0.000     4.205    -6.616   136.783    51.440  1024.088  1944.006    31.288     9.970     0.020    25.720
       431    51.571     3.214     0.000     4.218    -6.604   137.314    51.571  1024.088  1939.069    31.288     9.969     0.020    25.786
       432    51.720     3.209     0.000     4.231    -6.592   137.874    51.720  1024.088  1933.500    31.288     9.968     0.020    25.860
       433    51.890     3.205     0.000     4.244    -6.578   138.468    51.890  1024.089  1927.154    31.288     9.967     0.020    25.945
       434    52.088     3.202     0.000     4.259    -6.564   139.101    52.088  1024.089  1919.829    31.288     9.966     0.020    26.044
       435    52.322     3.200     0.000     4.275    -6.548   139.783    52.322  1024.089  1911.231    31.288     9.965     0.020    26.161
       436    52.584     3.199     0.000     4.292    -6.531   140.527    52.584  1024.089  1901.728    31.288     9.963     0.020    26.292
       437    52.870     3.198     0.000     4.311    -6.512   141.330    52.870  1024.090  1891.446    31.288     9.961     0.020    26.435
       438    53.184     3.198     0.000     4.331    -6.491   142.201    53.184  1024.090  1880.263    31.288     9.959     0.020    26.592
       439    53.535     3.199     0.000     4.353    -6.467   143.158    53.535  1024.090  1867.924    31.288     9.957     0.020    26.768
       440    53.941     3.202     0.000     4.377    -6.441   144.226    53.941  1024.091  1853.863    31.288     9.955     0.020    26.971
       441    54.427     3.208     0.000     4.406    -6.411   145.454    54.427  1024.091  1837.335    31.288     9.952     0.020    27.213
       442    55.029     3.217     0.000     4.439    -6.374   146.914    55.029  1024.091  1817.212    31.288     9.949     0.020    27.515
       443    55.822     3.233     0.000     4.482    -6.328   148.754    55.822  1024.092  1791.415    31.287     9.945     0.020    27.911
       444    56.938     3.259     0.000     4.538    -6.265   151.234    56.938  1024.092  1756.290    31.287     9.939     0.020    28.469
       445    58.077     3.289     0.000     4.594    -6.204   153.657    58.077  1024.093  1721.854    31.286     9.934     0.020    29.038
       446    59.238     3.326     0.000     4.648    -6.144   156.053    59.238  1024.093  1688.092    31.285     9.929     0.020    29.619
       447    60.423     3.371     0.000     4.701    -6.086   158.393    60.423  1024.093  1654.992    31.284     9.924     0.020    30.212
---------------------------- Plume traps -----------------------------
       448    61.491     3.420     0.000     4.747    -6.038   160.396    61.491  1024.093  1626.243    31.283     9.919     0.020    30.746
       449    62.244     3.464     0.000     4.777    -6.007   161.715    62.244  1024.093  1606.576    31.283     9.917     0.020    31.122
       450    62.866     3.501     0.000     4.799    -5.984   162.688    62.866  1024.093  1590.681    31.282     9.914     0.020    31.433
       451    63.388     3.533     0.000     4.816    -5.967   163.460    63.388  1024.092  1577.594    31.281     9.912     0.020    31.694
       452    63.815     3.561     0.000     4.832    -5.952   164.143    63.815  1024.092  1567.028    31.281     9.911     0.020    31.908
       453    64.230     3.587     0.000     4.847    -5.937   164.824    64.230  1024.092  1556.915    31.280     9.910     0.020    32.115
       454    64.619     3.611     0.000     4.862    -5.922   165.504    64.619  1024.092  1547.524    31.280     9.908     0.020    32.310
       455    65.005     3.635     0.000     4.878    -5.907   166.189    65.005  1024.092  1538.334    31.279     9.907     0.020    32.503
       456    65.376     3.659     0.000     4.893    -5.893   166.868    65.376  1024.091  1529.621    31.279     9.906     0.020    32.688
       457    65.738     3.683     0.000     4.908    -5.879   167.545    65.738  1024.091  1521.192    31.278     9.905     0.020    32.869
       458    66.087     3.706     0.000     4.923    -5.865   168.217    66.087  1024.091  1513.162    31.278     9.904     0.020    33.043
       459    66.426     3.728     0.000     4.938    -5.852   168.885    66.426  1024.091  1505.438    31.277     9.903     0.020    33.213
       460    66.753     3.751     0.000     4.953    -5.838   169.547    66.753  1024.091  1498.057    31.277     9.902     0.020    33.377
       461    67.070     3.772     0.000     4.968    -5.826   170.205    67.070  1024.091  1490.973    31.277     9.901     0.020    33.535
       462    67.377     3.794     0.000     4.983    -5.813   170.858    67.377  1024.091  1484.191    31.276     9.900     0.020    33.688
       463    67.673     3.815     0.000     4.997    -5.801   171.506    67.673  1024.090  1477.689    31.276     9.900     0.020    33.837
       464    67.960     3.835     0.000     5.012    -5.789   172.149    67.960  1024.090  1471.459    31.276     9.899     0.020    33.980
       465    68.237     3.855     0.000     5.026    -5.777   172.786    68.237  1024.090  1465.488    31.275     9.898     0.020    34.118
       466    68.504     3.875     0.000     5.040    -5.765   173.418    68.504  1024.090  1459.764    31.275     9.898     0.020    34.252
       467    68.763     3.894     0.000     5.054    -5.754   174.045    68.763  1024.090  1454.276    31.275     9.897     0.020    34.381
       468    69.012     3.913     0.000     5.068    -5.743   174.666    69.012  1024.090  1449.015    31.275     9.897     0.020    34.506
       469    69.254     3.932     0.000     5.082    -5.732   175.282    69.254  1024.090  1443.970    31.274     9.896     0.020    34.627
       470    69.486     3.950     0.000     5.096    -5.722   175.892    69.486  1024.090  1439.130    31.274     9.896     0.020    34.743
       471    69.711     3.968     0.000     5.109    -5.712   176.497    69.711  1024.089  1434.488    31.274     9.895     0.020    34.856
       472    69.928     3.986     0.000     5.123    -5.702   177.096    69.928  1024.089  1430.033    31.274     9.895     0.020    34.964
       473    70.138     4.003     0.000     5.136    -5.692   177.690    70.138  1024.089  1425.758    31.273     9.894     0.020    35.069
       474    70.341     4.020     0.000     5.149    -5.682   178.278    70.341  1024.089  1421.654    31.273     9.894     0.020    35.170
       475    70.536     4.036     0.000     5.162    -5.673   178.860    70.536  1024.089  1417.714    31.273     9.894     0.020    35.268
       476    70.725     4.052     0.000     5.175    -5.664   179.438    70.725  1024.089  1413.929    31.273     9.893     0.020    35.362
       477    70.907     4.068     0.000     5.188    -5.655   180.009    70.907  1024.089  1410.294    31.273     9.893     0.020    35.454
       478    71.083     4.084     0.000     5.200    -5.647   180.576    71.083  1024.089  1406.801    31.272     9.893     0.020    35.542
       479    71.253     4.099     0.000     5.213    -5.638   181.137    71.253  1024.089  1403.444    31.272     9.892     0.020    35.627
       480    71.418     4.114     0.000     5.225    -5.630   181.693    71.418  1024.089  1400.216    31.272     9.892     0.020    35.709
       481    71.576     4.129     0.000     5.237    -5.622   182.243    71.576  1024.088  1397.112    31.272     9.892     0.020    35.788
       482    71.729     4.144     0.000     5.250    -5.614   182.788    71.729  1024.088  1394.127    31.272     9.892     0.020    35.865
       483    71.878     4.158     0.000     5.262    -5.607   183.329    71.878  1024.088  1391.255    31.272     9.891     0.020    35.939
       484    72.021     4.172     0.000     5.274    -5.599   183.864    72.021  1024.088  1388.490    31.271     9.891     0.020    36.010
       485    72.159     4.185     0.000     5.285    -5.592   184.394    72.159  1024.088  1385.829    31.271     9.891     0.020    36.079
       486    72.293     4.199     0.000     5.297    -5.585   184.919    72.293  1024.088  1383.267    31.271     9.891     0.020    36.146
       487    72.422     4.212     0.000     5.309    -5.578   185.440    72.422  1024.088  1380.798    31.271     9.890     0.020    36.211
       488    72.547     4.225     0.000     5.320    -5.572   185.956    72.547  1024.088  1378.421    31.271     9.890     0.020    36.273
       489    72.668     4.237     0.000     5.332    -5.565   186.467    72.668  1024.088  1376.129    31.271     9.890     0.020    36.334
       490    72.784     4.250     0.000     5.343    -5.559   186.974    72.784  1024.088  1373.920    31.271     9.890     0.020    36.392
       491    72.897     4.262     0.000     5.354    -5.553   187.476    72.897  1024.088  1371.791    31.271     9.890     0.020    36.449
       492    73.007     4.274     0.000     5.365    -5.547   187.973    73.007  1024.088  1369.737    31.270     9.890     0.020    36.503
       493    73.112     4.286     0.000     5.376    -5.541   188.467    73.112  1024.088  1367.756    31.270     9.890     0.020    36.556
       494    73.215     4.297     0.000     5.387    -5.535   188.956    73.215  1024.088  1365.845    31.270     9.889     0.020    36.607
       495    73.314     4.308     0.000     5.398    -5.529   189.441    73.314  1024.088  1364.000    31.270     9.889     0.020    36.657
       496    73.410     4.319     0.000     5.408    -5.524   189.922    73.410  1024.087  1362.220    31.270     9.889     0.020    36.705
       497    73.502     4.330     0.000     5.419    -5.519   190.399    73.502  1024.087  1360.501    31.270     9.889     0.020    36.751
       498    73.592     4.341     0.000     5.430    -5.514   190.872    73.592  1024.087  1358.841    31.270     9.889     0.020    36.796
       499    73.679     4.351     0.000     5.440    -5.509   191.341    73.679  1024.087  1357.238    31.270     9.889     0.020    36.840
       500    73.763     4.362     0.000     5.450    -5.504   191.807    73.763  1024.087  1355.689    31.270     9.889     0.020    36.882
       501    73.845     4.372     0.000     5.461    -5.499   192.269    73.845  1024.087  1354.193    31.270     9.889     0.020    36.922
       502    73.924     4.381     0.000     5.471    -5.494   192.727    73.924  1024.087  1352.747    31.270     9.889     0.020    36.962
       503    74.000     4.391     0.000     5.481    -5.490   193.182    74.000  1024.087  1351.350    31.270     9.889     0.020    37.000
       504    74.074     4.400     0.000     5.491    -5.485   193.634    74.074  1024.087  1349.999    31.269     9.888     0.020    37.037
       505    74.146     4.410     0.000     5.501    -5.481   194.082    74.146  1024.087  1348.694    31.269     9.888     0.020    37.073
       506    74.215     4.419     0.000     5.511    -5.477   194.527    74.215  1024.087  1347.431    31.269     9.888     0.020    37.108
       507    74.283     4.428     0.000     5.521    -5.473   194.968    74.283  1024.087  1346.211    31.269     9.888     0.020    37.141
       508    74.348     4.436     0.000     5.530    -5.469   195.407    74.348  1024.087  1345.031    31.269     9.888     0.020    37.174
       509    74.411     4.445     0.000     5.540    -5.465   195.842    74.411  1024.087  1343.890    31.269     9.888     0.020    37.205
       510    74.472     4.453     0.000     5.550    -5.461   196.275    74.472  1024.087  1342.786    31.269     9.888     0.020    37.236
       511    74.531     4.461     0.000     5.559    -5.458   196.705    74.531  1024.087  1341.719    31.269     9.888     0.020    37.266
       512    74.589     4.469     0.000     5.569    -5.454   197.132    74.589  1024.087  1340.687    31.269     9.888     0.020    37.294
       513    74.644     4.477     0.000     5.578    -5.451   197.556    74.644  1024.087  1339.688    31.269     9.888     0.020    37.322
       514    74.698     4.485     0.000     5.588    -5.447   197.978    74.698  1024.087  1338.723    31.269     9.888     0.020    37.349
       515    74.750     4.492     0.000     5.597    -5.444   198.397    74.750  1024.087  1337.789    31.269     9.888     0.020    37.375
       516    74.801     4.499     0.000     5.606    -5.441   198.814    74.801  1024.087  1336.886    31.269     9.888     0.020    37.400
       517    74.850     4.506     0.000     5.615    -5.438   199.228    74.850  1024.087  1336.013    31.269     9.888     0.020    37.425
       518    74.897     4.513     0.000     5.624    -5.435   199.639    74.897  1024.087  1335.169    31.269     9.888     0.020    37.448
       519    74.943     4.520     0.000     5.633    -5.432   200.049    74.943  1024.087  1334.353    31.269     9.888     0.020    37.471
       520    74.987     4.527     0.000     5.643    -5.429   200.456    74.987  1024.087  1333.564    31.269     9.888     0.020    37.494
       521    75.030     4.533     0.000     5.652    -5.426   200.861    75.030  1024.087  1332.802    31.269     9.888     0.020    37.515
       522    75.071     4.539     0.000     5.660    -5.424   201.264    75.071  1024.087  1332.065    31.269     9.887     0.020    37.536
       523    75.112     4.546     0.000     5.669    -5.421   201.665    75.112  1024.087  1331.353    31.268     9.887     0.020    37.556
       524    75.150     4.551     0.000     5.678    -5.419   202.064    75.150  1024.087  1330.666    31.268     9.887     0.020    37.575
       525    75.188     4.557     0.000     5.687    -5.416   202.460    75.188  1024.086  1330.002    31.268     9.887     0.020    37.594
       526    75.224     4.563     0.000     5.696    -5.414   202.855    75.224  1024.086  1329.361    31.268     9.887     0.020    37.612
       527    75.259     4.568     0.000     5.705    -5.412   203.249    75.259  1024.086  1328.743    31.268     9.887     0.020    37.630
       528    75.293     4.574     0.000     5.713    -5.410   203.640    75.293  1024.086  1328.146    31.268     9.887     0.020    37.646
       529    75.326     4.579     0.000     5.722    -5.407   204.030    75.326  1024.086  1327.571    31.268     9.887     0.020    37.663
       530    75.357     4.584     0.000     5.730    -5.405   204.418    75.357  1024.086  1327.016    31.268     9.887     0.020    37.679
       531    75.387     4.589     0.000     5.739    -5.404   204.804    75.387  1024.086  1326.482    31.268     9.887     0.020    37.694
       532    75.417     4.593     0.000     5.748    -5.402   205.189    75.417  1024.086  1325.968    31.268     9.887     0.020    37.708
       533    75.445     4.598     0.000     5.756    -5.400   205.573    75.445  1024.086  1325.473    31.268     9.887     0.020    37.722
       534    75.472     4.602     0.000     5.765    -5.398   205.955    75.472  1024.086  1324.997    31.268     9.887     0.020    37.736
       535    75.498     4.607     0.000     5.773    -5.396   206.335    75.498  1024.086  1324.540    31.268     9.887     0.020    37.749
       536    75.523     4.611     0.000     5.781    -5.395   206.715    75.523  1024.086  1324.101    31.268     9.887     0.020    37.761
       537    75.547     4.615     0.000     5.790    -5.393   207.093    75.547  1024.086  1323.680    31.268     9.887     0.020    37.773
       538    75.570     4.619     0.000     5.798    -5.392   207.470    75.570  1024.086  1323.276    31.268     9.887     0.020    37.785
       539    75.592     4.622     0.000     5.806    -5.390   207.845    75.592  1024.086  1322.890    31.268     9.887     0.020    37.796
       540    75.613     4.626     0.000     5.815    -5.389   208.220    75.613  1024.086  1322.520    31.268     9.887     0.020    37.807
       541    75.633     4.629     0.000     5.823    -5.388   208.593    75.633  1024.086  1322.167    31.268     9.887     0.020    37.817
       542    75.653     4.632     0.000     5.831    -5.387   208.966    75.653  1024.086  1321.830    31.268     9.887     0.020    37.826
       543    75.671     4.635     0.000     5.840    -5.385   209.337    75.671  1024.086  1321.509    31.268     9.887     0.020    37.836
       544    75.689     4.638     0.000     5.848    -5.384   209.708    75.689  1024.086  1321.204    31.268     9.887     0.020    37.844
       545    75.705     4.641     0.000     5.856    -5.383   210.077    75.705  1024.086  1320.914    31.268     9.887     0.020    37.853
       546    75.721     4.644     0.000     5.864    -5.382   210.446    75.721  1024.086  1320.639    31.268     9.887     0.020    37.860
       547    75.736     4.646     0.000     5.872    -5.381   210.814    75.736  1024.086  1320.380    31.268     9.887     0.020    37.868
       548    75.750     4.649     0.000     5.880    -5.381   211.182    75.750  1024.086  1320.136    31.268     9.887     0.020    37.875
       549    75.763     4.651     0.000     5.889    -5.380   211.548    75.763  1024.086  1319.906    31.268     9.887     0.020    37.881
       550    75.775     4.653     0.000     5.897    -5.379   211.914    75.775  1024.086  1319.690    31.268     9.887     0.020    37.888
       551    75.787     4.655     0.000     5.905    -5.378   212.279    75.787  1024.086  1319.489    31.268     9.887     0.020    37.893
       552    75.798     4.657     0.000     5.913    -5.378   212.644    75.798  1024.086  1319.302    31.268     9.887     0.020    37.899
       553    75.808     4.658     0.000     5.921    -5.377   213.008    75.808  1024.086  1319.129    31.268     9.887     0.020    37.904
       554    75.817     4.660     0.000     5.929    -5.377   213.372    75.817  1024.086  1318.970    31.268     9.887     0.020    37.908
       555    75.825     4.661     0.000     5.937    -5.376   213.735    75.825  1024.086  1318.825    31.268     9.887     0.020    37.913
       556    75.833     4.662     0.000     5.945    -5.376   214.098    75.833  1024.086  1318.693    31.268     9.887     0.020    37.916
       557    75.839     4.663     0.000     5.953    -5.375   214.461    75.839  1024.086  1318.575    31.268     9.887     0.020    37.920
       558    75.846     4.664     0.000     5.961    -5.375   214.823    75.846  1024.086  1318.470    31.268     9.887     0.020    37.923
       559    75.851     4.665     0.000     5.969    -5.375   215.185    75.851  1024.086  1318.378    31.268     9.887     0.020    37.925
       560    75.855     4.666     0.000     5.977    -5.375   215.547    75.855  1024.086  1318.299    31.268     9.887     0.020    37.928
       561    75.859     4.666     0.000     5.985    -5.375   215.909    75.859  1024.086  1318.232    31.268     9.887     0.020    37.930
       562    75.862     4.667     0.000     5.993    -5.375   216.271    75.862  1024.086  1318.177    31.268     9.887     0.020    37.931
---------------------- Local maximum rise or fall --------------------
       563    75.865     4.667     0.000     6.001    -5.375   216.632    75.865  1024.086  1318.132    31.268     9.887     0.020    37.932
-------------------- Starting Farfield Calculations --------------------
Farfield dispersion based on wastefield width of :       4.67 (m)
4/3 Power Law based Eddy Diffusivity is used:
  Dilution     Width  Distance      Time     Conc.    Bckgrd
        ()       (m)       (m)    (hrs.)    (mg/L)    (mg/L)
    75.865     4.673     6.001     0.000  1318.132     0.000
    75.865     4.977     7.000     0.014  1321.849     0.000
    75.952     5.287     8.000     0.028  1321.849     0.000
    76.567     5.604     9.000     0.042  1321.849     0.000
    77.963     5.927    10.000     0.056  1321.849     0.000
    80.051     6.255    11.000     0.070  1321.849     0.000
    82.669     6.590    12.000     0.084  1321.849     0.000
    85.685     6.930    13.000     0.097  1199.497     0.000
    89.002     7.276    14.000     0.111  1199.497     0.000
    92.554     7.628    15.000     0.125  1199.497     0.000
    96.295     7.985    16.000     0.139  1199.497     0.000
   100.192     8.347    17.000     0.153  1199.497     0.000
   104.223     8.715    18.000     0.167  1199.497     0.000
   108.369     9.088    19.000     0.181   938.061     0.000
   112.619     9.466    20.000     0.195   938.061     0.000
   116.962     9.850    21.000     0.209   938.061     0.000
   121.391    10.238    22.000     0.222   938.061     0.000
   125.900    10.631    23.000     0.236   938.061     0.000
   130.485    11.029    24.000     0.250   938.061     0.000
   135.141    11.433    25.000     0.264   742.629     0.000
   139.866    11.840    26.000     0.278   742.629     0.000
   144.656    12.253    27.000     0.292   742.629     0.000
   149.510    12.670    28.000     0.306   742.629     0.000
   154.425    13.092    29.000     0.320   742.629     0.000
   159.400    13.519    30.000     0.334   742.629     0.000
   164.434    13.950    31.000     0.347   742.629     0.000
   169.524    14.385    32.000     0.361   604.167     0.000
   174.671    14.825    33.000     0.375   604.167     0.000
   179.873    15.270    34.000     0.389   604.167     0.000
   185.128    15.719    35.000     0.403   604.167     0.000
   190.437    16.172    36.000     0.417   604.167     0.000
   195.798    16.629    37.000     0.431   604.167     0.000
   201.211    17.090    38.000     0.445   503.371     0.000
   206.675    17.556    39.000     0.459   503.371     0.000
   212.189    18.026    40.000     0.472   503.371     0.000
   217.753    18.500    41.000     0.486   503.371     0.000
   223.366    18.978    42.000     0.500   503.371     0.000
   229.027    19.460    43.000     0.514   503.371     0.000
   234.737    19.946    44.000     0.528   427.618     0.000
   240.495    20.437    45.000     0.542   427.618     0.000
   246.299    20.931    46.000     0.556   427.618     0.000
   252.150    21.429    47.000     0.570   427.618     0.000
   258.048    21.931    48.000     0.584   427.618     0.000
   263.992    22.436    49.000     0.597   427.618     0.000
   269.981    22.946    50.000     0.611   427.618     0.000
   276.015    23.459    51.000     0.625   369.072     0.000
   282.094    23.977    52.000     0.639   369.072     0.000
   288.217    24.497    53.000     0.653   369.072     0.000
   294.384    25.022    54.000     0.667   369.072     0.000
   300.595    25.550    55.000     0.681   369.072     0.000
   306.850    26.082    56.000     0.695   369.072     0.000
   313.148    26.618    57.000     0.709   322.743     0.000
   319.488    27.157    58.000     0.722   322.743     0.000
   325.871    27.700    59.000     0.736   322.743     0.000
   332.296    28.247    60.000     0.750   322.743     0.000
   338.762    28.796    61.000     0.764   322.743     0.000
   345.271    29.350    62.000     0.778   322.743     0.000
   351.821    29.907    63.000     0.792   285.347     0.000
   358.411    30.467    64.000     0.806   285.347     0.000
   365.043    31.031    65.000     0.820   285.347     0.000
   371.715    31.599    66.000     0.834   285.347     0.000
   378.427    32.169    67.000     0.847   285.347     0.000
   385.180    32.744    68.000     0.861   285.347     0.000
   391.972    33.321    69.000     0.875   285.347     0.000
   398.804    33.902    70.000     0.889   254.650     0.000
   405.675    34.486    71.000     0.903   254.650     0.000
   412.585    35.074    72.000     0.917   254.650     0.000
   419.534    35.665    73.000     0.931   254.650     0.000
   426.522    36.259    74.000     0.945   254.650     0.000
   433.548    36.856    75.000     0.959   254.650     0.000
   440.613    37.457    76.000     0.972   229.086     0.000
   447.715    38.061    77.000     0.986   229.086     0.000
   454.855    38.668    78.000     1.000   229.086     0.000
   462.033    39.278    79.000     1.014   229.086     0.000
   469.248    39.892    80.000     1.028   229.086     0.000
   476.501    40.508    81.000     1.042   229.086     0.000
   483.790    41.128    82.000     1.056   207.530     0.000
   491.117    41.751    83.000     1.070   207.530     0.000
   498.480    42.377    84.000     1.084   207.530     0.000
   505.879    43.006    85.000     1.097   207.530     0.000
   513.315    43.638    86.000     1.111   207.530     0.000
   520.787    44.273    87.000     1.125   207.530     0.000
   528.294    44.912    88.000     1.139   207.530     0.000
   535.838    45.553    89.000     1.153   189.154     0.000
   543.417    46.197    90.000     1.167   189.154     0.000
   551.032    46.845    91.000     1.181   189.154     0.000
   558.681    47.495    92.000     1.195   189.154     0.000
   566.366    48.148    93.000     1.209   189.154     0.000
   574.086    48.805    94.000     1.222   189.154     0.000
   581.841    49.464    95.000     1.236   173.338     0.000
   589.630    50.126    96.000     1.250   173.338     0.000
   597.454    50.791    97.000     1.264   173.338     0.000
   605.312    51.459    98.000     1.278   173.338     0.000
   613.204    52.130    99.000     1.292   173.338     0.000
   621.130    52.804   100.000     1.306   173.338     0.000
   629.090    53.481   101.000     1.320   159.610     0.000
   637.084    54.161   102.000     1.334   159.610     0.000
   645.111    54.843   103.000     1.347   159.610     0.000
   653.172    55.528   104.000     1.361   159.610     0.000
   661.266    56.216   105.000     1.375   159.610     0.000
   669.393    56.907   106.000     1.389   159.610     0.000
   677.554    57.601   107.000     1.403   159.610     0.000
   685.747    58.298   108.000     1.417   147.602     0.000
   693.973    58.997   109.000     1.431   147.602     0.000
   702.232    59.699   110.000     1.445   147.602     0.000
   710.523    60.404   111.000     1.459   147.602     0.000
   718.846    61.112   112.000     1.472   147.602     0.000
   727.202    61.822   113.000     1.486   147.602     0.000
   735.590    62.535   114.000     1.500   137.028     0.000
   744.010    63.251   115.000     1.514   137.028     0.000
   752.462    63.969   116.000     1.528   137.028     0.000
   760.945    64.691   117.000     1.542   137.028     0.000
   769.461    65.415   118.000     1.556   137.028     0.000
   778.007    66.141   119.000     1.570   137.028     0.000
   786.586    66.871   120.000     1.584   127.659     0.000
   795.195    67.602   121.000     1.597   127.659     0.000
   803.836    68.337   122.000     1.611   127.659     0.000
   812.508    69.074   123.000     1.625   127.659     0.000
   821.210    69.814   124.000     1.639   127.659     0.000
   829.944    70.557   125.000     1.653   127.659     0.000
   838.708    71.302   126.000     1.667   119.311     0.000
   847.503    72.049   127.000     1.681   119.311     0.000
   856.329    72.800   128.000     1.695   119.311     0.000
   865.185    73.553   129.000     1.709   119.311     0.000
   874.071    74.308   130.000     1.722   119.311     0.000
   882.987    75.066   131.000     1.736   119.311     0.000
   891.934    75.827   132.000     1.750   119.311     0.000
   900.910    76.590   133.000     1.764   111.835     0.000
   909.917    77.356   134.000     1.778   111.835     0.000
   918.953    78.124   135.000     1.792   111.835     0.000
   928.019    78.894   136.000     1.806   111.835     0.000
   937.115    79.668   137.000     1.820   111.835     0.000
   946.240    80.444   138.000     1.834   111.835     0.000
   955.395    81.222   139.000     1.847   105.108     0.000
   964.579    82.003   140.000     1.861   105.108     0.000
   973.792    82.786   141.000     1.875   105.108     0.000
   983.034    83.572   142.000     1.889   105.108     0.000
   992.306    84.360   143.000     1.903   105.108     0.000
  1001.606    85.150   144.000     1.917   105.108     0.000
  1010.935    85.944   145.000     1.931    99.030     0.000
  1020.293    86.739   146.000     1.945    99.030     0.000
  1029.680    87.537   147.000     1.959    99.030     0.000
  1039.096    88.338   148.000     1.972    99.030     0.000
  1048.539    89.140   149.000     1.986    99.030     0.000
  1058.012    89.946   150.000     2.000    99.030     0.000
  1067.512    90.753   151.000     2.014    99.030     0.000
  1077.041    91.564   152.000     2.028    93.516     0.000
  1086.598    92.376   153.000     2.042    93.516     0.000
  1096.184    93.191   154.000     2.056    93.516     0.000
  1105.797    94.008   155.000     2.070    93.516     0.000
  1115.438    94.828   156.000     2.084    93.516     0.000
  1125.107    95.650   157.000     2.097    93.516     0.000
  1134.804    96.474   158.000     2.111    88.495     0.000
  1144.529    97.301   159.000     2.125    88.495     0.000
  1154.281    98.130   160.000     2.139    88.495     0.000
  1164.060    98.961   161.000     2.153    88.495     0.000
  1173.868    99.795   162.000     2.167    88.495     0.000
  1183.702   100.631   163.000     2.181    88.495     0.000
  1193.564   101.470   164.000     2.195    83.908     0.000
  1203.453   102.310   165.000     2.209    83.908     0.000
  1213.369   103.153   166.000     2.222    83.908     0.000
  1223.313   103.999   167.000     2.236    83.908     0.000
  1233.283   104.846   168.000     2.250    83.908     0.000
  1243.280   105.696   169.000     2.264    83.908     0.000
  1253.305   106.548   170.000     2.278    83.908     0.000
  1263.355   107.403   171.000     2.292    79.704     0.000
  1273.433   108.260   172.000     2.306    79.704     0.000
  1283.538   109.119   173.000     2.320    79.704     0.000
  1293.668   109.980   174.000     2.334    79.704     0.000
  1303.826   110.843   175.000     2.347    79.704     0.000
  1314.010   111.709   176.000     2.361    79.704     0.000
  1324.220   112.577   177.000     2.375    75.839     0.000
  1334.457   113.448   178.000     2.389    75.839     0.000
  1344.720   114.320   179.000     2.403    75.839     0.000
  1355.009   115.195   180.000     2.417    75.839     0.000
  1365.324   116.072   181.000     2.431    75.839     0.000
  1375.665   116.951   182.000     2.445    75.839     0.000
  1386.032   117.832   183.000     2.459    72.277     0.000
  1396.425   118.716   184.000     2.472    72.277     0.000
  1406.844   119.601   185.000     2.486    72.277     0.000
  1417.289   120.489   186.000     2.500    72.277     0.000
  1427.759   121.380   187.000     2.514    72.277     0.000
  1438.255   122.272   188.000     2.528    72.277     0.000
  1448.777   123.166   189.000     2.542    72.277     0.000
  1459.324   124.063   190.000     2.556    68.986     0.000
  1469.897   124.962   191.000     2.570    68.986     0.000
  1480.495   125.863   192.000     2.584    68.986     0.000
  1491.118   126.766   193.000     2.597    68.986     0.000
  1501.767   127.671   194.000     2.611    68.986     0.000
  1512.441   128.579   195.000     2.625    68.986     0.000
  1523.140   129.488   196.000     2.639    65.937     0.000
  1533.864   130.400   197.000     2.653    65.937     0.000
  1544.613   131.314   198.000     2.667    65.937     0.000
  1555.388   132.230   199.000     2.681    65.937     0.000
  1566.187   133.148   200.000     2.695    65.937     0.000
  1577.011   134.068   201.000     2.709    65.937     0.000
  1587.860   134.990   202.000     2.722    63.106     0.000
  1598.733   135.915   203.000     2.736    63.106     0.000
  1609.632   136.841   204.000     2.750    63.106     0.000
  1620.555   137.770   205.000     2.764    63.106     0.000
  1631.502   138.701   206.000     2.778    63.106     0.000
............................. Reached Chronic Mixing Zone ..........................
  1642.475   139.633   207.000     2.792    63.106     0.000
  1653.471   140.568   208.000     2.806    63.106     0.000
  1664.492   141.505   209.000     2.820    60.472     0.000
  1675.538   142.444   210.000     2.834    60.472     0.000
  1686.608   143.385   211.000     2.847    60.472     0.000
  1697.702   144.329   212.000     2.861    60.472     0.000
  1708.820   145.274   213.000     2.875    60.472     0.000
  1719.962   146.221   214.000     2.889    60.472     0.000
  1731.129   147.170   215.000     2.903    58.016     0.000
  1742.320   148.122   216.000     2.917    58.016     0.000
  1753.534   149.075   217.000     2.931    58.016     0.000
  1764.773   150.031   218.000     2.945    58.016     0.000
  1776.035   150.988   219.000     2.959    58.016     0.000
  1787.322   151.948   220.000     2.972    58.016     0.000
  1798.632   152.909   221.000     2.986    55.722     0.000
  1809.966   153.873   222.000     3.000    55.722     0.000
  1821.323   154.838   223.000     3.014    55.722     0.000
  1832.705   155.806   224.000     3.028    55.722     0.000
  1844.109   156.775   225.000     3.042    55.722     0.000
  1855.538   157.747   226.000     3.056    55.722     0.000
  1866.990   158.720   227.000     3.070    53.576     0.000
  1878.465   159.696   228.000     3.084    53.576     0.000
  1889.964   160.674   229.000     3.097    53.576     0.000
  1901.486   161.653   230.000     3.111    53.576     0.000
  1913.032   162.635   231.000     3.125    53.576     0.000
  1924.601   163.618   232.000     3.139    53.576     0.000
  1936.193   164.604   233.000     3.153    53.576     0.000
  1947.808   165.591   234.000     3.167    51.563     0.000
  1959.446   166.581   235.000     3.181    51.563     0.000
  1971.108   167.572   236.000     3.195    51.563     0.000
  1982.792   168.565   237.000     3.209    51.563     0.000
  1994.500   169.561   238.000     3.222    51.563     0.000
  2006.230   170.558   239.000     3.236    51.563     0.000
  2017.983   171.557   240.000     3.250    49.674     0.000
  2029.760   172.558   241.000     3.264    49.674     0.000
  2041.559   173.561   242.000     3.278    49.674     0.000
  2053.380   174.566   243.000     3.292    49.674     0.000
  2065.225   175.573   244.000     3.306    49.674     0.000
  2077.092   176.582   245.000     3.320    49.674     0.000
  2088.982   177.593   246.000     3.334    47.897     0.000
  2100.894   178.606   247.000     3.347    47.897     0.000
  2112.829   179.620   248.000     3.361    47.897     0.000
  2124.787   180.637   249.000     3.375    47.897     0.000
  2136.767   181.655   250.000     3.389    47.897     0.000
  2148.769   182.676   251.000     3.403    47.897     0.000
  2160.794   183.698   252.000     3.417    47.897     0.000
  2172.841   184.722   253.000     3.431    46.224     0.000
  2184.911   185.748   254.000     3.445    46.224     0.000
  2197.003   186.776   255.000     3.459    46.224     0.000
  2209.117   187.806   256.000     3.472    46.224     0.000
  2221.253   188.838   257.000     3.486    46.224     0.000
  2233.411   189.871   258.000     3.500    46.224     0.000
  2245.591   190.907   259.000     3.514    44.646     0.000
  2257.794   191.944   260.000     3.528    44.646     0.000
  2270.018   192.984   261.000     3.542    44.646     0.000
  2282.265   194.025   262.000     3.556    44.646     0.000
  2294.533   195.068   263.000     3.570    44.646     0.000
  2306.824   196.113   264.000     3.584    44.646     0.000
  2319.136   197.159   265.000     3.597    43.156     0.000
  2331.470   198.208   266.000     3.611    43.156     0.000
  2343.825   199.258   267.000     3.625    43.156     0.000
  2356.203   200.311   268.000     3.639    43.156     0.000
  2368.602   201.365   269.000     3.653    43.156     0.000
  2381.023   202.421   270.000     3.667    43.156     0.000
  2393.466   203.478   271.000     3.681    43.156     0.000
  2405.930   204.538   272.000     3.695    41.747     0.000
  2418.416   205.600   273.000     3.709    41.747     0.000
  2430.923   206.663   274.000     3.722    41.747     0.000
  2443.452   207.728   275.000     3.736    41.747     0.000
  2456.002   208.795   276.000     3.750    41.747     0.000
  2468.573   209.864   277.000     3.764    41.747     0.000
  2481.166   210.934   278.000     3.778    40.412     0.000
  2493.781   212.007   279.000     3.792    40.412     0.000
  2506.416   213.081   280.000     3.806    40.412     0.000
  2519.073   214.157   281.000     3.820    40.412     0.000
  2531.751   215.235   282.000     3.834    40.412     0.000
  2544.451   216.314   283.000     3.847    40.412     0.000
  2557.171   217.396   284.000     3.861    39.148     0.000
  2569.913   218.479   285.000     3.875    39.148     0.000
  2582.675   219.564   286.000     3.889    39.148     0.000
  2595.459   220.651   287.000     3.903    39.148     0.000
  2608.264   221.739   288.000     3.917    39.148     0.000
  2621.090   222.830   289.000     3.931    39.148     0.000
  2633.937   223.922   290.000     3.945    39.148     0.000
  2646.804   225.016   291.000     3.959    37.948     0.000
  2659.693   226.112   292.000     3.972    37.948     0.000
  2672.602   227.209   293.000     3.986    37.948     0.000
  2685.532   228.308   294.000     4.000    37.948     0.000
  2698.483   229.409   295.000     4.014    37.948     0.000
  2711.455   230.512   296.000     4.028    37.948     0.000
  2724.448   231.617   297.000     4.042    36.808     0.000
  2737.461   232.723   298.000     4.056    36.808     0.000
  2750.494   233.831   299.000     4.070    36.808     0.000
  2763.549   234.941   300.000     4.084    36.808     0.000
  2776.624   236.052   301.000     4.097    36.808     0.000
  2789.719   237.166   302.000     4.111    36.808     0.000
  2802.836   238.281   303.000     4.125    35.724     0.000
  2815.972   239.397   304.000     4.139    35.724     0.000
  2829.129   240.516   305.000     4.153    35.724     0.000
  2842.307   241.636   306.000     4.167    35.724     0.000
  2855.505   242.758   307.000     4.181    35.724     0.000
  2868.723   243.882   308.000     4.195    35.724     0.000
  2881.961   245.008   309.000     4.209    35.724     0.000
  2895.220   246.135   310.000     4.222    34.692     0.000
  2908.499   247.264   311.000     4.236    34.692     0.000
  2921.799   248.394   312.000     4.250    34.692     0.000
  2935.118   249.527   313.000     4.264    34.692     0.000
  2948.458   250.661   314.000     4.278    34.692     0.000
  2961.818   251.796   315.000     4.292    34.692     0.000
  2975.198   252.934   316.000     4.306    33.709     0.000
  2988.598   254.073   317.000     4.320    33.709     0.000
  3002.018   255.214   318.000     4.334    33.709     0.000
  3015.459   256.357   319.000     4.347    33.709     0.000
  3028.919   257.501   320.000     4.361    33.709     0.000
  3042.399   258.647   321.000     4.375    33.709     0.000
  3055.899   259.795   322.000     4.389    32.772     0.000
  3069.419   260.944   323.000     4.403    32.772     0.000
  3082.959   262.095   324.000     4.417    32.772     0.000
  3096.519   263.248   325.000     4.431    32.772     0.000
  3110.098   264.402   326.000     4.445    32.772     0.000
  3123.698   265.559   327.000     4.459    32.772     0.000
  3137.317   266.716   328.000     4.472    31.877     0.000
  3150.956   267.876   329.000     4.486    31.877     0.000
  3164.614   269.037   330.000     4.500    31.877     0.000
  3178.292   270.200   331.000     4.514    31.877     0.000
  3191.990   271.364   332.000     4.528    31.877     0.000
  3205.708   272.531   333.000     4.542    31.877     0.000
  3219.445   273.698   334.000     4.556    31.877     0.000
  3233.202   274.868   335.000     4.570    31.022     0.000
  3246.978   276.039   336.000     4.584    31.022     0.000
  3260.774   277.212   337.000     4.597    31.022     0.000
  3274.589   278.386   338.000     4.611    31.022     0.000
  3288.424   279.563   339.000     4.625    31.022     0.000
  3302.278   280.740   340.000     4.639    31.022     0.000
  3316.151   281.920   341.000     4.653    30.205     0.000
  3330.044   283.101   342.000     4.667    30.205     0.000
  3343.956   284.284   343.000     4.681    30.205     0.000
  3357.888   285.468   344.000     4.695    30.205     0.000
  3371.839   286.654   345.000     4.709    30.205     0.000
  3385.809   287.842   346.000     4.722    30.205     0.000
  3399.798   289.031   347.000     4.736    29.423     0.000
  3413.807   290.222   348.000     4.750    29.423     0.000
  3427.834   291.414   349.000     4.764    29.423     0.000
  3441.881   292.609   350.000     4.778    29.423     0.000
  3455.947   293.804   351.000     4.792    29.423     0.000
  3470.033   295.002   352.000     4.806    29.423     0.000
  3484.137   296.201   353.000     4.820    29.423     0.000
  3498.260   297.402   354.000     4.834    28.674     0.000
  3512.402   298.604   355.000     4.847    28.674     0.000
  3526.564   299.808   356.000     4.861    28.674     0.000
  3540.744   301.013   357.000     4.875    28.674     0.000
  3554.943   302.221   358.000     4.889    28.674     0.000
  3569.162   303.429   359.000     4.903    28.674     0.000
  3583.399   304.640   360.000     4.917    27.957     0.000
  3597.655   305.852   361.000     4.931    27.957     0.000
  3611.929   307.065   362.000     4.945    27.957     0.000
  3626.223   308.280   363.000     4.959    27.957     0.000
  3640.536   309.497   364.000     4.972    27.957     0.000
  3654.867   310.715   365.000     4.986    27.957     0.000
  3669.217   311.935   366.000     5.000    27.268     0.000
  3683.586   313.157   367.000     5.014    27.268     0.000
  3697.973   314.380   368.000     5.028    27.268     0.000
  3712.379   315.605   369.000     5.042    27.268     0.000
  3726.804   316.831   370.000     5.056    27.268     0.000
  3741.247   318.059   371.000     5.070    27.268     0.000
  3755.710   319.289   372.000     5.084    27.268     0.000
  3770.190   320.520   373.000     5.097    26.608     0.000
  3784.689   321.752   374.000     5.111    26.608     0.000
  3799.207   322.986   375.000     5.125    26.608     0.000
  3813.743   324.222   376.000     5.139    26.608     0.000
  3828.298   325.460   377.000     5.153    26.608     0.000
  3842.871   326.699   378.000     5.167    26.608     0.000
  3857.463   327.939   379.000     5.181    25.974     0.000
  3872.073   329.181   380.000     5.195    25.974     0.000
  3886.702   330.425   381.000     5.209    25.974     0.000
  3901.348   331.670   382.000     5.222    25.974     0.000
  3916.014   332.917   383.000     5.236    25.974     0.000
  3930.697   334.165   384.000     5.250    25.974     0.000
  3945.399   335.415   385.000     5.264    25.365     0.000
  3960.119   336.666   386.000     5.278    25.365     0.000
  3974.857   337.919   387.000     5.292    25.365     0.000
  3989.614   339.174   388.000     5.306    25.365     0.000
  4004.389   340.430   389.000     5.320    25.365     0.000
  4019.182   341.687   390.000     5.334    25.365     0.000
  4033.993   342.947   391.000     5.347    25.365     0.000
  4048.823   344.207   392.000     5.361    24.779     0.000
  4063.670   345.470   393.000     5.375    24.779     0.000
  4078.536   346.733   394.000     5.389    24.779     0.000
  4093.419   347.999   395.000     5.403    24.779     0.000
  4108.321   349.266   396.000     5.417    24.779     0.000
  4123.241   350.534   397.000     5.431    24.779     0.000
  4138.179   351.804   398.000     5.445    24.215     0.000
  4153.134   353.075   399.000     5.459    24.215     0.000
  4168.108   354.348   400.000     5.472    24.215     0.000
  4183.100   355.623   401.000     5.486    24.215     0.000
  4198.110   356.899   402.000     5.500    24.215     0.000
  4213.137   358.176   403.000     5.514    24.215     0.000
  4228.183   359.455   404.000     5.528    23.672     0.000
  4243.246   360.736   405.000     5.542    23.672     0.000
  4258.327   362.018   406.000     5.556    23.672     0.000
  4273.426   363.302   407.000     5.570    23.672     0.000
  4288.543   364.587   408.000     5.584    23.672     0.000
  4303.677   365.874   409.000     5.597    23.672     0.000
  4318.830   367.162   410.000     5.611    23.672     0.000
  4334.000   368.451   411.000     5.625    23.150     0.000
  4349.188   369.743   412.000     5.639    23.150     0.000
  4364.393   371.035   413.000     5.653    23.150     0.000
  4379.616   372.329   414.000     5.667    23.150     0.000
  4394.857   373.625   415.000     5.681    23.150     0.000
  4410.115   374.922   416.000     5.695    23.150     0.000
  4425.392   376.221   417.000     5.709    22.646     0.000
  4440.685   377.521   418.000     5.722    22.646     0.000
  4455.996   378.823   419.000     5.736    22.646     0.000
  4471.325   380.126   420.000     5.750    22.646     0.000
  4486.672   381.431   421.000     5.764    22.646     0.000
  4502.036   382.737   422.000     5.778    22.646     0.000
  4517.417   384.044   423.000     5.792    22.160     0.000
  4532.816   385.354   424.000     5.806    22.160     0.000
  4548.232   386.664   425.000     5.820    22.160     0.000
  4563.666   387.976   426.000     5.834    22.160     0.000
  4579.117   389.290   427.000     5.847    22.160     0.000
  4594.586   390.605   428.000     5.861    22.160     0.000
  4610.071   391.921   429.000     5.875    22.160     0.000
  4625.575   393.239   430.000     5.889    21.692     0.000
  4641.095   394.559   431.000     5.903    21.692     0.000
  4656.633   395.880   432.000     5.917    21.692     0.000
  4672.189   397.202   433.000     5.931    21.692     0.000
  4687.761   398.526   434.000     5.945    21.692     0.000
  4703.351   399.851   435.000     5.959    21.692     0.000
  4718.958   401.178   436.000     5.972    21.239     0.000
  4734.582   402.507   437.000     5.986    21.239     0.000
  4750.224   403.836   438.000     6.000    21.239     0.000
  4765.882   405.168   439.000     6.014    21.239     0.000
  4781.558   406.500   440.000     6.028    21.239     0.000
  4797.251   407.834   441.000     6.042    21.239     0.000
  4812.961   409.170   442.000     6.056    20.803     0.000
  4828.689   410.507   443.000     6.070    20.803     0.000
  4844.433   411.845   444.000     6.084    20.803     0.000
  4860.194   413.185   445.000     6.097    20.803     0.000
  4875.973   414.527   446.000     6.111    20.803     0.000
  4891.768   415.870   447.000     6.125    20.803     0.000
  4907.581   417.214   448.000     6.139    20.381     0.000
  4923.410   418.560   449.000     6.153    20.381     0.000
  4939.257   419.907   450.000     6.167    20.381     0.000
  4955.120   421.255   451.000     6.181    20.381     0.000
  4971.001   422.605   452.000     6.195    20.381     0.000
  4986.898   423.957   453.000     6.209    20.381     0.000
  5002.812   425.310   454.000     6.222    20.381     0.000
  5018.743   426.664   455.000     6.236    19.973     0.000
  5034.691   428.020   456.000     6.250    19.973     0.000
  5050.656   429.377   457.000     6.264    19.973     0.000
  5066.638   430.736   458.000     6.278    19.973     0.000
  5082.637   432.096   459.000     6.292    19.973     0.000
  5098.652   433.458   460.000     6.306    19.973     0.000
  5114.684   434.821   461.000     6.320    19.578     0.000
  5130.733   436.185   462.000     6.334    19.578     0.000
  5146.799   437.551   463.000     6.347    19.578     0.000
  5162.881   438.918   464.000     6.361    19.578     0.000
  5178.980   440.287   465.000     6.375    19.578     0.000
  5195.096   441.657   466.000     6.389    19.578     0.000
  5211.228   443.028   467.000     6.403    19.196     0.000
  5227.377   444.401   468.000     6.417    19.196     0.000
  5243.543   445.775   469.000     6.431    19.196     0.000
  5259.726   447.151   470.000     6.445    19.196     0.000
  5275.925   448.528   471.000     6.459    19.196     0.000
  5292.140   449.907   472.000     6.472    19.196     0.000
  5308.372   451.287   473.000     6.486    19.196     0.000
  5324.621   452.668   474.000     6.500    18.827     0.000
  5340.887   454.051   475.000     6.514    18.827     0.000
  5357.168   455.435   476.000     6.528    18.827     0.000
  5373.467   456.821   477.000     6.542    18.827     0.000
  5389.782   458.208   478.000     6.556    18.827     0.000
  5406.113   459.596   479.000     6.570    18.827     0.000
  5422.461   460.986   480.000     6.584    18.469     0.000
  5438.825   462.377   481.000     6.597    18.469     0.000
  5455.206   463.770   482.000     6.611    18.469     0.000
  5471.603   465.164   483.000     6.625    18.469     0.000
  5488.016   466.559   484.000     6.639    18.469     0.000
  5504.446   467.956   485.000     6.653    18.469     0.000
  5520.892   469.354   486.000     6.667    18.123     0.000
  5537.355   470.754   487.000     6.681    18.123     0.000
  5553.834   472.155   488.000     6.695    18.123     0.000
  5570.329   473.557   489.000     6.709    18.123     0.000
  5586.840   474.961   490.000     6.722    18.123     0.000
  5603.368   476.366   491.000     6.736    18.123     0.000
  5619.912   477.772   492.000     6.750    18.123     0.000
  5636.472   479.180   493.000     6.764    17.787     0.000
  5653.049   480.589   494.000     6.778    17.787     0.000
  5669.642   482.000   495.000     6.792    17.787     0.000
  5686.251   483.412   496.000     6.806    17.787     0.000
  5702.876   484.825   497.000     6.820    17.787     0.000
  5719.517   486.240   498.000     6.834    17.787     0.000
  5736.175   487.656   499.000     6.847    17.461     0.000
  5752.848   489.074   500.000     6.861    17.461     0.000
  5769.538   490.492   501.000     6.875    17.461     0.000
  5786.244   491.913   502.000     6.889    17.461     0.000
  5802.966   493.334   503.000     6.903    17.461     0.000
  5819.704   494.757   504.000     6.917    17.461     0.000
  5832.711   495.863   504.776     6.928    17.145     0.000
