****************************************************************************************************
----------------------------------------------------------------------------------------------------
Ambient Table:
     Depth   Amb-cur   Amb-dir   Amb-sal   Amb-tem   Amb-pol     Decay   Far-spd   Far-dir   Disprsn
       (m)     (m/s)     (deg)     (psu)       (C)    (mg/L)   (1/day)     (m/s)     (deg)(m0.67/s2)
     0.000     0.020    90.000    30.900    11.200     0.000     0.000     0.020    90.000   0.00030
     3.000     0.020    90.000    31.200    10.400     0.000     0.000     0.020    90.000   0.00030
     6.000     0.020    90.000    31.200     9.690     0.000     0.000     0.020    90.000   0.00030
     9.000     0.020    90.000    31.700     9.440     0.000     0.000     0.020    90.000   0.00030
    12.000     0.020    90.000    31.800     9.340     0.000     0.000     0.020    90.000   0.00030
    15.000     0.050    90.000    31.900     9.220     0.000     0.000     0.020    90.000   0.00030
----------------------------------------------------------------------------------------------------
Diffuser Table:
     P-dia    P-elev   V-angle   H-angle     Ports   Spacing   AcuteMZ   ChrncMZ   P-depth   Ttl-flo   Eff-sal      Temp   Polutnt
       (m)       (m)     (deg)     (deg)       ( )       (m)       (m)       (m)       (m)     (cms)     (psu)       (C)    (mg/L)
      0.20     15.00    -45.00     90.00      1.00      0.00     20.70    207.00      2.00      0.01     35.00     10.00 100000.00
----------------------------------------------------------------------------------------------------
Simulation Results:
              Dilutn     P-dia    x-posn    y-posn     Depth      Time   Net-Dil     P-Den    P-Con.     P-Sal    P-Temp  Amb-Curr    CL-Dil
      Step (FluxAvg)       (m)       (m)       (m)       (m)       (s)        ()   (kg/m3)    (mg/L)     (psu)       (C)     (m/s)        ()
         1     1.020     0.158     0.000     0.006    -2.006     0.032     1.020  1026.912 98033.309    34.924    10.013     0.020     1.000
         2     1.041     0.161     0.000     0.011    -2.012     0.064     1.041  1026.852 96105.410    34.849    10.026     0.020     1.000
         3     1.061     0.164     0.000     0.017    -2.017     0.097     1.061  1026.792 94215.535    34.775    10.038     0.020     1.000
         4     1.083     0.167     0.000     0.023    -2.023     0.130     1.083  1026.734 92362.931    34.703    10.051     0.020     1.000
         5     1.104     0.170     0.000     0.029    -2.029     0.165     1.104  1026.677 90546.857    34.632    10.063     0.020     1.000
         6     1.127     0.173     0.000     0.035    -2.035     0.201     1.127  1026.621 88766.590    34.563    10.074     0.020     1.000
         7     1.149     0.176     0.000     0.041    -2.041     0.239     1.149  1026.566 87021.419    34.495    10.086     0.020     1.000
         8     1.172     0.179     0.000     0.047    -2.048     0.277     1.172  1026.512 85310.650    34.429    10.097     0.020     1.000
         9     1.196     0.182     0.000     0.053    -2.054     0.317     1.196  1026.460 83633.600    34.364    10.108     0.020     1.000
        10     1.220     0.185     0.000     0.060    -2.061     0.358     1.220  1026.408 81989.602    34.300    10.119     0.020     1.000
        11     1.244     0.189     0.000     0.066    -2.068     0.401     1.244  1026.358 80378.000    34.237    10.129     0.020     1.000
        12     1.269     0.192     0.000     0.073    -2.075     0.445     1.269  1026.308 78798.154    34.176    10.139     0.020     1.000
        13     1.295     0.195     0.000     0.080    -2.082     0.490     1.295  1026.259 77249.435    34.116    10.149     0.020     1.000
        14     1.320     0.199     0.000     0.086    -2.089     0.538     1.320  1026.212 75731.226    34.057    10.159     0.020     1.000
        15     1.347     0.202     0.000     0.093    -2.096     0.586     1.347  1026.165 74242.924    33.999    10.169     0.020     1.000
        16     1.374     0.206     0.000     0.100    -2.103     0.636     1.374  1026.119 72783.937    33.942    10.178     0.020     1.000
        17     1.401     0.209     0.000     0.107    -2.111     0.688     1.401  1026.075 71353.685    33.887    10.187     0.020     1.000
        18     1.430     0.213     0.000     0.115    -2.119     0.741     1.430  1026.031 69951.600    33.832    10.196     0.020     1.000
        19     1.458     0.217     0.000     0.122    -2.127     0.797     1.458  1025.988 68577.124    33.779    10.205     0.020     1.000
        20     1.487     0.220     0.000     0.129    -2.135     0.854     1.487  1025.945 67229.712    33.726    10.213     0.020     1.000
        21     1.517     0.224     0.000     0.137    -2.143     0.912     1.517  1025.904 65908.828    33.675    10.221     0.020     1.000
        22     1.548     0.228     0.000     0.145    -2.151     0.973     1.548  1025.864 64613.948    33.625    10.229     0.020     1.000
        23     1.579     0.232     0.000     0.152    -2.160     1.035     1.579  1025.824 63344.559    33.576    10.237     0.020     1.000
        24     1.610     0.236     0.000     0.160    -2.169     1.100     1.610  1025.785 62100.156    33.528    10.245     0.020     1.000
        25     1.643     0.240     0.000     0.168    -2.177     1.166     1.643  1025.747 60880.246    33.480    10.252     0.020     1.000
        26     1.675     0.244     0.000     0.176    -2.186     1.235     1.675  1025.710 59684.344    33.434    10.259     0.020     1.000
        27     1.709     0.248     0.000     0.185    -2.196     1.305     1.709  1025.673 58511.978    33.388    10.266     0.020     1.000
        28     1.743     0.252     0.000     0.193    -2.205     1.378     1.743  1025.637 57362.681    33.344    10.273     0.020     1.000
        29     1.778     0.256     0.000     0.201    -2.215     1.453     1.778  1025.602 56235.999    33.300    10.280     0.020     1.000
        30     1.814     0.260     0.000     0.210    -2.225     1.530     1.814  1025.568 55131.484    33.258    10.287     0.020     1.000
        31     1.850     0.264     0.000     0.219    -2.235     1.610     1.850  1025.534 54048.700    33.216    10.293     0.020     1.000
        32     1.887     0.269     0.000     0.227    -2.245     1.691     1.887  1025.501 52987.217    33.175    10.299     0.020     1.000
        33     1.925     0.273     0.000     0.236    -2.255     1.775     1.925  1025.469 51946.615    33.134    10.305     0.020     1.000
        34     1.964     0.277     0.000     0.245    -2.266     1.862     1.964  1025.437 50926.482    33.095    10.311     0.020     1.000
        35     2.003     0.282     0.000     0.254    -2.277     1.951     2.003  1025.406 49926.413    33.056    10.316     0.020     1.001
        36     2.043     0.286     0.000     0.264    -2.288     2.042     2.043  1025.376 48946.014    33.019    10.322     0.020     1.022
        37     2.084     0.291     0.000     0.273    -2.299     2.136     2.084  1025.346 47984.896    32.982    10.327     0.020     1.042
        38     2.126     0.295     0.000     0.282    -2.310     2.232     2.126  1025.317 47042.678    32.945    10.332     0.020     1.063
        39     2.168     0.300     0.000     0.292    -2.322     2.331     2.168  1025.288 46118.989    32.910    10.337     0.020     1.084
        40     2.212     0.305     0.000     0.301    -2.333     2.432     2.212  1025.261 45213.463    32.875    10.342     0.020     1.106
        41     2.256     0.310     0.000     0.311    -2.345     2.536     2.256  1025.233 44325.740    32.841    10.347     0.020     1.128
        42     2.301     0.314     0.000     0.321    -2.358     2.642     2.301  1025.206 43455.472    32.807    10.351     0.020     1.151
        43     2.347     0.319     0.000     0.330    -2.370     2.751     2.347  1025.180 42602.313    32.774    10.356     0.020     1.174
        44     2.394     0.324     0.000     0.340    -2.383     2.863     2.394  1025.154 41765.926    32.742    10.360     0.020     1.197
        45     2.442     0.329     0.000     0.350    -2.395     2.977     2.442  1025.129 40945.981    32.711    10.364     0.020     1.221
        46     2.491     0.334     0.000     0.360    -2.408     3.094     2.491  1025.105 40142.153    32.680    10.368     0.020     1.246
        47     2.541     0.339     0.000     0.371    -2.422     3.213     2.541  1025.080 39354.126    32.650    10.372     0.020     1.271
        48     2.592     0.344     0.000     0.381    -2.435     3.336     2.592  1025.057 38581.587    32.620    10.375     0.020     1.296
        49     2.644     0.349     0.000     0.391    -2.449     3.461     2.644  1025.034 37824.231    32.591    10.379     0.020     1.322
        50     2.697     0.355     0.000     0.401    -2.462     3.589     2.697  1025.011 37081.761    32.563    10.382     0.020     1.348
        51     2.751     0.360     0.000     0.412    -2.476     3.720     2.751  1024.989 36353.881    32.535    10.386     0.020     1.375
        52     2.806     0.365     0.000     0.422    -2.491     3.854     2.806  1024.967 35640.305    32.508    10.389     0.020     1.403
        53     2.862     0.371     0.000     0.433    -2.505     3.990     2.862  1024.946 34940.752    32.481    10.392     0.020     1.431
        54     2.919     0.376     0.000     0.444    -2.520     4.130     2.919  1024.925 34254.944    32.455    10.394     0.020     1.460
        55     2.978     0.382     0.000     0.454    -2.535     4.272     2.978  1024.905 33582.612    32.429    10.397     0.020     1.489
        56     3.037     0.387     0.000     0.465    -2.550     4.418     3.037  1024.885 32923.490    32.404    10.400     0.020     1.519
        57     3.098     0.393     0.000     0.476    -2.565     4.567     3.098  1024.865 32277.317    32.380    10.402     0.020     1.549
        58     3.160     0.399     0.000     0.487    -2.581     4.718     3.160  1024.846 31643.840    32.356    10.404     0.020     1.580
        59     3.223     0.404     0.000     0.498    -2.597     4.873     3.223  1024.828 31022.808    32.332    10.407     0.020     1.612
        60     3.288     0.410     0.000     0.509    -2.613     5.031     3.288  1024.809 30413.976    32.309    10.409     0.020     1.644
        61     3.354     0.416     0.000     0.520    -2.629     5.192     3.354  1024.792 29817.104    32.287    10.411     0.020     1.677
        62     3.421     0.422     0.000     0.532    -2.645     5.356     3.421  1024.774 29231.957    32.265    10.412     0.020     1.710
        63     3.489     0.428     0.000     0.543    -2.662     5.524     3.489  1024.757 28658.304    32.243    10.414     0.020     1.745
        64     3.559     0.434     0.000     0.554    -2.679     5.695     3.559  1024.740 28095.918    32.222    10.416     0.020     1.780
        65     3.630     0.441     0.000     0.566    -2.696     5.869     3.630  1024.724 27544.579    32.201    10.417     0.020     1.815
        66     3.703     0.447     0.000     0.577    -2.713     6.046     3.703  1024.708 27004.068    32.181    10.419     0.020     1.852
        67     3.777     0.453     0.000     0.589    -2.731     6.227     3.777  1024.692 26474.173    32.161    10.420     0.020     1.889
        68     3.853     0.459     0.000     0.600    -2.749     6.412     3.853  1024.677 25954.684    32.142    10.421     0.020     1.926
        69     3.930     0.466     0.000     0.612    -2.767     6.600     3.930  1024.662 25445.398    32.123    10.422     0.020     1.965
        70     4.009     0.472     0.000     0.623    -2.785     6.791     4.009  1024.648 24946.113    32.104    10.423     0.020     2.004
        71     4.089     0.479     0.000     0.635    -2.804     6.986     4.089  1024.633 24456.633    32.086    10.424     0.020     2.044
        72     4.171     0.486     0.000     0.647    -2.822     7.184     4.171  1024.619 23976.765    32.068    10.424     0.020     2.085
        73     4.254     0.492     0.000     0.659    -2.841     7.387     4.254  1024.606 23506.320    32.051    10.425     0.020     2.127
        74     4.339     0.499     0.000     0.671    -2.861     7.593     4.339  1024.592 23045.113    32.034    10.425     0.020     2.170
        75     4.426     0.506     0.000     0.683    -2.880     7.802     4.426  1024.579 22592.961    32.017    10.426     0.020     2.213
        76     4.515     0.513     0.000     0.695    -2.900     8.016     4.515  1024.567 22149.687    32.001    10.426     0.020     2.257
        77     4.605     0.520     0.000     0.707    -2.920     8.233     4.605  1024.554 21715.116    31.985    10.426     0.020     2.303
        78     4.697     0.528     0.000     0.719    -2.940     8.454     4.697  1024.542 21289.078    31.969    10.426     0.020     2.349
        79     4.791     0.535     0.000     0.731    -2.960     8.680     4.791  1024.530 20871.404    31.954    10.426     0.020     2.396
        80     4.887     0.542     0.000     0.744    -2.981     8.909     4.887  1024.519 20461.930    31.939    10.426     0.020     2.444
        81     4.985     0.550     0.000     0.756    -3.002     9.142     4.985  1024.508 20060.495    31.924    10.425     0.020     2.492
        82     5.085     0.557     0.000     0.769    -3.023     9.380     5.085  1024.497 19666.941    31.910    10.425     0.020     2.542
        83     5.186     0.565     0.000     0.781    -3.045     9.621     5.186  1024.486 19281.113    31.896    10.424     0.020     2.593
        84     5.290     0.572     0.000     0.794    -3.066     9.867     5.290  1024.475 18902.858    31.883    10.424     0.020     2.645
        85     5.396     0.580     0.000     0.806    -3.088    10.117     5.396  1024.465 18532.027    31.869    10.423     0.020     2.698
        86     5.504     0.588     0.000     0.819    -3.111    10.372     5.504  1024.455 18168.476    31.856    10.422     0.020     2.752
        87     5.614     0.596     0.000     0.832    -3.133    10.630     5.614  1024.445 17812.060    31.843    10.422     0.020     2.807
        88     5.727     0.604     0.000     0.845    -3.156    10.894     5.727  1024.435 17462.639    31.831    10.421     0.020     2.863
        89     5.841     0.612     0.000     0.858    -3.179    11.162     5.841  1024.426 17120.077    31.818    10.420     0.020     2.921
        90     5.958     0.621     0.000     0.871    -3.202    11.434     5.958  1024.417 16784.238    31.806    10.418     0.020     2.979
        91     6.077     0.629     0.000     0.884    -3.225    11.711     6.077  1024.408 16454.990    31.794    10.417     0.020     3.039
        92     6.199     0.638     0.000     0.897    -3.249    11.993     6.199  1024.399 16132.204    31.783    10.416     0.020     3.099
        93     6.323     0.646     0.000     0.910    -3.273    12.280     6.323  1024.390 15815.752    31.771    10.415     0.020     3.161
        94     6.449     0.655     0.000     0.923    -3.298    12.571     6.449  1024.382 15505.512    31.760    10.413     0.020     3.225
        95     6.578     0.664     0.000     0.937    -3.322    12.868     6.578  1024.373 15201.359    31.749    10.412     0.020     3.289
        96     6.710     0.673     0.000     0.950    -3.347    13.169     6.710  1024.365 14903.175    31.738    10.410     0.020     3.355
        97     6.844     0.682     0.000     0.964    -3.372    13.475     6.844  1024.357 14610.843    31.728    10.408     0.020     3.422
        98     6.981     0.691     0.000     0.977    -3.398    13.787     6.981  1024.350 14324.248    31.717    10.407     0.020     3.491
        99     7.121     0.700     0.000     0.991    -3.423    14.103     7.121  1024.342 14043.277    31.707    10.405     0.020     3.560
       100     7.263     0.709     0.000     1.005    -3.449    14.425     7.263  1024.335 13767.819    31.697    10.403     0.020     3.632
       101     7.409     0.719     0.000     1.018    -3.476    14.752     7.409  1024.328 13497.766    31.688    10.401     0.020     3.704
       102     7.557     0.728     0.000     1.032    -3.502    15.085     7.557  1024.320 13233.013    31.678    10.399     0.020     3.778
       103     7.708     0.738     0.000     1.046    -3.529    15.423     7.708  1024.314 12973.454    31.669    10.397     0.020     3.854
       104     7.862     0.748     0.000     1.060    -3.556    15.766     7.862  1024.307 12718.989    31.659    10.394     0.020     3.931
       105     8.020     0.758     0.000     1.075    -3.583    16.115     8.020  1024.300 12469.516    31.650    10.392     0.020     4.010
       106     8.180     0.768     0.000     1.089    -3.611    16.470     8.180  1024.294 12224.939    31.642    10.389     0.020     4.090
       107     8.344     0.778     0.000     1.103    -3.639    16.831     8.344  1024.287 11985.161    31.633    10.387     0.020     4.172
       108     8.511     0.788     0.000     1.118    -3.667    17.197     8.511  1024.281 11750.087    31.624    10.384     0.020     4.255
       109     8.681     0.799     0.000     1.132    -3.696    17.570     8.681  1024.275 11519.625    31.616    10.382     0.020     4.340
       110     8.855     0.809     0.000     1.147    -3.725    17.948     8.855  1024.269 11293.685    31.608    10.379     0.020     4.427
       111     9.032     0.820     0.000     1.161    -3.754    18.333     9.032  1024.264 11072.178    31.600    10.376     0.020     4.516
       112     9.212     0.831     0.000     1.176    -3.784    18.724     9.212  1024.258 10855.017    31.592    10.373     0.020     4.606
       113     9.397     0.842     0.000     1.191    -3.813    19.121     9.397  1024.253 10642.117    31.584    10.370     0.020     4.698
       114     9.585     0.853     0.000     1.206    -3.843    19.524     9.585  1024.247 10433.394    31.577    10.367     0.020     4.792
       115     9.776     0.864     0.000     1.221    -3.874    19.934     9.776  1024.242 10228.765    31.569    10.364     0.020     4.888
       116     9.972     0.876     0.000     1.237    -3.904    20.351     9.972  1024.237 10028.151    31.562    10.361     0.020     4.986
       117    10.171     0.887     0.000     1.252    -3.935    20.774    10.171  1024.232  9831.473    31.555    10.358     0.020     5.086
       118    10.375     0.899     0.000     1.267    -3.967    21.205    10.375  1024.227  9638.654    31.548    10.354     0.020     5.187
       119    10.582     0.911     0.000     1.283    -3.998    21.642    10.582  1024.222  9449.617    31.541    10.351     0.020     5.291
       120    10.794     0.923     0.000     1.299    -4.030    22.086    10.794  1024.218  9264.288    31.535    10.347     0.020     5.397
       121    11.010     0.935     0.000     1.314    -4.063    22.537    11.010  1024.213  9082.596    31.528    10.344     0.020     5.505
       122    11.230     0.948     0.000     1.330    -4.095    22.996    11.230  1024.209  8904.468    31.522    10.340     0.020     5.615
       123    11.455     0.960     0.000     1.346    -4.128    23.462    11.455  1024.205  8729.834    31.515    10.336     0.020     5.727
       124    11.684     0.973     0.000     1.362    -4.161    23.935    11.684  1024.200  8558.626    31.509    10.332     0.020     5.842
       125    11.918     0.986     0.000     1.379    -4.195    24.416    11.918  1024.196  8390.776    31.503    10.329     0.020     5.959
       126    12.156     0.999     0.000     1.395    -4.229    24.905    12.156  1024.192  8226.220    31.497    10.325     0.020     6.078
       127    12.399     1.013     0.000     1.412    -4.263    25.401    12.399  1024.189  8064.891    31.491    10.320     0.020     6.200
       128    12.647     1.026     0.000     1.428    -4.297    25.906    12.647  1024.185  7906.727    31.486    10.316     0.020     6.324
       129    12.900     1.040     0.000     1.445    -4.332    26.419    12.900  1024.181  7751.665    31.480    10.312     0.020     6.450
       130    13.159     1.054     0.000     1.462    -4.367    26.940    13.159  1024.178  7599.646    31.475    10.308     0.020     6.579
       131    13.422     1.068     0.000     1.479    -4.403    27.469    13.422  1024.174  7450.608    31.469    10.303     0.020     6.711
       132    13.690     1.082     0.000     1.496    -4.439    28.007    13.690  1024.171  7304.494    31.464    10.299     0.020     6.845
       133    13.964     1.097     0.000     1.514    -4.475    28.554    13.964  1024.167  7161.245    31.459    10.294     0.020     6.982
       134    14.243     1.111     0.000     1.531    -4.511    29.110    14.243  1024.164  7020.807    31.454    10.290     0.020     7.122
       135    14.528     1.126     0.000     1.549    -4.548    29.674    14.528  1024.161  6883.123    31.449    10.285     0.020     7.264
       136    14.819     1.141     0.000     1.567    -4.585    30.248    14.819  1024.158  6748.140    31.444    10.280     0.020     7.409
       137    15.115     1.157     0.000     1.585    -4.623    30.831    15.115  1024.155  6615.805    31.439    10.276     0.020     7.558
       138    15.418     1.173     0.000     1.603    -4.661    31.424    15.418  1024.153  6486.066    31.434    10.271     0.020     7.709
       139    15.726     1.188     0.000     1.621    -4.699    32.026    15.726  1024.150  6358.871    31.430    10.266     0.020     7.863
       140    16.041     1.205     0.000     1.640    -4.738    32.638    16.041  1024.147  6234.171    31.425    10.261     0.020     8.020
       141    16.361     1.221     0.000     1.659    -4.777    33.260    16.361  1024.145  6111.917    31.421    10.255     0.020     8.181
       142    16.689     1.238     0.000     1.678    -4.816    33.893    16.689  1024.142  5992.061    31.416    10.250     0.020     8.344
       143    17.023     1.254     0.000     1.697    -4.855    34.535    17.023  1024.140  5874.556    31.412    10.245     0.020     8.511
       144    17.363     1.272     0.000     1.716    -4.895    35.189    17.363  1024.137  5759.355    31.408    10.240     0.020     8.682
       145    17.710     1.289     0.000     1.735    -4.936    35.853    17.710  1024.135  5646.414    31.404    10.234     0.020     8.855
       146    18.065     1.307     0.000     1.755    -4.976    36.528    18.065  1024.133  5535.688    31.400    10.228     0.020     9.032
       147    18.426     1.325     0.000     1.775    -5.017    37.214    18.426  1024.131  5427.134    31.396    10.223     0.020     9.213
       148    18.794     1.343     0.000     1.795    -5.058    37.912    18.794  1024.129  5320.709    31.392    10.217     0.020     9.397
       149    19.170     1.362     0.000     1.815    -5.100    38.621    19.170  1024.127  5216.371    31.388    10.211     0.020     9.585
       150    19.554     1.381     0.000     1.836    -5.142    39.342    19.554  1024.125  5114.080    31.385    10.206     0.020     9.777
       151    19.945     1.400     0.000     1.857    -5.184    40.075    19.945  1024.123  5013.795    31.381    10.200     0.020     9.972
       152    20.344     1.420     0.000     1.878    -5.227    40.821    20.344  1024.121  4915.477    31.378    10.194     0.020    10.172
       153    20.751     1.440     0.000     1.899    -5.270    41.579    20.751  1024.120  4819.087    31.374    10.188     0.020    10.375
       154    21.166     1.460     0.000     1.920    -5.313    42.350    21.166  1024.118  4724.588    31.371    10.181     0.020    10.583
       155    21.589     1.480     0.000     1.942    -5.357    43.134    21.589  1024.116  4631.941    31.367    10.175     0.020    10.795
       156    22.021     1.502     0.000     1.964    -5.401    43.931    22.021  1024.115  4541.112    31.364    10.169     0.020    11.011
       157    22.461     1.523     0.000     1.986    -5.445    44.742    22.461  1024.113  4452.065    31.361    10.162     0.020    11.231
       158    22.911     1.545     0.000     2.008    -5.490    45.566    22.911  1024.112  4364.763    31.358    10.156     0.020    11.455
       159    23.369     1.567     0.000     2.031    -5.535    46.405    23.369  1024.111  4279.174    31.355    10.149     0.020    11.684
       160    23.836     1.589     0.000     2.054    -5.580    47.258    23.836  1024.109  4195.264    31.352    10.143     0.020    11.918
       161    24.313     1.613     0.000     2.077    -5.626    48.126    24.313  1024.108  4112.999    31.349    10.136     0.020    12.157
       162    24.799     1.636     0.000     2.101    -5.672    49.009    24.799  1024.107  4032.347    31.346    10.129     0.020    12.400
       163    25.295     1.660     0.000     2.125    -5.718    49.908    25.295  1024.106  3953.277    31.343    10.122     0.020    12.648
       164    25.801     1.684     0.000     2.149    -5.764    50.821    25.801  1024.105  3875.758    31.340    10.115     0.020    12.901
       165    26.317     1.709     0.000     2.173    -5.811    51.751    26.317  1024.104  3799.759    31.337    10.108     0.020    13.159
       166    26.844     1.735     0.000     2.198    -5.858    52.698    26.844  1024.103  3725.251    31.335    10.101     0.020    13.422
       167    27.381     1.760     0.000     2.223    -5.906    53.661    27.381  1024.102  3652.204    31.332    10.094     0.020    13.690
       168    27.928     1.787     0.000     2.248    -5.954    54.641    27.928  1024.101  3580.589    31.329    10.087     0.020    13.964
       169    28.487     1.814     0.000     2.274    -6.001    55.638    28.487  1024.101  3510.379    31.327    10.079     0.020    14.243
       170    29.057     1.841     0.000     2.300    -6.050    56.653    29.057  1024.100  3441.545    31.324    10.072     0.020    14.528
       171    29.638     1.869     0.000     2.327    -6.098    57.686    29.638  1024.099  3374.062    31.322    10.065     0.020    14.819
       172    30.231     1.898     0.000     2.353    -6.147    58.738    30.231  1024.099  3307.902    31.320    10.057     0.020    15.115
       173    30.835     1.928     0.000     2.380    -6.196    59.810    30.835  1024.098  3243.040    31.318    10.050     0.020    15.418
       174    31.452     1.960     0.000     2.408    -6.244    60.898    31.452  1024.098  3179.451    31.316    10.042     0.020    15.726
       175    32.081     1.993     0.000     2.436    -6.293    62.005    32.081  1024.098  3117.108    31.314    10.035     0.020    16.041
---------------------------- Plume traps -----------------------------
------------------------- merging happened ---------------------------
       176    32.723     2.028     0.000     2.464    -6.341    63.129    32.723  1024.098  3055.989    31.313    10.028     0.020    16.361
       177    33.363     2.065     0.000     2.492    -6.388    64.246    33.363  1024.098  2997.346    31.312    10.021     0.020    16.681
       178    33.946     2.101     0.000     2.517    -6.430    65.258    33.946  1024.099  2945.877    31.311    10.015     0.020    16.973
       179    34.483     2.135     0.000     2.540    -6.467    66.177    34.483  1024.099  2899.993    31.310    10.009     0.020    17.241
       180    34.974     2.167     0.000     2.560    -6.500    67.012    34.974  1024.099  2859.252    31.309    10.004     0.020    17.487
       181    35.432     2.197     0.000     2.579    -6.530    67.784    35.432  1024.100  2822.279    31.309    10.000     0.020    17.716
       182    35.862     2.227     0.000     2.597    -6.558    68.504    35.862  1024.100  2788.456    31.309     9.996     0.020    17.931
       183    36.270     2.255     0.000     2.614    -6.583    69.184    36.270  1024.101  2757.134    31.308     9.992     0.020    18.135
       184    36.658     2.282     0.000     2.630    -6.607    69.828    36.658  1024.101  2727.952    31.308     9.988     0.020    18.329
       185    37.029     2.309     0.000     2.645    -6.629    70.441    37.029  1024.102  2700.584    31.308     9.984     0.020    18.515
       186    37.386     2.335     0.000     2.659    -6.650    71.028    37.386  1024.102  2674.808    31.308     9.981     0.020    18.693
       187    37.730     2.360     0.000     2.673    -6.670    71.590    37.730  1024.103  2650.429    31.308     9.978     0.020    18.865
       188    38.062     2.385     0.000     2.686    -6.688    72.130    38.062  1024.103  2627.295    31.308     9.975     0.020    19.031
       189    38.384     2.409     0.000     2.698    -6.706    72.650    38.384  1024.104  2605.275    31.308     9.972     0.020    19.192
       190    38.696     2.433     0.000     2.711    -6.723    73.152    38.696  1024.104  2584.261    31.308     9.969     0.020    19.348
       191    38.999     2.457     0.000     2.722    -6.738    73.637    38.999  1024.105  2564.157    31.308     9.967     0.020    19.500
       192    39.295     2.480     0.000     2.734    -6.754    74.107    39.295  1024.105  2544.882    31.308     9.964     0.020    19.647
       193    39.583     2.503     0.000     2.745    -6.768    74.562    39.583  1024.105  2526.366    31.308     9.962     0.020    19.791
       194    39.864     2.525     0.000     2.755    -6.782    75.003    39.864  1024.106  2508.545    31.309     9.959     0.020    19.932
       195    40.126     2.547     0.000     2.766    -6.795    75.432    40.126  1024.106  2492.122    31.309     9.957     0.020    20.063
       196    40.379     2.568     0.000     2.776    -6.808    75.856    40.379  1024.107  2476.557    31.309     9.955     0.020    20.189
       197    40.617     2.588     0.000     2.786    -6.820    76.274    40.617  1024.107  2462.009    31.309     9.953     0.020    20.309
       198    40.846     2.608     0.000     2.796    -6.832    76.688    40.846  1024.108  2448.232    31.309     9.951     0.020    20.423
       199    41.063     2.628     0.000     2.806    -6.844    77.096    41.063  1024.108  2435.284    31.309     9.950     0.020    20.531
       200    41.270     2.647     0.000     2.815    -6.855    77.498    41.270  1024.108  2423.050    31.309     9.948     0.020    20.635
       201    41.467     2.666     0.000     2.825    -6.866    77.895    41.467  1024.109  2411.528    31.309     9.946     0.020    20.734
       202    41.655     2.684     0.000     2.834    -6.877    78.286    41.655  1024.109  2400.648    31.310     9.945     0.020    20.828
       203    41.834     2.702     0.000     2.843    -6.888    78.672    41.834  1024.110  2390.386    31.310     9.944     0.020    20.917
       204    42.005     2.719     0.000     2.853    -6.898    79.051    42.005  1024.110  2380.694    31.310     9.942     0.020    21.002
       205    42.167     2.736     0.000     2.861    -6.908    79.425    42.167  1024.110  2371.542    31.310     9.941     0.020    21.083
       206    42.321     2.753     0.000     2.870    -6.917    79.793    42.321  1024.110  2362.892    31.310     9.940     0.020    21.161
       207    42.468     2.769     0.000     2.879    -6.926    80.155    42.468  1024.111  2354.714    31.310     9.939     0.020    21.234
       208    42.608     2.785     0.000     2.887    -6.935    80.512    42.608  1024.111  2346.978    31.311     9.938     0.020    21.304
       209    42.741     2.801     0.000     2.896    -6.944    80.863    42.741  1024.111  2339.655    31.311     9.937     0.020    21.371
       210    42.868     2.816     0.000     2.904    -6.952    81.208    42.868  1024.112  2332.719    31.311     9.936     0.020    21.434
       211    42.990     2.831     0.000     2.912    -6.961    81.548    42.990  1024.112  2326.146    31.311     9.935     0.020    21.495
       212    43.105     2.846     0.000     2.920    -6.969    81.883    43.105  1024.112  2319.913    31.311     9.934     0.020    21.553
       213    43.215     2.860     0.000     2.928    -6.976    82.212    43.215  1024.112  2313.999    31.311     9.933     0.020    21.608
       214    43.320     2.875     0.000     2.936    -6.984    82.536    43.320  1024.113  2308.383    31.311     9.932     0.020    21.660
       215    43.421     2.888     0.000     2.943    -6.991    82.855    43.421  1024.113  2303.046    31.311     9.932     0.020    21.710
       216    43.517     2.902     0.000     2.951    -6.998    83.169    43.517  1024.113  2297.973    31.312     9.931     0.020    21.758
       217    43.608     2.915     0.000     2.958    -7.005    83.477    43.608  1024.113  2293.145    31.312     9.930     0.020    21.804
       218    43.696     2.929     0.000     2.965    -7.011    83.782    43.696  1024.113  2288.549    31.312     9.929     0.020    21.848
       219    43.780     2.941     0.000     2.972    -7.018    84.081    43.780  1024.114  2284.171    31.312     9.929     0.020    21.890
       220    43.860     2.954     0.000     2.979    -7.024    84.376    43.860  1024.114  2279.996    31.312     9.928     0.020    21.930
       221    43.936     2.967     0.000     2.986    -7.030    84.666    43.936  1024.114  2276.014    31.312     9.928     0.020    21.968
       222    44.010     2.979     0.000     2.993    -7.036    84.952    44.010  1024.114  2272.212    31.312     9.927     0.020    22.005
       223    44.080     2.991     0.000     3.000    -7.042    85.234    44.080  1024.114  2268.581    31.312     9.927     0.020    22.040
       224    44.148     3.003     0.000     3.006    -7.047    85.512    44.148  1024.114  2265.110    31.312     9.926     0.020    22.074
       225    44.213     3.014     0.000     3.013    -7.053    85.785    44.213  1024.115  2261.790    31.312     9.926     0.020    22.106
       226    44.275     3.026     0.000     3.019    -7.058    86.055    44.275  1024.115  2258.613    31.313     9.925     0.020    22.137
       227    44.335     3.037     0.000     3.026    -7.063    86.321    44.335  1024.115  2255.571    31.313     9.925     0.020    22.167
       228    44.392     3.048     0.000     3.032    -7.068    86.583    44.392  1024.115  2252.656    31.313     9.924     0.020    22.196
       229    44.447     3.059     0.000     3.038    -7.073    86.841    44.447  1024.115  2249.861    31.313     9.924     0.020    22.224
       230    44.500     3.069     0.000     3.044    -7.077    87.096    44.500  1024.115  2247.180    31.313     9.924     0.020    22.250
       231    44.551     3.080     0.000     3.050    -7.082    87.348    44.551  1024.115  2244.606    31.313     9.923     0.020    22.276
       232    44.600     3.090     0.000     3.056    -7.086    87.596    44.600  1024.115  2242.135    31.313     9.923     0.020    22.300
       233    44.648     3.100     0.000     3.062    -7.090    87.841    44.648  1024.116  2239.761    31.313     9.923     0.020    22.324
       234    44.693     3.110     0.000     3.067    -7.095    88.082    44.693  1024.116  2237.478    31.313     9.922     0.020    22.347
       235    44.737     3.120     0.000     3.073    -7.099    88.321    44.737  1024.116  2235.283    31.313     9.922     0.020    22.369
       236    44.779     3.130     0.000     3.079    -7.103    88.556    44.779  1024.116  2233.170    31.313     9.922     0.020    22.390
       237    44.820     3.139     0.000     3.084    -7.106    88.789    44.820  1024.116  2231.137    31.313     9.921     0.020    22.410
       238    44.860     3.149     0.000     3.090    -7.110    89.019    44.860  1024.116  2229.178    31.313     9.921     0.020    22.430
       239    44.898     3.158     0.000     3.095    -7.114    89.246    44.898  1024.116  2227.290    31.313     9.921     0.020    22.449
       240    44.934     3.167     0.000     3.100    -7.117    89.470    44.934  1024.116  2225.471    31.314     9.920     0.020    22.467
       241    44.970     3.176     0.000     3.105    -7.121    89.691    44.970  1024.116  2223.716    31.314     9.920     0.020    22.485
       242    45.004     3.185     0.000     3.111    -7.124    89.911    45.004  1024.116  2222.023    31.314     9.920     0.020    22.502
       243    45.037     3.193     0.000     3.116    -7.127    90.127    45.037  1024.116  2220.390    31.314     9.920     0.020    22.519
       244    45.069     3.202     0.000     3.121    -7.130    90.341    45.069  1024.117  2218.812    31.314     9.919     0.020    22.535
       245    45.100     3.210     0.000     3.126    -7.133    90.553    45.100  1024.117  2217.289    31.314     9.919     0.020    22.550
       246    45.130     3.219     0.000     3.131    -7.136    90.763    45.130  1024.117  2215.817    31.314     9.919     0.020    22.565
       247    45.159     3.227     0.000     3.136    -7.139    90.970    45.159  1024.117  2214.394    31.314     9.919     0.020    22.580
       248    45.187     3.235     0.000     3.141    -7.142    91.175    45.187  1024.117  2213.019    31.314     9.919     0.020    22.594
       249    45.214     3.243     0.000     3.145    -7.145    91.378    45.214  1024.117  2211.689    31.314     9.918     0.020    22.607
       250    45.241     3.250     0.000     3.150    -7.148    91.579    45.241  1024.117  2210.403    31.314     9.918     0.020    22.620
       251    45.266     3.258     0.000     3.155    -7.150    91.779    45.266  1024.117  2209.158    31.314     9.918     0.020    22.633
       252    45.291     3.265     0.000     3.159    -7.153    91.976    45.291  1024.117  2207.953    31.314     9.918     0.020    22.645
       253    45.315     3.273     0.000     3.164    -7.155    92.171    45.315  1024.117  2206.787    31.314     9.918     0.020    22.657
       254    45.338     3.280     0.000     3.169    -7.158    92.364    45.338  1024.117  2205.657    31.314     9.918     0.020    22.669
       255    45.360     3.287     0.000     3.173    -7.160    92.556    45.360  1024.117  2204.563    31.314     9.917     0.020    22.680
       256    45.382     3.294     0.000     3.178    -7.162    92.746    45.382  1024.117  2203.504    31.314     9.917     0.020    22.691
       257    45.403     3.301     0.000     3.182    -7.164    92.934    45.403  1024.117  2202.477    31.314     9.917     0.020    22.702
       258    45.424     3.308     0.000     3.187    -7.167    93.120    45.424  1024.117  2201.482    31.314     9.917     0.020    22.712
       259    45.444     3.314     0.000     3.191    -7.169    93.305    45.444  1024.117  2200.518    31.314     9.917     0.020    22.722
       260    45.463     3.321     0.000     3.195    -7.171    93.489    45.463  1024.118  2199.584    31.314     9.917     0.020    22.732
       261    45.482     3.327     0.000     3.200    -7.173    93.670    45.482  1024.118  2198.677    31.314     9.917     0.020    22.741
       262    45.500     3.334     0.000     3.204    -7.175    93.851    45.500  1024.118  2197.799    31.314     9.916     0.020    22.750
       263    45.518     3.340     0.000     3.208    -7.177    94.030    45.518  1024.118  2196.947    31.314     9.916     0.020    22.759
       264    45.535     3.346     0.000     3.212    -7.178    94.207    45.535  1024.118  2196.121    31.315     9.916     0.020    22.767
       265    45.551     3.352     0.000     3.216    -7.180    94.383    45.551  1024.118  2195.319    31.315     9.916     0.020    22.776
       266    45.568     3.358     0.000     3.220    -7.182    94.558    45.568  1024.118  2194.542    31.315     9.916     0.020    22.784
       267    45.583     3.363     0.000     3.225    -7.184    94.732    45.583  1024.118  2193.788    31.315     9.916     0.020    22.792
       268    45.598     3.369     0.000     3.229    -7.185    94.904    45.598  1024.118  2193.057    31.315     9.916     0.020    22.799
       269    45.613     3.375     0.000     3.233    -7.187    95.075    45.613  1024.118  2192.347    31.315     9.916     0.020    22.807
       270    45.628     3.380     0.000     3.237    -7.189    95.245    45.628  1024.118  2191.659    31.315     9.916     0.020    22.814
       271    45.641     3.385     0.000     3.241    -7.190    95.414    45.641  1024.118  2190.991    31.315     9.915     0.020    22.821
       272    45.655     3.390     0.000     3.245    -7.192    95.581    45.655  1024.118  2190.344    31.315     9.915     0.020    22.827
       273    45.668     3.396     0.000     3.249    -7.193    95.748    45.668  1024.118  2189.716    31.315     9.915     0.020    22.834
       274    45.681     3.401     0.000     3.252    -7.194    95.913    45.681  1024.118  2189.107    31.315     9.915     0.020    22.840
       275    45.693     3.405     0.000     3.256    -7.196    96.078    45.693  1024.118  2188.516    31.315     9.915     0.020    22.847
       276    45.705     3.410     0.000     3.260    -7.197    96.241    45.705  1024.118  2187.943    31.315     9.915     0.020    22.853
       277    45.717     3.415     0.000     3.264    -7.198    96.404    45.717  1024.118  2187.387    31.315     9.915     0.020    22.858
       278    45.728     3.419     0.000     3.268    -7.200    96.565    45.728  1024.118  2186.849    31.315     9.915     0.020    22.864
       279    45.739     3.424     0.000     3.272    -7.201    96.726    45.739  1024.118  2186.327    31.315     9.915     0.020    22.869
       280    45.749     3.428     0.000     3.275    -7.202    96.886    45.749  1024.118  2185.821    31.315     9.915     0.020    22.875
       281    45.760     3.432     0.000     3.279    -7.203    97.045    45.760  1024.118  2185.331    31.315     9.915     0.020    22.880
       282    45.770     3.437     0.000     3.283    -7.204    97.203    45.770  1024.118  2184.856    31.315     9.914     0.020    22.885
       283    45.779     3.441     0.000     3.287    -7.205    97.360    45.779  1024.118  2184.396    31.315     9.914     0.020    22.890
       284    45.789     3.445     0.000     3.290    -7.206    97.517    45.789  1024.118  2183.950    31.315     9.914     0.020    22.894
       285    45.798     3.448     0.000     3.294    -7.207    97.672    45.798  1024.118  2183.519    31.315     9.914     0.020    22.899
       286    45.806     3.452     0.000     3.298    -7.208    97.827    45.806  1024.118  2183.102    31.315     9.914     0.020    22.903
       287    45.815     3.456     0.000     3.301    -7.209    97.982    45.815  1024.118  2182.699    31.315     9.914     0.020    22.907
       288    45.823     3.459     0.000     3.305    -7.210    98.135    45.823  1024.118  2182.309    31.315     9.914     0.020    22.912
       289    45.831     3.463     0.000     3.309    -7.211    98.288    45.831  1024.118  2181.932    31.315     9.914     0.020    22.915
       290    45.839     3.466     0.000     3.312    -7.212    98.441    45.839  1024.118  2181.568    31.315     9.914     0.020    22.919
       291    45.846     3.469     0.000     3.316    -7.213    98.592    45.846  1024.118  2181.217    31.315     9.914     0.020    22.923
       292    45.853     3.473     0.000     3.319    -7.214    98.743    45.853  1024.119  2180.878    31.315     9.914     0.020    22.927
       293    45.860     3.476     0.000     3.323    -7.214    98.894    45.860  1024.119  2180.551    31.315     9.914     0.020    22.930
       294    45.867     3.479     0.000     3.326    -7.215    99.044    45.867  1024.119  2180.236    31.315     9.914     0.020    22.933
       295    45.873     3.481     0.000     3.330    -7.216    99.193    45.873  1024.119  2179.933    31.315     9.914     0.020    22.936
       296    45.879     3.484     0.000     3.333    -7.216    99.342    45.879  1024.119  2179.641    31.315     9.914     0.020    22.940
       297    45.885     3.487     0.000     3.337    -7.217    99.491    45.885  1024.119  2179.361    31.315     9.914     0.020    22.943
       298    45.891     3.489     0.000     3.340    -7.218    99.638    45.891  1024.119  2179.091    31.315     9.914     0.020    22.945
       299    45.896     3.492     0.000     3.344    -7.218    99.786    45.896  1024.119  2178.833    31.315     9.914     0.020    22.948
       300    45.901     3.494     0.000     3.347    -7.219    99.933    45.901  1024.119  2178.585    31.315     9.914     0.020    22.951
       301    45.906     3.496     0.000     3.351    -7.219   100.080    45.906  1024.119  2178.348    31.315     9.914     0.020    22.953
       302    45.911     3.499     0.000     3.354    -7.220   100.226    45.911  1024.119  2178.122    31.315     9.913     0.020    22.956
       303    45.916     3.501     0.000     3.358    -7.220   100.372    45.916  1024.119  2177.906    31.315     9.913     0.020    22.958
       304    45.920     3.503     0.000     3.361    -7.221   100.517    45.920  1024.119  2177.700    31.315     9.913     0.020    22.960
       305    45.924     3.505     0.000     3.365    -7.221   100.662    45.924  1024.119  2177.504    31.315     9.913     0.020    22.962
       306    45.928     3.506     0.000     3.368    -7.222   100.807    45.928  1024.119  2177.318    31.315     9.913     0.020    22.964
       307    45.932     3.508     0.000     3.371    -7.222   100.952    45.932  1024.119  2177.142    31.315     9.913     0.020    22.966
       308    45.935     3.510     0.000     3.375    -7.222   101.096    45.935  1024.119  2176.975    31.315     9.913     0.020    22.968
       309    45.939     3.511     0.000     3.378    -7.223   101.240    45.939  1024.119  2176.818    31.315     9.913     0.020    22.969
       310    45.942     3.513     0.000     3.382    -7.223   101.384    45.942  1024.119  2176.671    31.315     9.913     0.020    22.971
       311    45.945     3.514     0.000     3.385    -7.223   101.527    45.945  1024.119  2176.533    31.315     9.913     0.020    22.972
       312    45.947     3.515     0.000     3.388    -7.224   101.670    45.947  1024.119  2176.405    31.315     9.913     0.020    22.974
       313    45.950     3.516     0.000     3.392    -7.224   101.813    45.950  1024.119  2176.285    31.315     9.913     0.020    22.975
       314    45.952     3.517     0.000     3.395    -7.224   101.956    45.952  1024.119  2176.175    31.315     9.913     0.020    22.976
       315    45.954     3.518     0.000     3.398    -7.224   102.099    45.954  1024.119  2176.074    31.315     9.913     0.020    22.977
       316    45.956     3.519     0.000     3.402    -7.224   102.242    45.956  1024.119  2175.982    31.315     9.913     0.020    22.978
       317    45.958     3.520     0.000     3.405    -7.225   102.384    45.958  1024.119  2175.898    31.315     9.913     0.020    22.979
       318    45.960     3.520     0.000     3.409    -7.225   102.526    45.960  1024.119  2175.824    31.315     9.913     0.020    22.980
       319    45.961     3.521     0.000     3.412    -7.225   102.668    45.961  1024.119  2175.758    31.315     9.913     0.020    22.980
       320    45.962     3.521     0.000     3.415    -7.225   102.811    45.962  1024.119  2175.700    31.315     9.913     0.020    22.981
       321    45.963     3.522     0.000     3.419    -7.225   102.953    45.963  1024.119  2175.651    31.315     9.913     0.020    22.982
       322    45.964     3.522     0.000     3.422    -7.225   103.095    45.964  1024.119  2175.609    31.315     9.913     0.020    22.982
       323    45.965     3.522     0.000     3.425    -7.225   103.237    45.965  1024.119  2175.573    31.315     9.913     0.020    22.982
---------------------- Local maximum rise or fall --------------------
       324    45.966     3.522     0.000     3.429    -7.225   103.379    45.966  1024.119  2175.544    31.315     9.913     0.020    22.983
       325    45.966     3.522     0.000     3.432    -7.225   103.520    45.966  1024.119  2175.522    31.315     9.913     0.020    22.983
       326    45.966     3.522     0.000     3.435    -7.225   103.662    45.966  1024.119  2175.504    31.315     9.913     0.020    22.983
       327    45.967     3.522     0.000     3.439    -7.225   103.804    45.967  1024.119  2175.487    31.315     9.913     0.020    22.983
       328    45.967     3.522     0.000     3.442    -7.225   103.946    45.967  1024.119  2175.468    31.315     9.913     0.020    22.984
       329    45.968     3.521     0.000     3.445    -7.224   104.089    45.968  1024.119  2175.448    31.315     9.913     0.020    22.984
       330    45.968     3.521     0.000     3.449    -7.224   104.231    45.968  1024.119  2175.426    31.315     9.913     0.020    22.984
       331    45.969     3.520     0.000     3.452    -7.224   104.373    45.969  1024.119  2175.402    31.315     9.913     0.020    22.984
       332    45.969     3.520     0.000     3.455    -7.224   104.516    45.969  1024.119  2175.376    31.315     9.913     0.020    22.985
       333    45.970     3.519     0.000     3.459    -7.224   104.658    45.970  1024.119  2175.347    31.315     9.913     0.020    22.985
       334    45.970     3.518     0.000     3.462    -7.223   104.801    45.970  1024.119  2175.317    31.315     9.913     0.020    22.985
       335    45.971     3.517     0.000     3.466    -7.223   104.944    45.971  1024.119  2175.284    31.315     9.913     0.020    22.986
       336    45.972     3.516     0.000     3.469    -7.223   105.087    45.972  1024.119  2175.250    31.315     9.913     0.020    22.986
       337    45.973     3.515     0.000     3.472    -7.222   105.230    45.973  1024.119  2175.212    31.315     9.913     0.020    22.986
       338    45.973     3.514     0.000     3.476    -7.222   105.374    45.973  1024.119  2175.173    31.315     9.913     0.020    22.987
       339    45.974     3.513     0.000     3.479    -7.222   105.518    45.974  1024.119  2175.131    31.315     9.913     0.020    22.987
       340    45.975     3.512     0.000     3.482    -7.221   105.662    45.975  1024.119  2175.087    31.315     9.913     0.020    22.988
       341    45.976     3.510     0.000     3.486    -7.221   105.806    45.976  1024.119  2175.040    31.315     9.913     0.020    22.988
       342    45.977     3.509     0.000     3.489    -7.220   105.951    45.977  1024.119  2174.991    31.315     9.913     0.020    22.989
       343    45.978     3.507     0.000     3.493    -7.220   106.096    45.978  1024.119  2174.939    31.315     9.913     0.020    22.989
       344    45.979     3.506     0.000     3.496    -7.219   106.241    45.979  1024.119  2174.885    31.315     9.913     0.020    22.990
       345    45.981     3.504     0.000     3.500    -7.219   106.387    45.981  1024.119  2174.828    31.315     9.913     0.020    22.990
       346    45.982     3.502     0.000     3.503    -7.218   106.533    45.982  1024.119  2174.768    31.315     9.913     0.020    22.991
       347    45.983     3.500     0.000     3.507    -7.218   106.680    45.983  1024.119  2174.705    31.315     9.913     0.020    22.992
       348    45.985     3.498     0.000     3.510    -7.217   106.827    45.985  1024.119  2174.640    31.315     9.913     0.020    22.992
       349    45.986     3.496     0.000     3.513    -7.216   106.974    45.986  1024.119  2174.571    31.315     9.913     0.020    22.993
       350    45.988     3.494     0.000     3.517    -7.216   107.122    45.988  1024.119  2174.499    31.315     9.913     0.020    22.994
       351    45.989     3.492     0.000     3.520    -7.215   107.270    45.989  1024.119  2174.425    31.315     9.913     0.020    22.995
       352    45.991     3.490     0.000     3.524    -7.214   107.419    45.991  1024.119  2174.347    31.315     9.913     0.020    22.995
       353    45.993     3.487     0.000     3.527    -7.214   107.569    45.993  1024.119  2174.265    31.315     9.913     0.020    22.996
       354    45.994     3.485     0.000     3.531    -7.213   107.719    45.994  1024.119  2174.181    31.315     9.913     0.020    22.997
       355    45.996     3.482     0.000     3.535    -7.212   107.869    45.996  1024.119  2174.093    31.315     9.913     0.020    22.998
       356    45.998     3.480     0.000     3.538    -7.211   108.021    45.998  1024.119  2174.001    31.315     9.913     0.020    22.999
       357    46.000     3.477     0.000     3.542    -7.210   108.173    46.000  1024.119  2173.905    31.315     9.913     0.020    23.000
       358    46.002     3.474     0.000     3.545    -7.209   108.325    46.002  1024.119  2173.806    31.315     9.913     0.020    23.001
       359    46.004     3.471     0.000     3.549    -7.209   108.478    46.004  1024.119  2173.703    31.315     9.913     0.020    23.002
       360    46.007     3.468     0.000     3.553    -7.208   108.632    46.007  1024.119  2173.596    31.315     9.913     0.020    23.003
       361    46.009     3.465     0.000     3.556    -7.207   108.787    46.009  1024.119  2173.484    31.315     9.913     0.020    23.005
       362    46.012     3.462     0.000     3.560    -7.206   108.943    46.012  1024.119  2173.368    31.315     9.913     0.020    23.006
       363    46.014     3.459     0.000     3.564    -7.205   109.099    46.014  1024.119  2173.248    31.315     9.913     0.020    23.007
       364    46.017     3.456     0.000     3.567    -7.203   109.256    46.017  1024.119  2173.123    31.315     9.913     0.020    23.008
       365    46.019     3.452     0.000     3.571    -7.202   109.414    46.019  1024.119  2172.993    31.315     9.913     0.020    23.010
       366    46.022     3.449     0.000     3.575    -7.201   109.573    46.022  1024.119  2172.859    31.315     9.913     0.020    23.011
       367    46.025     3.445     0.000     3.579    -7.200   109.732    46.025  1024.119  2172.719    31.315     9.913     0.020    23.013
       368    46.028     3.442     0.000     3.582    -7.199   109.893    46.028  1024.119  2172.574    31.315     9.913     0.020    23.014
       369    46.032     3.438     0.000     3.586    -7.197   110.055    46.032  1024.119  2172.423    31.315     9.913     0.020    23.016
       370    46.035     3.434     0.000     3.590    -7.196   110.217    46.035  1024.119  2172.266    31.315     9.913     0.020    23.017
       371    46.038     3.430     0.000     3.594    -7.195   110.381    46.038  1024.119  2172.104    31.315     9.913     0.020    23.019
       372    46.042     3.426     0.000     3.598    -7.193   110.545    46.042  1024.119  2171.935    31.315     9.913     0.020    23.021
       373    46.046     3.422     0.000     3.602    -7.192   110.711    46.046  1024.119  2171.760    31.315     9.913     0.020    23.023
       374    46.049     3.418     0.000     3.606    -7.191   110.878    46.049  1024.119  2171.578    31.315     9.913     0.020    23.025
       375    46.053     3.414     0.000     3.609    -7.189   111.046    46.053  1024.119  2171.390    31.315     9.912     0.020    23.027
       376    46.058     3.410     0.000     3.613    -7.188   111.216    46.058  1024.119  2171.194    31.316     9.912     0.020    23.029
       377    46.062     3.405     0.000     3.618    -7.186   111.386    46.062  1024.119  2170.990    31.316     9.912     0.020    23.031
       378    46.066     3.401     0.000     3.622    -7.184   111.558    46.066  1024.119  2170.779    31.316     9.912     0.020    23.033
       379    46.071     3.396     0.000     3.626    -7.183   111.731    46.071  1024.119  2170.559    31.316     9.912     0.020    23.036
       380    46.076     3.392     0.000     3.630    -7.181   111.906    46.076  1024.119  2170.331    31.316     9.912     0.020    23.038
       381    46.081     3.387     0.000     3.634    -7.179   112.082    46.081  1024.119  2170.093    31.316     9.912     0.020    23.040
       382    46.086     3.382     0.000     3.638    -7.177   112.259    46.086  1024.119  2169.847    31.316     9.912     0.020    23.043
       383    46.092     3.378     0.000     3.642    -7.175   112.438    46.092  1024.119  2169.590    31.316     9.912     0.020    23.046
       384    46.097     3.373     0.000     3.647    -7.173   112.618    46.097  1024.119  2169.324    31.316     9.912     0.020    23.049
       385    46.103     3.368     0.000     3.651    -7.172   112.800    46.103  1024.119  2169.046    31.316     9.912     0.020    23.052
       386    46.109     3.363     0.000     3.655    -7.169   112.984    46.109  1024.119  2168.758    31.316     9.912     0.020    23.055
       387    46.116     3.357     0.000     3.660    -7.167   113.170    46.116  1024.119  2168.458    31.316     9.912     0.020    23.058
       388    46.122     3.352     0.000     3.664    -7.165   113.357    46.122  1024.119  2168.145    31.316     9.912     0.020    23.061
       389    46.129     3.347     0.000     3.668    -7.163   113.546    46.129  1024.119  2167.820    31.316     9.912     0.020    23.065
       390    46.137     3.342     0.000     3.673    -7.161   113.737    46.137  1024.119  2167.480    31.316     9.912     0.020    23.068
       391    46.144     3.336     0.000     3.677    -7.158   113.929    46.144  1024.119  2167.127    31.316     9.912     0.020    23.072
       392    46.152     3.330     0.000     3.682    -7.156   114.124    46.152  1024.119  2166.759    31.316     9.912     0.020    23.076
       393    46.160     3.325     0.000     3.687    -7.154   114.321    46.160  1024.119  2166.375    31.316     9.912     0.020    23.080
       394    46.169     3.319     0.000     3.691    -7.151   114.520    46.169  1024.119  2165.974    31.316     9.912     0.020    23.084
       395    46.178     3.313     0.000     3.696    -7.148   114.721    46.178  1024.119  2165.556    31.316     9.912     0.020    23.089
       396    46.187     3.308     0.000     3.701    -7.146   114.925    46.187  1024.119  2165.120    31.316     9.912     0.020    23.093
       397    46.197     3.302     0.000     3.706    -7.143   115.131    46.197  1024.119  2164.664    31.316     9.911     0.020    23.098
       398    46.207     3.296     0.000     3.711    -7.140   115.339    46.207  1024.119  2164.187    31.316     9.911     0.020    23.103
       399    46.217     3.290     0.000     3.716    -7.137   115.550    46.217  1024.119  2163.689    31.316     9.911     0.020    23.109
       400    46.228     3.283     0.000     3.721    -7.134   115.763    46.228  1024.119  2163.168    31.316     9.911     0.020    23.114
       401    46.240     3.277     0.000     3.726    -7.131   115.979    46.240  1024.119  2162.623    31.316     9.911     0.020    23.120
       402    46.252     3.271     0.000     3.731    -7.128   116.198    46.252  1024.120  2162.052    31.316     9.911     0.020    23.126
       403    46.265     3.265     0.000     3.736    -7.125   116.420    46.265  1024.120  2161.454    31.316     9.911     0.020    23.133
       404    46.279     3.258     0.000     3.741    -7.122   116.645    46.279  1024.120  2160.828    31.316     9.911     0.020    23.139
       405    46.293     3.252     0.000     3.747    -7.118   116.873    46.293  1024.120  2160.170    31.316     9.911     0.020    23.146
       406    46.307     3.245     0.000     3.752    -7.115   117.105    46.307  1024.120  2159.480    31.316     9.911     0.020    23.154
       407    46.323     3.239     0.000     3.758    -7.111   117.340    46.323  1024.120  2158.756    31.316     9.911     0.020    23.161
       408    46.339     3.232     0.000     3.763    -7.107   117.578    46.339  1024.120  2157.994    31.316     9.911     0.020    23.170
       409    46.357     3.225     0.000     3.769    -7.103   117.820    46.357  1024.120  2157.193    31.316     9.910     0.020    23.178
       410    46.375     3.218     0.000     3.775    -7.099   118.066    46.375  1024.120  2156.350    31.316     9.910     0.020    23.187
       411    46.394     3.212     0.000     3.781    -7.095   118.315    46.394  1024.120  2155.463    31.316     9.910     0.020    23.197
       412    46.414     3.205     0.000     3.787    -7.091   118.569    46.414  1024.120  2154.527    31.316     9.910     0.020    23.207
       413    46.435     3.198     0.000     3.793    -7.086   118.828    46.435  1024.120  2153.540    31.316     9.910     0.020    23.218
       414    46.458     3.191     0.000     3.799    -7.082   119.091    46.458  1024.120  2152.497    31.316     9.910     0.020    23.229
       415    46.481     3.184     0.000     3.805    -7.077   119.358    46.481  1024.120  2151.396    31.316     9.910     0.020    23.241
       416    46.507     3.177     0.000     3.812    -7.072   119.631    46.507  1024.120  2150.230    31.316     9.909     0.020    23.253
       417    46.533     3.170     0.000     3.818    -7.067   119.909    46.533  1024.120  2148.996    31.316     9.909     0.020    23.267
       418    46.562     3.162     0.000     3.825    -7.062   120.192    46.562  1024.120  2147.687    31.316     9.909     0.020    23.281
       419    46.592     3.155     0.000     3.832    -7.057   120.481    46.592  1024.120  2146.297    31.316     9.909     0.020    23.296
       420    46.624     3.148     0.000     3.839    -7.051   120.777    46.624  1024.120  2144.821    31.316     9.909     0.020    23.312
       421    46.658     3.141     0.000     3.846    -7.046   121.078    46.658  1024.120  2143.249    31.316     9.908     0.020    23.329
       422    46.695     3.134     0.000     3.853    -7.040   121.387    46.695  1024.120  2141.574    31.316     9.908     0.020    23.347
       423    46.734     3.126     0.000     3.861    -7.033   121.702    46.734  1024.121  2139.787    31.316     9.908     0.020    23.367
       424    46.775     3.119     0.000     3.868    -7.027   122.025    46.775  1024.121  2137.876    31.317     9.908     0.020    23.388
       425    46.820     3.112     0.000     3.876    -7.020   122.357    46.820  1024.121  2135.830    31.317     9.907     0.020    23.410
       426    46.868     3.105     0.000     3.884    -7.013   122.697    46.868  1024.121  2133.635    31.317     9.907     0.020    23.434
       427    46.920     3.098     0.000     3.892    -7.006   123.046    46.920  1024.121  2131.276    31.317     9.907     0.020    23.460
       428    46.976     3.090     0.000     3.901    -6.999   123.405    46.976  1024.121  2128.734    31.317     9.906     0.020    23.488
       429    47.037     3.083     0.000     3.909    -6.991   123.775    47.037  1024.121  2125.989    31.317     9.906     0.020    23.518
       430    47.103     3.077     0.000     3.918    -6.983   124.156    47.103  1024.121  2123.016    31.317     9.906     0.020    23.551
       431    47.175     3.070     0.000     3.928    -6.974   124.550    47.175  1024.121  2119.788    31.317     9.905     0.020    23.587
       432    47.253     3.063     0.000     3.937    -6.965   124.958    47.253  1024.122  2116.270    31.317     9.905     0.020    23.626
       433    47.339     3.057     0.000     3.947    -6.956   125.380    47.339  1024.122  2112.424    31.317     9.904     0.020    23.669
       434    47.434     3.050     0.000     3.957    -6.946   125.819    47.434  1024.122  2108.200    31.317     9.903     0.020    23.717
       435    47.539     3.044     0.000     3.968    -6.935   126.276    47.539  1024.122  2103.540    31.317     9.903     0.020    23.769
       436    47.656     3.039     0.000     3.979    -6.924   126.754    47.656  1024.122  2098.369    31.317     9.902     0.020    23.828
       437    47.788     3.033     0.000     3.991    -6.912   127.254    47.788  1024.122  2092.593    31.318     9.901     0.020    23.894
       438    47.937     3.029     0.000     4.003    -6.900   127.782    47.937  1024.123  2086.090    31.318     9.900     0.020    23.968
       439    48.107     3.025     0.000     4.016    -6.886   128.340    48.107  1024.123  2078.698    31.318     9.899     0.020    24.054
       440    48.305     3.021     0.000     4.030    -6.871   128.936    48.305  1024.123  2070.192    31.318     9.898     0.020    24.152
       441    48.532     3.019     0.000     4.045    -6.856   129.576    48.532  1024.124  2060.496    31.318     9.897     0.020    24.266
       442    48.781     3.018     0.000     4.062    -6.838   130.266    48.781  1024.124  2049.993    31.318     9.895     0.020    24.390
       443    49.050     3.016     0.000     4.079    -6.819   131.006    49.050  1024.124  2038.725    31.318     9.894     0.020    24.525
       444    49.345     3.016     0.000     4.097    -6.799   131.802    49.345  1024.125  2026.551    31.318     9.892     0.020    24.672
       445    49.670     3.017     0.000     4.118    -6.776   132.669    49.670  1024.125  2013.291    31.319     9.891     0.020    24.835
       446    50.036     3.018     0.000     4.140    -6.751   133.623    50.036  1024.125  1998.550    31.319     9.889     0.020    25.018
       447    50.461     3.022     0.000     4.165    -6.723   134.693    50.461  1024.126  1981.710    31.319     9.886     0.020    25.231
       448    50.970     3.029     0.000     4.193    -6.689   135.925    50.970  1024.126  1961.936    31.319     9.884     0.020    25.485
       449    51.602     3.039     0.000     4.227    -6.649   137.396    51.602  1024.127  1937.927    31.319     9.881     0.020    25.801
       450    52.432     3.056     0.000     4.271    -6.599   139.256    52.432  1024.127  1907.241    31.319     9.877     0.020    26.216
       451    53.480     3.081     0.000     4.323    -6.536   141.512    53.480  1024.128  1869.846    31.319     9.872     0.020    26.740
       452    54.550     3.110     0.000     4.374    -6.475   143.736    54.550  1024.128  1833.183    31.318     9.867     0.020    27.275
       453    55.641     3.145     0.000     4.424    -6.416   145.933    55.641  1024.129  1797.239    31.318     9.863     0.020    27.820
       454    56.754     3.187     0.000     4.474    -6.358   148.088    56.754  1024.129  1761.999    31.317     9.859     0.020    28.377
---------------------------- Plume traps -----------------------------
       455    57.889     3.236     0.000     4.522    -6.303   150.192    57.889  1024.129  1727.450    31.316     9.855     0.020    28.944
       456    58.704     3.282     0.000     4.555    -6.266   151.640    58.704  1024.129  1703.453    31.315     9.852     0.020    29.352
       457    59.376     3.321     0.000     4.579    -6.239   152.722    59.376  1024.128  1684.169    31.314     9.850     0.020    29.688
       458    59.924     3.355     0.000     4.598    -6.218   153.559    59.924  1024.128  1668.793    31.314     9.848     0.020    29.962
       459    60.426     3.386     0.000     4.615    -6.201   154.288    60.426  1024.128  1654.927    31.313     9.847     0.020    30.213
       460    60.850     3.414     0.000     4.630    -6.185   154.946    60.850  1024.128  1643.389    31.313     9.846     0.020    30.425
       461    61.246     3.439     0.000     4.644    -6.170   155.587    61.246  1024.127  1632.755    31.312     9.845     0.020    30.623
       462    61.604     3.464     0.000     4.659    -6.155   156.208    61.604  1024.127  1623.276    31.312     9.844     0.020    30.802
       463    61.942     3.487     0.000     4.672    -6.142   156.817    61.942  1024.127  1614.420    31.311     9.843     0.020    30.971
       464    62.253     3.510     0.000     4.686    -6.128   157.410    62.253  1024.127  1606.354    31.311     9.842     0.020    31.126
       465    62.545     3.532     0.000     4.699    -6.115   157.988    62.545  1024.127  1598.861    31.310     9.841     0.020    31.272
       466    62.815     3.553     0.000     4.712    -6.103   158.550    62.815  1024.126  1591.977    31.310     9.840     0.020    31.407
       467    63.068     3.573     0.000     4.724    -6.091   159.098    63.068  1024.126  1585.593    31.310     9.840     0.020    31.534
       468    63.303     3.593     0.000     4.736    -6.080   159.631    63.303  1024.126  1579.692    31.309     9.839     0.020    31.652
       469    63.524     3.613     0.000     4.748    -6.069   160.150    63.524  1024.126  1574.210    31.309     9.839     0.020    31.762
       470    63.730     3.631     0.000     4.759    -6.059   160.656    63.730  1024.126  1569.118    31.309     9.838     0.020    31.865
       471    63.923     3.649     0.000     4.770    -6.049   161.150    63.923  1024.126  1564.375    31.308     9.838     0.020    31.962
       472    64.105     3.667     0.000     4.781    -6.039   161.632    64.105  1024.125  1559.952    31.308     9.837     0.020    32.052
       473    64.275     3.684     0.000     4.792    -6.030   162.101    64.275  1024.125  1555.819    31.308     9.837     0.020    32.137
       474    64.435     3.701     0.000     4.802    -6.021   162.560    64.435  1024.125  1551.952    31.308     9.837     0.020    32.217
       475    64.586     3.717     0.000     4.812    -6.012   163.008    64.586  1024.125  1548.326    31.307     9.836     0.020    32.293
       476    64.728     3.733     0.000     4.822    -6.004   163.446    64.728  1024.125  1544.922    31.307     9.836     0.020    32.364
       477    64.863     3.749     0.000     4.832    -5.996   163.874    64.863  1024.125  1541.722    31.307     9.836     0.020    32.431
       478    64.990     3.764     0.000     4.841    -5.989   164.292    64.990  1024.125  1538.708    31.307     9.835     0.020    32.495
       479    65.110     3.779     0.000     4.850    -5.981   164.702    65.110  1024.125  1535.865    31.306     9.835     0.020    32.555
       480    65.225     3.794     0.000     4.860    -5.974   165.105    65.225  1024.124  1533.150    31.306     9.835     0.020    32.613
       481    65.337     3.808     0.000     4.869    -5.967   165.504    65.337  1024.124  1530.533    31.306     9.834     0.020    32.668
       482    65.444     3.822     0.000     4.877    -5.960   165.900    65.444  1024.124  1528.017    31.306     9.834     0.020    32.722
       483    65.548     3.836     0.000     4.886    -5.954   166.292    65.548  1024.124  1525.590    31.306     9.834     0.020    32.774
       484    65.649     3.850     0.000     4.895    -5.947   166.680    65.649  1024.124  1523.249    31.306     9.834     0.020    32.825
       485    65.747     3.863     0.000     4.904    -5.941   167.064    65.747  1024.124  1520.990    31.305     9.834     0.020    32.873
       486    65.841     3.876     0.000     4.912    -5.935   167.445    65.841  1024.124  1518.810    31.305     9.833     0.020    32.921
       487    65.932     3.889     0.000     4.921    -5.929   167.822    65.932  1024.124  1516.706    31.305     9.833     0.020    32.966
       488    66.021     3.902     0.000     4.929    -5.923   168.196    66.021  1024.124  1514.673    31.305     9.833     0.020    33.010
       489    66.107     3.914     0.000     4.937    -5.917   168.566    66.107  1024.124  1512.710    31.305     9.833     0.020    33.053
       490    66.190     3.927     0.000     4.946    -5.911   168.933    66.190  1024.124  1510.813    31.305     9.833     0.020    33.095
       491    66.270     3.939     0.000     4.954    -5.906   169.297    66.270  1024.124  1508.979    31.305     9.833     0.020    33.135
       492    66.348     3.951     0.000     4.962    -5.901   169.657    66.348  1024.123  1507.207    31.304     9.832     0.020    33.174
       493    66.423     3.963     0.000     4.970    -5.895   170.014    66.423  1024.123  1505.493    31.304     9.832     0.020    33.212
       494    66.497     3.974     0.000     4.978    -5.890   170.368    66.497  1024.123  1503.836    31.304     9.832     0.020    33.248
       495    66.568     3.986     0.000     4.986    -5.885   170.719    66.568  1024.123  1502.232    31.304     9.832     0.020    33.284
       496    66.636     3.997     0.000     4.994    -5.880   171.067    66.636  1024.123  1500.681    31.304     9.832     0.020    33.318
       497    66.703     4.008     0.000     5.001    -5.876   171.411    66.703  1024.123  1499.179    31.304     9.832     0.020    33.352
       498    66.768     4.019     0.000     5.009    -5.871   171.753    66.768  1024.123  1497.725    31.304     9.832     0.020    33.384
       499    66.831     4.030     0.000     5.017    -5.867   172.092    66.831  1024.123  1496.318    31.304     9.832     0.020    33.415
       500    66.892     4.040     0.000     5.024    -5.862   172.428    66.892  1024.123  1494.955    31.304     9.832     0.020    33.446
       501    66.951     4.050     0.000     5.032    -5.858   172.762    66.951  1024.123  1493.634    31.304     9.831     0.020    33.475
       502    67.008     4.061     0.000     5.039    -5.854   173.093    67.008  1024.123  1492.355    31.303     9.831     0.020    33.504
       503    67.064     4.071     0.000     5.047    -5.850   173.421    67.064  1024.123  1491.115    31.303     9.831     0.020    33.532
       504    67.118     4.081     0.000     5.054    -5.846   173.746    67.118  1024.123  1489.914    31.303     9.831     0.020    33.559
       505    67.170     4.090     0.000     5.061    -5.842   174.069    67.170  1024.123  1488.750    31.303     9.831     0.020    33.585
       506    67.221     4.100     0.000     5.068    -5.838   174.390    67.221  1024.123  1487.621    31.303     9.831     0.020    33.611
       507    67.271     4.109     0.000     5.075    -5.834   174.708    67.271  1024.123  1486.526    31.303     9.831     0.020    33.635
       508    67.319     4.118     0.000     5.083    -5.831   175.024    67.319  1024.123  1485.465    31.303     9.831     0.020    33.659
       509    67.366     4.127     0.000     5.090    -5.827   175.337    67.366  1024.122  1484.436    31.303     9.831     0.020    33.683
       510    67.411     4.136     0.000     5.097    -5.824   175.648    67.411  1024.122  1483.437    31.303     9.831     0.020    33.706
       511    67.455     4.145     0.000     5.103    -5.821   175.957    67.455  1024.122  1482.469    31.303     9.831     0.020    33.728
       512    67.498     4.153     0.000     5.110    -5.817   176.264    67.498  1024.122  1481.529    31.303     9.831     0.020    33.749
       513    67.539     4.162     0.000     5.117    -5.814   176.569    67.539  1024.122  1480.618    31.303     9.831     0.020    33.770
       514    67.580     4.170     0.000     5.124    -5.811   176.871    67.580  1024.122  1479.733    31.303     9.830     0.020    33.790
       515    67.619     4.178     0.000     5.131    -5.808   177.172    67.619  1024.122  1478.875    31.303     9.830     0.020    33.809
       516    67.657     4.186     0.000     5.137    -5.805   177.471    67.657  1024.122  1478.043    31.302     9.830     0.020    33.829
       517    67.694     4.194     0.000     5.144    -5.802   177.768    67.694  1024.122  1477.234    31.302     9.830     0.020    33.847
       518    67.730     4.202     0.000     5.151    -5.799   178.062    67.730  1024.122  1476.450    31.302     9.830     0.020    33.865
       519    67.765     4.209     0.000     5.157    -5.797   178.355    67.765  1024.122  1475.689    31.302     9.830     0.020    33.882
       520    67.799     4.217     0.000     5.164    -5.794   178.647    67.799  1024.122  1474.951    31.302     9.830     0.020    33.899
       521    67.832     4.224     0.000     5.170    -5.791   178.936    67.832  1024.122  1474.234    31.302     9.830     0.020    33.916
       522    67.864     4.231     0.000     5.177    -5.789   179.224    67.864  1024.122  1473.539    31.302     9.830     0.020    33.932
       523    67.895     4.238     0.000     5.183    -5.787   179.510    67.895  1024.122  1472.864    31.302     9.830     0.020    33.947
       524    67.925     4.245     0.000     5.190    -5.784   179.795    67.925  1024.122  1472.210    31.302     9.830     0.020    33.963
       525    67.954     4.251     0.000     5.196    -5.782   180.078    67.954  1024.122  1471.574    31.302     9.830     0.020    33.977
       526    67.983     4.258     0.000     5.202    -5.780   180.359    67.983  1024.122  1470.958    31.302     9.830     0.020    33.991
       527    68.011     4.264     0.000     5.209    -5.777   180.639    68.011  1024.122  1470.361    31.302     9.830     0.020    34.005
       528    68.037     4.270     0.000     5.215    -5.775   180.917    68.037  1024.122  1469.781    31.302     9.830     0.020    34.019
       529    68.063     4.276     0.000     5.221    -5.773   181.194    68.063  1024.122  1469.219    31.302     9.830     0.020    34.032
       530    68.089     4.282     0.000     5.227    -5.771   181.470    68.089  1024.122  1468.674    31.302     9.830     0.020    34.044
       531    68.113     4.288     0.000     5.233    -5.769   181.744    68.113  1024.122  1468.146    31.302     9.830     0.020    34.057
       532    68.137     4.294     0.000     5.239    -5.767   182.018    68.137  1024.122  1467.634    31.302     9.830     0.020    34.068
       533    68.160     4.299     0.000     5.246    -5.765   182.289    68.160  1024.122  1467.137    31.302     9.830     0.020    34.080
       534    68.182     4.305     0.000     5.252    -5.764   182.560    68.182  1024.122  1466.657    31.302     9.830     0.020    34.091
       535    68.204     4.310     0.000     5.258    -5.762   182.829    68.204  1024.122  1466.191    31.302     9.830     0.020    34.102
       536    68.225     4.315     0.000     5.264    -5.760   183.097    68.225  1024.122  1465.741    31.302     9.830     0.020    34.112
       537    68.245     4.320     0.000     5.270    -5.759   183.364    68.245  1024.122  1465.305    31.302     9.830     0.020    34.123
       538    68.265     4.325     0.000     5.276    -5.757   183.630    68.265  1024.122  1464.883    31.302     9.830     0.020    34.132
       539    68.284     4.330     0.000     5.282    -5.756   183.895    68.284  1024.122  1464.475    31.302     9.830     0.020    34.142
       540    68.302     4.335     0.000     5.287    -5.754   184.159    68.302  1024.122  1464.081    31.301     9.830     0.020    34.151
       541    68.320     4.339     0.000     5.293    -5.753   184.422    68.320  1024.122  1463.699    31.301     9.830     0.020    34.160
       542    68.337     4.343     0.000     5.299    -5.751   184.684    68.337  1024.122  1463.332    31.301     9.829     0.020    34.169
       543    68.354     4.348     0.000     5.305    -5.750   184.945    68.354  1024.122  1462.976    31.301     9.829     0.020    34.177
       544    68.370     4.352     0.000     5.311    -5.749   185.205    68.370  1024.122  1462.634    31.301     9.829     0.020    34.185
       545    68.385     4.356     0.000     5.317    -5.747   185.464    68.385  1024.122  1462.304    31.301     9.829     0.020    34.193
       546    68.400     4.359     0.000     5.322    -5.746   185.722    68.400  1024.121  1461.986    31.301     9.829     0.020    34.200
       547    68.414     4.363     0.000     5.328    -5.745   185.980    68.414  1024.121  1461.680    31.301     9.829     0.020    34.207
       548    68.428     4.367     0.000     5.334    -5.744   186.237    68.428  1024.121  1461.385    31.301     9.829     0.020    34.214
       549    68.441     4.370     0.000     5.340    -5.743   186.493    68.441  1024.121  1461.102    31.301     9.829     0.020    34.221
       550    68.454     4.374     0.000     5.345    -5.742   186.748    68.454  1024.121  1460.831    31.301     9.829     0.020    34.227
       551    68.466     4.377     0.000     5.351    -5.741   187.003    68.466  1024.121  1460.571    31.301     9.829     0.020    34.233
       552    68.478     4.380     0.000     5.357    -5.740   187.257    68.478  1024.121  1460.321    31.301     9.829     0.020    34.239
       553    68.489     4.383     0.000     5.363    -5.739   187.510    68.489  1024.121  1460.083    31.301     9.829     0.020    34.245
       554    68.500     4.386     0.000     5.368    -5.738   187.763    68.500  1024.121  1459.855    31.301     9.829     0.020    34.250
       555    68.510     4.388     0.000     5.374    -5.738   188.015    68.510  1024.121  1459.638    31.301     9.829     0.020    34.255
       556    68.520     4.391     0.000     5.379    -5.737   188.266    68.520  1024.121  1459.431    31.301     9.829     0.020    34.260
       557    68.529     4.393     0.000     5.385    -5.736   188.518    68.529  1024.121  1459.235    31.301     9.829     0.020    34.265
       558    68.538     4.396     0.000     5.391    -5.735   188.768    68.538  1024.121  1459.049    31.301     9.829     0.020    34.269
       559    68.546     4.398     0.000     5.396    -5.735   189.018    68.546  1024.121  1458.872    31.301     9.829     0.020    34.273
       560    68.554     4.400     0.000     5.402    -5.734   189.268    68.554  1024.121  1458.706    31.301     9.829     0.020    34.277
       561    68.561     4.402     0.000     5.408    -5.734   189.517    68.561  1024.121  1458.550    31.301     9.829     0.020    34.281
       562    68.568     4.403     0.000     5.413    -5.733   189.766    68.568  1024.121  1458.403    31.301     9.829     0.020    34.284
       563    68.575     4.405     0.000     5.419    -5.733   190.015    68.575  1024.121  1458.266    31.301     9.829     0.020    34.287
       564    68.581     4.407     0.000     5.424    -5.732   190.263    68.581  1024.121  1458.139    31.301     9.829     0.020    34.290
       565    68.586     4.408     0.000     5.430    -5.732   190.511    68.586  1024.121  1458.021    31.301     9.829     0.020    34.293
       566    68.591     4.409     0.000     5.435    -5.732   190.759    68.591  1024.121  1457.913    31.301     9.829     0.020    34.296
       567    68.596     4.411     0.000     5.441    -5.731   191.006    68.596  1024.121  1457.814    31.301     9.829     0.020    34.298
       568    68.600     4.412     0.000     5.446    -5.731   191.253    68.600  1024.121  1457.724    31.301     9.829     0.020    34.300
       569    68.604     4.413     0.000     5.452    -5.731   191.500    68.604  1024.121  1457.643    31.301     9.829     0.020    34.302
       570    68.607     4.413     0.000     5.457    -5.731   191.747    68.607  1024.121  1457.571    31.301     9.829     0.020    34.304
       571    68.610     4.414     0.000     5.463    -5.730   191.994    68.610  1024.121  1457.509    31.301     9.829     0.020    34.305
       572    68.613     4.415     0.000     5.469    -5.730   192.240    68.613  1024.121  1457.455    31.301     9.829     0.020    34.306
       573    68.615     4.415     0.000     5.474    -5.730   192.486    68.615  1024.121  1457.409    31.301     9.829     0.020    34.307
       574    68.617     4.415     0.000     5.480    -5.730   192.733    68.617  1024.121  1457.372    31.301     9.829     0.020    34.308
---------------------- Local maximum rise or fall --------------------
       575    68.618     4.416     0.000     5.485    -5.730   192.979    68.618  1024.121  1457.342    31.301     9.829     0.020    34.309
-------------------- Starting Farfield Calculations --------------------
Farfield dispersion based on wastefield width of :       4.42 (m)
4/3 Power Law based Eddy Diffusivity is used:
  Dilution     Width  Distance      Time     Conc.    Bckgrd
        ()       (m)       (m)    (hrs.)    (mg/L)    (mg/L)
    68.618     4.422     5.485     0.000  1457.342     0.000
    68.618     4.575     6.000     0.007  1461.401     0.000
    68.633     4.877     7.000     0.021  1461.401     0.000
    68.955     5.185     8.000     0.035  1461.401     0.000
    69.994     5.500     9.000     0.049  1461.401     0.000
    71.754     5.820    10.000     0.063  1461.401     0.000
    74.079     6.147    11.000     0.077  1360.760     0.000
    76.823     6.480    12.000     0.091  1360.760     0.000
    79.880     6.818    13.000     0.105  1360.760     0.000
    83.177     7.162    14.000     0.119  1360.760     0.000
    86.664     7.512    15.000     0.132  1360.760     0.000
    90.307     7.867    16.000     0.146  1360.760     0.000
    94.082     8.228    17.000     0.160  1100.688     0.000
    97.969     8.594    18.000     0.174  1100.688     0.000
   101.958     8.966    19.000     0.188  1100.688     0.000
   106.038     9.342    20.000     0.202  1100.688     0.000
   110.201     9.724    21.000     0.216  1100.688     0.000
   114.441    10.110    22.000     0.230   890.084     0.000
   118.755    10.502    23.000     0.244   890.084     0.000
   123.137    10.899    24.000     0.257   890.084     0.000
   127.585    11.300    25.000     0.271   890.084     0.000
   132.097    11.707    26.000     0.285   890.084     0.000
   136.670    12.118    27.000     0.299   734.942     0.000
   141.303    12.533    28.000     0.313   734.942     0.000
   145.993    12.954    29.000     0.327   734.942     0.000
   150.739    13.379    30.000     0.341   734.942     0.000
   155.541    13.809    31.000     0.355   734.942     0.000
   160.396    14.243    32.000     0.369   734.942     0.000
   165.305    14.681    33.000     0.382   619.168     0.000
   170.266    15.124    34.000     0.396   619.168     0.000
   175.278    15.571    35.000     0.410   619.168     0.000
   180.341    16.023    36.000     0.424   619.168     0.000
   185.453    16.479    37.000     0.438   619.168     0.000
   190.615    16.939    38.000     0.452   530.590     0.000
   195.825    17.404    39.000     0.466   530.590     0.000
   201.083    17.872    40.000     0.480   530.590     0.000
   206.389    18.345    41.000     0.494   530.590     0.000
   211.742    18.821    42.000     0.507   530.590     0.000
   217.141    19.302    43.000     0.521   461.182     0.000
   222.586    19.787    44.000     0.535   461.182     0.000
   228.077    20.276    45.000     0.549   461.182     0.000
   233.612    20.769    46.000     0.563   461.182     0.000
   239.193    21.266    47.000     0.577   461.182     0.000
   244.817    21.766    48.000     0.591   461.182     0.000
   250.486    22.271    49.000     0.605   405.647     0.000
   256.198    22.779    50.000     0.619   405.647     0.000
   261.953    23.291    51.000     0.632   405.647     0.000
   267.751    23.807    52.000     0.646   405.647     0.000
   273.592    24.327    53.000     0.660   405.647     0.000
   279.474    24.850    54.000     0.674   360.410     0.000
   285.399    25.377    55.000     0.688   360.410     0.000
   291.365    25.908    56.000     0.702   360.410     0.000
   297.372    26.443    57.000     0.716   360.410     0.000
   303.420    26.981    58.000     0.730   360.410     0.000
   309.509    27.522    59.000     0.744   360.410     0.000
   315.639    28.068    60.000     0.757   322.990     0.000
   321.808    28.616    61.000     0.771   322.990     0.000
   328.017    29.169    62.000     0.785   322.990     0.000
   334.266    29.725    63.000     0.799   322.990     0.000
   340.554    30.284    64.000     0.813   322.990     0.000
   346.881    30.847    65.000     0.827   291.621     0.000
   353.247    31.413    66.000     0.841   291.621     0.000
   359.651    31.983    67.000     0.855   291.621     0.000
   366.094    32.556    68.000     0.869   291.621     0.000
   372.575    33.132    69.000     0.882   291.621     0.000
   379.094    33.712    70.000     0.896   265.018     0.000
   385.650    34.295    71.000     0.910   265.018     0.000
   392.244    34.881    72.000     0.924   265.018     0.000
   398.875    35.471    73.000     0.938   265.018     0.000
   405.543    36.064    74.000     0.952   265.018     0.000
   412.248    36.661    75.000     0.966   265.018     0.000
   418.989    37.260    76.000     0.980   242.227     0.000
   425.767    37.863    77.000     0.994   242.227     0.000
   432.581    38.469    78.000     1.007   242.227     0.000
   439.431    39.078    79.000     1.021   242.227     0.000
   446.317    39.691    80.000     1.035   242.227     0.000
   453.238    40.306    81.000     1.049   222.524     0.000
   460.195    40.925    82.000     1.063   222.524     0.000
   467.188    41.547    83.000     1.077   222.524     0.000
   474.215    42.172    84.000     1.091   222.524     0.000
   481.277    42.800    85.000     1.105   222.524     0.000
   488.374    43.431    86.000     1.119   205.355     0.000
   495.506    44.065    87.000     1.132   205.355     0.000
   502.671    44.703    88.000     1.146   205.355     0.000
   509.872    45.343    89.000     1.160   205.355     0.000
   517.106    45.986    90.000     1.174   205.355     0.000
   524.374    46.633    91.000     1.188   205.355     0.000
   531.676    47.282    92.000     1.202   190.285     0.000
   539.011    47.935    93.000     1.216   190.285     0.000
   546.380    48.590    94.000     1.230   190.285     0.000
   553.782    49.248    95.000     1.244   190.285     0.000
   561.218    49.909    96.000     1.257   190.285     0.000
   568.686    50.574    97.000     1.271   176.972     0.000
   576.187    51.241    98.000     1.285   176.972     0.000
   583.721    51.911    99.000     1.299   176.972     0.000
   591.288    52.584   100.000     1.313   176.972     0.000
   598.887    53.259   101.000     1.327   176.972     0.000
   606.518    53.938   102.000     1.341   165.142     0.000
   614.181    54.620   103.000     1.355   165.142     0.000
   621.876    55.304   104.000     1.369   165.142     0.000
   629.604    55.991   105.000     1.382   165.142     0.000
   637.363    56.681   106.000     1.396   165.142     0.000
   645.153    57.374   107.000     1.410   165.142     0.000
   652.975    58.070   108.000     1.424   154.574     0.000
   660.829    58.768   109.000     1.438   154.574     0.000
   668.713    59.469   110.000     1.452   154.574     0.000
   676.629    60.173   111.000     1.466   154.574     0.000
   684.576    60.880   112.000     1.480   154.574     0.000
   692.554    61.590   113.000     1.494   145.087     0.000
   700.562    62.302   114.000     1.507   145.087     0.000
   708.601    63.017   115.000     1.521   145.087     0.000
   716.671    63.734   116.000     1.535   145.087     0.000
   724.771    64.455   117.000     1.549   145.087     0.000
   732.901    65.178   118.000     1.563   136.532     0.000
   741.061    65.904   119.000     1.577   136.532     0.000
   749.252    66.632   120.000     1.591   136.532     0.000
   757.472    67.363   121.000     1.605   136.532     0.000
   765.723    68.097   122.000     1.619   136.532     0.000
   774.003    68.833   123.000     1.632   136.532     0.000
   782.312    69.572   124.000     1.646   128.786     0.000
   790.652    70.314   125.000     1.660   128.786     0.000
   799.020    71.058   126.000     1.674   128.786     0.000
   807.418    71.805   127.000     1.688   128.786     0.000
   815.846    72.554   128.000     1.702   128.786     0.000
   824.302    73.306   129.000     1.716   121.746     0.000
   832.787    74.061   130.000     1.730   121.746     0.000
   841.302    74.818   131.000     1.744   121.746     0.000
   849.845    75.578   132.000     1.757   121.746     0.000
   858.416    76.340   133.000     1.771   121.746     0.000
   867.017    77.105   134.000     1.785   121.746     0.000
   875.646    77.872   135.000     1.799   115.324     0.000
   884.303    78.642   136.000     1.813   115.324     0.000
   892.989    79.415   137.000     1.827   115.324     0.000
   901.703    80.190   138.000     1.841   115.324     0.000
   910.445    80.967   139.000     1.855   115.324     0.000
   919.215    81.747   140.000     1.869   109.448     0.000
   928.014    82.530   141.000     1.882   109.448     0.000
   936.840    83.315   142.000     1.896   109.448     0.000
   945.694    84.102   143.000     1.910   109.448     0.000
   954.575    84.892   144.000     1.924   109.448     0.000
   963.485    85.684   145.000     1.938   104.055     0.000
   972.422    86.479   146.000     1.952   104.055     0.000
   981.386    87.276   147.000     1.966   104.055     0.000
   990.377    88.076   148.000     1.980   104.055     0.000
   999.396    88.878   149.000     1.994   104.055     0.000
  1008.443    89.682   150.000     2.007   104.055     0.000
  1017.516    90.489   151.000     2.021    99.090     0.000
  1026.616    91.299   152.000     2.035    99.090     0.000
  1035.744    92.110   153.000     2.049    99.090     0.000
  1044.898    92.924   154.000     2.063    99.090     0.000
  1054.079    93.741   155.000     2.077    99.090     0.000
  1063.287    94.560   156.000     2.091    94.508     0.000
  1072.521    95.381   157.000     2.105    94.508     0.000
  1081.782    96.205   158.000     2.119    94.508     0.000
  1091.070    97.030   159.000     2.132    94.508     0.000
  1100.384    97.859   160.000     2.146    94.508     0.000
  1109.724    98.689   161.000     2.160    90.268     0.000
  1119.090    99.522   162.000     2.174    90.268     0.000
  1128.483   100.358   163.000     2.188    90.268     0.000
  1137.902   101.195   164.000     2.202    90.268     0.000
  1147.347   102.035   165.000     2.216    90.268     0.000
  1156.818   102.878   166.000     2.230    90.268     0.000
  1166.315   103.722   167.000     2.244    86.337     0.000
  1175.838   104.569   168.000     2.257    86.337     0.000
  1185.386   105.418   169.000     2.271    86.337     0.000
  1194.960   106.270   170.000     2.285    86.337     0.000
  1204.560   107.123   171.000     2.299    86.337     0.000
  1214.186   107.979   172.000     2.313    82.682     0.000
  1223.837   108.838   173.000     2.327    82.682     0.000
  1233.513   109.698   174.000     2.341    82.682     0.000
  1243.215   110.561   175.000     2.355    82.682     0.000
  1252.942   111.426   176.000     2.369    82.682     0.000
  1262.694   112.293   177.000     2.382    79.279     0.000
  1272.471   113.163   178.000     2.396    79.279     0.000
  1282.274   114.035   179.000     2.410    79.279     0.000
  1292.102   114.909   180.000     2.424    79.279     0.000
  1301.954   115.785   181.000     2.438    79.279     0.000
  1311.832   116.663   182.000     2.452    79.279     0.000
  1321.734   117.544   183.000     2.466    76.102     0.000
  1331.661   118.427   184.000     2.480    76.102     0.000
  1341.613   119.312   185.000     2.494    76.102     0.000
  1351.590   120.199   186.000     2.507    76.102     0.000
  1361.591   121.088   187.000     2.521    76.102     0.000
  1371.616   121.980   188.000     2.535    73.133     0.000
  1381.667   122.874   189.000     2.549    73.133     0.000
  1391.741   123.770   190.000     2.563    73.133     0.000
  1401.840   124.668   191.000     2.577    73.133     0.000
  1411.963   125.568   192.000     2.591    73.133     0.000
  1422.111   126.471   193.000     2.605    70.351     0.000
  1432.283   127.375   194.000     2.619    70.351     0.000
  1442.479   128.282   195.000     2.632    70.351     0.000
  1452.698   129.191   196.000     2.646    70.351     0.000
  1462.942   130.102   197.000     2.660    70.351     0.000
  1473.210   131.015   198.000     2.674    70.351     0.000
  1483.502   131.930   199.000     2.688    67.742     0.000
  1493.818   132.848   200.000     2.702    67.742     0.000
  1504.157   133.767   201.000     2.716    67.742     0.000
  1514.521   134.689   202.000     2.730    67.742     0.000
  1524.908   135.613   203.000     2.744    67.742     0.000
  1535.318   136.538   204.000     2.757    65.290     0.000
  1545.752   137.466   205.000     2.771    65.290     0.000
  1556.210   138.396   206.000     2.785    65.290     0.000
............................. Reached Chronic Mixing Zone ..........................
  1566.691   139.328   207.000     2.799    65.290     0.000
  1577.196   140.263   208.000     2.813    65.290     0.000
  1587.724   141.199   209.000     2.827    65.290     0.000
  1598.275   142.137   210.000     2.841    62.982     0.000
  1608.850   143.078   211.000     2.855    62.982     0.000
  1619.447   144.020   212.000     2.869    62.982     0.000
  1630.068   144.965   213.000     2.882    62.982     0.000
  1640.712   145.911   214.000     2.896    62.982     0.000
  1651.379   146.860   215.000     2.910    60.807     0.000
  1662.070   147.811   216.000     2.924    60.807     0.000
  1672.783   148.763   217.000     2.938    60.807     0.000
  1683.519   149.718   218.000     2.952    60.807     0.000
  1694.278   150.675   219.000     2.966    60.807     0.000
  1705.059   151.634   220.000     2.980    58.755     0.000
  1715.864   152.595   221.000     2.994    58.755     0.000
  1726.691   153.557   222.000     3.007    58.755     0.000
  1737.541   154.522   223.000     3.021    58.755     0.000
  1748.414   155.489   224.000     3.035    58.755     0.000
  1759.309   156.458   225.000     3.049    58.755     0.000
  1770.226   157.429   226.000     3.063    56.815     0.000
  1781.167   158.402   227.000     3.077    56.815     0.000
  1792.129   159.377   228.000     3.091    56.815     0.000
  1803.114   160.354   229.000     3.105    56.815     0.000
  1814.121   161.333   230.000     3.119    56.815     0.000
  1825.151   162.314   231.000     3.132    54.980     0.000
  1836.203   163.297   232.000     3.146    54.980     0.000
  1847.277   164.281   233.000     3.160    54.980     0.000
  1858.373   165.268   234.000     3.174    54.980     0.000
  1869.492   166.257   235.000     3.188    54.980     0.000
  1880.632   167.248   236.000     3.202    53.241     0.000
  1891.795   168.240   237.000     3.216    53.241     0.000
  1902.980   169.235   238.000     3.230    53.241     0.000
  1914.186   170.232   239.000     3.244    53.241     0.000
  1925.415   171.230   240.000     3.257    53.241     0.000
  1936.665   172.231   241.000     3.271    53.241     0.000
  1947.937   173.233   242.000     3.285    51.593     0.000
  1959.231   174.238   243.000     3.299    51.593     0.000
  1970.547   175.244   244.000     3.313    51.593     0.000
  1981.884   176.252   245.000     3.327    51.593     0.000
  1993.243   177.262   246.000     3.341    51.593     0.000
  2004.624   178.275   247.000     3.355    50.027     0.000
  2016.026   179.289   248.000     3.369    50.027     0.000
  2027.450   180.304   249.000     3.382    50.027     0.000
  2038.895   181.322   250.000     3.396    50.027     0.000
  2050.361   182.342   251.000     3.410    50.027     0.000
  2061.850   183.364   252.000     3.424    48.540     0.000
  2073.359   184.387   253.000     3.438    48.540     0.000
  2084.890   185.413   254.000     3.452    48.540     0.000
  2096.442   186.440   255.000     3.466    48.540     0.000
  2108.015   187.469   256.000     3.480    48.540     0.000
  2119.610   188.500   257.000     3.494    48.540     0.000
  2131.226   189.534   258.000     3.507    47.124     0.000
  2142.863   190.568   259.000     3.521    47.124     0.000
  2154.521   191.605   260.000     3.535    47.124     0.000
  2166.200   192.644   261.000     3.549    47.124     0.000
  2177.900   193.684   262.000     3.563    47.124     0.000
  2189.621   194.727   263.000     3.577    45.776     0.000
  2201.363   195.771   264.000     3.591    45.776     0.000
  2213.126   196.817   265.000     3.605    45.776     0.000
  2224.910   197.865   266.000     3.619    45.776     0.000
  2236.715   198.915   267.000     3.632    45.776     0.000
  2248.540   199.966   268.000     3.646    44.491     0.000
  2260.387   201.020   269.000     3.660    44.491     0.000
  2272.254   202.075   270.000     3.674    44.491     0.000
  2284.141   203.133   271.000     3.688    44.491     0.000
  2296.050   204.192   272.000     3.702    44.491     0.000
  2307.979   205.252   273.000     3.716    44.491     0.000
  2319.928   206.315   274.000     3.730    43.265     0.000
  2331.898   207.380   275.000     3.744    43.265     0.000
  2343.889   208.446   276.000     3.757    43.265     0.000
  2355.900   209.514   277.000     3.771    43.265     0.000
  2367.932   210.584   278.000     3.785    43.265     0.000
  2379.984   211.656   279.000     3.799    42.095     0.000
  2392.056   212.730   280.000     3.813    42.095     0.000
  2404.149   213.805   281.000     3.827    42.095     0.000
  2416.262   214.882   282.000     3.841    42.095     0.000
  2428.395   215.961   283.000     3.855    42.095     0.000
  2440.548   217.042   284.000     3.869    42.095     0.000
  2452.722   218.125   285.000     3.882    40.976     0.000
  2464.916   219.209   286.000     3.896    40.976     0.000
  2477.130   220.295   287.000     3.910    40.976     0.000
  2489.364   221.383   288.000     3.924    40.976     0.000
  2501.619   222.473   289.000     3.938    40.976     0.000
  2513.893   223.565   290.000     3.952    39.906     0.000
  2526.187   224.658   291.000     3.966    39.906     0.000
  2538.501   225.753   292.000     3.980    39.906     0.000
  2550.836   226.850   293.000     3.994    39.906     0.000
  2563.190   227.949   294.000     4.007    39.906     0.000
  2575.564   229.049   295.000     4.021    38.882     0.000
  2587.958   230.151   296.000     4.035    38.882     0.000
  2600.371   231.255   297.000     4.049    38.882     0.000
  2612.805   232.361   298.000     4.063    38.882     0.000
  2625.258   233.469   299.000     4.077    38.882     0.000
  2637.731   234.578   300.000     4.091    38.882     0.000
  2650.223   235.689   301.000     4.105    37.900     0.000
  2662.736   236.802   302.000     4.119    37.900     0.000
  2675.268   237.916   303.000     4.132    37.900     0.000
  2687.819   239.032   304.000     4.146    37.900     0.000
  2700.390   240.150   305.000     4.160    37.900     0.000
  2712.981   241.270   306.000     4.174    36.960     0.000
  2725.591   242.391   307.000     4.188    36.960     0.000
  2738.220   243.515   308.000     4.202    36.960     0.000
  2750.870   244.640   309.000     4.216    36.960     0.000
  2763.538   245.766   310.000     4.230    36.960     0.000
  2776.226   246.895   311.000     4.244    36.057     0.000
  2788.933   248.025   312.000     4.257    36.057     0.000
  2801.660   249.156   313.000     4.271    36.057     0.000
  2814.405   250.290   314.000     4.285    36.057     0.000
  2827.170   251.425   315.000     4.299    36.057     0.000
  2839.955   252.562   316.000     4.313    36.057     0.000
  2852.758   253.701   317.000     4.327    35.191     0.000
  2865.581   254.841   318.000     4.341    35.191     0.000
  2878.423   255.983   319.000     4.355    35.191     0.000
  2891.284   257.127   320.000     4.369    35.191     0.000
  2904.164   258.272   321.000     4.382    35.191     0.000
  2917.063   259.419   322.000     4.396    34.359     0.000
  2929.982   260.568   323.000     4.410    34.359     0.000
  2942.919   261.719   324.000     4.424    34.359     0.000
  2955.875   262.871   325.000     4.438    34.359     0.000
  2968.850   264.025   326.000     4.452    34.359     0.000
  2981.844   265.181   327.000     4.466    33.559     0.000
  2994.857   266.338   328.000     4.480    33.559     0.000
  3007.889   267.497   329.000     4.494    33.559     0.000
  3020.940   268.657   330.000     4.507    33.559     0.000
  3034.010   269.820   331.000     4.521    33.559     0.000
  3047.098   270.984   332.000     4.535    33.559     0.000
  3060.205   272.149   333.000     4.549    32.790     0.000
  3073.331   273.317   334.000     4.563    32.790     0.000
  3086.476   274.486   335.000     4.577    32.790     0.000
  3099.639   275.656   336.000     4.591    32.790     0.000
  3112.821   276.829   337.000     4.605    32.790     0.000
  3126.021   278.002   338.000     4.619    32.050     0.000
  3139.240   279.178   339.000     4.632    32.050     0.000
  3152.478   280.355   340.000     4.646    32.050     0.000
  3165.735   281.534   341.000     4.660    32.050     0.000
  3179.009   282.715   342.000     4.674    32.050     0.000
  3192.303   283.897   343.000     4.688    31.337     0.000
  3205.614   285.081   344.000     4.702    31.337     0.000
  3218.945   286.266   345.000     4.716    31.337     0.000
  3232.293   287.453   346.000     4.730    31.337     0.000
  3245.661   288.642   347.000     4.744    31.337     0.000
  3259.046   289.833   348.000     4.757    31.337     0.000
  3272.450   291.025   349.000     4.771    30.650     0.000
  3285.872   292.218   350.000     4.785    30.650     0.000
  3299.312   293.414   351.000     4.799    30.650     0.000
  3312.771   294.610   352.000     4.813    30.650     0.000
  3326.248   295.809   353.000     4.827    30.650     0.000
  3339.743   297.009   354.000     4.841    29.988     0.000
  3353.257   298.211   355.000     4.855    29.988     0.000
  3366.788   299.414   356.000     4.869    29.988     0.000
  3380.338   300.619   357.000     4.882    29.988     0.000
  3393.906   301.826   358.000     4.896    29.988     0.000
  3407.492   303.034   359.000     4.910    29.349     0.000
  3421.096   304.244   360.000     4.924    29.349     0.000
  3434.718   305.455   361.000     4.938    29.349     0.000
  3448.358   306.668   362.000     4.952    29.349     0.000
  3462.016   307.883   363.000     4.966    29.349     0.000
  3475.692   309.099   364.000     4.980    29.349     0.000
  3489.387   310.317   365.000     4.994    28.733     0.000
  3503.099   311.537   366.000     5.007    28.733     0.000
  3516.828   312.758   367.000     5.021    28.733     0.000
  3530.576   313.980   368.000     5.035    28.733     0.000
  3544.342   315.204   369.000     5.049    28.733     0.000
  3558.126   316.430   370.000     5.063    28.138     0.000
  3571.927   317.658   371.000     5.077    28.138     0.000
  3585.746   318.887   372.000     5.091    28.138     0.000
  3599.583   320.117   373.000     5.105    28.138     0.000
  3613.438   321.349   374.000     5.119    28.138     0.000
  3627.310   322.583   375.000     5.132    28.138     0.000
  3641.200   323.818   376.000     5.146    27.563     0.000
  3655.108   325.055   377.000     5.160    27.563     0.000
  3669.034   326.293   378.000     5.174    27.563     0.000
  3682.977   327.533   379.000     5.188    27.563     0.000
  3696.937   328.775   380.000     5.202    27.563     0.000
  3710.916   330.018   381.000     5.216    27.008     0.000
  3724.912   331.263   382.000     5.230    27.008     0.000
  3738.925   332.509   383.000     5.244    27.008     0.000
  3752.956   333.757   384.000     5.257    27.008     0.000
  3767.005   335.006   385.000     5.271    27.008     0.000
  3781.071   336.257   386.000     5.285    26.471     0.000
  3795.154   337.510   387.000     5.299    26.471     0.000
  3809.255   338.764   388.000     5.313    26.471     0.000
  3823.373   340.019   389.000     5.327    26.471     0.000
  3837.509   341.276   390.000     5.341    26.471     0.000
  3851.662   342.535   391.000     5.355    26.471     0.000
  3865.832   343.795   392.000     5.369    25.951     0.000
  3880.020   345.057   393.000     5.382    25.951     0.000
  3894.225   346.320   394.000     5.396    25.951     0.000
  3908.448   347.585   395.000     5.410    25.951     0.000
  3922.687   348.851   396.000     5.424    25.951     0.000
  3936.944   350.119   397.000     5.438    25.449     0.000
  3951.218   351.389   398.000     5.452    25.449     0.000
  3965.510   352.660   399.000     5.466    25.449     0.000
  3979.818   353.932   400.000     5.480    25.449     0.000
  3994.144   355.206   401.000     5.494    25.449     0.000
  4008.487   356.482   402.000     5.507    24.962     0.000
  4022.847   357.759   403.000     5.521    24.962     0.000
  4037.224   359.037   404.000     5.535    24.962     0.000
  4051.618   360.317   405.000     5.549    24.962     0.000
  4066.029   361.599   406.000     5.563    24.962     0.000
  4080.458   362.882   407.000     5.577    24.962     0.000
  4094.903   364.167   408.000     5.591    24.491     0.000
  4109.365   365.453   409.000     5.605    24.491     0.000
  4123.845   366.741   410.000     5.619    24.491     0.000
  4138.341   368.030   411.000     5.632    24.491     0.000
  4152.854   369.320   412.000     5.646    24.491     0.000
  4167.384   370.613   413.000     5.660    24.034     0.000
  4181.931   371.906   414.000     5.674    24.034     0.000
  4196.495   373.202   415.000     5.688    24.034     0.000
  4211.076   374.498   416.000     5.702    24.034     0.000
  4225.674   375.796   417.000     5.716    24.034     0.000
  4240.288   377.096   418.000     5.730    23.591     0.000
  4254.919   378.397   419.000     5.744    23.591     0.000
  4269.568   379.700   420.000     5.757    23.591     0.000
  4284.232   381.004   421.000     5.771    23.591     0.000
  4298.914   382.310   422.000     5.785    23.591     0.000
  4313.612   383.617   423.000     5.799    23.591     0.000
  4328.327   384.926   424.000     5.813    23.162     0.000
  4343.059   386.236   425.000     5.827    23.162     0.000
  4357.808   387.547   426.000     5.841    23.162     0.000
  4372.573   388.860   427.000     5.855    23.162     0.000
  4387.354   390.175   428.000     5.869    23.162     0.000
  4402.153   391.491   429.000     5.882    22.746     0.000
  4416.968   392.809   430.000     5.896    22.746     0.000
  4431.799   394.128   431.000     5.910    22.746     0.000
  4446.647   395.448   432.000     5.924    22.746     0.000
  4461.512   396.770   433.000     5.938    22.746     0.000
  4476.393   398.093   434.000     5.952    22.342     0.000
  4491.291   399.418   435.000     5.966    22.342     0.000
  4506.205   400.745   436.000     5.980    22.342     0.000
  4521.136   402.072   437.000     5.994    22.342     0.000
  4536.083   403.402   438.000     6.007    22.342     0.000
  4551.046   404.732   439.000     6.021    22.342     0.000
  4566.026   406.065   440.000     6.035    21.949     0.000
  4581.022   407.398   441.000     6.049    21.949     0.000
  4596.035   408.733   442.000     6.063    21.949     0.000
  4611.064   410.070   443.000     6.077    21.949     0.000
  4626.110   411.408   444.000     6.091    21.949     0.000
  4641.171   412.747   445.000     6.105    21.569     0.000
  4656.249   414.088   446.000     6.119    21.569     0.000
  4671.344   415.431   447.000     6.132    21.569     0.000
  4686.454   416.774   448.000     6.146    21.569     0.000
  4701.581   418.120   449.000     6.160    21.569     0.000
  4716.724   419.466   450.000     6.174    21.569     0.000
  4731.884   420.815   451.000     6.188    21.199     0.000
  4747.059   422.164   452.000     6.202    21.199     0.000
  4762.251   423.515   453.000     6.216    21.199     0.000
  4777.459   424.868   454.000     6.230    21.199     0.000
  4792.683   426.222   455.000     6.244    21.199     0.000
  4807.923   427.577   456.000     6.257    20.839     0.000
  4823.180   428.934   457.000     6.271    20.839     0.000
  4838.452   430.292   458.000     6.285    20.839     0.000
  4853.741   431.651   459.000     6.299    20.839     0.000
  4869.045   433.013   460.000     6.313    20.839     0.000
  4884.366   434.375   461.000     6.327    20.489     0.000
  4899.703   435.739   462.000     6.341    20.489     0.000
  4915.055   437.104   463.000     6.355    20.489     0.000
  4930.424   438.471   464.000     6.369    20.489     0.000
  4945.809   439.839   465.000     6.382    20.489     0.000
  4961.209   441.209   466.000     6.396    20.489     0.000
  4976.626   442.580   467.000     6.410    20.150     0.000
  4992.059   443.952   468.000     6.424    20.150     0.000
  5007.507   445.326   469.000     6.438    20.150     0.000
  5022.971   446.701   470.000     6.452    20.150     0.000
  5038.452   448.078   471.000     6.466    20.150     0.000
  5053.948   449.456   472.000     6.480    19.819     0.000
  5069.460   450.836   473.000     6.494    19.819     0.000
  5084.988   452.217   474.000     6.507    19.819     0.000
  5100.531   453.599   475.000     6.521    19.819     0.000
  5116.091   454.983   476.000     6.535    19.819     0.000
  5131.666   456.368   477.000     6.549    19.498     0.000
  5147.257   457.754   478.000     6.563    19.498     0.000
  5162.864   459.142   479.000     6.577    19.498     0.000
  5178.486   460.532   480.000     6.591    19.498     0.000
  5194.124   461.922   481.000     6.605    19.498     0.000
  5209.778   463.315   482.000     6.619    19.498     0.000
  5225.448   464.708   483.000     6.632    19.185     0.000
  5241.133   466.103   484.000     6.646    19.185     0.000
  5256.834   467.499   485.000     6.660    19.185     0.000
  5272.551   468.897   486.000     6.674    19.185     0.000
  5288.283   470.296   487.000     6.688    19.185     0.000
  5304.031   471.697   488.000     6.702    18.880     0.000
  5319.795   473.098   489.000     6.716    18.880     0.000
  5335.574   474.502   490.000     6.730    18.880     0.000
  5351.368   475.906   491.000     6.744    18.880     0.000
  5367.178   477.312   492.000     6.757    18.880     0.000
  5383.004   478.720   493.000     6.771    18.583     0.000
  5398.845   480.129   494.000     6.785    18.583     0.000
  5414.702   481.539   495.000     6.799    18.583     0.000
  5430.574   482.950   496.000     6.813    18.583     0.000
  5446.462   484.363   497.000     6.827    18.583     0.000
  5462.365   485.777   498.000     6.841    18.583     0.000
  5478.284   487.193   499.000     6.855    18.294     0.000
  5494.218   488.610   500.000     6.869    18.294     0.000
  5510.168   490.029   501.000     6.882    18.294     0.000
  5526.133   491.448   502.000     6.896    18.294     0.000
  5542.113   492.870   503.000     6.910    18.294     0.000
  5551.920   493.742   503.613     6.919    18.012     0.000
