****************************************************************************************************
----------------------------------------------------------------------------------------------------
Ambient Table:
     Depth   Amb-cur   Amb-dir   Amb-sal   Amb-tem   Amb-pol     Decay   Far-spd   Far-dir   Disprsn
       (m)     (m/s)     (deg)     (psu)       (C)    (mg/L)   (1/day)     (m/s)     (deg)(m0.67/s2)
     0.000     0.020    90.000    30.900    11.200     0.000     0.000     0.020    90.000   0.00030
     3.000     0.020    90.000    31.200    10.400     0.000     0.000     0.020    90.000   0.00030
     6.000     0.020    90.000    31.200     9.690     0.000     0.000     0.020    90.000   0.00030
     9.000     0.020    90.000    31.700     9.440     0.000     0.000     0.020    90.000   0.00030
    12.000     0.020    90.000    31.800     9.340     0.000     0.000     0.020    90.000   0.00030
    15.000     0.050    90.000    31.900     9.220     0.000     0.000     0.020    90.000   0.00030
----------------------------------------------------------------------------------------------------
Diffuser Table:
     P-dia    P-elev   V-angle   H-angle     Ports   Spacing   AcuteMZ   ChrncMZ   P-depth   Ttl-flo   Eff-sal      Temp   Polutnt
       (m)       (m)     (deg)     (deg)       ( )       (m)       (m)       (m)       (m)     (cms)     (psu)       (C)    (mg/L)
      0.20     15.00    -45.00     90.00      1.00      0.00     20.70    207.00      2.00      0.01     45.00     10.00 100000.00
----------------------------------------------------------------------------------------------------
Simulation Results:
              Dilutn     P-dia    x-posn    y-posn     Depth      Time   Net-Dil     P-Den    P-Con.     P-Sal    P-Temp  Amb-Curr    CL-Dil
      Step (FluxAvg)       (m)       (m)       (m)       (m)       (s)        ()   (kg/m3)    (mg/L)     (psu)       (C)     (m/s)        ()
         1     1.020     0.158     0.000     0.006    -2.006     0.032     1.020  1034.592 98018.637    44.727    10.013     0.020     1.000
         2     1.039     0.160     0.000     0.011    -2.011     0.060     1.039  1034.403 96289.896    44.490    10.024     0.020     1.000
         3     1.057     0.162     0.000     0.016    -2.016     0.090     1.057  1034.214 94565.969    44.252    10.036     0.020     1.000
         4     1.077     0.164     0.000     0.021    -2.022     0.119     1.077  1034.029 92878.828    44.020    10.047     0.020     1.000
         5     1.096     0.166     0.000     0.026    -2.027     0.149     1.096  1033.848 91228.192    43.793    10.058     0.020     1.000
         6     1.116     0.169     0.000     0.031    -2.033     0.180     1.116  1033.671 89612.462    43.570    10.068     0.020     1.000
         7     1.136     0.171     0.000     0.037    -2.039     0.212     1.136  1033.497 88029.985    43.352    10.079     0.020     1.000
         8     1.156     0.173     0.000     0.042    -2.045     0.244     1.156  1033.327 86479.117    43.138    10.089     0.020     1.000
         9     1.177     0.175     0.000     0.047    -2.050     0.276     1.177  1033.161 84958.311    42.928    10.099     0.020     1.000
        10     1.198     0.178     0.000     0.052    -2.056     0.309     1.198  1032.997 83466.111    42.722    10.108     0.020     1.000
        11     1.219     0.180     0.000     0.057    -2.063     0.343     1.219  1032.836 82001.149    42.520    10.118     0.020     1.000
        12     1.241     0.182     0.000     0.063    -2.069     0.378     1.241  1032.679 80562.137    42.322    10.127     0.020     1.000
        13     1.263     0.184     0.000     0.068    -2.075     0.413     1.263  1032.524 79147.864    42.127    10.136     0.020     1.000
        14     1.286     0.187     0.000     0.073    -2.082     0.449     1.286  1032.371 77757.186    41.934    10.145     0.020     1.000
        15     1.309     0.189     0.000     0.079    -2.088     0.485     1.309  1032.222 76389.023    41.746    10.154     0.020     1.000
        16     1.333     0.191     0.000     0.084    -2.095     0.523     1.333  1032.074 75042.356    41.559    10.162     0.020     1.000
        17     1.357     0.194     0.000     0.090    -2.102     0.561     1.357  1031.929 73716.221    41.376    10.171     0.020     1.000
        18     1.381     0.196     0.000     0.095    -2.109     0.600     1.381  1031.786 72409.704    41.196    10.179     0.020     1.000
        19     1.406     0.198     0.000     0.100    -2.116     0.640     1.406  1031.645 71121.941    41.018    10.187     0.020     1.000
        20     1.432     0.201     0.000     0.106    -2.123     0.681     1.432  1031.506 69852.111    40.842    10.195     0.020     1.000
        21     1.458     0.203     0.000     0.112    -2.131     0.723     1.458  1031.368 68599.436    40.669    10.203     0.020     1.000
        22     1.484     0.206     0.000     0.117    -2.139     0.766     1.484  1031.233 67363.176    40.498    10.211     0.020     1.000
        23     1.512     0.208     0.000     0.123    -2.146     0.810     1.512  1031.099 66142.630    40.329    10.218     0.020     1.000
        24     1.540     0.211     0.000     0.129    -2.154     0.855     1.540  1030.967 64937.128    40.162    10.226     0.020     1.000
        25     1.569     0.214     0.000     0.134    -2.163     0.901     1.569  1030.837 63746.034    39.997    10.233     0.020     1.000
        26     1.598     0.216     0.000     0.140    -2.171     0.949     1.598  1030.708 62568.742    39.834    10.240     0.020     1.000
        27     1.629     0.219     0.000     0.146    -2.180     0.997     1.629  1030.581 61404.674    39.673    10.247     0.020     1.000
        28     1.660     0.222     0.000     0.152    -2.188     1.047     1.660  1030.455 60253.280    39.514    10.254     0.020     1.000
        29     1.692     0.224     0.000     0.158    -2.198     1.098     1.692  1030.330 59114.033    39.356    10.261     0.020     1.000
        30     1.725     0.227     0.000     0.164    -2.207     1.151     1.725  1030.207 57986.433    39.200    10.268     0.020     1.000
        31     1.758     0.230     0.000     0.170    -2.216     1.205     1.758  1030.084 56869.999    39.045    10.275     0.020     1.000
        32     1.793     0.233     0.000     0.177    -2.226     1.260     1.793  1029.963 55764.273    38.892    10.281     0.020     1.000
        33     1.829     0.236     0.000     0.183    -2.236     1.317     1.829  1029.844 54668.818    38.740    10.288     0.020     1.000
        34     1.866     0.239     0.000     0.189    -2.247     1.376     1.866  1029.726 53590.745    38.591    10.294     0.020     1.000
        35     1.904     0.242     0.000     0.196    -2.257     1.435     1.904  1029.610 52534.051    38.445    10.300     0.020     1.000
        36     1.942     0.245     0.000     0.202    -2.268     1.495     1.942  1029.497 51498.307    38.301    10.306     0.020     1.000
        37     1.981     0.248     0.000     0.208    -2.279     1.557     1.981  1029.386 50483.094    38.160    10.311     0.020     1.000
        38     2.021     0.251     0.000     0.215    -2.290     1.620     2.021  1029.277 49488.001    38.023    10.317     0.020     1.010
        39     2.061     0.254     0.000     0.221    -2.301     1.683     2.061  1029.171 48512.624    37.887    10.322     0.020     1.031
        40     2.103     0.257     0.000     0.227    -2.312     1.748     2.103  1029.066 47556.570    37.755    10.328     0.020     1.051
        41     2.145     0.261     0.000     0.234    -2.324     1.814     2.145  1028.964 46619.451    37.625    10.333     0.020     1.073
        42     2.188     0.264     0.000     0.240    -2.335     1.881     2.188  1028.864 45700.889    37.498    10.338     0.020     1.094
        43     2.232     0.267     0.000     0.247    -2.347     1.949     2.232  1028.765 44800.513    37.373    10.342     0.020     1.116
        44     2.277     0.270     0.000     0.253    -2.359     2.019     2.277  1028.669 43917.959    37.250    10.347     0.020     1.138
        45     2.323     0.274     0.000     0.260    -2.372     2.089     2.323  1028.575 43052.871    37.131    10.351     0.020     1.161
        46     2.369     0.277     0.000     0.266    -2.384     2.161     2.369  1028.482 42204.902    37.013    10.356     0.020     1.185
        47     2.417     0.281     0.000     0.272    -2.397     2.234     2.417  1028.391 41373.708    36.898    10.360     0.020     1.208
        48     2.466     0.284     0.000     0.279    -2.409     2.308     2.466  1028.303 40558.955    36.785    10.364     0.020     1.233
        49     2.515     0.287     0.000     0.285    -2.422     2.383     2.515  1028.216 39760.315    36.674    10.368     0.020     1.258
        50     2.566     0.291     0.000     0.292    -2.436     2.460     2.566  1028.130 38977.468    36.566    10.372     0.020     1.283
        51     2.617     0.294     0.000     0.298    -2.449     2.538     2.617  1028.047 38210.097    36.459    10.375     0.020     1.309
        52     2.670     0.298     0.000     0.305    -2.463     2.617     2.670  1027.965 37457.895    36.355    10.379     0.020     1.335
        53     2.723     0.302     0.000     0.311    -2.476     2.697     2.723  1027.885 36720.560    36.253    10.382     0.020     1.362
        54     2.778     0.305     0.000     0.318    -2.490     2.779     2.778  1027.806 35997.794    36.153    10.385     0.020     1.389
        55     2.834     0.309     0.000     0.324    -2.505     2.861     2.834  1027.729 35289.309    36.055    10.388     0.020     1.417
        56     2.891     0.313     0.000     0.331    -2.519     2.946     2.891  1027.653 34594.820    35.958    10.391     0.020     1.445
        57     2.949     0.316     0.000     0.337    -2.534     3.031     2.949  1027.579 33914.049    35.864    10.394     0.020     1.474
        58     3.008     0.320     0.000     0.344    -2.548     3.118     3.008  1027.507 33246.722    35.772    10.396     0.020     1.504
        59     3.068     0.324     0.000     0.350    -2.563     3.206     3.068  1027.436 32592.572    35.681    10.399     0.020     1.534
        60     3.130     0.328     0.000     0.357    -2.579     3.296     3.130  1027.366 31951.338    35.592    10.401     0.020     1.565
        61     3.193     0.332     0.000     0.363    -2.594     3.387     3.193  1027.298 31322.762    35.506    10.404     0.020     1.596
        62     3.257     0.336     0.000     0.370    -2.610     3.480     3.257  1027.231 30706.594    35.420    10.406     0.020     1.628
        63     3.322     0.340     0.000     0.377    -2.625     3.573     3.322  1027.166 30102.585    35.337    10.408     0.020     1.661
        64     3.389     0.344     0.000     0.383    -2.641     3.669     3.389  1027.102 29510.496    35.255    10.410     0.020     1.694
        65     3.457     0.348     0.000     0.390    -2.658     3.766     3.457  1027.039 28930.089    35.175    10.411     0.020     1.728
        66     3.526     0.352     0.000     0.396    -2.674     3.864     3.526  1026.977 28361.133    35.096    10.413     0.020     1.763
        67     3.597     0.357     0.000     0.403    -2.691     3.964     3.597  1026.917 27803.400    35.019    10.415     0.020     1.798
        68     3.669     0.361     0.000     0.410    -2.707     4.065     3.669  1026.858 27256.667    34.943    10.416     0.020     1.834
        69     3.742     0.365     0.000     0.416    -2.724     4.168     3.742  1026.800 26720.717    34.869    10.417     0.020     1.871
        70     3.817     0.370     0.000     0.423    -2.742     4.272     3.817  1026.743 26195.335    34.797    10.418     0.020     1.909
        71     3.894     0.374     0.000     0.429    -2.759     4.378     3.894  1026.688 25680.312    34.726    10.420     0.020     1.947
        72     3.972     0.379     0.000     0.436    -2.777     4.486     3.972  1026.633 25175.442    34.656    10.420     0.020     1.986
        73     4.052     0.383     0.000     0.443    -2.795     4.595     4.052  1026.580 24680.525    34.588    10.421     0.020     2.026
        74     4.133     0.388     0.000     0.449    -2.813     4.706     4.133  1026.528 24195.363    34.521    10.422     0.020     2.067
        75     4.216     0.392     0.000     0.456    -2.831     4.818     4.216  1026.477 23719.762    34.456    10.423     0.020     2.108
        76     4.300     0.397     0.000     0.463    -2.850     4.933     4.300  1026.427 23253.535    34.391    10.423     0.020     2.150
        77     4.387     0.402     0.000     0.469    -2.869     5.049     4.387  1026.378 22796.494    34.328    10.424     0.020     2.193
        78     4.475     0.407     0.000     0.476    -2.888     5.167     4.475  1026.330 22348.457    34.267    10.424     0.020     2.237
        79     4.564     0.412     0.000     0.483    -2.907     5.286     4.564  1026.283 21909.248    34.206    10.424     0.020     2.282
        80     4.656     0.417     0.000     0.490    -2.927     5.408     4.656  1026.237 21478.690    34.147    10.424     0.020     2.328
        81     4.749     0.422     0.000     0.496    -2.946     5.531     4.749  1026.191 21056.614    34.089    10.424     0.020     2.375
        82     4.844     0.427     0.000     0.503    -2.966     5.656     4.844  1026.147 20642.850    34.032    10.424     0.020     2.422
        83     4.941     0.432     0.000     0.510    -2.987     5.783     4.941  1026.104 20237.235    33.977    10.424     0.020     2.471
        84     5.040     0.437     0.000     0.517    -3.007     5.912     5.040  1026.062 19839.607    33.922    10.424     0.020     2.520
        85     5.141     0.442     0.000     0.524    -3.028     6.043     5.141  1026.020 19449.808    33.869    10.423     0.020     2.571
        86     5.244     0.448     0.000     0.531    -3.049     6.176     5.244  1025.979 19067.684    33.817    10.423     0.020     2.622
        87     5.350     0.453     0.000     0.537    -3.070     6.312     5.350  1025.940 18693.083    33.765    10.422     0.020     2.675
        88     5.457     0.459     0.000     0.544    -3.092     6.449     5.457  1025.901 18325.854    33.715    10.422     0.020     2.728
        89     5.566     0.464     0.000     0.551    -3.113     6.588     5.566  1025.862 17965.854    33.666    10.421     0.020     2.783
        90     5.678     0.470     0.000     0.558    -3.135     6.729     5.678  1025.825 17612.939    33.617    10.420     0.020     2.839
        91     5.791     0.475     0.000     0.565    -3.158     6.873     5.791  1025.788 17266.969    33.570    10.419     0.020     2.896
        92     5.907     0.481     0.000     0.572    -3.180     7.018     5.907  1025.752 16927.807    33.523    10.418     0.020     2.954
        93     6.026     0.487     0.000     0.579    -3.203     7.166     6.026  1025.717 16595.319    33.478    10.417     0.020     3.013
        94     6.147     0.493     0.000     0.586    -3.226     7.316     6.147  1025.682 16269.373    33.433    10.416     0.020     3.073
        95     6.270     0.499     0.000     0.593    -3.249     7.469     6.270  1025.649 15949.839    33.389    10.415     0.020     3.135
        96     6.395     0.505     0.000     0.601    -3.273     7.624     6.395  1025.615 15636.591    33.346    10.413     0.020     3.198
        97     6.523     0.511     0.000     0.608    -3.297     7.781     6.523  1025.583 15329.506    33.304    10.412     0.020     3.262
        98     6.654     0.517     0.000     0.615    -3.321     7.941     6.654  1025.551 15028.461    33.263    10.410     0.020     3.327
        99     6.787     0.523     0.000     0.622    -3.345     8.103     6.787  1025.520 14733.337    33.223    10.409     0.020     3.394
       100     6.923     0.530     0.000     0.629    -3.370     8.267     6.923  1025.489 14444.017    33.183    10.407     0.020     3.462
       101     7.062     0.536     0.000     0.637    -3.395     8.434     7.062  1025.459 14160.388    33.144    10.405     0.020     3.531
       102     7.203     0.543     0.000     0.644    -3.420     8.604     7.203  1025.430 13882.336    33.106    10.404     0.020     3.602
       103     7.348     0.549     0.000     0.651    -3.446     8.776     7.348  1025.401 13609.752    33.069    10.402     0.020     3.674
       104     7.495     0.556     0.000     0.659    -3.472     8.951     7.495  1025.373 13342.527    33.032    10.400     0.020     3.747
       105     7.645     0.562     0.000     0.666    -3.498     9.128     7.645  1025.345 13080.557    32.996    10.398     0.020     3.822
       106     7.798     0.569     0.000     0.673    -3.524     9.308     7.798  1025.318 12823.738    32.961    10.395     0.020     3.899
       107     7.954     0.576     0.000     0.681    -3.551     9.491     7.954  1025.292 12571.967    32.926    10.393     0.020     3.977
       108     8.113     0.583     0.000     0.688    -3.578     9.677     8.113  1025.266 12325.146    32.892    10.391     0.020     4.057
       109     8.276     0.590     0.000     0.696    -3.605     9.866     8.276  1025.241 12083.177    32.859    10.389     0.020     4.138
       110     8.442     0.597     0.000     0.704    -3.633    10.057     8.442  1025.216 11845.965    32.827    10.386     0.020     4.221
       111     8.611     0.605     0.000     0.711    -3.661    10.251     8.611  1025.191 11613.415    32.795    10.384     0.020     4.305
       112     8.783     0.612     0.000     0.719    -3.689    10.449     8.783  1025.167 11385.436    32.764    10.381     0.020     4.392
       113     8.959     0.620     0.000     0.727    -3.718    10.649     8.959  1025.144 11161.937    32.733    10.378     0.020     4.480
       114     9.138     0.627     0.000     0.734    -3.747    10.853     9.138  1025.121 10942.831    32.703    10.375     0.020     4.569
       115     9.321     0.635     0.000     0.742    -3.776    11.059     9.321  1025.099 10728.031    32.673    10.373     0.020     4.661
       116     9.508     0.642     0.000     0.750    -3.806    11.269     9.508  1025.077 10517.452    32.645    10.370     0.020     4.754
       117     9.698     0.650     0.000     0.758    -3.836    11.482     9.698  1025.055 10311.011    32.616    10.367     0.020     4.849
       118     9.893     0.658     0.000     0.766    -3.866    11.699     9.893  1025.034 10108.627    32.588    10.364     0.020     4.946
       119    10.091     0.666     0.000     0.774    -3.897    11.918    10.091  1025.014  9910.219    32.561    10.360     0.020     5.045
       120    10.293     0.674     0.000     0.782    -3.928    12.141    10.293  1024.993  9715.709    32.535    10.357     0.020     5.146
       121    10.499     0.683     0.000     0.790    -3.959    12.368    10.499  1024.974  9525.021    32.508    10.354     0.020     5.249
       122    10.709     0.691     0.000     0.798    -3.991    12.598    10.709  1024.954  9338.080    32.483    10.350     0.020     5.354
       123    10.923     0.699     0.000     0.806    -4.023    12.831    10.923  1024.935  9154.811    32.458    10.347     0.020     5.462
       124    11.142     0.708     0.000     0.815    -4.055    13.068    11.142  1024.917  8975.142    32.433    10.343     0.020     5.571
       125    11.365     0.717     0.000     0.823    -4.088    13.309    11.365  1024.898  8799.003    32.409    10.340     0.020     5.682
       126    11.592     0.725     0.000     0.831    -4.121    13.554    11.592  1024.881  8626.323    32.385    10.336     0.020     5.796
       127    11.824     0.734     0.000     0.840    -4.154    13.802    11.824  1024.863  8457.036    32.362    10.332     0.020     5.912
       128    12.061     0.743     0.000     0.848    -4.188    14.054    12.061  1024.846  8291.074    32.339    10.328     0.020     6.031
       129    12.303     0.752     0.000     0.857    -4.222    14.310    12.303  1024.829  8128.371    32.317    10.324     0.020     6.151
       130    12.549     0.762     0.000     0.866    -4.257    14.570    12.549  1024.813  7968.864    32.295    10.320     0.020     6.274
       131    12.800     0.771     0.000     0.874    -4.292    14.834    12.800  1024.797  7812.490    32.273    10.316     0.020     6.400
       132    13.056     0.780     0.000     0.883    -4.327    15.102    13.056  1024.781  7659.187    32.252    10.312     0.020     6.528
       133    13.318     0.790     0.000     0.892    -4.363    15.375    13.318  1024.766  7508.895    32.232    10.308     0.020     6.659
       134    13.584     0.800     0.000     0.901    -4.399    15.651    13.584  1024.751  7361.554    32.211    10.304     0.020     6.792
       135    13.856     0.810     0.000     0.910    -4.436    15.932    13.856  1024.737  7217.106    32.192    10.299     0.020     6.928
       136    14.133     0.820     0.000     0.919    -4.472    16.217    14.133  1024.722  7075.495    32.172    10.295     0.020     7.067
       137    14.416     0.830     0.000     0.928    -4.510    16.507    14.416  1024.708  6936.665    32.153    10.290     0.020     7.208
       138    14.705     0.840     0.000     0.937    -4.548    16.801    14.705  1024.694  6800.560    32.134    10.285     0.020     7.352
       139    14.999     0.850     0.000     0.947    -4.586    17.100    14.999  1024.681  6667.129    32.116    10.281     0.020     7.499
       140    15.299     0.861     0.000     0.956    -4.624    17.403    15.299  1024.668  6536.317    32.098    10.276     0.020     7.650
       141    15.605     0.871     0.000     0.965    -4.663    17.711    15.605  1024.655  6408.073    32.080    10.271     0.020     7.803
       142    15.918     0.882     0.000     0.975    -4.703    18.024    15.918  1024.642  6282.348    32.063    10.266     0.020     7.959
       143    16.236     0.893     0.000     0.984    -4.743    18.342    16.236  1024.630  6159.090    32.046    10.261     0.020     8.118
       144    16.561     0.904     0.000     0.994    -4.783    18.665    16.561  1024.618  6038.253    32.030    10.256     0.020     8.281
       145    16.892     0.916     0.000     1.004    -4.824    18.993    16.892  1024.606  5919.788    32.013    10.250     0.020     8.446
       146    17.231     0.927     0.000     1.014    -4.865    19.326    17.231  1024.595  5803.648    31.997    10.245     0.020     8.615
       147    17.575     0.938     0.000     1.024    -4.906    19.665    17.575  1024.583  5689.789    31.982    10.240     0.020     8.788
       148    17.927     0.950     0.000     1.034    -4.948    20.008    17.927  1024.572  5578.164    31.967    10.234     0.020     8.964
       149    18.286     0.962     0.000     1.044    -4.991    20.357    18.286  1024.562  5468.731    31.951    10.228     0.020     9.143
       150    18.652     0.974     0.000     1.054    -5.034    20.712    18.652  1024.551  5361.446    31.937    10.223     0.020     9.326
       151    19.025     0.986     0.000     1.065    -5.077    21.072    19.025  1024.541  5256.267    31.922    10.217     0.020     9.512
       152    19.406     0.998     0.000     1.075    -5.121    21.438    19.406  1024.531  5153.153    31.908    10.211     0.020     9.703
       153    19.794     1.011     0.000     1.086    -5.166    21.810    19.794  1024.521  5052.062    31.894    10.205     0.020     9.897
       154    20.190     1.024     0.000     1.096    -5.210    22.188    20.190  1024.511  4952.956    31.881    10.199     0.020    10.095
       155    20.594     1.036     0.000     1.107    -5.256    22.571    20.594  1024.502  4855.794    31.867    10.193     0.020    10.297
       156    21.006     1.049     0.000     1.118    -5.302    22.961    21.006  1024.493  4760.540    31.854    10.187     0.020    10.503
       157    21.426     1.063     0.000     1.129    -5.348    23.357    21.426  1024.484  4667.156    31.841    10.181     0.020    10.713
       158    21.855     1.076     0.000     1.140    -5.395    23.760    21.855  1024.475  4575.604    31.829    10.174     0.020    10.928
       159    22.292     1.090     0.000     1.151    -5.442    24.168    22.292  1024.467  4485.849    31.816    10.168     0.020    11.146
       160    22.738     1.103     0.000     1.163    -5.490    24.584    22.738  1024.458  4397.855    31.804    10.161     0.020    11.369
       161    23.193     1.117     0.000     1.174    -5.538    25.006    23.193  1024.450  4311.589    31.793    10.155     0.020    11.597
       162    23.657     1.131     0.000     1.186    -5.587    25.434    23.657  1024.442  4227.015    31.781    10.148     0.020    11.829
       163    24.131     1.146     0.000     1.197    -5.636    25.870    24.131  1024.435  4144.101    31.770    10.141     0.020    12.065
       164    24.613     1.160     0.000     1.209    -5.686    26.313    24.613  1024.427  4062.815    31.758    10.134     0.020    12.307
       165    25.106     1.175     0.000     1.221    -5.736    26.763    25.106  1024.420  3983.123    31.747    10.127     0.020    12.553
       166    25.608     1.190     0.000     1.233    -5.787    27.220    25.608  1024.413  3904.995    31.737    10.120     0.020    12.804
       167    26.121     1.205     0.000     1.246    -5.839    27.685    26.121  1024.406  3828.400    31.726    10.113     0.020    13.060
       168    26.643     1.221     0.000     1.258    -5.891    28.157    26.643  1024.399  3753.309    31.716    10.105     0.020    13.322
       169    27.176     1.236     0.000     1.270    -5.943    28.637    27.176  1024.392  3679.691    31.706    10.098     0.020    13.588
       170    27.720     1.252     0.000     1.283    -5.996    29.124    27.720  1024.386  3607.517    31.696    10.090     0.020    13.860
       171    28.274     1.268     0.000     1.296    -6.050    29.620    28.274  1024.379  3536.760    31.686    10.083     0.020    14.137
       172    28.840     1.284     0.000     1.309    -6.104    30.124    28.840  1024.373  3467.391    31.677    10.075     0.020    14.420
       173    29.417     1.301     0.000     1.322    -6.159    30.636    29.417  1024.367  3399.383    31.667    10.068     0.020    14.709
       174    30.006     1.318     0.000     1.335    -6.214    31.157    30.006  1024.362  3332.710    31.659    10.060     0.020    15.003
       175    30.606     1.335     0.000     1.349    -6.270    31.686    30.606  1024.356  3267.346    31.650    10.052     0.020    15.303
       176    31.218     1.353     0.000     1.362    -6.327    32.225    31.218  1024.351  3203.264    31.642    10.045     0.020    15.609
       177    31.843     1.371     0.000     1.376    -6.384    32.773    31.843  1024.347  3140.440    31.634    10.038     0.020    15.921
       178    32.480     1.390     0.000     1.390    -6.441    33.331    32.480  1024.342  3078.849    31.627    10.030     0.020    16.240
       179    33.129     1.409     0.000     1.405    -6.499    33.899    33.129  1024.338  3018.467    31.620    10.023     0.020    16.565
       180    33.792     1.429     0.000     1.419    -6.558    34.478    33.792  1024.334  2959.270    31.613    10.016     0.020    16.896
       181    34.468     1.449     0.000     1.434    -6.617    35.067    34.468  1024.330  2901.234    31.606    10.009     0.020    17.234
       182    35.158     1.470     0.000     1.448    -6.677    35.668    35.158  1024.326  2844.337    31.600    10.001     0.020    17.579
       183    35.861     1.491     0.000     1.464    -6.738    36.281    35.861  1024.323  2788.556    31.594     9.994     0.020    17.930
       184    36.578     1.513     0.000     1.479    -6.799    36.905    36.578  1024.320  2733.870    31.589     9.987     0.020    18.289
       185    37.310     1.536     0.000     1.494    -6.860    37.543    37.310  1024.317  2680.258    31.584     9.980     0.020    18.655
       186    38.056     1.559     0.000     1.510    -6.923    38.193    38.056  1024.314  2627.697    31.579     9.973     0.020    19.028
       187    38.817     1.583     0.000     1.526    -6.985    38.858    38.817  1024.312  2576.167    31.574     9.966     0.020    19.409
       188    39.594     1.607     0.000     1.543    -7.049    39.536    39.594  1024.309  2525.648    31.570     9.959     0.020    19.797
       189    40.386     1.632     0.000     1.560    -7.113    40.229    40.386  1024.307  2476.121    31.566     9.952     0.020    20.193
       190    41.194     1.659     0.000     1.577    -7.177    40.938    41.194  1024.305  2427.565    31.562     9.946     0.020    20.597
       191    42.017     1.685     0.000     1.594    -7.242    41.663    42.017  1024.304  2379.962    31.559     9.939     0.020    21.009
       192    42.858     1.713     0.000     1.612    -7.308    42.404    42.858  1024.303  2333.293    31.555     9.932     0.020    21.429
       193    43.715     1.742     0.000     1.630    -7.374    43.163    43.715  1024.301  2287.540    31.552     9.925     0.020    21.858
       194    44.589     1.772     0.000     1.648    -7.441    43.940    44.589  1024.300  2242.684    31.550     9.918     0.020    22.295
       195    45.481     1.803     0.000     1.667    -7.508    44.736    45.481  1024.300  2198.708    31.547     9.912     0.020    22.741
       196    46.391     1.835     0.000     1.686    -7.576    45.552    46.391  1024.299  2155.595    31.545     9.905     0.020    23.195
       197    47.319     1.868     0.000     1.706    -7.644    46.388    47.319  1024.299  2113.328    31.544     9.898     0.020    23.659
       198    48.265     1.903     0.000     1.726    -7.713    47.247    48.265  1024.299  2071.890    31.542     9.892     0.020    24.133
---------------------------- Plume traps -----------------------------
       199    49.230     1.939     0.000     1.747    -7.782    48.128    49.230  1024.299  2031.265    31.541     9.885     0.020    24.615
       200    50.215     1.976     0.000     1.768    -7.851    49.033    50.215  1024.299  1991.436    31.540     9.878     0.020    25.108
       201    51.219     2.015     0.000     1.789    -7.921    49.963    51.219  1024.299  1952.389    31.539     9.872     0.020    25.610
       202    52.244     2.057     0.000     1.812    -7.991    50.920    52.244  1024.300  1914.108    31.538     9.865     0.020    26.122
       203    53.288     2.100     0.000     1.834    -8.062    51.904    53.288  1024.301  1876.578    31.538     9.859     0.020    26.644
       204    54.354     2.145     0.000     1.858    -8.132    52.917    54.354  1024.302  1839.784    31.538     9.852     0.020    27.177
       205    55.403     2.192     0.000     1.881    -8.201    53.923    55.403  1024.303  1804.945    31.538     9.846     0.020    27.702
       206    56.383     2.239     0.000     1.903    -8.263    54.871    56.383  1024.304  1773.572    31.538     9.840     0.020    28.192
       207    57.299     2.284     0.000     1.923    -8.321    55.759    57.299  1024.305  1745.240    31.539     9.835     0.020    28.649
       208    58.151     2.328     0.000     1.942    -8.373    56.592    58.151  1024.306  1719.652    31.539     9.830     0.020    29.076
       209    58.950     2.370     0.000     1.960    -8.421    57.376    58.950  1024.308  1696.351    31.540     9.825     0.020    29.475
       210    59.701     2.412     0.000     1.977    -8.465    58.116    59.701  1024.309  1675.017    31.540     9.821     0.020    29.850
       211    60.410     2.452     0.000     1.993    -8.506    58.818    60.410  1024.310  1655.367    31.541     9.817     0.020    30.205
       212    61.080     2.491     0.000     2.008    -8.544    59.486    61.080  1024.311  1637.185    31.542     9.813     0.020    30.540
       213    61.718     2.529     0.000     2.022    -8.580    60.121    61.718  1024.313  1620.285    31.543     9.810     0.020    30.859
       214    62.324     2.566     0.000     2.036    -8.613    60.728    62.324  1024.314  1604.516    31.544     9.807     0.020    31.162
       215    62.903     2.603     0.000     2.049    -8.644    61.308    62.903  1024.315  1589.751    31.544     9.804     0.020    31.451
       216    63.457     2.638     0.000     2.062    -8.673    61.864    63.457  1024.316  1575.879    31.545     9.801     0.020    31.728
       217    63.987     2.673     0.000     2.074    -8.700    62.397    63.987  1024.317  1562.808    31.546     9.798     0.020    31.994
       218    64.497     2.708     0.000     2.085    -8.726    62.908    64.497  1024.318  1550.456    31.547     9.795     0.020    32.249
       219    64.988     2.742     0.000     2.096    -8.750    63.400    64.988  1024.319  1538.754    31.547     9.793     0.020    32.494
       220    65.460     2.775     0.000     2.107    -8.773    63.874    65.460  1024.320  1527.640    31.548     9.791     0.020    32.730
       221    65.917     2.808     0.000     2.117    -8.794    64.330    65.917  1024.321  1517.059    31.549     9.788     0.020    32.959
       222    66.359     2.840     0.000     2.127    -8.815    64.770    66.359  1024.322  1506.964    31.550     9.786     0.020    33.179
       223    66.786     2.872     0.000     2.137    -8.834    65.196    66.786  1024.323  1497.314    31.550     9.784     0.020    33.393
       224    67.201     2.903     0.000     2.146    -8.853    65.606    67.201  1024.324  1488.070    31.551     9.782     0.020    33.601
------------------------- merging happened ---------------------------
       225    67.595     2.934     0.000     2.155    -8.870    66.004    67.595  1024.325  1479.395    31.552     9.780     0.020    33.798
       226    67.961     2.963     0.000     2.164    -8.887    66.391    67.961  1024.325  1471.430    31.553     9.778     0.020    33.981
       227    68.305     2.992     0.000     2.172    -8.903    66.772    68.305  1024.326  1464.016    31.553     9.777     0.020    34.153
       228    68.628     3.021     0.000     2.181    -8.918    67.145    68.628  1024.327  1457.141    31.554     9.775     0.020    34.314
       229    68.931     3.048     0.000     2.189    -8.933    67.512    68.931  1024.327  1450.736    31.554     9.774     0.020    34.465
       230    69.215     3.075     0.000     2.197    -8.948    67.872    69.215  1024.328  1444.777    31.555     9.772     0.020    34.607
       231    69.482     3.102     0.000     2.205    -8.962    68.225    69.482  1024.329  1439.225    31.555     9.771     0.020    34.741
       232    69.732     3.128     0.000     2.212    -8.975    68.571    69.732  1024.329  1434.052    31.556     9.770     0.020    34.866
       233    69.968     3.154     0.000     2.220    -8.988    68.910    69.968  1024.330  1429.228    31.556     9.769     0.020    34.984
       234    70.189     3.179     0.000     2.227    -9.000    69.242    70.189  1024.330  1424.725    31.557     9.768     0.020    35.094
       235    70.397     3.203     0.000     2.235    -9.012    69.567    70.397  1024.331  1420.520    31.557     9.767     0.020    35.198
       236    70.592     3.227     0.000     2.242    -9.024    69.886    70.592  1024.331  1416.588    31.558     9.766     0.020    35.296
       237    70.776     3.251     0.000     2.249    -9.035    70.197    70.776  1024.332  1412.907    31.558     9.765     0.020    35.388
       238    70.952     3.274     0.000     2.256    -9.046    70.504    70.952  1024.332  1409.412    31.558     9.764     0.020    35.476
       239    71.118     3.297     0.000     2.262    -9.056    70.807    71.118  1024.332  1406.110    31.559     9.763     0.020    35.559
       240    71.277     3.319     0.000     2.269    -9.067    71.105    71.277  1024.333  1402.975    31.559     9.763     0.020    35.639
       241    71.428     3.341     0.000     2.276    -9.076    71.399    71.428  1024.333  1400.003    31.559     9.762     0.020    35.714
       242    71.573     3.363     0.000     2.282    -9.086    71.688    71.573  1024.334  1397.181    31.560     9.761     0.020    35.786
       243    71.710     3.385     0.000     2.288    -9.095    71.972    71.710  1024.334  1394.500    31.560     9.761     0.020    35.855
       244    71.842     3.406     0.000     2.295    -9.104    72.252    71.842  1024.334  1391.951    31.560     9.760     0.020    35.921
       245    71.967     3.427     0.000     2.301    -9.113    72.528    71.967  1024.334  1389.527    31.560     9.760     0.020    35.983
       246    72.087     3.447     0.000     2.307    -9.121    72.800    72.087  1024.335  1387.220    31.561     9.759     0.020    36.043
       247    72.201     3.467     0.000     2.313    -9.129    73.068    72.201  1024.335  1385.023    31.561     9.759     0.020    36.100
       248    72.310     3.487     0.000     2.319    -9.137    73.331    72.310  1024.335  1382.929    31.561     9.758     0.020    36.155
       249    72.415     3.507     0.000     2.325    -9.145    73.590    72.415  1024.335  1380.931    31.561     9.758     0.020    36.207
       250    72.515     3.527     0.000     2.330    -9.153    73.846    72.515  1024.336  1379.026    31.561     9.757     0.020    36.257
       251    72.611     3.546     0.000     2.336    -9.160    74.097    72.611  1024.336  1377.206    31.562     9.757     0.020    36.305
       252    72.703     3.565     0.000     2.341    -9.167    74.345    72.703  1024.336  1375.467    31.562     9.756     0.020    36.351
       253    72.791     3.583     0.000     2.347    -9.174    74.589    72.791  1024.336  1373.805    31.562     9.756     0.020    36.395
       254    72.875     3.602     0.000     2.352    -9.180    74.829    72.875  1024.336  1372.215    31.562     9.756     0.020    36.437
       255    72.956     3.620     0.000     2.357    -9.187    75.066    72.956  1024.337  1370.692    31.562     9.755     0.020    36.478
       256    73.034     3.638     0.000     2.363    -9.193    75.299    73.034  1024.337  1369.234    31.563     9.755     0.020    36.517
       257    73.108     3.656     0.000     2.368    -9.199    75.529    73.108  1024.337  1367.837    31.563     9.755     0.020    36.554
       258    73.180     3.673     0.000     2.373    -9.205    75.755    73.180  1024.337  1366.497    31.563     9.754     0.020    36.590
       259    73.249     3.691     0.000     2.378    -9.211    75.978    73.249  1024.337  1365.211    31.563     9.754     0.020    36.624
       260    73.315     3.708     0.000     2.383    -9.216    76.198    73.315  1024.337  1363.977    31.563     9.754     0.020    36.658
       261    73.379     3.725     0.000     2.387    -9.222    76.415    73.379  1024.338  1362.791    31.563     9.753     0.020    36.689
       262    73.440     3.741     0.000     2.392    -9.227    76.629    73.440  1024.338  1361.651    31.563     9.753     0.020    36.720
       263    73.499     3.758     0.000     2.397    -9.232    76.840    73.499  1024.338  1360.555    31.563     9.753     0.020    36.750
       264    73.556     3.774     0.000     2.402    -9.237    77.048    73.556  1024.338  1359.501    31.564     9.753     0.020    36.778
       265    73.611     3.790     0.000     2.406    -9.242    77.253    73.611  1024.338  1358.486    31.564     9.752     0.020    36.806
       266    73.664     3.806     0.000     2.411    -9.246    77.455    73.664  1024.338  1357.508    31.564     9.752     0.020    36.832
       267    73.716     3.821     0.000     2.415    -9.251    77.655    73.716  1024.338  1356.566    31.564     9.752     0.020    36.858
       268    73.765     3.837     0.000     2.419    -9.255    77.851    73.765  1024.338  1355.658    31.564     9.752     0.020    36.882
       269    73.813     3.852     0.000     2.424    -9.260    78.046    73.813  1024.339  1354.782    31.564     9.752     0.020    36.906
       270    73.859     3.867     0.000     2.428    -9.264    78.237    73.859  1024.339  1353.937    31.564     9.751     0.020    36.929
       271    73.903     3.882     0.000     2.432    -9.268    78.427    73.903  1024.339  1353.121    31.564     9.751     0.020    36.952
       272    73.946     3.897     0.000     2.436    -9.272    78.613    73.946  1024.339  1352.333    31.564     9.751     0.020    36.973
       273    73.988     3.911     0.000     2.441    -9.276    78.798    73.988  1024.339  1351.572    31.564     9.751     0.020    36.994
       274    74.028     3.926     0.000     2.445    -9.280    78.980    74.028  1024.339  1350.836    31.564     9.751     0.020    37.014
       275    74.067     3.940     0.000     2.449    -9.283    79.160    74.067  1024.339  1350.125    31.565     9.750     0.020    37.034
       276    74.105     3.954     0.000     2.453    -9.287    79.338    74.105  1024.339  1349.437    31.565     9.750     0.020    37.052
       277    74.142     3.968     0.000     2.456    -9.290    79.514    74.142  1024.339  1348.771    31.565     9.750     0.020    37.071
       278    74.177     3.982     0.000     2.460    -9.294    79.687    74.177  1024.339  1348.126    31.565     9.750     0.020    37.089
       279    74.211     3.995     0.000     2.464    -9.297    79.859    74.211  1024.339  1347.502    31.565     9.750     0.020    37.106
       280    74.245     4.008     0.000     2.468    -9.300    80.028    74.245  1024.340  1346.897    31.565     9.750     0.020    37.122
       281    74.277     4.022     0.000     2.472    -9.303    80.196    74.277  1024.340  1346.311    31.565     9.750     0.020    37.139
       282    74.308     4.035     0.000     2.475    -9.306    80.361    74.308  1024.340  1345.743    31.565     9.749     0.020    37.154
       283    74.339     4.047     0.000     2.479    -9.309    80.525    74.339  1024.340  1345.193    31.565     9.749     0.020    37.169
       284    74.368     4.060     0.000     2.483    -9.312    80.687    74.368  1024.340  1344.658    31.565     9.749     0.020    37.184
       285    74.397     4.073     0.000     2.486    -9.315    80.847    74.397  1024.340  1344.140    31.565     9.749     0.020    37.198
       286    74.425     4.085     0.000     2.490    -9.318    81.006    74.425  1024.340  1343.637    31.565     9.749     0.020    37.212
       287    74.452     4.097     0.000     2.493    -9.321    81.163    74.452  1024.340  1343.149    31.565     9.749     0.020    37.226
       288    74.478     4.109     0.000     2.497    -9.323    81.318    74.478  1024.340  1342.675    31.565     9.749     0.020    37.239
       289    74.504     4.121     0.000     2.500    -9.326    81.472    74.504  1024.340  1342.215    31.565     9.749     0.020    37.252
       290    74.529     4.133     0.000     2.503    -9.328    81.624    74.529  1024.340  1341.767    31.565     9.748     0.020    37.264
       291    74.553     4.145     0.000     2.507    -9.331    81.774    74.553  1024.340  1341.333    31.565     9.748     0.020    37.276
       292    74.576     4.156     0.000     2.510    -9.333    81.923    74.576  1024.340  1340.910    31.566     9.748     0.020    37.288
       293    74.599     4.168     0.000     2.513    -9.335    82.071    74.599  1024.340  1340.500    31.566     9.748     0.020    37.300
       294    74.621     4.179     0.000     2.517    -9.338    82.217    74.621  1024.340  1340.100    31.566     9.748     0.020    37.311
       295    74.643     4.190     0.000     2.520    -9.340    82.362    74.643  1024.340  1339.712    31.566     9.748     0.020    37.321
       296    74.664     4.201     0.000     2.523    -9.342    82.505    74.664  1024.340  1339.334    31.566     9.748     0.020    37.332
       297    74.684     4.211     0.000     2.526    -9.344    82.647    74.684  1024.341  1338.967    31.566     9.748     0.020    37.342
       298    74.704     4.222     0.000     2.529    -9.346    82.788    74.704  1024.341  1338.609    31.566     9.748     0.020    37.352
       299    74.724     4.232     0.000     2.532    -9.348    82.928    74.724  1024.341  1338.261    31.566     9.748     0.020    37.362
       300    74.743     4.243     0.000     2.535    -9.350    83.066    74.743  1024.341  1337.923    31.566     9.748     0.020    37.371
       301    74.761     4.253     0.000     2.538    -9.352    83.203    74.761  1024.341  1337.593    31.566     9.747     0.020    37.381
       302    74.779     4.263     0.000     2.541    -9.354    83.339    74.779  1024.341  1337.272    31.566     9.747     0.020    37.390
       303    74.797     4.273     0.000     2.544    -9.356    83.474    74.797  1024.341  1336.959    31.566     9.747     0.020    37.398
       304    74.814     4.282     0.000     2.547    -9.357    83.607    74.814  1024.341  1336.655    31.566     9.747     0.020    37.407
       305    74.830     4.292     0.000     2.550    -9.359    83.740    74.830  1024.341  1336.358    31.566     9.747     0.020    37.415
       306    74.846     4.302     0.000     2.553    -9.361    83.871    74.846  1024.341  1336.070    31.566     9.747     0.020    37.423
       307    74.862     4.311     0.000     2.556    -9.362    84.002    74.862  1024.341  1335.788    31.566     9.747     0.020    37.431
       308    74.878     4.320     0.000     2.559    -9.364    84.131    74.878  1024.341  1335.514    31.566     9.747     0.020    37.439
       309    74.892     4.329     0.000     2.562    -9.366    84.259    74.892  1024.341  1335.247    31.566     9.747     0.020    37.446
       310    74.907     4.338     0.000     2.565    -9.367    84.387    74.907  1024.341  1334.987    31.566     9.747     0.020    37.454
       311    74.921     4.347     0.000     2.568    -9.369    84.513    74.921  1024.341  1334.734    31.566     9.747     0.020    37.461
       312    74.935     4.355     0.000     2.570    -9.370    84.639    74.935  1024.341  1334.487    31.566     9.747     0.020    37.468
       313    74.949     4.364     0.000     2.573    -9.372    84.764    74.949  1024.341  1334.246    31.566     9.747     0.020    37.474
       314    74.962     4.372     0.000     2.576    -9.373    84.887    74.962  1024.341  1334.011    31.566     9.747     0.020    37.481
       315    74.975     4.381     0.000     2.579    -9.374    85.010    74.975  1024.341  1333.783    31.566     9.747     0.020    37.487
       316    74.987     4.389     0.000     2.581    -9.376    85.132    74.987  1024.341  1333.560    31.566     9.746     0.020    37.494
       317    74.999     4.397     0.000     2.584    -9.377    85.253    74.999  1024.341  1333.343    31.566     9.746     0.020    37.500
       318    75.011     4.405     0.000     2.587    -9.378    85.374    75.011  1024.341  1333.131    31.566     9.746     0.020    37.506
       319    75.023     4.412     0.000     2.589    -9.379    85.493    75.023  1024.341  1332.925    31.566     9.746     0.020    37.511
       320    75.034     4.420     0.000     2.592    -9.381    85.612    75.034  1024.341  1332.724    31.566     9.746     0.020    37.517
       321    75.045     4.427     0.000     2.595    -9.382    85.730    75.045  1024.341  1332.528    31.566     9.746     0.020    37.523
       322    75.056     4.435     0.000     2.597    -9.383    85.848    75.056  1024.341  1332.338    31.566     9.746     0.020    37.528
       323    75.067     4.442     0.000     2.600    -9.384    85.965    75.067  1024.341  1332.152    31.566     9.746     0.020    37.533
       324    75.077     4.449     0.000     2.602    -9.385    86.081    75.077  1024.341  1331.971    31.567     9.746     0.020    37.538
       325    75.087     4.456     0.000     2.605    -9.386    86.196    75.087  1024.341  1331.794    31.567     9.746     0.020    37.543
       326    75.096     4.463     0.000     2.607    -9.387    86.311    75.096  1024.341  1331.622    31.567     9.746     0.020    37.548
       327    75.106     4.469     0.000     2.610    -9.388    86.425    75.106  1024.341  1331.455    31.567     9.746     0.020    37.553
       328    75.115     4.476     0.000     2.613    -9.389    86.538    75.115  1024.341  1331.292    31.567     9.746     0.020    37.557
       329    75.124     4.482     0.000     2.615    -9.390    86.651    75.124  1024.341  1331.133    31.567     9.746     0.020    37.562
       330    75.133     4.489     0.000     2.618    -9.391    86.763    75.133  1024.341  1330.979    31.567     9.746     0.020    37.566
       331    75.141     4.495     0.000     2.620    -9.392    86.874    75.141  1024.342  1330.828    31.567     9.746     0.020    37.571
       332    75.149     4.501     0.000     2.622    -9.393    86.986    75.149  1024.342  1330.682    31.567     9.746     0.020    37.575
       333    75.157     4.507     0.000     2.625    -9.394    87.096    75.157  1024.342  1330.540    31.567     9.746     0.020    37.579
       334    75.165     4.513     0.000     2.627    -9.394    87.206    75.165  1024.342  1330.401    31.567     9.746     0.020    37.583
       335    75.173     4.518     0.000     2.630    -9.395    87.315    75.173  1024.342  1330.267    31.567     9.746     0.020    37.586
       336    75.180     4.524     0.000     2.632    -9.396    87.424    75.180  1024.342  1330.136    31.567     9.746     0.020    37.590
       337    75.188     4.529     0.000     2.635    -9.397    87.533    75.188  1024.342  1330.008    31.567     9.746     0.020    37.594
       338    75.195     4.535     0.000     2.637    -9.397    87.641    75.195  1024.342  1329.884    31.567     9.746     0.020    37.597
       339    75.201     4.540     0.000     2.639    -9.398    87.748    75.201  1024.342  1329.764    31.567     9.746     0.020    37.601
       340    75.208     4.545     0.000     2.642    -9.399    87.855    75.208  1024.342  1329.648    31.567     9.746     0.020    37.604
       341    75.214     4.550     0.000     2.644    -9.400    87.962    75.214  1024.342  1329.534    31.567     9.746     0.020    37.607
       342    75.221     4.555     0.000     2.647    -9.400    88.068    75.221  1024.342  1329.424    31.567     9.745     0.020    37.610
       343    75.227     4.559     0.000     2.649    -9.401    88.174    75.227  1024.342  1329.318    31.567     9.745     0.020    37.613
       344    75.232     4.564     0.000     2.651    -9.401    88.279    75.232  1024.342  1329.214    31.567     9.745     0.020    37.616
       345    75.238     4.568     0.000     2.654    -9.402    88.384    75.238  1024.342  1329.114    31.567     9.745     0.020    37.619
       346    75.244     4.573     0.000     2.656    -9.403    88.489    75.244  1024.342  1329.017    31.567     9.745     0.020    37.622
       347    75.249     4.577     0.000     2.658    -9.403    88.593    75.249  1024.342  1328.923    31.567     9.745     0.020    37.624
       348    75.254     4.581     0.000     2.660    -9.404    88.697    75.254  1024.342  1328.832    31.567     9.745     0.020    37.627
       349    75.259     4.585     0.000     2.663    -9.404    88.801    75.259  1024.342  1328.745    31.567     9.745     0.020    37.630
       350    75.264     4.589     0.000     2.665    -9.405    88.904    75.264  1024.342  1328.660    31.567     9.745     0.020    37.632
       351    75.268     4.592     0.000     2.667    -9.405    89.007    75.268  1024.342  1328.578    31.567     9.745     0.020    37.634
       352    75.273     4.596     0.000     2.670    -9.406    89.109    75.273  1024.342  1328.499    31.567     9.745     0.020    37.636
       353    75.277     4.599     0.000     2.672    -9.406    89.212    75.277  1024.342  1328.423    31.567     9.745     0.020    37.639
       354    75.281     4.603     0.000     2.674    -9.406    89.314    75.281  1024.342  1328.350    31.567     9.745     0.020    37.641
       355    75.285     4.606     0.000     2.676    -9.407    89.415    75.285  1024.342  1328.279    31.567     9.745     0.020    37.643
       356    75.289     4.609     0.000     2.679    -9.407    89.517    75.289  1024.342  1328.212    31.567     9.745     0.020    37.645
       357    75.293     4.612     0.000     2.681    -9.408    89.618    75.293  1024.342  1328.147    31.567     9.745     0.020    37.646
       358    75.296     4.615     0.000     2.683    -9.408    89.719    75.296  1024.342  1328.084    31.567     9.745     0.020    37.648
       359    75.300     4.617     0.000     2.685    -9.408    89.820    75.300  1024.342  1328.025    31.567     9.745     0.020    37.650
       360    75.303     4.620     0.000     2.688    -9.409    89.920    75.303  1024.342  1327.968    31.567     9.745     0.020    37.652
       361    75.306     4.623     0.000     2.690    -9.409    90.021    75.306  1024.342  1327.914    31.567     9.745     0.020    37.653
       362    75.309     4.625     0.000     2.692    -9.409    90.121    75.309  1024.342  1327.862    31.567     9.745     0.020    37.655
       363    75.312     4.627     0.000     2.694    -9.410    90.221    75.312  1024.342  1327.813    31.567     9.745     0.020    37.656
       364    75.314     4.629     0.000     2.697    -9.410    90.321    75.314  1024.342  1327.767    31.567     9.745     0.020    37.657
       365    75.317     4.631     0.000     2.699    -9.410    90.420    75.317  1024.342  1327.723    31.567     9.745     0.020    37.658
       366    75.319     4.633     0.000     2.701    -9.410    90.520    75.319  1024.342  1327.681    31.567     9.745     0.020    37.660
       367    75.321     4.635     0.000     2.703    -9.410    90.619    75.321  1024.342  1327.643    31.567     9.745     0.020    37.661
       368    75.324     4.637     0.000     2.705    -9.411    90.718    75.324  1024.342  1327.606    31.567     9.745     0.020    37.662
       369    75.325     4.638     0.000     2.708    -9.411    90.817    75.325  1024.342  1327.572    31.567     9.745     0.020    37.663
       370    75.327     4.640     0.000     2.710    -9.411    90.916    75.327  1024.342  1327.541    31.567     9.745     0.020    37.664
       371    75.329     4.641     0.000     2.712    -9.411    91.015    75.329  1024.342  1327.512    31.567     9.745     0.020    37.664
       372    75.330     4.642     0.000     2.714    -9.411    91.114    75.330  1024.342  1327.485    31.567     9.745     0.020    37.665
       373    75.332     4.643     0.000     2.716    -9.411    91.212    75.332  1024.342  1327.461    31.567     9.745     0.020    37.666
       374    75.333     4.644     0.000     2.719    -9.411    91.311    75.333  1024.342  1327.440    31.567     9.745     0.020    37.666
       375    75.334     4.645     0.000     2.721    -9.412    91.410    75.334  1024.342  1327.420    31.567     9.745     0.020    37.667
       376    75.335     4.646     0.000     2.723    -9.412    91.508    75.335  1024.342  1327.403    31.567     9.745     0.020    37.668
       377    75.336     4.646     0.000     2.725    -9.412    91.606    75.336  1024.342  1327.389    31.567     9.745     0.020    37.668
       378    75.337     4.647     0.000     2.727    -9.412    91.705    75.337  1024.342  1327.377    31.567     9.745     0.020    37.668
       379    75.337     4.647     0.000     2.729    -9.412    91.803    75.337  1024.342  1327.367    31.567     9.745     0.020    37.669
       380    75.338     4.647     0.000     2.732    -9.412    91.901    75.338  1024.342  1327.359    31.567     9.745     0.020    37.669
---------------------- Local maximum rise or fall --------------------
       381    75.338     4.647     0.000     2.734    -9.412    92.000    75.338  1024.342  1327.353    31.567     9.745     0.020    37.669
       382    75.338     4.647     0.000     2.736    -9.412    92.098    75.338  1024.342  1327.350    31.567     9.745     0.020    37.669
       383    75.338     4.647     0.000     2.738    -9.412    92.196    75.338  1024.342  1327.348    31.567     9.745     0.020    37.669
       384    75.338     4.647     0.000     2.740    -9.412    92.294    75.338  1024.342  1327.346    31.567     9.745     0.020    37.669
       385    75.338     4.647     0.000     2.743    -9.412    92.393    75.338  1024.342  1327.344    31.567     9.745     0.020    37.669
       386    75.339     4.646     0.000     2.745    -9.411    92.491    75.339  1024.342  1327.342    31.567     9.745     0.020    37.669
       387    75.339     4.646     0.000     2.747    -9.411    92.589    75.339  1024.342  1327.339    31.567     9.745     0.020    37.669
       388    75.339     4.645     0.000     2.749    -9.411    92.688    75.339  1024.342  1327.336    31.567     9.745     0.020    37.669
       389    75.339     4.644     0.000     2.751    -9.411    92.786    75.339  1024.342  1327.332    31.567     9.745     0.020    37.670
       390    75.339     4.643     0.000     2.753    -9.411    92.885    75.339  1024.342  1327.329    31.567     9.745     0.020    37.670
       391    75.340     4.642     0.000     2.756    -9.411    92.984    75.340  1024.342  1327.325    31.567     9.745     0.020    37.670
       392    75.340     4.641     0.000     2.758    -9.411    93.082    75.340  1024.342  1327.320    31.567     9.745     0.020    37.670
       393    75.340     4.640     0.000     2.760    -9.410    93.181    75.340  1024.342  1327.315    31.567     9.745     0.020    37.670
       394    75.340     4.638     0.000     2.762    -9.410    93.280    75.340  1024.342  1327.310    31.567     9.745     0.020    37.670
       395    75.341     4.637     0.000     2.764    -9.410    93.379    75.341  1024.342  1327.305    31.567     9.745     0.020    37.670
       396    75.341     4.635     0.000     2.767    -9.410    93.479    75.341  1024.342  1327.299    31.567     9.745     0.020    37.670
       397    75.341     4.634     0.000     2.769    -9.409    93.578    75.341  1024.342  1327.293    31.567     9.745     0.020    37.671
       398    75.342     4.632     0.000     2.771    -9.409    93.678    75.342  1024.342  1327.286    31.567     9.745     0.020    37.671
       399    75.342     4.630     0.000     2.773    -9.409    93.777    75.342  1024.342  1327.279    31.567     9.745     0.020    37.671
       400    75.343     4.628     0.000     2.776    -9.409    93.877    75.343  1024.342  1327.272    31.567     9.745     0.020    37.671
       401    75.343     4.626     0.000     2.778    -9.408    93.977    75.343  1024.342  1327.264    31.567     9.745     0.020    37.671
       402    75.343     4.624     0.000     2.780    -9.408    94.078    75.343  1024.342  1327.255    31.567     9.745     0.020    37.672
       403    75.344     4.621     0.000     2.782    -9.408    94.178    75.344  1024.342  1327.247    31.567     9.745     0.020    37.672
       404    75.344     4.619     0.000     2.784    -9.407    94.279    75.344  1024.342  1327.238    31.567     9.745     0.020    37.672
       405    75.345     4.616     0.000     2.787    -9.407    94.380    75.345  1024.342  1327.228    31.567     9.745     0.020    37.672
       406    75.346     4.613     0.000     2.789    -9.406    94.481    75.346  1024.342  1327.218    31.567     9.745     0.020    37.673
       407    75.346     4.610     0.000     2.791    -9.406    94.583    75.346  1024.342  1327.208    31.567     9.745     0.020    37.673
       408    75.347     4.608     0.000     2.793    -9.406    94.684    75.347  1024.342  1327.197    31.567     9.745     0.020    37.673
       409    75.347     4.604     0.000     2.796    -9.405    94.786    75.347  1024.342  1327.186    31.567     9.745     0.020    37.674
       410    75.348     4.601     0.000     2.798    -9.405    94.889    75.348  1024.342  1327.174    31.567     9.745     0.020    37.674
       411    75.349     4.598     0.000     2.800    -9.404    94.991    75.349  1024.342  1327.161    31.567     9.745     0.020    37.674
       412    75.350     4.595     0.000     2.803    -9.404    95.094    75.350  1024.342  1327.149    31.567     9.745     0.020    37.675
       413    75.350     4.591     0.000     2.805    -9.403    95.197    75.350  1024.342  1327.135    31.567     9.745     0.020    37.675
       414    75.351     4.587     0.000     2.807    -9.403    95.301    75.351  1024.342  1327.121    31.567     9.745     0.020    37.676
       415    75.352     4.584     0.000     2.809    -9.402    95.405    75.352  1024.342  1327.107    31.567     9.745     0.020    37.676
       416    75.353     4.580     0.000     2.812    -9.401    95.509    75.353  1024.342  1327.092    31.567     9.745     0.020    37.676
       417    75.354     4.576     0.000     2.814    -9.401    95.614    75.354  1024.342  1327.076    31.567     9.745     0.020    37.677
       418    75.355     4.572     0.000     2.816    -9.400    95.719    75.355  1024.342  1327.060    31.567     9.745     0.020    37.677
       419    75.356     4.568     0.000     2.819    -9.400    95.824    75.356  1024.342  1327.043    31.567     9.745     0.020    37.678
       420    75.356     4.563     0.000     2.821    -9.399    95.930    75.356  1024.342  1327.026    31.567     9.745     0.020    37.678
       421    75.358     4.559     0.000     2.823    -9.398    96.036    75.358  1024.342  1327.008    31.567     9.745     0.020    37.679
       422    75.359     4.554     0.000     2.826    -9.397    96.143    75.359  1024.342  1326.989    31.567     9.745     0.020    37.679
       423    75.360     4.550     0.000     2.828    -9.397    96.250    75.360  1024.342  1326.969    31.567     9.745     0.020    37.680
       424    75.361     4.545     0.000     2.831    -9.396    96.358    75.361  1024.342  1326.949    31.567     9.745     0.020    37.680
       425    75.362     4.540     0.000     2.833    -9.395    96.466    75.362  1024.342  1326.928    31.567     9.745     0.020    37.681
       426    75.363     4.535     0.000     2.835    -9.394    96.575    75.363  1024.342  1326.907    31.567     9.745     0.020    37.682
       427    75.365     4.530     0.000     2.838    -9.394    96.684    75.365  1024.342  1326.884    31.567     9.745     0.020    37.682
       428    75.366     4.525     0.000     2.840    -9.393    96.794    75.366  1024.342  1326.861    31.567     9.745     0.020    37.683
       429    75.367     4.519     0.000     2.843    -9.392    96.904    75.367  1024.342  1326.837    31.567     9.745     0.020    37.684
       430    75.369     4.514     0.000     2.845    -9.391    97.014    75.369  1024.342  1326.812    31.567     9.745     0.020    37.684
       431    75.370     4.508     0.000     2.848    -9.390    97.126    75.370  1024.342  1326.786    31.567     9.745     0.020    37.685
       432    75.372     4.503     0.000     2.850    -9.389    97.238    75.372  1024.342  1326.760    31.567     9.745     0.020    37.686
       433    75.373     4.497     0.000     2.853    -9.388    97.350    75.373  1024.342  1326.732    31.567     9.745     0.020    37.687
       434    75.375     4.491     0.000     2.855    -9.387    97.463    75.375  1024.342  1326.703    31.567     9.745     0.020    37.687
       435    75.376     4.485     0.000     2.858    -9.386    97.577    75.376  1024.342  1326.674    31.567     9.745     0.020    37.688
       436    75.378     4.479     0.000     2.860    -9.385    97.691    75.378  1024.342  1326.643    31.567     9.745     0.020    37.689
       437    75.380     4.473     0.000     2.863    -9.384    97.807    75.380  1024.342  1326.611    31.567     9.745     0.020    37.690
       438    75.382     4.466     0.000     2.865    -9.383    97.922    75.382  1024.342  1326.578    31.567     9.745     0.020    37.691
       439    75.384     4.460     0.000     2.868    -9.382    98.039    75.384  1024.342  1326.544    31.567     9.745     0.020    37.692
       440    75.386     4.453     0.000     2.871    -9.381    98.156    75.386  1024.342  1326.509    31.567     9.745     0.020    37.693
       441    75.388     4.447     0.000     2.873    -9.380    98.274    75.388  1024.342  1326.472    31.567     9.745     0.020    37.694
       442    75.390     4.440     0.000     2.876    -9.378    98.393    75.390  1024.342  1326.434    31.567     9.745     0.020    37.695
       443    75.392     4.433     0.000     2.878    -9.377    98.512    75.392  1024.342  1326.395    31.567     9.745     0.020    37.696
       444    75.395     4.426     0.000     2.881    -9.376    98.632    75.395  1024.342  1326.354    31.567     9.745     0.020    37.697
       445    75.397     4.419     0.000     2.884    -9.375    98.753    75.397  1024.342  1326.312    31.567     9.745     0.020    37.699
       446    75.400     4.411     0.000     2.887    -9.373    98.875    75.400  1024.342  1326.269    31.567     9.745     0.020    37.700
       447    75.402     4.404     0.000     2.889    -9.372    98.998    75.402  1024.342  1326.223    31.567     9.745     0.020    37.701
       448    75.405     4.396     0.000     2.892    -9.370    99.122    75.405  1024.342  1326.176    31.567     9.745     0.020    37.702
       449    75.408     4.389     0.000     2.895    -9.369    99.247    75.408  1024.342  1326.128    31.567     9.745     0.020    37.704
       450    75.410     4.381     0.000     2.898    -9.368    99.372    75.410  1024.342  1326.077    31.567     9.745     0.020    37.705
       451    75.413     4.373     0.000     2.900    -9.366    99.499    75.413  1024.342  1326.025    31.567     9.745     0.020    37.707
       452    75.416     4.365     0.000     2.903    -9.364    99.626    75.416  1024.342  1325.971    31.567     9.745     0.020    37.708
       453    75.420     4.357     0.000     2.906    -9.363    99.755    75.420  1024.342  1325.914    31.567     9.745     0.020    37.710
       454    75.423     4.349     0.000     2.909    -9.361    99.884    75.423  1024.342  1325.856    31.567     9.745     0.020    37.711
       455    75.426     4.341     0.000     2.912    -9.360   100.015    75.426  1024.342  1325.795    31.567     9.745     0.020    37.713
       456    75.430     4.332     0.000     2.915    -9.358   100.146    75.430  1024.342  1325.732    31.567     9.745     0.020    37.715
       457    75.434     4.324     0.000     2.918    -9.356   100.279    75.434  1024.342  1325.667    31.567     9.745     0.020    37.717
       458    75.438     4.315     0.000     2.921    -9.354   100.413    75.438  1024.342  1325.599    31.567     9.745     0.020    37.719
       459    75.442     4.306     0.000     2.924    -9.353   100.548    75.442  1024.342  1325.528    31.567     9.745     0.020    37.721
       460    75.446     4.297     0.000     2.927    -9.351   100.685    75.446  1024.342  1325.455    31.567     9.745     0.020    37.723
       461    75.450     4.288     0.000     2.930    -9.349   100.822    75.450  1024.342  1325.378    31.567     9.745     0.020    37.725
       462    75.455     4.279     0.000     2.933    -9.347   100.961    75.455  1024.342  1325.299    31.567     9.744     0.020    37.727
       463    75.459     4.270     0.000     2.936    -9.345   101.101    75.459  1024.342  1325.216    31.567     9.744     0.020    37.730
       464    75.464     4.260     0.000     2.939    -9.343   101.242    75.464  1024.342  1325.131    31.567     9.744     0.020    37.732
       465    75.469     4.251     0.000     2.942    -9.341   101.385    75.469  1024.342  1325.041    31.567     9.744     0.020    37.735
       466    75.475     4.241     0.000     2.945    -9.338   101.529    75.475  1024.342  1324.948    31.567     9.744     0.020    37.737
       467    75.480     4.232     0.000     2.949    -9.336   101.675    75.480  1024.342  1324.852    31.567     9.744     0.020    37.740
       468    75.486     4.222     0.000     2.952    -9.334   101.822    75.486  1024.342  1324.751    31.567     9.744     0.020    37.743
       469    75.492     4.212     0.000     2.955    -9.332   101.971    75.492  1024.342  1324.646    31.567     9.744     0.020    37.746
       470    75.498     4.202     0.000     2.959    -9.329   102.121    75.498  1024.342  1324.536    31.567     9.744     0.020    37.749
       471    75.505     4.192     0.000     2.962    -9.327   102.273    75.505  1024.342  1324.422    31.567     9.744     0.020    37.752
       472    75.511     4.181     0.000     2.965    -9.324   102.426    75.511  1024.342  1324.303    31.567     9.744     0.020    37.756
       473    75.519     4.171     0.000     2.969    -9.322   102.581    75.519  1024.342  1324.178    31.567     9.744     0.020    37.759
       474    75.526     4.160     0.000     2.972    -9.319   102.738    75.526  1024.342  1324.049    31.567     9.744     0.020    37.763
       475    75.534     4.150     0.000     2.976    -9.316   102.897    75.534  1024.342  1323.913    31.567     9.744     0.020    37.767
       476    75.542     4.139     0.000     2.979    -9.313   103.057    75.542  1024.342  1323.771    31.567     9.744     0.020    37.771
       477    75.550     4.128     0.000     2.983    -9.310   103.219    75.550  1024.342  1323.624    31.567     9.744     0.020    37.775
       478    75.559     4.117     0.000     2.987    -9.308   103.384    75.559  1024.342  1323.469    31.567     9.744     0.020    37.780
       479    75.568     4.106     0.000     2.990    -9.305   103.550    75.568  1024.342  1323.307    31.567     9.744     0.020    37.784
       480    75.578     4.094     0.000     2.994    -9.301   103.718    75.578  1024.342  1323.138    31.567     9.744     0.020    37.789
       481    75.588     4.083     0.000     2.998    -9.298   103.888    75.588  1024.342  1322.961    31.568     9.744     0.020    37.794
       482    75.599     4.072     0.000     3.002    -9.295   104.061    75.599  1024.343  1322.775    31.568     9.744     0.020    37.799
       483    75.610     4.060     0.000     3.006    -9.292   104.236    75.610  1024.343  1322.581    31.568     9.744     0.020    37.805
       484    75.621     4.048     0.000     3.009    -9.288   104.413    75.621  1024.343  1322.377    31.568     9.744     0.020    37.811
       485    75.634     4.037     0.000     3.013    -9.285   104.592    75.634  1024.343  1322.163    31.568     9.744     0.020    37.817
       486    75.646     4.025     0.000     3.017    -9.281   104.774    75.646  1024.343  1321.939    31.568     9.744     0.020    37.823
       487    75.660     4.013     0.000     3.022    -9.277   104.958    75.660  1024.343  1321.703    31.568     9.744     0.020    37.830
       488    75.674     4.000     0.000     3.026    -9.273   105.145    75.674  1024.343  1321.456    31.568     9.744     0.020    37.837
       489    75.689     3.988     0.000     3.030    -9.269   105.335    75.689  1024.343  1321.196    31.568     9.744     0.020    37.845
       490    75.705     3.976     0.000     3.034    -9.265   105.527    75.705  1024.343  1320.922    31.568     9.743     0.020    37.852
       491    75.721     3.963     0.000     3.039    -9.261   105.722    75.721  1024.343  1320.634    31.568     9.743     0.020    37.861
       492    75.739     3.951     0.000     3.043    -9.257   105.920    75.739  1024.343  1320.332    31.568     9.743     0.020    37.869
       493    75.757     3.938     0.000     3.047    -9.252   106.121    75.757  1024.343  1320.013    31.568     9.743     0.020    37.878
       494    75.776     3.925     0.000     3.052    -9.248   106.326    75.776  1024.343  1319.676    31.568     9.743     0.020    37.888
       495    75.797     3.912     0.000     3.056    -9.243   106.533    75.797  1024.343  1319.322    31.568     9.743     0.020    37.898
       496    75.818     3.899     0.000     3.061    -9.238   106.744    75.818  1024.343  1318.947    31.568     9.743     0.020    37.909
       497    75.841     3.886     0.000     3.066    -9.233   106.958    75.841  1024.343  1318.552    31.568     9.743     0.020    37.920
       498    75.865     3.872     0.000     3.071    -9.228   107.176    75.865  1024.343  1318.134    31.568     9.743     0.020    37.932
       499    75.890     3.859     0.000     3.076    -9.223   107.397    75.890  1024.343  1317.692    31.568     9.743     0.020    37.945
       500    75.917     3.846     0.000     3.081    -9.217   107.622    75.917  1024.343  1317.225    31.568     9.743     0.020    37.959
       501    75.946     3.832     0.000     3.086    -9.212   107.851    75.946  1024.343  1316.729    31.568     9.742     0.020    37.973
       502    75.976     3.818     0.000     3.091    -9.206   108.085    75.976  1024.343  1316.205    31.568     9.742     0.020    37.988
       503    76.008     3.805     0.000     3.096    -9.200   108.322    76.008  1024.343  1315.648    31.568     9.742     0.020    38.004
       504    76.042     3.791     0.000     3.102    -9.194   108.564    76.042  1024.343  1315.056    31.568     9.742     0.020    38.021
       505    76.079     3.777     0.000     3.107    -9.187   108.811    76.079  1024.344  1314.428    31.568     9.742     0.020    38.039
       506    76.117     3.763     0.000     3.113    -9.180   109.062    76.117  1024.344  1313.760    31.568     9.742     0.020    38.059
       507    76.159     3.748     0.000     3.118    -9.174   109.319    76.159  1024.344  1313.049    31.569     9.742     0.020    38.079
       508    76.203     3.734     0.000     3.124    -9.166   109.581    76.203  1024.344  1312.291    31.569     9.741     0.020    38.101
       509    76.250     3.720     0.000     3.130    -9.159   109.848    76.250  1024.344  1311.483    31.569     9.741     0.020    38.125
       510    76.300     3.706     0.000     3.136    -9.152   110.120    76.300  1024.344  1310.620    31.569     9.741     0.020    38.150
       511    76.354     3.691     0.000     3.142    -9.144   110.399    76.354  1024.344  1309.697    31.569     9.741     0.020    38.177
       512    76.411     3.677     0.000     3.149    -9.135   110.684    76.411  1024.344  1308.710    31.569     9.741     0.020    38.206
       513    76.473     3.662     0.000     3.155    -9.127   110.976    76.473  1024.344  1307.652    31.569     9.740     0.020    38.236
       514    76.539     3.648     0.000     3.162    -9.118   111.274    76.539  1024.344  1306.517    31.569     9.740     0.020    38.270
       515    76.611     3.633     0.000     3.168    -9.109   111.579    76.611  1024.345  1305.298    31.569     9.740     0.020    38.305
       516    76.688     3.618     0.000     3.175    -9.099   111.892    76.688  1024.345  1303.986    31.569     9.739     0.020    38.344
       517    76.771     3.604     0.000     3.182    -9.090   112.213    76.771  1024.345  1302.574    31.570     9.739     0.020    38.386
       518    76.861     3.589     0.000     3.190    -9.079   112.543    76.861  1024.345  1301.049    31.570     9.739     0.020    38.431
       519    76.958     3.574     0.000     3.197    -9.068   112.881    76.958  1024.345  1299.402    31.570     9.738     0.020    38.479
       520    77.064     3.560     0.000     3.205    -9.057   113.229    77.064  1024.346  1297.618    31.570     9.738     0.020    38.532
       521    77.179     3.545     0.000     3.213    -9.046   113.587    77.179  1024.346  1295.683    31.570     9.738     0.020    38.590
       522    77.305     3.531     0.000     3.221    -9.033   113.956    77.305  1024.346  1293.579    31.571     9.737     0.020    38.652
       523    77.442     3.516     0.000     3.230    -9.021   114.337    77.442  1024.346  1291.286    31.571     9.737     0.020    38.721
       524    77.593     3.502     0.000     3.238    -9.007   114.730    77.593  1024.347  1288.782    31.571     9.736     0.020    38.796
       525    77.758     3.488     0.000     3.247    -8.993   115.136    77.758  1024.347  1286.039    31.571     9.735     0.020    38.879
       526    77.941     3.474     0.000     3.257    -8.978   115.557    77.941  1024.347  1283.026    31.572     9.735     0.020    38.970
       527    78.143     3.461     0.000     3.266    -8.963   115.994    78.143  1024.348  1279.704    31.572     9.734     0.020    39.072
       528    78.371     3.448     0.000     3.276    -8.946   116.451    78.371  1024.348  1275.985    31.572     9.733     0.020    39.185
       529    78.633     3.435     0.000     3.287    -8.928   116.934    78.633  1024.348  1271.733    31.573     9.732     0.020    39.316
       530    78.938     3.424     0.000     3.298    -8.909   117.448    78.938  1024.349  1266.818    31.573     9.731     0.020    39.469
       531    79.298     3.414     0.000     3.311    -8.888   117.998    79.298  1024.350  1261.063    31.574     9.730     0.020    39.649
       532    79.695     3.404     0.000     3.324    -8.866   118.593    79.695  1024.350  1254.778    31.574     9.728     0.020    39.848
       533    80.125     3.395     0.000     3.338    -8.841   119.228    80.125  1024.351  1248.050    31.575     9.727     0.020    40.062
       534    80.592     3.386     0.000     3.353    -8.814   119.906    80.592  1024.352  1240.824    31.575     9.725     0.020    40.296
       535    81.102     3.378     0.000     3.369    -8.785   120.635    81.102  1024.352  1233.022    31.576     9.723     0.020    40.551
       536    81.662     3.371     0.000     3.386    -8.753   121.424    81.662  1024.353  1224.552    31.577     9.722     0.020    40.831
       537    82.285     3.365     0.000     3.405    -8.717   122.286    82.285  1024.354  1215.294    31.577     9.720     0.020    41.142
       538    82.982     3.361     0.000     3.426    -8.678   123.235    82.982  1024.355  1205.087    31.578     9.717     0.020    41.491
       539    83.772     3.358     0.000     3.449    -8.633   124.295    83.772  1024.356  1193.711    31.579     9.715     0.020    41.886
       540    84.685     3.358     0.000     3.476    -8.581   125.497    84.685  1024.357  1180.844    31.579     9.712     0.020    42.343
       541    85.764     3.361     0.000     3.506    -8.520   126.892    85.764  1024.358  1165.993    31.580     9.709     0.020    42.882
       542    87.102     3.370     0.000     3.543    -8.446   128.569    87.102  1024.359  1148.082    31.581     9.706     0.020    43.551
       543    88.844     3.387     0.000     3.589    -8.352   130.680    88.844  1024.360  1125.572    31.582     9.701     0.020    44.422
       544    90.621     3.407     0.000     3.635    -8.258   132.759    90.621  1024.362  1103.503    31.582     9.697     0.020    45.310
       545    92.433     3.436     0.000     3.680    -8.165   134.840    92.433  1024.362  1081.867    31.582     9.693     0.020    46.216
       546    94.281     3.474     0.000     3.725    -8.074   136.906    94.281  1024.363  1060.654    31.582     9.689     0.020    47.141
       547    96.167     3.521     0.000     3.770    -7.984   138.961    96.167  1024.363  1039.857    31.582     9.686     0.020    48.084
---------------------------- Plume traps -----------------------------
       548    98.090     3.577     0.000     3.814    -7.896   141.012    98.090  1024.363  1019.468    31.581     9.683     0.020    49.045
       549    99.910     3.640     0.000     3.855    -7.817   142.914    99.910  1024.363  1000.905    31.580     9.680     0.020    49.955
       550   101.309     3.702     0.000     3.886    -7.758   144.342   101.309  1024.362   987.076    31.579     9.678     0.020    50.655
       551   102.473     3.756     0.000     3.911    -7.713   145.471   102.473  1024.362   975.866    31.579     9.676     0.020    51.237
       552   103.454     3.806     0.000     3.931    -7.677   146.397   103.454  1024.362   966.617    31.578     9.675     0.020    51.727
       553   104.340     3.852     0.000     3.948    -7.646   147.211   104.340  1024.361   958.407    31.577     9.674     0.020    52.170
       554   105.152     3.895     0.000     3.964    -7.618   147.950   105.152  1024.361   951.000    31.576     9.673     0.020    52.576
       555   105.918     3.936     0.000     3.979    -7.592   148.637   105.918  1024.360   944.131    31.575     9.672     0.020    52.959
       556   106.642     3.977     0.000     3.993    -7.569   149.282   106.642  1024.360   937.714    31.575     9.671     0.020    53.321
       557   107.285     4.015     0.000     4.006    -7.547   149.891   107.285  1024.359   932.094    31.574     9.670     0.020    53.643
       558   107.884     4.051     0.000     4.019    -7.526   150.484   107.884  1024.359   926.922    31.573     9.670     0.020    53.942
       559   108.430     4.087     0.000     4.031    -7.506   151.059   108.430  1024.359   922.257    31.573     9.669     0.020    54.215
       560   108.938     4.121     0.000     4.043    -7.487   151.620   108.938  1024.358   917.956    31.572     9.669     0.020    54.469
       561   109.405     4.154     0.000     4.055    -7.469   152.163   109.405  1024.358   914.033    31.572     9.668     0.020    54.703
       562   109.839     4.187     0.000     4.066    -7.451   152.691   109.839  1024.358   910.423    31.571     9.668     0.020    54.920
       563   110.240     4.218     0.000     4.077    -7.434   153.204   110.240  1024.357   907.112    31.571     9.668     0.020    55.120
       564   110.612     4.249     0.000     4.088    -7.418   153.702   110.612  1024.357   904.061    31.570     9.667     0.020    55.306
       565   110.957     4.280     0.000     4.098    -7.403   154.185   110.957  1024.357   901.251    31.570     9.667     0.020    55.478
       566   111.277     4.309     0.000     4.108    -7.389   154.655   111.277  1024.357   898.654    31.570     9.667     0.020    55.639
       567   111.576     4.338     0.000     4.118    -7.375   155.111   111.576  1024.356   896.253    31.569     9.666     0.020    55.788
       568   111.853     4.366     0.000     4.128    -7.361   155.555   111.853  1024.356   894.028    31.569     9.666     0.020    55.927
       569   112.112     4.394     0.000     4.137    -7.349   155.986   112.112  1024.356   891.962    31.569     9.666     0.020    56.056
       570   112.354     4.421     0.000     4.146    -7.336   156.405   112.354  1024.356   890.041    31.568     9.666     0.020    56.177
       571   112.581     4.448     0.000     4.155    -7.325   156.813   112.581  1024.355   888.252    31.568     9.666     0.020    56.290
       572   112.793     4.474     0.000     4.163    -7.313   157.210   112.793  1024.355   886.582    31.568     9.665     0.020    56.396
       573   112.992     4.500     0.000     4.172    -7.303   157.596   112.992  1024.355   885.021    31.567     9.665     0.020    56.496
       574   113.178     4.525     0.000     4.180    -7.292   157.973   113.178  1024.355   883.560    31.567     9.665     0.020    56.589
       575   113.354     4.550     0.000     4.188    -7.282   158.340   113.354  1024.355   882.190    31.567     9.665     0.020    56.677
       576   113.520     4.574     0.000     4.195    -7.273   158.697   113.520  1024.355   880.904    31.567     9.665     0.020    56.760
       577   113.676     4.598     0.000     4.203    -7.264   159.046   113.676  1024.354   879.694    31.567     9.665     0.020    56.838
       578   113.823     4.621     0.000     4.210    -7.255   159.387   113.823  1024.354   878.555    31.566     9.665     0.020    56.912
       579   113.963     4.645     0.000     4.217    -7.246   159.719   113.963  1024.354   877.480    31.566     9.665     0.020    56.981
       580   114.095     4.668     0.000     4.224    -7.238   160.044   114.095  1024.354   876.465    31.566     9.664     0.020    57.047
       581   114.220     4.690     0.000     4.231    -7.230   160.361   114.220  1024.354   875.504    31.566     9.664     0.020    57.110
       582   114.339     4.712     0.000     4.238    -7.223   160.672   114.339  1024.354   874.595    31.566     9.664     0.020    57.169
       583   114.451     4.734     0.000     4.244    -7.215   160.975   114.451  1024.354   873.734    31.565     9.664     0.020    57.226
       584   114.559     4.756     0.000     4.250    -7.208   161.272   114.559  1024.354   872.915    31.565     9.664     0.020    57.279
       585   114.661     4.777     0.000     4.257    -7.202   161.562   114.661  1024.354   872.138    31.565     9.664     0.020    57.330
       586   114.758     4.798     0.000     4.263    -7.195   161.847   114.758  1024.353   871.399    31.565     9.664     0.020    57.379
       587   114.851     4.819     0.000     4.269    -7.189   162.125   114.851  1024.353   870.694    31.565     9.664     0.020    57.425
       588   114.939     4.839     0.000     4.275    -7.183   162.398   114.939  1024.353   870.023    31.565     9.664     0.020    57.470
       589   115.024     4.859     0.000     4.280    -7.177   162.666   115.024  1024.353   869.382    31.565     9.664     0.020    57.512
       590   115.105     4.879     0.000     4.286    -7.171   162.928   115.105  1024.353   868.771    31.565     9.664     0.020    57.553
       591   115.183     4.899     0.000     4.292    -7.165   163.185   115.183  1024.353   868.186    31.564     9.664     0.020    57.591
       592   115.257     4.918     0.000     4.297    -7.160   163.438   115.257  1024.353   867.626    31.564     9.664     0.020    57.629
       593   115.328     4.937     0.000     4.302    -7.155   163.686   115.328  1024.353   867.090    31.564     9.664     0.020    57.664
       594   115.397     4.956     0.000     4.307    -7.150   163.929   115.397  1024.353   866.577    31.564     9.664     0.020    57.698
       595   115.462     4.975     0.000     4.313    -7.145   164.169   115.462  1024.353   866.084    31.564     9.664     0.020    57.731
       596   115.525     4.993     0.000     4.318    -7.140   164.404   115.525  1024.353   865.612    31.564     9.664     0.020    57.763
       597   115.586     5.011     0.000     4.323    -7.136   164.635   115.586  1024.353   865.158    31.564     9.663     0.020    57.793
       598   115.644     5.029     0.000     4.327    -7.131   164.862   115.644  1024.353   864.721    31.564     9.663     0.020    57.822
       599   115.700     5.047     0.000     4.332    -7.127   165.085   115.700  1024.352   864.302    31.564     9.663     0.020    57.850
       600   115.754     5.064     0.000     4.337    -7.123   165.305   115.754  1024.352   863.898    31.564     9.663     0.020    57.877
       601   115.807     5.081     0.000     4.342    -7.119   165.521   115.807  1024.352   863.509    31.563     9.663     0.020    57.903
       602   115.857     5.098     0.000     4.346    -7.115   165.734   115.857  1024.352   863.134    31.563     9.663     0.020    57.928
       603   115.905     5.115     0.000     4.351    -7.111   165.944   115.905  1024.352   862.773    31.563     9.663     0.020    57.953
       604   115.952     5.132     0.000     4.355    -7.108   166.150   115.952  1024.352   862.425    31.563     9.663     0.020    57.976
       605   115.997     5.148     0.000     4.359    -7.104   166.353   115.997  1024.352   862.088    31.563     9.663     0.020    57.999
       606   116.041     5.164     0.000     4.364    -7.101   166.554   116.041  1024.352   861.764    31.563     9.663     0.020    58.021
       607   116.083     5.180     0.000     4.368    -7.097   166.751   116.083  1024.352   861.450    31.563     9.663     0.020    58.042
       608   116.124     5.196     0.000     4.372    -7.094   166.946   116.124  1024.352   861.147    31.563     9.663     0.020    58.062
       609   116.164     5.211     0.000     4.376    -7.091   167.138   116.164  1024.352   860.854    31.563     9.663     0.020    58.082
       610   116.202     5.227     0.000     4.380    -7.088   167.328   116.202  1024.352   860.570    31.563     9.663     0.020    58.101
       611   116.239     5.242     0.000     4.384    -7.085   167.514   116.239  1024.352   860.296    31.563     9.663     0.020    58.120
       612   116.275     5.257     0.000     4.388    -7.082   167.699   116.275  1024.352   860.030    31.563     9.663     0.020    58.137
       613   116.310     5.271     0.000     4.392    -7.079   167.881   116.310  1024.352   859.773    31.563     9.663     0.020    58.155
       614   116.343     5.286     0.000     4.396    -7.076   168.061   116.343  1024.352   859.524    31.563     9.663     0.020    58.172
       615   116.376     5.300     0.000     4.400    -7.073   168.238   116.376  1024.352   859.283    31.563     9.663     0.020    58.188
       616   116.408     5.314     0.000     4.404    -7.071   168.414   116.408  1024.352   859.049    31.563     9.663     0.020    58.204
       617   116.439     5.328     0.000     4.407    -7.068   168.587   116.439  1024.352   858.822    31.563     9.663     0.020    58.219
       618   116.468     5.342     0.000     4.411    -7.066   168.758   116.468  1024.352   858.602    31.562     9.663     0.020    58.234
       619   116.497     5.356     0.000     4.415    -7.063   168.927   116.497  1024.352   858.388    31.562     9.663     0.020    58.249
       620   116.526     5.369     0.000     4.418    -7.061   169.094   116.526  1024.352   858.181    31.562     9.663     0.020    58.263
       621   116.553     5.382     0.000     4.422    -7.059   169.260   116.553  1024.351   857.980    31.562     9.663     0.020    58.276
       622   116.579     5.395     0.000     4.425    -7.057   169.423   116.579  1024.351   857.784    31.562     9.663     0.020    58.290
       623   116.605     5.408     0.000     4.429    -7.054   169.585   116.605  1024.351   857.595    31.562     9.663     0.020    58.303
       624   116.630     5.421     0.000     4.432    -7.052   169.745   116.630  1024.351   857.410    31.562     9.663     0.020    58.315
       625   116.655     5.434     0.000     4.435    -7.050   169.904   116.655  1024.351   857.231    31.562     9.663     0.020    58.327
       626   116.678     5.446     0.000     4.439    -7.048   170.060   116.678  1024.351   857.057    31.562     9.663     0.020    58.339
       627   116.701     5.458     0.000     4.442    -7.046   170.215   116.701  1024.351   856.888    31.562     9.663     0.020    58.351
       628   116.724     5.470     0.000     4.445    -7.044   170.369   116.724  1024.351   856.724    31.562     9.663     0.020    58.362
       629   116.746     5.482     0.000     4.449    -7.043   170.521   116.746  1024.351   856.564    31.562     9.663     0.020    58.373
       630   116.767     5.493     0.000     4.452    -7.041   170.672   116.767  1024.351   856.408    31.562     9.663     0.020    58.383
       631   116.787     5.505     0.000     4.455    -7.039   170.821   116.787  1024.351   856.257    31.562     9.663     0.020    58.394
       632   116.807     5.516     0.000     4.458    -7.037   170.969   116.807  1024.351   856.110    31.562     9.663     0.020    58.404
       633   116.827     5.527     0.000     4.461    -7.036   171.116   116.827  1024.351   855.967    31.562     9.663     0.020    58.413
       634   116.846     5.538     0.000     4.465    -7.034   171.261   116.846  1024.351   855.827    31.562     9.663     0.020    58.423
       635   116.864     5.549     0.000     4.468    -7.032   171.405   116.864  1024.351   855.692    31.562     9.663     0.020    58.432
       636   116.882     5.560     0.000     4.471    -7.031   171.547   116.882  1024.351   855.560    31.562     9.663     0.020    58.441
       637   116.900     5.570     0.000     4.474    -7.029   171.689   116.900  1024.351   855.432    31.562     9.663     0.020    58.450
       638   116.917     5.580     0.000     4.477    -7.028   171.829   116.917  1024.351   855.307    31.562     9.663     0.020    58.459
       639   116.934     5.590     0.000     4.480    -7.026   171.968   116.934  1024.351   855.186    31.562     9.663     0.020    58.467
       640   116.950     5.600     0.000     4.483    -7.025   172.106   116.950  1024.351   855.067    31.562     9.663     0.020    58.475
       641   116.966     5.610     0.000     4.486    -7.024   172.244   116.966  1024.351   854.952    31.562     9.663     0.020    58.483
       642   116.981     5.620     0.000     4.489    -7.022   172.379   116.981  1024.351   854.840    31.562     9.663     0.020    58.490
       643   116.996     5.629     0.000     4.491    -7.021   172.514   116.996  1024.351   854.731    31.562     9.663     0.020    58.498
       644   117.010     5.638     0.000     4.494    -7.020   172.648   117.010  1024.351   854.625    31.562     9.663     0.020    58.505
       645   117.025     5.647     0.000     4.497    -7.019   172.781   117.025  1024.351   854.522    31.562     9.663     0.020    58.512
       646   117.038     5.656     0.000     4.500    -7.018   172.913   117.038  1024.351   854.421    31.562     9.663     0.020    58.519
       647   117.052     5.665     0.000     4.503    -7.016   173.044   117.052  1024.351   854.324    31.562     9.663     0.020    58.526
       648   117.065     5.674     0.000     4.506    -7.015   173.175   117.065  1024.351   854.228    31.561     9.663     0.020    58.532
       649   117.077     5.682     0.000     4.508    -7.014   173.304   117.077  1024.351   854.136    31.561     9.663     0.020    58.539
       650   117.090     5.691     0.000     4.511    -7.013   173.433   117.090  1024.351   854.046    31.561     9.663     0.020    58.545
       651   117.102     5.699     0.000     4.514    -7.012   173.560   117.102  1024.351   853.958    31.561     9.663     0.020    58.551
       652   117.113     5.707     0.000     4.517    -7.011   173.687   117.113  1024.351   853.873    31.561     9.663     0.020    58.557
       653   117.125     5.714     0.000     4.519    -7.010   173.813   117.125  1024.351   853.790    31.561     9.663     0.020    58.562
       654   117.136     5.722     0.000     4.522    -7.009   173.939   117.136  1024.351   853.709    31.561     9.663     0.020    58.568
       655   117.147     5.730     0.000     4.525    -7.008   174.063   117.147  1024.351   853.631    31.561     9.663     0.020    58.573
       656   117.157     5.737     0.000     4.527    -7.007   174.187   117.157  1024.351   853.555    31.561     9.663     0.020    58.579
       657   117.167     5.744     0.000     4.530    -7.006   174.311   117.167  1024.351   853.481    31.561     9.663     0.020    58.584
       658   117.177     5.751     0.000     4.533    -7.006   174.433   117.177  1024.351   853.409    31.561     9.663     0.020    58.589
       659   117.187     5.758     0.000     4.535    -7.005   174.555   117.187  1024.351   853.339    31.561     9.663     0.020    58.593
       660   117.196     5.765     0.000     4.538    -7.004   174.677   117.196  1024.351   853.271    31.561     9.663     0.020    58.598
       661   117.205     5.771     0.000     4.540    -7.003   174.797   117.205  1024.351   853.205    31.561     9.663     0.020    58.603
       662   117.214     5.778     0.000     4.543    -7.002   174.917   117.214  1024.351   853.141    31.561     9.663     0.020    58.607
       663   117.222     5.784     0.000     4.545    -7.002   175.037   117.222  1024.351   853.079    31.561     9.663     0.020    58.611
       664   117.231     5.790     0.000     4.548    -7.001   175.156   117.231  1024.351   853.019    31.561     9.663     0.020    58.615
       665   117.239     5.796     0.000     4.551    -7.000   175.274   117.239  1024.351   852.961    31.561     9.663     0.020    58.619
       666   117.246     5.802     0.000     4.553    -7.000   175.392   117.246  1024.351   852.905    31.561     9.663     0.020    58.623
       667   117.254     5.807     0.000     4.556    -6.999   175.510   117.254  1024.351   852.850    31.561     9.663     0.020    58.627
       668   117.261     5.813     0.000     4.558    -6.998   175.627   117.261  1024.351   852.797    31.561     9.663     0.020    58.631
       669   117.268     5.818     0.000     4.561    -6.998   175.743   117.268  1024.351   852.746    31.561     9.663     0.020    58.634
       670   117.275     5.823     0.000     4.563    -6.997   175.859   117.275  1024.351   852.696    31.561     9.663     0.020    58.638
       671   117.282     5.828     0.000     4.566    -6.997   175.975   117.282  1024.351   852.648    31.561     9.663     0.020    58.641
       672   117.288     5.833     0.000     4.568    -6.996   176.090   117.288  1024.351   852.602    31.561     9.663     0.020    58.644
       673   117.294     5.837     0.000     4.570    -6.996   176.204   117.294  1024.351   852.558    31.561     9.663     0.020    58.647
       674   117.300     5.842     0.000     4.573    -6.995   176.319   117.300  1024.351   852.515    31.561     9.663     0.020    58.650
       675   117.306     5.846     0.000     4.575    -6.995   176.433   117.306  1024.351   852.473    31.561     9.663     0.020    58.653
       676   117.311     5.851     0.000     4.578    -6.994   176.546   117.311  1024.351   852.434    31.561     9.663     0.020    58.656
       677   117.316     5.855     0.000     4.580    -6.994   176.660   117.316  1024.351   852.395    31.561     9.663     0.020    58.658
       678   117.321     5.859     0.000     4.583    -6.993   176.772   117.321  1024.351   852.359    31.561     9.663     0.020    58.661
       679   117.326     5.862     0.000     4.585    -6.993   176.885   117.326  1024.351   852.324    31.561     9.663     0.020    58.663
       680   117.331     5.866     0.000     4.587    -6.993   176.997   117.331  1024.351   852.290    31.561     9.663     0.020    58.665
       681   117.335     5.869     0.000     4.590    -6.992   177.109   117.335  1024.351   852.258    31.561     9.663     0.020    58.668
       682   117.340     5.873     0.000     4.592    -6.992   177.221   117.340  1024.351   852.227    31.561     9.663     0.020    58.670
       683   117.344     5.876     0.000     4.595    -6.992   177.332   117.344  1024.351   852.197    31.561     9.663     0.020    58.672
       684   117.348     5.879     0.000     4.597    -6.991   177.443   117.348  1024.351   852.169    31.561     9.663     0.020    58.674
       685   117.351     5.882     0.000     4.599    -6.991   177.554   117.351  1024.351   852.143    31.561     9.663     0.020    58.676
       686   117.355     5.884     0.000     4.602    -6.991   177.665   117.355  1024.351   852.118    31.561     9.663     0.020    58.677
       687   117.358     5.887     0.000     4.604    -6.990   177.776   117.358  1024.351   852.094    31.561     9.663     0.020    58.679
       688   117.361     5.889     0.000     4.606    -6.990   177.886   117.361  1024.351   852.072    31.561     9.663     0.020    58.681
       689   117.364     5.892     0.000     4.609    -6.990   177.996   117.364  1024.351   852.051    31.561     9.663     0.020    58.682
       690   117.367     5.894     0.000     4.611    -6.990   178.106   117.367  1024.351   852.031    31.561     9.663     0.020    58.683
       691   117.369     5.896     0.000     4.614    -6.990   178.216   117.369  1024.351   852.013    31.561     9.663     0.020    58.685
       692   117.371     5.897     0.000     4.616    -6.989   178.325   117.371  1024.351   851.996    31.561     9.663     0.020    58.686
       693   117.374     5.899     0.000     4.618    -6.989   178.435   117.374  1024.351   851.981    31.561     9.663     0.020    58.687
       694   117.376     5.901     0.000     4.621    -6.989   178.544   117.376  1024.351   851.966    31.561     9.663     0.020    58.688
       695   117.377     5.902     0.000     4.623    -6.989   178.653   117.377  1024.351   851.953    31.561     9.663     0.020    58.689
       696   117.379     5.903     0.000     4.625    -6.989   178.762   117.379  1024.351   851.942    31.561     9.663     0.020    58.689
       697   117.380     5.904     0.000     4.628    -6.989   178.871   117.380  1024.351   851.931    31.561     9.663     0.020    58.690
       698   117.382     5.905     0.000     4.630    -6.989   178.980   117.382  1024.351   851.922    31.561     9.663     0.020    58.691
       699   117.383     5.906     0.000     4.632    -6.989   179.089   117.383  1024.351   851.915    31.561     9.663     0.020    58.691
       700   117.384     5.906     0.000     4.635    -6.989   179.198   117.384  1024.351   851.908    31.561     9.663     0.020    58.692
       701   117.384     5.907     0.000     4.637    -6.989   179.307   117.384  1024.351   851.903    31.561     9.663     0.020    58.692
       702   117.385     5.907     0.000     4.639    -6.989   179.415   117.385  1024.350   851.899    31.561     9.663     0.020    58.692
---------------------- Local maximum rise or fall --------------------
       703   117.385     5.907     0.000     4.642    -6.989   179.524   117.385  1024.350   851.897    31.561     9.663     0.020    58.693
-------------------- Starting Farfield Calculations --------------------
Farfield dispersion based on wastefield width of :       5.91 (m)
4/3 Power Law based Eddy Diffusivity is used:
  Dilution     Width  Distance      Time     Conc.    Bckgrd
        ()       (m)       (m)    (hrs.)    (mg/L)    (mg/L)
   117.385     5.914     4.642     0.000   851.897     0.000
   117.385     6.031     5.000     0.005   860.595     0.000
   117.387     6.361     6.000     0.019   860.595     0.000
   117.525     6.698     7.000     0.033   860.595     0.000
   118.278     7.040     8.000     0.047   860.595     0.000
   119.915     7.388     9.000     0.061   860.595     0.000
   122.383     7.741    10.000     0.075   837.419     0.000
   125.527     8.100    11.000     0.089   837.419     0.000
   129.198     8.464    12.000     0.102   837.419     0.000
   133.281     8.833    13.000     0.116   837.419     0.000
   137.692     9.208    14.000     0.130   733.045     0.000
   142.369     9.588    15.000     0.144   733.045     0.000
   147.264     9.973    16.000     0.158   733.045     0.000
   152.346    10.363    17.000     0.172   733.045     0.000
   157.589    10.758    18.000     0.186   733.045     0.000
   162.974    11.158    19.000     0.200   625.439     0.000
   168.485    11.562    20.000     0.214   625.439     0.000
   174.111    11.972    21.000     0.227   625.439     0.000
   179.843    12.386    22.000     0.241   625.439     0.000
   185.673    12.804    23.000     0.255   625.439     0.000
   191.596    13.228    24.000     0.269   536.569     0.000
   197.606    13.656    25.000     0.283   536.569     0.000
   203.700    14.088    26.000     0.297   536.569     0.000
   209.874    14.525    27.000     0.311   536.569     0.000
   216.124    14.967    28.000     0.325   465.401     0.000
   222.449    15.412    29.000     0.339   465.401     0.000
   228.846    15.863    30.000     0.352   465.401     0.000
   235.313    16.317    31.000     0.366   465.401     0.000
   241.849    16.776    32.000     0.380   465.401     0.000
   248.451    17.239    33.000     0.394   408.159     0.000
   255.120    17.706    34.000     0.408   408.159     0.000
   261.852    18.177    35.000     0.422   408.159     0.000
   268.648    18.652    36.000     0.436   408.159     0.000
   275.507    19.132    37.000     0.450   408.159     0.000
   282.427    19.615    38.000     0.464   361.555     0.000
   289.407    20.102    39.000     0.477   361.555     0.000
   296.447    20.594    40.000     0.491   361.555     0.000
   303.546    21.089    41.000     0.505   361.555     0.000
   310.703    21.588    42.000     0.519   323.103     0.000
   317.918    22.092    43.000     0.533   323.103     0.000
   325.191    22.599    44.000     0.547   323.103     0.000
   332.519    23.109    45.000     0.561   323.103     0.000
   339.903    23.624    46.000     0.575   323.103     0.000
   347.343    24.142    47.000     0.589   290.974     0.000
   354.838    24.664    48.000     0.602   290.974     0.000
   362.387    25.190    49.000     0.616   290.974     0.000
   369.989    25.720    50.000     0.630   290.974     0.000
   377.646    26.253    51.000     0.644   290.974     0.000
   385.355    26.790    52.000     0.658   263.819     0.000
   393.117    27.330    53.000     0.672   263.819     0.000
   400.931    27.874    54.000     0.686   263.819     0.000
   408.796    28.422    55.000     0.700   263.819     0.000
   416.714    28.973    56.000     0.714   263.819     0.000
   424.682    29.527    57.000     0.727   240.631     0.000
   432.701    30.085    58.000     0.741   240.631     0.000
   440.770    30.647    59.000     0.755   240.631     0.000
   448.889    31.212    60.000     0.769   240.631     0.000
   457.058    31.780    61.000     0.783   220.646     0.000
   465.277    32.352    62.000     0.797   220.646     0.000
   473.544    32.927    63.000     0.811   220.646     0.000
   481.860    33.506    64.000     0.825   220.646     0.000
   490.224    34.088    65.000     0.839   220.646     0.000
   498.637    34.673    66.000     0.852   203.279     0.000
   507.097    35.262    67.000     0.866   203.279     0.000
   515.605    35.854    68.000     0.880   203.279     0.000
   524.160    36.449    69.000     0.894   203.279     0.000
   532.763    37.047    70.000     0.908   203.279     0.000
   541.412    37.649    71.000     0.922   188.076     0.000
   550.107    38.254    72.000     0.936   188.076     0.000
   558.849    38.862    73.000     0.950   188.076     0.000
   567.637    39.473    74.000     0.964   188.076     0.000
   576.470    40.088    75.000     0.977   174.677     0.000
   585.349    40.706    76.000     0.991   174.677     0.000
   594.273    41.326    77.000     1.005   174.677     0.000
   603.242    41.950    78.000     1.019   174.677     0.000
   612.256    42.577    79.000     1.033   174.677     0.000
   621.315    43.207    80.000     1.047   162.796     0.000
   630.417    43.840    81.000     1.061   162.796     0.000
   639.564    44.477    82.000     1.075   162.796     0.000
   648.755    45.116    83.000     1.089   162.796     0.000
   657.990    45.758    84.000     1.102   162.796     0.000
   667.268    46.404    85.000     1.116   152.203     0.000
   676.589    47.052    86.000     1.130   152.203     0.000
   685.953    47.703    87.000     1.144   152.203     0.000
   695.361    48.357    88.000     1.158   152.203     0.000
   704.811    49.015    89.000     1.172   142.712     0.000
   714.303    49.675    90.000     1.186   142.712     0.000
   723.838    50.338    91.000     1.200   142.712     0.000
   733.415    51.004    92.000     1.214   142.712     0.000
   743.033    51.673    93.000     1.227   142.712     0.000
   752.694    52.345    94.000     1.241   134.167     0.000
   762.396    53.020    95.000     1.255   134.167     0.000
   772.139    53.697    96.000     1.269   134.167     0.000
   781.923    54.378    97.000     1.283   134.167     0.000
   791.749    55.061    98.000     1.297   134.167     0.000
   801.615    55.748    99.000     1.311   126.443     0.000
   811.523    56.437   100.000     1.325   126.443     0.000
   821.470    57.128   101.000     1.339   126.443     0.000
   831.458    57.823   102.000     1.352   126.443     0.000
   841.486    58.521   103.000     1.366   119.432     0.000
   851.554    59.221   104.000     1.380   119.432     0.000
   861.662    59.924   105.000     1.394   119.432     0.000
   871.810    60.630   106.000     1.408   119.432     0.000
   881.997    61.338   107.000     1.422   119.432     0.000
   892.224    62.049   108.000     1.436   113.046     0.000
   902.490    62.763   109.000     1.450   113.046     0.000
   912.795    63.480   110.000     1.464   113.046     0.000
   923.139    64.199   111.000     1.477   113.046     0.000
   933.521    64.921   112.000     1.491   113.046     0.000
   943.943    65.646   113.000     1.505   107.210     0.000
   954.403    66.374   114.000     1.519   107.210     0.000
   964.901    67.104   115.000     1.533   107.210     0.000
   975.437    67.837   116.000     1.547   107.210     0.000
   986.012    68.572   117.000     1.561   101.859     0.000
   996.624    69.310   118.000     1.575   101.859     0.000
  1007.275    70.051   119.000     1.589   101.859     0.000
  1017.963    70.794   120.000     1.602   101.859     0.000
  1028.688    71.540   121.000     1.616   101.859     0.000
  1039.451    72.289   122.000     1.630    96.939     0.000
  1050.252    73.040   123.000     1.644    96.939     0.000
  1061.089    73.793   124.000     1.658    96.939     0.000
  1071.963    74.550   125.000     1.672    96.939     0.000
  1082.875    75.308   126.000     1.686    96.939     0.000
  1093.823    76.070   127.000     1.700    92.403     0.000
  1104.808    76.834   128.000     1.714    92.403     0.000
  1115.829    77.600   129.000     1.727    92.403     0.000
  1126.887    78.369   130.000     1.741    92.403     0.000
  1137.981    79.141   131.000     1.755    88.210     0.000
  1149.111    79.915   132.000     1.769    88.210     0.000
  1160.277    80.692   133.000     1.783    88.210     0.000
  1171.479    81.471   134.000     1.797    88.210     0.000
  1182.718    82.252   135.000     1.811    88.210     0.000
  1193.991    83.036   136.000     1.825    84.325     0.000
  1205.301    83.823   137.000     1.839    84.325     0.000
  1216.645    84.612   138.000     1.852    84.325     0.000
  1228.026    85.403   139.000     1.866    84.325     0.000
  1239.441    86.197   140.000     1.880    84.325     0.000
  1250.892    86.993   141.000     1.894    80.716     0.000
  1262.378    87.792   142.000     1.908    80.716     0.000
  1273.898    88.593   143.000     1.922    80.716     0.000
  1285.454    89.397   144.000     1.936    80.716     0.000
  1297.044    90.203   145.000     1.950    77.359     0.000
  1308.669    91.012   146.000     1.964    77.359     0.000
  1320.328    91.822   147.000     1.977    77.359     0.000
  1332.022    92.636   148.000     1.991    77.359     0.000
  1343.750    93.451   149.000     2.005    77.359     0.000
  1355.512    94.269   150.000     2.019    74.227     0.000
  1367.309    95.090   151.000     2.033    74.227     0.000
  1379.139    95.913   152.000     2.047    74.227     0.000
  1391.004    96.738   153.000     2.061    74.227     0.000
  1402.902    97.565   154.000     2.075    74.227     0.000
  1414.834    98.395   155.000     2.089    71.302     0.000
  1426.800    99.227   156.000     2.102    71.302     0.000
  1438.799   100.062   157.000     2.116    71.302     0.000
  1450.831   100.898   158.000     2.130    71.302     0.000
  1462.897   101.738   159.000     2.144    68.563     0.000
  1474.997   102.579   160.000     2.158    68.563     0.000
  1487.129   103.423   161.000     2.172    68.563     0.000
  1499.295   104.269   162.000     2.186    68.563     0.000
  1511.493   105.117   163.000     2.200    68.563     0.000
  1523.724   105.968   164.000     2.214    65.996     0.000
  1535.989   106.821   165.000     2.227    65.996     0.000
  1548.286   107.676   166.000     2.241    65.996     0.000
  1560.615   108.533   167.000     2.255    65.996     0.000
  1572.977   109.393   168.000     2.269    65.996     0.000
  1585.372   110.255   169.000     2.283    63.585     0.000
  1597.799   111.119   170.000     2.297    63.585     0.000
  1610.258   111.986   171.000     2.311    63.585     0.000
  1622.750   112.855   172.000     2.325    63.585     0.000
  1635.274   113.726   173.000     2.339    61.317     0.000
  1647.829   114.599   174.000     2.352    61.317     0.000
  1660.417   115.474   175.000     2.366    61.317     0.000
  1673.037   116.352   176.000     2.380    61.317     0.000
  1685.688   117.232   177.000     2.394    61.317     0.000
  1698.371   118.114   178.000     2.408    59.181     0.000
  1711.086   118.998   179.000     2.422    59.181     0.000
  1723.832   119.885   180.000     2.436    59.181     0.000
  1736.610   120.773   181.000     2.450    59.181     0.000
  1749.419   121.664   182.000     2.464    59.181     0.000
  1762.260   122.557   183.000     2.477    57.166     0.000
  1775.132   123.452   184.000     2.491    57.166     0.000
  1788.035   124.350   185.000     2.505    57.166     0.000
  1800.969   125.249   186.000     2.519    57.166     0.000
  1813.934   126.151   187.000     2.533    55.263     0.000
  1826.931   127.055   188.000     2.547    55.263     0.000
  1839.958   127.961   189.000     2.561    55.263     0.000
  1853.016   128.869   190.000     2.575    55.263     0.000
  1866.104   129.779   191.000     2.589    55.263     0.000
  1879.224   130.691   192.000     2.602    53.463     0.000
  1892.374   131.606   193.000     2.616    53.463     0.000
  1905.554   132.523   194.000     2.630    53.463     0.000
  1918.765   133.441   195.000     2.644    53.463     0.000
  1932.006   134.362   196.000     2.658    53.463     0.000
  1945.278   135.285   197.000     2.672    51.759     0.000
  1958.580   136.210   198.000     2.686    51.759     0.000
  1971.912   137.137   199.000     2.700    51.759     0.000
  1985.274   138.067   200.000     2.714    51.759     0.000
  1998.666   138.998   201.000     2.727    50.144     0.000
  2012.088   139.932   202.000     2.741    50.144     0.000
  2025.540   140.867   203.000     2.755    50.144     0.000
  2039.022   141.805   204.000     2.769    50.144     0.000
  2052.534   142.744   205.000     2.783    50.144     0.000
  2066.075   143.686   206.000     2.797    48.611     0.000
............................. Reached Chronic Mixing Zone ..........................
  2079.647   144.630   207.000     2.811    48.611     0.000
  2093.247   145.576   208.000     2.825    48.611     0.000
  2106.877   146.524   209.000     2.839    48.611     0.000
  2120.537   147.474   210.000     2.852    48.611     0.000
  2134.226   148.426   211.000     2.866    47.154     0.000
  2147.945   149.380   212.000     2.880    47.154     0.000
  2161.692   150.336   213.000     2.894    47.154     0.000
  2175.469   151.294   214.000     2.908    47.154     0.000
  2189.275   152.254   215.000     2.922    45.769     0.000
  2203.110   153.216   216.000     2.936    45.769     0.000
  2216.974   154.180   217.000     2.950    45.769     0.000
  2230.867   155.147   218.000     2.964    45.769     0.000
  2244.789   156.115   219.000     2.977    45.769     0.000
  2258.740   157.085   220.000     2.991    44.450     0.000
  2272.720   158.057   221.000     3.005    44.450     0.000
  2286.728   159.032   222.000     3.019    44.450     0.000
  2300.765   160.008   223.000     3.033    44.450     0.000
  2314.831   160.986   224.000     3.047    44.450     0.000
  2328.925   161.966   225.000     3.061    43.194     0.000
  2343.047   162.948   226.000     3.075    43.194     0.000
  2357.198   163.932   227.000     3.089    43.194     0.000
  2371.378   164.919   228.000     3.102    43.194     0.000
  2385.586   165.907   229.000     3.116    41.995     0.000
  2399.822   166.897   230.000     3.130    41.995     0.000
  2414.086   167.889   231.000     3.144    41.995     0.000
  2428.378   168.883   232.000     3.158    41.995     0.000
  2442.699   169.879   233.000     3.172    41.995     0.000
  2457.047   170.876   234.000     3.186    40.851     0.000
  2471.424   171.876   235.000     3.200    40.851     0.000
  2485.828   172.878   236.000     3.214    40.851     0.000
  2500.260   173.882   237.000     3.227    40.851     0.000
  2514.720   174.887   238.000     3.241    40.851     0.000
  2529.208   175.895   239.000     3.255    39.758     0.000
  2543.724   176.904   240.000     3.269    39.758     0.000
  2558.267   177.916   241.000     3.283    39.758     0.000
  2572.838   178.929   242.000     3.297    39.758     0.000
  2587.436   179.944   243.000     3.311    38.713     0.000
  2602.062   180.962   244.000     3.325    38.713     0.000
  2616.716   181.981   245.000     3.339    38.713     0.000
  2631.396   183.002   246.000     3.352    38.713     0.000
  2646.105   184.025   247.000     3.366    38.713     0.000
  2660.840   185.049   248.000     3.380    37.713     0.000
  2675.603   186.076   249.000     3.394    37.713     0.000
  2690.393   187.105   250.000     3.408    37.713     0.000
  2705.210   188.135   251.000     3.422    37.713     0.000
  2720.054   189.167   252.000     3.436    37.713     0.000
  2734.925   190.202   253.000     3.450    36.755     0.000
  2749.823   191.238   254.000     3.464    36.755     0.000
  2764.749   192.276   255.000     3.477    36.755     0.000
  2779.701   193.316   256.000     3.491    36.755     0.000
  2794.680   194.357   257.000     3.505    35.837     0.000
  2809.685   195.401   258.000     3.519    35.837     0.000
  2824.718   196.446   259.000     3.533    35.837     0.000
  2839.777   197.494   260.000     3.547    35.837     0.000
  2854.863   198.543   261.000     3.561    35.837     0.000
  2869.975   199.594   262.000     3.575    34.957     0.000
  2885.114   200.647   263.000     3.589    34.957     0.000
  2900.280   201.701   264.000     3.602    34.957     0.000
  2915.472   202.758   265.000     3.616    34.957     0.000
  2930.691   203.816   266.000     3.630    34.957     0.000
  2945.936   204.877   267.000     3.644    34.112     0.000
  2961.207   205.939   268.000     3.658    34.112     0.000
  2976.504   207.002   269.000     3.672    34.112     0.000
  2991.828   208.068   270.000     3.686    34.112     0.000
  3007.178   209.136   271.000     3.700    33.300     0.000
  3022.554   210.205   272.000     3.714    33.300     0.000
  3037.957   211.276   273.000     3.727    33.300     0.000
  3053.385   212.349   274.000     3.741    33.300     0.000
  3068.839   213.424   275.000     3.755    33.300     0.000
  3084.320   214.501   276.000     3.769    32.521     0.000
  3099.826   215.579   277.000     3.783    32.521     0.000
  3115.358   216.659   278.000     3.797    32.521     0.000
  3130.916   217.741   279.000     3.811    32.521     0.000
  3146.500   218.825   280.000     3.825    32.521     0.000
  3162.110   219.911   281.000     3.839    31.771     0.000
  3177.745   220.998   282.000     3.852    31.771     0.000
  3193.406   222.087   283.000     3.866    31.771     0.000
  3209.093   223.178   284.000     3.880    31.771     0.000
  3224.805   224.271   285.000     3.894    31.050     0.000
  3240.543   225.365   286.000     3.908    31.050     0.000
  3256.307   226.461   287.000     3.922    31.050     0.000
  3272.096   227.560   288.000     3.936    31.050     0.000
  3287.910   228.659   289.000     3.950    31.050     0.000
  3303.750   229.761   290.000     3.964    30.355     0.000
  3319.615   230.864   291.000     3.977    30.355     0.000
  3335.505   231.969   292.000     3.991    30.355     0.000
  3351.421   233.076   293.000     4.005    30.355     0.000
  3367.361   234.185   294.000     4.019    30.355     0.000
  3383.328   235.295   295.000     4.033    29.686     0.000
  3399.319   236.407   296.000     4.047    29.686     0.000
  3415.335   237.521   297.000     4.061    29.686     0.000
  3431.377   238.637   298.000     4.075    29.686     0.000
  3447.443   239.754   299.000     4.089    29.041     0.000
  3463.534   240.873   300.000     4.102    29.041     0.000
  3479.651   241.994   301.000     4.116    29.041     0.000
  3495.792   243.117   302.000     4.130    29.041     0.000
  3511.958   244.241   303.000     4.144    29.041     0.000
  3528.150   245.367   304.000     4.158    28.420     0.000
  3544.365   246.495   305.000     4.172    28.420     0.000
  3560.606   247.624   306.000     4.186    28.420     0.000
  3576.871   248.755   307.000     4.200    28.420     0.000
  3593.161   249.888   308.000     4.214    28.420     0.000
  3609.476   251.023   309.000     4.227    27.820     0.000
  3625.815   252.159   310.000     4.241    27.820     0.000
  3642.179   253.297   311.000     4.255    27.820     0.000
  3658.568   254.437   312.000     4.269    27.820     0.000
  3674.981   255.578   313.000     4.283    27.241     0.000
  3691.418   256.722   314.000     4.297    27.241     0.000
  3707.880   257.866   315.000     4.311    27.241     0.000
  3724.366   259.013   316.000     4.325    27.241     0.000
  3740.877   260.161   317.000     4.339    27.241     0.000
  3757.412   261.311   318.000     4.352    26.682     0.000
  3773.971   262.463   319.000     4.366    26.682     0.000
  3790.555   263.616   320.000     4.380    26.682     0.000
  3807.162   264.771   321.000     4.394    26.682     0.000
  3823.794   265.928   322.000     4.408    26.682     0.000
  3840.450   267.086   323.000     4.422    26.141     0.000
  3857.131   268.246   324.000     4.436    26.141     0.000
  3873.835   269.408   325.000     4.450    26.141     0.000
  3890.563   270.571   326.000     4.464    26.141     0.000
  3907.315   271.736   327.000     4.477    25.619     0.000
  3924.092   272.903   328.000     4.491    25.619     0.000
  3940.892   274.071   329.000     4.505    25.619     0.000
  3957.716   275.241   330.000     4.519    25.619     0.000
  3974.564   276.413   331.000     4.533    25.619     0.000
  3991.436   277.587   332.000     4.547    25.114     0.000
  4008.332   278.762   333.000     4.561    25.114     0.000
  4025.251   279.938   334.000     4.575    25.114     0.000
  4042.194   281.117   335.000     4.589    25.114     0.000
  4059.161   282.296   336.000     4.602    25.114     0.000
  4076.151   283.478   337.000     4.616    24.625     0.000
  4093.166   284.661   338.000     4.630    24.625     0.000
  4110.203   285.846   339.000     4.644    24.625     0.000
  4127.265   287.033   340.000     4.658    24.625     0.000
  4144.350   288.221   341.000     4.672    24.152     0.000
  4161.458   289.411   342.000     4.686    24.152     0.000
  4178.590   290.602   343.000     4.700    24.152     0.000
  4195.745   291.795   344.000     4.714    24.152     0.000
  4212.924   292.990   345.000     4.727    24.152     0.000
  4230.126   294.186   346.000     4.741    23.693     0.000
  4247.352   295.384   347.000     4.755    23.693     0.000
  4264.600   296.584   348.000     4.769    23.693     0.000
  4281.873   297.785   349.000     4.783    23.693     0.000
  4299.168   298.988   350.000     4.797    23.693     0.000
  4316.486   300.192   351.000     4.811    23.250     0.000
  4333.828   301.398   352.000     4.825    23.250     0.000
  4351.193   302.606   353.000     4.839    23.250     0.000
  4368.581   303.815   354.000     4.852    23.250     0.000
  4385.992   305.026   355.000     4.866    22.819     0.000
  4403.427   306.239   356.000     4.880    22.819     0.000
  4420.884   307.453   357.000     4.894    22.819     0.000
  4438.364   308.668   358.000     4.908    22.819     0.000
  4455.867   309.886   359.000     4.922    22.819     0.000
  4473.394   311.105   360.000     4.936    22.402     0.000
  4490.943   312.325   361.000     4.950    22.402     0.000
  4508.515   313.547   362.000     4.964    22.402     0.000
  4526.110   314.771   363.000     4.977    22.402     0.000
  4543.727   315.996   364.000     4.991    22.402     0.000
  4561.368   317.223   365.000     5.005    21.998     0.000
  4579.031   318.451   366.000     5.019    21.998     0.000
  4596.717   319.681   367.000     5.033    21.998     0.000
  4614.426   320.913   368.000     5.047    21.998     0.000
  4632.157   322.146   369.000     5.061    21.605     0.000
  4649.911   323.381   370.000     5.075    21.605     0.000
  4667.688   324.617   371.000     5.089    21.605     0.000
  4685.487   325.855   372.000     5.102    21.605     0.000
  4703.309   327.094   373.000     5.116    21.605     0.000
  4721.153   328.335   374.000     5.130    21.224     0.000
  4739.020   329.578   375.000     5.144    21.224     0.000
  4756.910   330.822   376.000     5.158    21.224     0.000
  4774.821   332.068   377.000     5.172    21.224     0.000
  4792.756   333.315   378.000     5.186    21.224     0.000
  4810.712   334.564   379.000     5.200    20.854     0.000
  4828.691   335.814   380.000     5.214    20.854     0.000
  4846.693   337.066   381.000     5.227    20.854     0.000
  4864.716   338.319   382.000     5.241    20.854     0.000
  4882.762   339.574   383.000     5.255    20.495     0.000
  4900.830   340.831   384.000     5.269    20.495     0.000
  4918.921   342.089   385.000     5.283    20.495     0.000
  4937.034   343.349   386.000     5.297    20.495     0.000
  4955.168   344.610   387.000     5.311    20.495     0.000
  4973.325   345.873   388.000     5.325    20.146     0.000
  4991.504   347.137   389.000     5.339    20.146     0.000
  5009.706   348.403   390.000     5.352    20.146     0.000
  5027.929   349.670   391.000     5.366    20.146     0.000
  5046.174   350.939   392.000     5.380    20.146     0.000
  5064.442   352.209   393.000     5.394    19.807     0.000
  5082.731   353.481   394.000     5.408    19.807     0.000
  5101.042   354.755   395.000     5.422    19.807     0.000
  5119.375   356.030   396.000     5.436    19.807     0.000
  5137.731   357.306   397.000     5.450    19.477     0.000
  5156.108   358.584   398.000     5.464    19.477     0.000
  5174.506   359.864   399.000     5.477    19.477     0.000
  5192.927   361.145   400.000     5.491    19.477     0.000
  5211.370   362.428   401.000     5.505    19.477     0.000
  5229.834   363.712   402.000     5.519    19.156     0.000
  5248.320   364.997   403.000     5.533    19.156     0.000
  5266.828   366.284   404.000     5.547    19.156     0.000
  5285.357   367.573   405.000     5.561    19.156     0.000
  5303.908   368.863   406.000     5.575    19.156     0.000
  5322.481   370.155   407.000     5.589    18.844     0.000
  5341.076   371.448   408.000     5.602    18.844     0.000
  5359.692   372.743   409.000     5.616    18.844     0.000
  5378.329   374.039   410.000     5.630    18.844     0.000
  5396.989   375.337   411.000     5.644    18.540     0.000
  5415.669   376.636   412.000     5.658    18.540     0.000
  5434.372   377.936   413.000     5.672    18.540     0.000
  5453.095   379.238   414.000     5.686    18.540     0.000
  5471.840   380.542   415.000     5.700    18.540     0.000
  5490.607   381.847   416.000     5.714    18.245     0.000
  5509.395   383.154   417.000     5.727    18.245     0.000
  5528.204   384.462   418.000     5.741    18.245     0.000
  5547.035   385.772   419.000     5.755    18.245     0.000
  5565.887   387.083   420.000     5.769    18.245     0.000
  5584.761   388.395   421.000     5.783    17.957     0.000
  5603.655   389.709   422.000     5.797    17.957     0.000
  5622.571   391.025   423.000     5.811    17.957     0.000
  5641.508   392.342   424.000     5.825    17.957     0.000
  5660.467   393.660   425.000     5.839    17.676     0.000
  5679.446   394.980   426.000     5.852    17.676     0.000
  5698.447   396.302   427.000     5.866    17.676     0.000
  5717.469   397.624   428.000     5.880    17.676     0.000
  5736.512   398.949   429.000     5.894    17.676     0.000
  5755.576   400.275   430.000     5.908    17.403     0.000
  5774.661   401.602   431.000     5.922    17.403     0.000
  5793.767   402.931   432.000     5.936    17.403     0.000
  5812.894   404.261   433.000     5.950    17.403     0.000
  5832.043   405.593   434.000     5.964    17.403     0.000
  5851.212   406.926   435.000     5.977    17.137     0.000
  5870.402   408.260   436.000     5.991    17.137     0.000
  5889.613   409.596   437.000     6.005    17.137     0.000
  5908.845   410.934   438.000     6.019    17.137     0.000
  5928.098   412.273   439.000     6.033    16.877     0.000
  5947.372   413.613   440.000     6.047    16.877     0.000
  5966.666   414.955   441.000     6.061    16.877     0.000
  5985.982   416.298   442.000     6.075    16.877     0.000
  6005.318   417.643   443.000     6.089    16.877     0.000
  6024.675   418.989   444.000     6.102    16.624     0.000
  6044.053   420.337   445.000     6.116    16.624     0.000
  6063.451   421.686   446.000     6.130    16.624     0.000
  6082.870   423.037   447.000     6.144    16.624     0.000
  6102.310   424.388   448.000     6.158    16.624     0.000
  6121.771   425.742   449.000     6.172    16.378     0.000
  6141.252   427.097   450.000     6.186    16.378     0.000
  6160.754   428.453   451.000     6.200    16.378     0.000
  6180.276   429.811   452.000     6.214    16.378     0.000
  6199.819   431.170   453.000     6.227    16.137     0.000
  6219.383   432.530   454.000     6.241    16.137     0.000
  6238.967   433.892   455.000     6.255    16.137     0.000
  6258.571   435.256   456.000     6.269    16.137     0.000
  6278.196   436.621   457.000     6.283    16.137     0.000
  6297.842   437.987   458.000     6.297    15.902     0.000
  6317.508   439.355   459.000     6.311    15.902     0.000
  6337.194   440.724   460.000     6.325    15.902     0.000
  6356.901   442.094   461.000     6.339    15.902     0.000
  6376.628   443.466   462.000     6.352    15.902     0.000
  6396.376   444.839   463.000     6.366    15.673     0.000
  6416.144   446.214   464.000     6.380    15.673     0.000
  6435.932   447.590   465.000     6.394    15.673     0.000
  6455.741   448.968   466.000     6.408    15.673     0.000
  6475.569   450.347   467.000     6.422    15.449     0.000
  6495.419   451.727   468.000     6.436    15.449     0.000
  6515.288   453.109   469.000     6.450    15.449     0.000
  6535.177   454.492   470.000     6.464    15.449     0.000
  6555.087   455.877   471.000     6.477    15.449     0.000
  6575.017   457.263   472.000     6.491    15.231     0.000
  6594.967   458.651   473.000     6.505    15.231     0.000
  6614.937   460.039   474.000     6.519    15.231     0.000
  6634.928   461.430   475.000     6.533    15.231     0.000
  6654.938   462.821   476.000     6.547    15.231     0.000
  6674.969   464.214   477.000     6.561    15.017     0.000
  6695.019   465.609   478.000     6.575    15.017     0.000
  6715.090   467.005   479.000     6.589    15.017     0.000
  6735.180   468.402   480.000     6.602    15.017     0.000
  6755.291   469.800   481.000     6.616    14.809     0.000
  6775.422   471.200   482.000     6.630    14.809     0.000
  6795.572   472.602   483.000     6.644    14.809     0.000
  6815.743   474.005   484.000     6.658    14.809     0.000
  6835.933   475.409   485.000     6.672    14.809     0.000
  6856.143   476.814   486.000     6.686    14.605     0.000
  6876.374   478.221   487.000     6.700    14.605     0.000
  6896.624   479.629   488.000     6.714    14.605     0.000
  6916.894   481.039   489.000     6.727    14.605     0.000
  6937.183   482.450   490.000     6.741    14.605     0.000
  6957.493   483.863   491.000     6.755    14.406     0.000
  6977.822   485.276   492.000     6.769    14.406     0.000
  6998.171   486.692   493.000     6.783    14.406     0.000
  7018.540   488.108   494.000     6.797    14.406     0.000
  7038.928   489.526   495.000     6.811    14.212     0.000
  7059.337   490.945   496.000     6.825    14.212     0.000
  7079.764   492.366   497.000     6.839    14.212     0.000
  7100.212   493.788   498.000     6.852    14.212     0.000
  7120.679   495.212   499.000     6.866    14.212     0.000
  7141.166   496.636   500.000     6.880    14.021     0.000
  7161.672   498.062   501.000     6.894    14.021     0.000
  7182.198   499.490   502.000     6.908    14.021     0.000
  7202.744   500.919   503.000     6.922    14.021     0.000
  7223.309   502.349   504.000     6.936    14.021     0.000
  7229.016   502.746   504.277     6.940    13.835     0.000
