****************************************************************************************************
----------------------------------------------------------------------------------------------------
Ambient Table:
     Depth   Amb-cur   Amb-dir   Amb-sal   Amb-tem   Amb-pol     Decay   Far-spd   Far-dir   Disprsn
       (m)     (m/s)     (deg)     (psu)       (C)    (mg/L)   (1/day)     (m/s)     (deg)(m0.67/s2)
     0.000     0.020    90.000    30.900    11.200     0.000     0.000     0.020    90.000   0.00030
     3.000     0.020    90.000    31.200    10.400     0.000     0.000     0.020    90.000   0.00030
     6.000     0.020    90.000    31.200     9.690     0.000     0.000     0.020    90.000   0.00030
     9.000     0.020    90.000    31.700     9.440     0.000     0.000     0.020    90.000   0.00030
    12.000     0.020    90.000    31.800     9.340     0.000     0.000     0.020    90.000   0.00030
    15.000     0.050    90.000    31.900     9.220     0.000     0.000     0.020    90.000   0.00030
----------------------------------------------------------------------------------------------------
Diffuser Table:
     P-dia    P-elev   V-angle   H-angle     Ports   Spacing   AcuteMZ   ChrncMZ   P-depth   Ttl-flo   Eff-sal      Temp   Polutnt
       (m)       (m)     (deg)     (deg)       ( )       (m)       (m)       (m)       (m)     (cms)     (psu)       (C)    (mg/L)
      0.50     15.00     45.00     90.00     25.00      0.30     20.70    207.00      2.00      0.01     45.00     10.00 100000.00
----------------------------------------------------------------------------------------------------
Simulation Results:
              Dilutn     P-dia    x-posn    y-posn     Depth      Time   Net-Dil     P-Den    P-Con.     P-Sal    P-Temp  Amb-Curr    CL-Dil
      Step (FluxAvg)       (m)       (m)       (m)       (m)       (s)        ()   (kg/m3)    (mg/L)     (psu)       (C)     (m/s)        ()
---------------------- Local maximum rise or fall --------------------
         1     1.000     0.418     0.000     0.001    -2.028     0.525     1.000  1034.809 99999.304    45.000    10.000     0.020     1.000
------------------------- merging happened ---------------------------
         2     1.000     0.069     0.000     0.001    -2.028     0.527     1.000  1034.808 99989.812    44.999    10.000     0.020     1.000
         3     1.020     0.070     0.000     0.001    -2.032     0.585     1.020  1034.591 98008.660    44.726    10.013     0.020     1.000
         4     1.041     0.067     0.000     0.001    -2.035     0.638     1.041  1034.378 96067.161    44.459    10.026     0.020     1.000
         5     1.062     0.066     0.000     0.001    -2.038     0.690     1.062  1034.170 94164.505    44.197    10.038     0.020     1.000
         6     1.083     0.064     0.000     0.001    -2.042     0.739     1.083  1033.965 92299.902    43.940    10.050     0.020     1.000
         7     1.105     0.063     0.000     0.001    -2.045     0.787     1.105  1033.765 90472.575    43.689    10.062     0.020     1.000
         8     1.128     0.063     0.000     0.001    -2.049     0.834     1.128  1033.569 88681.765    43.442    10.074     0.020     1.000
         9     1.150     0.062     0.000     0.002    -2.053     0.880     1.150  1033.377 86926.729    43.200    10.085     0.020     1.000
        10     1.174     0.062     0.000     0.002    -2.056     0.926     1.174  1033.188 85206.739    42.963    10.096     0.020     1.000
        11     1.197     0.061     0.000     0.002    -2.060     0.970     1.197  1033.003 83521.085    42.730    10.107     0.020     1.000
        12     1.221     0.061     0.000     0.002    -2.064     1.014     1.221  1032.822 81869.067    42.502    10.118     0.020     1.000
        13     1.246     0.061     0.000     0.002    -2.067     1.058     1.246  1032.645 80250.004    42.279    10.128     0.020     1.000
        14     1.271     0.061     0.000     0.003    -2.071     1.101     1.271  1032.471 78663.228    42.060    10.139     0.020     1.000
        15     1.297     0.061     0.000     0.003    -2.075     1.143     1.297  1032.301 77108.083    41.845    10.149     0.020     1.000
        16     1.323     0.061     0.000     0.003    -2.079     1.186     1.323  1032.134 75583.930    41.635    10.158     0.020     1.000
        17     1.350     0.061     0.000     0.003    -2.083     1.228     1.350  1031.970 74090.141    41.428    10.168     0.020     1.000
        18     1.377     0.061     0.000     0.004    -2.087     1.270     1.377  1031.810 72626.102    41.226    10.177     0.020     1.000
        19     1.405     0.061     0.000     0.004    -2.091     1.312     1.405  1031.652 71191.212    41.027    10.186     0.020     1.000
        20     1.433     0.061     0.000     0.004    -2.095     1.354     1.433  1031.498 69784.882    40.833    10.195     0.020     1.000
        21     1.462     0.062     0.000     0.004    -2.099     1.395     1.462  1031.347 68406.534    40.642    10.204     0.020     1.000
        22     1.491     0.062     0.000     0.005    -2.104     1.437     1.491  1031.199 67055.605    40.455    10.213     0.020     1.000
        23     1.521     0.062     0.000     0.005    -2.108     1.479     1.521  1031.054 65731.541    40.272    10.221     0.020     1.000
        24     1.552     0.063     0.000     0.005    -2.112     1.521     1.552  1030.912 64433.801    40.092    10.229     0.020     1.000
        25     1.583     0.063     0.000     0.006    -2.116     1.563     1.583  1030.773 63161.855    39.916    10.237     0.020     1.000
        26     1.615     0.063     0.000     0.006    -2.121     1.605     1.615  1030.636 61915.182    39.744    10.245     0.020     1.000
        27     1.648     0.064     0.000     0.006    -2.125     1.647     1.648  1030.502 60693.275    39.574    10.253     0.020     1.000
        28     1.681     0.064     0.000     0.007    -2.129     1.689     1.681  1030.371 59495.636    39.409    10.260     0.020     1.000
        29     1.715     0.065     0.000     0.007    -2.134     1.732     1.715  1030.242 58321.775    39.246    10.268     0.020     1.000
        30     1.749     0.065     0.000     0.008    -2.138     1.775     1.749  1030.116 57171.216    39.086    10.275     0.020     1.000
        31     1.784     0.066     0.000     0.008    -2.143     1.818     1.784  1029.993 56043.491    38.930    10.282     0.020     1.000
        32     1.820     0.066     0.000     0.008    -2.148     1.861     1.820  1029.872 54938.141    38.777    10.289     0.020     1.000
        33     1.857     0.067     0.000     0.009    -2.152     1.904     1.857  1029.753 53854.716    38.627    10.295     0.020     1.000
        34     1.894     0.067     0.000     0.009    -2.157     1.948     1.894  1029.637 52792.778    38.479    10.302     0.020     1.000
        35     1.932     0.068     0.000     0.010    -2.162     1.992     1.932  1029.523 51751.895    38.335    10.308     0.020     1.000
        36     1.971     0.068     0.000     0.010    -2.166     2.036     1.971  1029.411 50731.646    38.193    10.314     0.020     1.000
        37     2.011     0.069     0.000     0.011    -2.171     2.081     2.011  1029.302 49731.617    38.055    10.320     0.020     1.000
        38     2.051     0.069     0.000     0.011    -2.176     2.126     2.051  1029.194 48751.403    37.919    10.326     0.020     1.000
        39     2.092     0.070     0.000     0.012    -2.181     2.172     2.092  1029.089 47790.608    37.785    10.332     0.020     1.000
        40     2.135     0.071     0.000     0.012    -2.186     2.218     2.135  1028.986 46848.843    37.654    10.338     0.020     1.000
        41     2.177     0.071     0.000     0.013    -2.191     2.264     2.177  1028.885 45925.727    37.526    10.343     0.020     1.000
        42     2.221     0.072     0.000     0.013    -2.196     2.310     2.221  1028.786 45020.888    37.401    10.349     0.020     1.000
        43     2.266     0.073     0.000     0.014    -2.201     2.357     2.266  1028.689 44133.960    37.277    10.354     0.020     1.000
        44     2.311     0.073     0.000     0.014    -2.206     2.405     2.311  1028.594 43264.586    37.157    10.359     0.020     1.000
        45     2.358     0.074     0.000     0.015    -2.211     2.453     2.358  1028.500 42412.414    37.038    10.364     0.020     1.000
        46     2.405     0.075     0.000     0.015    -2.217     2.502     2.405  1028.409 41577.103    36.922    10.369     0.020     1.013
        47     2.453     0.076     0.000     0.016    -2.222     2.550     2.453  1028.319 40758.314    36.809    10.374     0.020     1.034
        48     2.503     0.076     0.000     0.017    -2.227     2.600     2.503  1028.232 39955.719    36.697    10.378     0.020     1.055
        49     2.553     0.077     0.000     0.017    -2.233     2.650     2.553  1028.145 39168.995    36.588    10.383     0.020     1.077
        50     2.604     0.078     0.000     0.018    -2.238     2.700     2.604  1028.061 38397.824    36.481    10.387     0.020     1.099
        51     2.657     0.079     0.000     0.019    -2.244     2.752     2.657  1027.978 37641.898    36.376    10.391     0.020     1.122
        52     2.710     0.080     0.000     0.019    -2.249     2.803     2.710  1027.897 36900.912    36.273    10.395     0.020     1.145
        53     2.764     0.080     0.000     0.020    -2.255     2.855     2.764  1027.818 36174.569    36.172    10.399     0.020     1.168
        54     2.820     0.081     0.000     0.021    -2.261     2.908     2.820  1027.740 35462.578    36.073    10.403     0.020     1.193
        55     2.876     0.082     0.000     0.021    -2.266     2.962     2.876  1027.664 34764.652    35.976    10.407     0.020     1.217
        56     2.934     0.083     0.000     0.022    -2.272     3.016     2.934  1027.589 34080.512    35.881    10.411     0.020     1.243
        57     2.993     0.084     0.000     0.023    -2.278     3.070     2.993  1027.516 33409.883    35.787    10.415     0.020     1.268
        58     3.053     0.085     0.000     0.024    -2.284     3.125     3.053  1027.444 32752.497    35.696    10.418     0.020     1.295
        59     3.114     0.086     0.000     0.024    -2.290     3.181     3.114  1027.373 32108.091    35.606    10.422     0.020     1.321
        60     3.177     0.087     0.000     0.025    -2.296     3.238     3.177  1027.304 31476.406    35.519    10.425     0.020     1.349
        61     3.241     0.088     0.000     0.026    -2.302     3.295     3.241  1027.237 30857.190    35.433    10.428     0.020     1.377
        62     3.306     0.089     0.000     0.027    -2.308     3.353     3.306  1027.171 30250.195    35.348    10.431     0.020     1.405
        63     3.372     0.090     0.000     0.028    -2.314     3.412     3.372  1027.106 29655.178    35.265    10.434     0.020     1.435
        64     3.440     0.091     0.000     0.028    -2.321     3.471     3.440  1027.042 29071.901    35.184    10.437     0.020     1.464
        65     3.509     0.092     0.000     0.029    -2.327     3.531     3.509  1026.980 28500.132    35.105    10.440     0.020     1.495
        66     3.579     0.093     0.000     0.030    -2.333     3.592     3.579  1026.918 27939.642    35.027    10.443     0.020     1.526
        67     3.651     0.094     0.000     0.031    -2.340     3.654     3.651  1026.858 27390.207    34.951    10.445     0.020     1.558
        68     3.724     0.095     0.000     0.032    -2.346     3.716     3.724  1026.800 26851.608    34.876    10.448     0.020     1.590
        69     3.799     0.096     0.000     0.033    -2.353     3.780     3.799  1026.742 26323.629    34.802    10.451     0.020     1.623
        70     3.875     0.097     0.000     0.034    -2.359     3.844     3.875  1026.686 25806.061    34.731    10.453     0.020     1.657
        71     3.953     0.098     0.000     0.035    -2.366     3.909     3.953  1026.630 25298.697    34.660    10.455     0.020     1.692
        72     4.032     0.099     0.000     0.036    -2.373     3.974     4.032  1026.576 24801.335    34.591    10.458     0.020     1.727
        73     4.113     0.100     0.000     0.037    -2.380     4.041     4.113  1026.523 24313.776    34.523    10.460     0.020     1.763
        74     4.195     0.101     0.000     0.038    -2.387     4.108     4.195  1026.471 23835.827    34.457    10.462     0.020     1.800
        75     4.279     0.103     0.000     0.039    -2.394     4.177     4.279  1026.420 23367.296    34.392    10.464     0.020     1.838
        76     4.365     0.104     0.000     0.040    -2.401     4.246     4.365  1026.370 22907.998    34.328    10.466     0.020     1.876
        77     4.453     0.105     0.000     0.041    -2.408     4.316     4.453  1026.321 22457.750    34.265    10.468     0.020     1.915
        78     4.542     0.106     0.000     0.042    -2.415     4.387     4.542  1026.273 22016.372    34.204    10.470     0.020     1.955
        79     4.633     0.107     0.000     0.044    -2.422     4.459     4.633  1026.226 21583.688    34.144    10.471     0.020     1.996
        80     4.726     0.109     0.000     0.045    -2.429     4.532     4.726  1026.180 21159.528    34.085    10.473     0.020     2.038
        81     4.821     0.110     0.000     0.046    -2.437     4.606     4.821  1026.135 20743.722    34.027    10.475     0.020     2.081
        82     4.917     0.111     0.000     0.047    -2.444     4.681     4.917  1026.090 20336.105    33.971    10.476     0.020     2.125
        83     5.016     0.113     0.000     0.048    -2.452     4.757     5.016  1026.047 19936.514    33.915    10.478     0.020     2.169
        84     5.116     0.114     0.000     0.050    -2.459     4.835     5.116  1026.004 19544.792    33.861    10.479     0.020     2.215
        85     5.219     0.115     0.000     0.051    -2.467     4.913     5.219  1025.963 19160.783    33.808    10.480     0.020     2.261
        86     5.324     0.117     0.000     0.052    -2.475     4.992     5.324  1025.922 18784.334    33.756    10.482     0.020     2.309
        87     5.430     0.118     0.000     0.054    -2.483     5.072     5.430  1025.882 18415.295    33.705    10.483     0.020     2.358
        88     5.539     0.119     0.000     0.055    -2.491     5.153     5.539  1025.843 18053.521    33.654    10.484     0.020     2.407
        89     5.650     0.121     0.000     0.056    -2.498     5.236     5.650  1025.804 17698.868    33.605    10.485     0.020     2.458
        90     5.763     0.122     0.000     0.058    -2.507     5.319     5.763  1025.767 17351.194    33.557    10.486     0.020     2.510
        91     5.879     0.124     0.000     0.059    -2.515     5.404     5.879  1025.730 17010.363    33.510    10.487     0.020     2.563
        92     5.997     0.125     0.000     0.061    -2.523     5.490     5.997  1025.694 16676.239    33.464    10.488     0.020     2.617
        93     6.117     0.127     0.000     0.062    -2.531     5.577     6.117  1025.658 16348.690    33.418    10.489     0.020     2.672
        94     6.239     0.128     0.000     0.064    -2.540     5.666     6.239  1025.624 16027.585    33.374    10.489     0.020     2.729
        95     6.364     0.130     0.000     0.065    -2.548     5.755     6.364  1025.590 15712.798    33.330    10.490     0.020     2.787
        96     6.492     0.131     0.000     0.067    -2.557     5.846     6.492  1025.556 15404.204    33.288    10.491     0.020     2.846
        97     6.622     0.133     0.000     0.068    -2.565     5.938     6.622  1025.524 15101.680    33.246    10.491     0.020     2.906
        98     6.754     0.135     0.000     0.070    -2.574     6.032     6.754  1025.492 14805.107    33.205    10.492     0.020     2.968
        99     6.890     0.136     0.000     0.071    -2.583     6.126     6.890  1025.460 14514.368    33.165    10.492     0.020     3.031
       100     7.028     0.138     0.000     0.073    -2.591     6.222     7.028  1025.430 14229.346    33.125    10.493     0.020     3.095
       101     7.168     0.139     0.000     0.075    -2.600     6.320     7.168  1025.400 13949.931    33.087    10.493     0.020     3.161
       102     7.312     0.141     0.000     0.076    -2.609     6.419     7.312  1025.370 13676.010    33.049    10.493     0.020     3.229
       103     7.459     0.143     0.000     0.078    -2.619     6.519     7.459  1025.341 13407.476    33.012    10.494     0.020     3.297
       104     7.608     0.145     0.000     0.080    -2.628     6.620     7.608  1025.313 13144.222    32.976    10.494     0.020     3.368
       105     7.760     0.146     0.000     0.082    -2.637     6.723     7.760  1025.285 12886.144    32.940    10.494     0.020     3.440
       106     7.916     0.148     0.000     0.084    -2.646     6.828     7.916  1025.258 12633.140    32.905    10.494     0.020     3.513
       107     8.074     0.150     0.000     0.086    -2.656     6.934     8.074  1025.232 12385.111    32.871    10.494     0.020     3.588
       108     8.236     0.152     0.000     0.087    -2.666     7.041     8.236  1025.206 12141.957    32.838    10.494     0.020     3.665
       109     8.401     0.154     0.000     0.089    -2.675     7.150     8.401  1025.180 11903.584    32.805    10.494     0.020     3.744
       110     8.569     0.155     0.000     0.091    -2.685     7.261     8.569  1025.155 11669.896    32.773    10.494     0.020     3.824
       111     8.741     0.157     0.000     0.093    -2.695     7.373     8.741  1025.131 11440.802    32.741    10.494     0.020     3.906
       112     8.916     0.159     0.000     0.095    -2.705     7.487     8.916  1025.107 11216.210    32.710    10.494     0.020     3.990
       113     9.094     0.161     0.000     0.097    -2.715     7.602     9.094  1025.083 10996.033    32.680    10.493     0.020     4.076
       114     9.276     0.163     0.000     0.100    -2.725     7.719     9.276  1025.060 10780.183    32.651    10.493     0.020     4.163
       115     9.462     0.165     0.000     0.102    -2.735     7.838     9.462  1025.038 10568.575    32.622    10.493     0.020     4.253
       116     9.651     0.167     0.000     0.104    -2.745     7.959     9.651  1025.016 10361.126    32.593    10.492     0.020     4.345
       117     9.845     0.169     0.000     0.106    -2.756     8.081     9.845  1024.994 10157.753    32.565    10.492     0.020     4.439
       118    10.042     0.171     0.000     0.108    -2.766     8.205    10.042  1024.973  9958.376    32.538    10.491     0.020     4.535
       119    10.243     0.173     0.000     0.111    -2.777     8.330    10.243  1024.953  9762.917    32.511    10.491     0.020     4.633
       120    10.448     0.176     0.000     0.113    -2.788     8.458    10.448  1024.932  9571.298    32.485    10.490     0.020     4.733
       121    10.657     0.178     0.000     0.115    -2.798     8.587    10.657  1024.912  9383.444    32.460    10.490     0.020     4.836
       122    10.870     0.180     0.000     0.118    -2.809     8.719    10.870  1024.893  9199.280    32.434    10.489     0.020     4.941
       123    11.088     0.182     0.000     0.120    -2.820     8.852    11.088  1024.874  9018.735    32.410    10.488     0.020     5.048
       124    11.310     0.184     0.000     0.123    -2.831     8.987    11.310  1024.855  8841.737    32.386    10.488     0.020     5.158
       125    11.536     0.187     0.000     0.125    -2.843     9.124    11.536  1024.837  8668.215    32.362    10.487     0.020     5.270
       126    11.767     0.189     0.000     0.128    -2.854     9.263    11.767  1024.819  8498.102    32.339    10.486     0.020     5.385
       127    12.003     0.191     0.000     0.130    -2.865     9.404    12.003  1024.802  8331.331    32.316    10.485     0.020     5.503
       128    12.243     0.194     0.000     0.133    -2.877     9.547    12.243  1024.785  8167.835    32.294    10.484     0.020     5.623
       129    12.488     0.196     0.000     0.136    -2.889     9.692    12.488  1024.768  8007.551    32.272    10.483     0.020     5.747
       130    12.738     0.199     0.000     0.138    -2.900     9.840    12.738  1024.752  7850.415    32.251    10.482     0.020     5.873
       131    12.993     0.201     0.000     0.141    -2.912     9.989    12.993  1024.736  7696.365    32.230    10.481     0.020     6.001
       132    13.253     0.204     0.000     0.144    -2.924    10.141    13.253  1024.720  7545.341    32.210    10.480     0.020     6.133
       133    13.518     0.206     0.000     0.147    -2.936    10.295    13.518  1024.705  7397.282    32.190    10.479     0.020     6.268
       134    13.789     0.209     0.000     0.150    -2.949    10.451    13.789  1024.690  7252.131    32.170    10.478     0.020     6.407
       135    14.065     0.211     0.000     0.153    -2.961    10.609    14.065  1024.675  7109.830    32.151    10.477     0.020     6.548
       136    14.347     0.214     0.000     0.156    -2.973    10.770    14.347  1024.661  6970.324    32.133    10.476     0.020     6.693
       137    14.634     0.217     0.000     0.159    -2.986    10.933    14.634  1024.647  6833.558    32.114    10.474     0.020     6.841
       138    14.927     0.219     0.000     0.162    -2.998    11.098    14.927  1024.633  6699.476    32.096    10.473     0.020     6.993
       139    15.225     0.222     0.000     0.165    -3.011    11.266    15.225  1024.619  6568.028    32.079    10.472     0.020     7.148
       140    15.530     0.225     0.000     0.168    -3.024    11.437    15.530  1024.606  6439.160    32.061    10.470     0.020     7.307
       141    15.841     0.228     0.000     0.171    -3.037    11.610    15.841  1024.593  6312.823    32.044    10.469     0.020     7.470
       142    16.158     0.230     0.000     0.175    -3.050    11.785    16.158  1024.581  6188.966    32.028    10.467     0.020     7.636
       143    16.481     0.233     0.000     0.178    -3.063    11.963    16.481  1024.568  6067.540    32.012    10.466     0.020     7.807
       144    16.811     0.236     0.000     0.181    -3.077    12.144    16.811  1024.556  5948.499    31.996    10.464     0.020     7.981
       145    17.147     0.239     0.000     0.185    -3.090    12.327    17.147  1024.544  5831.794    31.980    10.463     0.020     8.160
       146    17.491     0.242     0.000     0.188    -3.104    12.513    17.491  1024.533  5717.380    31.965    10.461     0.020     8.344
       147    17.841     0.245     0.000     0.192    -3.118    12.702    17.841  1024.521  5605.212    31.950    10.460     0.020     8.531
       148    18.198     0.248     0.000     0.196    -3.131    12.893    18.198  1024.510  5495.247    31.935    10.458     0.020     8.723
       149    18.562     0.251     0.000     0.199    -3.145    13.088    18.562  1024.499  5387.439    31.921    10.456     0.020     8.920
       150    18.933     0.255     0.000     0.203    -3.159    13.285    18.933  1024.489  5281.748    31.907    10.455     0.020     9.122
       151    19.312     0.258     0.000     0.207    -3.174    13.485    19.312  1024.478  5178.131    31.893    10.453     0.020     9.328
       152    19.698     0.261     0.000     0.211    -3.188    13.688    19.698  1024.468  5076.549    31.879    10.451     0.020     9.540
       153    20.093     0.264     0.000     0.215    -3.203    13.894    20.093  1024.458  4976.960    31.866    10.449     0.020     9.756
       154    20.495     0.268     0.000     0.219    -3.217    14.103    20.495  1024.448  4879.325    31.853    10.447     0.020     9.978
       155    20.905     0.271     0.000     0.223    -3.232    14.315    20.905  1024.438  4783.607    31.840    10.445     0.020    10.206
       156    21.323     0.274     0.000     0.227    -3.247    14.530    21.323  1024.429  4689.768    31.827    10.444     0.020    10.439
       157    21.750     0.278     0.000     0.231    -3.262    14.749    21.750  1024.420  4597.770    31.815    10.442     0.020    10.678
       158    22.185     0.281     0.000     0.235    -3.277    14.970    22.185  1024.411  4507.578    31.803    10.440     0.020    10.923
       159    22.629     0.285     0.000     0.239    -3.292    15.195    22.629  1024.402  4419.156    31.791    10.438     0.020    11.174
       160    23.082     0.288     0.000     0.244    -3.308    15.424    23.082  1024.393  4332.469    31.780    10.436     0.020    11.431
       161    23.543     0.292     0.000     0.248    -3.323    15.655    23.543  1024.385  4247.484    31.768    10.434     0.020    11.695
       162    24.014     0.296     0.000     0.253    -3.339    15.890    24.014  1024.376  4164.166    31.757    10.432     0.020    11.965
       163    24.495     0.300     0.000     0.257    -3.355    16.128    24.495  1024.368  4082.483    31.746    10.429     0.020    12.243
       164    24.985     0.334     0.000     0.262    -3.371    16.370    24.985  1024.360  4002.403    31.736    10.427     0.020    12.851
       165    25.485     0.313     0.000     0.265    -3.380    16.511    25.485  1024.353  3923.895    31.725    10.425     0.020    12.883
       166    25.995     0.313     0.000     0.268    -3.392    16.690    25.995  1024.345  3846.927    31.715    10.423     0.020    13.145
       167    26.515     0.318     0.000     0.272    -3.403    16.875    26.515  1024.337  3771.470    31.705    10.421     0.020    13.460
       168    27.045     0.323     0.000     0.275    -3.415    17.059    27.045  1024.330  3697.493    31.695    10.418     0.020    13.793
       169    27.586     0.329     0.000     0.279    -3.427    17.248    27.586  1024.323  3624.968    31.685    10.416     0.020    14.139
       170    28.138     0.335     0.000     0.283    -3.439    17.443    28.138  1024.316  3553.866    31.676    10.414     0.020    14.498
       171    28.701     0.342     0.000     0.287    -3.452    17.646    28.701  1024.309  3484.159    31.666    10.412     0.020    14.869
       172    29.276     0.348     0.000     0.291    -3.464    17.856    29.276  1024.302  3415.819    31.657    10.409     0.020    15.253
       173    29.861     0.355     0.000     0.295    -3.478    18.073    29.861  1024.296  3348.821    31.648    10.407     0.020    15.651
       174    30.459     0.362     0.000     0.299    -3.491    18.297    30.459  1024.289  3283.137    31.639    10.405     0.020    16.063
       175    31.068     0.370     0.000     0.304    -3.505    18.529    31.068  1024.283  3218.742    31.631    10.403     0.020    16.489
       176    31.690     0.377     0.000     0.308    -3.519    18.769    31.690  1024.277  3155.611    31.622    10.400     0.020    16.931
       177    32.324     0.385     0.000     0.313    -3.534    19.016    32.324  1024.271  3093.718    31.614    10.398     0.020    17.388
       178    32.970     0.393     0.000     0.318    -3.549    19.271    32.970  1024.265  3033.039    31.606    10.396     0.020    17.863
       179    33.630     0.401     0.000     0.323    -3.564    19.535    33.630  1024.259  2973.551    31.598    10.393     0.020    18.354
       180    34.303     0.409     0.000     0.329    -3.579    19.806    34.303  1024.254  2915.230    31.590    10.391     0.020    18.864
       181    34.989     0.418     0.000     0.334    -3.595    20.085    34.989  1024.248  2858.053    31.582    10.388     0.020    19.393
       182    35.689     0.426     0.000     0.340    -3.612    20.373    35.689  1024.243  2801.998    31.575    10.386     0.020    19.943
       183    36.403     0.435     0.000     0.345    -3.628    20.670    36.403  1024.237  2747.043    31.568    10.383     0.020    20.513
       184    37.131     0.444     0.000     0.351    -3.646    20.975    37.131  1024.232  2693.165    31.560    10.381     0.020    21.106
       185    37.874     0.454     0.000     0.357    -3.663    21.289    37.874  1024.227  2640.345    31.553    10.378     0.020    21.723
       186    38.631     0.464     0.000     0.364    -3.681    21.612    38.631  1024.222  2588.561    31.546    10.376     0.020    22.364
       187    39.404     0.473     0.000     0.370    -3.699    21.944    39.404  1024.217  2537.793    31.540    10.373     0.020    23.031
       188    40.193     0.484     0.000     0.377    -3.718    22.285    40.193  1024.212  2488.021    31.533    10.370     0.020    23.726
       189    40.997     0.494     0.000     0.384    -3.737    22.636    40.997  1024.208  2439.225    31.526    10.368     0.020    24.450
       190    41.817     0.505     0.000     0.391    -3.757    22.996    41.817  1024.203  2391.387    31.520    10.365     0.020    25.205
       191    42.653     0.515     0.000     0.398    -3.777    23.367    42.653  1024.199  2344.487    31.514    10.362     0.020    25.993
       192    43.507     0.527     0.000     0.405    -3.797    23.747    43.507  1024.195  2298.507    31.508    10.360     0.020    26.815
       193    44.377     0.538     0.000     0.413    -3.818    24.138    44.377  1024.190  2253.429    31.502    10.357     0.020    27.675
       194    45.265     0.550     0.000     0.421    -3.839    24.539    45.265  1024.186  2209.235    31.496    10.354     0.020    28.574
       195    46.170     0.561     0.000     0.429    -3.861    24.950    46.170  1024.182  2165.908    31.490    10.351     0.020    29.515
       196    47.094     0.574     0.000     0.437    -3.883    25.373    47.094  1024.178  2123.431    31.484    10.348     0.020    30.500
       197    48.036     0.586     0.000     0.446    -3.906    25.806    48.036  1024.174  2081.787    31.479    10.345     0.020    31.534
       198    48.997     0.599     0.000     0.455    -3.929    26.251    48.997  1024.171  2040.961    31.473    10.342     0.020    32.619
       199    49.977     0.612     0.000     0.463    -3.953    26.707    49.977  1024.167  2000.935    31.468    10.339     0.020    33.318
       200    50.976     0.625     0.000     0.473    -3.977    27.175    50.976  1024.164  1961.694    31.463    10.336     0.020    33.984
       201    51.996     0.639     0.000     0.482    -4.002    27.654    51.996  1024.160  1923.223    31.457    10.333     0.020    34.664
       202    53.036     0.653     0.000     0.492    -4.027    28.146    53.036  1024.157  1885.506    31.452    10.330     0.020    35.357
       203    54.097     0.667     0.000     0.502    -4.053    28.650    54.097  1024.153  1848.530    31.447    10.326     0.020    36.065
       204    55.179     0.681     0.000     0.512    -4.079    29.167    55.179  1024.150  1812.278    31.443    10.323     0.020    36.786
       205    56.283     0.696     0.000     0.522    -4.106    29.697    56.283  1024.147  1776.738    31.438    10.320     0.020    37.522
       206    57.409     0.712     0.000     0.533    -4.133    30.240    57.409  1024.144  1741.895    31.433    10.316     0.020    38.273
       207    58.557     0.727     0.000     0.544    -4.161    30.797    58.557  1024.141  1707.735    31.429    10.313     0.020    39.038
       208    59.728     0.743     0.000     0.555    -4.190    31.367    59.728  1024.138  1674.245    31.424    10.309     0.020    39.819
       209    60.923     0.760     0.000     0.567    -4.219    31.951    60.923  1024.135  1641.412    31.420    10.306     0.020    40.615
       210    62.142     0.776     0.000     0.578    -4.249    32.550    62.142  1024.133  1609.224    31.415    10.302     0.020    41.428
       211    63.385     0.794     0.000     0.590    -4.279    33.164    63.385  1024.130  1577.666    31.411    10.298     0.020    42.257
       212    64.653     0.811     0.000     0.603    -4.310    33.792    64.653  1024.127  1546.727    31.407    10.294     0.020    43.102
       213    65.946     0.829     0.000     0.616    -4.342    34.436    65.946  1024.125  1516.396    31.403    10.290     0.020    43.964
       214    67.265     0.848     0.000     0.629    -4.374    35.096    67.265  1024.122  1486.659    31.399    10.287     0.020    44.843
       215    68.610     0.866     0.000     0.642    -4.407    35.772    68.610  1024.120  1457.505    31.395    10.283     0.020    45.740
       216    69.983     0.886     0.000     0.656    -4.440    36.465    69.983  1024.118  1428.924    31.391    10.278     0.020    46.655
       217    71.383     0.906     0.000     0.670    -4.475    37.174    71.383  1024.116  1400.903    31.387    10.274     0.020    47.588
       218    72.810     0.926     0.000     0.684    -4.510    37.901    72.810  1024.113  1373.431    31.384    10.270     0.020    48.540
       219    74.267     0.947     0.000     0.699    -4.546    38.646    74.267  1024.111  1346.498    31.380    10.266     0.020    49.511
       220    75.752     0.969     0.000     0.714    -4.582    39.408    75.752  1024.109  1320.094    31.377    10.261     0.020    50.501
       221    77.267     0.991     0.000     0.729    -4.619    40.190    77.267  1024.107  1294.207    31.373    10.257     0.020    51.512
       222    78.813     1.013     0.000     0.745    -4.657    40.991    78.813  1024.105  1268.828    31.370    10.252     0.020    52.542
       223    80.389     1.036     0.000     0.761    -4.696    41.811    80.389  1024.104  1243.947    31.366    10.248     0.020    53.593
       224    81.997     1.060     0.000     0.778    -4.735    42.652    81.997  1024.102  1219.554    31.363    10.243     0.020    54.665
       225    83.637     1.085     0.000     0.795    -4.775    43.513    83.637  1024.100  1195.639    31.360    10.238     0.020    55.758
       226    85.310     1.110     0.000     0.812    -4.816    44.396    85.310  1024.099  1172.193    31.357    10.233     0.020    56.873
       227    87.017     1.136     0.000     0.830    -4.858    45.301    87.017  1024.097  1149.207    31.354    10.228     0.020    58.011
       228    88.757     1.163     0.000     0.849    -4.901    46.229    88.757  1024.095  1126.672    31.351    10.223     0.020    59.171
       229    90.532     1.190     0.000     0.867    -4.944    47.179    90.532  1024.094  1104.579    31.348    10.218     0.020    60.355
       230    92.343     1.219     0.000     0.887    -4.989    48.154    92.343  1024.093  1082.919    31.345    10.213     0.020    61.562
       231    94.190     1.248     0.000     0.906    -5.034    49.153    94.190  1024.091  1061.684    31.342    10.208     0.020    62.793
       232    96.074     1.278     0.000     0.927    -5.080    50.178    96.074  1024.090  1040.865    31.339    10.202     0.020    64.049
       233    97.995     1.309     0.000     0.948    -5.127    51.229    97.995  1024.089  1020.455    31.337    10.197     0.020    65.330
       234    99.956     1.341     0.000     0.969    -5.175    52.307    99.956  1024.088  1000.445    31.334    10.191     0.020    66.637
       235   101.955     1.374     0.000     0.991    -5.224    53.413   101.955  1024.087   980.827    31.331    10.185     0.020    67.970
       236   103.994     1.409     0.000     1.013    -5.274    54.548   103.994  1024.086   961.595    31.329    10.179     0.020    69.329
       237   106.074     1.444     0.000     1.036    -5.325    55.712   106.074  1024.085   942.739    31.326    10.173     0.020    70.716
       238   108.195     1.481     0.000     1.060    -5.376    56.908   108.195  1024.084   924.253    31.324    10.167     0.020    72.130
       239   110.359     1.519     0.000     1.084    -5.429    58.135   110.359  1024.083   906.130    31.321    10.161     0.020    73.573
       240   112.567     1.558     0.000     1.109    -5.482    59.395   112.567  1024.082   888.362    31.319    10.155     0.020    75.045
       241   114.818     1.599     0.000     1.135    -5.537    60.690   114.818  1024.081   870.942    31.317    10.148     0.020    76.545
       242   117.115     1.641     0.000     1.161    -5.593    62.019   117.115  1024.081   853.864    31.314    10.142     0.020    78.076
       243   119.457     1.686     0.000     1.189    -5.649    63.386   119.457  1024.080   837.121    31.312    10.135     0.020    79.638
       244   121.846     1.731     0.000     1.216    -5.707    64.790   121.846  1024.079   820.707    31.310    10.128     0.020    81.231
       245   124.283     1.779     0.000     1.245    -5.765    66.234   124.283  1024.079   804.614    31.308    10.121     0.020    82.855
       246   126.769     1.829     0.000     1.275    -5.825    67.719   126.769  1024.078   788.837    31.306    10.114     0.020    84.513
       247   129.304     1.881     0.000     1.305    -5.885    69.246   129.304  1024.078   773.369    31.304    10.107     0.020    86.203
       248   131.890     1.935     0.000     1.336    -5.947    70.818   131.890  1024.078   758.205    31.301    10.099     0.020    87.927
       249   134.528     1.992     0.000     1.368    -6.010    72.435   134.528  1024.077   743.338    31.299    10.092     0.020    89.686
       250   137.219     2.052     0.000     1.401    -6.073    74.101   137.219  1024.077   728.762    31.298    10.084     0.020    91.479
       251   139.963     2.114     0.000     1.435    -6.137    75.816   139.963  1024.077   714.473    31.296    10.077     0.020    93.309
       252   142.763     2.180     0.000     1.470    -6.202    77.583   142.763  1024.077   700.463    31.294    10.069     0.020    95.175
---------------------------- Plume traps -----------------------------
       253   145.172     2.249     0.000     1.501    -6.258    79.123   145.172  1024.077   688.836    31.293    10.062     0.020    96.782
       254   147.214     2.318     0.000     1.527    -6.303    80.406   147.214  1024.077   679.282    31.292    10.057     0.020    98.143
       255   148.952     2.385     0.000     1.548    -6.340    81.469   148.952  1024.077   671.358    31.291    10.052     0.020    99.301
       256   150.490     2.448     0.000     1.566    -6.372    82.385   150.490  1024.078   664.494    31.291    10.048     0.020   100.327
       257   151.885     2.509     0.000     1.582    -6.399    83.199   151.885  1024.078   658.392    31.291    10.045     0.020   101.257
       258   153.177     2.567     0.000     1.597    -6.423    83.943   153.177  1024.078   652.839    31.290    10.042     0.020   102.118
       259   154.387     2.623     0.000     1.611    -6.446    84.635   154.387  1024.079   647.721    31.290    10.039     0.020   102.925
       260   155.533     2.678     0.000     1.624    -6.467    85.288   155.533  1024.079   642.952    31.290    10.036     0.020   103.688
       261   156.623     2.731     0.000     1.636    -6.486    85.907   156.623  1024.080   638.476    31.290    10.033     0.020   104.415
       262   157.666     2.783     0.000     1.648    -6.504    86.497   157.666  1024.080   634.251    31.290    10.031     0.020   105.111
       263   158.669     2.835     0.000     1.659    -6.521    87.061   158.669  1024.080   630.242    31.290    10.028     0.020   105.779
       264   159.625     2.885     0.000     1.670    -6.538    87.601   159.625  1024.081   626.467    31.290    10.026     0.020   106.417
       265   160.495     2.935     0.000     1.680    -6.553    88.122   160.495  1024.081   623.073    31.290    10.024     0.020   106.997
       266   161.316     2.983     0.000     1.690    -6.568    88.636   161.316  1024.081   619.901    31.290    10.022     0.020   107.544
       267   162.075     3.030     0.000     1.700    -6.582    89.138   162.075  1024.082   616.999    31.290    10.020     0.020   108.050
       268   162.787     3.077     0.000     1.710    -6.596    89.632   162.787  1024.082   614.300    31.290    10.019     0.020   108.525
       269   163.449     3.122     0.000     1.720    -6.610    90.117   163.449  1024.082   611.813    31.290    10.017     0.020   108.966
       270   164.067     3.167     0.000     1.729    -6.622    90.592   164.067  1024.082   609.506    31.290    10.016     0.020   109.378
       271   164.644     3.211     0.000     1.738    -6.635    91.056   164.644  1024.083   607.371    31.290    10.014     0.020   109.763
       272   165.183     3.254     0.000     1.747    -6.647    91.511   165.183  1024.083   605.391    31.290    10.013     0.020   110.122
       273   165.685     3.296     0.000     1.756    -6.659    91.956   165.685  1024.083   603.554    31.290    10.012     0.020   110.457
       274   166.155     3.338     0.000     1.765    -6.670    92.392   166.155  1024.083   601.847    31.290    10.011     0.020   110.770
       275   166.594     3.379     0.000     1.773    -6.681    92.817   166.594  1024.083   600.260    31.290    10.010     0.020   111.063
       276   167.005     3.420     0.000     1.782    -6.691    93.233   167.005  1024.084   598.783    31.290    10.009     0.020   111.337
       277   167.390     3.460     0.000     1.790    -6.701    93.640   167.390  1024.084   597.406    31.290    10.008     0.020   111.593
       278   167.751     3.499     0.000     1.798    -6.711    94.037   167.751  1024.084   596.122    31.290    10.007     0.020   111.834
       279   168.089     3.538     0.000     1.805    -6.720    94.426   168.089  1024.084   594.921    31.290    10.006     0.020   112.060
       280   168.407     3.577     0.000     1.813    -6.729    94.806   168.407  1024.084   593.799    31.290    10.006     0.020   112.272
       281   168.706     3.615     0.000     1.820    -6.737    95.177   168.706  1024.084   592.747    31.290    10.005     0.020   112.471
       282   168.987     3.652     0.000     1.827    -6.746    95.540   168.987  1024.085   591.760    31.291    10.004     0.020   112.658
       283   169.252     3.689     0.000     1.834    -6.754    95.896   169.252  1024.085   590.833    31.291    10.004     0.020   112.835
       284   169.503     3.725     0.000     1.841    -6.762    96.243   169.503  1024.085   589.962    31.291    10.003     0.020   113.002
       285   169.739     3.761     0.000     1.848    -6.769    96.584   169.739  1024.085   589.141    31.291    10.003     0.020   113.159
       286   169.962     3.797     0.000     1.855    -6.776    96.917   169.962  1024.085   588.368    31.291    10.002     0.020   113.308
       287   170.173     3.832     0.000     1.861    -6.783    97.243   170.173  1024.085   587.637    31.291    10.002     0.020   113.449
       288   170.373     3.867     0.000     1.868    -6.790    97.562   170.373  1024.085   586.947    31.291    10.001     0.020   113.582
       289   170.563     3.901     0.000     1.874    -6.796    97.875   170.563  1024.085   586.294    31.291    10.001     0.020   113.709
       290   170.743     3.935     0.000     1.880    -6.803    98.182   170.743  1024.086   585.676    31.291    10.001     0.020   113.829
       291   170.914     3.969     0.000     1.886    -6.809    98.483   170.914  1024.086   585.090    31.291    10.000     0.020   113.943
       292   171.077     4.002     0.000     1.892    -6.814    98.777   171.077  1024.086   584.533    31.291    10.000     0.020   114.051
       293   171.232     4.035     0.000     1.898    -6.820    99.067   171.232  1024.086   584.004    31.291    10.000     0.020   114.155
       294   171.379     4.068     0.000     1.903    -6.826    99.350   171.379  1024.086   583.501    31.291     9.999     0.020   114.253
       295   171.520     4.100     0.000     1.909    -6.831    99.629   171.520  1024.086   583.022    31.291     9.999     0.020   114.347
       296   171.655     4.132     0.000     1.914    -6.836    99.903   171.655  1024.086   582.565    31.291     9.999     0.020   114.436
       297   171.783     4.164     0.000     1.920    -6.841   100.171   171.783  1024.086   582.129    31.291     9.998     0.020   114.522
       298   171.906     4.195     0.000     1.925    -6.846   100.435   171.906  1024.086   581.713    31.291     9.998     0.020   114.604
       299   172.023     4.226     0.000     1.930    -6.850   100.694   172.023  1024.086   581.316    31.291     9.998     0.020   114.682
       300   172.136     4.257     0.000     1.935    -6.855   100.949   172.136  1024.086   580.936    31.291     9.998     0.020   114.757
       301   172.244     4.287     0.000     1.940    -6.859   101.200   172.244  1024.086   580.572    31.291     9.997     0.020   114.829
       302   172.347     4.317     0.000     1.945    -6.864   101.447   172.347  1024.086   580.224    31.291     9.997     0.020   114.898
       303   172.446     4.347     0.000     1.950    -6.868   101.689   172.446  1024.087   579.890    31.291     9.997     0.020   114.964
       304   172.542     4.377     0.000     1.954    -6.872   101.928   172.542  1024.087   579.570    31.291     9.997     0.020   115.028
       305   172.633     4.406     0.000     1.959    -6.876   102.163   172.633  1024.087   579.263    31.291     9.996     0.020   115.089
       306   172.721     4.435     0.000     1.964    -6.879   102.394   172.721  1024.087   578.968    31.291     9.996     0.020   115.148
       307   172.806     4.463     0.000     1.968    -6.883   102.622   172.806  1024.087   578.684    31.291     9.996     0.020   115.204
       308   172.887     4.492     0.000     1.973    -6.886   102.847   172.887  1024.087   578.411    31.292     9.996     0.020   115.258
       309   172.966     4.520     0.000     1.977    -6.890   103.068   172.966  1024.087   578.149    31.292     9.996     0.020   115.311
       310   173.042     4.547     0.000     1.981    -6.893   103.286   173.042  1024.087   577.896    31.292     9.996     0.020   115.361
       311   173.114     4.575     0.000     1.986    -6.896   103.501   173.114  1024.087   577.653    31.292     9.995     0.020   115.410
       312   173.185     4.602     0.000     1.990    -6.900   103.713   173.185  1024.087   577.418    31.292     9.995     0.020   115.457
       313   173.253     4.629     0.000     1.994    -6.903   103.922   173.253  1024.087   577.192    31.292     9.995     0.020   115.502
       314   173.318     4.655     0.000     1.998    -6.906   104.128   173.318  1024.087   576.974    31.292     9.995     0.020   115.545
       315   173.381     4.682     0.000     2.002    -6.909   104.332   173.381  1024.087   576.763    31.292     9.995     0.020   115.588
       316   173.442     4.708     0.000     2.006    -6.911   104.533   173.442  1024.087   576.560    31.292     9.995     0.020   115.628
       317   173.502     4.733     0.000     2.010    -6.914   104.731   173.502  1024.087   576.364    31.292     9.995     0.020   115.668
       318   173.559     4.759     0.000     2.014    -6.917   104.927   173.559  1024.087   576.174    31.292     9.994     0.020   115.706
       319   173.614     4.784     0.000     2.018    -6.919   105.121   173.614  1024.087   575.991    31.292     9.994     0.020   115.743
       320   173.667     4.809     0.000     2.022    -6.922   105.312   173.667  1024.087   575.813    31.292     9.994     0.020   115.778
       321   173.719     4.833     0.000     2.026    -6.924   105.501   173.719  1024.087   575.642    31.292     9.994     0.020   115.813
       322   173.769     4.858     0.000     2.029    -6.927   105.688   173.769  1024.087   575.476    31.292     9.994     0.020   115.846
       323   173.818     4.882     0.000     2.033    -6.929   105.873   173.818  1024.087   575.315    31.292     9.994     0.020   115.878
       324   173.865     4.905     0.000     2.037    -6.931   106.055   173.865  1024.087   575.160    31.292     9.994     0.020   115.910
       325   173.910     4.929     0.000     2.040    -6.933   106.236   173.910  1024.087   575.009    31.292     9.994     0.020   115.940
       326   173.954     4.952     0.000     2.044    -6.936   106.415   173.954  1024.087   574.863    31.292     9.994     0.020   115.970
       327   173.997     4.975     0.000     2.047    -6.938   106.591   173.997  1024.087   574.722    31.292     9.993     0.020   115.998
       328   174.039     4.998     0.000     2.051    -6.940   106.766   174.039  1024.088   574.585    31.292     9.993     0.020   116.026
       329   174.079     5.020     0.000     2.054    -6.942   106.939   174.079  1024.088   574.452    31.292     9.993     0.020   116.053
       330   174.118     5.042     0.000     2.058    -6.944   107.111   174.118  1024.088   574.323    31.292     9.993     0.020   116.079
       331   174.156     5.064     0.000     2.061    -6.945   107.280   174.156  1024.088   574.198    31.292     9.993     0.020   116.104
       332   174.193     5.085     0.000     2.064    -6.947   107.448   174.193  1024.088   574.076    31.292     9.993     0.020   116.129
       333   174.229     5.106     0.000     2.068    -6.949   107.615   174.229  1024.088   573.959    31.292     9.993     0.020   116.152
       334   174.263     5.127     0.000     2.071    -6.951   107.779   174.263  1024.088   573.844    31.292     9.993     0.020   116.176
       335   174.297     5.148     0.000     2.074    -6.953   107.943   174.297  1024.088   573.733    31.292     9.993     0.020   116.198
       336   174.330     5.168     0.000     2.077    -6.954   108.105   174.330  1024.088   573.626    31.292     9.993     0.020   116.220
       337   174.361     5.189     0.000     2.081    -6.956   108.265   174.361  1024.088   573.521    31.292     9.993     0.020   116.241
       338   174.392     5.208     0.000     2.084    -6.957   108.424   174.392  1024.088   573.420    31.292     9.993     0.020   116.262
       339   174.422     5.228     0.000     2.087    -6.959   108.582   174.422  1024.088   573.321    31.292     9.993     0.020   116.282
       340   174.451     5.247     0.000     2.090    -6.960   108.738   174.451  1024.088   573.226    31.292     9.992     0.020   116.301
       341   174.480     5.266     0.000     2.093    -6.962   108.893   174.480  1024.088   573.133    31.292     9.992     0.020   116.320
       342   174.507     5.285     0.000     2.096    -6.963   109.047   174.507  1024.088   573.042    31.292     9.992     0.020   116.338
       343   174.534     5.303     0.000     2.099    -6.965   109.200   174.534  1024.088   572.955    31.292     9.992     0.020   116.356
       344   174.560     5.321     0.000     2.102    -6.966   109.351   174.560  1024.088   572.869    31.292     9.992     0.020   116.373
       345   174.585     5.339     0.000     2.105    -6.967   109.501   174.585  1024.088   572.786    31.292     9.992     0.020   116.390
       346   174.610     5.357     0.000     2.108    -6.968   109.651   174.610  1024.088   572.706    31.292     9.992     0.020   116.406
       347   174.633     5.374     0.000     2.111    -6.970   109.799   174.633  1024.088   572.628    31.292     9.992     0.020   116.422
       348   174.657     5.391     0.000     2.114    -6.971   109.946   174.657  1024.088   572.552    31.292     9.992     0.020   116.438
       349   174.679     5.408     0.000     2.117    -6.972   110.092   174.679  1024.088   572.478    31.292     9.992     0.020   116.453
       350   174.701     5.424     0.000     2.120    -6.973   110.237   174.701  1024.088   572.406    31.292     9.992     0.020   116.467
       351   174.722     5.440     0.000     2.123    -6.974   110.381   174.722  1024.088   572.337    31.292     9.992     0.020   116.482
       352   174.743     5.456     0.000     2.125    -6.975   110.524   174.743  1024.088   572.269    31.292     9.992     0.020   116.495
       353   174.763     5.471     0.000     2.128    -6.976   110.666   174.763  1024.088   572.203    31.292     9.992     0.020   116.509
       354   174.783     5.487     0.000     2.131    -6.977   110.808   174.783  1024.088   572.140    31.292     9.992     0.020   116.522
       355   174.801     5.502     0.000     2.134    -6.978   110.948   174.801  1024.088   572.078    31.292     9.992     0.020   116.534
       356   174.820     5.516     0.000     2.137    -6.979   111.088   174.820  1024.088   572.018    31.292     9.992     0.020   116.547
       357   174.838     5.531     0.000     2.139    -6.980   111.226   174.838  1024.088   571.959    31.292     9.992     0.020   116.558
       358   174.855     5.545     0.000     2.142    -6.981   111.364   174.855  1024.088   571.902    31.292     9.992     0.020   116.570
       359   174.872     5.559     0.000     2.145    -6.982   111.502   174.872  1024.088   571.847    31.292     9.992     0.020   116.581
       360   174.888     5.572     0.000     2.148    -6.983   111.638   174.888  1024.088   571.794    31.292     9.991     0.020   116.592
       361   174.904     5.585     0.000     2.150    -6.984   111.774   174.904  1024.088   571.742    31.292     9.991     0.020   116.603
       362   174.919     5.598     0.000     2.153    -6.984   111.909   174.919  1024.088   571.692    31.292     9.991     0.020   116.613
       363   174.934     5.611     0.000     2.156    -6.985   112.043   174.934  1024.088   571.643    31.292     9.991     0.020   116.623
       364   174.949     5.623     0.000     2.158    -6.986   112.177   174.949  1024.088   571.596    31.292     9.991     0.020   116.632
       365   174.963     5.635     0.000     2.161    -6.987   112.310   174.963  1024.088   571.550    31.292     9.991     0.020   116.642
       366   174.976     5.647     0.000     2.164    -6.987   112.443   174.976  1024.088   571.506    31.292     9.991     0.020   116.651
       367   174.989     5.658     0.000     2.166    -6.988   112.575   174.989  1024.088   571.463    31.292     9.991     0.020   116.660
       368   175.002     5.670     0.000     2.169    -6.989   112.706   175.002  1024.088   571.422    31.292     9.991     0.020   116.668
       369   175.014     5.680     0.000     2.171    -6.989   112.837   175.014  1024.088   571.382    31.292     9.991     0.020   116.676
       370   175.026     5.691     0.000     2.174    -6.990   112.967   175.026  1024.088   571.343    31.292     9.991     0.020   116.684
       371   175.038     5.701     0.000     2.177    -6.991   113.096   175.038  1024.088   571.306    31.292     9.991     0.020   116.692
       372   175.049     5.711     0.000     2.179    -6.991   113.226   175.049  1024.088   571.269    31.292     9.991     0.020   116.699
       373   175.059     5.721     0.000     2.182    -6.992   113.354   175.059  1024.088   571.234    31.292     9.991     0.020   116.706
       374   175.070     5.730     0.000     2.184    -6.992   113.483   175.070  1024.088   571.201    31.292     9.991     0.020   116.713
       375   175.080     5.740     0.000     2.187    -6.993   113.610   175.080  1024.088   571.168    31.292     9.991     0.020   116.720
       376   175.089     5.748     0.000     2.189    -6.993   113.738   175.089  1024.088   571.137    31.292     9.991     0.020   116.726
       377   175.099     5.757     0.000     2.192    -6.994   113.865   175.099  1024.088   571.107    31.292     9.991     0.020   116.732
       378   175.107     5.765     0.000     2.194    -6.994   113.991   175.107  1024.088   571.078    31.292     9.991     0.020   116.738
       379   175.116     5.773     0.000     2.197    -6.995   114.117   175.116  1024.088   571.050    31.292     9.991     0.020   116.744
       380   175.124     5.781     0.000     2.199    -6.995   114.243   175.124  1024.088   571.024    31.292     9.991     0.020   116.749
       381   175.132     5.788     0.000     2.202    -6.995   114.368   175.132  1024.088   570.998    31.292     9.991     0.020   116.755
       382   175.139     5.795     0.000     2.204    -6.996   114.494   175.139  1024.088   570.974    31.292     9.991     0.020   116.760
       383   175.146     5.802     0.000     2.207    -6.996   114.618   175.146  1024.088   570.951    31.292     9.991     0.020   116.764
       384   175.153     5.808     0.000     2.209    -6.996   114.743   175.153  1024.088   570.928    31.292     9.991     0.020   116.769
       385   175.160     5.814     0.000     2.212    -6.997   114.867   175.160  1024.088   570.907    31.292     9.991     0.020   116.773
       386   175.166     5.820     0.000     2.214    -6.997   114.991   175.166  1024.088   570.887    31.292     9.991     0.020   116.777
       387   175.172     5.826     0.000     2.217    -6.997   115.115   175.172  1024.088   570.868    31.292     9.991     0.020   116.781
       388   175.177     5.831     0.000     2.219    -6.998   115.238   175.177  1024.088   570.850    31.292     9.991     0.020   116.785
       389   175.182     5.836     0.000     2.222    -6.998   115.361   175.182  1024.088   570.833    31.292     9.991     0.020   116.788
       390   175.187     5.841     0.000     2.224    -6.998   115.484   175.187  1024.088   570.817    31.292     9.991     0.020   116.792
       391   175.192     5.845     0.000     2.227    -6.998   115.607   175.192  1024.088   570.802    31.292     9.991     0.020   116.795
       392   175.196     5.849     0.000     2.229    -6.998   115.729   175.196  1024.088   570.789    31.292     9.991     0.020   116.797
       393   175.200     5.853     0.000     2.231    -6.999   115.852   175.200  1024.088   570.776    31.292     9.991     0.020   116.800
       394   175.204     5.856     0.000     2.234    -6.999   115.974   175.204  1024.088   570.764    31.292     9.991     0.020   116.803
       395   175.207     5.860     0.000     2.236    -6.999   116.096   175.207  1024.088   570.753    31.292     9.991     0.020   116.805
       396   175.210     5.862     0.000     2.239    -6.999   116.218   175.210  1024.088   570.743    31.292     9.991     0.020   116.807
       397   175.213     5.865     0.000     2.241    -6.999   116.340   175.213  1024.088   570.734    31.292     9.991     0.020   116.809
       398   175.216     5.867     0.000     2.244    -6.999   116.462   175.216  1024.088   570.726    31.292     9.991     0.020   116.810
       399   175.218     5.869     0.000     2.246    -6.999   116.583   175.218  1024.088   570.719    31.292     9.991     0.020   116.812
       400   175.220     5.871     0.000     2.248    -6.999   116.705   175.220  1024.088   570.713    31.292     9.991     0.020   116.813
       401   175.221     5.872     0.000     2.251    -6.999   116.827   175.221  1024.088   570.707    31.292     9.991     0.020   116.814
       402   175.222     5.873     0.000     2.253    -6.999   116.948   175.222  1024.088   570.703    31.292     9.991     0.020   116.815
       403   175.223     5.874     0.000     2.256    -6.999   117.070   175.223  1024.088   570.700    31.292     9.991     0.020   116.816
---------------------- Local maximum rise or fall --------------------
       404   175.224     5.875     0.000     2.258    -6.999   117.191   175.224  1024.088   570.698    31.292     9.991     0.020   116.816
       405   175.225     5.875     0.000     2.260    -6.999   117.313   175.225  1024.088   570.696    31.292     9.991     0.020   116.816
       406   175.225     5.875     0.000     2.263    -6.999   117.434   175.225  1024.088   570.695    31.292     9.991     0.020   116.817
       407   175.225     5.874     0.000     2.265    -6.999   117.556   175.225  1024.088   570.695    31.292     9.991     0.020   116.817
       408   175.225     5.874     0.000     2.268    -6.999   117.677   175.225  1024.088   570.695    31.292     9.991     0.020   116.817
       409   175.225     5.873     0.000     2.270    -6.999   117.799   175.225  1024.088   570.694    31.292     9.991     0.020   116.817
       410   175.225     5.872     0.000     2.273    -6.999   117.920   175.225  1024.088   570.694    31.292     9.991     0.020   116.817
       411   175.226     5.870     0.000     2.275    -6.999   118.042   175.226  1024.088   570.693    31.292     9.991     0.020   116.817
       412   175.226     5.868     0.000     2.277    -6.999   118.164   175.226  1024.088   570.692    31.292     9.991     0.020   116.817
       413   175.226     5.866     0.000     2.280    -6.998   118.286   175.226  1024.088   570.691    31.292     9.991     0.020   116.817
       414   175.226     5.864     0.000     2.282    -6.998   118.408   175.226  1024.088   570.690    31.292     9.991     0.020   116.818
       415   175.227     5.861     0.000     2.285    -6.998   118.530   175.227  1024.088   570.689    31.292     9.991     0.020   116.818
       416   175.227     5.858     0.000     2.287    -6.998   118.653   175.227  1024.088   570.688    31.292     9.991     0.020   116.818
       417   175.227     5.855     0.000     2.290    -6.998   118.775   175.227  1024.088   570.687    31.292     9.991     0.020   116.818
       418   175.228     5.851     0.000     2.292    -6.997   118.898   175.228  1024.088   570.685    31.292     9.991     0.020   116.819
       419   175.228     5.847     0.000     2.294    -6.997   119.021   175.228  1024.088   570.684    31.292     9.991     0.020   116.819
       420   175.229     5.843     0.000     2.297    -6.997   119.144   175.229  1024.088   570.682    31.292     9.991     0.020   116.819
       421   175.229     5.839     0.000     2.299    -6.996   119.267   175.229  1024.088   570.681    31.292     9.991     0.020   116.820
       422   175.230     5.834     0.000     2.302    -6.996   119.391   175.230  1024.088   570.679    31.292     9.991     0.020   116.820
       423   175.231     5.829     0.000     2.304    -6.996   119.515   175.231  1024.088   570.677    31.292     9.991     0.020   116.820
       424   175.231     5.824     0.000     2.307    -6.995   119.639   175.231  1024.088   570.675    31.292     9.991     0.020   116.821
       425   175.232     5.818     0.000     2.309    -6.995   119.763   175.232  1024.088   570.673    31.292     9.991     0.020   116.821
       426   175.233     5.813     0.000     2.312    -6.995   119.888   175.233  1024.088   570.670    31.292     9.991     0.020   116.822
       427   175.233     5.807     0.000     2.314    -6.994   120.013   175.233  1024.088   570.668    31.292     9.991     0.020   116.822
       428   175.234     5.800     0.000     2.317    -6.994   120.139   175.234  1024.088   570.665    31.292     9.991     0.020   116.823
       429   175.235     5.794     0.000     2.319    -6.993   120.264   175.235  1024.088   570.662    31.292     9.991     0.020   116.823
       430   175.236     5.787     0.000     2.322    -6.993   120.391   175.236  1024.088   570.660    31.292     9.991     0.020   116.824
       431   175.237     5.779     0.000     2.324    -6.992   120.517   175.237  1024.088   570.657    31.292     9.991     0.020   116.824
       432   175.238     5.772     0.000     2.327    -6.992   120.644   175.238  1024.088   570.653    31.292     9.991     0.020   116.825
       433   175.239     5.764     0.000     2.329    -6.991   120.772   175.239  1024.088   570.650    31.292     9.991     0.020   116.826
       434   175.240     5.756     0.000     2.332    -6.991   120.899   175.240  1024.088   570.647    31.292     9.991     0.020   116.827
       435   175.241     5.748     0.000     2.334    -6.990   121.028   175.241  1024.088   570.643    31.292     9.991     0.020   116.827
       436   175.242     5.739     0.000     2.337    -6.990   121.156   175.242  1024.088   570.639    31.292     9.991     0.020   116.828
       437   175.243     5.730     0.000     2.340    -6.989   121.286   175.243  1024.088   570.635    31.292     9.991     0.020   116.829
       438   175.245     5.721     0.000     2.342    -6.988   121.415   175.245  1024.088   570.631    31.292     9.991     0.020   116.830
       439   175.246     5.712     0.000     2.345    -6.988   121.546   175.246  1024.088   570.627    31.292     9.991     0.020   116.831
       440   175.247     5.702     0.000     2.347    -6.987   121.677   175.247  1024.088   570.623    31.292     9.991     0.020   116.831
       441   175.249     5.692     0.000     2.350    -6.986   121.808   175.249  1024.088   570.618    31.292     9.991     0.020   116.832
       442   175.250     5.682     0.000     2.353    -6.986   121.940   175.250  1024.088   570.613    31.292     9.991     0.020   116.833
       443   175.252     5.671     0.000     2.355    -6.985   122.073   175.252  1024.088   570.608    31.292     9.991     0.020   116.834
       444   175.253     5.661     0.000     2.358    -6.984   122.206   175.253  1024.088   570.603    31.292     9.991     0.020   116.836
       445   175.255     5.649     0.000     2.360    -6.983   122.340   175.255  1024.088   570.597    31.292     9.991     0.020   116.837
       446   175.257     5.638     0.000     2.363    -6.982   122.475   175.257  1024.088   570.592    31.292     9.991     0.020   116.838
       447   175.259     5.627     0.000     2.366    -6.981   122.610   175.259  1024.088   570.586    31.292     9.991     0.020   116.839
       448   175.260     5.615     0.000     2.369    -6.981   122.746   175.260  1024.088   570.580    31.292     9.991     0.020   116.840
       449   175.262     5.603     0.000     2.371    -6.980   122.883   175.262  1024.088   570.573    31.292     9.991     0.020   116.842
       450   175.264     5.590     0.000     2.374    -6.979   123.020   175.264  1024.088   570.566    31.292     9.991     0.020   116.843
       451   175.267     5.577     0.000     2.377    -6.978   123.159   175.267  1024.088   570.559    31.292     9.991     0.020   116.844
       452   175.269     5.565     0.000     2.380    -6.977   123.298   175.269  1024.088   570.552    31.292     9.991     0.020   116.846
       453   175.271     5.551     0.000     2.382    -6.976   123.438   175.271  1024.088   570.545    31.292     9.991     0.020   116.847
       454   175.274     5.538     0.000     2.385    -6.975   123.579   175.274  1024.088   570.537    31.292     9.991     0.020   116.849
       455   175.276     5.524     0.000     2.388    -6.974   123.721   175.276  1024.088   570.529    31.292     9.991     0.020   116.851
       456   175.279     5.510     0.000     2.391    -6.973   123.863   175.279  1024.088   570.520    31.292     9.991     0.020   116.852
       457   175.281     5.496     0.000     2.394    -6.971   124.007   175.281  1024.088   570.511    31.292     9.991     0.020   116.854
       458   175.284     5.481     0.000     2.397    -6.970   124.151   175.284  1024.088   570.502    31.292     9.991     0.020   116.856
       459   175.287     5.467     0.000     2.399    -6.969   124.297   175.287  1024.088   570.493    31.292     9.991     0.020   116.858
       460   175.290     5.452     0.000     2.402    -6.968   124.444   175.290  1024.088   570.483    31.292     9.991     0.020   116.860
       461   175.293     5.436     0.000     2.405    -6.967   124.591   175.293  1024.088   570.472    31.292     9.991     0.020   116.862
       462   175.297     5.421     0.000     2.408    -6.965   124.740   175.297  1024.088   570.462    31.292     9.991     0.020   116.864
       463   175.300     5.405     0.000     2.411    -6.964   124.890   175.300  1024.088   570.450    31.292     9.991     0.020   116.867
       464   175.304     5.389     0.000     2.414    -6.963   125.041   175.304  1024.088   570.439    31.292     9.991     0.020   116.869
       465   175.307     5.373     0.000     2.417    -6.961   125.193   175.307  1024.088   570.426    31.292     9.991     0.020   116.872
       466   175.311     5.356     0.000     2.420    -6.960   125.347   175.311  1024.088   570.414    31.292     9.991     0.020   116.874
       467   175.315     5.339     0.000     2.423    -6.958   125.502   175.315  1024.088   570.400    31.292     9.991     0.020   116.877
       468   175.320     5.322     0.000     2.426    -6.957   125.658   175.320  1024.088   570.387    31.292     9.991     0.020   116.880
       469   175.324     5.305     0.000     2.430    -6.955   125.815   175.324  1024.088   570.372    31.292     9.991     0.020   116.883
       470   175.329     5.287     0.000     2.433    -6.954   125.974   175.329  1024.088   570.357    31.292     9.991     0.020   116.886
       471   175.334     5.269     0.000     2.436    -6.952   126.134   175.334  1024.088   570.342    31.292     9.991     0.020   116.889
       472   175.339     5.251     0.000     2.439    -6.950   126.295   175.339  1024.088   570.325    31.292     9.991     0.020   116.892
       473   175.344     5.233     0.000     2.442    -6.949   126.459   175.344  1024.088   570.308    31.292     9.990     0.020   116.896
       474   175.349     5.215     0.000     2.446    -6.947   126.623   175.349  1024.088   570.290    31.292     9.990     0.020   116.900
       475   175.355     5.196     0.000     2.449    -6.945   126.789   175.355  1024.088   570.272    31.292     9.990     0.020   116.903
       476   175.361     5.177     0.000     2.452    -6.943   126.957   175.361  1024.088   570.252    31.292     9.990     0.020   116.907
       477   175.367     5.157     0.000     2.456    -6.941   127.127   175.367  1024.088   570.232    31.292     9.990     0.020   116.912
       478   175.374     5.138     0.000     2.459    -6.939   127.298   175.374  1024.088   570.210    31.292     9.990     0.020   116.916
       479   175.381     5.118     0.000     2.463    -6.937   127.471   175.381  1024.088   570.188    31.292     9.990     0.020   116.920
       480   175.388     5.098     0.000     2.466    -6.935   127.646   175.388  1024.088   570.165    31.292     9.990     0.020   116.925
       481   175.395     5.078     0.000     2.470    -6.933   127.823   175.395  1024.088   570.140    31.292     9.990     0.020   116.930
       482   175.403     5.058     0.000     2.473    -6.931   128.002   175.403  1024.088   570.115    31.292     9.990     0.020   116.936
       483   175.412     5.037     0.000     2.477    -6.929   128.183   175.412  1024.088   570.088    31.292     9.990     0.020   116.941
       484   175.420     5.016     0.000     2.480    -6.927   128.366   175.420  1024.088   570.060    31.292     9.990     0.020   116.947
       485   175.429     4.995     0.000     2.484    -6.924   128.551   175.429  1024.088   570.030    31.292     9.990     0.020   116.953
       486   175.439     4.974     0.000     2.488    -6.922   128.738   175.439  1024.088   569.999    31.292     9.990     0.020   116.959
       487   175.449     4.952     0.000     2.492    -6.919   128.927   175.449  1024.088   569.966    31.292     9.990     0.020   116.966
       488   175.459     4.930     0.000     2.495    -6.917   129.119   175.459  1024.088   569.932    31.292     9.990     0.020   116.973
       489   175.471     4.908     0.000     2.499    -6.914   129.313   175.471  1024.088   569.896    31.292     9.990     0.020   116.980
       490   175.482     4.886     0.000     2.503    -6.911   129.510   175.482  1024.088   569.858    31.292     9.990     0.020   116.988
       491   175.494     4.864     0.000     2.507    -6.909   129.710   175.494  1024.088   569.819    31.292     9.990     0.020   116.996
       492   175.507     4.841     0.000     2.511    -6.906   129.912   175.507  1024.088   569.777    31.292     9.990     0.020   117.005
       493   175.521     4.818     0.000     2.515    -6.903   130.117   175.521  1024.088   569.732    31.292     9.990     0.020   117.014
       494   175.535     4.795     0.000     2.519    -6.900   130.325   175.535  1024.089   569.686    31.292     9.990     0.020   117.024
       495   175.550     4.772     0.000     2.524    -6.897   130.535   175.550  1024.089   569.637    31.293     9.990     0.020   117.034
       496   175.566     4.748     0.000     2.528    -6.893   130.749   175.566  1024.089   569.585    31.293     9.990     0.020   117.044
       497   175.583     4.725     0.000     2.532    -6.890   130.966   175.583  1024.089   569.530    31.293     9.990     0.020   117.056
       498   175.601     4.701     0.000     2.536    -6.887   131.186   175.601  1024.089   569.472    31.293     9.990     0.020   117.067
       499   175.620     4.677     0.000     2.541    -6.883   131.410   175.620  1024.089   569.411    31.293     9.990     0.020   117.080
       500   175.640     4.653     0.000     2.545    -6.880   131.637   175.640  1024.089   569.346    31.293     9.990     0.020   117.093
       501   175.661     4.628     0.000     2.550    -6.876   131.868   175.661  1024.089   569.277    31.293     9.990     0.020   117.108
       502   175.684     4.604     0.000     2.555    -6.872   132.103   175.684  1024.089   569.204    31.293     9.990     0.020   117.123
       503   175.708     4.579     0.000     2.559    -6.868   132.342   175.708  1024.089   569.127    31.293     9.990     0.020   117.139
       504   175.733     4.554     0.000     2.564    -6.864   132.585   175.733  1024.089   569.045    31.293     9.990     0.020   117.155
       505   175.760     4.529     0.000     2.569    -6.860   132.833   175.760  1024.089   568.957    31.293     9.990     0.020   117.173
       506   175.789     4.503     0.000     2.574    -6.855   133.084   175.789  1024.089   568.864    31.293     9.990     0.020   117.193
       507   175.819     4.478     0.000     2.579    -6.851   133.341   175.819  1024.089   568.765    31.293     9.989     0.020   117.213
       508   175.852     4.452     0.000     2.585    -6.846   133.602   175.852  1024.089   568.660    31.293     9.989     0.020   117.235
       509   175.887     4.426     0.000     2.590    -6.841   133.869   175.887  1024.089   568.547    31.293     9.989     0.020   117.258
       510   175.924     4.400     0.000     2.595    -6.837   134.141   175.924  1024.089   568.426    31.293     9.989     0.020   117.283
       511   175.964     4.374     0.000     2.601    -6.831   134.418   175.964  1024.089   568.298    31.293     9.989     0.020   117.309
       512   176.007     4.348     0.000     2.606    -6.826   134.702   176.007  1024.089   568.159    31.293     9.989     0.020   117.338
       513   176.053     4.322     0.000     2.612    -6.821   134.991   176.053  1024.089   568.011    31.293     9.989     0.020   117.369
       514   176.102     4.295     0.000     2.618    -6.815   135.287   176.102  1024.089   567.853    31.293     9.989     0.020   117.401
       515   176.155     4.269     0.000     2.624    -6.809   135.590   176.155  1024.089   567.682    31.293     9.989     0.020   117.437
       516   176.212     4.242     0.000     2.630    -6.803   135.901   176.212  1024.089   567.498    31.293     9.989     0.020   117.475
       517   176.274     4.215     0.000     2.637    -6.796   136.218   176.274  1024.089   567.299    31.293     9.989     0.020   117.516
       518   176.341     4.188     0.000     2.643    -6.790   136.544   176.341  1024.089   567.084    31.293     9.988     0.020   117.560
       519   176.413     4.161     0.000     2.650    -6.783   136.878   176.413  1024.089   566.852    31.293     9.988     0.020   117.609
       520   176.491     4.134     0.000     2.657    -6.776   137.222   176.491  1024.089   566.601    31.293     9.988     0.020   117.661
       521   176.576     4.107     0.000     2.664    -6.768   137.575   176.576  1024.089   566.327    31.293     9.988     0.020   117.718
       522   176.669     4.080     0.000     2.671    -6.760   137.938   176.669  1024.089   566.029    31.293     9.988     0.020   117.780
       523   176.771     4.053     0.000     2.678    -6.752   138.312   176.771  1024.089   565.704    31.293     9.988     0.020   117.847
       524   176.882     4.026     0.000     2.686    -6.744   138.698   176.882  1024.089   565.348    31.293     9.987     0.020   117.921
       525   177.004     3.999     0.000     2.694    -6.735   139.097   177.004  1024.089   564.958    31.293     9.987     0.020   118.003
       526   177.139     3.972     0.000     2.702    -6.725   139.510   177.139  1024.089   564.529    31.293     9.987     0.020   118.093
       527   177.288     3.945     0.000     2.711    -6.716   139.937   177.288  1024.089   564.054    31.293     9.986     0.020   118.192
       528   177.453     3.918     0.000     2.719    -6.705   140.381   177.453  1024.089   563.529    31.293     9.986     0.020   118.302
       529   177.638     3.892     0.000     2.729    -6.694   140.843   177.638  1024.090   562.944    31.293     9.986     0.020   118.425
       530   177.844     3.865     0.000     2.738    -6.683   141.325   177.844  1024.090   562.290    31.293     9.985     0.020   118.563
       531   178.077     3.839     0.000     2.748    -6.670   141.828   178.077  1024.090   561.555    31.293     9.985     0.020   118.718
       532   178.341     3.814     0.000     2.759    -6.657   142.357   178.341  1024.090   560.723    31.293     9.984     0.020   118.894
       533   178.643     3.789     0.000     2.770    -6.643   142.913   178.643  1024.090   559.776    31.293     9.984     0.020   119.095
       534   178.991     3.764     0.000     2.781    -6.629   143.502   178.991  1024.090   558.687    31.293     9.983     0.020   119.327
       535   179.397     3.741     0.000     2.794    -6.612   144.129   179.397  1024.090   557.422    31.293     9.982     0.020   119.598
       536   179.878     3.719     0.000     2.807    -6.595   144.801   179.878  1024.090   555.932    31.293     9.981     0.020   119.919
       537   180.457     3.698     0.000     2.822    -6.576   145.527   180.457  1024.091   554.149    31.293     9.980     0.020   120.305
       538   181.161     3.679     0.000     2.838    -6.555   146.323   181.161  1024.091   551.994    31.293     9.979     0.020   120.774
       539   181.955     3.663     0.000     2.855    -6.531   147.206   181.955  1024.091   549.587    31.293     9.977     0.020   121.303
       540   182.838     3.647     0.000     2.874    -6.504   148.175   182.838  1024.091   546.932    31.293     9.976     0.020   121.892
       541   183.836     3.634     0.000     2.896    -6.474   149.252   183.836  1024.092   543.964    31.293     9.974     0.020   122.557
       542   184.985     3.623     0.000     2.920    -6.440   150.475   184.985  1024.092   540.586    31.293     9.972     0.020   123.323
       543   186.342     3.616     0.000     2.949    -6.399   151.900   186.342  1024.092   536.648    31.293     9.970     0.020   124.228
       544   188.009     3.613     0.000     2.983    -6.349   153.625   188.009  1024.093   531.889    31.293     9.967     0.020   125.339
       545   190.199     3.618     0.000     3.027    -6.284   155.862   190.199  1024.093   525.765    31.293     9.963     0.020   126.799
       546   193.564     3.640     0.000     3.094    -6.187   159.189   193.564  1024.093   516.626    31.292     9.958     0.020   129.042
       547   197.435     3.680     0.000     3.167    -6.080   162.864   197.435  1024.094   506.496    31.291     9.952     0.020   131.623
---------------------------- Plume traps -----------------------------
       548   201.384     3.743     0.000     3.239    -5.976   166.512   201.384  1024.094   496.565    31.290     9.947     0.020   134.256
-------------------- Starting Farfield Calculations --------------------
Farfield dispersion based on wastefield width of :      10.94 (m)
4/3 Power Law based Eddy Diffusivity is used:
  Dilution     Width  Distance      Time    Bckgrd     Conc.
        ()       (m)       (m)    (hrs.)    (mg/L)    (mg/L)
   201.384    10.951     3.239     0.000     0.000   496.565
   201.384    11.256     4.000     0.011     0.000   501.761
   201.384    11.662     5.000     0.025     0.000   501.761
   201.424    12.073     6.000     0.039     0.000   501.761
   201.713    12.488     7.000     0.053     0.000   501.761
   202.524    12.908     8.000     0.066     0.000   500.555
   204.000    13.332     9.000     0.080     0.000   500.555
   206.151    13.761    10.000     0.094     0.000   500.555
   208.918    14.195    11.000     0.108     0.000   500.555
   212.220    14.633    12.000     0.122     0.000   481.468
   215.979    15.076    13.000     0.136     0.000   481.468
   220.124    15.522    14.000     0.150     0.000   481.468
   224.598    15.974    15.000     0.164     0.000   481.468
   229.351    16.429    16.000     0.178     0.000   446.642
   234.345    16.889    17.000     0.191     0.000   446.642
   239.548    17.353    18.000     0.205     0.000   446.642
   244.935    17.821    19.000     0.219     0.000   446.642
   250.485    18.293    20.000     0.233     0.000   408.859
   256.181    18.769    21.000     0.247     0.000   408.859
   262.008    19.250    22.000     0.261     0.000   408.859
   267.956    19.734    23.000     0.275     0.000   408.859
   274.013    20.222    24.000     0.289     0.000   373.298
   280.172    20.715    25.000     0.303     0.000   373.298
   286.426    21.211    26.000     0.316     0.000   373.298
   292.768    21.711    27.000     0.330     0.000   373.298
   299.195    22.215    28.000     0.344     0.000   341.363
   305.701    22.723    29.000     0.358     0.000   341.363
   312.283    23.235    30.000     0.372     0.000   341.363
   318.937    23.751    31.000     0.386     0.000   341.363
   325.661    24.270    32.000     0.400     0.000   313.140
   332.451    24.793    33.000     0.414     0.000   313.140
   339.306    25.320    34.000     0.428     0.000   313.140
   346.224    25.850    35.000     0.441     0.000   313.140
   353.203    26.384    36.000     0.455     0.000   288.299
   360.242    26.922    37.000     0.469     0.000   288.299
   367.338    27.463    38.000     0.483     0.000   288.299
   374.491    28.008    39.000     0.497     0.000   288.299
   381.699    28.556    40.000     0.511     0.000   266.414
   388.962    29.108    41.000     0.525     0.000   266.414
   396.278    29.664    42.000     0.539     0.000   266.414
   403.647    30.223    43.000     0.553     0.000   266.414
   411.067    30.785    44.000     0.566     0.000   247.073
   418.539    31.351    45.000     0.580     0.000   247.073
   426.060    31.920    46.000     0.594     0.000   247.073
   433.631    32.493    47.000     0.608     0.000   247.073
   441.251    33.069    48.000     0.622     0.000   229.909
   448.919    33.648    49.000     0.636     0.000   229.909
   456.635    34.231    50.000     0.650     0.000   229.909
   464.398    34.817    51.000     0.664     0.000   229.909
   472.208    35.407    52.000     0.678     0.000   214.613
   480.064    35.999    53.000     0.691     0.000   214.613
   487.966    36.595    54.000     0.705     0.000   214.613
   495.914    37.195    55.000     0.719     0.000   214.613
   503.907    37.797    56.000     0.733     0.000   200.921
   511.944    38.403    57.000     0.747     0.000   200.921
   520.026    39.012    58.000     0.761     0.000   200.921
   528.152    39.624    59.000     0.775     0.000   200.921
   536.321    40.239    60.000     0.789     0.000   188.613
   544.534    40.857    61.000     0.803     0.000   188.613
   552.790    41.479    62.000     0.816     0.000   188.613
   561.088    42.103    63.000     0.830     0.000   188.613
   569.429    42.731    64.000     0.844     0.000   177.504
   577.812    43.362    65.000     0.858     0.000   177.504
   586.237    43.996    66.000     0.872     0.000   177.504
   594.704    44.633    67.000     0.886     0.000   177.504
   603.212    45.273    68.000     0.900     0.000   167.439
   611.761    45.916    69.000     0.914     0.000   167.439
   620.351    46.562    70.000     0.928     0.000   167.439
   628.982    47.211    71.000     0.941     0.000   167.439
   637.653    47.863    72.000     0.955     0.000   158.287
   646.365    48.518    73.000     0.969     0.000   158.287
   655.116    49.176    74.000     0.983     0.000   158.287
   663.907    49.837    75.000     0.997     0.000   158.287
   672.738    50.501    76.000     1.011     0.000   149.937
   681.608    51.168    77.000     1.025     0.000   149.937
   690.518    51.837    78.000     1.039     0.000   149.937
   699.466    52.510    79.000     1.053     0.000   149.937
   708.453    53.186    80.000     1.066     0.000   142.295
   717.479    53.864    81.000     1.080     0.000   142.295
   726.543    54.545    82.000     1.094     0.000   142.295
   735.646    55.229    83.000     1.108     0.000   142.295
   744.786    55.916    84.000     1.122     0.000   135.279
   753.965    56.606    85.000     1.136     0.000   135.279
   763.181    57.298    86.000     1.150     0.000   135.279
   772.435    57.994    87.000     1.164     0.000   135.279
   781.726    58.692    88.000     1.178     0.000   128.821
   791.055    59.393    89.000     1.191     0.000   128.821
   800.420    60.096    90.000     1.205     0.000   128.821
   809.823    60.803    91.000     1.219     0.000   128.821
   819.262    61.512    92.000     1.233     0.000   122.860
   828.738    62.224    93.000     1.247     0.000   122.860
   838.250    62.939    94.000     1.261     0.000   122.860
   847.799    63.656    95.000     1.275     0.000   122.860
   857.384    64.376    96.000     1.289     0.000   117.345
   867.005    65.099    97.000     1.303     0.000   117.345
   876.662    65.824    98.000     1.316     0.000   117.345
   886.355    66.552    99.000     1.330     0.000   117.345
   896.083    67.283   100.000     1.344     0.000   112.230
   905.847    68.016   101.000     1.358     0.000   112.230
   915.646    68.753   102.000     1.372     0.000   112.230
   925.480    69.491   103.000     1.386     0.000   112.230
   935.350    70.233   104.000     1.400     0.000   107.477
   945.254    70.977   105.000     1.414     0.000   107.477
   955.193    71.723   106.000     1.428     0.000   107.477
   965.167    72.472   107.000     1.441     0.000   107.477
   975.176    73.224   108.000     1.455     0.000   103.049
   985.219    73.978   109.000     1.469     0.000   103.049
   995.296    74.735   110.000     1.483     0.000   103.049
  1005.408    75.495   111.000     1.497     0.000   103.049
  1015.553    76.257   112.000     1.511     0.000    98.917
  1025.733    77.021   113.000     1.525     0.000    98.917
  1035.947    77.789   114.000     1.539     0.000    98.917
  1046.194    78.558   115.000     1.553     0.000    98.917
  1056.475    79.330   116.000     1.566     0.000    95.054
  1066.789    80.105   117.000     1.580     0.000    95.054
  1077.137    80.882   118.000     1.594     0.000    95.054
  1087.518    81.662   119.000     1.608     0.000    95.054
  1097.933    82.444   120.000     1.622     0.000    91.437
  1108.380    83.229   121.000     1.636     0.000    91.437
  1118.861    84.016   122.000     1.650     0.000    91.437
  1129.374    84.805   123.000     1.664     0.000    91.437
  1139.920    85.597   124.000     1.678     0.000    88.043
  1150.499    86.392   125.000     1.691     0.000    88.043
  1161.111    87.189   126.000     1.705     0.000    88.043
  1171.755    87.988   127.000     1.719     0.000    88.043
  1182.431    88.790   128.000     1.733     0.000    84.853
  1193.140    89.594   129.000     1.747     0.000    84.853
  1203.880    90.401   130.000     1.761     0.000    84.853
  1214.653    91.210   131.000     1.775     0.000    84.853
  1225.458    92.021   132.000     1.789     0.000    81.852
  1236.295    92.835   133.000     1.803     0.000    81.852
  1247.163    93.652   134.000     1.816     0.000    81.852
  1258.063    94.470   135.000     1.830     0.000    81.852
  1268.995    95.291   136.000     1.844     0.000    79.024
  1279.958    96.114   137.000     1.858     0.000    79.024
  1290.953    96.940   138.000     1.872     0.000    79.024
  1301.979    97.768   139.000     1.886     0.000    79.024
  1313.037    98.599   140.000     1.900     0.000    76.355
  1324.125    99.431   141.000     1.914     0.000    76.355
  1335.245   100.266   142.000     1.928     0.000    76.355
  1346.395   101.104   143.000     1.941     0.000    76.355
  1357.576   101.944   144.000     1.955     0.000    73.833
  1368.789   102.786   145.000     1.969     0.000    73.833
  1380.032   103.630   146.000     1.983     0.000    73.833
  1391.305   104.476   147.000     1.997     0.000    73.833
  1402.609   105.325   148.000     2.011     0.000    71.447
  1413.944   106.177   149.000     2.025     0.000    71.447
  1425.309   107.030   150.000     2.039     0.000    71.447
  1436.704   107.886   151.000     2.053     0.000    71.447
  1448.130   108.744   152.000     2.066     0.000    69.186
  1459.585   109.604   153.000     2.080     0.000    69.186
  1471.071   110.467   154.000     2.094     0.000    69.186
  1482.587   111.332   155.000     2.108     0.000    69.186
  1494.133   112.199   156.000     2.122     0.000    67.043
  1505.708   113.068   157.000     2.136     0.000    67.043
  1517.313   113.939   158.000     2.150     0.000    67.043
  1528.948   114.813   159.000     2.164     0.000    67.043
  1540.613   115.689   160.000     2.178     0.000    65.007
  1552.307   116.567   161.000     2.191     0.000    65.007
  1564.030   117.448   162.000     2.205     0.000    65.007
  1575.783   118.330   163.000     2.219     0.000    65.007
  1587.565   119.215   164.000     2.233     0.000    63.073
  1599.377   120.102   165.000     2.247     0.000    63.073
  1611.217   120.991   166.000     2.261     0.000    63.073
  1623.087   121.883   167.000     2.275     0.000    63.073
  1634.986   122.776   168.000     2.289     0.000    63.073
  1646.913   123.672   169.000     2.303     0.000    61.233
  1658.870   124.570   170.000     2.316     0.000    61.233
  1670.855   125.470   171.000     2.330     0.000    61.233
  1682.869   126.372   172.000     2.344     0.000    61.233
  1694.912   127.276   173.000     2.358     0.000    59.481
  1706.983   128.183   174.000     2.372     0.000    59.481
  1719.083   129.091   175.000     2.386     0.000    59.481
  1731.211   130.002   176.000     2.400     0.000    59.481
  1743.368   130.915   177.000     2.414     0.000    57.810
  1755.553   131.830   178.000     2.428     0.000    57.810
  1767.766   132.747   179.000     2.441     0.000    57.810
  1780.008   133.667   180.000     2.455     0.000    57.810
  1792.277   134.588   181.000     2.469     0.000    56.217
  1804.575   135.512   182.000     2.483     0.000    56.217
  1816.901   136.437   183.000     2.497     0.000    56.217
  1829.254   137.365   184.000     2.511     0.000    56.217
  1841.636   138.295   185.000     2.525     0.000    54.695
  1854.045   139.227   186.000     2.539     0.000    54.695
  1866.482   140.160   187.000     2.553     0.000    54.695
  1878.947   141.097   188.000     2.566     0.000    54.695
  1891.439   142.035   189.000     2.580     0.000    53.241
  1903.959   142.975   190.000     2.594     0.000    53.241
  1916.507   143.917   191.000     2.608     0.000    53.241
  1929.082   144.861   192.000     2.622     0.000    53.241
  1941.684   145.808   193.000     2.636     0.000    51.850
  1954.314   146.756   194.000     2.650     0.000    51.850
  1966.971   147.707   195.000     2.664     0.000    51.850
  1979.655   148.659   196.000     2.678     0.000    51.850
  1992.366   149.614   197.000     2.691     0.000    50.518
  2005.104   150.570   198.000     2.705     0.000    50.518
  2017.870   151.529   199.000     2.719     0.000    50.518
  2030.662   152.490   200.000     2.733     0.000    50.518
  2043.482   153.452   201.000     2.747     0.000    49.243
  2056.328   154.417   202.000     2.761     0.000    49.243
  2069.201   155.384   203.000     2.775     0.000    49.243
  2082.100   156.352   204.000     2.789     0.000    49.243
  2095.027   157.323   205.000     2.803     0.000    48.020
  2107.980   158.296   206.000     2.816     0.000    48.020
............................. Reached Chronic Mixing Zone ..........................
  2120.960   159.270   207.000     2.830     0.000    48.020
  2133.966   160.247   208.000     2.844     0.000    48.020
  2146.999   161.226   209.000     2.858     0.000    46.848
  2160.058   162.207   210.000     2.872     0.000    46.848
  2173.143   163.189   211.000     2.886     0.000    46.848
  2186.255   164.174   212.000     2.900     0.000    46.848
  2199.393   165.160   213.000     2.914     0.000    45.722
  2212.557   166.149   214.000     2.928     0.000    45.722
  2225.748   167.140   215.000     2.941     0.000    45.722
  2238.964   168.132   216.000     2.955     0.000    45.722
  2252.207   169.126   217.000     2.969     0.000    44.640
  2265.476   170.123   218.000     2.983     0.000    44.640
  2278.770   171.121   219.000     2.997     0.000    44.640
  2292.091   172.122   220.000     3.011     0.000    44.640
  2305.437   173.124   221.000     3.025     0.000    43.601
  2318.809   174.128   222.000     3.039     0.000    43.601
  2332.207   175.134   223.000     3.053     0.000    43.601
  2345.631   176.142   224.000     3.066     0.000    43.601
  2359.080   177.152   225.000     3.080     0.000    42.601
  2372.555   178.164   226.000     3.094     0.000    42.601
  2386.056   179.178   227.000     3.108     0.000    42.601
  2399.582   180.193   228.000     3.122     0.000    42.601
  2413.133   181.211   229.000     3.136     0.000    41.639
  2426.710   182.231   230.000     3.150     0.000    41.639
  2440.312   183.252   231.000     3.164     0.000    41.639
  2453.940   184.275   232.000     3.178     0.000    41.639
  2467.593   185.301   233.000     3.191     0.000    40.713
  2481.271   186.328   234.000     3.205     0.000    40.713
  2494.974   187.357   235.000     3.219     0.000    40.713
  2508.702   188.388   236.000     3.233     0.000    40.713
  2522.456   189.421   237.000     3.247     0.000    39.820
  2536.234   190.455   238.000     3.261     0.000    39.820
  2550.038   191.492   239.000     3.275     0.000    39.820
  2563.866   192.530   240.000     3.289     0.000    39.820
  2577.720   193.571   241.000     3.303     0.000    38.960
  2591.598   194.613   242.000     3.316     0.000    38.960
  2605.501   195.657   243.000     3.330     0.000    38.960
  2619.429   196.703   244.000     3.344     0.000    38.960
  2633.381   197.751   245.000     3.358     0.000    38.130
  2647.358   198.800   246.000     3.372     0.000    38.130
  2661.360   199.852   247.000     3.386     0.000    38.130
  2675.387   200.905   248.000     3.400     0.000    38.130
  2689.438   201.960   249.000     3.414     0.000    37.329
  2703.513   203.017   250.000     3.428     0.000    37.329
  2717.613   204.076   251.000     3.441     0.000    37.329
  2731.738   205.137   252.000     3.455     0.000    37.329
  2745.887   206.199   253.000     3.469     0.000    36.556
  2760.060   207.263   254.000     3.483     0.000    36.556
  2774.257   208.330   255.000     3.497     0.000    36.556
  2788.479   209.397   256.000     3.511     0.000    36.556
  2802.725   210.467   257.000     3.525     0.000    35.809
  2816.995   211.539   258.000     3.539     0.000    35.809
  2831.289   212.612   259.000     3.553     0.000    35.809
  2845.608   213.688   260.000     3.566     0.000    35.809
  2859.950   214.765   261.000     3.580     0.000    35.087
  2874.317   215.843   262.000     3.594     0.000    35.087
  2888.707   216.924   263.000     3.608     0.000    35.087
  2903.122   218.006   264.000     3.622     0.000    35.087
  2917.560   219.091   265.000     3.636     0.000    34.390
  2932.022   220.177   266.000     3.650     0.000    34.390
  2946.508   221.265   267.000     3.664     0.000    34.390
  2961.018   222.354   268.000     3.678     0.000    34.390
  2975.551   223.446   269.000     3.691     0.000    33.715
  2990.108   224.539   270.000     3.705     0.000    33.715
  3004.689   225.634   271.000     3.719     0.000    33.715
  3019.293   226.730   272.000     3.733     0.000    33.715
  3033.921   227.829   273.000     3.747     0.000    33.061
  3048.573   228.929   274.000     3.761     0.000    33.061
  3063.248   230.031   275.000     3.775     0.000    33.061
  3077.947   231.135   276.000     3.789     0.000    33.061
  3092.669   232.240   277.000     3.803     0.000    32.429
  3107.414   233.348   278.000     3.816     0.000    32.429
  3122.183   234.457   279.000     3.830     0.000    32.429
  3136.975   235.568   280.000     3.844     0.000    32.429
  3151.790   236.680   281.000     3.858     0.000    31.817
  3166.629   237.794   282.000     3.872     0.000    31.817
  3181.491   238.910   283.000     3.886     0.000    31.817
  3196.376   240.028   284.000     3.900     0.000    31.817
  3211.284   241.148   285.000     3.914     0.000    31.223
  3226.215   242.269   286.000     3.928     0.000    31.223
  3241.170   243.392   287.000     3.941     0.000    31.223
  3256.147   244.517   288.000     3.955     0.000    31.223
  3271.147   245.643   289.000     3.969     0.000    30.648
  3286.171   246.771   290.000     3.983     0.000    30.648
  3301.217   247.901   291.000     3.997     0.000    30.648
  3316.286   249.033   292.000     4.011     0.000    30.648
  3331.378   250.166   293.000     4.025     0.000    30.090
  3346.493   251.301   294.000     4.039     0.000    30.090
  3361.630   252.438   295.000     4.053     0.000    30.090
  3376.791   253.576   296.000     4.066     0.000    30.090
  3391.974   254.716   297.000     4.080     0.000    29.549
  3407.180   255.858   298.000     4.094     0.000    29.549
  3422.408   257.002   299.000     4.108     0.000    29.549
  3437.659   258.147   300.000     4.122     0.000    29.549
  3452.933   259.294   301.000     4.136     0.000    29.024
  3468.229   260.443   302.000     4.150     0.000    29.024
  3483.548   261.593   303.000     4.164     0.000    29.024
  3498.889   262.745   304.000     4.178     0.000    29.024
  3514.253   263.899   305.000     4.191     0.000    28.515
  3529.639   265.054   306.000     4.205     0.000    28.515
  3545.047   266.211   307.000     4.219     0.000    28.515
  3560.478   267.370   308.000     4.233     0.000    28.515
  3575.931   268.531   309.000     4.247     0.000    28.020
  3591.407   269.693   310.000     4.261     0.000    28.020
  3606.905   270.856   311.000     4.275     0.000    28.020
  3622.425   272.022   312.000     4.289     0.000    28.020
  3637.967   273.189   313.000     4.303     0.000    27.539
  3653.531   274.358   314.000     4.316     0.000    27.539
  3669.117   275.528   315.000     4.330     0.000    27.539
  3684.726   276.700   316.000     4.344     0.000    27.539
  3700.357   277.874   317.000     4.358     0.000    27.072
  3716.009   279.050   318.000     4.372     0.000    27.072
  3731.684   280.227   319.000     4.386     0.000    27.072
  3747.381   281.405   320.000     4.400     0.000    27.072
  3763.099   282.586   321.000     4.414     0.000    26.618
  3778.840   283.768   322.000     4.428     0.000    26.618
  3794.602   284.951   323.000     4.441     0.000    26.618
  3810.386   286.137   324.000     4.455     0.000    26.618
  3826.192   287.324   325.000     4.469     0.000    26.176
  3842.020   288.512   326.000     4.483     0.000    26.176
  3857.870   289.703   327.000     4.497     0.000    26.176
  3873.741   290.894   328.000     4.511     0.000    26.176
  3889.634   292.088   329.000     4.525     0.000    25.747
  3905.549   293.283   330.000     4.539     0.000    25.747
  3921.486   294.480   331.000     4.553     0.000    25.747
  3937.444   295.678   332.000     4.566     0.000    25.747
  3953.423   296.878   333.000     4.580     0.000    25.329
  3969.424   298.080   334.000     4.594     0.000    25.329
  3985.447   299.283   335.000     4.608     0.000    25.329
  4001.491   300.488   336.000     4.622     0.000    25.329
  4017.557   301.694   337.000     4.636     0.000    24.922
  4033.644   302.902   338.000     4.650     0.000    24.922
  4049.753   304.112   339.000     4.664     0.000    24.922
  4065.882   305.323   340.000     4.678     0.000    24.922
  4082.034   306.536   341.000     4.691     0.000    24.526
  4098.206   307.750   342.000     4.705     0.000    24.526
  4114.400   308.966   343.000     4.719     0.000    24.526
  4130.615   310.184   344.000     4.733     0.000    24.526
  4146.852   311.403   345.000     4.747     0.000    24.141
  4163.110   312.624   346.000     4.761     0.000    24.141
  4179.388   313.847   347.000     4.775     0.000    24.141
  4195.688   315.071   348.000     4.789     0.000    24.141
  4212.009   316.296   349.000     4.803     0.000    23.765
  4228.352   317.524   350.000     4.816     0.000    23.765
  4244.715   318.752   351.000     4.830     0.000    23.765
  4261.099   319.983   352.000     4.844     0.000    23.765
  4277.505   321.215   353.000     4.858     0.000    23.399
  4293.931   322.448   354.000     4.872     0.000    23.399
  4310.379   323.683   355.000     4.886     0.000    23.399
  4326.847   324.920   356.000     4.900     0.000    23.399
  4343.336   326.158   357.000     4.914     0.000    23.043
  4359.846   327.398   358.000     4.928     0.000    23.043
  4376.377   328.639   359.000     4.941     0.000    23.043
  4392.929   329.882   360.000     4.955     0.000    23.043
  4409.502   331.127   361.000     4.969     0.000    22.695
  4426.095   332.373   362.000     4.983     0.000    22.695
  4442.709   333.621   363.000     4.997     0.000    22.695
  4459.344   334.870   364.000     5.011     0.000    22.695
  4476.000   336.120   365.000     5.025     0.000    22.356
  4492.676   337.373   366.000     5.039     0.000    22.356
  4509.373   338.627   367.000     5.053     0.000    22.356
  4526.091   339.882   368.000     5.066     0.000    22.356
  4542.829   341.139   369.000     5.080     0.000    22.026
  4559.588   342.397   370.000     5.094     0.000    22.026
  4576.368   343.657   371.000     5.108     0.000    22.026
  4593.167   344.919   372.000     5.122     0.000    22.026
  4609.988   346.182   373.000     5.136     0.000    21.703
  4626.829   347.447   374.000     5.150     0.000    21.703
  4643.690   348.713   375.000     5.164     0.000    21.703
  4660.572   349.981   376.000     5.178     0.000    21.703
  4677.474   351.250   377.000     5.191     0.000    21.703
  4694.397   352.521   378.000     5.205     0.000    21.388
  4711.340   353.793   379.000     5.219     0.000    21.388
  4728.303   355.067   380.000     5.233     0.000    21.388
  4745.287   356.342   381.000     5.247     0.000    21.388
  4762.290   357.619   382.000     5.261     0.000    21.081
  4779.315   358.898   383.000     5.275     0.000    21.081
  4796.359   360.178   384.000     5.289     0.000    21.081
  4813.424   361.459   385.000     5.303     0.000    21.081
  4830.508   362.742   386.000     5.316     0.000    20.781
  4847.613   364.026   387.000     5.330     0.000    20.781
  4864.738   365.312   388.000     5.344     0.000    20.781
  4881.884   366.600   389.000     5.358     0.000    20.781
  4899.049   367.889   390.000     5.372     0.000    20.488
  4916.234   369.179   391.000     5.386     0.000    20.488
  4933.440   370.471   392.000     5.400     0.000    20.488
  4950.665   371.765   393.000     5.414     0.000    20.488
  4967.911   373.060   394.000     5.428     0.000    20.202
  4985.176   374.357   395.000     5.441     0.000    20.202
  5002.461   375.655   396.000     5.455     0.000    20.202
  5019.767   376.954   397.000     5.469     0.000    20.202
  5037.092   378.255   398.000     5.483     0.000    19.923
  5054.437   379.558   399.000     5.497     0.000    19.923
  5071.802   380.862   400.000     5.511     0.000    19.923
  5089.187   382.167   401.000     5.525     0.000    19.923
  5106.592   383.474   402.000     5.539     0.000    19.650
  5124.016   384.783   403.000     5.553     0.000    19.650
  5141.460   386.093   404.000     5.566     0.000    19.650
  5158.924   387.404   405.000     5.580     0.000    19.650
  5176.408   388.717   406.000     5.594     0.000    19.383
  5193.911   390.031   407.000     5.608     0.000    19.383
  5211.434   391.347   408.000     5.622     0.000    19.383
  5228.977   392.665   409.000     5.636     0.000    19.383
  5246.539   393.983   410.000     5.650     0.000    19.122
  5264.121   395.304   411.000     5.664     0.000    19.122
  5281.723   396.626   412.000     5.678     0.000    19.122
  5299.344   397.949   413.000     5.691     0.000    19.122
  5316.985   399.273   414.000     5.705     0.000    18.867
  5334.645   400.600   415.000     5.719     0.000    18.867
  5352.325   401.927   416.000     5.733     0.000    18.867
  5370.024   403.256   417.000     5.747     0.000    18.867
  5387.743   404.587   418.000     5.761     0.000    18.617
  5405.481   405.919   419.000     5.775     0.000    18.617
  5423.239   407.253   420.000     5.789     0.000    18.617
  5441.016   408.587   421.000     5.803     0.000    18.617
  5458.812   409.924   422.000     5.816     0.000    18.373
  5476.628   411.262   423.000     5.830     0.000    18.373
  5494.463   412.601   424.000     5.844     0.000    18.373
  5512.317   413.942   425.000     5.858     0.000    18.373
  5530.191   415.284   426.000     5.872     0.000    18.134
  5548.084   416.628   427.000     5.886     0.000    18.134
  5565.996   417.973   428.000     5.900     0.000    18.134
  5583.927   419.319   429.000     5.914     0.000    18.134
  5601.878   420.667   430.000     5.928     0.000    17.901
  5619.848   422.017   431.000     5.941     0.000    17.901
  5637.837   423.368   432.000     5.955     0.000    17.901
  5655.845   424.720   433.000     5.969     0.000    17.901
  5673.873   426.074   434.000     5.983     0.000    17.672
  5691.919   427.429   435.000     5.997     0.000    17.672
  5709.985   428.785   436.000     6.011     0.000    17.672
  5728.069   430.143   437.000     6.025     0.000    17.672
  5746.173   431.503   438.000     6.039     0.000    17.448
  5764.295   432.864   439.000     6.053     0.000    17.448
  5782.437   434.226   440.000     6.066     0.000    17.448
  5800.598   435.590   441.000     6.080     0.000    17.448
  5818.778   436.955   442.000     6.094     0.000    17.229
  5836.976   438.322   443.000     6.108     0.000    17.229
  5855.194   439.690   444.000     6.122     0.000    17.229
  5873.430   441.059   445.000     6.136     0.000    17.229
  5891.686   442.430   446.000     6.150     0.000    17.015
  5909.960   443.802   447.000     6.164     0.000    17.015
  5928.253   445.176   448.000     6.178     0.000    17.015
  5946.565   446.551   449.000     6.191     0.000    17.015
  5964.896   447.928   450.000     6.205     0.000    16.804
  5983.245   449.306   451.000     6.219     0.000    16.804
  6001.613   450.685   452.000     6.233     0.000    16.804
  6020.000   452.066   453.000     6.247     0.000    16.804
  6038.406   453.448   454.000     6.261     0.000    16.599
  6056.831   454.832   455.000     6.275     0.000    16.599
  6075.274   456.217   456.000     6.289     0.000    16.599
  6093.736   457.603   457.000     6.303     0.000    16.599
  6112.216   458.991   458.000     6.316     0.000    16.397
  6130.716   460.380   459.000     6.330     0.000    16.397
  6149.234   461.770   460.000     6.344     0.000    16.397
  6167.770   463.162   461.000     6.358     0.000    16.397
  6186.325   464.556   462.000     6.372     0.000    16.199
  6204.899   465.951   463.000     6.386     0.000    16.199
  6223.491   467.347   464.000     6.400     0.000    16.199
  6242.102   468.744   465.000     6.414     0.000    16.199
  6260.731   470.143   466.000     6.428     0.000    16.005
  6279.378   471.544   467.000     6.441     0.000    16.005
  6298.045   472.945   468.000     6.455     0.000    16.005
  6316.729   474.348   469.000     6.469     0.000    16.005
  6335.432   475.753   470.000     6.483     0.000    15.816
  6354.154   477.159   471.000     6.497     0.000    15.816
  6372.894   478.566   472.000     6.511     0.000    15.816
  6391.652   479.975   473.000     6.525     0.000    15.816
  6410.429   481.385   474.000     6.539     0.000    15.629
  6429.224   482.796   475.000     6.553     0.000    15.629
  6448.037   484.209   476.000     6.566     0.000    15.629
  6466.869   485.623   477.000     6.580     0.000    15.629
  6485.719   487.039   478.000     6.594     0.000    15.447
  6504.587   488.455   479.000     6.608     0.000    15.447
  6523.474   489.874   480.000     6.622     0.000    15.447
  6542.378   491.293   481.000     6.636     0.000    15.447
  6561.301   492.714   482.000     6.650     0.000    15.268
  6580.242   494.137   483.000     6.664     0.000    15.268
  6599.202   495.560   484.000     6.678     0.000    15.268
  6618.179   496.986   485.000     6.691     0.000    15.268
  6637.175   498.412   486.000     6.705     0.000    15.092
  6656.189   499.840   487.000     6.719     0.000    15.092
  6675.221   501.269   488.000     6.733     0.000    15.092
  6694.271   502.700   489.000     6.747     0.000    15.092
  6713.339   504.131   490.000     6.761     0.000    14.920
  6732.425   505.565   491.000     6.775     0.000    14.920
  6751.530   506.999   492.000     6.789     0.000    14.920
  6770.652   508.435   493.000     6.803     0.000    14.920
  6789.792   509.873   494.000     6.816     0.000    14.751
  6808.951   511.311   495.000     6.830     0.000    14.751
  6828.127   512.751   496.000     6.844     0.000    14.751
  6847.321   514.193   497.000     6.858     0.000    14.751
  6866.534   515.635   498.000     6.872     0.000    14.585
  6885.764   517.080   499.000     6.886     0.000    14.585
  6905.012   518.525   500.000     6.900     0.000    14.585
  6924.278   519.972   501.000     6.914     0.000    14.585
  6935.697   520.829   501.592     6.922     0.000    14.422
