****************************************************************************************************
----------------------------------------------------------------------------------------------------
Ambient Table:
     Depth   Amb-cur   Amb-dir   Amb-sal   Amb-tem   Amb-pol     Decay   Far-spd   Far-dir   Disprsn
       (m)     (m/s)     (deg)     (psu)       (C)    (mg/L)   (1/day)     (m/s)     (deg)(m0.67/s2)
     0.000     0.020    90.000    30.900    11.200     0.000     0.000     0.020    90.000   0.00030
     3.000     0.020    90.000    31.200    10.400     0.000     0.000     0.020    90.000   0.00030
     6.000     0.020    90.000    31.200     9.690     0.000     0.000     0.020    90.000   0.00030
     9.000     0.020    90.000    31.700     9.440     0.000     0.000     0.020    90.000   0.00030
    12.000     0.020    90.000    31.800     9.340     0.000     0.000     0.020    90.000   0.00030
    15.000     0.050    90.000    31.900     9.220     0.000     0.000     0.020    90.000   0.00030
----------------------------------------------------------------------------------------------------
Diffuser Table:
     P-dia    P-elev   V-angle   H-angle     Ports   Spacing   AcuteMZ   ChrncMZ   P-depth   Ttl-flo   Eff-sal      Temp   Polutnt
       (m)       (m)     (deg)     (deg)       ( )       (m)       (m)       (m)       (m)     (cms)     (psu)       (C)    (mg/L)
      0.75     15.00     45.00     90.00     25.00      0.50     20.70    207.00      2.00      0.01     45.00     10.00 100000.00
----------------------------------------------------------------------------------------------------
Simulation Results:
              Dilutn     P-dia    x-posn    y-posn     Depth      Time   Net-Dil     P-Den    P-Con.     P-Sal    P-Temp  Amb-Curr    CL-Dil
      Step (FluxAvg)       (m)       (m)       (m)       (m)       (s)        ()   (kg/m3)    (mg/L)     (psu)       (C)     (m/s)        ()
---------------------- Local maximum rise or fall --------------------
         1     1.000     0.606     0.000     0.000    -2.051     0.701     1.000  1034.809 99999.866    45.000    10.000     0.020     1.000
------------------------- merging happened ---------------------------
         2     1.000     0.059     0.000     0.000    -2.051     0.703     1.000  1034.805 99960.734    44.995    10.000     0.020     1.000
         3     1.021     0.060     0.000     0.000    -2.054     0.742     1.021  1034.588 97980.169    44.722    10.013     0.020     1.000
         4     1.041     0.059     0.000     0.000    -2.057     0.780     1.041  1034.375 96039.245    44.455    10.026     0.020     1.000
         5     1.062     0.059     0.000     0.001    -2.060     0.817     1.062  1034.167 94137.153    44.193    10.038     0.020     1.000
         6     1.084     0.059     0.000     0.001    -2.063     0.854     1.084  1033.963 92273.102    43.937    10.050     0.020     1.000
         7     1.106     0.059     0.000     0.001    -2.066     0.891     1.106  1033.763 90446.314    43.685    10.062     0.020     1.000
         8     1.128     0.059     0.000     0.001    -2.069     0.927     1.128  1033.566 88656.033    43.439    10.073     0.020     1.000
         9     1.151     0.059     0.000     0.001    -2.072     0.963     1.151  1033.374 86901.515    43.197    10.085     0.020     1.000
        10     1.174     0.059     0.000     0.001    -2.075     0.998     1.174  1033.186 85182.033    42.960    10.096     0.020     1.000
        11     1.198     0.059     0.000     0.001    -2.078     1.034     1.198  1033.001 83496.874    42.727    10.106     0.020     1.000
        12     1.222     0.059     0.000     0.001    -2.082     1.069     1.222  1032.820 81845.343    42.500    10.117     0.020     1.000
        13     1.246     0.059     0.000     0.001    -2.085     1.104     1.246  1032.643 80226.756    42.276    10.127     0.020     1.000
        14     1.272     0.059     0.000     0.002    -2.088     1.139     1.272  1032.469 78640.445    42.057    10.138     0.020     1.000
        15     1.297     0.060     0.000     0.002    -2.091     1.175     1.297  1032.299 77085.758    41.843    10.147     0.020     1.000
        16     1.323     0.060     0.000     0.002    -2.095     1.210     1.323  1032.132 75562.052    41.632    10.157     0.020     1.000
        17     1.350     0.060     0.000     0.002    -2.098     1.245     1.350  1031.968 74068.701    41.426    10.167     0.020     1.000
        18     1.377     0.060     0.000     0.002    -2.101     1.280     1.377  1031.808 72605.090    41.223    10.176     0.020     1.000
        19     1.405     0.061     0.000     0.003    -2.105     1.315     1.405  1031.651 71170.620    41.025    10.185     0.020     1.000
        20     1.433     0.061     0.000     0.003    -2.108     1.351     1.433  1031.497 69764.701    40.831    10.194     0.020     1.000
        21     1.462     0.062     0.000     0.003    -2.112     1.386     1.462  1031.346 68386.756    40.640    10.203     0.020     1.000
        22     1.492     0.062     0.000     0.003    -2.115     1.422     1.492  1031.198 67036.222    40.453    10.211     0.020     1.000
        23     1.522     0.062     0.000     0.004    -2.119     1.458     1.522  1031.053 65712.544    40.270    10.220     0.020     1.000
        24     1.552     0.063     0.000     0.004    -2.123     1.494     1.552  1030.911 64415.183    40.091    10.228     0.020     1.000
        25     1.584     0.063     0.000     0.004    -2.126     1.530     1.584  1030.771 63143.607    39.914    10.236     0.020     1.000
        26     1.616     0.064     0.000     0.004    -2.130     1.566     1.616  1030.635 61897.298    39.742    10.244     0.020     1.000
        27     1.648     0.064     0.000     0.005    -2.134     1.603     1.648  1030.501 60675.747    39.573    10.251     0.020     1.000
        28     1.681     0.065     0.000     0.005    -2.137     1.640     1.681  1030.370 59478.455    39.407    10.259     0.020     1.000
        29     1.715     0.065     0.000     0.005    -2.141     1.677     1.715  1030.241 58304.936    39.244    10.266     0.020     1.000
        30     1.750     0.066     0.000     0.006    -2.145     1.714     1.750  1030.115 57154.712    39.085    10.273     0.020     1.000
        31     1.785     0.067     0.000     0.006    -2.149     1.752     1.785  1029.992 56027.314    38.928    10.280     0.020     1.000
        32     1.821     0.067     0.000     0.006    -2.153     1.790     1.821  1029.871 54922.284    38.775    10.287     0.020     1.000
        33     1.857     0.068     0.000     0.007    -2.157     1.828     1.857  1029.752 53839.175    38.625    10.294     0.020     1.000
        34     1.895     0.068     0.000     0.007    -2.161     1.867     1.895  1029.636 52777.544    38.478    10.300     0.020     1.000
        35     1.933     0.069     0.000     0.007    -2.165     1.906     1.933  1029.522 51736.963    38.333    10.306     0.020     1.000
        36     1.972     0.070     0.000     0.008    -2.169     1.945     1.972  1029.410 50717.010    38.192    10.313     0.020     1.000
        37     2.011     0.070     0.000     0.008    -2.173     1.985     2.011  1029.301 49717.270    38.053    10.319     0.020     1.000
        38     2.052     0.071     0.000     0.009    -2.177     2.025     2.052  1029.194 48737.340    37.917    10.325     0.020     1.000
        39     2.093     0.072     0.000     0.009    -2.181     2.066     2.093  1029.088 47776.823    37.784    10.331     0.020     1.000
        40     2.135     0.072     0.000     0.010    -2.185     2.106     2.135  1028.985 46835.330    37.653    10.336     0.020     1.000
        41     2.178     0.073     0.000     0.010    -2.189     2.148     2.178  1028.884 45912.481    37.525    10.342     0.020     1.000
        42     2.222     0.074     0.000     0.010    -2.194     2.189     2.222  1028.785 45007.903    37.399    10.347     0.020     1.000
        43     2.266     0.075     0.000     0.011    -2.198     2.231     2.266  1028.688 44121.232    37.276    10.352     0.020     1.000
        44     2.312     0.075     0.000     0.011    -2.202     2.274     2.312  1028.593 43252.109    37.156    10.358     0.020     1.000
        45     2.358     0.076     0.000     0.012    -2.207     2.317     2.358  1028.500 42400.183    37.037    10.363     0.020     1.000
        46     2.406     0.077     0.000     0.012    -2.211     2.361     2.406  1028.408 41565.113    36.921    10.367     0.020     1.000
        47     2.454     0.078     0.000     0.013    -2.216     2.405     2.454  1028.319 40746.560    36.807    10.372     0.020     1.013
        48     2.503     0.079     0.000     0.014    -2.220     2.449     2.503  1028.231 39944.197    36.696    10.377     0.020     1.034
        49     2.554     0.079     0.000     0.014    -2.225     2.494     2.554  1028.145 39157.699    36.587    10.381     0.020     1.055
        50     2.605     0.080     0.000     0.015    -2.230     2.540     2.605  1028.060 38386.751    36.479    10.386     0.020     1.077
        51     2.657     0.081     0.000     0.015    -2.234     2.586     2.657  1027.978 37631.042    36.374    10.390     0.020     1.099
        52     2.711     0.082     0.000     0.016    -2.239     2.632     2.711  1027.897 36890.270    36.271    10.394     0.020     1.121
        53     2.765     0.083     0.000     0.016    -2.244     2.679     2.765  1027.817 36164.136    36.171    10.399     0.020     1.144
        54     2.821     0.084     0.000     0.017    -2.249     2.727     2.821  1027.739 35452.350    36.072    10.403     0.020     1.167
        55     2.877     0.085     0.000     0.018    -2.253     2.775     2.877  1027.663 34754.625    35.975    10.406     0.020     1.191
        56     2.935     0.086     0.000     0.018    -2.258     2.824     2.935  1027.588 34070.681    35.879    10.410     0.020     1.216
        57     2.994     0.087     0.000     0.019    -2.263     2.873     2.994  1027.515 33400.245    35.786    10.414     0.020     1.241
        58     3.054     0.088     0.000     0.020    -2.268     2.923     3.054  1027.443 32743.049    35.695    10.418     0.020     1.266
        59     3.115     0.089     0.000     0.020    -2.273     2.974     3.115  1027.373 32098.828    35.605    10.421     0.020     1.292
        60     3.178     0.090     0.000     0.021    -2.279     3.025     3.178  1027.304 31467.324    35.517    10.425     0.020     1.318
        61     3.242     0.091     0.000     0.022    -2.284     3.077     3.242  1027.236 30848.286    35.431    10.428     0.020     1.345
        62     3.307     0.092     0.000     0.023    -2.289     3.130     3.307  1027.170 30241.465    35.347    10.431     0.020     1.373
        63     3.373     0.093     0.000     0.023    -2.294     3.183     3.373  1027.105 29646.619    35.264    10.434     0.020     1.401
        64     3.441     0.094     0.000     0.024    -2.299     3.237     3.441  1027.041 29063.510    35.183    10.437     0.020     1.430
        65     3.510     0.095     0.000     0.025    -2.305     3.292     3.510  1026.979 28491.905    35.104    10.440     0.020     1.459
        66     3.580     0.096     0.000     0.026    -2.310     3.347     3.580  1026.917 27931.576    35.026    10.443     0.020     1.489
        67     3.652     0.097     0.000     0.026    -2.316     3.403     3.652  1026.857 27382.299    34.949    10.446     0.020     1.520
        68     3.725     0.098     0.000     0.027    -2.321     3.460     3.725  1026.799 26843.854    34.875    10.449     0.020     1.551
        69     3.800     0.099     0.000     0.028    -2.327     3.518     3.800  1026.741 26316.027    34.801    10.451     0.020     1.583
        70     3.876     0.100     0.000     0.029    -2.332     3.576     3.876  1026.685 25798.608    34.729    10.454     0.020     1.615
        71     3.954     0.102     0.000     0.030    -2.338     3.635     3.954  1026.629 25291.389    34.659    10.456     0.020     1.649
        72     4.033     0.103     0.000     0.031    -2.344     3.695     4.033  1026.575 24794.170    34.590    10.459     0.020     1.682
        73     4.114     0.104     0.000     0.032    -2.350     3.755     4.114  1026.522 24306.751    34.522    10.461     0.020     1.717
        74     4.197     0.105     0.000     0.033    -2.355     3.817     4.197  1026.470 23828.938    34.455    10.463     0.020     1.752
        75     4.281     0.106     0.000     0.034    -2.361     3.879     4.281  1026.419 23360.542    34.390    10.465     0.020     1.788
        76     4.367     0.108     0.000     0.035    -2.367     3.942     4.367  1026.369 22901.375    34.326    10.467     0.020     1.825
        77     4.454     0.109     0.000     0.036    -2.373     4.006     4.454  1026.320 22451.256    34.264    10.469     0.020     1.863
        78     4.543     0.110     0.000     0.037    -2.379     4.071     4.543  1026.271 22010.004    34.203    10.471     0.020     1.901
        79     4.634     0.111     0.000     0.038    -2.386     4.137     4.634  1026.224 21577.445    34.142    10.473     0.020     1.940
        80     4.727     0.113     0.000     0.039    -2.392     4.203     4.727  1026.178 21153.406    34.084    10.475     0.020     1.980
        81     4.822     0.114     0.000     0.040    -2.398     4.271     4.822  1026.133 20737.719    34.026    10.477     0.020     2.021
        82     4.919     0.115     0.000     0.041    -2.404     4.339     4.919  1026.089 20330.219    33.969    10.478     0.020     2.063
        83     5.017     0.117     0.000     0.042    -2.411     4.409     5.017  1026.045 19930.743    33.914    10.480     0.020     2.105
        84     5.118     0.118     0.000     0.043    -2.417     4.479     5.118  1026.003 19539.133    33.859    10.482     0.020     2.149
        85     5.221     0.120     0.000     0.044    -2.424     4.550     5.221  1025.961 19155.234    33.806    10.483     0.020     2.193
        86     5.325     0.121     0.000     0.045    -2.430     4.623     5.325  1025.920 18778.893    33.754    10.485     0.020     2.238
        87     5.432     0.122     0.000     0.047    -2.437     4.696     5.432  1025.880 18409.960    33.703    10.486     0.020     2.285
        88     5.541     0.124     0.000     0.048    -2.444     4.770     5.541  1025.841 18048.289    33.652    10.487     0.020     2.332
        89     5.652     0.125     0.000     0.049    -2.450     4.845     5.652  1025.802 17693.738    33.603    10.488     0.020     2.380
        90     5.765     0.127     0.000     0.050    -2.457     4.922     5.765  1025.764 17346.164    33.555    10.490     0.020     2.429
        91     5.880     0.128     0.000     0.052    -2.464     4.999     5.880  1025.727 17005.430    33.508    10.491     0.020     2.480
        92     5.998     0.130     0.000     0.053    -2.471     5.078     5.998  1025.691 16671.402    33.461    10.492     0.020     2.531
        93     6.118     0.132     0.000     0.054    -2.478     5.157     6.118  1025.656 16343.946    33.416    10.493     0.020     2.583
        94     6.241     0.133     0.000     0.056    -2.485     5.238     6.241  1025.621 16022.934    33.372    10.494     0.020     2.637
        95     6.366     0.135     0.000     0.057    -2.492     5.320     6.366  1025.587 15708.237    33.328    10.495     0.020     2.691
        96     6.494     0.136     0.000     0.059    -2.499     5.403     6.494  1025.554 15399.731    33.285    10.495     0.020     2.747
        97     6.624     0.138     0.000     0.060    -2.507     5.487     6.624  1025.521 15097.294    33.243    10.496     0.020     2.804
        98     6.756     0.140     0.000     0.061    -2.514     5.572     6.756  1025.489 14800.806    33.202    10.497     0.020     2.862
        99     6.892     0.141     0.000     0.063    -2.521     5.659     6.892  1025.457 14510.149    33.162    10.498     0.020     2.922
       100     7.030     0.143     0.000     0.064    -2.529     5.747     7.030  1025.427 14225.210    33.123    10.498     0.020     2.983
       101     7.171     0.145     0.000     0.066    -2.536     5.836     7.171  1025.396 13945.874    33.084    10.499     0.020     3.045
       102     7.314     0.147     0.000     0.068    -2.544     5.926     7.314  1025.367 13672.032    33.046    10.499     0.020     3.108
       103     7.461     0.148     0.000     0.069    -2.552     6.017     7.461  1025.338 13403.574    33.009    10.500     0.020     3.173
       104     7.610     0.150     0.000     0.071    -2.560     6.110     7.610  1025.310 13140.396    32.973    10.500     0.020     3.239
       105     7.763     0.152     0.000     0.072    -2.567     6.204     7.763  1025.282 12882.392    32.937    10.501     0.020     3.306
       106     7.918     0.154     0.000     0.074    -2.575     6.300     7.918  1025.255 12629.461    32.902    10.501     0.020     3.375
       107     8.077     0.156     0.000     0.076    -2.583     6.397     8.077  1025.228 12381.503    32.868    10.501     0.020     3.445
       108     8.238     0.158     0.000     0.077    -2.591     6.495     8.238  1025.202 12138.419    32.834    10.501     0.020     3.517
       109     8.403     0.160     0.000     0.079    -2.600     6.595     8.403  1025.176 11900.114    32.802    10.502     0.020     3.590
       110     8.572     0.161     0.000     0.081    -2.608     6.696     8.572  1025.151 11666.493    32.769    10.502     0.020     3.665
       111     8.743     0.163     0.000     0.083    -2.616     6.798     8.743  1025.127 11437.464    32.738    10.502     0.020     3.742
       112     8.918     0.165     0.000     0.085    -2.625     6.902     8.918  1025.103 11212.937    32.707    10.502     0.020     3.820
       113     9.097     0.167     0.000     0.087    -2.633     7.008     9.097  1025.079 10992.823    32.677    10.502     0.020     3.900
       114     9.279     0.170     0.000     0.088    -2.642     7.115     9.279  1025.056 10777.035    32.647    10.502     0.020     3.982
       115     9.465     0.172     0.000     0.090    -2.650     7.223     9.465  1025.033 10565.487    32.618    10.502     0.020     4.065
       116     9.654     0.174     0.000     0.092    -2.659     7.333     9.654  1025.011 10358.097    32.589    10.502     0.020     4.150
       117     9.848     0.176     0.000     0.094    -2.668     7.445     9.848  1024.990 10154.783    32.561    10.502     0.020     4.237
       118    10.045     0.178     0.000     0.096    -2.677     7.558    10.045  1024.968  9955.463    32.534    10.501     0.020     4.326
       119    10.246     0.180     0.000     0.099    -2.685     7.673    10.246  1024.948  9760.060    32.507    10.501     0.020     4.417
       120    10.451     0.182     0.000     0.101    -2.694     7.789    10.451  1024.927  9568.496    32.481    10.501     0.020     4.509
       121    10.660     0.185     0.000     0.103    -2.704     7.908    10.660  1024.907  9380.696    32.455    10.500     0.020     4.604
       122    10.874     0.187     0.000     0.105    -2.713     8.027    10.874  1024.888  9196.585    32.430    10.500     0.020     4.701
       123    11.091     0.189     0.000     0.107    -2.722     8.149    11.091  1024.869  9016.092    32.405    10.500     0.020     4.800
       124    11.313     0.192     0.000     0.109    -2.731     8.272    11.313  1024.850  8839.144    32.381    10.499     0.020     4.901
       125    11.540     0.194     0.000     0.112    -2.741     8.398    11.540  1024.831  8665.673    32.357    10.499     0.020     5.004
       126    11.771     0.196     0.000     0.114    -2.750     8.524    11.771  1024.814  8495.609    32.334    10.498     0.020     5.110
       127    12.006     0.199     0.000     0.116    -2.760     8.653    12.006  1024.796  8328.885    32.311    10.498     0.020     5.217
       128    12.247     0.201     0.000     0.119    -2.770     8.784    12.247  1024.779  8165.436    32.289    10.497     0.020     5.328
       129    12.492     0.204     0.000     0.121    -2.780     8.916    12.492  1024.762  8005.198    32.267    10.496     0.020     5.440
       130    12.742     0.206     0.000     0.124    -2.790     9.051    12.742  1024.745  7848.107    32.246    10.496     0.020     5.555
       131    12.997     0.209     0.000     0.126    -2.799     9.187    12.997  1024.729  7694.101    32.225    10.495     0.020     5.673
       132    13.257     0.211     0.000     0.129    -2.810     9.326    13.257  1024.713  7543.120    32.204    10.494     0.020     5.793
       133    13.522     0.214     0.000     0.131    -2.820     9.466    13.522  1024.698  7395.104    32.184    10.493     0.020     5.916
       134    13.793     0.217     0.000     0.134    -2.830     9.609    13.793  1024.683  7249.995    32.165    10.493     0.020     6.041
       135    14.069     0.219     0.000     0.137    -2.840     9.753    14.069  1024.668  7107.736    32.145    10.492     0.020     6.169
       136    14.351     0.222     0.000     0.139    -2.851     9.900    14.351  1024.653  6968.269    32.127    10.491     0.020     6.300
       137    14.638     0.225     0.000     0.142    -2.861    10.048    14.638  1024.639  6831.542    32.108    10.490     0.020     6.434
       138    14.931     0.228     0.000     0.145    -2.872    10.199    14.931  1024.625  6697.499    32.090    10.489     0.020     6.571
       139    15.230     0.231     0.000     0.148    -2.883    10.353    15.230  1024.612  6566.089    32.072    10.488     0.020     6.711
       140    15.535     0.233     0.000     0.151    -2.894    10.508    15.535  1024.598  6437.258    32.055    10.487     0.020     6.854
       141    15.845     0.236     0.000     0.154    -2.904    10.665    15.845  1024.585  6310.957    32.038    10.486     0.020     7.000
       142    16.163     0.239     0.000     0.157    -2.916    10.825    16.163  1024.573  6187.136    32.021    10.485     0.020     7.150
       143    16.486     0.242     0.000     0.160    -2.927    10.988    16.486  1024.560  6065.746    32.005    10.483     0.020     7.302
       144    16.816     0.245     0.000     0.163    -2.938    11.152    16.816  1024.548  5946.739    31.989    10.482     0.020     7.459
       145    17.152     0.248     0.000     0.166    -2.949    11.319    17.152  1024.536  5830.068    31.973    10.481     0.020     7.618
       146    17.496     0.252     0.000     0.169    -2.961    11.489    17.496  1024.524  5715.688    31.958    10.480     0.020     7.781
       147    17.846     0.255     0.000     0.173    -2.972    11.661    17.846  1024.513  5603.554    31.943    10.478     0.020     7.948
       148    18.203     0.258     0.000     0.176    -2.984    11.835    18.203  1024.502  5493.620    31.929    10.477     0.020     8.119
       149    18.567     0.261     0.000     0.179    -2.996    12.012    18.567  1024.491  5385.845    31.914    10.476     0.020     8.293
       150    18.939     0.265     0.000     0.183    -3.007    12.192    18.939  1024.480  5280.185    31.900    10.474     0.020     8.472
       151    19.318     0.268     0.000     0.186    -3.019    12.374    19.318  1024.470  5176.599    31.886    10.473     0.020     8.654
       152    19.704     0.271     0.000     0.190    -3.031    12.559    19.704  1024.460  5075.047    31.873    10.471     0.020     8.841
       153    20.099     0.275     0.000     0.193    -3.043    12.747    20.099  1024.450  4975.487    31.860    10.470     0.020     9.032
       154    20.501     0.278     0.000     0.197    -3.056    12.937    20.501  1024.440  4877.882    31.847    10.468     0.020     9.227
       155    20.911     0.282     0.000     0.200    -3.068    13.131    20.911  1024.430  4782.193    31.834    10.467     0.020     9.426
       156    21.329     0.285     0.000     0.204    -3.081    13.327    21.329  1024.421  4688.381    31.822    10.465     0.020     9.630
       157    21.756     0.289     0.000     0.208    -3.093    13.526    21.756  1024.412  4596.411    31.809    10.464     0.020     9.839
       158    22.191     0.292     0.000     0.212    -3.106    13.728    22.191  1024.403  4506.245    31.798    10.462     0.020    10.052
       159    22.635     0.296     0.000     0.216    -3.119    13.933    22.635  1024.394  4417.850    31.786    10.460     0.020    10.271
       160    23.088     0.300     0.000     0.220    -3.132    14.140    23.088  1024.385  4331.189    31.774    10.459     0.020    10.494
       161    23.550     0.304     0.000     0.224    -3.145    14.351    23.550  1024.377  4246.228    31.763    10.457     0.020    10.723
       162    24.022     0.307     0.000     0.228    -3.158    14.565    24.022  1024.368  4162.935    31.752    10.455     0.020    10.956
       163    24.502     0.311     0.000     0.232    -3.171    14.783    24.502  1024.360  4081.277    31.741    10.454     0.020    11.195
       164    24.992     0.315     0.000     0.236    -3.184    15.003    24.992  1024.352  4001.221    31.731    10.452     0.020    11.440
       165    25.492     0.319     0.000     0.241    -3.198    15.227    25.492  1024.345  3922.736    31.720    10.450     0.020    11.690
       166    26.002     0.323     0.000     0.245    -3.212    15.453    26.002  1024.337  3845.791    31.710    10.448     0.020    11.946
       167    26.523     0.327     0.000     0.249    -3.225    15.684    26.523  1024.330  3770.355    31.700    10.446     0.020    12.208
       168    27.053     0.332     0.000     0.254    -3.239    15.917    27.053  1024.322  3696.401    31.690    10.444     0.020    12.476
       169    27.595     0.336     0.000     0.259    -3.253    16.154    27.595  1024.315  3623.897    31.681    10.442     0.020    12.750
       170    28.147     0.340     0.000     0.263    -3.267    16.395    28.147  1024.308  3552.816    31.671    10.441     0.020    13.031
       171    28.710     0.344     0.000     0.268    -3.281    16.639    28.710  1024.301  3483.129    31.662    10.439     0.020    13.318
       172    29.284     0.349     0.000     0.273    -3.296    16.886    29.284  1024.295  3414.810    31.653    10.437     0.020    13.612
       173    29.870     0.353     0.000     0.278    -3.310    17.137    29.870  1024.288  3347.832    31.644    10.435     0.020    13.913
       174    30.468     0.357     0.000     0.282    -3.325    17.392    30.468  1024.282  3282.168    31.635    10.433     0.020    14.221
       175    31.077     0.362     0.000     0.287    -3.339    17.651    31.077  1024.275  3217.792    31.627    10.430     0.020    14.536
       176    31.699     0.367     0.000     0.293    -3.354    17.913    31.699  1024.269  3154.679    31.618    10.428     0.020    14.858
       177    32.333     0.371     0.000     0.298    -3.369    18.179    32.333  1024.263  3092.804    31.610    10.426     0.020    15.189
       178    32.980     0.376     0.000     0.303    -3.384    18.449    32.980  1024.257  3032.144    31.602    10.424     0.020    15.527
       179    33.640     0.381     0.000     0.308    -3.400    18.723    33.640  1024.251  2972.673    31.594    10.422     0.020    15.873
       180    34.313     0.386     0.000     0.314    -3.415    19.002    34.313  1024.246  2914.369    31.587    10.420     0.020    16.228
       181    34.999     0.390     0.000     0.319    -3.430    19.284    34.999  1024.240  2857.209    31.579    10.417     0.020    16.590
       182    35.699     0.395     0.000     0.325    -3.446    19.570    35.699  1024.235  2801.171    31.572    10.415     0.020    16.962
       183    36.414     0.400     0.000     0.330    -3.462    19.860    36.414  1024.230  2746.232    31.564    10.413     0.020    17.343
       184    37.142     0.405     0.000     0.336    -3.477    20.155    37.142  1024.225  2692.371    31.557    10.411     0.020    17.733
       185    37.885     0.411     0.000     0.342    -3.493    20.454    37.885  1024.219  2639.566    31.550    10.408     0.020    18.132
       186    38.643     0.416     0.000     0.348    -3.510    20.757    38.643  1024.215  2587.797    31.543    10.406     0.020    18.541
       187    39.416     0.421     0.000     0.354    -3.526    21.065    39.416  1024.210  2537.044    31.536    10.403     0.020    18.960
       188    40.204     0.426     0.000     0.360    -3.542    21.378    40.204  1024.205  2487.287    31.530    10.401     0.020    19.389
       189    41.009     0.432     0.000     0.366    -3.559    21.695    41.009  1024.200  2438.506    31.523    10.399     0.020    19.829
       190    41.829     0.437     0.000     0.372    -3.575    22.016    41.829  1024.196  2390.681    31.517    10.396     0.020    20.279
       191    42.666     0.443     0.000     0.379    -3.592    22.343    42.666  1024.191  2343.795    31.511    10.394     0.020    20.741
       192    43.519     0.449     0.000     0.385    -3.609    22.674    43.519  1024.187  2297.829    31.505    10.391     0.020    21.214
       193    44.390     0.454     0.000     0.392    -3.626    23.010    44.390  1024.183  2252.764    31.499    10.388     0.020    21.698
       194    45.278     0.460     0.000     0.398    -3.644    23.350    45.278  1024.179  2208.583    31.493    10.386     0.020    22.195
       195    46.184     0.466     0.000     0.405    -3.661    23.696    46.184  1024.175  2165.269    31.487    10.383     0.020    22.704
       196    47.107     0.472     0.000     0.412    -3.678    24.047    47.107  1024.171  2122.805    31.482    10.381     0.020    23.227
       197    48.050     0.478     0.000     0.419    -3.696    24.403    48.050  1024.167  2081.173    31.476    10.378     0.020    23.762
       198    49.011     0.484     0.000     0.426    -3.714    24.765    49.011  1024.163  2040.358    31.471    10.375     0.020    24.310
       199    49.991     0.490     0.000     0.433    -3.732    25.131    49.991  1024.160  2000.344    31.465    10.372     0.020    24.873
       200    50.991     0.496     0.000     0.441    -3.750    25.504    50.991  1024.156  1961.115    31.460    10.370     0.020    25.450
       201    52.011     0.526     0.000     0.448    -3.768    25.881    52.011  1024.153  1922.655    31.455    10.367     0.020    26.344
       202    53.052     0.512     0.000     0.453    -3.780    26.133    53.052  1024.149  1884.950    31.450    10.364     0.020    26.693
       203    54.113     0.518     0.000     0.460    -3.796    26.468    54.113  1024.146  1847.984    31.445    10.361     0.020    27.300
       204    55.195     0.526     0.000     0.466    -3.811    26.795    55.195  1024.143  1811.743    31.440    10.358     0.020    27.957
       205    56.300     0.534     0.000     0.472    -3.827    27.123    56.300  1024.139  1776.213    31.436    10.355     0.020    28.642
       206    57.426     0.544     0.000     0.479    -3.842    27.460    57.426  1024.136  1741.380    31.431    10.352     0.020    29.351
       207    58.574     0.553     0.000     0.486    -3.858    27.808    58.574  1024.133  1707.231    31.426    10.350     0.020    30.086
       208    59.746     0.563     0.000     0.493    -3.874    28.167    59.746  1024.130  1673.751    31.422    10.347     0.020    30.845
       209    60.941     0.573     0.000     0.500    -3.891    28.539    60.941  1024.127  1640.927    31.418    10.344     0.020    31.630
       210    62.160     0.584     0.000     0.508    -3.908    28.922    62.160  1024.125  1608.748    31.413    10.341     0.020    32.443
       211    63.404     0.595     0.000     0.516    -3.926    29.317    63.404  1024.122  1577.200    31.409    10.338     0.020    33.283
       212    64.672     0.606     0.000     0.524    -3.943    29.725    64.672  1024.119  1546.270    31.405    10.335     0.020    34.153
       213    65.965     0.618     0.000     0.532    -3.962    30.145    65.965  1024.116  1515.947    31.401    10.332     0.020    35.053
       214    67.285     0.630     0.000     0.540    -3.980    30.578    67.285  1024.114  1486.219    31.397    10.329     0.020    35.985
       215    68.631     0.643     0.000     0.549    -4.000    31.025    68.631  1024.111  1457.074    31.393    10.326     0.020    36.951
       216    70.003     0.655     0.000     0.558    -4.019    31.484    70.003  1024.109  1428.500    31.389    10.323     0.020    37.952
       217    71.404     0.669     0.000     0.568    -4.039    31.957    71.404  1024.107  1400.487    31.386    10.319     0.020    38.989
       218    72.832     0.682     0.000     0.577    -4.060    32.444    72.832  1024.104  1373.024    31.382    10.316     0.020    40.066
       219    74.289     0.696     0.000     0.587    -4.080    32.944    74.289  1024.102  1346.099    31.379    10.313     0.020    41.183
       220    75.775     0.710     0.000     0.597    -4.102    33.459    75.775  1024.100  1319.702    31.375    10.310     0.020    42.342
       221    77.290     0.725     0.000     0.608    -4.124    33.989    77.290  1024.098  1293.823    31.372    10.307     0.020    43.547
       222    78.836     0.740     0.000     0.619    -4.146    34.533    78.836  1024.096  1268.451    31.368    10.303     0.020    44.800
       223    80.413     0.756     0.000     0.630    -4.169    35.093    80.413  1024.094  1243.577    31.365    10.300     0.020    46.102
       224    82.022     0.772     0.000     0.641    -4.192    35.669    82.022  1024.092  1219.191    31.362    10.297     0.020    47.458
       225    83.662     0.788     0.000     0.653    -4.216    36.260    83.662  1024.090  1195.283    31.359    10.293     0.020    48.870
       226    85.336     0.805     0.000     0.665    -4.240    36.867    85.336  1024.088  1171.844    31.355    10.290     0.020    50.342
       227    87.042     0.822     0.000     0.677    -4.265    37.491    87.042  1024.086  1148.865    31.352    10.286     0.020    51.878
       228    88.783     0.840     0.000     0.690    -4.290    38.132    88.783  1024.084  1126.336    31.349    10.283     0.020    53.481
       229    90.559     0.858     0.000     0.703    -4.316    38.790    90.559  1024.083  1104.249    31.346    10.279     0.020    55.155
       230    92.371     0.877     0.000     0.716    -4.342    39.465    92.371  1024.081  1082.595    31.344    10.276     0.020    56.907
       231    94.218     0.896     0.000     0.730    -4.369    40.159    94.218  1024.080  1061.366    31.341    10.272     0.020    58.740
       232    96.103     0.916     0.000     0.744    -4.396    40.871    96.103  1024.078  1040.554    31.338    10.268     0.020    60.661
       233    98.025     0.936     0.000     0.758    -4.424    41.602    98.025  1024.077  1020.149    31.335    10.265     0.020    62.676
       234    99.986     0.957     0.000     0.773    -4.453    42.353    99.986  1024.075  1000.145    31.333    10.261     0.020    64.793
       235   101.985     0.978     0.000     0.788    -4.482    43.123   101.985  1024.074   980.533    31.330    10.257     0.020    67.018
       236   104.025     1.000     0.000     0.804    -4.511    43.914   104.025  1024.072   961.306    31.328    10.253     0.020    69.350
       237   106.106     1.023     0.000     0.820    -4.541    44.725   106.106  1024.071   942.455    31.325    10.249     0.020    70.737
       238   108.228     1.046     0.000     0.837    -4.572    45.558   108.228  1024.070   923.975    31.323    10.245     0.020    72.152
       239   110.393     1.070     0.000     0.854    -4.604    46.412   110.393  1024.069   905.856    31.320    10.241     0.020    73.595
       240   112.601     1.095     0.000     0.871    -4.636    47.289   112.601  1024.068   888.093    31.318    10.237     0.020    75.067
       241   114.853     1.120     0.000     0.889    -4.668    48.189   114.853  1024.067   870.679    31.315    10.232     0.020    76.569
       242   117.150     1.146     0.000     0.907    -4.702    49.112   117.150  1024.065   853.606    31.313    10.228     0.020    78.100
       243   119.493     1.173     0.000     0.926    -4.736    50.060   119.493  1024.064   836.868    31.311    10.224     0.020    79.662
       244   121.883     1.201     0.000     0.945    -4.770    51.033   121.883  1024.064   820.458    31.309    10.219     0.020    81.255
       245   124.321     1.229     0.000     0.965    -4.806    52.031   124.321  1024.063   804.370    31.307    10.215     0.020    82.881
       246   126.807     1.259     0.000     0.985    -4.841    53.055   126.807  1024.062   788.597    31.305    10.210     0.020    84.538
       247   129.344     1.289     0.000     1.006    -4.878    54.106   129.344  1024.061   773.134    31.303    10.205     0.020    86.229
       248   131.931     1.321     0.000     1.028    -4.915    55.185   131.931  1024.060   757.974    31.301    10.201     0.020    87.954
       249   134.569     1.353     0.000     1.050    -4.953    56.292   134.569  1024.059   743.111    31.299    10.196     0.020    89.713
       250   137.261     1.387     0.000     1.072    -4.992    57.429   137.261  1024.059   728.540    31.297    10.191     0.020    91.507
       251   140.006     1.421     0.000     1.095    -5.031    58.596   140.006  1024.058   714.254    31.295    10.186     0.020    93.337
       252   142.806     1.457     0.000     1.119    -5.071    59.794   142.806  1024.057   700.249    31.293    10.181     0.020    95.204
       253   145.663     1.495     0.000     1.144    -5.111    61.025   145.663  1024.057   686.518    31.291    10.176     0.020    97.108
       254   148.576     1.533     0.000     1.169    -5.153    62.288   148.576  1024.056   673.056    31.289    10.171     0.020    99.051
       255   151.548     1.573     0.000     1.195    -5.195    63.585   151.548  1024.056   659.859    31.288    10.165     0.020   101.032
       256   154.579     1.615     0.000     1.221    -5.237    64.918   154.579  1024.055   646.920    31.286    10.160     0.020   103.052
       257   157.670     1.658     0.000     1.248    -5.281    66.287   157.670  1024.055   634.235    31.284    10.155     0.020   105.113
       258   160.824     1.702     0.000     1.276    -5.325    67.693   160.824  1024.055   621.799    31.282    10.149     0.020   107.216
       259   164.040     1.749     0.000     1.305    -5.369    69.137   164.040  1024.054   609.607    31.281    10.143     0.020   109.360
       260   167.321     1.797     0.000     1.334    -5.414    70.622   167.321  1024.054   597.654    31.279    10.138     0.020   111.547
       261   170.667     1.848     0.000     1.365    -5.460    72.147   170.667  1024.054   585.935    31.278    10.132     0.020   113.778
       262   174.081     1.901     0.000     1.396    -5.507    73.714   174.081  1024.054   574.446    31.276    10.126     0.020   116.054
       263   177.563     1.956     0.000     1.428    -5.554    75.325   177.563  1024.053   563.182    31.275    10.120     0.020   118.375
       264   180.993     2.013     0.000     1.460    -5.600    76.924   180.993  1024.053   552.509    31.273    10.114     0.020   120.662
       265   184.307     2.071     0.000     1.491    -5.644    78.472   184.307  1024.053   542.574    31.272    10.108     0.020   122.871
       266   187.489     2.128     0.000     1.520    -5.685    79.957   187.489  1024.053   533.364    31.271    10.103     0.020   124.993
       267   190.538     2.186     0.000     1.548    -5.724    81.379   190.538  1024.053   524.829    31.270    10.097     0.020   127.025
       268   193.464     2.243     0.000     1.575    -5.761    82.741   193.464  1024.053   516.893    31.269    10.092     0.020   128.976
---------------------------- Plume traps -----------------------------
       269   196.277     2.300     0.000     1.602    -5.796    84.052   196.277  1024.053   509.485    31.268    10.087     0.020   130.851
       270   198.989     2.355     0.000     1.627    -5.829    85.318   198.989  1024.053   502.541    31.267    10.083     0.020   132.659
       271   201.609     2.410     0.000     1.651    -5.861    86.543   201.609  1024.053   496.010    31.266    10.078     0.020   134.406
       272   204.146     2.465     0.000     1.675    -5.891    87.731   204.146  1024.053   489.846    31.265    10.074     0.020   136.097
       273   206.606     2.518     0.000     1.698    -5.920    88.885   206.606  1024.053   484.014    31.264    10.070     0.020   137.737
       274   208.994     2.572     0.000     1.720    -5.948    90.008   208.994  1024.054   478.482    31.263    10.066     0.020   139.329
       275   211.317     2.625     0.000     1.742    -5.975    91.102   211.317  1024.054   473.223    31.263    10.062     0.020   140.878
       276   213.577     2.677     0.000     1.763    -6.000    92.167   213.577  1024.054   468.214    31.262    10.058     0.020   142.385
       277   215.780     2.729     0.000     1.784    -6.025    93.206   215.780  1024.054   463.435    31.261    10.054     0.020   143.853
       278   217.929     2.781     0.000     1.804    -6.049    94.220   217.929  1024.054   458.866    31.261    10.051     0.020   145.286
       279   220.025     2.832     0.000     1.824    -6.071    95.208   220.025  1024.054   454.495    31.260    10.047     0.020   146.683
       280   221.933     2.883     0.000     1.842    -6.092    96.109   221.933  1024.054   450.586    31.260    10.044     0.020   147.956
       281   223.738     2.933     0.000     1.858    -6.110    96.935   223.738  1024.054   446.951    31.259    10.041     0.020   149.159
       282   225.423     2.982     0.000     1.873    -6.127    97.688   225.423  1024.055   443.610    31.259    10.039     0.020   150.282
       283   227.009     3.030     0.000     1.887    -6.142    98.384   227.009  1024.055   440.511    31.259    10.036     0.020   151.339
       284   228.396     3.075     0.000     1.900    -6.156    99.036   228.396  1024.055   437.836    31.259    10.034     0.020   152.264
       285   229.708     3.119     0.000     1.913    -6.169    99.675   229.708  1024.055   435.335    31.258    10.032     0.020   153.139
       286   230.892     3.161     0.000     1.925    -6.182   100.294   230.892  1024.055   433.103    31.258    10.030     0.020   153.928
       287   232.004     3.202     0.000     1.937    -6.194   100.903   232.004  1024.056   431.027    31.258    10.028     0.020   154.669
       288   233.023     3.241     0.000     1.949    -6.206   101.495   233.023  1024.056   429.143    31.258    10.027     0.020   155.348
       289   233.973     3.280     0.000     1.960    -6.218   102.074   233.973  1024.056   427.399    31.258    10.025     0.020   155.982
       290   234.851     3.317     0.000     1.972    -6.229   102.638   234.851  1024.056   425.802    31.258    10.024     0.020   156.567
       291   235.668     3.353     0.000     1.983    -6.239   103.189   235.668  1024.056   424.325    31.258    10.023     0.020   157.112
       292   236.427     3.388     0.000     1.993    -6.249   103.725   236.427  1024.056   422.964    31.258    10.022     0.020   157.618
       293   237.133     3.423     0.000     2.004    -6.259   104.248   237.133  1024.056   421.704    31.258    10.021     0.020   158.089
       294   237.791     3.457     0.000     2.014    -6.269   104.757   237.791  1024.057   420.538    31.258    10.020     0.020   158.527
       295   238.405     3.490     0.000     2.024    -6.278   105.254   238.405  1024.057   419.455    31.258    10.019     0.020   158.936
       296   238.978     3.522     0.000     2.033    -6.286   105.738   238.978  1024.057   418.448    31.258    10.018     0.020   159.319
       297   239.515     3.554     0.000     2.043    -6.295   106.210   239.515  1024.057   417.510    31.257    10.017     0.020   159.677
       298   240.018     3.585     0.000     2.052    -6.303   106.672   240.018  1024.057   416.636    31.257    10.016     0.020   160.012
       299   240.490     3.615     0.000     2.061    -6.311   107.122   240.490  1024.057   415.818    31.257    10.016     0.020   160.327
       300   240.933     3.645     0.000     2.070    -6.318   107.561   240.933  1024.057   415.052    31.257    10.015     0.020   160.622
       301   241.351     3.675     0.000     2.078    -6.325   107.991   241.351  1024.057   414.335    31.257    10.015     0.020   160.901
       302   241.744     3.703     0.000     2.087    -6.332   108.411   241.744  1024.057   413.660    31.257    10.014     0.020   161.163
       303   242.116     3.732     0.000     2.095    -6.339   108.822   242.116  1024.057   413.026    31.257    10.013     0.020   161.410
       304   242.466     3.760     0.000     2.103    -6.345   109.224   242.466  1024.057   412.428    31.257    10.013     0.020   161.644
       305   242.798     3.787     0.000     2.111    -6.351   109.617   242.798  1024.058   411.864    31.257    10.012     0.020   161.866
       306   243.113     3.814     0.000     2.118    -6.357   110.002   243.113  1024.058   411.332    31.257    10.012     0.020   162.075
       307   243.411     3.841     0.000     2.126    -6.363   110.380   243.411  1024.058   410.828    31.257    10.012     0.020   162.274
       308   243.694     3.867     0.000     2.133    -6.369   110.750   243.694  1024.058   410.350    31.257    10.011     0.020   162.463
       309   243.964     3.893     0.000     2.140    -6.374   111.113   243.964  1024.058   409.897    31.257    10.011     0.020   162.642
       310   244.220     3.918     0.000     2.148    -6.379   111.469   244.220  1024.058   409.467    31.257    10.010     0.020   162.813
       311   244.464     3.943     0.000     2.154    -6.384   111.819   244.464  1024.058   409.058    31.257    10.010     0.020   162.976
       312   244.697     3.968     0.000     2.161    -6.389   112.162   244.697  1024.058   408.669    31.257    10.010     0.020   163.131
       313   244.919     3.992     0.000     2.168    -6.394   112.499   244.919  1024.058   408.299    31.257    10.009     0.020   163.279
       314   245.131     4.016     0.000     2.175    -6.398   112.830   245.131  1024.058   407.945    31.257    10.009     0.020   163.421
       315   245.334     4.040     0.000     2.181    -6.403   113.156   245.334  1024.058   407.608    31.257    10.009     0.020   163.556
       316   245.528     4.063     0.000     2.187    -6.407   113.476   245.528  1024.058   407.286    31.257    10.008     0.020   163.685
       317   245.714     4.086     0.000     2.194    -6.411   113.791   245.714  1024.058   406.978    31.257    10.008     0.020   163.809
       318   245.892     4.109     0.000     2.200    -6.415   114.101   245.892  1024.058   406.683    31.257    10.008     0.020   163.928
       319   246.062     4.131     0.000     2.206    -6.419   114.406   246.062  1024.058   406.401    31.257    10.008     0.020   164.042
       320   246.226     4.153     0.000     2.212    -6.423   114.707   246.226  1024.058   406.130    31.257    10.007     0.020   164.151
       321   246.384     4.175     0.000     2.218    -6.427   115.003   246.384  1024.058   405.871    31.258    10.007     0.020   164.256
       322   246.535     4.196     0.000     2.224    -6.430   115.295   246.535  1024.059   405.622    31.258    10.007     0.020   164.357
       323   246.680     4.217     0.000     2.229    -6.434   115.583   246.680  1024.059   405.383    31.258    10.007     0.020   164.453
       324   246.820     4.238     0.000     2.235    -6.437   115.867   246.820  1024.059   405.154    31.258    10.007     0.020   164.547
       325   246.955     4.259     0.000     2.241    -6.440   116.147   246.955  1024.059   404.933    31.258    10.006     0.020   164.636
       326   247.084     4.279     0.000     2.246    -6.443   116.423   247.084  1024.059   404.720    31.258    10.006     0.020   164.723
       327   247.209     4.299     0.000     2.252    -6.446   116.695   247.209  1024.059   404.516    31.258    10.006     0.020   164.806
       328   247.329     4.319     0.000     2.257    -6.449   116.964   247.329  1024.059   404.319    31.258    10.006     0.020   164.886
       329   247.445     4.338     0.000     2.262    -6.452   117.230   247.445  1024.059   404.130    31.258    10.006     0.020   164.963
       330   247.557     4.357     0.000     2.267    -6.455   117.493   247.557  1024.059   403.947    31.258    10.006     0.020   165.038
       331   247.665     4.376     0.000     2.273    -6.458   117.752   247.665  1024.059   403.771    31.258    10.005     0.020   165.110
       332   247.769     4.395     0.000     2.278    -6.460   118.008   247.769  1024.059   403.601    31.258    10.005     0.020   165.179
       333   247.870     4.413     0.000     2.283    -6.463   118.262   247.870  1024.059   403.437    31.258    10.005     0.020   165.247
       334   247.967     4.431     0.000     2.288    -6.465   118.513   247.967  1024.059   403.279    31.258    10.005     0.020   165.311
       335   248.061     4.449     0.000     2.293    -6.468   118.760   248.061  1024.059   403.127    31.258    10.005     0.020   165.374
       336   248.152     4.466     0.000     2.298    -6.470   119.006   248.152  1024.059   402.979    31.258    10.005     0.020   165.435
       337   248.240     4.483     0.000     2.302    -6.472   119.248   248.240  1024.059   402.837    31.258    10.005     0.020   165.493
       338   248.324     4.500     0.000     2.307    -6.475   119.488   248.324  1024.059   402.699    31.258    10.004     0.020   165.550
       339   248.406     4.517     0.000     2.312    -6.477   119.726   248.406  1024.059   402.566    31.258    10.004     0.020   165.604
       340   248.486     4.533     0.000     2.317    -6.479   119.962   248.486  1024.059   402.437    31.258    10.004     0.020   165.657
       341   248.563     4.550     0.000     2.321    -6.481   120.195   248.563  1024.059   402.313    31.258    10.004     0.020   165.708
       342   248.637     4.566     0.000     2.326    -6.483   120.426   248.637  1024.059   402.193    31.258    10.004     0.020   165.758
       343   248.709     4.581     0.000     2.330    -6.485   120.655   248.709  1024.059   402.076    31.258    10.004     0.020   165.806
       344   248.779     4.596     0.000     2.335    -6.487   120.882   248.779  1024.059   401.964    31.258    10.004     0.020   165.852
       345   248.846     4.612     0.000     2.339    -6.489   121.107   248.846  1024.059   401.855    31.258    10.004     0.020   165.897
       346   248.911     4.626     0.000     2.344    -6.490   121.329   248.911  1024.059   401.749    31.258    10.004     0.020   165.941
       347   248.975     4.641     0.000     2.348    -6.492   121.551   248.975  1024.059   401.647    31.258    10.004     0.020   165.983
       348   249.036     4.655     0.000     2.353    -6.494   121.770   249.036  1024.059   401.548    31.258    10.003     0.020   166.024
       349   249.095     4.669     0.000     2.357    -6.495   121.987   249.095  1024.059   401.453    31.258    10.003     0.020   166.063
       350   249.153     4.683     0.000     2.361    -6.497   122.203   249.153  1024.059   401.360    31.258    10.003     0.020   166.102
       351   249.208     4.696     0.000     2.366    -6.498   122.418   249.208  1024.059   401.271    31.258    10.003     0.020   166.139
       352   249.262     4.710     0.000     2.370    -6.500   122.630   249.262  1024.059   401.184    31.258    10.003     0.020   166.175
       353   249.314     4.723     0.000     2.374    -6.501   122.841   249.314  1024.059   401.100    31.258    10.003     0.020   166.209
       354   249.365     4.735     0.000     2.378    -6.503   123.051   249.365  1024.059   401.019    31.258    10.003     0.020   166.243
       355   249.414     4.748     0.000     2.382    -6.504   123.259   249.414  1024.059   400.941    31.258    10.003     0.020   166.276
       356   249.461     4.760     0.000     2.386    -6.505   123.466   249.461  1024.059   400.864    31.258    10.003     0.020   166.307
       357   249.507     4.772     0.000     2.391    -6.507   123.671   249.507  1024.059   400.791    31.258    10.003     0.020   166.338
       358   249.551     4.783     0.000     2.395    -6.508   123.875   249.551  1024.059   400.720    31.258    10.003     0.020   166.367
       359   249.594     4.795     0.000     2.399    -6.509   124.078   249.594  1024.059   400.651    31.258    10.003     0.020   166.396
       360   249.635     4.806     0.000     2.403    -6.510   124.280   249.635  1024.059   400.584    31.258    10.003     0.020   166.424
       361   249.675     4.817     0.000     2.407    -6.511   124.480   249.675  1024.059   400.520    31.258    10.003     0.020   166.450
       362   249.714     4.827     0.000     2.411    -6.512   124.680   249.714  1024.059   400.458    31.258    10.003     0.020   166.476
       363   249.752     4.838     0.000     2.415    -6.513   124.878   249.752  1024.059   400.398    31.258    10.002     0.020   166.501
       364   249.788     4.848     0.000     2.419    -6.514   125.075   249.788  1024.059   400.340    31.258    10.002     0.020   166.525
       365   249.823     4.858     0.000     2.422    -6.515   125.271   249.823  1024.059   400.284    31.258    10.002     0.020   166.549
       366   249.857     4.867     0.000     2.426    -6.516   125.467   249.857  1024.060   400.230    31.258    10.002     0.020   166.571
       367   249.889     4.877     0.000     2.430    -6.517   125.661   249.889  1024.060   400.177    31.258    10.002     0.020   166.593
       368   249.921     4.886     0.000     2.434    -6.518   125.854   249.921  1024.060   400.127    31.258    10.002     0.020   166.614
       369   249.951     4.894     0.000     2.438    -6.519   126.046   249.951  1024.060   400.079    31.258    10.002     0.020   166.634
       370   249.980     4.903     0.000     2.442    -6.520   126.238   249.980  1024.060   400.032    31.258    10.002     0.020   166.653
       371   250.008     4.911     0.000     2.446    -6.521   126.429   250.008  1024.060   399.987    31.258    10.002     0.020   166.672
       372   250.035     4.919     0.000     2.449    -6.521   126.619   250.035  1024.060   399.944    31.258    10.002     0.020   166.690
       373   250.061     4.927     0.000     2.453    -6.522   126.808   250.061  1024.060   399.902    31.258    10.002     0.020   166.707
       374   250.086     4.934     0.000     2.457    -6.523   126.996   250.086  1024.060   399.862    31.258    10.002     0.020   166.724
       375   250.110     4.941     0.000     2.461    -6.523   127.184   250.110  1024.060   399.824    31.258    10.002     0.020   166.740
       376   250.133     4.948     0.000     2.464    -6.524   127.371   250.133  1024.060   399.787    31.258    10.002     0.020   166.755
       377   250.155     4.955     0.000     2.468    -6.525   127.558   250.155  1024.060   399.752    31.258    10.002     0.020   166.770
       378   250.176     4.961     0.000     2.472    -6.525   127.744   250.176  1024.060   399.719    31.258    10.002     0.020   166.784
       379   250.196     4.967     0.000     2.475    -6.526   127.929   250.196  1024.060   399.687    31.258    10.002     0.020   166.797
       380   250.215     4.973     0.000     2.479    -6.526   128.114   250.215  1024.060   399.656    31.258    10.002     0.020   166.810
       381   250.233     4.979     0.000     2.483    -6.527   128.298   250.233  1024.060   399.627    31.258    10.002     0.020   166.822
       382   250.251     4.984     0.000     2.486    -6.527   128.481   250.251  1024.060   399.599    31.258    10.002     0.020   166.834
       383   250.267     4.989     0.000     2.490    -6.528   128.665   250.267  1024.060   399.573    31.258    10.002     0.020   166.845
       384   250.283     4.994     0.000     2.494    -6.528   128.847   250.283  1024.060   399.548    31.258    10.002     0.020   166.855
       385   250.297     4.999     0.000     2.497    -6.528   129.030   250.297  1024.060   399.525    31.258    10.002     0.020   166.865
       386   250.311     5.003     0.000     2.501    -6.529   129.212   250.311  1024.060   399.503    31.258    10.002     0.020   166.874
       387   250.324     5.007     0.000     2.505    -6.529   129.393   250.324  1024.060   399.482    31.258    10.002     0.020   166.883
       388   250.336     5.011     0.000     2.508    -6.529   129.575   250.336  1024.060   399.463    31.258    10.002     0.020   166.891
       389   250.347     5.014     0.000     2.512    -6.530   129.756   250.347  1024.060   399.445    31.258    10.002     0.020   166.898
       390   250.358     5.018     0.000     2.515    -6.530   129.936   250.358  1024.060   399.429    31.258    10.002     0.020   166.905
       391   250.367     5.021     0.000     2.519    -6.530   130.117   250.367  1024.060   399.413    31.258    10.002     0.020   166.911
       392   250.376     5.023     0.000     2.523    -6.530   130.297   250.376  1024.060   399.399    31.258    10.002     0.020   166.917
       393   250.384     5.026     0.000     2.526    -6.530   130.477   250.384  1024.060   399.387    31.258    10.002     0.020   166.923
       394   250.391     5.028     0.000     2.530    -6.531   130.657   250.391  1024.060   399.375    31.258    10.002     0.020   166.927
       395   250.397     5.030     0.000     2.533    -6.531   130.836   250.397  1024.060   399.365    31.258    10.002     0.020   166.932
       396   250.403     5.032     0.000     2.537    -6.531   131.016   250.403  1024.060   399.356    31.258    10.002     0.020   166.935
       397   250.408     5.033     0.000     2.540    -6.531   131.195   250.408  1024.060   399.349    31.258    10.002     0.020   166.938
       398   250.412     5.034     0.000     2.544    -6.531   131.374   250.412  1024.060   399.343    31.258    10.002     0.020   166.941
       399   250.415     5.035     0.000     2.548    -6.531   131.553   250.415  1024.060   399.338    31.258    10.002     0.020   166.943
---------------------- Local maximum rise or fall --------------------
       400   250.417     5.036     0.000     2.551    -6.531   131.732   250.417  1024.060   399.334    31.258    10.002     0.020   166.945
       401   250.419     5.036     0.000     2.555    -6.531   131.911   250.419  1024.060   399.331    31.258    10.002     0.020   166.946
       402   250.420     5.036     0.000     2.558    -6.531   132.091   250.420  1024.060   399.330    31.258    10.002     0.020   166.946
       403   250.420     5.036     0.000     2.562    -6.531   132.270   250.420  1024.060   399.329    31.258    10.002     0.020   166.947
       404   250.421     5.036     0.000     2.565    -6.531   132.449   250.421  1024.060   399.328    31.258    10.002     0.020   166.947
       405   250.421     5.035     0.000     2.569    -6.531   132.628   250.421  1024.060   399.327    31.258    10.002     0.020   166.947
       406   250.422     5.034     0.000     2.573    -6.530   132.807   250.422  1024.060   399.326    31.258    10.002     0.020   166.948
       407   250.423     5.033     0.000     2.576    -6.530   132.987   250.423  1024.060   399.325    31.258    10.002     0.020   166.948
       408   250.424     5.031     0.000     2.580    -6.530   133.167   250.424  1024.060   399.323    31.258    10.001     0.020   166.949
       409   250.425     5.030     0.000     2.583    -6.530   133.346   250.425  1024.060   399.322    31.258    10.001     0.020   166.950
       410   250.426     5.028     0.000     2.587    -6.530   133.526   250.426  1024.060   399.320    31.258    10.001     0.020   166.951
       411   250.427     5.026     0.000     2.590    -6.529   133.707   250.427  1024.060   399.318    31.258    10.001     0.020   166.951
       412   250.429     5.024     0.000     2.594    -6.529   133.887   250.429  1024.060   399.315    31.258    10.001     0.020   166.952
       413   250.430     5.021     0.000     2.598    -6.529   134.068   250.430  1024.060   399.313    31.258    10.001     0.020   166.953
       414   250.432     5.018     0.000     2.601    -6.528   134.249   250.432  1024.060   399.310    31.258    10.001     0.020   166.955
       415   250.434     5.015     0.000     2.605    -6.528   134.430   250.434  1024.060   399.307    31.258    10.001     0.020   166.956
       416   250.436     5.012     0.000     2.609    -6.527   134.612   250.436  1024.060   399.304    31.258    10.001     0.020   166.957
       417   250.438     5.008     0.000     2.612    -6.527   134.794   250.438  1024.060   399.300    31.258    10.001     0.020   166.959
       418   250.440     5.004     0.000     2.616    -6.527   134.977   250.440  1024.060   399.297    31.258    10.001     0.020   166.960
       419   250.443     5.000     0.000     2.619    -6.526   135.160   250.443  1024.060   399.293    31.258    10.001     0.020   166.962
       420   250.445     4.996     0.000     2.623    -6.526   135.343   250.445  1024.060   399.289    31.258    10.001     0.020   166.964
       421   250.448     4.991     0.000     2.627    -6.525   135.527   250.448  1024.060   399.284    31.258    10.001     0.020   166.965
       422   250.451     4.987     0.000     2.630    -6.524   135.712   250.451  1024.060   399.280    31.258    10.001     0.020   166.967
       423   250.454     4.982     0.000     2.634    -6.524   135.897   250.454  1024.060   399.275    31.258    10.001     0.020   166.969
       424   250.458     4.976     0.000     2.638    -6.523   136.083   250.458  1024.060   399.269    31.258    10.001     0.020   166.972
       425   250.461     4.971     0.000     2.642    -6.523   136.269   250.461  1024.060   399.264    31.258    10.001     0.020   166.974
       426   250.465     4.965     0.000     2.645    -6.522   136.456   250.465  1024.060   399.258    31.258    10.001     0.020   166.976
       427   250.468     4.959     0.000     2.649    -6.521   136.644   250.468  1024.060   399.252    31.258    10.001     0.020   166.979
       428   250.473     4.953     0.000     2.653    -6.520   136.832   250.473  1024.060   399.245    31.258    10.001     0.020   166.982
       429   250.477     4.947     0.000     2.657    -6.520   137.021   250.477  1024.060   399.239    31.258    10.001     0.020   166.984
       430   250.481     4.940     0.000     2.660    -6.519   137.211   250.481  1024.060   399.232    31.258    10.001     0.020   166.987
       431   250.486     4.933     0.000     2.664    -6.518   137.402   250.486  1024.060   399.224    31.258    10.001     0.020   166.991
       432   250.491     4.926     0.000     2.668    -6.517   137.594   250.491  1024.060   399.216    31.258    10.001     0.020   166.994
       433   250.496     4.919     0.000     2.672    -6.516   137.786   250.496  1024.060   399.208    31.258    10.001     0.020   166.997
       434   250.501     4.911     0.000     2.676    -6.515   137.979   250.501  1024.060   399.200    31.258    10.001     0.020   167.001
       435   250.507     4.903     0.000     2.679    -6.514   138.174   250.507  1024.060   399.191    31.258    10.001     0.020   167.004
       436   250.512     4.895     0.000     2.683    -6.513   138.369   250.512  1024.060   399.182    31.258    10.001     0.020   167.008
       437   250.519     4.887     0.000     2.687    -6.512   138.566   250.519  1024.060   399.172    31.258    10.001     0.020   167.012
       438   250.525     4.878     0.000     2.691    -6.511   138.763   250.525  1024.060   399.162    31.258    10.001     0.020   167.017
       439   250.531     4.870     0.000     2.695    -6.510   138.962   250.531  1024.060   399.151    31.258    10.001     0.020   167.021
       440   250.538     4.861     0.000     2.699    -6.509   139.161   250.538  1024.060   399.140    31.258    10.001     0.020   167.026
       441   250.546     4.851     0.000     2.703    -6.508   139.362   250.546  1024.060   399.129    31.258    10.001     0.020   167.030
       442   250.553     4.842     0.000     2.707    -6.506   139.564   250.553  1024.060   399.117    31.258    10.001     0.020   167.035
       443   250.561     4.832     0.000     2.711    -6.505   139.768   250.561  1024.060   399.104    31.258    10.001     0.020   167.041
       444   250.569     4.823     0.000     2.715    -6.504   139.972   250.569  1024.060   399.091    31.258    10.001     0.020   167.046
       445   250.578     4.812     0.000     2.719    -6.503   140.179   250.578  1024.060   399.078    31.258    10.001     0.020   167.052
       446   250.587     4.802     0.000     2.724    -6.501   140.386   250.587  1024.060   399.063    31.258    10.001     0.020   167.058
       447   250.596     4.792     0.000     2.728    -6.500   140.595   250.596  1024.060   399.049    31.258    10.001     0.020   167.064
       448   250.606     4.781     0.000     2.732    -6.498   140.806   250.606  1024.060   399.033    31.258    10.001     0.020   167.070
       449   250.616     4.770     0.000     2.736    -6.497   141.018   250.616  1024.060   399.017    31.258    10.001     0.020   167.077
       450   250.626     4.759     0.000     2.740    -6.495   141.232   250.626  1024.060   399.000    31.258    10.001     0.020   167.084
       451   250.638     4.747     0.000     2.745    -6.494   141.447   250.638  1024.060   398.983    31.258    10.001     0.020   167.092
       452   250.649     4.735     0.000     2.749    -6.492   141.664   250.649  1024.060   398.964    31.258    10.001     0.020   167.099
       453   250.661     4.724     0.000     2.753    -6.490   141.883   250.661  1024.060   398.945    31.258    10.001     0.020   167.107
       454   250.674     4.712     0.000     2.758    -6.489   142.104   250.674  1024.060   398.925    31.258    10.001     0.020   167.116
       455   250.687     4.699     0.000     2.762    -6.487   142.327   250.687  1024.060   398.904    31.258    10.001     0.020   167.125
       456   250.701     4.687     0.000     2.767    -6.485   142.552   250.701  1024.060   398.882    31.258    10.001     0.020   167.134
       457   250.715     4.674     0.000     2.771    -6.483   142.778   250.715  1024.060   398.859    31.258    10.001     0.020   167.143
       458   250.730     4.661     0.000     2.776    -6.481   143.007   250.730  1024.060   398.835    31.258    10.001     0.020   167.153
       459   250.746     4.648     0.000     2.780    -6.479   143.239   250.746  1024.060   398.810    31.258    10.001     0.020   167.164
       460   250.762     4.635     0.000     2.785    -6.477   143.472   250.762  1024.060   398.784    31.258    10.001     0.020   167.175
       461   250.779     4.621     0.000     2.790    -6.475   143.708   250.779  1024.060   398.757    31.258    10.001     0.020   167.186
       462   250.797     4.607     0.000     2.794    -6.473   143.946   250.797  1024.060   398.728    31.258    10.001     0.020   167.198
       463   250.816     4.593     0.000     2.799    -6.470   144.187   250.816  1024.060   398.698    31.258    10.001     0.020   167.211
       464   250.836     4.579     0.000     2.804    -6.468   144.431   250.836  1024.060   398.667    31.258    10.001     0.020   167.224
       465   250.857     4.565     0.000     2.809    -6.466   144.677   250.857  1024.060   398.634    31.258    10.001     0.020   167.238
       466   250.879     4.550     0.000     2.814    -6.463   144.926   250.879  1024.060   398.599    31.258    10.001     0.020   167.252
       467   250.901     4.535     0.000     2.819    -6.461   145.178   250.901  1024.060   398.563    31.258    10.001     0.020   167.268
       468   250.925     4.520     0.000     2.824    -6.458   145.433   250.925  1024.060   398.525    31.258    10.001     0.020   167.284
       469   250.951     4.505     0.000     2.829    -6.455   145.691   250.951  1024.060   398.485    31.258    10.001     0.020   167.300
       470   250.977     4.490     0.000     2.834    -6.453   145.953   250.977  1024.060   398.443    31.258    10.001     0.020   167.318
       471   251.005     4.474     0.000     2.840    -6.450   146.218   251.005  1024.060   398.399    31.258    10.001     0.020   167.337
       472   251.034     4.459     0.000     2.845    -6.447   146.486   251.034  1024.060   398.352    31.258    10.001     0.020   167.356
       473   251.065     4.443     0.000     2.850    -6.444   146.758   251.065  1024.060   398.303    31.258    10.001     0.020   167.377
       474   251.098     4.427     0.000     2.856    -6.441   147.034   251.098  1024.060   398.252    31.258    10.001     0.020   167.398
       475   251.132     4.410     0.000     2.862    -6.437   147.314   251.132  1024.060   398.197    31.258    10.001     0.020   167.421
       476   251.168     4.394     0.000     2.867    -6.434   147.598   251.168  1024.060   398.140    31.258    10.000     0.020   167.445
       477   251.206     4.377     0.000     2.873    -6.431   147.887   251.206  1024.060   398.079    31.258    10.000     0.020   167.471
       478   251.247     4.361     0.000     2.879    -6.427   148.180   251.247  1024.060   398.015    31.258    10.000     0.020   167.498
       479   251.289     4.344     0.000     2.885    -6.423   148.478   251.289  1024.060   397.947    31.258    10.000     0.020   167.526
       480   251.335     4.327     0.000     2.891    -6.420   148.780   251.335  1024.060   397.876    31.258    10.000     0.020   167.557
       481   251.383     4.309     0.000     2.897    -6.416   149.088   251.383  1024.060   397.800    31.258    10.000     0.020   167.589
       482   251.434     4.292     0.000     2.903    -6.412   149.402   251.434  1024.060   397.719    31.258    10.000     0.020   167.623
       483   251.488     4.274     0.000     2.910    -6.408   149.721   251.488  1024.060   397.633    31.258    10.000     0.020   167.659
       484   251.546     4.257     0.000     2.916    -6.403   150.046   251.546  1024.060   397.542    31.258    10.000     0.020   167.697
       485   251.607     4.239     0.000     2.923    -6.399   150.377   251.607  1024.060   397.446    31.258    10.000     0.020   167.738
       486   251.672     4.221     0.000     2.929    -6.394   150.715   251.672  1024.060   397.342    31.258    10.000     0.020   167.781
       487   251.742     4.203     0.000     2.936    -6.390   151.060   251.742  1024.060   397.232    31.258    10.000     0.020   167.828
       488   251.817     4.184     0.000     2.943    -6.385   151.412   251.817  1024.060   397.114    31.258    10.000     0.020   167.878
       489   251.896     4.166     0.000     2.950    -6.380   151.772   251.896  1024.060   396.989    31.258     9.999     0.020   167.931
       490   251.982     4.148     0.000     2.958    -6.374   152.140   251.982  1024.060   396.854    31.258     9.999     0.020   167.988
       491   252.074     4.129     0.000     2.965    -6.369   152.517   252.074  1024.060   396.709    31.258     9.999     0.020   168.049
       492   252.173     4.110     0.000     2.973    -6.363   152.903   252.173  1024.060   396.553    31.258     9.999     0.020   168.115
       493   252.280     4.092     0.000     2.981    -6.357   153.300   252.280  1024.060   396.385    31.258     9.999     0.020   168.187
       494   252.395     4.073     0.000     2.989    -6.351   153.706   252.395  1024.060   396.204    31.258     9.999     0.020   168.264
       495   252.520     4.054     0.000     2.997    -6.344   154.124   252.520  1024.060   396.008    31.258     9.999     0.020   168.347
       496   252.656     4.035     0.000     3.006    -6.338   154.555   252.656  1024.060   395.795    31.258     9.998     0.020   168.437
       497   252.804     4.016     0.000     3.015    -6.331   154.998   252.804  1024.060   395.563    31.258     9.998     0.020   168.536
       498   252.966     3.998     0.000     3.024    -6.323   155.456   252.966  1024.060   395.311    31.258     9.998     0.020   168.644
       499   253.143     3.979     0.000     3.033    -6.315   155.930   253.143  1024.060   395.034    31.258     9.998     0.020   168.762
       500   253.338     3.960     0.000     3.043    -6.307   156.420   253.338  1024.060   394.730    31.258     9.998     0.020   168.892
       501   253.553     3.941     0.000     3.053    -6.299   156.929   253.553  1024.060   394.395    31.258     9.997     0.020   169.035
       502   253.792     3.923     0.000     3.064    -6.290   157.459   253.792  1024.061   394.023    31.258     9.997     0.020   169.195
       503   254.059     3.905     0.000     3.075    -6.280   158.012   254.059  1024.061   393.609    31.258     9.997     0.020   169.373
       504   254.359     3.887     0.000     3.086    -6.270   158.591   254.359  1024.061   393.145    31.258     9.996     0.020   169.573
       505   254.699     3.869     0.000     3.098    -6.259   159.200   254.699  1024.061   392.620    31.258     9.996     0.020   169.800
       506   255.088     3.852     0.000     3.111    -6.248   159.842   255.088  1024.061   392.022    31.258     9.995     0.020   170.059
       507   255.537     3.836     0.000     3.125    -6.235   160.525   255.537  1024.061   391.333    31.258     9.995     0.020   170.358
       508   256.063     3.820     0.000     3.139    -6.222   161.254   256.063  1024.061   390.529    31.258     9.994     0.020   170.709
       509   256.691     3.806     0.000     3.155    -6.207   162.042   256.691  1024.061   389.574    31.258     9.993     0.020   171.127
       510   257.457     3.793     0.000     3.172    -6.191   162.901   257.457  1024.061   388.415    31.258     9.992     0.020   171.638
       511   258.424     3.782     0.000     3.191    -6.172   163.856   258.424  1024.061   386.961    31.258     9.991     0.020   172.283
       512   259.554     3.774     0.000     3.213    -6.151   164.943   259.554  1024.061   385.277    31.258     9.990     0.020   173.036
       513   260.851     3.768     0.000     3.237    -6.127   166.175   260.851  1024.062   383.361    31.257     9.988     0.020   173.900
       514   262.375     3.765     0.000     3.266    -6.099   167.604   262.375  1024.062   381.133    31.257     9.986     0.020   174.917
       515   264.250     3.766     0.000     3.300    -6.064   169.340   264.250  1024.062   378.429    31.257     9.984     0.020   176.167
       516   266.753     3.774     0.000     3.346    -6.018   171.608   266.753  1024.062   374.879    31.257     9.981     0.020   177.835
       517   270.824     3.798     0.000     3.415    -5.947   175.097   270.824  1024.062   369.243    31.256     9.977     0.020   180.549
       518   276.241     3.843     0.000     3.503    -5.858   179.501   276.241  1024.062   362.003    31.255     9.971     0.020   184.160
       519   281.765     3.913     0.000     3.589    -5.772   183.818   281.765  1024.062   354.905    31.254     9.966     0.020   187.844
---------------------------- Plume traps -----------------------------
       520   286.245     3.998     0.000     3.654    -5.708   187.101   286.245  1024.062   349.351    31.253     9.962     0.020   190.830
-------------------- Starting Farfield Calculations --------------------
Farfield dispersion based on wastefield width of :      16.00 (m)
4/3 Power Law based Eddy Diffusivity is used:
  Dilution     Width  Distance      Time    Bckgrd     Conc.
        ()       (m)       (m)    (hrs.)    (mg/L)    (mg/L)
   286.245    16.007     3.654     0.000     0.000   349.351
   286.245    16.164     4.000     0.005     0.000   353.017
   286.245    16.621     5.000     0.019     0.000   353.017
   286.246    17.082     6.000     0.033     0.000   353.017
   286.280    17.548     7.000     0.047     0.000   353.017
   286.483    18.018     8.000     0.061     0.000   352.843
   287.053    18.492     9.000     0.075     0.000   352.843
   288.138    18.970    10.000     0.088     0.000   352.843
   289.805    19.452    11.000     0.102     0.000   352.843
   292.053    19.938    12.000     0.116     0.000   346.857
   294.847    20.428    13.000     0.130     0.000   346.857
   298.136    20.922    14.000     0.144     0.000   346.857
   301.865    21.420    15.000     0.158     0.000   346.857
   305.982    21.922    16.000     0.172     0.000   331.434
   310.440    22.428    17.000     0.186     0.000   331.434
   315.198    22.937    18.000     0.200     0.000   331.434
   320.219    23.450    19.000     0.213     0.000   331.434
   325.475    23.968    20.000     0.227     0.000   311.572
   330.940    24.488    21.000     0.241     0.000   311.572
   336.591    25.013    22.000     0.255     0.000   311.572
   342.410    25.541    23.000     0.269     0.000   311.572
   348.382    26.073    24.000     0.283     0.000   290.915
   354.493    26.609    25.000     0.297     0.000   290.915
   360.731    27.148    26.000     0.311     0.000   290.915
   367.087    27.691    27.000     0.325     0.000   290.915
   373.551    28.237    28.000     0.338     0.000   271.099
   380.117    28.787    29.000     0.352     0.000   271.099
   386.777    29.340    30.000     0.366     0.000   271.099
   393.527    29.897    31.000     0.380     0.000   271.099
   400.361    30.458    32.000     0.394     0.000   252.730
   407.275    31.021    33.000     0.408     0.000   252.730
   414.265    31.589    34.000     0.422     0.000   252.730
   421.328    32.159    35.000     0.436     0.000   252.730
   428.461    32.734    36.000     0.450     0.000   235.958
   435.660    33.311    37.000     0.463     0.000   235.958
   442.924    33.892    38.000     0.477     0.000   235.958
   450.250    34.476    39.000     0.491     0.000   235.958
   457.636    35.064    40.000     0.505     0.000   220.740
   465.081    35.654    41.000     0.519     0.000   220.740
   472.582    36.248    42.000     0.533     0.000   220.740
   480.140    36.846    43.000     0.547     0.000   220.740
   487.751    37.446    44.000     0.561     0.000   206.957
   495.415    38.050    45.000     0.575     0.000   206.957
   503.131    38.657    46.000     0.588     0.000   206.957
   510.897    39.267    47.000     0.602     0.000   206.957
   518.714    39.881    48.000     0.616     0.000   194.469
   526.579    40.497    49.000     0.630     0.000   194.469
   534.492    41.117    50.000     0.644     0.000   194.469
   542.453    41.740    51.000     0.658     0.000   194.469
   550.460    42.366    52.000     0.672     0.000   183.136
   558.513    42.995    53.000     0.686     0.000   183.136
   566.611    43.627    54.000     0.700     0.000   183.136
   574.754    44.262    55.000     0.713     0.000   183.136
   582.942    44.900    56.000     0.727     0.000   172.830
   591.173    45.542    57.000     0.741     0.000   172.830
   599.447    46.186    58.000     0.755     0.000   172.830
   607.764    46.833    59.000     0.769     0.000   172.830
   616.123    47.484    60.000     0.783     0.000   163.433
   624.524    48.137    61.000     0.797     0.000   163.433
   632.967    48.793    62.000     0.811     0.000   163.433
   641.451    49.452    63.000     0.825     0.000   163.433
   649.975    50.115    64.000     0.838     0.000   154.842
   658.540    50.780    65.000     0.852     0.000   154.842
   667.145    51.448    66.000     0.866     0.000   154.842
   675.790    52.119    67.000     0.880     0.000   154.842
   684.475    52.792    68.000     0.894     0.000   146.969
   693.199    53.469    69.000     0.908     0.000   146.969
   701.961    54.149    70.000     0.922     0.000   146.969
   710.763    54.831    71.000     0.936     0.000   146.969
   719.603    55.516    72.000     0.950     0.000   139.734
   728.481    56.204    73.000     0.963     0.000   139.734
   737.397    56.895    74.000     0.977     0.000   139.734
   746.351    57.589    75.000     0.991     0.000   139.734
   755.342    58.286    76.000     1.005     0.000   133.068
   764.370    58.985    77.000     1.019     0.000   133.068
   773.436    59.687    78.000     1.033     0.000   133.068
   782.539    60.392    79.000     1.047     0.000   133.068
   791.678    61.099    80.000     1.061     0.000   126.913
   800.853    61.810    81.000     1.075     0.000   126.913
   810.065    62.523    82.000     1.088     0.000   126.913
   819.313    63.238    83.000     1.102     0.000   126.913
   828.597    63.957    84.000     1.116     0.000   121.216
   837.917    64.678    85.000     1.130     0.000   121.216
   847.273    65.402    86.000     1.144     0.000   121.216
   856.663    66.129    87.000     1.158     0.000   121.216
   866.089    66.858    88.000     1.172     0.000   115.930
   875.551    67.590    89.000     1.186     0.000   115.930
   885.047    68.324    90.000     1.200     0.000   115.930
   894.577    69.061    91.000     1.213     0.000   115.930
   904.143    69.801    92.000     1.227     0.000   111.017
   913.743    70.544    93.000     1.241     0.000   111.017
   923.377    71.289    94.000     1.255     0.000   111.017
   933.046    72.036    95.000     1.269     0.000   111.017
   942.748    72.787    96.000     1.283     0.000   106.440
   952.485    73.539    97.000     1.297     0.000   106.440
   962.255    74.295    98.000     1.311     0.000   106.440
   972.059    75.053    99.000     1.325     0.000   106.440
   981.897    75.813   100.000     1.338     0.000   102.168
   991.768    76.577   101.000     1.352     0.000   102.168
  1001.672    77.342   102.000     1.366     0.000   102.168
  1011.609    78.110   103.000     1.380     0.000   102.168
  1021.580    78.881   104.000     1.394     0.000    98.174
  1031.583    79.654   105.000     1.408     0.000    98.174
  1041.619    80.430   106.000     1.422     0.000    98.174
  1051.688    81.208   107.000     1.436     0.000    98.174
  1061.789    81.989   108.000     1.450     0.000    98.174
  1071.923    82.772   109.000     1.463     0.000    94.433
  1082.089    83.558   110.000     1.477     0.000    94.433
  1092.287    84.346   111.000     1.491     0.000    94.433
  1102.518    85.137   112.000     1.505     0.000    94.433
  1112.780    85.930   113.000     1.519     0.000    90.924
  1123.074    86.725   114.000     1.533     0.000    90.924
  1133.400    87.523   115.000     1.547     0.000    90.924
  1143.758    88.324   116.000     1.561     0.000    90.924
  1154.147    89.126   117.000     1.575     0.000    87.626
  1164.568    89.932   118.000     1.588     0.000    87.626
  1175.020    90.739   119.000     1.602     0.000    87.626
  1185.504    91.549   120.000     1.616     0.000    87.626
  1196.019    92.362   121.000     1.630     0.000    84.523
  1206.564    93.177   122.000     1.644     0.000    84.523
  1217.141    93.994   123.000     1.658     0.000    84.523
  1227.749    94.814   124.000     1.672     0.000    84.523
  1238.387    95.635   125.000     1.686     0.000    81.599
  1249.056    96.460   126.000     1.700     0.000    81.599
  1259.756    97.287   127.000     1.713     0.000    81.599
  1270.486    98.116   128.000     1.727     0.000    81.599
  1281.247    98.947   129.000     1.741     0.000    78.840
  1292.038    99.781   130.000     1.755     0.000    78.840
  1302.859   100.617   131.000     1.769     0.000    78.840
  1313.711   101.455   132.000     1.783     0.000    78.840
  1324.592   102.296   133.000     1.797     0.000    76.232
  1335.504   103.139   134.000     1.811     0.000    76.232
  1346.445   103.984   135.000     1.825     0.000    76.232
  1357.416   104.832   136.000     1.838     0.000    76.232
  1368.417   105.681   137.000     1.852     0.000    73.765
  1379.448   106.534   138.000     1.866     0.000    73.765
  1390.508   107.388   139.000     1.880     0.000    73.765
  1401.598   108.245   140.000     1.894     0.000    73.765
  1412.717   109.104   141.000     1.908     0.000    71.429
  1423.866   109.965   142.000     1.922     0.000    71.429
  1435.043   110.828   143.000     1.936     0.000    71.429
  1446.250   111.694   144.000     1.950     0.000    71.429
  1457.486   112.562   145.000     1.963     0.000    69.213
  1468.751   113.432   146.000     1.977     0.000    69.213
  1480.045   114.305   147.000     1.991     0.000    69.213
  1491.368   115.179   148.000     2.005     0.000    69.213
  1502.720   116.056   149.000     2.019     0.000    67.109
  1514.100   116.935   150.000     2.033     0.000    67.109
  1525.509   117.817   151.000     2.047     0.000    67.109
  1536.947   118.700   152.000     2.061     0.000    67.109
  1548.413   119.586   153.000     2.075     0.000    65.110
  1559.907   120.474   154.000     2.088     0.000    65.110
  1571.430   121.364   155.000     2.102     0.000    65.110
  1582.981   122.256   156.000     2.116     0.000    65.110
  1594.561   123.151   157.000     2.130     0.000    63.208
  1606.168   124.047   158.000     2.144     0.000    63.208
  1617.804   124.946   159.000     2.158     0.000    63.208
  1629.467   125.847   160.000     2.172     0.000    63.208
  1641.159   126.750   161.000     2.186     0.000    61.397
  1652.878   127.656   162.000     2.200     0.000    61.397
  1664.625   128.563   163.000     2.213     0.000    61.397
  1676.400   129.472   164.000     2.227     0.000    61.397
  1688.203   130.384   165.000     2.241     0.000    59.671
  1700.033   131.298   166.000     2.255     0.000    59.671
  1711.891   132.214   167.000     2.269     0.000    59.671
  1723.776   133.132   168.000     2.283     0.000    59.671
  1735.689   134.052   169.000     2.297     0.000    58.024
  1747.629   134.974   170.000     2.311     0.000    58.024
  1759.596   135.899   171.000     2.325     0.000    58.024
  1771.591   136.825   172.000     2.338     0.000    58.024
  1783.613   137.754   173.000     2.352     0.000    56.452
  1795.661   138.684   174.000     2.366     0.000    56.452
  1807.737   139.617   175.000     2.380     0.000    56.452
  1819.840   140.552   176.000     2.394     0.000    56.452
  1831.970   141.489   177.000     2.408     0.000    54.949
  1844.126   142.428   178.000     2.422     0.000    54.949
  1856.310   143.369   179.000     2.436     0.000    54.949
  1868.520   144.312   180.000     2.450     0.000    54.949
  1880.757   145.257   181.000     2.463     0.000    53.512
  1893.020   146.205   182.000     2.477     0.000    53.512
  1905.310   147.154   183.000     2.491     0.000    53.512
  1917.627   148.105   184.000     2.505     0.000    53.512
  1929.970   149.059   185.000     2.519     0.000    52.136
  1942.339   150.014   186.000     2.533     0.000    52.136
  1954.735   150.971   187.000     2.547     0.000    52.136
  1967.157   151.931   188.000     2.561     0.000    52.136
  1979.605   152.892   189.000     2.575     0.000    50.819
  1992.079   153.856   190.000     2.588     0.000    50.819
  2004.579   154.821   191.000     2.602     0.000    50.819
  2017.106   155.789   192.000     2.616     0.000    50.819
  2029.658   156.758   193.000     2.630     0.000    49.556
  2042.237   157.730   194.000     2.644     0.000    49.556
  2054.841   158.704   195.000     2.658     0.000    49.556
  2067.471   159.679   196.000     2.672     0.000    49.556
  2080.127   160.657   197.000     2.686     0.000    48.344
  2092.809   161.636   198.000     2.700     0.000    48.344
  2105.517   162.618   199.000     2.713     0.000    48.344
  2118.250   163.601   200.000     2.727     0.000    48.344
  2131.008   164.587   201.000     2.741     0.000    47.181
  2143.792   165.574   202.000     2.755     0.000    47.181
  2156.602   166.563   203.000     2.769     0.000    47.181
  2169.437   167.555   204.000     2.783     0.000    47.181
  2182.297   168.548   205.000     2.797     0.000    46.064
  2195.183   169.543   206.000     2.811     0.000    46.064
............................. Reached Chronic Mixing Zone ..........................
  2208.094   170.541   207.000     2.825     0.000    46.064
  2221.030   171.540   208.000     2.838     0.000    46.064
  2233.992   172.541   209.000     2.852     0.000    44.990
  2246.978   173.544   210.000     2.866     0.000    44.990
  2259.990   174.549   211.000     2.880     0.000    44.990
  2273.026   175.556   212.000     2.894     0.000    44.990
  2286.088   176.565   213.000     2.908     0.000    43.958
  2299.175   177.575   214.000     2.922     0.000    43.958
  2312.286   178.588   215.000     2.936     0.000    43.958
  2325.422   179.603   216.000     2.950     0.000    43.958
  2338.583   180.619   217.000     2.963     0.000    42.964
  2351.769   181.638   218.000     2.977     0.000    42.964
  2364.980   182.658   219.000     2.991     0.000    42.964
  2378.215   183.680   220.000     3.005     0.000    42.964
  2391.475   184.704   221.000     3.019     0.000    42.007
  2404.759   185.730   222.000     3.033     0.000    42.007
  2418.068   186.758   223.000     3.047     0.000    42.007
  2431.401   187.788   224.000     3.061     0.000    42.007
  2444.759   188.820   225.000     3.075     0.000    41.086
  2458.141   189.853   226.000     3.088     0.000    41.086
  2471.547   190.889   227.000     3.102     0.000    41.086
  2484.978   191.926   228.000     3.116     0.000    41.086
  2498.433   192.966   229.000     3.130     0.000    40.197
  2511.912   194.007   230.000     3.144     0.000    40.197
  2525.416   195.050   231.000     3.158     0.000    40.197
  2538.943   196.094   232.000     3.172     0.000    40.197
  2552.495   197.141   233.000     3.186     0.000    39.340
  2566.070   198.190   234.000     3.200     0.000    39.340
  2579.670   199.240   235.000     3.213     0.000    39.340
  2593.293   200.292   236.000     3.227     0.000    39.340
  2606.941   201.346   237.000     3.241     0.000    38.513
  2620.612   202.402   238.000     3.255     0.000    38.513
  2634.307   203.460   239.000     3.269     0.000    38.513
  2648.026   204.520   240.000     3.283     0.000    38.513
  2661.769   205.581   241.000     3.297     0.000    37.715
  2675.535   206.644   242.000     3.311     0.000    37.715
  2689.325   207.709   243.000     3.325     0.000    37.715
  2703.138   208.776   244.000     3.338     0.000    37.715
  2716.976   209.845   245.000     3.352     0.000    36.944
  2730.836   210.916   246.000     3.366     0.000    36.944
  2744.720   211.988   247.000     3.380     0.000    36.944
  2758.628   213.062   248.000     3.394     0.000    36.944
  2772.559   214.138   249.000     3.408     0.000    36.198
  2786.514   215.216   250.000     3.422     0.000    36.198
  2800.491   216.295   251.000     3.436     0.000    36.198
  2814.492   217.377   252.000     3.450     0.000    36.198
  2828.517   218.460   253.000     3.463     0.000    35.478
  2842.564   219.545   254.000     3.477     0.000    35.478
  2856.635   220.632   255.000     3.491     0.000    35.478
  2870.729   221.720   256.000     3.505     0.000    35.478
  2884.846   222.811   257.000     3.519     0.000    34.781
  2898.986   223.903   258.000     3.533     0.000    34.781
  2913.149   224.997   259.000     3.547     0.000    34.781
  2927.335   226.092   260.000     3.561     0.000    34.781
  2941.544   227.190   261.000     3.575     0.000    34.106
  2955.776   228.289   262.000     3.588     0.000    34.106
  2970.031   229.390   263.000     3.602     0.000    34.106
  2984.309   230.493   264.000     3.616     0.000    34.106
  2998.609   231.597   265.000     3.630     0.000    33.454
  3012.932   232.704   266.000     3.644     0.000    33.454
  3027.278   233.812   267.000     3.658     0.000    33.454
  3041.647   234.921   268.000     3.672     0.000    33.454
  3056.038   236.033   269.000     3.686     0.000    32.821
  3070.452   237.146   270.000     3.700     0.000    32.821
  3084.889   238.261   271.000     3.713     0.000    32.821
  3099.348   239.378   272.000     3.727     0.000    32.821
  3113.830   240.497   273.000     3.741     0.000    32.209
  3128.334   241.617   274.000     3.755     0.000    32.209
  3142.861   242.739   275.000     3.769     0.000    32.209
  3157.410   243.862   276.000     3.783     0.000    32.209
  3171.981   244.988   277.000     3.797     0.000    31.615
  3186.575   246.115   278.000     3.811     0.000    31.615
  3201.191   247.244   279.000     3.825     0.000    31.615
  3215.829   248.375   280.000     3.838     0.000    31.615
  3230.490   249.507   281.000     3.852     0.000    31.039
  3245.172   250.641   282.000     3.866     0.000    31.039
  3259.877   251.777   283.000     3.880     0.000    31.039
  3274.605   252.914   284.000     3.894     0.000    31.039
  3289.354   254.053   285.000     3.908     0.000    30.481
  3304.125   255.194   286.000     3.922     0.000    30.481
  3318.919   256.337   287.000     3.936     0.000    30.481
  3333.734   257.481   288.000     3.950     0.000    30.481
  3348.571   258.627   289.000     3.963     0.000    29.939
  3363.431   259.775   290.000     3.977     0.000    29.939
  3378.312   260.924   291.000     3.991     0.000    29.939
  3393.215   262.075   292.000     4.005     0.000    29.939
  3408.140   263.228   293.000     4.019     0.000    29.413
  3423.087   264.382   294.000     4.033     0.000    29.413
  3438.055   265.538   295.000     4.047     0.000    29.413
  3453.046   266.696   296.000     4.061     0.000    29.413
  3468.058   267.856   297.000     4.075     0.000    28.902
  3483.091   269.017   298.000     4.088     0.000    28.902
  3498.147   270.180   299.000     4.102     0.000    28.902
  3513.224   271.344   300.000     4.116     0.000    28.902
  3528.323   272.510   301.000     4.130     0.000    28.405
  3543.443   273.678   302.000     4.144     0.000    28.405
  3558.585   274.848   303.000     4.158     0.000    28.405
  3573.748   276.019   304.000     4.172     0.000    28.405
  3588.933   277.192   305.000     4.186     0.000    27.923
  3604.139   278.366   306.000     4.200     0.000    27.923
  3619.366   279.542   307.000     4.213     0.000    27.923
  3634.615   280.720   308.000     4.227     0.000    27.923
  3649.886   281.899   309.000     4.241     0.000    27.455
  3665.177   283.080   310.000     4.255     0.000    27.455
  3680.490   284.263   311.000     4.269     0.000    27.455
  3695.825   285.447   312.000     4.283     0.000    27.455
  3711.180   286.633   313.000     4.297     0.000    26.999
  3726.557   287.821   314.000     4.311     0.000    26.999
  3741.955   289.010   315.000     4.325     0.000    26.999
  3757.374   290.201   316.000     4.338     0.000    26.999
  3772.814   291.394   317.000     4.352     0.000    26.556
  3788.275   292.588   318.000     4.366     0.000    26.556
  3803.757   293.784   319.000     4.380     0.000    26.556
  3819.261   294.981   320.000     4.394     0.000    26.556
  3834.785   296.180   321.000     4.408     0.000    26.124
  3850.330   297.381   322.000     4.422     0.000    26.124
  3865.896   298.583   323.000     4.436     0.000    26.124
  3881.484   299.787   324.000     4.450     0.000    26.124
  3897.092   300.992   325.000     4.463     0.000    25.705
  3912.721   302.200   326.000     4.477     0.000    25.705
  3928.370   303.408   327.000     4.491     0.000    25.705
  3944.041   304.619   328.000     4.505     0.000    25.705
  3959.732   305.831   329.000     4.519     0.000    25.296
  3975.445   307.044   330.000     4.533     0.000    25.296
  3991.177   308.259   331.000     4.547     0.000    25.296
  4006.931   309.476   332.000     4.561     0.000    25.296
  4022.705   310.694   333.000     4.575     0.000    24.898
  4038.500   311.914   334.000     4.588     0.000    24.898
  4054.316   313.136   335.000     4.602     0.000    24.898
  4070.152   314.359   336.000     4.616     0.000    24.898
  4086.008   315.584   337.000     4.630     0.000    24.511
  4101.886   316.810   338.000     4.644     0.000    24.511
  4117.783   318.038   339.000     4.658     0.000    24.511
  4133.701   319.267   340.000     4.672     0.000    24.511
  4149.640   320.498   341.000     4.686     0.000    24.133
  4165.599   321.731   342.000     4.700     0.000    24.133
  4181.579   322.965   343.000     4.713     0.000    24.133
  4197.579   324.201   344.000     4.727     0.000    24.133
  4213.599   325.438   345.000     4.741     0.000    23.765
  4229.639   326.677   346.000     4.755     0.000    23.765
  4245.700   327.917   347.000     4.769     0.000    23.765
  4261.781   329.159   348.000     4.783     0.000    23.765
  4277.883   330.403   349.000     4.797     0.000    23.406
  4294.004   331.648   350.000     4.811     0.000    23.406
  4310.146   332.895   351.000     4.825     0.000    23.406
  4326.308   334.143   352.000     4.838     0.000    23.406
  4342.490   335.393   353.000     4.852     0.000    23.057
  4358.693   336.644   354.000     4.866     0.000    23.057
  4374.915   337.897   355.000     4.880     0.000    23.057
  4391.157   339.152   356.000     4.894     0.000    23.057
  4407.420   340.408   357.000     4.908     0.000    22.715
  4423.703   341.666   358.000     4.922     0.000    22.715
  4440.005   342.925   359.000     4.936     0.000    22.715
  4456.328   344.185   360.000     4.950     0.000    22.715
  4472.670   345.448   361.000     4.963     0.000    22.383
  4489.032   346.711   362.000     4.977     0.000    22.383
  4505.415   347.977   363.000     4.991     0.000    22.383
  4521.817   349.243   364.000     5.005     0.000    22.383
  4538.239   350.512   365.000     5.019     0.000    22.058
  4554.681   351.782   366.000     5.033     0.000    22.058
  4571.143   353.053   367.000     5.047     0.000    22.058
  4587.624   354.326   368.000     5.061     0.000    22.058
  4604.125   355.601   369.000     5.075     0.000    21.741
  4620.646   356.877   370.000     5.088     0.000    21.741
  4637.187   358.154   371.000     5.102     0.000    21.741
  4653.747   359.433   372.000     5.116     0.000    21.741
  4670.327   360.714   373.000     5.130     0.000    21.431
  4686.927   361.996   374.000     5.144     0.000    21.431
  4703.546   363.279   375.000     5.158     0.000    21.431
  4720.185   364.565   376.000     5.172     0.000    21.431
  4736.844   365.851   377.000     5.186     0.000    21.129
  4753.522   367.139   378.000     5.200     0.000    21.129
  4770.219   368.429   379.000     5.213     0.000    21.129
  4786.936   369.720   380.000     5.227     0.000    21.129
  4803.673   371.013   381.000     5.241     0.000    20.834
  4820.429   372.307   382.000     5.255     0.000    20.834
  4837.204   373.603   383.000     5.269     0.000    20.834
  4853.999   374.900   384.000     5.283     0.000    20.834
  4870.813   376.198   385.000     5.297     0.000    20.545
  4887.647   377.499   386.000     5.311     0.000    20.545
  4904.500   378.800   387.000     5.325     0.000    20.545
  4921.372   380.103   388.000     5.338     0.000    20.545
  4938.264   381.408   389.000     5.352     0.000    20.264
  4955.175   382.714   390.000     5.366     0.000    20.264
  4972.105   384.022   391.000     5.380     0.000    20.264
  4989.054   385.331   392.000     5.394     0.000    20.264
  5006.023   386.641   393.000     5.408     0.000    19.988
  5023.011   387.953   394.000     5.422     0.000    19.988
  5040.018   389.267   395.000     5.436     0.000    19.988
  5057.044   390.582   396.000     5.450     0.000    19.988
  5074.089   391.898   397.000     5.463     0.000    19.988
  5091.153   393.216   398.000     5.477     0.000    19.719
  5108.237   394.536   399.000     5.491     0.000    19.719
  5125.339   395.857   400.000     5.505     0.000    19.719
  5142.461   397.179   401.000     5.519     0.000    19.719
  5159.601   398.503   402.000     5.533     0.000    19.456
  5176.761   399.828   403.000     5.547     0.000    19.456
  5193.939   401.155   404.000     5.561     0.000    19.456
  5211.137   402.483   405.000     5.575     0.000    19.456
  5228.353   403.813   406.000     5.588     0.000    19.198
  5245.589   405.144   407.000     5.602     0.000    19.198
  5262.843   406.477   408.000     5.616     0.000    19.198
  5280.116   407.811   409.000     5.630     0.000    19.198
  5297.408   409.147   410.000     5.644     0.000    18.947
  5314.719   410.484   411.000     5.658     0.000    18.947
  5332.049   411.822   412.000     5.672     0.000    18.947
  5349.397   413.162   413.000     5.686     0.000    18.947
  5366.764   414.503   414.000     5.700     0.000    18.700
  5384.150   415.846   415.000     5.713     0.000    18.700
  5401.555   417.191   416.000     5.727     0.000    18.700
  5418.978   418.536   417.000     5.741     0.000    18.700
  5436.421   419.883   418.000     5.755     0.000    18.459
  5453.881   421.232   419.000     5.769     0.000    18.459
  5471.361   422.582   420.000     5.783     0.000    18.459
  5488.859   423.933   421.000     5.797     0.000    18.459
  5506.376   425.286   422.000     5.811     0.000    18.223
  5523.911   426.641   423.000     5.825     0.000    18.223
  5541.465   427.996   424.000     5.838     0.000    18.223
  5559.037   429.354   425.000     5.852     0.000    18.223
  5576.628   430.712   426.000     5.866     0.000    17.992
  5594.238   432.072   427.000     5.880     0.000    17.992
  5611.865   433.434   428.000     5.894     0.000    17.992
  5629.512   434.797   429.000     5.908     0.000    17.992
  5647.177   436.161   430.000     5.922     0.000    17.766
  5664.860   437.527   431.000     5.936     0.000    17.766
  5682.562   438.894   432.000     5.950     0.000    17.766
  5700.282   440.263   433.000     5.963     0.000    17.766
  5718.021   441.633   434.000     5.977     0.000    17.545
  5735.778   443.004   435.000     5.991     0.000    17.545
  5753.553   444.377   436.000     6.005     0.000    17.545
  5771.346   445.752   437.000     6.019     0.000    17.545
  5789.158   447.127   438.000     6.033     0.000    17.328
  5806.988   448.504   439.000     6.047     0.000    17.328
  5824.837   449.883   440.000     6.061     0.000    17.328
  5842.703   451.263   441.000     6.075     0.000    17.328
  5860.588   452.644   442.000     6.088     0.000    17.116
  5878.491   454.027   443.000     6.102     0.000    17.116
  5896.413   455.411   444.000     6.116     0.000    17.116
  5914.352   456.797   445.000     6.130     0.000    17.116
  5932.310   458.184   446.000     6.144     0.000    16.908
  5950.286   459.572   447.000     6.158     0.000    16.908
  5968.280   460.962   448.000     6.172     0.000    16.908
  5986.292   462.353   449.000     6.186     0.000    16.908
  6004.322   463.745   450.000     6.200     0.000    16.704
  6022.370   465.139   451.000     6.213     0.000    16.704
  6040.436   466.535   452.000     6.227     0.000    16.704
  6058.520   467.932   453.000     6.241     0.000    16.704
  6076.623   469.330   454.000     6.255     0.000    16.504
  6094.743   470.729   455.000     6.269     0.000    16.504
  6112.881   472.130   456.000     6.283     0.000    16.504
  6131.037   473.532   457.000     6.297     0.000    16.504
  6149.211   474.936   458.000     6.311     0.000    16.308
  6167.403   476.341   459.000     6.325     0.000    16.308
  6185.613   477.748   460.000     6.338     0.000    16.308
  6203.841   479.155   461.000     6.352     0.000    16.308
  6222.087   480.565   462.000     6.366     0.000    16.116
  6240.350   481.975   463.000     6.380     0.000    16.116
  6258.632   483.387   464.000     6.394     0.000    16.116
  6276.931   484.801   465.000     6.408     0.000    16.116
  6295.248   486.215   466.000     6.422     0.000    15.928
  6313.583   487.631   467.000     6.436     0.000    15.928
  6331.935   489.049   468.000     6.450     0.000    15.928
  6350.305   490.468   469.000     6.463     0.000    15.928
  6368.694   491.888   470.000     6.477     0.000    15.743
  6387.099   493.310   471.000     6.491     0.000    15.743
  6405.523   494.732   472.000     6.505     0.000    15.743
  6423.964   496.157   473.000     6.519     0.000    15.743
  6442.423   497.582   474.000     6.533     0.000    15.562
  6460.899   499.009   475.000     6.547     0.000    15.562
  6479.393   500.438   476.000     6.561     0.000    15.562
  6497.905   501.868   477.000     6.575     0.000    15.562
  6516.434   503.299   478.000     6.588     0.000    15.384
  6534.981   504.731   479.000     6.602     0.000    15.384
  6553.545   506.165   480.000     6.616     0.000    15.384
  6572.127   507.600   481.000     6.630     0.000    15.384
  6590.727   509.037   482.000     6.644     0.000    15.210
  6609.344   510.475   483.000     6.658     0.000    15.210
  6627.978   511.914   484.000     6.672     0.000    15.210
  6646.630   513.355   485.000     6.686     0.000    15.210
  6665.300   514.796   486.000     6.700     0.000    15.039
  6683.986   516.240   487.000     6.713     0.000    15.039
  6702.691   517.684   488.000     6.727     0.000    15.039
  6721.413   519.130   489.000     6.741     0.000    15.039
  6740.152   520.578   490.000     6.755     0.000    14.871
  6758.908   522.026   491.000     6.769     0.000    14.871
  6777.682   523.476   492.000     6.783     0.000    14.871
  6796.473   524.928   493.000     6.797     0.000    14.871
  6815.282   526.380   494.000     6.811     0.000    14.706
  6834.108   527.834   495.000     6.825     0.000    14.706
  6852.951   529.290   496.000     6.838     0.000    14.706
  6871.811   530.746   497.000     6.852     0.000    14.706
  6890.689   532.205   498.000     6.866     0.000    14.544
  6909.584   533.664   499.000     6.880     0.000    14.544
  6928.496   535.125   500.000     6.894     0.000    14.544
  6947.426   536.587   501.000     6.908     0.000    14.544
  6954.344   537.121   501.365     6.913     0.000    14.386
