****************************************************************************************************
----------------------------------------------------------------------------------------------------
Ambient Table:
     Depth   Amb-cur   Amb-dir   Amb-sal   Amb-tem   Amb-pol     Decay   Far-spd   Far-dir   Disprsn
       (m)     (m/s)     (deg)     (psu)       (C)    (mg/L)   (1/day)     (m/s)     (deg)(m0.67/s2)
     0.000     0.020    90.000    30.900    11.200     0.000     0.000     0.020    90.000   0.00030
     3.000     0.020    90.000    31.200    10.400     0.000     0.000     0.020    90.000   0.00030
     6.000     0.020    90.000    31.200     9.690     0.000     0.000     0.020    90.000   0.00030
     9.000     0.020    90.000    31.700     9.440     0.000     0.000     0.020    90.000   0.00030
    12.000     0.020    90.000    31.800     9.340     0.000     0.000     0.020    90.000   0.00030
    15.000     0.050    90.000    31.900     9.220     0.000     0.000     0.020    90.000   0.00030
----------------------------------------------------------------------------------------------------
Diffuser Table:
     P-dia    P-elev   V-angle   H-angle     Ports   Spacing   AcuteMZ   ChrncMZ   P-depth   Ttl-flo   Eff-sal      Temp   Polutnt
       (m)       (m)     (deg)     (deg)       ( )       (m)       (m)       (m)       (m)     (cms)     (psu)       (C)    (mg/L)
      0.50     15.00     45.00     90.00     25.00      1.00     20.70    207.00      2.00      0.01     45.00     10.00 100000.00
----------------------------------------------------------------------------------------------------
Simulation Results:
              Dilutn     P-dia    x-posn    y-posn     Depth      Time   Net-Dil     P-Den    P-Con.     P-Sal    P-Temp  Amb-Curr    CL-Dil
      Step (FluxAvg)       (m)       (m)       (m)       (m)       (s)        ()   (kg/m3)    (mg/L)     (psu)       (C)     (m/s)        ()
---------------------- Local maximum rise or fall --------------------
         1     1.000     0.391     0.000     0.000    -2.015     0.391     1.000  1034.809 99999.304    45.000    10.000     0.020     1.000
         2     1.000     0.080     0.000     0.000    -2.016     0.393     1.000  1034.809 99995.293    44.999    10.000     0.020     1.000
         3     1.020     0.081     0.000     0.001    -2.018     0.442     1.020  1034.592 98014.028    44.727    10.013     0.020     1.000
         4     1.041     0.078     0.000     0.001    -2.020     0.485     1.041  1034.379 96072.418    44.460    10.026     0.020     1.000
         5     1.062     0.076     0.000     0.001    -2.022     0.527     1.062  1034.170 94169.655    44.198    10.038     0.020     1.000
         6     1.083     0.074     0.000     0.001    -2.024     0.568     1.083  1033.966 92304.945    43.941    10.050     0.020     1.000
         7     1.105     0.072     0.000     0.001    -2.026     0.607     1.105  1033.766 90477.514    43.689    10.062     0.020     1.000
         8     1.128     0.071     0.000     0.001    -2.028     0.645     1.128  1033.569 88686.602    43.442    10.074     0.020     1.000
         9     1.150     0.071     0.000     0.001    -2.031     0.682     1.150  1033.377 86931.465    43.200    10.086     0.020     1.000
        10     1.174     0.070     0.000     0.001    -2.033     0.719     1.174  1033.188 85211.378    42.963    10.097     0.020     1.000
        11     1.197     0.070     0.000     0.001    -2.035     0.755     1.197  1033.004 83525.626    42.731    10.108     0.020     1.000
        12     1.221     0.069     0.000     0.002    -2.038     0.790     1.221  1032.822 81873.514    42.503    10.119     0.020     1.000
        13     1.246     0.069     0.000     0.002    -2.040     0.825     1.246  1032.645 80254.358    42.279    10.129     0.020     1.000
        14     1.271     0.069     0.000     0.002    -2.042     0.859     1.271  1032.471 78667.490    42.060    10.140     0.020     1.000
        15     1.297     0.069     0.000     0.002    -2.045     0.894     1.297  1032.301 77112.257    41.845    10.150     0.020     1.000
        16     1.323     0.069     0.000     0.002    -2.047     0.928     1.323  1032.134 75588.016    41.635    10.160     0.020     1.000
        17     1.350     0.069     0.000     0.003    -2.050     0.961     1.350  1031.970 74094.141    41.428    10.169     0.020     1.000
        18     1.377     0.069     0.000     0.003    -2.052     0.995     1.377  1031.809 72630.018    41.226    10.179     0.020     1.000
        19     1.405     0.069     0.000     0.003    -2.055     1.028     1.405  1031.652 71195.045    41.027    10.188     0.020     1.000
        20     1.433     0.069     0.000     0.003    -2.057     1.062     1.433  1031.498 69788.634    40.833    10.197     0.020     1.000
        21     1.462     0.070     0.000     0.003    -2.060     1.095     1.462  1031.347 68410.207    40.642    10.206     0.020     1.000
        22     1.491     0.070     0.000     0.004    -2.063     1.128     1.491  1031.199 67059.200    40.455    10.215     0.020     1.000
        23     1.521     0.070     0.000     0.004    -2.065     1.161     1.521  1031.053 65735.059    40.272    10.223     0.020     1.000
        24     1.552     0.071     0.000     0.004    -2.068     1.195     1.552  1030.911 64437.244    40.092    10.232     0.020     1.000
        25     1.583     0.071     0.000     0.005    -2.071     1.228     1.583  1030.772 63165.225    39.916    10.240     0.020     1.000
        26     1.615     0.071     0.000     0.005    -2.073     1.261     1.615  1030.635 61918.480    39.743    10.248     0.020     1.000
        27     1.648     0.072     0.000     0.005    -2.076     1.295     1.648  1030.501 60696.502    39.574    10.256     0.020     1.000
        28     1.681     0.072     0.000     0.005    -2.079     1.328     1.681  1030.370 59498.794    39.408    10.263     0.020     1.000
        29     1.715     0.073     0.000     0.006    -2.081     1.362     1.715  1030.241 58324.865    39.245    10.271     0.020     1.000
        30     1.749     0.073     0.000     0.006    -2.084     1.395     1.749  1030.115 57174.240    39.085    10.278     0.020     1.000
        31     1.784     0.074     0.000     0.006    -2.087     1.429     1.784  1029.991 56046.449    38.929    10.286     0.020     1.000
        32     1.820     0.074     0.000     0.007    -2.090     1.464     1.820  1029.870 54941.035    38.776    10.293     0.020     1.000
        33     1.857     0.075     0.000     0.007    -2.093     1.498     1.857  1029.751 53857.548    38.625    10.299     0.020     1.000
        34     1.894     0.076     0.000     0.007    -2.096     1.532     1.894  1029.635 52795.548    38.478    10.306     0.020     1.000
        35     1.932     0.076     0.000     0.008    -2.099     1.567     1.932  1029.521 51754.606    38.334    10.313     0.020     1.000
        36     1.971     0.077     0.000     0.008    -2.102     1.602     1.971  1029.409 50734.297    38.192    10.319     0.020     1.000
        37     2.011     0.078     0.000     0.008    -2.105     1.637     2.011  1029.300 49734.210    38.053    10.326     0.020     1.005
        38     2.051     0.078     0.000     0.009    -2.108     1.673     2.051  1029.192 48753.940    37.917    10.332     0.020     1.026
        39     2.092     0.079     0.000     0.009    -2.111     1.709     2.092  1029.087 47793.089    37.783    10.338     0.020     1.046
        40     2.134     0.080     0.000     0.010    -2.114     1.745     2.134  1028.984 46851.269    37.653    10.344     0.020     1.067
        41     2.177     0.080     0.000     0.010    -2.117     1.781     2.177  1028.882 45928.100    37.524    10.349     0.020     1.089
        42     2.221     0.081     0.000     0.010    -2.120     1.818     2.221  1028.783 45023.209    37.399    10.355     0.020     1.111
        43     2.266     0.082     0.000     0.011    -2.123     1.855     2.266  1028.686 44136.230    37.275    10.360     0.020     1.133
        44     2.311     0.083     0.000     0.011    -2.126     1.892     2.311  1028.591 43266.805    37.154    10.366     0.020     1.156
        45     2.358     0.084     0.000     0.012    -2.129     1.930     2.358  1028.497 42414.585    37.036    10.371     0.020     1.179
        46     2.405     0.084     0.000     0.012    -2.133     1.968     2.405  1028.406 41579.225    36.920    10.376     0.020     1.203
        47     2.453     0.085     0.000     0.013    -2.136     2.007     2.453  1028.316 40760.389    36.806    10.381     0.020     1.227
        48     2.503     0.086     0.000     0.013    -2.139     2.046     2.503  1028.228 39957.748    36.694    10.386     0.020     1.251
        49     2.553     0.087     0.000     0.014    -2.143     2.085     2.553  1028.142 39170.978    36.585    10.391     0.020     1.276
        50     2.604     0.088     0.000     0.014    -2.146     2.125     2.604  1028.057 38399.763    36.478    10.396     0.020     1.302
        51     2.656     0.089     0.000     0.015    -2.149     2.165     2.656  1027.974 37643.794    36.372    10.400     0.020     1.328
        52     2.710     0.090     0.000     0.015    -2.153     2.205     2.710  1027.893 36902.765    36.269    10.405     0.020     1.355
        53     2.764     0.091     0.000     0.016    -2.156     2.246     2.764  1027.814 36176.381    36.168    10.409     0.020     1.382
        54     2.820     0.092     0.000     0.016    -2.160     2.288     2.820  1027.736 35464.348    36.069    10.413     0.020     1.410
        55     2.876     0.092     0.000     0.017    -2.163     2.330     2.876  1027.659 34766.382    35.972    10.417     0.020     1.438
        56     2.934     0.093     0.000     0.017    -2.167     2.372     2.934  1027.584 34082.203    35.877    10.421     0.020     1.467
        57     2.993     0.094     0.000     0.018    -2.171     2.415     2.993  1027.511 33411.536    35.784    10.425     0.020     1.496
        58     3.053     0.095     0.000     0.019    -2.174     2.458     3.053  1027.439 32754.112    35.692    10.429     0.020     1.527
        59     3.114     0.097     0.000     0.019    -2.178     2.502     3.114  1027.368 32109.669    35.602    10.433     0.020     1.557
        60     3.177     0.098     0.000     0.020    -2.182     2.546     3.177  1027.299 31477.948    35.514    10.437     0.020     1.588
        61     3.241     0.099     0.000     0.020    -2.185     2.591     3.241  1027.231 30858.697    35.428    10.440     0.020     1.620
        62     3.306     0.100     0.000     0.021    -2.189     2.637     3.306  1027.165 30251.667    35.344    10.444     0.020     1.653
        63     3.372     0.101     0.000     0.022    -2.193     2.683     3.372  1027.100 29656.616    35.261    10.447     0.020     1.686
        64     3.440     0.102     0.000     0.022    -2.197     2.729     3.440  1027.036 29073.306    35.180    10.450     0.020     1.720
        65     3.509     0.103     0.000     0.023    -2.201     2.776     3.509  1026.973 28501.504    35.100    10.454     0.020     1.754
        66     3.579     0.104     0.000     0.024    -2.205     2.824     3.579  1026.912 27940.982    35.022    10.457     0.020     1.789
        67     3.651     0.105     0.000     0.025    -2.209     2.872     3.651  1026.852 27391.516    34.945    10.460     0.020     1.825
        68     3.724     0.107     0.000     0.025    -2.213     2.921     3.724  1026.793 26852.886    34.870    10.463     0.020     1.862
        69     3.799     0.108     0.000     0.026    -2.217     2.971     3.799  1026.735 26324.878    34.797    10.466     0.020     1.899
        70     3.875     0.109     0.000     0.027    -2.221     3.021     3.875  1026.678 25807.281    34.725    10.469     0.020     1.937
        71     3.953     0.110     0.000     0.028    -2.225     3.071     3.953  1026.623 25299.888    34.654    10.471     0.020     1.976
        72     4.032     0.112     0.000     0.028    -2.229     3.123     4.032  1026.569 24802.498    34.585    10.474     0.020     2.016
        73     4.113     0.113     0.000     0.029    -2.233     3.175     4.113  1026.515 24314.912    34.517    10.477     0.020     2.056
        74     4.195     0.114     0.000     0.030    -2.237     3.228     4.195  1026.463 23836.935    34.450    10.479     0.020     2.098
        75     4.279     0.115     0.000     0.031    -2.242     3.281     4.279  1026.412 23368.378    34.385    10.482     0.020     2.140
        76     4.365     0.117     0.000     0.032    -2.246     3.335     4.365  1026.362 22909.055    34.321    10.484     0.020     2.183
        77     4.453     0.118     0.000     0.032    -2.250     3.390     4.453  1026.312 22458.781    34.259    10.486     0.020     2.226
        78     4.542     0.119     0.000     0.033    -2.255     3.446     4.542  1026.264 22017.378    34.197    10.489     0.020     2.271
        79     4.633     0.121     0.000     0.034    -2.259     3.502     4.633  1026.217 21584.671    34.137    10.491     0.020     2.316
        80     4.726     0.122     0.000     0.035    -2.264     3.559     4.726  1026.171 21160.487    34.078    10.493     0.020     2.363
        81     4.821     0.124     0.000     0.036    -2.268     3.617     4.821  1026.125 20744.657    34.020    10.495     0.020     2.410
        82     4.917     0.125     0.000     0.037    -2.273     3.675     4.917  1026.081 20337.017    33.963    10.497     0.020     2.459
        83     5.016     0.127     0.000     0.038    -2.277     3.735     5.016  1026.037 19937.405    33.908    10.499     0.020     2.508
        84     5.116     0.128     0.000     0.039    -2.282     3.795     5.116  1025.994 19545.661    33.853    10.501     0.020     2.558
        85     5.219     0.130     0.000     0.040    -2.287     3.856     5.219  1025.952 19161.630    33.800    10.503     0.020     2.609
        86     5.323     0.131     0.000     0.041    -2.292     3.917     5.323  1025.911 18785.160    33.747    10.504     0.020     2.662
        87     5.430     0.133     0.000     0.042    -2.296     3.980     5.430  1025.871 18416.101    33.696    10.506     0.020     2.715
        88     5.539     0.134     0.000     0.043    -2.301     4.043     5.539  1025.832 18054.307    33.646    10.508     0.020     2.769
        89     5.650     0.136     0.000     0.044    -2.306     4.108     5.650  1025.793 17699.634    33.596    10.509     0.020     2.825
        90     5.763     0.137     0.000     0.045    -2.311     4.173     5.763  1025.755 17351.942    33.548    10.511     0.020     2.882
        91     5.879     0.139     0.000     0.046    -2.316     4.239     5.879  1025.718 17011.092    33.501    10.512     0.020     2.939
        92     5.996     0.141     0.000     0.047    -2.321     4.306     5.996  1025.682 16676.950    33.454    10.514     0.020     2.998
        93     6.116     0.142     0.000     0.049    -2.326     4.374     6.116  1025.646 16349.382    33.409    10.515     0.020     3.058
        94     6.239     0.144     0.000     0.050    -2.331     4.443     6.239  1025.611 16028.260    33.364    10.516     0.020     3.119
        95     6.364     0.146     0.000     0.051    -2.336     4.512     6.364  1025.577 15713.456    33.320    10.517     0.020     3.182
        96     6.491     0.147     0.000     0.052    -2.342     4.583     6.491  1025.543 15404.845    33.277    10.519     0.020     3.246
        97     6.622     0.149     0.000     0.053    -2.347     4.655     6.622  1025.510 15102.305    33.235    10.520     0.020     3.311
        98     6.754     0.151     0.000     0.055    -2.352     4.727     6.754  1025.478 14805.716    33.194    10.521     0.020     3.377
        99     6.889     0.153     0.000     0.056    -2.358     4.801     6.889  1025.447 14514.961    33.154    10.522     0.020     3.445
       100     7.027     0.155     0.000     0.057    -2.363     4.876     7.027  1025.416 14229.924    33.114    10.523     0.020     3.514
       101     7.168     0.156     0.000     0.059    -2.368     4.952     7.168  1025.385 13950.493    33.075    10.524     0.020     3.584
       102     7.312     0.158     0.000     0.060    -2.374     5.028     7.312  1025.356 13676.558    33.037    10.525     0.020     3.656
       103     7.458     0.160     0.000     0.061    -2.380     5.106     7.458  1025.326 13408.009    33.000    10.526     0.020     3.729
       104     7.608     0.162     0.000     0.063    -2.385     5.185     7.608  1025.298 13144.741    32.963    10.526     0.020     3.804
       105     7.760     0.164     0.000     0.064    -2.391     5.265     7.760  1025.270 12886.650    32.928    10.527     0.020     3.880
       106     7.915     0.166     0.000     0.065    -2.397     5.347     7.915  1025.243 12633.633    32.893    10.528     0.020     3.958
       107     8.074     0.168     0.000     0.067    -2.402     5.429     8.074  1025.216 12385.590    32.858    10.529     0.020     4.037
       108     8.236     0.170     0.000     0.068    -2.408     5.512     8.236  1025.189 12142.424    32.825    10.529     0.020     4.118
       109     8.401     0.172     0.000     0.070    -2.414     5.597     8.401  1025.164 11904.038    32.792    10.530     0.020     4.200
       110     8.569     0.174     0.000     0.071    -2.420     5.683     8.569  1025.138 11670.338    32.759    10.530     0.020     4.284
       111     8.740     0.176     0.000     0.073    -2.426     5.770     8.740  1025.114 11441.231    32.727    10.531     0.020     4.370
       112     8.915     0.179     0.000     0.075    -2.432     5.858     8.915  1025.089 11216.628    32.696    10.531     0.020     4.458
       113     9.094     0.181     0.000     0.076    -2.438     5.948     9.094  1025.066 10996.439    32.666    10.532     0.020     4.547
       114     9.276     0.183     0.000     0.078    -2.444     6.038     9.276  1025.042 10780.578    32.636    10.532     0.020     4.638
       115     9.462     0.185     0.000     0.079    -2.451     6.130     9.462  1025.020 10568.959    32.607    10.532     0.020     4.731
       116     9.651     0.187     0.000     0.081    -2.457     6.224     9.651  1024.997 10361.499    32.578    10.533     0.020     4.826
       117     9.844     0.190     0.000     0.083    -2.463     6.318     9.844  1024.975 10158.115    32.550    10.533     0.020     4.922
       118    10.041     0.192     0.000     0.085    -2.470     6.414    10.041  1024.954  9958.728    32.522    10.533     0.020     5.021
       119    10.242     0.194     0.000     0.086    -2.476     6.512    10.242  1024.933  9763.259    32.495    10.533     0.020     5.121
       120    10.448     0.197     0.000     0.088    -2.483     6.610    10.448  1024.912  9571.630    32.469    10.534     0.020     5.224
       121    10.657     0.199     0.000     0.090    -2.489     6.711    10.657  1024.892  9383.767    32.443    10.534     0.020     5.328
       122    10.870     0.202     0.000     0.092    -2.496     6.812    10.870  1024.872  9199.594    32.418    10.534     0.020     5.435
       123    11.088     0.204     0.000     0.094    -2.502     6.915    11.088  1024.853  9019.040    32.393    10.534     0.020     5.544
       124    11.310     0.207     0.000     0.096    -2.509     7.020    11.310  1024.834  8842.032    32.368    10.534     0.020     5.655
       125    11.536     0.209     0.000     0.098    -2.516     7.125    11.536  1024.816  8668.502    32.345    10.534     0.020     5.768
       126    11.767     0.212     0.000     0.100    -2.523     7.233    11.767  1024.797  8498.381    32.321    10.534     0.020     5.883
       127    12.002     0.214     0.000     0.102    -2.530     7.342    12.002  1024.780  8331.601    32.298    10.534     0.020     6.001
       128    12.243     0.217     0.000     0.104    -2.537     7.452    12.243  1024.762  8168.097    32.276    10.534     0.020     6.121
       129    12.488     0.220     0.000     0.106    -2.544     7.564    12.488  1024.745  8007.805    32.254    10.533     0.020     6.244
       130    12.738     0.222     0.000     0.108    -2.551     7.678    12.738  1024.728  7850.661    32.232    10.533     0.020     6.369
       131    12.993     0.225     0.000     0.110    -2.558     7.793    12.993  1024.712  7696.603    32.211    10.533     0.020     6.496
       132    13.253     0.228     0.000     0.112    -2.565     7.910    13.253  1024.696  7545.571    32.190    10.533     0.020     6.626
       133    13.518     0.231     0.000     0.114    -2.573     8.029    13.518  1024.680  7397.506    32.170    10.532     0.020     6.759
       134    13.789     0.233     0.000     0.117    -2.580     8.149    13.789  1024.665  7252.348    32.150    10.532     0.020     6.894
       135    14.065     0.236     0.000     0.119    -2.588     8.271    14.065  1024.650  7110.040    32.131    10.532     0.020     7.032
       136    14.346     0.239     0.000     0.121    -2.595     8.395    14.346  1024.635  6970.527    32.112    10.531     0.020     7.173
       137    14.633     0.242     0.000     0.123    -2.603     8.521    14.633  1024.621  6833.754    32.093    10.531     0.020     7.317
       138    14.926     0.245     0.000     0.126    -2.610     8.648    14.926  1024.606  6699.666    32.075    10.531     0.020     7.463
       139    15.225     0.248     0.000     0.128    -2.618     8.777    15.225  1024.593  6568.211    32.057    10.530     0.020     7.612
       140    15.530     0.251     0.000     0.131    -2.626     8.908    15.530  1024.579  6439.338    32.039    10.530     0.020     7.765
       141    15.840     0.254     0.000     0.133    -2.634     9.041    15.840  1024.566  6312.994    32.022    10.529     0.020     7.920
       142    16.157     0.258     0.000     0.136    -2.642     9.176    16.157  1024.553  6189.132    32.005    10.528     0.020     8.079
       143    16.481     0.261     0.000     0.138    -2.650     9.312    16.481  1024.540  6067.701    31.989    10.528     0.020     8.240
       144    16.811     0.264     0.000     0.141    -2.658     9.451    16.811  1024.528  5948.654    31.972    10.527     0.020     8.405
       145    17.147     0.267     0.000     0.144    -2.666     9.591    17.147  1024.515  5831.944    31.957    10.527     0.020     8.573
       146    17.490     0.271     0.000     0.146    -2.674     9.734    17.490  1024.503  5717.526    31.941    10.526     0.020     8.745
       147    17.840     0.274     0.000     0.149    -2.682     9.879    17.840  1024.492  5605.354    31.926    10.525     0.020     8.920
       148    18.197     0.277     0.000     0.152    -2.691    10.025    18.197  1024.480  5495.383    31.911    10.524     0.020     9.099
       149    18.561     0.281     0.000     0.155    -2.699    10.174    18.561  1024.469  5387.572    31.896    10.524     0.020     9.281
       150    18.933     0.284     0.000     0.157    -2.708    10.325    18.933  1024.458  5281.877    31.882    10.523     0.020     9.466
       151    19.312     0.288     0.000     0.160    -2.716    10.478    19.312  1024.447  5178.257    31.868    10.522     0.020     9.656
       152    19.698     0.291     0.000     0.163    -2.725    10.634    19.698  1024.437  5076.670    31.855    10.521     0.020     9.849
       153    20.092     0.295     0.000     0.166    -2.733    10.791    20.092  1024.427  4977.078    31.841    10.520     0.020    10.046
       154    20.494     0.299     0.000     0.169    -2.742    10.951    20.494  1024.417  4879.440    31.828    10.519     0.020    10.247
       155    20.904     0.302     0.000     0.173    -2.751    11.113    20.904  1024.407  4783.719    31.815    10.518     0.020    10.452
       156    21.323     0.306     0.000     0.176    -2.760    11.278    21.323  1024.397  4689.877    31.803    10.517     0.020    10.661
       157    21.749     0.310     0.000     0.179    -2.769    11.445    21.749  1024.388  4597.876    31.790    10.516     0.020    10.875
       158    22.184     0.314     0.000     0.182    -2.778    11.614    22.184  1024.379  4507.681    31.778    10.515     0.020    11.092
       159    22.628     0.318     0.000     0.185    -2.787    11.786    22.628  1024.370  4419.257    31.767    10.514     0.020    11.314
       160    23.081     0.322     0.000     0.189    -2.797    11.960    23.081  1024.361  4332.567    31.755    10.513     0.020    11.541
       161    23.543     0.326     0.000     0.192    -2.806    12.136    23.543  1024.352  4247.580    31.744    10.512     0.020    11.771
       162    24.014     0.330     0.000     0.196    -2.815    12.316    24.014  1024.344  4164.260    31.733    10.511     0.020    12.007
       163    24.494     0.334     0.000     0.199    -2.825    12.497    24.494  1024.336  4082.575    31.722    10.510     0.020    12.247
       164    24.984     0.338     0.000     0.203    -2.834    12.682    24.984  1024.328  4002.493    31.711    10.509     0.020    12.492
       165    25.484     0.343     0.000     0.206    -2.844    12.869    25.484  1024.320  3923.982    31.701    10.507     0.020    12.742
       166    25.994     0.347     0.000     0.210    -2.854    13.059    25.994  1024.312  3847.013    31.691    10.506     0.020    12.997
       167    26.514     0.351     0.000     0.214    -2.863    13.251    26.514  1024.305  3771.554    31.681    10.505     0.020    13.257
       168    27.045     0.356     0.000     0.217    -2.873    13.446    27.045  1024.297  3697.575    31.671    10.504     0.020    13.522
       169    27.586     0.360     0.000     0.221    -2.883    13.644    27.586  1024.290  3625.048    31.662    10.502     0.020    13.793
       170    28.138     0.365     0.000     0.225    -2.893    13.845    28.138  1024.283  3553.945    31.652    10.501     0.020    14.069
       171    28.701     0.369     0.000     0.229    -2.903    14.049    28.701  1024.276  3484.236    31.643    10.500     0.020    14.350
       172    29.275     0.374     0.000     0.233    -2.914    14.256    29.275  1024.270  3415.896    31.634    10.498     0.020    14.637
       173    29.861     0.379     0.000     0.237    -2.924    14.466    29.861  1024.263  3348.896    31.626    10.497     0.020    14.930
       174    30.458     0.384     0.000     0.241    -2.934    14.679    30.458  1024.257  3283.211    31.617    10.495     0.020    15.229
       175    31.067     0.388     0.000     0.245    -2.945    14.895    31.067  1024.251  3218.815    31.609    10.494     0.020    15.534
       176    31.689     0.393     0.000     0.250    -2.955    15.114    31.689  1024.244  3155.682    31.601    10.492     0.020    15.844
       177    32.323     0.398     0.000     0.254    -2.966    15.336    32.323  1024.239  3093.788    31.593    10.491     0.020    16.161
       178    32.969     0.404     0.000     0.258    -2.977    15.561    32.969  1024.233  3033.108    31.585    10.489     0.020    16.485
       179    33.629     0.409     0.000     0.263    -2.987    15.790    33.629  1024.227  2973.619    31.577    10.488     0.020    16.815
       180    34.302     0.414     0.000     0.267    -2.998    16.022    34.302  1024.222  2915.297    31.570    10.486     0.020    17.151
       181    34.988     0.419     0.000     0.272    -3.009    16.258    34.988  1024.216  2858.120    31.562    10.484     0.020    17.494
       182    35.688     0.425     0.000     0.276    -3.020    16.497    35.688  1024.211  2802.064    31.555    10.483     0.020    17.844
       183    36.402     0.430     0.000     0.281    -3.031    16.739    36.402  1024.206  2747.107    31.548    10.481     0.020    18.201
       184    37.130     0.435     0.000     0.286    -3.043    16.985    37.130  1024.201  2693.229    31.542    10.479     0.020    18.565
       185    37.873     0.441     0.000     0.291    -3.054    17.234    37.873  1024.196  2640.408    31.535    10.478     0.020    18.936
       186    38.631     0.447     0.000     0.296    -3.065    17.487    38.631  1024.191  2588.623    31.528    10.476     0.020    19.315
       187    39.403     0.452     0.000     0.301    -3.077    17.744    39.403  1024.186  2537.854    31.522    10.474     0.020    19.702
       188    40.192     0.458     0.000     0.306    -3.088    18.005    40.192  1024.182  2488.081    31.516    10.473     0.020    20.096
       189    40.996     0.464     0.000     0.311    -3.100    18.269    40.996  1024.177  2439.285    31.509    10.471     0.020    20.498
       190    41.816     0.470     0.000     0.316    -3.112    18.537    41.816  1024.173  2391.445    31.503    10.469     0.020    20.908
       191    42.652     0.476     0.000     0.322    -3.124    18.809    42.652  1024.169  2344.544    31.497    10.467     0.020    21.326
       192    43.505     0.482     0.000     0.327    -3.135    19.085    43.505  1024.164  2298.563    31.492    10.465     0.020    21.753
       193    44.376     0.488     0.000     0.333    -3.147    19.366    44.376  1024.160  2253.484    31.486    10.463     0.020    22.188
       194    45.263     0.494     0.000     0.338    -3.160    19.650    45.263  1024.156  2209.290    31.480    10.462     0.020    22.632
       195    46.169     0.501     0.000     0.344    -3.172    19.938    46.169  1024.152  2165.962    31.475    10.460     0.020    23.084
       196    47.092     0.507     0.000     0.349    -3.184    20.230    47.092  1024.148  2123.484    31.469    10.458     0.020    23.546
       197    48.034     0.514     0.000     0.355    -3.196    20.527    48.034  1024.145  2081.840    31.464    10.456     0.020    24.017
       198    48.995     0.520     0.000     0.361    -3.209    20.828    48.995  1024.141  2041.012    31.459    10.454     0.020    24.498
       199    49.975     0.527     0.000     0.367    -3.221    21.133    49.975  1024.137  2000.985    31.454    10.452     0.020    24.988
       200    50.975     0.534     0.000     0.373    -3.234    21.443    50.975  1024.134  1961.743    31.449    10.450     0.020    25.488
       201    51.995     0.540     0.000     0.379    -3.247    21.757    51.995  1024.130  1923.271    31.444    10.448     0.020    25.997
       202    53.035     0.547     0.000     0.386    -3.260    22.076    53.035  1024.127  1885.554    31.439    10.446     0.020    26.517
       203    54.096     0.554     0.000     0.392    -3.273    22.399    54.096  1024.124  1848.576    31.434    10.444     0.020    27.048
       204    55.178     0.561     0.000     0.398    -3.286    22.727    55.178  1024.120  1812.324    31.430    10.442     0.020    27.589
       205    56.282     0.568     0.000     0.405    -3.299    23.060    56.282  1024.117  1776.783    31.425    10.440     0.020    28.141
       206    57.407     0.576     0.000     0.412    -3.312    23.398    57.407  1024.114  1741.938    31.421    10.438     0.020    28.704
       207    58.556     0.583     0.000     0.418    -3.325    23.740    58.556  1024.111  1707.778    31.417    10.435     0.020    29.278
       208    59.727     0.590     0.000     0.425    -3.339    24.087    59.727  1024.108  1674.287    31.412    10.433     0.020    29.863
       209    60.922     0.598     0.000     0.432    -3.352    24.439    60.922  1024.105  1641.453    31.408    10.431     0.020    30.461
       210    62.140     0.606     0.000     0.439    -3.366    24.797    62.140  1024.103  1609.264    31.404    10.429     0.020    31.070
       211    63.383     0.613     0.000     0.446    -3.380    25.159    63.383  1024.100  1577.705    31.400    10.427     0.020    31.692
       212    64.651     0.621     0.000     0.454    -3.394    25.527    64.651  1024.097  1546.766    31.396    10.425     0.020    32.326
       213    65.944     0.629     0.000     0.461    -3.407    25.900    65.944  1024.095  1516.433    31.392    10.422     0.020    32.972
       214    67.263     0.637     0.000     0.468    -3.421    26.278    67.263  1024.092  1486.695    31.389    10.420     0.020    33.632
       215    68.609     0.645     0.000     0.476    -3.436    26.661    68.609  1024.089  1457.541    31.385    10.418     0.020    34.304
       216    69.981     0.654     0.000     0.484    -3.450    27.050    69.981  1024.087  1428.958    31.381    10.415     0.020    34.991
       217    71.381     0.662     0.000     0.491    -3.464    27.445    71.381  1024.085  1400.936    31.378    10.413     0.020    35.690
       218    72.809     0.670     0.000     0.499    -3.478    27.845    72.809  1024.082  1373.464    31.374    10.411     0.020    36.404
       219    74.265     0.679     0.000     0.507    -3.493    28.251    74.265  1024.080  1346.530    31.371    10.408     0.020    37.132
       220    75.750     0.688     0.000     0.515    -3.508    28.663    75.750  1024.078  1320.125    31.367    10.406     0.020    37.875
       221    77.266     0.696     0.000     0.524    -3.522    29.081    77.266  1024.076  1294.237    31.364    10.404     0.020    38.633
       222    78.811     0.705     0.000     0.532    -3.537    29.504    78.811  1024.074  1268.858    31.361    10.401     0.020    39.406
       223    80.387     0.714     0.000     0.541    -3.552    29.934    80.387  1024.072  1243.976    31.358    10.399     0.020    40.194
       224    81.995     0.724     0.000     0.549    -3.567    30.370    81.995  1024.070  1219.582    31.355    10.396     0.020    40.998
       225    83.635     0.733     0.000     0.558    -3.582    30.812    83.635  1024.068  1195.666    31.352    10.394     0.020    41.818
       226    85.308     0.742     0.000     0.567    -3.597    31.260    85.308  1024.066  1172.219    31.349    10.391     0.020    42.654
       227    87.015     0.752     0.000     0.576    -3.612    31.715    87.015  1024.064  1149.233    31.346    10.389     0.020    43.507
       228    88.755     0.761     0.000     0.585    -3.628    32.176    88.755  1024.062  1126.697    31.343    10.386     0.020    44.378
       229    90.530     0.771     0.000     0.594    -3.643    32.644    90.530  1024.060  1104.603    31.340    10.384     0.020    45.265
       230    92.341     0.781     0.000     0.604    -3.659    33.118    92.341  1024.059  1082.942    31.337    10.381     0.020    46.171
       231    94.188     0.791     0.000     0.613    -3.674    33.599    94.188  1024.057  1061.706    31.335    10.378     0.020    47.094
       232    96.072     0.801     0.000     0.623    -3.690    34.087    96.072  1024.055  1040.887    31.332    10.376     0.020    48.036
       233    97.994     0.812     0.000     0.633    -3.706    34.582    97.994  1024.054  1020.476    31.329    10.373     0.020    48.997
       234    99.954     0.822     0.000     0.642    -3.722    35.084    99.954  1024.052  1000.465    31.327    10.370     0.020    49.977
       235   101.953     0.833     0.000     0.653    -3.738    35.594   101.953  1024.051   980.846    31.324    10.368     0.020    50.976
       236   103.992     0.844     0.000     0.663    -3.754    36.110   103.992  1024.049   961.613    31.322    10.365     0.020    51.996
       237   106.072     0.855     0.000     0.673    -3.770    36.634   106.072  1024.048   942.756    31.320    10.362     0.020    53.036
       238   108.194     0.866     0.000     0.684    -3.787    37.165   108.194  1024.047   924.270    31.317    10.360     0.020    54.097
       239   110.358     0.877     0.000     0.694    -3.803    37.704   110.358  1024.045   906.146    31.315    10.357     0.020    55.179
       240   112.565     0.888     0.000     0.705    -3.820    38.250   112.565  1024.044   888.377    31.313    10.354     0.020    56.282
       241   114.816     0.900     0.000     0.716    -3.836    38.805   114.816  1024.043   870.957    31.310    10.351     0.020    57.408
       242   117.113     0.911     0.000     0.727    -3.853    39.367   117.113  1024.042   853.878    31.308    10.348     0.020    58.556
       243   119.455     0.923     0.000     0.739    -3.870    39.937   119.455  1024.040   837.134    31.306    10.345     0.020    59.728
       244   121.844     0.935     0.000     0.750    -3.886    40.515   121.844  1024.039   820.719    31.304    10.343     0.020    60.922
       245   124.281     0.947     0.000     0.762    -3.903    41.102   124.281  1024.038   804.626    31.302    10.340     0.020    62.141
       246   126.767     0.960     0.000     0.774    -3.920    41.696   126.767  1024.037   788.848    31.300    10.337     0.020    63.384
       247   129.303     0.972     0.000     0.786    -3.938    42.300   129.303  1024.036   773.380    31.298    10.334     0.020    64.651
       248   131.889     0.985     0.000     0.798    -3.955    42.912   131.889  1024.035   758.214    31.296    10.331     0.020    65.944
       249   134.527     0.998     0.000     0.810    -3.972    43.532   134.527  1024.034   743.347    31.294    10.328     0.020    67.263
------------------------- merging happened ---------------------------
       250   137.217     1.011     0.000     0.823    -3.989    44.162   137.217  1024.033   728.771    31.292    10.325     0.020    68.609
       251   139.962     1.025     0.000     0.836    -4.008    44.827   139.962  1024.032   714.480    31.291    10.322     0.020    70.417
       252   142.761     1.040     0.000     0.850    -4.026    45.518   142.761  1024.031   700.470    31.289    10.319     0.020    72.097
       253   145.617     1.056     0.000     0.864    -4.045    46.229   145.617  1024.031   686.735    31.287    10.316     0.020    73.833
       254   148.529     1.072     0.000     0.878    -4.065    46.961   148.529  1024.030   673.269    31.285    10.313     0.020    75.627
       255   151.500     1.089     0.000     0.893    -4.085    47.714   151.500  1024.029   660.067    31.284    10.309     0.020    77.481
       256   154.530     1.107     0.000     0.909    -4.105    48.489   154.530  1024.028   647.124    31.282    10.306     0.020    79.398
       257   157.620     1.126     0.000     0.924    -4.126    49.287   157.620  1024.028   634.435    31.280    10.303     0.020    81.378
       258   160.773     1.146     0.000     0.941    -4.147    50.107   160.773  1024.027   621.995    31.279    10.300     0.020    83.427
       259   163.989     1.166     0.000     0.958    -4.168    50.951   163.989  1024.026   609.799    31.277    10.297     0.020    85.545
       260   167.268     1.187     0.000     0.975    -4.190    51.819   167.268  1024.026   597.841    31.276    10.293     0.020    87.738
       261   170.614     1.209     0.000     0.993    -4.212    52.711   170.614  1024.025   586.119    31.274    10.290     0.020    90.008
       262   174.026     1.232     0.000     1.011    -4.235    53.629   174.026  1024.024   574.626    31.273    10.287     0.020    92.359
       263   177.507     1.255     0.000     1.030    -4.258    54.571   177.507  1024.024   563.358    31.271    10.283     0.020    94.796
       264   181.057     1.279     0.000     1.049    -4.281    55.540   181.057  1024.023   552.312    31.270    10.280     0.020    97.323
       265   184.678     1.304     0.000     1.069    -4.305    56.536   184.678  1024.023   541.482    31.269    10.276     0.020    99.945
       266   188.372     1.330     0.000     1.089    -4.330    57.559   188.372  1024.022   530.864    31.267    10.273     0.020   102.668
       267   192.140     1.357     0.000     1.110    -4.354    58.610   192.140  1024.022   520.455    31.266    10.269     0.020   105.497
       268   195.982     1.385     0.000     1.131    -4.379    59.690   195.982  1024.022   510.250    31.265    10.266     0.020   108.439
       269   199.902     1.414     0.000     1.153    -4.405    60.799   199.902  1024.021   500.245    31.263    10.262     0.020   111.502
       270   203.900     1.444     0.000     1.176    -4.431    61.938   203.900  1024.021   490.436    31.262    10.258     0.020   114.691
       271   207.978     1.475     0.000     1.199    -4.457    63.108   207.978  1024.020   480.819    31.261    10.254     0.020   118.017
       272   212.138     1.508     0.000     1.223    -4.484    64.309   212.138  1024.020   471.391    31.260    10.251     0.020   121.487
       273   216.381     1.541     0.000     1.248    -4.511    65.543   216.381  1024.020   462.148    31.259    10.247     0.020   125.113
       274   220.708     1.576     0.000     1.273    -4.538    66.810   220.708  1024.020   453.086    31.257    10.243     0.020   128.906
       275   225.123     1.612     0.000     1.299    -4.566    68.110   225.123  1024.019   444.202    31.256    10.239     0.020   132.877
       276   229.625     1.649     0.000     1.326    -4.594    69.446   229.625  1024.019   435.492    31.255    10.235     0.020   137.042
       277   234.204     1.687     0.000     1.353    -4.623    70.813   234.204  1024.019   426.978    31.254    10.231     0.020   141.404
       278   238.698     1.727     0.000     1.380    -4.650    72.163   238.698  1024.019   418.940    31.253    10.227     0.020   145.852
       279   243.127     1.767     0.000     1.406    -4.677    73.492   243.127  1024.019   411.308    31.252    10.223     0.020   150.387
       280   247.437     1.807     0.000     1.432    -4.703    74.786   247.437  1024.019   404.144    31.251    10.220     0.020   154.966
       281   251.649     1.846     0.000     1.457    -4.728    76.050   251.649  1024.019   397.378    31.250    10.216     0.020   159.596
       282   255.753     1.886     0.000     1.482    -4.752    77.283   255.753  1024.019   391.002    31.250    10.212     0.020   164.265
       283   259.765     1.926     0.000     1.506    -4.775    78.489   259.765  1024.019   384.964    31.249    10.209     0.020   168.982
       284   263.684     1.965     0.000     1.529    -4.797    79.671   263.684  1024.019   379.242    31.248    10.206     0.020   173.747
       285   267.520     2.004     0.000     1.552    -4.819    80.829   267.520  1024.019   373.804    31.247    10.202     0.020   178.346
---------------------------- Plume traps -----------------------------
       286   271.276     2.043     0.000     1.575    -4.839    81.967   271.276  1024.019   368.629    31.247    10.199     0.020   180.850
       287   274.957     2.081     0.000     1.597    -4.860    83.084   274.957  1024.019   363.693    31.246    10.196     0.020   183.305
       288   278.567     2.119     0.000     1.619    -4.879    84.183   278.567  1024.019   358.981    31.246    10.193     0.020   185.711
       289   282.108     2.158     0.000     1.641    -4.898    85.263   282.108  1024.019   354.474    31.245    10.190     0.020   188.072
       290   285.583     2.196     0.000     1.662    -4.916    86.326   285.583  1024.019   350.160    31.244    10.187     0.020   190.389
       291   288.996     2.233     0.000     1.683    -4.934    87.372   288.996  1024.019   346.025    31.244    10.185     0.020   192.664
       292   292.349     2.271     0.000     1.703    -4.952    88.401   292.349  1024.019   342.057    31.243    10.182     0.020   194.899
       293   295.644     2.308     0.000     1.724    -4.968    89.414   295.644  1024.019   338.245    31.243    10.179     0.020   197.096
       294   298.883     2.346     0.000     1.743    -4.985    90.412   298.883  1024.019   334.579    31.242    10.177     0.020   199.255
       295   302.069     2.383     0.000     1.763    -5.000    91.395   302.069  1024.019   331.050    31.242    10.174     0.020   201.379
       296   305.204     2.420     0.000     1.782    -5.016    92.363   305.204  1024.019   327.650    31.242    10.172     0.020   203.469
       297   308.290     2.456     0.000     1.801    -5.031    93.318   308.290  1024.019   324.370    31.241    10.169     0.020   205.527
       298   311.329     2.493     0.000     1.820    -5.045    94.260   311.329  1024.019   321.203    31.241    10.167     0.020   207.553
       299   314.323     2.529     0.000     1.839    -5.059    95.189   314.323  1024.019   318.144    31.240    10.164     0.020   209.549
       300   317.274     2.565     0.000     1.857    -5.073    96.106   317.274  1024.019   315.185    31.240    10.162     0.020   211.516
       301   320.182     2.601     0.000     1.875    -5.086    97.012   320.182  1024.020   312.322    31.240    10.160     0.020   213.455
       302   323.051     2.637     0.000     1.893    -5.099    97.906   323.051  1024.020   309.549    31.239    10.158     0.020   215.367
       303   325.881     2.673     0.000     1.910    -5.112    98.789   325.881  1024.020   306.861    31.239    10.155     0.020   217.254
       304   328.673     2.708     0.000     1.928    -5.124    99.662   328.673  1024.020   304.254    31.239    10.153     0.020   219.115
       305   331.429     2.744     0.000     1.945    -5.136   100.525   331.429  1024.020   301.723    31.238    10.151     0.020   220.953
       306   334.151     2.779     0.000     1.962    -5.148   101.378   334.151  1024.020   299.266    31.238    10.149     0.020   222.767
       307   336.839     2.814     0.000     1.979    -5.159   102.222   336.839  1024.020   296.878    31.238    10.147     0.020   224.559
       308   339.494     2.849     0.000     1.996    -5.170   103.058   339.494  1024.020   294.556    31.237    10.145     0.020   226.329
       309   342.100     2.883     0.000     2.012    -5.181   103.885   342.100  1024.020   292.312    31.237    10.143     0.020   228.067
       310   344.622     2.917     0.000     2.028    -5.192   104.707   344.622  1024.020   290.173    31.237    10.141     0.020   229.748
       311   347.093     2.951     0.000     2.045    -5.202   105.530   347.093  1024.021   288.108    31.237    10.139     0.020   231.395
       312   349.490     2.984     0.000     2.061    -5.212   106.353   349.490  1024.021   286.131    31.236    10.138     0.020   232.993
       313   351.832     3.017     0.000     2.078    -5.222   107.179   351.832  1024.021   284.227    31.236    10.136     0.020   234.555
       314   354.106     3.049     0.000     2.094    -5.232   108.004   354.106  1024.021   282.401    31.236    10.134     0.020   236.071
       315   356.320     3.080     0.000     2.111    -5.242   108.830   356.320  1024.021   280.646    31.236    10.133     0.020   237.547
       316   358.469     3.112     0.000     2.127    -5.252   109.656   358.469  1024.021   278.964    31.235    10.131     0.020   238.980
       317   360.557     3.142     0.000     2.144    -5.261   110.480   360.557  1024.021   277.349    31.235    10.129     0.020   240.371
       318   362.580     3.173     0.000     2.160    -5.271   111.304   362.580  1024.021   275.801    31.235    10.128     0.020   241.720
       319   364.541     3.202     0.000     2.176    -5.280   112.126   364.541  1024.021   274.317    31.235    10.127     0.020   243.028
       320   366.440     3.231     0.000     2.193    -5.289   112.946   366.440  1024.021   272.896    31.235    10.125     0.020   244.294
       321   368.278     3.260     0.000     2.209    -5.298   113.764   368.278  1024.021   271.534    31.234    10.124     0.020   245.519
       322   370.055     3.288     0.000     2.225    -5.306   114.579   370.055  1024.021   270.230    31.234    10.123     0.020   246.703
       323   371.772     3.316     0.000     2.242    -5.315   115.391   371.772  1024.022   268.982    31.234    10.121     0.020   247.848
       324   373.431     3.343     0.000     2.258    -5.323   116.200   373.431  1024.022   267.787    31.234    10.120     0.020   248.954
       325   375.032     3.369     0.000     2.274    -5.331   117.006   375.032  1024.022   266.644    31.234    10.119     0.020   250.021
       326   376.577     3.395     0.000     2.290    -5.339   117.807   376.577  1024.022   265.550    31.234    10.118     0.020   251.051
       327   378.067     3.420     0.000     2.306    -5.347   118.605   378.067  1024.022   264.504    31.234    10.117     0.020   252.044
       328   379.503     3.445     0.000     2.322    -5.355   119.398   379.503  1024.022   263.503    31.233    10.116     0.020   253.002
       329   380.886     3.470     0.000     2.337    -5.362   120.187   380.886  1024.022   262.546    31.233    10.115     0.020   253.924
       330   382.219     3.493     0.000     2.353    -5.369   120.972   382.219  1024.022   261.630    31.233    10.114     0.020   254.813
       331   383.503     3.517     0.000     2.369    -5.376   121.751   383.503  1024.022   260.754    31.233    10.113     0.020   255.669
       332   384.738     3.539     0.000     2.384    -5.383   122.526   384.738  1024.022   259.917    31.233    10.112     0.020   256.492
       333   385.928     3.561     0.000     2.399    -5.390   123.297   385.928  1024.022   259.116    31.233    10.111     0.020   257.285
       334   387.072     3.583     0.000     2.415    -5.396   124.062   387.072  1024.022   258.350    31.233    10.110     0.020   258.048
       335   388.173     3.604     0.000     2.430    -5.403   124.822   388.173  1024.022   257.617    31.233    10.110     0.020   258.782
       336   389.233     3.625     0.000     2.445    -5.409   125.578   389.233  1024.022   256.916    31.233    10.109     0.020   259.488
       337   390.252     3.645     0.000     2.460    -5.415   126.328   390.252  1024.022   256.245    31.233    10.108     0.020   260.168
       338   391.231     3.665     0.000     2.475    -5.421   127.073   391.231  1024.023   255.603    31.232    10.108     0.020   260.821
       339   392.174     3.684     0.000     2.489    -5.426   127.813   392.174  1024.023   254.989    31.232    10.107     0.020   261.449
       340   393.080     3.703     0.000     2.504    -5.432   128.549   393.080  1024.023   254.401    31.232    10.106     0.020   262.053
       341   393.951     3.721     0.000     2.519    -5.437   129.279   393.951  1024.023   253.839    31.232    10.106     0.020   262.634
       342   394.788     3.739     0.000     2.533    -5.443   130.004   394.788  1024.023   253.300    31.232    10.105     0.020   263.192
       343   395.593     3.756     0.000     2.548    -5.448   130.724   395.593  1024.023   252.785    31.232    10.104     0.020   263.729
       344   396.367     3.773     0.000     2.562    -5.453   131.440   396.367  1024.023   252.291    31.232    10.104     0.020   264.245
       345   397.111     3.790     0.000     2.576    -5.457   132.150   397.111  1024.023   251.819    31.232    10.103     0.020   264.741
       346   397.826     3.806     0.000     2.590    -5.462   132.856   397.826  1024.023   251.366    31.232    10.103     0.020   265.217
       347   398.513     3.821     0.000     2.604    -5.467   133.557   398.513  1024.023   250.933    31.232    10.102     0.020   265.676
       348   399.174     3.837     0.000     2.618    -5.471   134.254   399.174  1024.023   250.517    31.232    10.102     0.020   266.116
       349   399.809     3.851     0.000     2.632    -5.475   134.946   399.809  1024.023   250.120    31.232    10.101     0.020   266.539
       350   400.419     3.866     0.000     2.645    -5.479   135.634   400.419  1024.023   249.739    31.232    10.101     0.020   266.946
       351   401.004     3.880     0.000     2.659    -5.483   136.318   401.004  1024.023   249.374    31.232    10.101     0.020   267.336
       352   401.567     3.894     0.000     2.673    -5.487   136.997   401.567  1024.023   249.024    31.232    10.100     0.020   267.712
       353   402.108     3.907     0.000     2.686    -5.491   137.672   402.108  1024.023   248.689    31.232    10.100     0.020   268.072
       354   402.627     3.920     0.000     2.700    -5.495   138.343   402.627  1024.023   248.369    31.232    10.099     0.020   268.418
       355   403.126     3.932     0.000     2.713    -5.498   139.010   403.126  1024.023   248.062    31.231    10.099     0.020   268.750
       356   403.604     3.944     0.000     2.726    -5.501   139.674   403.604  1024.023   247.768    31.231    10.099     0.020   269.069
       357   404.063     3.956     0.000     2.739    -5.505   140.333   404.063  1024.023   247.486    31.231    10.098     0.020   269.376
       358   404.504     3.968     0.000     2.752    -5.508   140.990   404.504  1024.023   247.216    31.231    10.098     0.020   269.669
       359   404.926     3.979     0.000     2.765    -5.511   141.642   404.926  1024.023   246.958    31.231    10.098     0.020   269.951
       360   405.331     3.989     0.000     2.778    -5.514   142.291   405.331  1024.023   246.712    31.231    10.097     0.020   270.221
       361   405.720     4.000     0.000     2.791    -5.517   142.937   405.720  1024.023   246.476    31.231    10.097     0.020   270.480
       362   406.091     4.010     0.000     2.804    -5.519   143.580   406.091  1024.023   246.250    31.231    10.097     0.020   270.728
       363   406.447     4.020     0.000     2.817    -5.522   144.220   406.447  1024.023   246.034    31.231    10.097     0.020   270.965
       364   406.788     4.029     0.000     2.830    -5.524   144.857   406.788  1024.023   245.829    31.231    10.096     0.020   271.192
       365   407.113     4.038     0.000     2.842    -5.527   145.491   407.113  1024.023   245.632    31.231    10.096     0.020   271.409
       366   407.424     4.047     0.000     2.855    -5.529   146.122   407.424  1024.023   245.445    31.231    10.096     0.020   271.616
       367   407.721     4.055     0.000     2.867    -5.531   146.751   407.721  1024.023   245.266    31.231    10.096     0.020   271.814
       368   408.004     4.063     0.000     2.880    -5.533   147.377   408.004  1024.023   245.096    31.231    10.096     0.020   272.003
       369   408.274     4.071     0.000     2.892    -5.535   148.001   408.274  1024.023   244.934    31.231    10.095     0.020   272.182
       370   408.530     4.078     0.000     2.905    -5.537   148.622   408.530  1024.024   244.780    31.231    10.095     0.020   272.353
       371   408.774     4.085     0.000     2.917    -5.539   149.241   408.774  1024.024   244.634    31.231    10.095     0.020   272.516
       372   409.005     4.092     0.000     2.929    -5.541   149.858   409.005  1024.024   244.496    31.231    10.095     0.020   272.670
       373   409.225     4.098     0.000     2.942    -5.542   150.473   409.225  1024.024   244.365    31.231    10.095     0.020   272.816
       374   409.432     4.104     0.000     2.954    -5.544   151.086   409.432  1024.024   244.241    31.231    10.095     0.020   272.955
       375   409.627     4.110     0.000     2.966    -5.545   151.698   409.627  1024.024   244.124    31.231    10.094     0.020   273.085
       376   409.812     4.116     0.000     2.978    -5.546   152.307   409.812  1024.024   244.015    31.231    10.094     0.020   273.208
       377   409.985     4.121     0.000     2.990    -5.548   152.916   409.985  1024.024   243.912    31.231    10.094     0.020   273.323
       378   410.147     4.126     0.000     3.002    -5.549   153.522   410.147  1024.024   243.815    31.231    10.094     0.020   273.431
       379   410.298     4.130     0.000     3.014    -5.550   154.127   410.298  1024.024   243.725    31.231    10.094     0.020   273.532
       380   410.438     4.135     0.000     3.027    -5.551   154.731   410.438  1024.024   243.642    31.231    10.094     0.020   273.626
       381   410.569     4.139     0.000     3.039    -5.552   155.334   410.569  1024.024   243.565    31.231    10.094     0.020   273.712
       382   410.688     4.142     0.000     3.051    -5.553   155.935   410.688  1024.024   243.494    31.231    10.094     0.020   273.792
       383   410.798     4.146     0.000     3.063    -5.553   156.536   410.798  1024.024   243.429    31.231    10.094     0.020   273.865
       384   410.897     4.149     0.000     3.075    -5.554   157.136   410.897  1024.024   243.370    31.231    10.093     0.020   273.932
       385   410.987     4.152     0.000     3.086    -5.554   157.734   410.987  1024.024   243.317    31.231    10.093     0.020   273.991
       386   411.067     4.154     0.000     3.098    -5.555   158.333   411.067  1024.024   243.270    31.231    10.093     0.020   274.044
       387   411.137     4.156     0.000     3.110    -5.555   158.930   411.137  1024.024   243.228    31.231    10.093     0.020   274.091
       388   411.197     4.158     0.000     3.122    -5.556   159.527   411.197  1024.024   243.192    31.231    10.093     0.020   274.131
       389   411.248     4.160     0.000     3.134    -5.556   160.124   411.248  1024.024   243.162    31.231    10.093     0.020   274.165
       390   411.289     4.161     0.000     3.146    -5.556   160.720   411.289  1024.024   243.138    31.231    10.093     0.020   274.193
       391   411.321     4.162     0.000     3.158    -5.556   161.316   411.321  1024.024   243.119    31.231    10.093     0.020   274.214
---------------------- Local maximum rise or fall --------------------
       392   411.343     4.163     0.000     3.170    -5.556   161.911   411.343  1024.024   243.106    31.231    10.093     0.020   274.229
       393   411.359     4.163     0.000     3.182    -5.556   162.507   411.359  1024.024   243.097    31.231    10.093     0.020   274.239
       394   411.373     4.163     0.000     3.194    -5.556   163.103   411.373  1024.024   243.088    31.231    10.093     0.020   274.249
       395   411.385     4.163     0.000     3.205    -5.555   163.699   411.385  1024.024   243.081    31.231    10.093     0.020   274.257
       396   411.397     4.163     0.000     3.217    -5.555   164.295   411.397  1024.024   243.074    31.231    10.093     0.020   274.265
       397   411.413     4.162     0.000     3.229    -5.554   164.892   411.413  1024.024   243.065    31.231    10.093     0.020   274.275
       398   411.432     4.162     0.000     3.241    -5.554   165.489   411.432  1024.024   243.054    31.231    10.093     0.020   274.288
       399   411.454     4.161     0.000     3.253    -5.553   166.087   411.454  1024.024   243.041    31.231    10.093     0.020   274.303
       400   411.480     4.160     0.000     3.265    -5.553   166.686   411.480  1024.024   243.025    31.231    10.093     0.020   274.320
       401   411.509     4.159     0.000     3.277    -5.552   167.286   411.509  1024.024   243.008    31.231    10.093     0.020   274.339
       402   411.542     4.158     0.000     3.289    -5.551   167.887   411.542  1024.024   242.988    31.231    10.093     0.020   274.361
       403   411.579     4.156     0.000     3.301    -5.550   168.490   411.579  1024.024   242.967    31.231    10.093     0.020   274.386
       404   411.620     4.154     0.000     3.313    -5.549   169.094   411.620  1024.024   242.943    31.231    10.093     0.020   274.413
       405   411.664     4.153     0.000     3.325    -5.548   169.700   411.664  1024.024   242.917    31.231    10.093     0.020   274.443
       406   411.712     4.151     0.000     3.337    -5.546   170.307   411.712  1024.024   242.888    31.231    10.093     0.020   274.475
       407   411.765     4.149     0.000     3.350    -5.545   170.917   411.765  1024.024   242.857    31.231    10.093     0.020   274.510
       408   411.821     4.146     0.000     3.362    -5.544   171.529   411.821  1024.024   242.824    31.231    10.093     0.020   274.548
       409   411.882     4.144     0.000     3.374    -5.542   172.143   411.882  1024.024   242.788    31.231    10.093     0.020   274.588
       410   411.947     4.141     0.000     3.386    -5.541   172.760   411.947  1024.024   242.749    31.231    10.093     0.020   274.632
       411   412.017     4.139     0.000     3.399    -5.539   173.380   412.017  1024.024   242.708    31.231    10.093     0.020   274.678
       412   412.092     4.136     0.000     3.411    -5.537   174.002   412.092  1024.024   242.664    31.231    10.093     0.020   274.728
       413   412.171     4.133     0.000     3.424    -5.535   174.628   412.171  1024.024   242.618    31.231    10.093     0.020   274.781
       414   412.255     4.129     0.000     3.436    -5.533   175.257   412.255  1024.024   242.568    31.231    10.092     0.020   274.837
       415   412.345     4.126     0.000     3.449    -5.531   175.890   412.345  1024.024   242.516    31.231    10.092     0.020   274.896
       416   412.439     4.123     0.000     3.461    -5.529   176.526   412.439  1024.024   242.460    31.231    10.092     0.020   274.960
       417   412.540     4.119     0.000     3.474    -5.527   177.166   412.540  1024.024   242.401    31.231    10.092     0.020   275.027
       418   412.646     4.115     0.000     3.487    -5.524   177.811   412.646  1024.024   242.338    31.231    10.092     0.020   275.097
       419   412.758     4.111     0.000     3.500    -5.522   178.460   412.758  1024.024   242.272    31.231    10.092     0.020   275.172
       420   412.877     4.107     0.000     3.513    -5.519   179.114   412.877  1024.024   242.203    31.231    10.092     0.020   275.251
       421   413.003     4.103     0.000     3.526    -5.516   179.773   413.003  1024.024   242.129    31.231    10.092     0.020   275.335
       422   413.135     4.099     0.000     3.539    -5.513   180.437   413.135  1024.024   242.052    31.231    10.092     0.020   275.423
       423   413.275     4.094     0.000     3.553    -5.510   181.106   413.275  1024.024   241.970    31.231    10.092     0.020   275.516
       424   413.422     4.090     0.000     3.566    -5.507   181.782   413.422  1024.024   241.884    31.231    10.092     0.020   275.615
       425   413.578     4.085     0.000     3.580    -5.504   182.463   413.578  1024.024   241.793    31.231    10.092     0.020   275.718
       426   413.742     4.080     0.000     3.594    -5.501   183.152   413.742  1024.024   241.697    31.231    10.091     0.020   275.828
       427   413.915     4.075     0.000     3.608    -5.497   183.847   413.915  1024.024   241.595    31.231    10.091     0.020   275.943
       428   414.098     4.070     0.000     3.622    -5.494   184.549   414.098  1024.024   241.489    31.231    10.091     0.020   276.065
       429   414.291     4.065     0.000     3.636    -5.490   185.259   414.291  1024.024   241.376    31.231    10.091     0.020   276.194
       430   414.495     4.060     0.000     3.650    -5.486   185.977   414.495  1024.024   241.257    31.231    10.091     0.020   276.330
       431   414.710     4.055     0.000     3.665    -5.482   186.704   414.710  1024.024   241.132    31.231    10.091     0.020   276.473
       432   414.938     4.049     0.000     3.679    -5.478   187.440   414.938  1024.024   241.000    31.231    10.091     0.020   276.625
       433   415.178     4.044     0.000     3.694    -5.473   188.185   415.178  1024.024   240.860    31.231    10.090     0.020   276.786
       434   415.433     4.038     0.000     3.709    -5.469   188.941   415.433  1024.024   240.713    31.231    10.090     0.020   276.955
       435   415.703     4.033     0.000     3.724    -5.464   189.707   415.703  1024.024   240.556    31.231    10.090     0.020   277.135
       436   415.989     4.027     0.000     3.740    -5.459   190.484   415.989  1024.024   240.391    31.230    10.090     0.020   277.326
       437   416.292     4.021     0.000     3.756    -5.454   191.274   416.292  1024.024   240.216    31.230    10.090     0.020   277.528
       438   416.614     4.016     0.000     3.772    -5.448   192.077   416.614  1024.024   240.030    31.230    10.090     0.020   277.743
       439   416.956     4.010     0.000     3.788    -5.443   192.893   416.956  1024.024   239.833    31.230    10.089     0.020   277.971
       440   417.321     4.004     0.000     3.805    -5.437   193.724   417.321  1024.024   239.624    31.230    10.089     0.020   278.214
       441   417.710     3.999     0.000     3.821    -5.431   194.570   417.710  1024.024   239.401    31.230    10.089     0.020   278.473
       442   418.125     3.993     0.000     3.839    -5.425   195.434   418.125  1024.024   239.163    31.230    10.089     0.020   278.750
       443   418.568     3.987     0.000     3.856    -5.418   196.315   418.568  1024.024   238.910    31.230    10.088     0.020   279.046
       444   419.044     3.982     0.000     3.874    -5.411   197.216   419.044  1024.024   238.638    31.230    10.088     0.020   279.363
       445   419.555     3.976     0.000     3.893    -5.404   198.138   419.555  1024.024   238.348    31.230    10.088     0.020   279.703
       446   420.105     3.971     0.000     3.912    -5.396   199.082   420.105  1024.024   238.036    31.230    10.087     0.020   280.070
       447   420.699     3.966     0.000     3.931    -5.389   200.052   420.699  1024.024   237.700    31.230    10.087     0.020   280.466
       448   421.342     3.961     0.000     3.951    -5.380   201.048   421.342  1024.024   237.337    31.230    10.087     0.020   280.895
       449   422.041     3.956     0.000     3.971    -5.372   202.074   422.041  1024.024   236.944    31.230    10.086     0.020   281.361
       450   422.803     3.952     0.000     3.992    -5.363   203.134   422.803  1024.024   236.517    31.230    10.086     0.020   281.869
       451   423.638     3.948     0.000     4.014    -5.353   204.229   423.638  1024.024   236.051    31.230    10.085     0.020   282.425
       452   424.558     3.945     0.000     4.037    -5.343   205.366   424.558  1024.024   235.539    31.230    10.085     0.020   283.039
       453   425.577     3.942     0.000     4.061    -5.332   206.549   425.577  1024.024   234.975    31.230    10.084     0.020   283.718
       454   426.715     3.940     0.000     4.085    -5.321   207.786   426.715  1024.024   234.348    31.230    10.083     0.020   284.477
       455   427.954     3.939     0.000     4.111    -5.309   209.083   427.954  1024.024   233.670    31.230    10.083     0.020   285.303
       456   429.279     3.938     0.000     4.138    -5.296   210.445   429.279  1024.024   232.949    31.230    10.082     0.020   286.186
       457   430.696     3.938     0.000     4.167    -5.282   211.876   430.696  1024.025   232.182    31.229    10.081     0.020   287.131
       458   432.219     3.939     0.000     4.197    -5.267   213.388   432.219  1024.025   231.364    31.229    10.081     0.020   288.146
       459   433.894     3.940     0.000     4.229    -5.251   214.992   433.894  1024.025   230.471    31.229    10.080     0.020   289.263
       460   435.765     3.943     0.000     4.263    -5.233   216.714   435.765  1024.025   229.481    31.229    10.079     0.020   290.510
       461   437.883     3.947     0.000     4.301    -5.214   218.580   437.883  1024.025   228.372    31.229    10.078     0.020   291.922
       462   440.314     3.954     0.000     4.342    -5.193   220.630   440.314  1024.025   227.111    31.229    10.077     0.020   293.543
       463   443.155     3.963     0.000     4.387    -5.168   222.920   443.155  1024.025   225.655    31.229    10.075     0.020   295.436
       464   446.550     3.977     0.000     4.439    -5.140   225.537   446.550  1024.025   223.939    31.228    10.074     0.020   297.700
       465   450.745     3.996     0.000     4.501    -5.106   228.632   450.745  1024.025   221.855    31.228    10.072     0.020   300.497
       466   456.209     4.023     0.000     4.578    -5.063   232.494   456.209  1024.025   219.198    31.228    10.070     0.020   304.139
       467   464.046     4.065     0.000     4.685    -5.004   237.820   464.046  1024.025   215.496    31.227    10.067     0.020   309.364
       468   473.327     4.122     0.000     4.806    -4.935   243.925   473.327  1024.025   211.271    31.227    10.064     0.020   315.551
       469   482.793     4.190     0.000     4.926    -4.869   249.907   482.793  1024.025   207.128    31.226    10.061     0.020   321.862
---------------------------- Plume traps -----------------------------
       470   492.449     4.272     0.000     5.042    -4.806   255.701   492.449  1024.025   203.067    31.226    10.059     0.020   328.299
-------------------- Starting Farfield Calculations --------------------
Farfield dispersion based on wastefield width of :      28.27 (m)
4/3 Power Law based Eddy Diffusivity is used:
  Dilution     Width  Distance      Time    Bckgrd     Conc.
        ()       (m)       (m)    (hrs.)    (mg/L)    (mg/L)
   492.449    28.283     5.042     0.000     0.000   203.067
   492.449    28.810     6.000     0.014     0.000   205.205
   492.449    29.364     7.000     0.027     0.000   205.205
   492.449    29.921     8.000     0.041     0.000   205.205
   492.458    30.482     9.000     0.055     0.000   205.205
   492.516    31.046    10.000     0.069     0.000   205.205
   492.713    31.613    11.000     0.083     0.000   205.205
   493.165    32.184    12.000     0.097     0.000   205.087
   493.971    32.758    13.000     0.111     0.000   205.087
   495.204    33.336    14.000     0.125     0.000   205.087
   496.900    33.917    15.000     0.139     0.000   205.087
   499.072    34.501    16.000     0.152     0.000   205.087
   501.710    35.089    17.000     0.166     0.000   205.087
   504.795    35.680    18.000     0.180     0.000   201.303
   508.299    36.274    19.000     0.194     0.000   201.303
   512.193    36.871    20.000     0.208     0.000   201.303
   516.447    37.472    21.000     0.222     0.000   201.303
   521.030    38.076    22.000     0.236     0.000   201.303
   525.916    38.683    23.000     0.250     0.000   201.303
   531.078    39.294    24.000     0.264     0.000   191.877
   536.493    39.907    25.000     0.277     0.000   191.877
   542.140    40.524    26.000     0.291     0.000   191.877
   548.001    41.144    27.000     0.305     0.000   191.877
   554.057    41.767    28.000     0.319     0.000   191.877
   560.294    42.393    29.000     0.333     0.000   191.877
   566.698    43.022    30.000     0.347     0.000   179.947
   573.257    43.654    31.000     0.361     0.000   179.947
   579.960    44.289    32.000     0.375     0.000   179.947
   586.796    44.928    33.000     0.389     0.000   179.947
   593.759    45.569    34.000     0.402     0.000   179.947
   600.838    46.214    35.000     0.416     0.000   179.947
   608.028    46.861    36.000     0.430     0.000   167.668
   615.322    47.512    37.000     0.444     0.000   167.668
   622.714    48.165    38.000     0.458     0.000   167.668
   630.199    48.821    39.000     0.472     0.000   167.668
   637.773    49.481    40.000     0.486     0.000   167.668
   645.430    50.143    41.000     0.500     0.000   167.668
   653.168    50.808    42.000     0.514     0.000   155.969
   660.983    51.476    43.000     0.527     0.000   155.969
   668.871    52.147    44.000     0.541     0.000   155.969
   676.830    52.821    45.000     0.555     0.000   155.969
   684.856    53.498    46.000     0.569     0.000   155.969
   692.948    54.178    47.000     0.583     0.000   155.969
   701.104    54.860    48.000     0.597     0.000   145.177
   709.320    55.546    49.000     0.611     0.000   145.177
   717.596    56.234    50.000     0.625     0.000   145.177
   725.929    56.925    51.000     0.639     0.000   145.177
   734.318    57.619    52.000     0.652     0.000   145.177
   742.761    58.315    53.000     0.666     0.000   145.177
   751.257    59.015    54.000     0.680     0.000   135.361
   759.805    59.717    55.000     0.694     0.000   135.361
   768.403    60.422    56.000     0.708     0.000   135.361
   777.050    61.130    57.000     0.722     0.000   135.361
   785.746    61.840    58.000     0.736     0.000   135.361
   794.489    62.553    59.000     0.750     0.000   135.361
   803.278    63.269    60.000     0.764     0.000   126.480
   812.113    63.988    61.000     0.777     0.000   126.480
   820.993    64.709    62.000     0.791     0.000   126.480
   829.916    65.433    63.000     0.805     0.000   126.480
   838.883    66.160    64.000     0.819     0.000   126.480
   847.892    66.889    65.000     0.833     0.000   126.480
   856.944    67.621    66.000     0.847     0.000   118.458
   866.036    68.356    67.000     0.861     0.000   118.458
   875.170    69.093    68.000     0.875     0.000   118.458
   884.344    69.833    69.000     0.889     0.000   118.458
   893.557    70.575    70.000     0.902     0.000   118.458
   902.810    71.321    71.000     0.916     0.000   118.458
   912.101    72.068    72.000     0.930     0.000   111.204
   921.431    72.819    73.000     0.944     0.000   111.204
   930.799    73.572    74.000     0.958     0.000   111.204
   940.205    74.327    75.000     0.972     0.000   111.204
   949.648    75.085    76.000     0.986     0.000   111.204
   959.128    75.846    77.000     1.000     0.000   111.204
   968.644    76.609    78.000     1.014     0.000   104.634
   978.197    77.375    79.000     1.027     0.000   104.634
   987.785    78.143    80.000     1.041     0.000   104.634
   997.409    78.914    81.000     1.055     0.000   104.634
  1007.068    79.687    82.000     1.069     0.000   104.634
  1016.763    80.463    83.000     1.083     0.000   104.634
  1026.492    81.242    84.000     1.097     0.000    98.668
  1036.256    82.022    85.000     1.111     0.000    98.668
  1046.054    82.806    86.000     1.125     0.000    98.668
  1055.886    83.591    87.000     1.139     0.000    98.668
  1065.752    84.380    88.000     1.152     0.000    98.668
  1075.651    85.170    89.000     1.166     0.000    98.668
  1085.584    85.964    90.000     1.180     0.000    93.236
  1095.550    86.759    91.000     1.194     0.000    93.236
  1105.550    87.557    92.000     1.208     0.000    93.236
  1115.581    88.358    93.000     1.222     0.000    93.236
  1125.646    89.161    94.000     1.236     0.000    93.236
  1135.743    89.966    95.000     1.250     0.000    93.236
  1145.872    90.774    96.000     1.264     0.000    88.277
  1156.034    91.584    97.000     1.277     0.000    88.277
  1166.227    92.397    98.000     1.291     0.000    88.277
  1176.452    93.212    99.000     1.305     0.000    88.277
  1186.708    94.029   100.000     1.319     0.000    88.277
  1196.997    94.849   101.000     1.333     0.000    88.277
  1207.316    95.671   102.000     1.347     0.000    83.738
  1217.666    96.495   103.000     1.361     0.000    83.738
  1228.048    97.322   104.000     1.375     0.000    83.738
  1238.461    98.151   105.000     1.389     0.000    83.738
  1248.904    98.982   106.000     1.402     0.000    83.738
  1259.378    99.816   107.000     1.416     0.000    83.738
  1269.882   100.652   108.000     1.430     0.000    79.570
  1280.417   101.491   109.000     1.444     0.000    79.570
  1290.982   102.332   110.000     1.458     0.000    79.570
  1301.577   103.175   111.000     1.472     0.000    79.570
  1312.202   104.020   112.000     1.486     0.000    79.570
  1322.857   104.868   113.000     1.500     0.000    79.570
  1333.541   105.718   114.000     1.514     0.000    75.735
  1344.256   106.570   115.000     1.527     0.000    75.735
  1354.999   107.425   116.000     1.541     0.000    75.735
  1365.773   108.281   117.000     1.555     0.000    75.735
  1376.576   109.140   118.000     1.569     0.000    75.735
  1387.407   110.002   119.000     1.583     0.000    75.735
  1398.269   110.865   120.000     1.597     0.000    72.196
  1409.159   111.731   121.000     1.611     0.000    72.196
  1420.078   112.599   122.000     1.625     0.000    72.196
  1431.026   113.470   123.000     1.639     0.000    72.196
  1442.002   114.342   124.000     1.652     0.000    72.196
  1453.007   115.217   125.000     1.666     0.000    72.196
  1464.041   116.094   126.000     1.680     0.000    68.923
  1475.104   116.973   127.000     1.694     0.000    68.923
  1486.194   117.854   128.000     1.708     0.000    68.923
  1497.313   118.738   129.000     1.722     0.000    68.923
  1508.460   119.624   130.000     1.736     0.000    68.923
  1519.636   120.512   131.000     1.750     0.000    68.923
  1530.839   121.402   132.000     1.764     0.000    65.889
  1542.070   122.294   133.000     1.777     0.000    65.889
  1553.329   123.189   134.000     1.791     0.000    65.889
  1564.616   124.086   135.000     1.805     0.000    65.889
  1575.931   124.985   136.000     1.819     0.000    65.889
  1587.273   125.886   137.000     1.833     0.000    65.889
  1598.643   126.789   138.000     1.847     0.000    63.071
  1610.040   127.694   139.000     1.861     0.000    63.071
  1621.465   128.602   140.000     1.875     0.000    63.071
  1632.917   129.511   141.000     1.889     0.000    63.071
  1644.396   130.423   142.000     1.902     0.000    63.071
  1655.902   131.337   143.000     1.916     0.000    63.071
  1667.436   132.253   144.000     1.930     0.000    60.448
  1678.996   133.171   145.000     1.944     0.000    60.448
  1690.584   134.091   146.000     1.958     0.000    60.448
  1702.198   135.014   147.000     1.972     0.000    60.448
  1713.839   135.938   148.000     1.986     0.000    60.448
  1725.507   136.865   149.000     2.000     0.000    60.448
  1737.202   137.793   150.000     2.014     0.000    58.001
  1748.923   138.724   151.000     2.027     0.000    58.001
  1760.671   139.657   152.000     2.041     0.000    58.001
  1772.445   140.592   153.000     2.055     0.000    58.001
  1784.246   141.529   154.000     2.069     0.000    58.001
  1796.073   142.468   155.000     2.083     0.000    58.001
  1807.926   143.409   156.000     2.097     0.000    55.714
  1819.805   144.352   157.000     2.111     0.000    55.714
  1831.711   145.298   158.000     2.125     0.000    55.714
  1843.643   146.245   159.000     2.139     0.000    55.714
  1855.601   147.194   160.000     2.152     0.000    55.714
  1867.584   148.146   161.000     2.166     0.000    55.714
  1879.594   149.099   162.000     2.180     0.000    53.574
  1891.630   150.055   163.000     2.194     0.000    53.574
  1903.691   151.012   164.000     2.208     0.000    53.574
  1915.778   151.972   165.000     2.222     0.000    53.574
  1927.891   152.933   166.000     2.236     0.000    53.574
  1940.029   153.897   167.000     2.250     0.000    53.574
  1952.193   154.863   168.000     2.264     0.000    51.567
  1964.382   155.830   169.000     2.277     0.000    51.567
  1976.597   156.800   170.000     2.291     0.000    51.567
  1988.837   157.771   171.000     2.305     0.000    51.567
  2001.103   158.745   172.000     2.319     0.000    51.567
  2013.394   159.721   173.000     2.333     0.000    51.567
  2025.710   160.698   174.000     2.347     0.000    49.683
  2038.051   161.678   175.000     2.361     0.000    49.683
  2050.417   162.660   176.000     2.375     0.000    49.683
  2062.808   163.643   177.000     2.389     0.000    49.683
  2075.225   164.629   178.000     2.402     0.000    49.683
  2087.666   165.616   179.000     2.416     0.000    49.683
  2100.132   166.606   180.000     2.430     0.000    47.910
  2112.623   167.597   181.000     2.444     0.000    47.910
  2125.139   168.590   182.000     2.458     0.000    47.910
  2137.680   169.586   183.000     2.472     0.000    47.910
  2150.245   170.583   184.000     2.486     0.000    47.910
  2162.835   171.582   185.000     2.500     0.000    47.910
  2175.450   172.584   186.000     2.514     0.000    46.240
  2188.089   173.587   187.000     2.527     0.000    46.240
  2200.752   174.592   188.000     2.541     0.000    46.240
  2213.440   175.599   189.000     2.555     0.000    46.240
  2226.153   176.608   190.000     2.569     0.000    46.240
  2238.889   177.619   191.000     2.583     0.000    46.240
  2251.650   178.631   192.000     2.597     0.000    44.665
  2264.436   179.646   193.000     2.611     0.000    44.665
  2277.245   180.663   194.000     2.625     0.000    44.665
  2290.079   181.681   195.000     2.639     0.000    44.665
  2302.937   182.702   196.000     2.652     0.000    44.665
  2315.819   183.724   197.000     2.666     0.000    44.665
  2328.724   184.748   198.000     2.680     0.000    43.178
  2341.654   185.774   199.000     2.694     0.000    43.178
  2354.608   186.802   200.000     2.708     0.000    43.178
  2367.585   187.832   201.000     2.722     0.000    43.178
  2380.587   188.864   202.000     2.736     0.000    43.178
  2393.612   189.898   203.000     2.750     0.000    43.178
  2406.661   190.933   204.000     2.764     0.000    41.771
  2419.734   191.971   205.000     2.777     0.000    41.771
  2432.830   193.010   206.000     2.791     0.000    41.771
............................. Reached Chronic Mixing Zone ..........................
  2445.950   194.051   207.000     2.805     0.000    41.771
  2459.094   195.094   208.000     2.819     0.000    41.771
  2472.261   196.139   209.000     2.833     0.000    41.771
  2485.451   197.186   210.000     2.847     0.000    40.439
  2498.665   198.234   211.000     2.861     0.000    40.439
  2511.902   199.285   212.000     2.875     0.000    40.439
  2525.163   200.337   213.000     2.889     0.000    40.439
  2538.447   201.391   214.000     2.902     0.000    40.439
  2551.754   202.447   215.000     2.916     0.000    40.439
  2565.085   203.505   216.000     2.930     0.000    39.176
  2578.438   204.565   217.000     2.944     0.000    39.176
  2591.815   205.626   218.000     2.958     0.000    39.176
  2605.215   206.690   219.000     2.972     0.000    39.176
  2618.638   207.755   220.000     2.986     0.000    39.176
  2632.084   208.822   221.000     3.000     0.000    39.176
  2645.553   209.891   222.000     3.014     0.000    37.978
  2659.045   210.961   223.000     3.027     0.000    37.978
  2672.560   212.034   224.000     3.041     0.000    37.978
  2686.098   213.108   225.000     3.055     0.000    37.978
  2699.658   214.184   226.000     3.069     0.000    37.978
  2713.242   215.262   227.000     3.083     0.000    37.978
  2726.848   216.342   228.000     3.097     0.000    36.839
  2740.477   217.423   229.000     3.111     0.000    36.839
  2754.128   218.506   230.000     3.125     0.000    36.839
  2767.802   219.591   231.000     3.139     0.000    36.839
  2781.499   220.678   232.000     3.152     0.000    36.839
  2795.218   221.767   233.000     3.166     0.000    36.839
  2808.960   222.857   234.000     3.180     0.000    35.756
  2822.724   223.950   235.000     3.194     0.000    35.756
  2836.511   225.043   236.000     3.208     0.000    35.756
  2850.320   226.139   237.000     3.222     0.000    35.756
  2864.151   227.237   238.000     3.236     0.000    35.756
  2878.005   228.336   239.000     3.250     0.000    35.756
  2891.881   229.437   240.000     3.264     0.000    34.725
  2905.780   230.540   241.000     3.277     0.000    34.725
  2919.700   231.645   242.000     3.291     0.000    34.725
  2933.643   232.751   243.000     3.305     0.000    34.725
  2947.608   233.859   244.000     3.319     0.000    34.725
  2961.595   234.969   245.000     3.333     0.000    34.725
  2975.604   236.080   246.000     3.347     0.000    33.743
  2989.635   237.194   247.000     3.361     0.000    33.743
  3003.688   238.309   248.000     3.375     0.000    33.743
  3017.763   239.426   249.000     3.389     0.000    33.743
  3031.861   240.544   250.000     3.402     0.000    33.743
  3045.980   241.665   251.000     3.416     0.000    33.743
  3060.120   242.787   252.000     3.430     0.000    32.807
  3074.283   243.910   253.000     3.444     0.000    32.807
  3088.468   245.036   254.000     3.458     0.000    32.807
  3102.674   246.163   255.000     3.472     0.000    32.807
  3116.902   247.292   256.000     3.486     0.000    32.807
  3131.152   248.423   257.000     3.500     0.000    32.807
  3145.423   249.555   258.000     3.514     0.000    31.913
  3159.716   250.689   259.000     3.527     0.000    31.913
  3174.031   251.825   260.000     3.541     0.000    31.913
  3188.367   252.963   261.000     3.555     0.000    31.913
  3202.725   254.102   262.000     3.569     0.000    31.913
  3217.104   255.243   263.000     3.583     0.000    31.913
  3231.505   256.386   264.000     3.597     0.000    31.058
  3245.927   257.530   265.000     3.611     0.000    31.058
  3260.371   258.676   266.000     3.625     0.000    31.058
  3274.836   259.824   267.000     3.639     0.000    31.058
  3289.322   260.973   268.000     3.652     0.000    31.058
  3303.830   262.124   269.000     3.666     0.000    31.058
  3318.359   263.277   270.000     3.680     0.000    30.241
  3332.909   264.432   271.000     3.694     0.000    30.241
  3347.480   265.588   272.000     3.708     0.000    30.241
  3362.073   266.746   273.000     3.722     0.000    30.241
  3376.687   267.905   274.000     3.736     0.000    30.241
  3391.322   269.066   275.000     3.750     0.000    30.241
  3405.978   270.229   276.000     3.764     0.000    29.460
  3420.655   271.394   277.000     3.777     0.000    29.460
  3435.353   272.560   278.000     3.791     0.000    29.460
  3450.072   273.728   279.000     3.805     0.000    29.460
  3464.812   274.898   280.000     3.819     0.000    29.460
  3479.573   276.069   281.000     3.833     0.000    29.460
  3494.355   277.242   282.000     3.847     0.000    28.711
  3509.158   278.416   283.000     3.861     0.000    28.711
  3523.981   279.592   284.000     3.875     0.000    28.711
  3538.826   280.770   285.000     3.889     0.000    28.711
  3553.691   281.950   286.000     3.902     0.000    28.711
  3568.577   283.131   287.000     3.916     0.000    28.711
  3583.484   284.314   288.000     3.930     0.000    27.994
  3598.412   285.498   289.000     3.944     0.000    27.994
  3613.360   286.684   290.000     3.958     0.000    27.994
  3628.329   287.872   291.000     3.972     0.000    27.994
  3643.318   289.061   292.000     3.986     0.000    27.994
  3658.328   290.252   293.000     4.000     0.000    27.994
  3673.359   291.445   294.000     4.014     0.000    27.306
  3688.410   292.639   295.000     4.027     0.000    27.306
  3703.482   293.835   296.000     4.041     0.000    27.306
  3718.574   295.032   297.000     4.055     0.000    27.306
  3733.687   296.231   298.000     4.069     0.000    27.306
  3748.820   297.432   299.000     4.083     0.000    27.306
  3763.973   298.634   300.000     4.097     0.000    26.646
  3779.147   299.838   301.000     4.111     0.000    26.646
  3794.341   301.044   302.000     4.125     0.000    26.646
  3809.556   302.251   303.000     4.139     0.000    26.646
  3824.791   303.460   304.000     4.152     0.000    26.646
  3840.046   304.670   305.000     4.166     0.000    26.646
  3855.321   305.882   306.000     4.180     0.000    26.012
  3870.617   307.096   307.000     4.194     0.000    26.012
  3885.932   308.311   308.000     4.208     0.000    26.012
  3901.268   309.528   309.000     4.222     0.000    26.012
  3916.624   310.746   310.000     4.236     0.000    26.012
  3932.000   311.966   311.000     4.250     0.000    26.012
  3947.396   313.188   312.000     4.264     0.000    25.403
  3962.813   314.411   313.000     4.277     0.000    25.403
  3978.249   315.636   314.000     4.291     0.000    25.403
  3993.705   316.862   315.000     4.305     0.000    25.403
  4009.181   318.090   316.000     4.319     0.000    25.403
  4024.677   319.320   317.000     4.333     0.000    25.403
  4040.194   320.551   318.000     4.347     0.000    24.817
  4055.729   321.783   319.000     4.361     0.000    24.817
  4071.285   323.018   320.000     4.375     0.000    24.817
  4086.861   324.254   321.000     4.389     0.000    24.817
  4102.457   325.491   322.000     4.402     0.000    24.817
  4118.072   326.730   323.000     4.416     0.000    24.817
  4133.707   327.970   324.000     4.430     0.000    24.253
  4149.362   329.213   325.000     4.444     0.000    24.253
  4165.036   330.456   326.000     4.458     0.000    24.253
  4180.730   331.701   327.000     4.472     0.000    24.253
  4196.444   332.948   328.000     4.486     0.000    24.253
  4212.178   334.197   329.000     4.500     0.000    24.253
  4227.931   335.446   330.000     4.514     0.000    23.710
  4243.704   336.698   331.000     4.527     0.000    23.710
  4259.496   337.951   332.000     4.541     0.000    23.710
  4275.308   339.205   333.000     4.555     0.000    23.710
  4291.139   340.462   334.000     4.569     0.000    23.710
  4306.990   341.719   335.000     4.583     0.000    23.710
  4322.861   342.978   336.000     4.597     0.000    23.188
  4338.750   344.239   337.000     4.611     0.000    23.188
  4354.660   345.501   338.000     4.625     0.000    23.188
  4370.588   346.765   339.000     4.639     0.000    23.188
  4386.536   348.031   340.000     4.652     0.000    23.188
  4402.504   349.298   341.000     4.666     0.000    23.188
  4418.490   350.566   342.000     4.680     0.000    22.684
  4434.496   351.836   343.000     4.694     0.000    22.684
  4450.522   353.107   344.000     4.708     0.000    22.684
  4466.566   354.380   345.000     4.722     0.000    22.684
  4482.630   355.655   346.000     4.736     0.000    22.684
  4498.713   356.931   347.000     4.750     0.000    22.684
  4514.815   358.209   348.000     4.764     0.000    22.198
  4530.937   359.488   349.000     4.777     0.000    22.198
  4547.077   360.768   350.000     4.791     0.000    22.198
  4563.237   362.051   351.000     4.805     0.000    22.198
  4579.416   363.334   352.000     4.819     0.000    22.198
  4595.614   364.619   353.000     4.833     0.000    22.198
  4611.831   365.906   354.000     4.847     0.000    21.729
  4628.066   367.194   355.000     4.861     0.000    21.729
  4644.321   368.484   356.000     4.875     0.000    21.729
  4660.595   369.775   357.000     4.889     0.000    21.729
  4676.888   371.068   358.000     4.902     0.000    21.729
  4693.200   372.362   359.000     4.916     0.000    21.729
  4709.531   373.658   360.000     4.930     0.000    21.277
  4725.881   374.955   361.000     4.944     0.000    21.277
  4742.249   376.254   362.000     4.958     0.000    21.277
  4758.637   377.554   363.000     4.972     0.000    21.277
  4775.043   378.856   364.000     4.986     0.000    21.277
  4791.468   380.159   365.000     5.000     0.000    21.277
  4807.912   381.464   366.000     5.014     0.000    20.840
  4824.374   382.770   367.000     5.027     0.000    20.840
  4840.856   384.078   368.000     5.041     0.000    20.840
  4857.356   385.387   369.000     5.055     0.000    20.840
  4873.875   386.697   370.000     5.069     0.000    20.840
  4890.412   388.009   371.000     5.083     0.000    20.840
  4906.968   389.323   372.000     5.097     0.000    20.418
  4923.543   390.638   373.000     5.111     0.000    20.418
  4940.137   391.955   374.000     5.125     0.000    20.418
  4956.749   393.273   375.000     5.139     0.000    20.418
  4973.379   394.592   376.000     5.152     0.000    20.418
  4990.028   395.913   377.000     5.166     0.000    20.418
  5006.696   397.236   378.000     5.180     0.000    20.010
  5023.382   398.560   379.000     5.194     0.000    20.010
  5040.087   399.885   380.000     5.208     0.000    20.010
  5056.810   401.212   381.000     5.222     0.000    20.010
  5073.552   402.540   382.000     5.236     0.000    20.010
  5090.312   403.870   383.000     5.250     0.000    20.010
  5107.091   405.201   384.000     5.264     0.000    19.615
  5123.887   406.534   385.000     5.277     0.000    19.615
  5140.703   407.868   386.000     5.291     0.000    19.615
  5157.536   409.204   387.000     5.305     0.000    19.615
  5174.388   410.541   388.000     5.319     0.000    19.615
  5191.259   411.879   389.000     5.333     0.000    19.615
  5208.147   413.219   390.000     5.347     0.000    19.233
  5225.054   414.561   391.000     5.361     0.000    19.233
  5241.979   415.904   392.000     5.375     0.000    19.233
  5258.923   417.248   393.000     5.389     0.000    19.233
  5275.884   418.594   394.000     5.402     0.000    19.233
  5292.864   419.941   395.000     5.416     0.000    19.233
  5309.862   421.290   396.000     5.430     0.000    18.863
  5326.878   422.640   397.000     5.444     0.000    18.863
  5343.913   423.991   398.000     5.458     0.000    18.863
  5360.965   425.344   399.000     5.472     0.000    18.863
  5378.035   426.699   400.000     5.486     0.000    18.863
  5395.124   428.054   401.000     5.500     0.000    18.863
  5412.231   429.412   402.000     5.514     0.000    18.505
  5429.355   430.770   403.000     5.527     0.000    18.505
  5446.498   432.131   404.000     5.541     0.000    18.505
  5463.659   433.492   405.000     5.555     0.000    18.505
  5480.837   434.855   406.000     5.569     0.000    18.505
  5498.034   436.220   407.000     5.583     0.000    18.505
  5515.249   437.585   408.000     5.597     0.000    18.159
  5532.481   438.953   409.000     5.611     0.000    18.159
  5549.732   440.321   410.000     5.625     0.000    18.159
  5567.000   441.691   411.000     5.639     0.000    18.159
  5584.286   443.063   412.000     5.652     0.000    18.159
  5601.590   444.436   413.000     5.666     0.000    18.159
  5618.912   445.810   414.000     5.680     0.000    17.823
  5636.252   447.186   415.000     5.694     0.000    17.823
  5653.610   448.563   416.000     5.708     0.000    17.823
  5670.985   449.942   417.000     5.722     0.000    17.823
  5688.378   451.322   418.000     5.736     0.000    17.823
  5705.789   452.703   419.000     5.750     0.000    17.823
  5723.218   454.086   420.000     5.764     0.000    17.497
  5740.664   455.470   421.000     5.777     0.000    17.497
  5758.128   456.856   422.000     5.791     0.000    17.497
  5775.610   458.243   423.000     5.805     0.000    17.497
  5793.109   459.631   424.000     5.819     0.000    17.497
  5810.626   461.021   425.000     5.833     0.000    17.497
  5828.160   462.412   426.000     5.847     0.000    17.181
  5845.713   463.805   427.000     5.861     0.000    17.181
  5863.282   465.199   428.000     5.875     0.000    17.181
  5880.870   466.594   429.000     5.889     0.000    17.181
  5898.475   467.991   430.000     5.902     0.000    17.181
  5916.097   469.389   431.000     5.916     0.000    17.181
  5933.737   470.789   432.000     5.930     0.000    16.874
  5951.394   472.190   433.000     5.944     0.000    16.874
  5969.069   473.592   434.000     5.958     0.000    16.874
  5986.762   474.996   435.000     5.972     0.000    16.874
  6004.471   476.401   436.000     5.986     0.000    16.874
  6022.199   477.808   437.000     6.000     0.000    16.874
  6039.943   479.216   438.000     6.014     0.000    16.577
  6057.705   480.625   439.000     6.027     0.000    16.577
  6075.485   482.036   440.000     6.041     0.000    16.577
  6093.282   483.448   441.000     6.055     0.000    16.577
  6111.096   484.861   442.000     6.069     0.000    16.577
  6128.927   486.276   443.000     6.083     0.000    16.577
  6146.776   487.692   444.000     6.097     0.000    16.288
  6164.642   489.109   445.000     6.111     0.000    16.288
  6182.525   490.528   446.000     6.125     0.000    16.288
  6200.426   491.949   447.000     6.139     0.000    16.288
  6218.344   493.370   448.000     6.152     0.000    16.288
  6236.279   494.793   449.000     6.166     0.000    16.288
  6254.231   496.218   450.000     6.180     0.000    16.007
  6272.201   497.643   451.000     6.194     0.000    16.007
  6290.187   499.070   452.000     6.208     0.000    16.007
  6308.191   500.499   453.000     6.222     0.000    16.007
  6326.212   501.929   454.000     6.236     0.000    16.007
  6344.250   503.360   455.000     6.250     0.000    16.007
  6362.306   504.792   456.000     6.264     0.000    15.734
  6380.378   506.226   457.000     6.277     0.000    15.734
  6398.467   507.662   458.000     6.291     0.000    15.734
  6416.574   509.098   459.000     6.305     0.000    15.734
  6434.697   510.536   460.000     6.319     0.000    15.734
  6452.838   511.975   461.000     6.333     0.000    15.734
  6470.995   513.416   462.000     6.347     0.000    15.469
  6489.170   514.858   463.000     6.361     0.000    15.469
  6507.362   516.301   464.000     6.375     0.000    15.469
  6525.570   517.746   465.000     6.389     0.000    15.469
  6543.795   519.192   466.000     6.402     0.000    15.469
  6562.038   520.640   467.000     6.416     0.000    15.469
  6580.297   522.088   468.000     6.430     0.000    15.211
  6598.573   523.538   469.000     6.444     0.000    15.211
  6616.867   524.990   470.000     6.458     0.000    15.211
  6635.177   526.442   471.000     6.472     0.000    15.211
  6653.503   527.897   472.000     6.486     0.000    15.211
  6671.847   529.352   473.000     6.500     0.000    15.211
  6690.208   530.809   474.000     6.514     0.000    14.961
  6708.585   532.267   475.000     6.527     0.000    14.961
  6726.979   533.726   476.000     6.541     0.000    14.961
  6745.390   535.187   477.000     6.555     0.000    14.961
  6763.818   536.649   478.000     6.569     0.000    14.961
  6782.262   538.112   479.000     6.583     0.000    14.961
  6800.723   539.577   480.000     6.597     0.000    14.717
  6819.201   541.043   481.000     6.611     0.000    14.717
  6837.696   542.511   482.000     6.625     0.000    14.717
  6856.207   543.979   483.000     6.639     0.000    14.717
  6874.735   545.449   484.000     6.652     0.000    14.717
  6893.279   546.921   485.000     6.666     0.000    14.717
  6911.841   548.393   486.000     6.680     0.000    14.480
  6930.419   549.867   487.000     6.694     0.000    14.480
  6949.013   551.343   488.000     6.708     0.000    14.480
  6967.624   552.819   489.000     6.722     0.000    14.480
  6986.252   554.297   490.000     6.736     0.000    14.480
  7004.896   555.777   491.000     6.750     0.000    14.480
  7023.557   557.257   492.000     6.764     0.000    14.249
  7042.234   558.739   493.000     6.777     0.000    14.249
  7060.928   560.222   494.000     6.791     0.000    14.249
  7079.639   561.707   495.000     6.805     0.000    14.249
  7098.366   563.193   496.000     6.819     0.000    14.249
  7117.109   564.680   497.000     6.833     0.000    14.249
  7135.869   566.168   498.000     6.847     0.000    14.024
  7154.645   567.658   499.000     6.861     0.000    14.024
  7173.438   569.149   500.000     6.875     0.000    14.024
  7192.247   570.641   501.000     6.889     0.000    14.024
  7211.073   572.135   502.000     6.902     0.000    14.024
  7229.915   573.630   503.000     6.916     0.000    14.024
  7248.773   575.126   504.000     6.930     0.000    14.024
  7248.867   575.134   504.005     6.930     0.000    13.805
