****************************************************************************************************
----------------------------------------------------------------------------------------------------
Ambient Table:
     Depth   Amb-cur   Amb-dir   Amb-sal   Amb-tem   Amb-pol     Decay   Far-spd   Far-dir   Disprsn
       (m)     (m/s)     (deg)     (psu)       (C)    (mg/L)   (1/day)     (m/s)     (deg)(m0.67/s2)
     0.000     0.020    90.000    30.900    11.200     0.000     0.000     0.020    90.000   0.00030
     3.000     0.020    90.000    31.200    10.400     0.000     0.000     0.020    90.000   0.00030
     6.000     0.020    90.000    31.200     9.690     0.000     0.000     0.020    90.000   0.00030
     9.000     0.020    90.000    31.700     9.440     0.000     0.000     0.020    90.000   0.00030
    12.000     0.020    90.000    31.800     9.340     0.000     0.000     0.020    90.000   0.00030
    15.000     0.050    90.000    31.900     9.220     0.000     0.000     0.020    90.000   0.00030
----------------------------------------------------------------------------------------------------
Diffuser Table:
     P-dia    P-elev   V-angle   H-angle     Ports   Spacing   AcuteMZ   ChrncMZ   P-depth   Ttl-flo   Eff-sal      Temp   Polutnt
       (m)       (m)     (deg)     (deg)       ( )       (m)       (m)       (m)       (m)     (cms)     (psu)       (C)    (mg/L)
      0.50     15.00    -45.00     90.00      1.00      0.00     20.70    207.00      2.50      0.01     35.00     10.00 100000.00
----------------------------------------------------------------------------------------------------
Simulation Results:
              Dilutn     P-dia    x-posn    y-posn     Depth      Time   Net-Dil     P-Den    P-Con.     P-Sal    P-Temp  Amb-Curr    CL-Dil
      Step (FluxAvg)       (m)       (m)       (m)       (m)       (s)        ()   (kg/m3)    (mg/L)     (psu)       (C)     (m/s)        ()
         1     1.003     0.391     0.000     0.010    -2.513     0.336     1.003  1026.965 99686.459    34.988    10.002     0.020     1.000
         2     1.004     0.361     0.000     0.010    -2.514     0.353     1.004  1026.963 99644.743    34.986    10.002     0.020     1.000
         3     1.004     0.359     0.000     0.011    -2.515     0.373     1.004  1026.961 99583.156    34.984    10.002     0.020     1.000
         4     1.005     0.358     0.000     0.012    -2.516     0.394     1.005  1026.959 99516.977    34.981    10.003     0.020     1.000
         5     1.006     0.356     0.000     0.012    -2.516     0.415     1.006  1026.957 99446.181    34.979    10.003     0.020     1.000
         6     1.006     0.355     0.000     0.013    -2.517     0.436     1.006  1026.955 99370.377    34.976    10.003     0.020     1.000
         7     1.007     0.353     0.000     0.014    -2.518     0.458     1.007  1026.952 99289.124    34.973    10.004     0.020     1.000
         8     1.008     0.352     0.000     0.014    -2.519     0.481     1.008  1026.950 99201.935    34.969    10.004     0.020     1.000
         9     1.009     0.350     0.000     0.015    -2.520     0.504     1.009  1026.947 99108.271    34.966    10.005     0.020     1.000
        10     1.010     0.349     0.000     0.016    -2.521     0.527     1.010  1026.944 99007.532    34.962    10.005     0.020     1.000
        11     1.011     0.347     0.000     0.016    -2.522     0.551     1.011  1026.940 98899.049    34.958    10.006     0.020     1.000
        12     1.012     0.346     0.000     0.017    -2.524     0.576     1.012  1026.937 98782.076    34.953    10.006     0.020     1.000
        13     1.014     0.344     0.000     0.018    -2.525     0.602     1.014  1026.933 98655.777    34.948    10.007     0.020     1.000
        14     1.015     0.342     0.000     0.018    -2.526     0.628     1.015  1026.929 98519.216    34.943    10.008     0.020     1.000
        15     1.017     0.341     0.000     0.019    -2.527     0.654     1.017  1026.924 98371.336    34.938    10.009     0.020     1.000
        16     1.018     0.339     0.000     0.020    -2.529     0.682     1.018  1026.919 98210.949    34.931    10.009     0.020     1.000
        17     1.020     0.338     0.000     0.021    -2.530     0.710     1.020  1026.914 98036.702    34.925    10.010     0.020     1.000
        18     1.022     0.336     0.000     0.022    -2.531     0.739     1.022  1026.908 97847.063    34.917    10.011     0.020     1.000
        19     1.024     0.335     0.000     0.023    -2.533     0.769     1.024  1026.902 97640.278    34.909    10.012     0.020     1.000
        20     1.027     0.333     0.000     0.024    -2.535     0.800     1.027  1026.895 97414.337    34.901    10.014     0.020     1.000
        21     1.029     0.332     0.000     0.024    -2.536     0.832     1.029  1026.887 97166.923    34.891    10.015     0.020     1.000
        22     1.032     0.331     0.000     0.025    -2.538     0.865     1.032  1026.879 96895.349    34.881    10.016     0.020     1.000
        23     1.035     0.329     0.000     0.026    -2.540     0.900     1.035  1026.869 96596.479    34.869    10.018     0.020     1.000
        24     1.039     0.328     0.000     0.027    -2.542     0.935     1.039  1026.859 96266.627    34.857    10.020     0.020     1.000
        25     1.043     0.327     0.000     0.029    -2.544     0.972     1.043  1026.848 95902.318    34.843    10.022     0.020     1.000
        26     1.047     0.325     0.000     0.030    -2.546     1.011     1.047  1026.836 95519.793    34.828    10.023     0.020     1.000
        27     1.051     0.324     0.000     0.031    -2.548     1.051     1.051  1026.824 95120.849    34.813    10.026     0.020     1.000
        28     1.056     0.323     0.000     0.032    -2.551     1.092     1.056  1026.811 94704.469    34.797    10.028     0.020     1.000
        29     1.061     0.322     0.000     0.033    -2.553     1.135     1.061  1026.798 94269.607    34.780    10.030     0.020     1.000
        30     1.066     0.321     0.000     0.035    -2.556     1.179     1.066  1026.784 93815.129    34.763    10.032     0.020     1.000
        31     1.071     0.319     0.000     0.036    -2.559     1.225     1.071  1026.769 93339.810    34.745    10.035     0.020     1.000
        32     1.077     0.318     0.000     0.037    -2.562     1.273     1.077  1026.754 92842.329    34.725    10.037     0.020     1.000
        33     1.083     0.317     0.000     0.039    -2.565     1.323     1.083  1026.738 92321.253    34.705    10.040     0.020     1.000
        34     1.090     0.316     0.000     0.040    -2.568     1.374     1.090  1026.721 91775.031    34.685    10.043     0.020     1.000
        35     1.096     0.315     0.000     0.042    -2.572     1.429     1.096  1026.703 91201.977    34.663    10.046     0.020     1.000
        36     1.104     0.314     0.000     0.043    -2.576     1.485     1.104  1026.685 90600.261    34.640    10.049     0.020     1.000
        37     1.112     0.313     0.000     0.045    -2.579     1.544     1.112  1026.665 89967.886    34.615    10.052     0.020     1.000
        38     1.120     0.312     0.000     0.047    -2.584     1.606     1.120  1026.645 89302.675    34.590    10.056     0.020     1.000
        39     1.129     0.311     0.000     0.049    -2.588     1.670     1.129  1026.623 88602.248    34.563    10.059     0.020     1.000
        40     1.138     0.310     0.000     0.051    -2.593     1.738     1.138  1026.601 87864.001    34.535    10.063     0.020     1.000
        41     1.148     0.309     0.000     0.053    -2.598     1.810     1.148  1026.577 87085.072    34.505    10.067     0.020     1.000
        42     1.159     0.309     0.000     0.055    -2.604     1.885     1.159  1026.552 86262.316    34.473    10.071     0.020     1.000
        43     1.171     0.308     0.000     0.057    -2.610     1.964     1.171  1026.525 85392.266    34.440    10.075     0.020     1.000
        44     1.184     0.307     0.000     0.059    -2.616     2.049     1.184  1026.496 84471.087    34.405    10.080     0.020     1.000
        45     1.198     0.307     0.000     0.062    -2.623     2.138     1.198  1026.467 83494.533    34.367    10.085     0.020     1.000
        46     1.213     0.307     0.000     0.064    -2.630     2.232     1.213  1026.435 82457.879    34.328    10.090     0.020     1.000
        47     1.229     0.306     0.000     0.067    -2.638     2.333     1.229  1026.401 81355.860    34.285    10.096     0.020     1.000
        48     1.247     0.306     0.000     0.070    -2.647     2.441     1.247  1026.365 80182.578    34.240    10.101     0.020     1.000
        49     1.267     0.307     0.000     0.073    -2.657     2.557     1.267  1026.326 78931.409    34.193    10.107     0.020     1.000
        50     1.289     0.307     0.000     0.077    -2.667     2.681     1.289  1026.285 77592.585    34.141    10.114     0.020     1.000
        51     1.313     0.307     0.000     0.080    -2.679     2.816     1.313  1026.241 76154.965    34.086    10.121     0.020     1.000
        52     1.339     0.308     0.000     0.084    -2.691     2.957     1.339  1026.196 74658.396    34.029    10.128     0.020     1.000
        53     1.366     0.309     0.000     0.088    -2.703     3.097     1.366  1026.151 73191.304    33.973    10.135     0.020     1.000
        54     1.394     0.310     0.000     0.092    -2.716     3.237     1.394  1026.107 71753.104    33.918    10.142     0.020     1.000
        55     1.422     0.311     0.000     0.096    -2.728     3.376     1.422  1026.064 70343.227    33.864    10.149     0.020     1.000
        56     1.450     0.313     0.000     0.099    -2.741     3.514     1.450  1026.021 68961.111    33.811    10.155     0.020     1.000
        57     1.479     0.314     0.000     0.103    -2.754     3.652     1.479  1025.980 67606.207    33.760    10.161     0.020     1.000
        58     1.509     0.316     0.000     0.106    -2.767     3.790     1.509  1025.940 66277.978    33.709    10.167     0.020     1.000
        59     1.539     0.318     0.000     0.110    -2.780     3.927     1.539  1025.900 64975.897    33.659    10.173     0.020     1.000
        60     1.570     0.320     0.000     0.114    -2.793     4.065     1.570  1025.861 63699.446    33.610    10.179     0.020     1.000
        61     1.601     0.322     0.000     0.117    -2.806     4.203     1.601  1025.823 62448.120    33.563    10.184     0.020     1.000
        62     1.633     0.324     0.000     0.121    -2.819     4.341     1.633  1025.786 61221.421    33.516    10.190     0.020     1.000
        63     1.666     0.327     0.000     0.124    -2.833     4.480     1.666  1025.749 60018.864    33.470    10.195     0.020     1.000
        64     1.700     0.329     0.000     0.128    -2.846     4.619     1.700  1025.713 58839.971    33.425    10.200     0.020     1.000
        65     1.734     0.332     0.000     0.132    -2.860     4.759     1.734  1025.678 57684.275    33.381    10.205     0.020     1.000
        66     1.768     0.334     0.000     0.135    -2.874     4.899     1.768  1025.644 56551.319    33.338    10.209     0.020     1.000
        67     1.804     0.337     0.000     0.139    -2.887     5.041     1.804  1025.610 55440.652    33.296    10.214     0.020     1.000
        68     1.840     0.340     0.000     0.142    -2.901     5.183     1.840  1025.577 54351.836    33.255    10.218     0.020     1.000
        69     1.877     0.343     0.000     0.146    -2.916     5.326     1.877  1025.545 53284.439    33.214    10.222     0.020     1.000
        70     1.914     0.346     0.000     0.149    -2.930     5.470     1.914  1025.514 52238.038    33.175    10.226     0.020     1.000
        71     1.953     0.349     0.000     0.153    -2.944     5.615     1.953  1025.483 51212.219    33.136    10.230     0.020     1.000
        72     1.992     0.352     0.000     0.157    -2.959     5.761     1.992  1025.452 50206.575    33.098    10.234     0.020     1.000
        73     2.032     0.355     0.000     0.160    -2.973     5.908     2.032  1025.423 49220.709    33.060    10.237     0.020     1.016
        74     2.072     0.359     0.000     0.164    -2.988     6.057     2.072  1025.394 48254.231    33.024    10.241     0.020     1.036
        75     2.114     0.362     0.000     0.168    -3.003     6.207     2.114  1025.365 47306.759    32.988    10.244     0.020     1.057
        76     2.156     0.366     0.000     0.171    -3.018     6.358     2.156  1025.338 46377.917    32.953    10.247     0.020     1.078
        77     2.199     0.369     0.000     0.175    -3.034     6.511     2.199  1025.310 45467.337    32.918    10.250     0.020     1.100
        78     2.243     0.373     0.000     0.179    -3.049     6.665     2.243  1025.284 44574.660    32.885    10.253     0.020     1.122
        79     2.288     0.377     0.000     0.183    -3.064     6.820     2.288  1025.257 43699.532    32.852    10.256     0.020     1.144
        80     2.334     0.380     0.000     0.186    -3.080     6.977     2.334  1025.232 42841.607    32.819    10.258     0.020     1.167
        81     2.381     0.384     0.000     0.190    -3.096     7.136     2.381  1025.207 42000.546    32.788    10.261     0.020     1.190
        82     2.429     0.388     0.000     0.194    -3.112     7.297     2.429  1025.182 41176.017    32.756    10.263     0.020     1.214
        83     2.477     0.392     0.000     0.198    -3.128     7.459     2.477  1025.158 40367.694    32.726    10.265     0.020     1.239
        84     2.527     0.396     0.000     0.202    -3.144     7.623     2.527  1025.134 39575.258    32.696    10.267     0.020     1.263
        85     2.577     0.400     0.000     0.206    -3.161     7.788     2.577  1025.111 38798.396    32.667    10.269     0.020     1.289
        86     2.629     0.405     0.000     0.210    -3.178     7.956     2.629  1025.088 38036.801    32.638    10.271     0.020     1.315
        87     2.682     0.409     0.000     0.214    -3.194     8.125     2.682  1025.066 37290.173    32.610    10.273     0.020     1.341
        88     2.735     0.413     0.000     0.218    -3.211     8.297     2.735  1025.044 36558.216    32.582    10.275     0.020     1.368
        89     2.790     0.418     0.000     0.222    -3.228     8.470     2.790  1025.023 35840.642    32.555    10.276     0.020     1.395
        90     2.846     0.422     0.000     0.226    -3.246     8.646     2.846  1025.002 35137.167    32.528    10.278     0.020     1.423
        91     2.903     0.427     0.000     0.230    -3.263     8.823     2.903  1024.982 34447.515    32.502    10.279     0.020     1.451
        92     2.961     0.432     0.000     0.234    -3.281     9.003     2.961  1024.962 33771.412    32.477    10.280     0.020     1.481
        93     3.020     0.437     0.000     0.238    -3.299     9.185     3.020  1024.942 33108.592    32.452    10.281     0.020     1.510
        94     3.081     0.441     0.000     0.243    -3.317     9.369     3.081  1024.923 32458.794    32.427    10.282     0.020     1.540
        95     3.143     0.446     0.000     0.247    -3.335     9.555     3.143  1024.904 31821.761    32.403    10.283     0.020     1.571
        96     3.205     0.451     0.000     0.251    -3.353     9.744     3.205  1024.885 31197.242    32.380    10.284     0.020     1.603
        97     3.270     0.456     0.000     0.256    -3.372     9.935     3.270  1024.867 30584.991    32.356    10.285     0.020     1.635
        98     3.335     0.461     0.000     0.260    -3.390    10.128     3.335  1024.849 29984.766    32.334    10.286     0.020     1.668
        99     3.402     0.467     0.000     0.264    -3.409    10.324     3.402  1024.832 29396.331    32.312    10.286     0.020     1.701
       100     3.470     0.472     0.000     0.269    -3.428    10.523     3.470  1024.815 28819.454    32.290    10.286     0.020     1.735
       101     3.539     0.477     0.000     0.274    -3.448    10.724     3.539  1024.798 28253.907    32.268    10.287     0.020     1.770
       102     3.610     0.483     0.000     0.278    -3.467    10.927     3.610  1024.782 27699.467    32.247    10.287     0.020     1.805
       103     3.682     0.488     0.000     0.283    -3.487    11.134     3.682  1024.766 27155.917    32.227    10.287     0.020     1.841
       104     3.756     0.494     0.000     0.288    -3.507    11.343     3.756  1024.750 26623.041    32.207    10.287     0.020     1.878
       105     3.831     0.500     0.000     0.292    -3.527    11.554     3.831  1024.735 26100.630    32.187    10.287     0.020     1.916
       106     3.908     0.505     0.000     0.297    -3.547    11.769     3.908  1024.720 25588.477    32.168    10.287     0.020     1.954
       107     3.986     0.511     0.000     0.302    -3.568    11.986     3.986  1024.705 25086.382    32.149    10.287     0.020     1.993
       108     4.066     0.517     0.000     0.307    -3.588    12.207     4.066  1024.691 24594.146    32.130    10.286     0.020     2.033
       109     4.147     0.523     0.000     0.312    -3.609    12.430     4.147  1024.677 24111.576    32.112    10.286     0.020     2.074
       110     4.230     0.529     0.000     0.317    -3.630    12.657     4.230  1024.663 23638.481    32.094    10.286     0.020     2.115
       111     4.315     0.536     0.000     0.322    -3.651    12.886     4.315  1024.649 23174.675    32.076    10.285     0.020     2.158
       112     4.401     0.542     0.000     0.327    -3.673    13.119     4.401  1024.636 22719.976    32.059    10.284     0.020     2.201
       113     4.489     0.548     0.000     0.332    -3.695    13.355     4.489  1024.623 22274.204    32.042    10.284     0.020     2.245
       114     4.579     0.555     0.000     0.338    -3.717    13.594     4.579  1024.610 21837.185    32.026    10.283     0.020     2.290
       115     4.671     0.561     0.000     0.343    -3.739    13.836     4.671  1024.598 21408.745    32.010    10.282     0.020     2.335
       116     4.764     0.568     0.000     0.348    -3.761    14.082     4.764  1024.586 20988.716    31.994    10.281     0.020     2.382
       117     4.860     0.575     0.000     0.354    -3.784    14.331     4.860  1024.574 20576.933    31.978    10.280     0.020     2.430
       118     4.957     0.582     0.000     0.359    -3.807    14.584     4.957  1024.562 20173.234    31.963    10.279     0.020     2.479
       119     5.056     0.589     0.000     0.365    -3.830    14.840     5.056  1024.551 19777.460    31.948    10.277     0.020     2.528
       120     5.157     0.596     0.000     0.371    -3.853    15.100     5.157  1024.540 19389.455    31.933    10.276     0.020     2.579
       121     5.261     0.603     0.000     0.376    -3.876    15.364     5.261  1024.529 19009.067    31.919    10.275     0.020     2.630
       122     5.366     0.610     0.000     0.382    -3.900    15.631     5.366  1024.518 18636.145    31.905    10.273     0.020     2.683
       123     5.473     0.617     0.000     0.388    -3.924    15.902     5.473  1024.508 18270.543    31.891    10.271     0.020     2.737
       124     5.583     0.625     0.000     0.394    -3.948    16.177     5.583  1024.497 17912.118    31.878    10.270     0.020     2.791
       125     5.695     0.632     0.000     0.400    -3.973    16.456     5.695  1024.487 17560.728    31.864    10.268     0.020     2.847
       126     5.808     0.640     0.000     0.406    -3.997    16.738     5.808  1024.477 17216.235    31.851    10.266     0.020     2.904
       127     5.925     0.648     0.000     0.413    -4.022    17.025     5.925  1024.468 16878.503    31.838    10.264     0.020     2.962
       128     6.043     0.656     0.000     0.419    -4.047    17.316     6.043  1024.458 16547.400    31.826    10.262     0.020     3.022
       129     6.164     0.664     0.000     0.425    -4.073    17.612     6.164  1024.449 16222.796    31.814    10.260     0.020     3.082
       130     6.288     0.672     0.000     0.432    -4.099    17.911     6.288  1024.440 15904.562    31.802    10.258     0.020     3.144
       131     6.413     0.680     0.000     0.438    -4.124    18.215     6.413  1024.431 15592.574    31.790    10.256     0.020     3.207
       132     6.542     0.688     0.000     0.445    -4.151    18.523     6.542  1024.423 15286.709    31.778    10.254     0.020     3.271
       133     6.673     0.697     0.000     0.451    -4.177    18.836     6.673  1024.414 14986.846    31.767    10.251     0.020     3.336
       134     6.806     0.705     0.000     0.458    -4.204    19.153     6.806  1024.406 14692.868    31.756    10.249     0.020     3.403
       135     6.942     0.714     0.000     0.465    -4.231    19.475     6.942  1024.398 14404.659    31.745    10.246     0.020     3.471
       136     7.081     0.723     0.000     0.472    -4.258    19.802     7.081  1024.390 14122.106    31.734    10.244     0.020     3.541
       137     7.223     0.731     0.000     0.479    -4.285    20.133     7.223  1024.382 13845.098    31.724    10.241     0.020     3.611
       138     7.367     0.740     0.000     0.486    -4.313    20.470     7.367  1024.375 13573.526    31.713    10.239     0.020     3.684
       139     7.515     0.750     0.000     0.494    -4.341    20.811     7.515  1024.368 13307.283    31.703    10.236     0.020     3.757
       140     7.665     0.759     0.000     0.501    -4.369    21.157     7.665  1024.360 13046.264    31.694    10.233     0.020     3.833
       141     7.818     0.768     0.000     0.508    -4.398    21.509     7.818  1024.353 12790.367    31.684    10.230     0.020     3.909
       142     7.975     0.778     0.000     0.516    -4.427    21.866     7.975  1024.346 12539.491    31.674    10.227     0.020     3.987
       143     8.134     0.787     0.000     0.524    -4.456    22.228     8.134  1024.340 12293.538    31.665    10.224     0.020     4.067
       144     8.297     0.797     0.000     0.531    -4.485    22.595     8.297  1024.333 12052.411    31.656    10.221     0.020     4.149
       145     8.463     0.807     0.000     0.539    -4.515    22.968     8.463  1024.327 11816.016    31.647    10.217     0.020     4.232
       146     8.632     0.817     0.000     0.547    -4.545    23.346     8.632  1024.320 11584.258    31.638    10.214     0.020     4.316
       147     8.805     0.828     0.000     0.555    -4.575    23.730     8.805  1024.314 11357.048    31.630    10.211     0.020     4.403
       148     8.981     0.838     0.000     0.564    -4.605    24.120     8.981  1024.308 11134.296    31.621    10.207     0.020     4.491
       149     9.161     0.848     0.000     0.572    -4.636    24.516     9.161  1024.303 10915.914    31.613    10.204     0.020     4.580
       150     9.344     0.859     0.000     0.580    -4.667    24.918     9.344  1024.297 10701.817    31.605    10.200     0.020     4.672
       151     9.531     0.870     0.000     0.589    -4.699    25.326     9.531  1024.291 10491.921    31.597    10.196     0.020     4.766
       152     9.722     0.881     0.000     0.598    -4.730    25.740     9.722  1024.286 10286.142    31.589    10.193     0.020     4.861
       153     9.916     0.892     0.000     0.606    -4.762    26.160     9.916  1024.281 10084.401    31.582    10.189     0.020     4.958
       154    10.115     0.903     0.000     0.615    -4.795    26.587    10.115  1024.275  9886.618    31.574    10.185     0.020     5.057
       155    10.317     0.915     0.000     0.624    -4.827    27.020    10.317  1024.270  9692.715    31.567    10.181     0.020     5.159
       156    10.523     0.926     0.000     0.634    -4.860    27.459    10.523  1024.265  9502.616    31.560    10.177     0.020     5.262
       157    10.734     0.938     0.000     0.643    -4.893    27.906    10.734  1024.261  9316.246    31.552    10.173     0.020     5.367
       158    10.949     0.950     0.000     0.652    -4.927    28.359    10.949  1024.256  9133.533    31.546    10.169     0.020     5.474
       159    11.168     0.962     0.000     0.662    -4.961    28.819    11.168  1024.251  8954.404    31.539    10.164     0.020     5.584
       160    11.391     0.974     0.000     0.672    -4.995    29.287    11.391  1024.247  8778.790    31.532    10.160     0.020     5.696
       161    11.619     0.987     0.000     0.682    -5.029    29.761    11.619  1024.243  8606.620    31.526    10.156     0.020     5.809
       162    11.851     1.000     0.000     0.692    -5.064    30.243    11.851  1024.238  8437.828    31.519    10.151     0.020     5.926
       163    12.088     1.013     0.000     0.702    -5.099    30.732    12.088  1024.234  8272.347    31.513    10.147     0.020     6.044
       164    12.330     1.026     0.000     0.712    -5.134    31.229    12.330  1024.230  8110.112    31.507    10.142     0.020     6.165
       165    12.577     1.039     0.000     0.723    -5.170    31.734    12.577  1024.226  7951.060    31.501    10.137     0.020     6.288
       166    12.829     1.052     0.000     0.733    -5.206    32.246    12.829  1024.223  7795.128    31.495    10.133     0.020     6.414
       167    13.085     1.066     0.000     0.744    -5.242    32.767    13.085  1024.219  7642.255    31.489    10.128     0.020     6.543
       168    13.347     1.080     0.000     0.755    -5.279    33.295    13.347  1024.215  7492.380    31.483    10.123     0.020     6.673
       169    13.614     1.094     0.000     0.766    -5.316    33.832    13.614  1024.212  7345.446    31.478    10.118     0.020     6.807
       170    13.886     1.108     0.000     0.777    -5.354    34.377    13.886  1024.208  7201.394    31.472    10.113     0.020     6.943
       171    14.164     1.123     0.000     0.789    -5.391    34.931    14.164  1024.205  7060.167    31.467    10.108     0.020     7.082
       172    14.447     1.137     0.000     0.800    -5.429    35.494    14.447  1024.202  6921.711    31.462    10.103     0.020     7.224
       173    14.736     1.152     0.000     0.812    -5.468    36.066    14.736  1024.199  6785.970    31.457    10.097     0.020     7.368
       174    15.031     1.167     0.000     0.824    -5.506    36.646    15.031  1024.196  6652.892    31.452    10.092     0.020     7.516
       175    15.332     1.183     0.000     0.836    -5.545    37.236    15.332  1024.193  6522.425    31.447    10.087     0.020     7.666
       176    15.638     1.199     0.000     0.849    -5.585    37.835    15.638  1024.190  6394.516    31.442    10.081     0.020     7.819
       177    15.951     1.215     0.000     0.861    -5.624    38.444    15.951  1024.187  6269.116    31.437    10.076     0.020     7.976
       178    16.270     1.231     0.000     0.874    -5.664    39.063    16.270  1024.184  6146.176    31.433    10.070     0.020     8.135
       179    16.596     1.247     0.000     0.887    -5.705    39.692    16.596  1024.182  6025.648    31.428    10.064     0.020     8.298
       180    16.928     1.264     0.000     0.900    -5.746    40.330    16.928  1024.179  5907.483    31.424    10.058     0.020     8.464
       181    17.266     1.281     0.000     0.913    -5.787    40.979    17.266  1024.177  5791.636    31.419    10.053     0.020     8.633
       182    17.612     1.298     0.000     0.927    -5.828    41.639    17.612  1024.174  5678.062    31.415    10.047     0.020     8.806
       183    17.964     1.316     0.000     0.941    -5.870    42.309    17.964  1024.172  5566.715    31.411    10.041     0.020     8.982
       184    18.323     1.334     0.000     0.955    -5.912    42.991    18.323  1024.170  5457.552    31.407    10.035     0.020     9.162
       185    18.690     1.352     0.000     0.969    -5.954    43.683    18.690  1024.168  5350.530    31.402    10.028     0.020     9.345
       186    19.064     1.370     0.000     0.983    -5.997    44.387    19.064  1024.166  5245.607    31.398    10.022     0.020     9.532
       187    19.445     1.389     0.000     0.998    -6.040    45.103    19.445  1024.164  5142.742    31.395    10.016     0.020     9.722
       188    19.834     1.408     0.000     1.013    -6.084    45.830    19.834  1024.162  5041.894    31.391    10.010     0.020     9.917
       189    20.231     1.427     0.000     1.028    -6.128    46.569    20.231  1024.160  4943.025    31.387    10.003     0.020    10.115
       190    20.635     1.448     0.000     1.043    -6.172    47.321    20.635  1024.158  4846.095    31.384     9.997     0.020    10.318
       191    21.048     1.468     0.000     1.059    -6.216    48.086    21.048  1024.157  4751.067    31.381     9.991     0.020    10.524
       192    21.469     1.490     0.000     1.075    -6.261    48.863    21.469  1024.156  4657.903    31.378     9.985     0.020    10.734
       193    21.898     1.512     0.000     1.091    -6.306    49.654    21.898  1024.154  4566.566    31.375     9.978     0.020    10.949
       194    22.336     1.536     0.000     1.108    -6.351    50.459    22.336  1024.153  4477.021    31.372     9.972     0.020    11.168
       195    22.783     1.560     0.000     1.124    -6.396    51.278    22.783  1024.153  4389.233    31.370     9.966     0.020    11.392
       196    23.239     1.585     0.000     1.141    -6.441    52.113    23.239  1024.152  4303.166    31.368     9.960     0.020    11.619
       197    23.703     1.611     0.000     1.159    -6.487    52.963    23.703  1024.151  4218.788    31.366     9.954     0.020    11.852
       198    24.178     1.638     0.000     1.176    -6.533    53.829    24.178  1024.151  4136.065    31.364     9.948     0.020    12.089
       199    24.661     1.666     0.000     1.194    -6.579    54.713    24.661  1024.151  4054.965    31.362     9.943     0.020    12.331
       200    25.154     1.695     0.000     1.213    -6.625    55.613    25.154  1024.150  3975.455    31.361     9.937     0.020    12.577
       201    25.657     1.725     0.000     1.231    -6.670    56.532    25.657  1024.150  3897.505    31.360     9.931     0.020    12.829
---------------------------- Plume traps -----------------------------
       202    26.171     1.757     0.000     1.251    -6.716    57.470    26.171  1024.150  3821.083    31.358     9.925     0.020    13.085
       203    26.676     1.790     0.000     1.269    -6.761    58.393    26.676  1024.151  3748.674    31.358     9.920     0.020    13.338
       204    27.156     1.822     0.000     1.287    -6.802    59.268    27.156  1024.151  3682.458    31.357     9.915     0.020    13.578
       205    27.610     1.853     0.000     1.304    -6.840    60.094    27.610  1024.151  3621.838    31.356     9.910     0.020    13.805
       206    28.040     1.884     0.000     1.320    -6.875    60.873    28.040  1024.152  3566.301    31.356     9.905     0.020    14.020
       207    28.449     1.914     0.000     1.335    -6.907    61.612    28.449  1024.152  3515.050    31.356     9.901     0.020    14.225
       208    28.839     1.943     0.000     1.349    -6.938    62.316    28.839  1024.153  3467.538    31.356     9.897     0.020    14.419
       209    29.212     1.971     0.000     1.363    -6.967    62.988    29.212  1024.153  3423.264    31.356     9.894     0.020    14.606
       210    29.570     1.998     0.000     1.376    -6.993    63.631    29.570  1024.154  3381.848    31.356     9.890     0.020    14.785
       211    29.914     2.025     0.000     1.388    -7.019    64.248    29.914  1024.154  3342.962    31.356     9.887     0.020    14.957
       212    30.245     2.052     0.000     1.400    -7.042    64.840    30.245  1024.155  3306.336    31.356     9.884     0.020    15.122
       213    30.565     2.078     0.000     1.412    -7.065    65.411    30.565  1024.156  3271.739    31.356     9.881     0.020    15.282
       214    30.874     2.104     0.000     1.423    -7.086    65.960    30.874  1024.156  3238.970    31.356     9.878     0.020    15.437
       215    31.173     2.129     0.000     1.434    -7.107    66.491    31.173  1024.157  3207.859    31.356     9.876     0.020    15.587
       216    31.464     2.154     0.000     1.444    -7.126    67.003    31.464  1024.157  3178.253    31.357     9.873     0.020    15.732
       217    31.746     2.178     0.000     1.454    -7.144    67.498    31.746  1024.158  3150.020    31.357     9.871     0.020    15.873
       218    32.020     2.202     0.000     1.464    -7.161    67.978    32.020  1024.159  3123.043    31.357     9.868     0.020    16.010
       219    32.287     2.226     0.000     1.474    -7.178    68.443    32.287  1024.159  3097.219    31.357     9.866     0.020    16.144
       220    32.547     2.249     0.000     1.483    -7.194    68.893    32.547  1024.160  3072.455    31.358     9.864     0.020    16.274
       221    32.801     2.272     0.000     1.492    -7.209    69.330    32.801  1024.160  3048.668    31.358     9.862     0.020    16.401
       222    33.049     2.295     0.000     1.500    -7.223    69.755    33.049  1024.161  3025.784    31.358     9.860     0.020    16.525
       223    33.292     2.317     0.000     1.509    -7.237    70.168    33.292  1024.161  3003.736    31.359     9.858     0.020    16.646
       224    33.521     2.339     0.000     1.517    -7.250    70.570    33.521  1024.162  2983.196    31.359     9.856     0.020    16.761
       225    33.741     2.361     0.000     1.525    -7.263    70.967    33.741  1024.162  2963.779    31.359     9.854     0.020    16.870
       226    33.950     2.382     0.000     1.533    -7.275    71.359    33.950  1024.163  2945.514    31.360     9.853     0.020    16.975
       227    34.151     2.402     0.000     1.541    -7.287    71.748    34.151  1024.163  2928.198    31.360     9.851     0.020    17.075
       228    34.342     2.422     0.000     1.548    -7.299    72.132    34.342  1024.164  2911.857    31.360     9.850     0.020    17.171
       229    34.526     2.442     0.000     1.556    -7.311    72.512    34.526  1024.164  2896.387    31.360     9.848     0.020    17.263
       230    34.701     2.461     0.000     1.564    -7.322    72.888    34.701  1024.165  2881.777    31.361     9.847     0.020    17.350
       231    34.868     2.480     0.000     1.571    -7.333    73.258    34.868  1024.165  2867.955    31.361     9.846     0.020    17.434
       232    35.028     2.499     0.000     1.579    -7.343    73.623    35.028  1024.166  2854.893    31.361     9.844     0.020    17.514
       233    35.180     2.517     0.000     1.586    -7.354    73.984    35.180  1024.166  2842.538    31.361     9.843     0.020    17.590
       234    35.325     2.535     0.000     1.593    -7.364    74.339    35.325  1024.166  2830.854    31.362     9.842     0.020    17.663
       235    35.464     2.553     0.000     1.600    -7.373    74.689    35.464  1024.167  2819.800    31.362     9.841     0.020    17.732
       236    35.596     2.570     0.000     1.607    -7.383    75.034    35.596  1024.167  2809.340    31.362     9.840     0.020    17.798
       237    35.721     2.587     0.000     1.614    -7.392    75.374    35.721  1024.167  2799.438    31.362     9.839     0.020    17.861
       238    35.842     2.604     0.000     1.621    -7.401    75.709    35.842  1024.168  2790.061    31.363     9.838     0.020    17.921
       239    35.956     2.621     0.000     1.628    -7.409    76.038    35.956  1024.168  2781.178    31.363     9.837     0.020    17.978
       240    36.065     2.637     0.000     1.634    -7.418    76.362    36.065  1024.168  2772.760    31.363     9.837     0.020    18.033
       241    36.169     2.653     0.000     1.641    -7.426    76.682    36.169  1024.169  2764.777    31.363     9.836     0.020    18.085
       242    36.269     2.668     0.000     1.647    -7.434    76.996    36.269  1024.169  2757.205    31.364     9.835     0.020    18.134
       243    36.363     2.684     0.000     1.653    -7.441    77.305    36.363  1024.169  2750.018    31.364     9.834     0.020    18.182
       244    36.454     2.699     0.000     1.659    -7.449    77.609    36.454  1024.169  2743.194    31.364     9.834     0.020    18.227
       245    36.540     2.714     0.000     1.665    -7.456    77.908    36.540  1024.170  2736.709    31.364     9.833     0.020    18.270
       246    36.623     2.728     0.000     1.671    -7.463    78.203    36.623  1024.170  2730.545    31.364     9.833     0.020    18.311
       247    36.702     2.743     0.000     1.677    -7.469    78.492    36.702  1024.170  2724.681    31.364     9.832     0.020    18.351
       248    36.777     2.757     0.000     1.683    -7.476    78.778    36.777  1024.170  2719.099    31.365     9.831     0.020    18.388
       249    36.849     2.771     0.000     1.689    -7.482    79.058    36.849  1024.171  2713.784    31.365     9.831     0.020    18.424
       250    36.918     2.784     0.000     1.694    -7.488    79.334    36.918  1024.171  2708.719    31.365     9.830     0.020    18.459
       251    36.984     2.798     0.000     1.700    -7.494    79.606    36.984  1024.171  2703.889    31.365     9.830     0.020    18.492
       252    37.047     2.811     0.000     1.705    -7.500    79.873    37.047  1024.171  2699.281    31.365     9.830     0.020    18.523
       253    37.107     2.824     0.000     1.711    -7.506    80.136    37.107  1024.171  2694.882    31.365     9.829     0.020    18.554
       254    37.165     2.837     0.000     1.716    -7.511    80.395    37.165  1024.172  2690.680    31.365     9.829     0.020    18.583
       255    37.221     2.850     0.000     1.721    -7.516    80.650    37.221  1024.172  2686.663    31.366     9.828     0.020    18.610
       256    37.274     2.862     0.000     1.726    -7.522    80.901    37.274  1024.172  2682.822    31.366     9.828     0.020    18.637
       257    37.325     2.875     0.000     1.731    -7.526    81.149    37.325  1024.172  2679.146    31.366     9.828     0.020    18.663
       258    37.374     2.887     0.000     1.736    -7.531    81.392    37.374  1024.172  2675.626    31.366     9.827     0.020    18.687
       259    37.422     2.899     0.000     1.741    -7.536    81.632    37.422  1024.172  2672.253    31.366     9.827     0.020    18.711
       260    37.467     2.911     0.000     1.746    -7.541    81.868    37.467  1024.172  2669.020    31.366     9.827     0.020    18.733
       261    37.511     2.922     0.000     1.750    -7.545    82.101    37.511  1024.173  2665.919    31.366     9.826     0.020    18.755
       262    37.552     2.934     0.000     1.755    -7.549    82.330    37.552  1024.173  2662.942    31.366     9.826     0.020    18.776
       263    37.593     2.945     0.000     1.760    -7.553    82.557    37.593  1024.173  2660.084    31.366     9.826     0.020    18.796
       264    37.632     2.956     0.000     1.764    -7.558    82.780    37.632  1024.173  2657.339    31.367     9.825     0.020    18.816
       265    37.669     2.967     0.000     1.769    -7.561    82.999    37.669  1024.173  2654.699    31.367     9.825     0.020    18.835
       266    37.705     2.978     0.000     1.773    -7.565    83.216    37.705  1024.173  2652.161    31.367     9.825     0.020    18.853
       267    37.740     2.989     0.000     1.777    -7.569    83.430    37.740  1024.173  2649.718    31.367     9.825     0.020    18.870
       268    37.773     2.999     0.000     1.782    -7.573    83.641    37.773  1024.173  2647.367    31.367     9.824     0.020    18.887
       269    37.806     3.010     0.000     1.786    -7.576    83.849    37.806  1024.173  2645.102    31.367     9.824     0.020    18.903
       270    37.837     3.020     0.000     1.790    -7.580    84.054    37.837  1024.174  2642.919    31.367     9.824     0.020    18.918
       271    37.867     3.030     0.000     1.794    -7.583    84.256    37.867  1024.174  2640.815    31.367     9.824     0.020    18.934
       272    37.896     3.040     0.000     1.798    -7.586    84.456    37.896  1024.174  2638.786    31.367     9.824     0.020    18.948
       273    37.924     3.050     0.000     1.802    -7.589    84.654    37.924  1024.174  2636.828    31.367     9.823     0.020    18.962
       274    37.952     3.060     0.000     1.806    -7.592    84.849    37.952  1024.174  2634.938    31.367     9.823     0.020    18.976
       275    37.978     3.069     0.000     1.810    -7.595    85.041    37.978  1024.174  2633.113    31.367     9.823     0.020    18.989
       276    38.003     3.079     0.000     1.814    -7.598    85.232    38.003  1024.174  2631.350    31.367     9.823     0.020    19.002
       277    38.028     3.088     0.000     1.818    -7.601    85.419    38.028  1024.174  2629.646    31.368     9.823     0.020    19.014
       278    38.052     3.097     0.000     1.821    -7.604    85.605    38.052  1024.174  2627.999    31.368     9.822     0.020    19.026
       279    38.075     3.106     0.000     1.825    -7.607    85.789    38.075  1024.174  2626.406    31.368     9.822     0.020    19.037
       280    38.097     3.115     0.000     1.829    -7.609    85.970    38.097  1024.174  2624.864    31.368     9.822     0.020    19.049
       281    38.119     3.124     0.000     1.832    -7.612    86.149    38.119  1024.174  2623.373    31.368     9.822     0.020    19.059
       282    38.140     3.133     0.000     1.836    -7.614    86.327    38.140  1024.174  2621.929    31.368     9.822     0.020    19.070
       283    38.160     3.141     0.000     1.840    -7.617    86.502    38.160  1024.175  2620.531    31.368     9.822     0.020    19.080
       284    38.180     3.150     0.000     1.843    -7.619    86.675    38.180  1024.175  2619.177    31.368     9.822     0.020    19.090
       285    38.199     3.158     0.000     1.847    -7.621    86.847    38.199  1024.175  2617.864    31.368     9.821     0.020    19.100
       286    38.218     3.166     0.000     1.850    -7.624    87.017    38.218  1024.175  2616.592    31.368     9.821     0.020    19.109
       287    38.236     3.175     0.000     1.853    -7.626    87.185    38.236  1024.175  2615.359    31.368     9.821     0.020    19.118
       288    38.253     3.183     0.000     1.857    -7.628    87.351    38.253  1024.175  2614.164    31.368     9.821     0.020    19.127
       289    38.270     3.190     0.000     1.860    -7.630    87.516    38.270  1024.175  2613.004    31.368     9.821     0.020    19.135
       290    38.287     3.198     0.000     1.863    -7.632    87.679    38.287  1024.175  2611.879    31.368     9.821     0.020    19.143
       291    38.303     3.206     0.000     1.867    -7.634    87.840    38.303  1024.175  2610.788    31.368     9.821     0.020    19.151
       292    38.318     3.213     0.000     1.870    -7.636    88.000    38.318  1024.175  2609.728    31.368     9.821     0.020    19.159
       293    38.333     3.221     0.000     1.873    -7.638    88.159    38.333  1024.175  2608.700    31.368     9.820     0.020    19.167
       294    38.348     3.228     0.000     1.876    -7.640    88.316    38.348  1024.175  2607.701    31.368     9.820     0.020    19.174
       295    38.362     3.235     0.000     1.879    -7.641    88.471    38.362  1024.175  2606.732    31.368     9.820     0.020    19.181
       296    38.376     3.242     0.000     1.883    -7.643    88.625    38.376  1024.175  2605.790    31.368     9.820     0.020    19.188
       297    38.390     3.249     0.000     1.886    -7.645    88.778    38.390  1024.175  2604.875    31.369     9.820     0.020    19.195
       298    38.403     3.256     0.000     1.889    -7.646    88.930    38.403  1024.175  2603.987    31.369     9.820     0.020    19.201
       299    38.415     3.263     0.000     1.892    -7.648    89.080    38.415  1024.175  2603.123    31.369     9.820     0.020    19.208
       300    38.428     3.270     0.000     1.895    -7.649    89.229    38.428  1024.175  2602.284    31.369     9.820     0.020    19.214
       301    38.440     3.276     0.000     1.898    -7.651    89.376    38.440  1024.175  2601.469    31.369     9.820     0.020    19.220
       302    38.452     3.283     0.000     1.901    -7.652    89.523    38.452  1024.175  2600.676    31.369     9.820     0.020    19.226
       303    38.463     3.289     0.000     1.904    -7.654    89.668    38.463  1024.176  2599.906    31.369     9.820     0.020    19.231
       304    38.474     3.295     0.000     1.907    -7.655    89.812    38.474  1024.176  2599.157    31.369     9.820     0.020    19.237
       305    38.485     3.301     0.000     1.909    -7.657    89.955    38.485  1024.176  2598.429    31.369     9.819     0.020    19.242
       306    38.495     3.307     0.000     1.912    -7.658    90.097    38.495  1024.176  2597.722    31.369     9.819     0.020    19.248
       307    38.505     3.313     0.000     1.915    -7.659    90.238    38.505  1024.176  2597.034    31.369     9.819     0.020    19.253
       308    38.515     3.319     0.000     1.918    -7.661    90.378    38.515  1024.176  2596.365    31.369     9.819     0.020    19.258
       309    38.525     3.325     0.000     1.921    -7.662    90.517    38.525  1024.176  2595.714    31.369     9.819     0.020    19.263
       310    38.534     3.330     0.000     1.924    -7.663    90.655    38.534  1024.176  2595.082    31.369     9.819     0.020    19.267
       311    38.544     3.336     0.000     1.926    -7.664    90.792    38.544  1024.176  2594.467    31.369     9.819     0.020    19.272
       312    38.552     3.341     0.000     1.929    -7.665    90.928    38.552  1024.176  2593.870    31.369     9.819     0.020    19.276
       313    38.561     3.347     0.000     1.932    -7.666    91.063    38.561  1024.176  2593.289    31.369     9.819     0.020    19.281
       314    38.569     3.352     0.000     1.935    -7.668    91.198    38.569  1024.176  2592.724    31.369     9.819     0.020    19.285
       315    38.578     3.357     0.000     1.937    -7.669    91.331    38.578  1024.176  2592.175    31.369     9.819     0.020    19.289
       316    38.586     3.362     0.000     1.940    -7.670    91.464    38.586  1024.176  2591.641    31.369     9.819     0.020    19.293
       317    38.593     3.367     0.000     1.943    -7.671    91.596    38.593  1024.176  2591.123    31.369     9.819     0.020    19.297
       318    38.601     3.372     0.000     1.945    -7.672    91.727    38.601  1024.176  2590.619    31.369     9.819     0.020    19.300
       319    38.608     3.376     0.000     1.948    -7.673    91.857    38.608  1024.176  2590.129    31.369     9.819     0.020    19.304
       320    38.615     3.381     0.000     1.951    -7.673    91.987    38.615  1024.176  2589.653    31.369     9.819     0.020    19.308
       321    38.622     3.386     0.000     1.953    -7.674    92.115    38.622  1024.176  2589.191    31.369     9.818     0.020    19.311
       322    38.629     3.390     0.000     1.956    -7.675    92.244    38.629  1024.176  2588.743    31.369     9.818     0.020    19.314
       323    38.635     3.394     0.000     1.958    -7.676    92.371    38.635  1024.176  2588.307    31.369     9.818     0.020    19.318
       324    38.642     3.399     0.000     1.961    -7.677    92.498    38.642  1024.176  2587.884    31.369     9.818     0.020    19.321
       325    38.648     3.403     0.000     1.963    -7.678    92.624    38.648  1024.176  2587.474    31.369     9.818     0.020    19.324
       326    38.654     3.407     0.000     1.966    -7.678    92.750    38.654  1024.176  2587.076    31.369     9.818     0.020    19.327
       327    38.659     3.411     0.000     1.969    -7.679    92.875    38.659  1024.176  2586.690    31.369     9.818     0.020    19.330
       328    38.665     3.415     0.000     1.971    -7.680    92.999    38.665  1024.176  2586.316    31.369     9.818     0.020    19.333
       329    38.670     3.418     0.000     1.974    -7.681    93.123    38.670  1024.176  2585.953    31.369     9.818     0.020    19.335
       330    38.676     3.422     0.000     1.976    -7.681    93.246    38.676  1024.176  2585.601    31.369     9.818     0.020    19.338
       331    38.681     3.425     0.000     1.979    -7.682    93.369    38.681  1024.176  2585.261    31.369     9.818     0.020    19.340
       332    38.686     3.429     0.000     1.981    -7.683    93.491    38.686  1024.176  2584.932    31.369     9.818     0.020    19.343
       333    38.691     3.432     0.000     1.984    -7.683    93.613    38.691  1024.176  2584.613    31.369     9.818     0.020    19.345
       334    38.695     3.436     0.000     1.986    -7.684    93.734    38.695  1024.176  2584.305    31.369     9.818     0.020    19.348
       335    38.700     3.439     0.000     1.988    -7.684    93.855    38.700  1024.176  2584.007    31.369     9.818     0.020    19.350
       336    38.704     3.442     0.000     1.991    -7.685    93.975    38.704  1024.176  2583.719    31.369     9.818     0.020    19.352
       337    38.708     3.445     0.000     1.993    -7.686    94.095    38.708  1024.176  2583.441    31.369     9.818     0.020    19.354
       338    38.712     3.448     0.000     1.996    -7.686    94.214    38.712  1024.176  2583.173    31.369     9.818     0.020    19.356
       339    38.716     3.451     0.000     1.998    -7.687    94.334    38.716  1024.176  2582.915    31.369     9.818     0.020    19.358
       340    38.720     3.453     0.000     2.001    -7.687    94.452    38.720  1024.176  2582.667    31.369     9.818     0.020    19.360
       341    38.723     3.456     0.000     2.003    -7.687    94.570    38.723  1024.176  2582.427    31.369     9.818     0.020    19.362
       342    38.727     3.458     0.000     2.005    -7.688    94.688    38.727  1024.176  2582.198    31.369     9.818     0.020    19.363
       343    38.730     3.461     0.000     2.008    -7.688    94.806    38.730  1024.176  2581.977    31.369     9.818     0.020    19.365
       344    38.733     3.463     0.000     2.010    -7.689    94.923    38.733  1024.176  2581.765    31.369     9.818     0.020    19.367
       345    38.736     3.465     0.000     2.012    -7.689    95.040    38.736  1024.176  2581.562    31.370     9.818     0.020    19.368
       346    38.739     3.468     0.000     2.015    -7.689    95.157    38.739  1024.176  2581.369    31.370     9.818     0.020    19.370
       347    38.742     3.470     0.000     2.017    -7.690    95.273    38.742  1024.176  2581.183    31.370     9.818     0.020    19.371
       348    38.745     3.472     0.000     2.019    -7.690    95.389    38.745  1024.176  2581.007    31.370     9.818     0.020    19.372
       349    38.747     3.473     0.000     2.022    -7.690    95.505    38.747  1024.176  2580.839    31.370     9.818     0.020    19.374
       350    38.749     3.475     0.000     2.024    -7.691    95.621    38.749  1024.176  2580.679    31.370     9.818     0.020    19.375
       351    38.752     3.477     0.000     2.027    -7.691    95.736    38.752  1024.176  2580.528    31.370     9.818     0.020    19.376
       352    38.754     3.478     0.000     2.029    -7.691    95.851    38.754  1024.176  2580.385    31.370     9.818     0.020    19.377
       353    38.756     3.480     0.000     2.031    -7.692    95.966    38.756  1024.177  2580.251    31.370     9.818     0.020    19.378
       354    38.758     3.481     0.000     2.033    -7.692    96.080    38.758  1024.177  2580.124    31.370     9.818     0.020    19.379
       355    38.760     3.483     0.000     2.036    -7.692    96.195    38.760  1024.177  2580.006    31.370     9.818     0.020    19.380
       356    38.761     3.484     0.000     2.038    -7.692    96.309    38.761  1024.177  2579.895    31.370     9.818     0.020    19.381
       357    38.763     3.485     0.000     2.040    -7.692    96.423    38.763  1024.177  2579.793    31.370     9.818     0.020    19.381
       358    38.764     3.486     0.000     2.043    -7.693    96.537    38.764  1024.177  2579.699    31.370     9.817     0.020    19.382
       359    38.766     3.487     0.000     2.045    -7.693    96.651    38.766  1024.177  2579.612    31.370     9.817     0.020    19.383
       360    38.767     3.488     0.000     2.047    -7.693    96.765    38.767  1024.177  2579.533    31.370     9.817     0.020    19.383
       361    38.768     3.489     0.000     2.050    -7.693    96.879    38.768  1024.177  2579.462    31.370     9.817     0.020    19.384
       362    38.769     3.489     0.000     2.052    -7.693    96.992    38.769  1024.177  2579.399    31.370     9.817     0.020    19.384
       363    38.770     3.490     0.000     2.054    -7.693    97.106    38.770  1024.177  2579.344    31.370     9.817     0.020    19.385
       364    38.770     3.490     0.000     2.057    -7.693    97.219    38.770  1024.177  2579.296    31.370     9.817     0.020    19.385
       365    38.771     3.491     0.000     2.059    -7.693    97.332    38.771  1024.177  2579.256    31.370     9.817     0.020    19.385
       366    38.771     3.491     0.000     2.061    -7.693    97.446    38.771  1024.177  2579.223    31.370     9.817     0.020    19.386
       367    38.772     3.491     0.000     2.063    -7.693    97.559    38.772  1024.177  2579.198    31.370     9.817     0.020    19.386
---------------------- Local maximum rise or fall --------------------
------------------------- merging happened ---------------------------
       368    38.772     3.492     0.000     2.066    -7.693    97.672    38.772  1024.177  2579.181    31.370     9.817     0.020    19.386
       369    38.772     3.492     0.000     2.068    -7.693    97.785    38.772  1024.177  2579.171    31.370     9.817     0.020    19.386
       370    38.772     3.492     0.000     2.070    -7.693    97.899    38.772  1024.177  2579.166    31.370     9.817     0.020    19.386
       371    38.772     3.491     0.000     2.073    -7.693    98.012    38.772  1024.177  2579.163    31.370     9.817     0.020    19.386
       372    38.772     3.491     0.000     2.075    -7.693    98.125    38.772  1024.177  2579.158    31.370     9.817     0.020    19.386
       373    38.772     3.491     0.000     2.077    -7.693    98.238    38.772  1024.177  2579.152    31.370     9.817     0.020    19.386
       374    38.773     3.491     0.000     2.079    -7.693    98.352    38.773  1024.177  2579.145    31.370     9.817     0.020    19.386
       375    38.773     3.490     0.000     2.082    -7.693    98.465    38.773  1024.177  2579.136    31.370     9.817     0.020    19.386
       376    38.773     3.490     0.000     2.084    -7.693    98.578    38.773  1024.177  2579.126    31.370     9.817     0.020    19.386
       377    38.773     3.489     0.000     2.086    -7.692    98.692    38.773  1024.177  2579.114    31.370     9.817     0.020    19.387
       378    38.773     3.488     0.000     2.089    -7.692    98.806    38.773  1024.177  2579.101    31.370     9.817     0.020    19.387
       379    38.773     3.487     0.000     2.091    -7.692    98.920    38.773  1024.177  2579.086    31.370     9.817     0.020    19.387
       380    38.774     3.486     0.000     2.093    -7.692    99.033    38.774  1024.177  2579.070    31.370     9.817     0.020    19.387
       381    38.774     3.486     0.000     2.096    -7.692    99.148    38.774  1024.177  2579.052    31.370     9.817     0.020    19.387
       382    38.774     3.484     0.000     2.098    -7.692    99.262    38.774  1024.177  2579.033    31.370     9.817     0.020    19.387
       383    38.775     3.483     0.000     2.100    -7.691    99.376    38.775  1024.177  2579.012    31.370     9.817     0.020    19.387
       384    38.775     3.482     0.000     2.103    -7.691    99.491    38.775  1024.177  2578.990    31.370     9.817     0.020    19.387
       385    38.775     3.481     0.000     2.105    -7.691    99.606    38.775  1024.177  2578.966    31.370     9.817     0.020    19.388
       386    38.776     3.479     0.000     2.107    -7.690    99.721    38.776  1024.177  2578.941    31.370     9.817     0.020    19.388
       387    38.776     3.478     0.000     2.110    -7.690    99.836    38.776  1024.177  2578.913    31.370     9.817     0.020    19.388
       388    38.776     3.476     0.000     2.112    -7.690    99.951    38.776  1024.177  2578.885    31.370     9.817     0.020    19.388
       389    38.777     3.475     0.000     2.114    -7.689   100.067    38.777  1024.177  2578.854    31.370     9.817     0.020    19.388
       390    38.777     3.473     0.000     2.117    -7.689   100.183    38.777  1024.177  2578.822    31.370     9.817     0.020    19.389
       391    38.778     3.471     0.000     2.119    -7.689   100.299    38.778  1024.177  2578.788    31.370     9.817     0.020    19.389
       392    38.778     3.469     0.000     2.121    -7.688   100.416    38.778  1024.177  2578.752    31.370     9.817     0.020    19.389
       393    38.779     3.467     0.000     2.124    -7.688   100.533    38.779  1024.177  2578.714    31.370     9.817     0.020    19.390
       394    38.780     3.465     0.000     2.126    -7.687   100.650    38.780  1024.177  2578.674    31.370     9.817     0.020    19.390
       395    38.780     3.463     0.000     2.128    -7.687   100.768    38.780  1024.177  2578.633    31.370     9.817     0.020    19.390
       396    38.781     3.461     0.000     2.131    -7.687   100.886    38.781  1024.177  2578.589    31.370     9.817     0.020    19.390
       397    38.782     3.458     0.000     2.133    -7.686   101.004    38.782  1024.177  2578.544    31.370     9.817     0.020    19.391
       398    38.782     3.456     0.000     2.136    -7.686   101.123    38.782  1024.177  2578.496    31.370     9.817     0.020    19.391
       399    38.783     3.454     0.000     2.138    -7.685   101.242    38.783  1024.177  2578.446    31.370     9.817     0.020    19.392
       400    38.784     3.451     0.000     2.140    -7.684   101.361    38.784  1024.177  2578.394    31.370     9.817     0.020    19.392
       401    38.785     3.448     0.000     2.143    -7.684   101.481    38.785  1024.177  2578.340    31.370     9.817     0.020    19.392
       402    38.785     3.446     0.000     2.145    -7.683   101.602    38.785  1024.177  2578.284    31.370     9.817     0.020    19.393
       403    38.786     3.443     0.000     2.148    -7.683   101.723    38.786  1024.177  2578.225    31.370     9.817     0.020    19.393
       404    38.787     3.440     0.000     2.150    -7.682   101.844    38.787  1024.177  2578.163    31.370     9.817     0.020    19.394
       405    38.788     3.437     0.000     2.153    -7.681   101.966    38.788  1024.177  2578.100    31.370     9.817     0.020    19.394
       406    38.789     3.434     0.000     2.155    -7.681   102.089    38.789  1024.177  2578.033    31.370     9.817     0.020    19.395
       407    38.790     3.431     0.000     2.158    -7.680   102.212    38.790  1024.177  2577.964    31.370     9.817     0.020    19.395
       408    38.791     3.427     0.000     2.160    -7.679   102.335    38.791  1024.177  2577.892    31.370     9.817     0.020    19.396
       409    38.793     3.424     0.000     2.163    -7.679   102.459    38.793  1024.177  2577.817    31.370     9.817     0.020    19.396
       410    38.794     3.421     0.000     2.165    -7.678   102.584    38.794  1024.177  2577.740    31.370     9.817     0.020    19.397
       411    38.795     3.417     0.000     2.168    -7.677   102.710    38.795  1024.177  2577.659    31.370     9.817     0.020    19.397
       412    38.796     3.414     0.000     2.170    -7.676   102.836    38.796  1024.177  2577.575    31.370     9.817     0.020    19.398
       413    38.797     3.410     0.000     2.173    -7.675   102.962    38.797  1024.177  2577.488    31.370     9.817     0.020    19.399
       414    38.799     3.406     0.000     2.175    -7.674   103.090    38.799  1024.177  2577.398    31.370     9.817     0.020    19.399
       415    38.800     3.402     0.000     2.178    -7.674   103.218    38.800  1024.177  2577.304    31.370     9.817     0.020    19.400
       416    38.802     3.398     0.000     2.181    -7.673   103.347    38.802  1024.177  2577.206    31.370     9.817     0.020    19.401
       417    38.803     3.394     0.000     2.183    -7.672   103.476    38.803  1024.177  2577.105    31.370     9.817     0.020    19.402
       418    38.805     3.390     0.000     2.186    -7.671   103.607    38.805  1024.177  2577.000    31.370     9.817     0.020    19.402
       419    38.806     3.386     0.000     2.189    -7.670   103.738    38.806  1024.177  2576.891    31.370     9.817     0.020    19.403
       420    38.808     3.382     0.000     2.191    -7.669   103.870    38.808  1024.177  2576.778    31.370     9.817     0.020    19.404
       421    38.810     3.377     0.000     2.194    -7.668   104.003    38.810  1024.177  2576.660    31.370     9.817     0.020    19.405
       422    38.812     3.373     0.000     2.197    -7.667   104.137    38.812  1024.177  2576.538    31.370     9.817     0.020    19.406
       423    38.814     3.369     0.000     2.199    -7.666   104.271    38.814  1024.177  2576.412    31.370     9.817     0.020    19.407
       424    38.816     3.364     0.000     2.202    -7.664   104.407    38.816  1024.177  2576.280    31.370     9.817     0.020    19.408
       425    38.818     3.359     0.000     2.205    -7.663   104.543    38.818  1024.177  2576.144    31.370     9.817     0.020    19.409
       426    38.820     3.355     0.000     2.208    -7.662   104.681    38.820  1024.177  2576.002    31.370     9.817     0.020    19.410
       427    38.822     3.350     0.000     2.210    -7.661   104.819    38.822  1024.177  2575.855    31.370     9.817     0.020    19.411
       428    38.824     3.345     0.000     2.213    -7.660   104.959    38.824  1024.177  2575.702    31.370     9.817     0.020    19.412
       429    38.827     3.340     0.000     2.216    -7.658   105.099    38.827  1024.177  2575.543    31.370     9.817     0.020    19.413
       430    38.829     3.335     0.000     2.219    -7.657   105.241    38.829  1024.177  2575.378    31.370     9.817     0.020    19.415
       431    38.832     3.329     0.000     2.222    -7.656   105.384    38.832  1024.177  2575.206    31.370     9.817     0.020    19.416
       432    38.835     3.324     0.000     2.225    -7.654   105.528    38.835  1024.177  2575.028    31.370     9.817     0.020    19.417
       433    38.837     3.319     0.000     2.228    -7.653   105.673    38.837  1024.177  2574.843    31.370     9.817     0.020    19.419
       434    38.840     3.313     0.000     2.231    -7.651   105.820    38.840  1024.177  2574.650    31.370     9.817     0.020    19.420
       435    38.843     3.308     0.000     2.234    -7.650   105.967    38.843  1024.177  2574.450    31.370     9.817     0.020    19.422
       436    38.846     3.302     0.000     2.237    -7.648   106.116    38.846  1024.177  2574.241    31.370     9.817     0.020    19.423
       437    38.850     3.297     0.000     2.240    -7.647   106.267    38.850  1024.177  2574.024    31.370     9.817     0.020    19.425
       438    38.853     3.291     0.000     2.243    -7.645   106.418    38.853  1024.177  2573.799    31.370     9.817     0.020    19.427
       439    38.857     3.285     0.000     2.246    -7.643   106.572    38.857  1024.177  2573.564    31.370     9.817     0.020    19.428
       440    38.860     3.279     0.000     2.249    -7.642   106.726    38.860  1024.177  2573.319    31.370     9.817     0.020    19.430
       441    38.864     3.273     0.000     2.252    -7.640   106.882    38.864  1024.177  2573.064    31.370     9.817     0.020    19.432
       442    38.868     3.267     0.000     2.255    -7.638   107.040    38.868  1024.177  2572.799    31.370     9.817     0.020    19.434
       443    38.872     3.261     0.000     2.259    -7.636   107.199    38.872  1024.177  2572.522    31.370     9.817     0.020    19.436
       444    38.877     3.254     0.000     2.262    -7.634   107.360    38.877  1024.177  2572.234    31.370     9.817     0.020    19.438
       445    38.881     3.248     0.000     2.265    -7.632   107.523    38.881  1024.177  2571.933    31.370     9.817     0.020    19.441
       446    38.886     3.242     0.000     2.268    -7.630   107.688    38.886  1024.177  2571.619    31.370     9.817     0.020    19.443
       447    38.891     3.235     0.000     2.272    -7.628   107.854    38.891  1024.177  2571.292    31.370     9.817     0.020    19.445
       448    38.896     3.229     0.000     2.275    -7.626   108.022    38.896  1024.177  2570.950    31.370     9.817     0.020    19.448
       449    38.902     3.222     0.000     2.279    -7.624   108.192    38.902  1024.177  2570.593    31.370     9.817     0.020    19.451
       450    38.907     3.215     0.000     2.282    -7.622   108.364    38.907  1024.177  2570.220    31.370     9.817     0.020    19.454
       451    38.913     3.208     0.000     2.286    -7.619   108.538    38.913  1024.177  2569.829    31.370     9.816     0.020    19.457
       452    38.919     3.201     0.000     2.289    -7.617   108.714    38.919  1024.177  2569.421    31.370     9.816     0.020    19.460
       453    38.926     3.194     0.000     2.293    -7.615   108.893    38.926  1024.177  2568.994    31.370     9.816     0.020    19.463
       454    38.933     3.187     0.000     2.297    -7.612   109.074    38.933  1024.177  2568.548    31.370     9.816     0.020    19.466
       455    38.940     3.180     0.000     2.300    -7.610   109.257    38.940  1024.177  2568.079    31.370     9.816     0.020    19.470
       456    38.947     3.173     0.000     2.304    -7.607   109.442    38.947  1024.177  2567.589    31.370     9.816     0.020    19.474
       457    38.955     3.166     0.000     2.308    -7.604   109.630    38.955  1024.177  2567.075    31.370     9.816     0.020    19.477
       458    38.963     3.158     0.000     2.312    -7.601   109.821    38.963  1024.177  2566.535    31.370     9.816     0.020    19.482
       459    38.972     3.151     0.000     2.316    -7.599   110.014    38.972  1024.177  2565.969    31.370     9.816     0.020    19.486
       460    38.981     3.143     0.000     2.320    -7.596   110.210    38.981  1024.177  2565.374    31.370     9.816     0.020    19.490
       461    38.990     3.136     0.000     2.324    -7.593   110.409    38.990  1024.177  2564.749    31.370     9.816     0.020    19.495
       462    39.000     3.128     0.000     2.328    -7.589   110.611    39.000  1024.177  2564.092    31.370     9.816     0.020    19.500
       463    39.011     3.120     0.000     2.332    -7.586   110.816    39.011  1024.177  2563.400    31.370     9.816     0.020    19.505
       464    39.022     3.112     0.000     2.336    -7.583   111.024    39.022  1024.177  2562.672    31.370     9.816     0.020    19.511
       465    39.033     3.104     0.000     2.340    -7.579   111.235    39.033  1024.177  2561.904    31.370     9.816     0.020    19.517
       466    39.046     3.096     0.000     2.345    -7.576   111.450    39.046  1024.177  2561.095    31.370     9.816     0.020    19.523
       467    39.059     3.088     0.000     2.349    -7.572   111.669    39.059  1024.177  2560.241    31.370     9.816     0.020    19.529
       468    39.073     3.080     0.000     2.354    -7.569   111.891    39.073  1024.177  2559.339    31.370     9.815     0.020    19.536
       469    39.087     3.072     0.000     2.358    -7.565   112.118    39.087  1024.178  2558.386    31.370     9.815     0.020    19.544
       470    39.103     3.064     0.000     2.363    -7.561   112.348    39.103  1024.178  2557.377    31.370     9.815     0.020    19.551
       471    39.119     3.055     0.000     2.368    -7.556   112.583    39.119  1024.178  2556.309    31.370     9.815     0.020    19.559
       472    39.136     3.047     0.000     2.372    -7.552   112.822    39.136  1024.178  2555.176    31.371     9.815     0.020    19.568
       473    39.155     3.039     0.000     2.377    -7.548   113.066    39.155  1024.178  2553.975    31.371     9.815     0.020    19.577
       474    39.174     3.030     0.000     2.382    -7.543   113.315    39.174  1024.178  2552.698    31.371     9.815     0.020    19.587
       475    39.195     3.022     0.000     2.388    -7.539   113.568    39.195  1024.178  2551.341    31.371     9.815     0.020    19.598
       476    39.217     3.013     0.000     2.393    -7.534   113.828    39.217  1024.178  2549.896    31.371     9.814     0.020    19.609
       477    39.241     3.004     0.000     2.398    -7.529   114.093    39.241  1024.178  2548.356    31.371     9.814     0.020    19.620
       478    39.266     2.996     0.000     2.404    -7.523   114.364    39.266  1024.178  2546.712    31.371     9.814     0.020    19.633
       479    39.293     2.987     0.000     2.409    -7.518   114.641    39.293  1024.178  2544.954    31.371     9.814     0.020    19.647
       480    39.323     2.978     0.000     2.415    -7.512   114.925    39.323  1024.178  2543.073    31.371     9.814     0.020    19.661
       481    39.354     2.970     0.000     2.421    -7.506   115.216    39.354  1024.178  2541.056    31.371     9.814     0.020    19.677
       482    39.387     2.961     0.000     2.427    -7.500   115.514    39.387  1024.178  2538.890    31.371     9.813     0.020    19.694
       483    39.423     2.952     0.000     2.433    -7.494   115.820    39.423  1024.178  2536.558    31.371     9.813     0.020    19.712
       484    39.463     2.943     0.000     2.439    -7.487   116.135    39.463  1024.179  2534.045    31.371     9.813     0.020    19.731
       485    39.505     2.935     0.000     2.446    -7.480   116.459    39.505  1024.179  2531.329    31.371     9.813     0.020    19.752
       486    39.551     2.926     0.000     2.453    -7.473   116.793    39.551  1024.179  2528.387    31.371     9.812     0.020    19.775
       487    39.601     2.917     0.000     2.460    -7.466   117.138    39.601  1024.179  2525.193    31.371     9.812     0.020    19.800
       488    39.656     2.909     0.000     2.467    -7.458   117.493    39.656  1024.179  2521.714    31.372     9.812     0.020    19.828
       489    39.715     2.900     0.000     2.474    -7.449   117.862    39.715  1024.179  2517.913    31.372     9.811     0.020    19.858
       490    39.781     2.892     0.000     2.482    -7.441   118.243    39.781  1024.179  2513.745    31.372     9.811     0.020    19.891
       491    39.854     2.883     0.000     2.490    -7.431   118.640    39.854  1024.180  2509.158    31.372     9.811     0.020    19.927
       492    39.935     2.875     0.000     2.499    -7.422   119.053    39.935  1024.180  2504.083    31.372     9.810     0.020    19.967
       493    40.025     2.868     0.000     2.507    -7.411   119.484    40.025  1024.180  2498.441    31.372     9.809     0.020    20.012
       494    40.126     2.860     0.000     2.516    -7.401   119.936    40.126  1024.180  2492.128    31.372     9.809     0.020    20.063
       495    40.241     2.853     0.000     2.526    -7.389   120.412    40.241  1024.180  2485.009    31.373     9.808     0.020    20.121
       496    40.373     2.846     0.000     2.536    -7.376   120.915    40.373  1024.181  2476.910    31.373     9.807     0.020    20.186
       497    40.525     2.840     0.000     2.547    -7.363   121.451    40.525  1024.181  2467.586    31.373     9.807     0.020    20.263
       498    40.705     2.835     0.000     2.559    -7.348   122.025    40.705  1024.181  2456.692    31.373     9.806     0.020    20.353
       499    40.917     2.831     0.000     2.571    -7.332   122.648    40.917  1024.182  2443.952    31.374     9.804     0.020    20.459
       500    41.153     2.828     0.000     2.585    -7.315   123.328    41.153  1024.182  2429.982    31.374     9.803     0.020    20.576
       501    41.409     2.825     0.000     2.600    -7.295   124.059    41.409  1024.183  2414.947    31.374     9.802     0.020    20.704
       502    41.690     2.823     0.000     2.616    -7.274   124.850    41.690  1024.183  2398.645    31.374     9.800     0.020    20.845
       503    42.002     2.822     0.000     2.633    -7.251   125.715    42.002  1024.184  2380.813    31.375     9.799     0.020    21.001
       504    42.353     2.822     0.000     2.653    -7.224   126.671    42.353  1024.184  2361.110    31.375     9.797     0.020    21.176
       505    42.752     2.823     0.000     2.674    -7.194   127.745    42.752  1024.185  2339.047    31.375     9.795     0.020    21.376
       506    43.226     2.827     0.000     2.699    -7.160   128.975    43.226  1024.185  2313.406    31.376     9.793     0.020    21.613
       507    43.818     2.835     0.000     2.729    -7.118   130.452    43.818  1024.186  2282.189    31.376     9.790     0.020    21.909
       508    44.605     2.850     0.000     2.767    -7.063   132.334    44.605  1024.187  2241.918    31.376     9.786     0.020    22.302
       509    45.497     2.868     0.000     2.808    -7.004   134.375    45.497  1024.188  2197.960    31.376     9.783     0.020    22.748
       510    46.407     2.891     0.000     2.849    -6.945   136.399    46.407  1024.188  2154.864    31.376     9.779     0.020    23.203
       511    47.335     2.920     0.000     2.890    -6.888   138.396    47.335  1024.189  2112.613    31.376     9.776     0.020    23.667
       512    48.281     2.956     0.000     2.929    -6.832   140.354    48.281  1024.189  2071.190    31.376     9.772     0.020    24.141
       513    49.247     2.997     0.000     2.968    -6.779   142.275    49.247  1024.189  2030.578    31.375     9.769     0.020    24.624
---------------------------- Plume traps -----------------------------
       514    50.096     3.041     0.000     3.001    -6.734   143.900    50.096  1024.189  1996.159    31.375     9.767     0.020    25.048
       515    50.769     3.081     0.000     3.025    -6.701   145.121    50.769  1024.189  1969.703    31.374     9.765     0.020    25.385
       516    51.336     3.117     0.000     3.045    -6.676   146.087    51.336  1024.188  1947.956    31.374     9.763     0.020    25.668
       517    51.831     3.150     0.000     3.061    -6.655   146.894    51.831  1024.188  1929.357    31.373     9.762     0.020    25.915
       518    52.286     3.180     0.000     3.076    -6.636   147.613    52.286  1024.188  1912.567    31.373     9.761     0.020    26.143
       519    52.698     3.208     0.000     3.089    -6.620   148.274    52.698  1024.188  1897.607    31.372     9.760     0.020    26.349
       520    53.071     3.234     0.000     3.102    -6.604   148.906    53.071  1024.187  1884.256    31.372     9.759     0.020    26.536
       521    53.421     3.259     0.000     3.114    -6.589   149.525    53.421  1024.187  1871.920    31.371     9.758     0.020    26.711
       522    53.747     3.284     0.000     3.127    -6.574   150.130    53.747  1024.187  1860.574    31.371     9.758     0.020    26.873
       523    54.053     3.307     0.000     3.139    -6.560   150.723    54.053  1024.187  1850.022    31.370     9.757     0.020    27.027
       524    54.340     3.330     0.000     3.150    -6.546   151.301    54.340  1024.187  1840.274    31.370     9.756     0.020    27.170
       525    54.608     3.353     0.000     3.162    -6.533   151.866    54.608  1024.186  1831.218    31.370     9.756     0.020    27.304
       526    54.860     3.374     0.000     3.173    -6.521   152.416    54.860  1024.186  1822.829    31.369     9.755     0.020    27.430
       527    55.096     3.396     0.000     3.184    -6.509   152.954    55.096  1024.186  1815.029    31.369     9.755     0.020    27.548
       528    55.316     3.416     0.000     3.194    -6.497   153.478    55.316  1024.186  1807.781    31.368     9.755     0.020    27.658
       529    55.524     3.436     0.000     3.204    -6.486   153.989    55.524  1024.186  1801.031    31.368     9.754     0.020    27.762
       530    55.718     3.456     0.000     3.214    -6.475   154.488    55.718  1024.185  1794.739    31.368     9.754     0.020    27.859
       531    55.901     3.475     0.000     3.224    -6.465   154.975    55.901  1024.185  1788.866    31.368     9.753     0.020    27.951
       532    56.073     3.493     0.000     3.234    -6.455   155.451    56.073  1024.185  1783.378    31.367     9.753     0.020    28.037
       533    56.235     3.512     0.000     3.243    -6.445   155.915    56.235  1024.185  1778.242    31.367     9.753     0.020    28.118
       534    56.388     3.529     0.000     3.252    -6.436   156.368    56.388  1024.185  1773.429    31.367     9.753     0.020    28.194
       535    56.532     3.547     0.000     3.261    -6.427   156.811    56.532  1024.185  1768.912    31.367     9.752     0.020    28.266
       536    56.668     3.564     0.000     3.270    -6.419   157.244    56.668  1024.185  1764.669    31.366     9.752     0.020    28.334
       537    56.796     3.580     0.000     3.279    -6.411   157.668    56.796  1024.184  1760.678    31.366     9.752     0.020    28.398
       538    56.918     3.597     0.000     3.287    -6.403   158.081    56.918  1024.184  1756.917    31.366     9.752     0.020    28.459
       539    57.033     3.613     0.000     3.295    -6.395   158.486    57.033  1024.184  1753.371    31.366     9.751     0.020    28.516
       540    57.142     3.629     0.000     3.303    -6.388   158.883    57.142  1024.184  1750.022    31.366     9.751     0.020    28.571
       541    57.246     3.644     0.000     3.311    -6.381   159.270    57.246  1024.184  1746.856    31.365     9.751     0.020    28.623
       542    57.344     3.659     0.000     3.319    -6.374   159.650    57.344  1024.184  1743.860    31.365     9.751     0.020    28.672
       543    57.438     3.674     0.000     3.326    -6.367   160.022    57.438  1024.184  1741.020    31.365     9.751     0.020    28.719
       544    57.527     3.688     0.000     3.333    -6.361   160.387    57.527  1024.184  1738.326    31.365     9.751     0.020    28.763
       545    57.611     3.703     0.000     3.341    -6.354   160.745    57.611  1024.184  1735.768    31.365     9.750     0.020    28.806
       546    57.692     3.717     0.000     3.348    -6.348   161.096    57.692  1024.183  1733.337    31.365     9.750     0.020    28.846
       547    57.769     3.731     0.000     3.355    -6.343   161.440    57.769  1024.183  1731.022    31.364     9.750     0.020    28.885
       548    57.843     3.744     0.000     3.361    -6.337   161.777    57.843  1024.183  1728.818    31.364     9.750     0.020    28.921
       549    57.913     3.758     0.000     3.368    -6.332   162.109    57.913  1024.183  1726.717    31.364     9.750     0.020    28.957
       550    57.981     3.771     0.000     3.375    -6.326   162.435    57.981  1024.183  1724.712    31.364     9.750     0.020    28.990
       551    58.045     3.784     0.000     3.381    -6.321   162.755    58.045  1024.183  1722.797    31.364     9.750     0.020    29.023
       552    58.107     3.797     0.000     3.388    -6.316   163.069    58.107  1024.183  1720.967    31.364     9.750     0.020    29.053
       553    58.166     3.809     0.000     3.394    -6.312   163.378    58.166  1024.183  1719.216    31.364     9.750     0.020    29.083
       554    58.223     3.821     0.000     3.400    -6.307   163.682    58.223  1024.183  1717.539    31.364     9.750     0.020    29.111
       555    58.277     3.834     0.000     3.406    -6.303   163.982    58.277  1024.183  1715.933    31.363     9.749     0.020    29.139
       556    58.330     3.846     0.000     3.412    -6.298   164.276    58.330  1024.183  1714.394    31.363     9.749     0.020    29.165
       557    58.380     3.857     0.000     3.418    -6.294   164.566    58.380  1024.183  1712.917    31.363     9.749     0.020    29.190
       558    58.428     3.869     0.000     3.423    -6.290   164.851    58.428  1024.183  1711.498    31.363     9.749     0.020    29.214
       559    58.475     3.880     0.000     3.429    -6.286   165.132    58.475  1024.183  1710.136    31.363     9.749     0.020    29.237
       560    58.520     3.891     0.000     3.435    -6.282   165.409    58.520  1024.182  1708.827    31.363     9.749     0.020    29.260
       561    58.563     3.903     0.000     3.440    -6.278   165.682    58.563  1024.182  1707.567    31.363     9.749     0.020    29.281
       562    58.604     3.913     0.000     3.446    -6.275   165.951    58.604  1024.182  1706.355    31.363     9.749     0.020    29.302
       563    58.645     3.924     0.000     3.451    -6.271   166.217    58.645  1024.182  1705.189    31.363     9.749     0.020    29.322
       564    58.683     3.935     0.000     3.456    -6.268   166.479    58.683  1024.182  1704.065    31.363     9.749     0.020    29.342
       565    58.721     3.945     0.000     3.461    -6.265   166.737    58.721  1024.182  1702.981    31.363     9.749     0.020    29.360
       566    58.757     3.955     0.000     3.467    -6.261   166.992    58.757  1024.182  1701.937    31.363     9.749     0.020    29.378
       567    58.791     3.965     0.000     3.472    -6.258   167.244    58.791  1024.182  1700.929    31.362     9.749     0.020    29.396
       568    58.825     3.975     0.000     3.477    -6.255   167.492    58.825  1024.182  1699.957    31.362     9.749     0.020    29.413
       569    58.858     3.985     0.000     3.482    -6.252   167.738    58.858  1024.182  1699.018    31.362     9.749     0.020    29.429
       570    58.889     3.995     0.000     3.487    -6.249   167.980    58.889  1024.182  1698.111    31.362     9.749     0.020    29.444
       571    58.919     4.004     0.000     3.491    -6.246   168.220    58.919  1024.182  1697.235    31.362     9.749     0.020    29.460
       572    58.949     4.013     0.000     3.496    -6.244   168.456    58.949  1024.182  1696.388    31.362     9.749     0.020    29.474
       573    58.977     4.022     0.000     3.501    -6.241   168.691    58.977  1024.182  1695.569    31.362     9.748     0.020    29.489
       574    59.005     4.031     0.000     3.506    -6.239   168.922    59.005  1024.182  1694.778    31.362     9.748     0.020    29.502
       575    59.031     4.040     0.000     3.510    -6.236   169.151    59.031  1024.182  1694.012    31.362     9.748     0.020    29.516
       576    59.057     4.049     0.000     3.515    -6.234   169.378    59.057  1024.182  1693.270    31.362     9.748     0.020    29.529
       577    59.082     4.058     0.000     3.519    -6.231   169.602    59.082  1024.182  1692.553    31.362     9.748     0.020    29.541
       578    59.107     4.066     0.000     3.524    -6.229   169.823    59.107  1024.182  1691.858    31.362     9.748     0.020    29.553
       579    59.130     4.074     0.000     3.528    -6.227   170.043    59.130  1024.182  1691.186    31.362     9.748     0.020    29.565
       580    59.153     4.082     0.000     3.533    -6.224   170.260    59.153  1024.182  1690.534    31.362     9.748     0.020    29.576
       581    59.175     4.090     0.000     3.537    -6.222   170.476    59.175  1024.182  1689.903    31.362     9.748     0.020    29.588
       582    59.196     4.098     0.000     3.541    -6.220   170.689    59.196  1024.182  1689.291    31.362     9.748     0.020    29.598
       583    59.217     4.106     0.000     3.545    -6.218   170.900    59.217  1024.181  1688.698    31.362     9.748     0.020    29.609
       584    59.237     4.114     0.000     3.550    -6.216   171.109    59.237  1024.181  1688.124    31.362     9.748     0.020    29.619
       585    59.257     4.121     0.000     3.554    -6.214   171.317    59.257  1024.181  1687.567    31.362     9.748     0.020    29.628
       586    59.276     4.129     0.000     3.558    -6.213   171.522    59.276  1024.181  1687.027    31.361     9.748     0.020    29.638
       587    59.294     4.136     0.000     3.562    -6.211   171.726    59.294  1024.181  1686.503    31.361     9.748     0.020    29.647
       588    59.312     4.143     0.000     3.566    -6.209   171.928    59.312  1024.181  1685.995    31.361     9.748     0.020    29.656
       589    59.329     4.150     0.000     3.570    -6.207   172.129    59.329  1024.181  1685.503    31.361     9.748     0.020    29.665
       590    59.346     4.157     0.000     3.574    -6.206   172.328    59.346  1024.181  1685.025    31.361     9.748     0.020    29.673
       591    59.363     4.163     0.000     3.578    -6.204   172.525    59.363  1024.181  1684.562    31.361     9.748     0.020    29.681
       592    59.378     4.170     0.000     3.582    -6.203   172.721    59.378  1024.181  1684.113    31.361     9.748     0.020    29.689
       593    59.394     4.176     0.000     3.586    -6.201   172.915    59.394  1024.181  1683.678    31.361     9.748     0.020    29.697
       594    59.409     4.183     0.000     3.590    -6.200   173.108    59.409  1024.181  1683.255    31.361     9.748     0.020    29.704
       595    59.423     4.189     0.000     3.594    -6.198   173.300    59.423  1024.181  1682.845    31.361     9.748     0.020    29.712
       596    59.437     4.195     0.000     3.598    -6.197   173.490    59.437  1024.181  1682.448    31.361     9.748     0.020    29.719
       597    59.451     4.201     0.000     3.601    -6.195   173.679    59.451  1024.181  1682.063    31.361     9.748     0.020    29.725
       598    59.464     4.206     0.000     3.605    -6.194   173.866    59.464  1024.181  1681.689    31.361     9.748     0.020    29.732
       599    59.477     4.212     0.000     3.609    -6.193   174.053    59.477  1024.181  1681.327    31.361     9.748     0.020    29.738
       600    59.489     4.218     0.000     3.613    -6.192   174.238    59.489  1024.181  1680.976    31.361     9.748     0.020    29.745
       601    59.501     4.223     0.000     3.616    -6.190   174.422    59.501  1024.181  1680.636    31.361     9.748     0.020    29.751
       602    59.513     4.228     0.000     3.620    -6.189   174.605    59.513  1024.181  1680.307    31.361     9.748     0.020    29.756
       603    59.524     4.234     0.000     3.624    -6.188   174.787    59.524  1024.181  1679.987    31.361     9.748     0.020    29.762
       604    59.535     4.239     0.000     3.627    -6.187   174.967    59.535  1024.181  1679.678    31.361     9.748     0.020    29.768
       605    59.546     4.243     0.000     3.631    -6.186   175.147    59.546  1024.181  1679.378    31.361     9.748     0.020    29.773
       606    59.556     4.248     0.000     3.635    -6.185   175.326    59.556  1024.181  1679.089    31.361     9.748     0.020    29.778
       607    59.566     4.253     0.000     3.638    -6.184   175.504    59.566  1024.181  1678.808    31.361     9.748     0.020    29.783
       608    59.576     4.258     0.000     3.642    -6.183   175.680    59.576  1024.181  1678.537    31.361     9.748     0.020    29.788
       609    59.585     4.262     0.000     3.645    -6.182   175.856    59.585  1024.181  1678.274    31.361     9.748     0.020    29.793
       610    59.594     4.266     0.000     3.649    -6.181   176.032    59.594  1024.181  1678.020    31.361     9.748     0.020    29.797
       611    59.603     4.270     0.000     3.652    -6.180   176.206    59.603  1024.181  1677.775    31.361     9.748     0.020    29.801
       612    59.611     4.275     0.000     3.656    -6.179   176.379    59.611  1024.181  1677.539    31.361     9.748     0.020    29.806
       613    59.619     4.279     0.000     3.659    -6.179   176.552    59.619  1024.181  1677.310    31.361     9.748     0.020    29.810
       614    59.627     4.282     0.000     3.663    -6.178   176.724    59.627  1024.181  1677.090    31.361     9.748     0.020    29.814
       615    59.635     4.286     0.000     3.666    -6.177   176.895    59.635  1024.181  1676.877    31.361     9.748     0.020    29.817
       616    59.642     4.290     0.000     3.670    -6.176   177.066    59.642  1024.181  1676.673    31.361     9.748     0.020    29.821
       617    59.649     4.293     0.000     3.673    -6.176   177.236    59.649  1024.181  1676.476    31.361     9.748     0.020    29.824
       618    59.656     4.297     0.000     3.677    -6.175   177.405    59.656  1024.181  1676.287    31.361     9.748     0.020    29.828
       619    59.662     4.300     0.000     3.680    -6.174   177.574    59.662  1024.181  1676.105    31.361     9.748     0.020    29.831
       620    59.668     4.303     0.000     3.683    -6.174   177.742    59.668  1024.181  1675.930    31.361     9.748     0.020    29.834
       621    59.674     4.306     0.000     3.687    -6.173   177.909    59.674  1024.181  1675.762    31.361     9.748     0.020    29.837
       622    59.680     4.309     0.000     3.690    -6.173   178.076    59.680  1024.181  1675.602    31.361     9.748     0.020    29.840
       623    59.686     4.312     0.000     3.693    -6.172   178.242    59.686  1024.181  1675.448    31.361     9.748     0.020    29.843
       624    59.691     4.314     0.000     3.697    -6.171   178.408    59.691  1024.181  1675.302    31.361     9.748     0.020    29.845
       625    59.696     4.317     0.000     3.700    -6.171   178.574    59.696  1024.181  1675.162    31.361     9.748     0.020    29.848
       626    59.700     4.319     0.000     3.703    -6.171   178.739    59.700  1024.181  1675.029    31.361     9.748     0.020    29.850
       627    59.705     4.322     0.000     3.707    -6.170   178.903    59.705  1024.181  1674.902    31.361     9.748     0.020    29.852
       628    59.709     4.324     0.000     3.710    -6.170   179.067    59.709  1024.181  1674.782    31.361     9.748     0.020    29.855
       629    59.713     4.326     0.000     3.713    -6.169   179.231    59.713  1024.181  1674.669    31.361     9.748     0.020    29.857
       630    59.717     4.328     0.000     3.717    -6.169   179.395    59.717  1024.181  1674.562    31.361     9.748     0.020    29.859
       631    59.721     4.330     0.000     3.720    -6.169   179.558    59.721  1024.181  1674.461    31.361     9.748     0.020    29.860
       632    59.724     4.331     0.000     3.723    -6.168   179.720    59.724  1024.181  1674.366    31.361     9.748     0.020    29.862
       633    59.727     4.333     0.000     3.727    -6.168   179.883    59.727  1024.181  1674.278    31.360     9.748     0.020    29.864
       634    59.730     4.335     0.000     3.730    -6.168   180.045    59.730  1024.181  1674.196    31.360     9.748     0.020    29.865
       635    59.733     4.336     0.000     3.733    -6.168   180.207    59.733  1024.181  1674.120    31.360     9.748     0.020    29.866
       636    59.735     4.337     0.000     3.736    -6.167   180.369    59.735  1024.181  1674.050    31.360     9.748     0.020    29.868
       637    59.738     4.338     0.000     3.740    -6.167   180.530    59.738  1024.181  1673.986    31.360     9.748     0.020    29.869
       638    59.740     4.339     0.000     3.743    -6.167   180.691    59.740  1024.181  1673.928    31.360     9.748     0.020    29.870
       639    59.742     4.340     0.000     3.746    -6.167   180.852    59.742  1024.181  1673.876    31.360     9.748     0.020    29.871
       640    59.743     4.341     0.000     3.749    -6.167   181.013    59.743  1024.181  1673.830    31.360     9.748     0.020    29.872
       641    59.745     4.342     0.000     3.753    -6.167   181.174    59.745  1024.181  1673.790    31.360     9.748     0.020    29.872
       642    59.746     4.342     0.000     3.756    -6.166   181.335    59.746  1024.181  1673.756    31.360     9.748     0.020    29.873
       643    59.747     4.343     0.000     3.759    -6.166   181.495    59.747  1024.181  1673.728    31.360     9.748     0.020    29.873
       644    59.748     4.343     0.000     3.762    -6.166   181.656    59.748  1024.181  1673.705    31.360     9.748     0.020    29.874
       645    59.748     4.344     0.000     3.765    -6.166   181.816    59.748  1024.181  1673.689    31.360     9.748     0.020    29.874
---------------------- Local maximum rise or fall --------------------
       646    59.749     4.344     0.000     3.769    -6.166   181.977    59.749  1024.181  1673.678    31.360     9.748     0.020    29.874
-------------------- Starting Farfield Calculations --------------------
Farfield dispersion based on wastefield width of :       4.34 (m)
4/3 Power Law based Eddy Diffusivity is used:
  Dilution     Width  Distance      Time     Conc.    Bckgrd
        ()       (m)       (m)    (hrs.)    (mg/L)    (mg/L)
    59.749     4.350     3.769     0.000  1673.678     0.000
    59.749     4.418     4.000     0.003  1678.243     0.000
    59.751     4.716     5.000     0.017  1678.243     0.000
    59.918     5.021     6.000     0.031  1678.243     0.000
    60.660     5.333     7.000     0.045  1678.243     0.000
    62.066     5.650     8.000     0.059  1626.662     0.000
    64.011     5.974     9.000     0.073  1626.662     0.000
    66.354     6.303    10.000     0.087  1626.662     0.000
    68.994     6.639    11.000     0.101  1626.662     0.000
    71.858     6.980    12.000     0.115  1411.799     0.000
    74.899     7.327    13.000     0.128  1411.799     0.000
    78.084     7.679    14.000     0.142  1411.799     0.000
    81.389     8.037    15.000     0.156  1411.799     0.000
    84.797     8.400    16.000     0.170  1197.441     0.000
    88.296     8.769    17.000     0.184  1197.441     0.000
    91.877     9.143    18.000     0.198  1197.441     0.000
    95.533     9.522    19.000     0.212  1197.441     0.000
    99.259     9.906    20.000     0.226  1022.967     0.000
   103.050    10.295    21.000     0.240  1022.967     0.000
   106.903    10.689    22.000     0.253  1022.967     0.000
   110.814    11.088    23.000     0.267  1022.967     0.000
   114.783    11.492    24.000     0.281   884.432     0.000
   118.806    11.900    25.000     0.295   884.432     0.000
   122.881    12.313    26.000     0.309   884.432     0.000
   127.008    12.731    27.000     0.323   884.432     0.000
   131.186    13.154    28.000     0.337   773.654     0.000
   135.412    13.581    29.000     0.351   773.654     0.000
   139.687    14.013    30.000     0.365   773.654     0.000
   144.009    14.449    31.000     0.378   773.654     0.000
   148.377    14.890    32.000     0.392   683.858     0.000
   152.791    15.335    33.000     0.406   683.858     0.000
   157.249    15.784    34.000     0.420   683.858     0.000
   161.753    16.238    35.000     0.434   683.858     0.000
   166.299    16.696    36.000     0.448   610.028     0.000
   170.889    17.158    37.000     0.462   610.028     0.000
   175.522    17.624    38.000     0.476   610.028     0.000
   180.197    18.095    39.000     0.490   610.028     0.000
   184.914    18.569    40.000     0.503   548.518     0.000
   189.671    19.048    41.000     0.517   548.518     0.000
   194.470    19.531    42.000     0.531   548.518     0.000
   199.309    20.017    43.000     0.545   548.518     0.000
   204.189    20.508    44.000     0.559   496.657     0.000
   209.108    21.003    45.000     0.573   496.657     0.000
   214.066    21.501    46.000     0.587   496.657     0.000
   219.063    22.004    47.000     0.601   496.657     0.000
   224.099    22.510    48.000     0.615   452.465     0.000
   229.174    23.020    49.000     0.628   452.465     0.000
   234.286    23.534    50.000     0.642   452.465     0.000
   239.437    24.052    51.000     0.656   452.465     0.000
   244.624    24.573    52.000     0.670   414.449     0.000
   249.849    25.099    53.000     0.684   414.449     0.000
   255.111    25.627    54.000     0.698   414.449     0.000
   260.409    26.160    55.000     0.712   414.449     0.000
   265.744    26.696    56.000     0.726   381.468     0.000
   271.115    27.236    57.000     0.740   381.468     0.000
   276.521    27.779    58.000     0.753   381.468     0.000
   281.964    28.326    59.000     0.767   381.468     0.000
   287.441    28.877    60.000     0.781   352.638     0.000
   292.954    29.431    61.000     0.795   352.638     0.000
   298.502    29.988    62.000     0.809   352.638     0.000
   304.084    30.549    63.000     0.823   352.638     0.000
   309.701    31.114    64.000     0.837   327.262     0.000
   315.352    31.681    65.000     0.851   327.262     0.000
   321.037    32.253    66.000     0.865   327.262     0.000
   326.756    32.827    67.000     0.878   327.262     0.000
   332.508    33.405    68.000     0.892   304.790     0.000
   338.294    33.987    69.000     0.906   304.790     0.000
   344.113    34.571    70.000     0.920   304.790     0.000
   349.966    35.159    71.000     0.934   304.790     0.000
   355.851    35.751    72.000     0.948   284.776     0.000
   361.769    36.345    73.000     0.962   284.776     0.000
   367.719    36.943    74.000     0.976   284.776     0.000
   373.701    37.544    75.000     0.990   284.776     0.000
   379.716    38.149    76.000     1.003   266.860     0.000
   385.763    38.756    77.000     1.017   266.860     0.000
   391.841    39.367    78.000     1.031   266.860     0.000
   397.951    39.981    79.000     1.045   266.860     0.000
   404.093    40.598    80.000     1.059   250.747     0.000
   410.265    41.218    81.000     1.073   250.747     0.000
   416.469    41.842    82.000     1.087   250.747     0.000
   422.704    42.468    83.000     1.101   250.747     0.000
   428.970    43.098    84.000     1.115   236.192     0.000
   435.266    43.730    85.000     1.128   236.192     0.000
   441.593    44.366    86.000     1.142   236.192     0.000
   447.951    45.005    87.000     1.156   236.192     0.000
   454.338    45.646    88.000     1.170   222.993     0.000
   460.756    46.291    89.000     1.184   222.993     0.000
   467.204    46.939    90.000     1.198   222.993     0.000
   473.681    47.590    91.000     1.212   222.993     0.000
   480.188    48.244    92.000     1.226   210.978     0.000
   486.725    48.900    93.000     1.240   210.978     0.000
   493.291    49.560    94.000     1.253   210.978     0.000
   499.886    50.223    95.000     1.267   210.978     0.000
   506.511    50.888    96.000     1.281   200.006     0.000
   513.164    51.557    97.000     1.295   200.006     0.000
   519.846    52.228    98.000     1.309   200.006     0.000
   526.558    52.902    99.000     1.323   200.006     0.000
   533.297    53.580   100.000     1.337   189.952     0.000
   540.066    54.260   101.000     1.351   189.952     0.000
   546.862    54.942   102.000     1.365   189.952     0.000
   553.687    55.628   103.000     1.378   180.713     0.000
   560.540    56.317   104.000     1.392   180.713     0.000
   567.422    57.008   105.000     1.406   180.713     0.000
   574.331    57.702   106.000     1.420   180.713     0.000
   581.268    58.399   107.000     1.434   172.200     0.000
   588.232    59.099   108.000     1.448   172.200     0.000
   595.224    59.801   109.000     1.462   172.200     0.000
   602.244    60.507   110.000     1.476   172.200     0.000
   609.291    61.215   111.000     1.490   164.335     0.000
   616.366    61.925   112.000     1.503   164.335     0.000
   623.467    62.639   113.000     1.517   164.335     0.000
   630.596    63.355   114.000     1.531   164.335     0.000
   637.752    64.074   115.000     1.545   157.051     0.000
   644.934    64.796   116.000     1.559   157.051     0.000
   652.143    65.520   117.000     1.573   157.051     0.000
   659.379    66.247   118.000     1.587   157.051     0.000
   666.642    66.977   119.000     1.601   150.289     0.000
   673.931    67.709   120.000     1.615   150.289     0.000
   681.246    68.444   121.000     1.628   150.289     0.000
   688.588    69.182   122.000     1.642   150.289     0.000
   695.955    69.922   123.000     1.656   143.999     0.000
   703.349    70.665   124.000     1.670   143.999     0.000
   710.769    71.410   125.000     1.684   143.999     0.000
   718.215    72.158   126.000     1.698   143.999     0.000
   725.687    72.909   127.000     1.712   138.136     0.000
   733.184    73.662   128.000     1.726   138.136     0.000
   740.707    74.418   129.000     1.740   138.136     0.000
   748.256    75.176   130.000     1.753   138.136     0.000
   755.830    75.937   131.000     1.767   132.660     0.000
   763.429    76.701   132.000     1.781   132.660     0.000
   771.054    77.467   133.000     1.795   132.660     0.000
   778.704    78.236   134.000     1.809   132.660     0.000
   786.379    79.007   135.000     1.823   127.537     0.000
   794.079    79.780   136.000     1.837   127.537     0.000
   801.804    80.556   137.000     1.851   127.537     0.000
   809.554    81.335   138.000     1.865   127.537     0.000
   817.329    82.116   139.000     1.878   122.735     0.000
   825.128    82.900   140.000     1.892   122.735     0.000
   832.953    83.686   141.000     1.906   122.735     0.000
   840.801    84.474   142.000     1.920   122.735     0.000
   848.675    85.266   143.000     1.934   118.227     0.000
   856.572    86.059   144.000     1.948   118.227     0.000
   864.494    86.855   145.000     1.962   118.227     0.000
   872.441    87.653   146.000     1.976   118.227     0.000
   880.411    88.454   147.000     1.990   113.989     0.000
   888.406    89.257   148.000     2.003   113.989     0.000
   896.425    90.063   149.000     2.017   113.989     0.000
   904.467    90.871   150.000     2.031   113.989     0.000
   912.534    91.681   151.000     2.045   109.998     0.000
   920.624    92.494   152.000     2.059   109.998     0.000
   928.738    93.309   153.000     2.073   109.998     0.000
   936.876    94.127   154.000     2.087   109.998     0.000
   945.038    94.947   155.000     2.101   106.234     0.000
   953.223    95.769   156.000     2.115   106.234     0.000
   961.432    96.594   157.000     2.128   106.234     0.000
   969.664    97.421   158.000     2.142   106.234     0.000
   977.919    98.251   159.000     2.156   102.680     0.000
   986.198    99.082   160.000     2.170   102.680     0.000
   994.500    99.916   161.000     2.184   102.680     0.000
  1002.825   100.753   162.000     2.198   102.680     0.000
  1011.173   101.592   163.000     2.212    99.321     0.000
  1019.544   102.433   164.000     2.226    99.321     0.000
  1027.938   103.276   165.000     2.240    99.321     0.000
  1036.355   104.122   166.000     2.253    99.321     0.000
  1044.795   104.970   167.000     2.267    96.140     0.000
  1053.258   105.820   168.000     2.281    96.140     0.000
  1061.743   106.672   169.000     2.295    96.140     0.000
  1070.252   107.527   170.000     2.309    96.140     0.000
  1078.782   108.384   171.000     2.323    93.126     0.000
  1087.336   109.244   172.000     2.337    93.126     0.000
  1095.911   110.105   173.000     2.351    93.126     0.000
  1104.510   110.969   174.000     2.365    93.126     0.000
  1113.130   111.835   175.000     2.378    90.266     0.000
  1121.773   112.704   176.000     2.392    90.266     0.000
  1130.438   113.574   177.000     2.406    90.266     0.000
  1139.125   114.447   178.000     2.420    90.266     0.000
  1147.835   115.322   179.000     2.434    87.549     0.000
  1156.566   116.199   180.000     2.448    87.549     0.000
  1165.320   117.079   181.000     2.462    87.549     0.000
  1174.096   117.960   182.000     2.476    87.549     0.000
  1182.893   118.844   183.000     2.490    84.966     0.000
  1191.712   119.730   184.000     2.503    84.966     0.000
  1200.554   120.619   185.000     2.517    84.966     0.000
  1209.417   121.509   186.000     2.531    84.966     0.000
  1218.301   122.402   187.000     2.545    82.507     0.000
  1227.207   123.297   188.000     2.559    82.507     0.000
  1236.135   124.193   189.000     2.573    82.507     0.000
  1245.085   125.093   190.000     2.587    82.507     0.000
  1254.056   125.994   191.000     2.601    80.165     0.000
  1263.048   126.897   192.000     2.615    80.165     0.000
  1272.062   127.803   193.000     2.628    80.165     0.000
  1281.097   128.711   194.000     2.642    80.165     0.000
  1290.153   129.621   195.000     2.656    77.932     0.000
  1299.231   130.533   196.000     2.670    77.932     0.000
  1308.329   131.447   197.000     2.684    77.932     0.000
  1317.449   132.363   198.000     2.698    77.932     0.000
  1326.590   133.281   199.000     2.712    75.800     0.000
  1335.752   134.202   200.000     2.726    75.800     0.000
  1344.936   135.125   201.000     2.740    75.800     0.000
  1354.140   136.049   202.000     2.753    75.800     0.000
  1363.364   136.976   203.000     2.767    73.764     0.000
  1372.610   137.905   204.000     2.781    73.764     0.000
  1381.877   138.836   205.000     2.795    73.764     0.000
  1391.164   139.769   206.000     2.809    73.764     0.000
............................. Reached Chronic Mixing Zone ..........................
  1400.472   140.704   207.000     2.823    71.818     0.000
  1409.801   141.642   208.000     2.837    71.818     0.000
  1419.150   142.581   209.000     2.851    71.818     0.000
  1428.520   143.522   210.000     2.865    71.818     0.000
  1437.911   144.466   211.000     2.878    69.955     0.000
  1447.322   145.411   212.000     2.892    69.955     0.000
  1456.753   146.359   213.000     2.906    69.955     0.000
  1466.205   147.308   214.000     2.920    69.955     0.000
  1475.677   148.260   215.000     2.934    68.172     0.000
  1485.169   149.214   216.000     2.948    68.172     0.000
  1494.682   150.170   217.000     2.962    68.172     0.000
  1504.215   151.127   218.000     2.976    68.172     0.000
  1513.768   152.087   219.000     2.990    66.463     0.000
  1523.341   153.049   220.000     3.003    66.463     0.000
  1532.935   154.013   221.000     3.017    66.463     0.000
  1542.548   154.979   222.000     3.031    66.463     0.000
  1552.181   155.946   223.000     3.045    64.824     0.000
  1561.835   156.916   224.000     3.059    64.824     0.000
  1571.508   157.888   225.000     3.073    64.824     0.000
  1581.201   158.862   226.000     3.087    63.252     0.000
  1590.914   159.838   227.000     3.101    63.252     0.000
  1600.647   160.816   228.000     3.115    63.252     0.000
  1610.400   161.796   229.000     3.128    63.252     0.000
  1620.172   162.777   230.000     3.142    61.742     0.000
  1629.964   163.761   231.000     3.156    61.742     0.000
  1639.776   164.747   232.000     3.170    61.742     0.000
  1649.607   165.735   233.000     3.184    61.742     0.000
  1659.458   166.724   234.000     3.198    60.291     0.000
  1669.329   167.716   235.000     3.212    60.291     0.000
  1679.218   168.710   236.000     3.226    60.291     0.000
  1689.128   169.705   237.000     3.240    60.291     0.000
  1699.057   170.703   238.000     3.253    58.897     0.000
  1709.005   171.702   239.000     3.267    58.897     0.000
  1718.972   172.704   240.000     3.281    58.897     0.000
  1728.959   173.707   241.000     3.295    58.897     0.000
  1738.965   174.713   242.000     3.309    57.555     0.000
  1748.990   175.720   243.000     3.323    57.555     0.000
  1759.035   176.729   244.000     3.337    57.555     0.000
  1769.098   177.740   245.000     3.351    57.555     0.000
  1779.181   178.753   246.000     3.365    56.263     0.000
  1789.283   179.768   247.000     3.378    56.263     0.000
  1799.404   180.785   248.000     3.392    56.263     0.000
  1809.544   181.804   249.000     3.406    56.263     0.000
  1819.703   182.824   250.000     3.420    55.019     0.000
  1829.880   183.847   251.000     3.434    55.019     0.000
  1840.077   184.871   252.000     3.448    55.019     0.000
  1850.293   185.898   253.000     3.462    55.019     0.000
  1860.527   186.926   254.000     3.476    53.820     0.000
  1870.780   187.956   255.000     3.490    53.820     0.000
  1881.052   188.988   256.000     3.503    53.820     0.000
  1891.343   190.022   257.000     3.517    53.820     0.000
  1901.652   191.058   258.000     3.531    52.665     0.000
  1911.980   192.095   259.000     3.545    52.665     0.000
  1922.327   193.135   260.000     3.559    52.665     0.000
  1932.692   194.176   261.000     3.573    52.665     0.000
  1943.076   195.219   262.000     3.587    51.549     0.000
  1953.479   196.265   263.000     3.601    51.549     0.000
  1963.900   197.312   264.000     3.615    51.549     0.000
  1974.339   198.360   265.000     3.628    51.549     0.000
  1984.797   199.411   266.000     3.642    50.473     0.000
  1995.273   200.464   267.000     3.656    50.473     0.000
  2005.767   201.518   268.000     3.670    50.473     0.000
  2016.280   202.574   269.000     3.684    50.473     0.000
  2026.811   203.632   270.000     3.698    49.434     0.000
  2037.361   204.692   271.000     3.712    49.434     0.000
  2047.929   205.754   272.000     3.726    49.434     0.000
  2058.515   206.817   273.000     3.740    49.434     0.000
  2069.119   207.883   274.000     3.753    48.430     0.000
  2079.741   208.950   275.000     3.767    48.430     0.000
  2090.381   210.019   276.000     3.781    48.430     0.000
  2101.040   211.090   277.000     3.795    48.430     0.000
  2111.716   212.163   278.000     3.809    47.459     0.000
  2122.411   213.237   279.000     3.823    47.459     0.000
  2133.123   214.313   280.000     3.837    47.459     0.000
  2143.854   215.391   281.000     3.851    47.459     0.000
  2154.602   216.471   282.000     3.865    46.520     0.000
  2165.368   217.553   283.000     3.878    46.520     0.000
  2176.152   218.636   284.000     3.892    46.520     0.000
  2186.954   219.722   285.000     3.906    46.520     0.000
  2197.774   220.809   286.000     3.920    45.612     0.000
  2208.612   221.898   287.000     3.934    45.612     0.000
  2219.467   222.988   288.000     3.948    45.612     0.000
  2230.340   224.081   289.000     3.962    45.612     0.000
  2241.231   225.175   290.000     3.976    44.733     0.000
  2252.140   226.271   291.000     3.990    44.733     0.000
  2263.066   227.369   292.000     4.003    44.733     0.000
  2274.010   228.468   293.000     4.017    44.733     0.000
  2284.971   229.569   294.000     4.031    43.882     0.000
  2295.950   230.672   295.000     4.045    43.882     0.000
  2306.946   231.777   296.000     4.059    43.882     0.000
  2317.960   232.884   297.000     4.073    43.882     0.000
  2328.991   233.992   298.000     4.087    43.058     0.000
  2340.040   235.102   299.000     4.101    43.058     0.000
  2351.106   236.214   300.000     4.115    43.058     0.000
  2362.190   237.328   301.000     4.128    43.058     0.000
  2373.291   238.443   302.000     4.142    42.259     0.000
  2384.409   239.560   303.000     4.156    42.259     0.000
  2395.545   240.679   304.000     4.170    42.259     0.000
  2406.698   241.799   305.000     4.184    42.259     0.000
  2417.868   242.921   306.000     4.198    41.484     0.000
  2429.055   244.045   307.000     4.212    41.484     0.000
  2440.260   245.171   308.000     4.226    41.484     0.000
  2451.482   246.299   309.000     4.240    41.484     0.000
  2462.721   247.428   310.000     4.253    40.733     0.000
  2473.977   248.559   311.000     4.267    40.733     0.000
  2485.250   249.691   312.000     4.281    40.733     0.000
  2496.540   250.826   313.000     4.295    40.733     0.000
  2507.847   251.962   314.000     4.309    40.004     0.000
  2519.171   253.099   315.000     4.323    40.004     0.000
  2530.513   254.239   316.000     4.337    40.004     0.000
  2541.871   255.380   317.000     4.351    40.004     0.000
  2553.246   256.523   318.000     4.365    39.297     0.000
  2564.638   257.667   319.000     4.378    39.297     0.000
  2576.047   258.814   320.000     4.392    39.297     0.000
  2587.473   259.962   321.000     4.406    39.297     0.000
  2598.916   261.111   322.000     4.420    38.610     0.000
  2610.375   262.263   323.000     4.434    38.610     0.000
  2621.851   263.416   324.000     4.448    38.610     0.000
  2633.345   264.570   325.000     4.462    38.610     0.000
  2644.854   265.727   326.000     4.476    37.943     0.000
  2656.381   266.885   327.000     4.490    37.943     0.000
  2667.924   268.044   328.000     4.503    37.943     0.000
  2679.484   269.206   329.000     4.517    37.943     0.000
  2691.061   270.369   330.000     4.531    37.296     0.000
  2702.654   271.534   331.000     4.545    37.296     0.000
  2714.264   272.700   332.000     4.559    37.296     0.000
  2725.890   273.868   333.000     4.573    37.296     0.000
  2737.533   275.038   334.000     4.587    36.666     0.000
  2749.192   276.209   335.000     4.601    36.666     0.000
  2760.868   277.382   336.000     4.615    36.666     0.000
  2772.561   278.557   337.000     4.628    36.666     0.000
  2784.270   279.734   338.000     4.642    36.054     0.000
  2795.995   280.912   339.000     4.656    36.054     0.000
  2807.737   282.091   340.000     4.670    36.054     0.000
  2819.495   283.273   341.000     4.684    36.054     0.000
  2831.269   284.456   342.000     4.698    35.458     0.000
  2843.060   285.640   343.000     4.712    35.458     0.000
  2854.867   286.827   344.000     4.726    35.458     0.000
  2866.691   288.014   345.000     4.740    35.458     0.000
  2878.530   289.204   346.000     4.753    34.879     0.000
  2890.386   290.395   347.000     4.767    34.879     0.000
  2902.259   291.588   348.000     4.781    34.879     0.000
  2914.147   292.782   349.000     4.795    34.879     0.000
  2926.052   293.978   350.000     4.809    34.316     0.000
  2937.972   295.176   351.000     4.823    34.316     0.000
  2949.909   296.375   352.000     4.837    34.316     0.000
  2961.862   297.576   353.000     4.851    33.767     0.000
  2973.832   298.779   354.000     4.865    33.767     0.000
  2985.817   299.983   355.000     4.878    33.767     0.000
  2997.818   301.189   356.000     4.892    33.767     0.000
  3009.836   302.396   357.000     4.906    33.233     0.000
  3021.869   303.605   358.000     4.920    33.233     0.000
  3033.918   304.816   359.000     4.934    33.233     0.000
  3045.984   306.028   360.000     4.948    33.233     0.000
  3058.065   307.242   361.000     4.962    32.713     0.000
  3070.162   308.457   362.000     4.976    32.713     0.000
  3082.275   309.674   363.000     4.990    32.713     0.000
  3094.404   310.893   364.000     5.003    32.713     0.000
  3106.549   312.113   365.000     5.017    32.206     0.000
  3118.710   313.335   366.000     5.031    32.206     0.000
  3130.886   314.558   367.000     5.045    32.206     0.000
  3143.079   315.783   368.000     5.059    32.206     0.000
  3155.287   317.009   369.000     5.073    31.713     0.000
  3167.511   318.238   370.000     5.087    31.713     0.000
  3179.750   319.467   371.000     5.101    31.713     0.000
  3192.006   320.699   372.000     5.115    31.713     0.000
  3204.277   321.931   373.000     5.128    31.231     0.000
  3216.564   323.166   374.000     5.142    31.231     0.000
  3228.866   324.402   375.000     5.156    31.231     0.000
  3241.184   325.639   376.000     5.170    31.231     0.000
  3253.518   326.879   377.000     5.184    30.762     0.000
  3265.867   328.119   378.000     5.198    30.762     0.000
  3278.232   329.362   379.000     5.212    30.762     0.000
  3290.612   330.606   380.000     5.226    30.762     0.000
  3303.008   331.851   381.000     5.240    30.305     0.000
  3315.420   333.098   382.000     5.253    30.305     0.000
  3327.847   334.346   383.000     5.267    30.305     0.000
  3340.289   335.597   384.000     5.281    30.305     0.000
  3352.747   336.848   385.000     5.295    29.858     0.000
  3365.221   338.101   386.000     5.309    29.858     0.000
  3377.710   339.356   387.000     5.323    29.858     0.000
  3390.214   340.612   388.000     5.337    29.858     0.000
  3402.734   341.870   389.000     5.351    29.423     0.000
  3415.269   343.130   390.000     5.365    29.423     0.000
  3427.819   344.391   391.000     5.378    29.423     0.000
  3440.385   345.653   392.000     5.392    29.423     0.000
  3452.966   346.917   393.000     5.406    28.998     0.000
  3465.562   348.183   394.000     5.420    28.998     0.000
  3478.174   349.450   395.000     5.434    28.998     0.000
  3490.801   350.718   396.000     5.448    28.998     0.000
  3503.443   351.988   397.000     5.462    28.583     0.000
  3516.100   353.260   398.000     5.476    28.583     0.000
  3528.773   354.533   399.000     5.490    28.583     0.000
  3541.461   355.808   400.000     5.503    28.583     0.000
  3554.164   357.084   401.000     5.517    28.178     0.000
  3566.882   358.362   402.000     5.531    28.178     0.000
  3579.615   359.641   403.000     5.545    28.178     0.000
  3592.363   360.922   404.000     5.559    28.178     0.000
  3605.127   362.205   405.000     5.573    27.782     0.000
  3617.905   363.488   406.000     5.587    27.782     0.000
  3630.699   364.774   407.000     5.601    27.782     0.000
  3643.507   366.061   408.000     5.615    27.782     0.000
  3656.331   367.349   409.000     5.628    27.396     0.000
  3669.170   368.639   410.000     5.642    27.396     0.000
  3682.023   369.930   411.000     5.656    27.396     0.000
  3694.892   371.223   412.000     5.670    27.396     0.000
  3707.775   372.518   413.000     5.684    27.018     0.000
  3720.674   373.814   414.000     5.698    27.018     0.000
  3733.587   375.111   415.000     5.712    27.018     0.000
  3746.516   376.410   416.000     5.726    27.018     0.000
  3759.459   377.710   417.000     5.740    26.649     0.000
  3772.417   379.012   418.000     5.753    26.649     0.000
  3785.390   380.315   419.000     5.767    26.649     0.000
  3798.378   381.620   420.000     5.781    26.649     0.000
  3811.380   382.927   421.000     5.795    26.289     0.000
  3824.398   384.235   422.000     5.809    26.289     0.000
  3837.430   385.544   423.000     5.823    26.289     0.000
  3850.477   386.855   424.000     5.837    26.289     0.000
  3863.539   388.167   425.000     5.851    25.936     0.000
  3876.615   389.481   426.000     5.865    25.936     0.000
  3889.706   390.796   427.000     5.878    25.936     0.000
  3902.812   392.113   428.000     5.892    25.936     0.000
  3915.933   393.431   429.000     5.906    25.591     0.000
  3929.068   394.751   430.000     5.920    25.591     0.000
  3942.218   396.072   431.000     5.934    25.591     0.000
  3955.382   397.394   432.000     5.948    25.591     0.000
  3968.562   398.719   433.000     5.962    25.254     0.000
  3981.755   400.044   434.000     5.976    25.254     0.000
  3994.964   401.371   435.000     5.990    25.254     0.000
  4008.187   402.700   436.000     6.003    25.254     0.000
  4021.424   404.030   437.000     6.017    24.924     0.000
  4034.676   405.361   438.000     6.031    24.924     0.000
  4047.943   406.694   439.000     6.045    24.924     0.000
  4061.224   408.028   440.000     6.059    24.924     0.000
  4074.519   409.364   441.000     6.073    24.601     0.000
  4087.829   410.701   442.000     6.087    24.601     0.000
  4101.154   412.040   443.000     6.101    24.601     0.000
  4114.493   413.380   444.000     6.115    24.601     0.000
  4127.846   414.722   445.000     6.128    24.286     0.000
  4141.214   416.065   446.000     6.142    24.286     0.000
  4154.596   417.409   447.000     6.156    24.286     0.000
  4167.993   418.755   448.000     6.170    24.286     0.000
  4181.404   420.103   449.000     6.184    23.976     0.000
  4194.829   421.451   450.000     6.198    23.976     0.000
  4208.268   422.802   451.000     6.212    23.976     0.000
  4221.722   424.153   452.000     6.226    23.976     0.000
  4235.191   425.507   453.000     6.240    23.674     0.000
  4248.673   426.861   454.000     6.253    23.674     0.000
  4262.170   428.217   455.000     6.267    23.674     0.000
  4275.681   429.575   456.000     6.281    23.674     0.000
  4289.206   430.934   457.000     6.295    23.377     0.000
  4302.746   432.294   458.000     6.309    23.377     0.000
  4316.300   433.656   459.000     6.323    23.377     0.000
  4329.868   435.019   460.000     6.337    23.377     0.000
  4343.450   436.383   461.000     6.351    23.087     0.000
  4357.046   437.749   462.000     6.365    23.087     0.000
  4370.657   439.117   463.000     6.378    23.087     0.000
  4384.281   440.486   464.000     6.392    23.087     0.000
  4397.920   441.856   465.000     6.406    22.803     0.000
  4411.573   443.228   466.000     6.420    22.803     0.000
  4425.240   444.601   467.000     6.434    22.803     0.000
  4438.921   445.975   468.000     6.448    22.803     0.000
  4452.616   447.351   469.000     6.462    22.525     0.000
  4466.325   448.729   470.000     6.476    22.525     0.000
  4480.049   450.107   471.000     6.490    22.525     0.000
  4493.786   451.487   472.000     6.503    22.525     0.000
  4507.537   452.869   473.000     6.517    22.252     0.000
  4521.302   454.252   474.000     6.531    22.252     0.000
  4535.082   455.636   475.000     6.545    22.252     0.000
  4548.875   457.022   476.000     6.559    21.984     0.000
  4562.682   458.409   477.000     6.573    21.984     0.000
  4576.503   459.798   478.000     6.587    21.984     0.000
  4590.338   461.188   479.000     6.601    21.984     0.000
  4604.187   462.579   480.000     6.615    21.722     0.000
  4618.050   463.972   481.000     6.628    21.722     0.000
  4631.927   465.366   482.000     6.642    21.722     0.000
  4645.817   466.762   483.000     6.656    21.722     0.000
  4659.722   468.159   484.000     6.670    21.466     0.000
  4673.640   469.557   485.000     6.684    21.466     0.000
  4687.572   470.957   486.000     6.698    21.466     0.000
  4701.518   472.358   487.000     6.712    21.466     0.000
  4715.478   473.761   488.000     6.726    21.214     0.000
  4729.452   475.165   489.000     6.740    21.214     0.000
  4743.439   476.570   490.000     6.753    21.214     0.000
  4757.440   477.977   491.000     6.767    21.214     0.000
  4771.455   479.385   492.000     6.781    20.967     0.000
  4785.483   480.794   493.000     6.795    20.967     0.000
  4799.526   482.205   494.000     6.809    20.967     0.000
  4813.582   483.617   495.000     6.823    20.967     0.000
  4827.651   485.031   496.000     6.837    20.724     0.000
  4841.735   486.446   497.000     6.851    20.724     0.000
  4855.832   487.862   498.000     6.865    20.724     0.000
  4869.943   489.280   499.000     6.878    20.724     0.000
  4884.067   490.699   500.000     6.892    20.487     0.000
  4898.205   492.119   501.000     6.906    20.487     0.000
  4912.357   493.541   502.000     6.920    20.487     0.000
  4926.522   494.964   503.000     6.934    20.487     0.000
  4937.510   496.068   503.775     6.945    20.254     0.000
