****************************************************************************************************
----------------------------------------------------------------------------------------------------
Ambient Table:
     Depth   Amb-cur   Amb-dir   Amb-sal   Amb-tem   Amb-pol     Decay   Far-spd   Far-dir   Disprsn
       (m)     (m/s)     (deg)     (psu)       (C)    (mg/L)   (1/day)     (m/s)     (deg)(m0.67/s2)
     0.000     0.020    90.000    30.900    11.200     0.000     0.000     0.020    90.000   0.00030
     3.000     0.020    90.000    31.200    10.400     0.000     0.000     0.020    90.000   0.00030
     6.000     0.020    90.000    31.200     9.690     0.000     0.000     0.020    90.000   0.00030
     9.000     0.020    90.000    31.700     9.440     0.000     0.000     0.020    90.000   0.00030
    12.000     0.020    90.000    31.800     9.340     0.000     0.000     0.020    90.000   0.00030
    15.000     0.050    90.000    31.900     9.220     0.000     0.000     0.020    90.000   0.00030
----------------------------------------------------------------------------------------------------
Diffuser Table:
     P-dia    P-elev   V-angle   H-angle     Ports   Spacing   AcuteMZ   ChrncMZ   P-depth   Ttl-flo   Eff-sal      Temp   Polutnt
       (m)       (m)     (deg)     (deg)       ( )       (m)       (m)       (m)       (m)     (cms)     (psu)       (C)    (mg/L)
      0.50     15.00    -45.00     90.00      1.00      0.00     20.70    207.00      2.00      0.01     35.00     10.00 100000.00
----------------------------------------------------------------------------------------------------
Simulation Results:
              Dilutn     P-dia    x-posn    y-posn     Depth      Time   Net-Dil     P-Den    P-Con.     P-Sal    P-Temp  Amb-Curr    CL-Dil
      Step (FluxAvg)       (m)       (m)       (m)       (m)       (s)        ()   (kg/m3)    (mg/L)     (psu)       (C)     (m/s)        ()
         1     1.003     0.391     0.000     0.010    -2.013     0.336     1.003  1026.964 99686.440    34.988    10.002     0.020     1.000
         2     1.004     0.360     0.000     0.010    -2.014     0.353     1.004  1026.963 99645.726    34.986    10.002     0.020     1.000
         3     1.004     0.359     0.000     0.011    -2.015     0.373     1.004  1026.961 99585.252    34.984    10.003     0.020     1.000
         4     1.005     0.357     0.000     0.012    -2.016     0.393     1.005  1026.959 99520.260    34.981    10.003     0.020     1.000
         5     1.006     0.356     0.000     0.012    -2.016     0.414     1.006  1026.957 99450.718    34.979    10.004     0.020     1.000
         6     1.006     0.354     0.000     0.013    -2.017     0.435     1.006  1026.955 99376.238    34.976    10.004     0.020     1.000
         7     1.007     0.353     0.000     0.013    -2.018     0.457     1.007  1026.952 99296.386    34.973    10.005     0.020     1.000
         8     1.008     0.351     0.000     0.014    -2.019     0.479     1.008  1026.950 99210.679    34.969    10.005     0.020     1.000
         9     1.009     0.349     0.000     0.015    -2.020     0.502     1.009  1026.947 99118.585    34.966    10.006     0.020     1.000
        10     1.010     0.348     0.000     0.015    -2.021     0.525     1.010  1026.944 99019.508    34.962    10.006     0.020     1.000
        11     1.011     0.346     0.000     0.016    -2.022     0.549     1.011  1026.940 98912.789    34.958    10.007     0.020     1.000
        12     1.012     0.345     0.000     0.017    -2.024     0.573     1.012  1026.937 98797.688    34.953    10.008     0.020     1.000
        13     1.013     0.343     0.000     0.018    -2.025     0.598     1.013  1026.933 98673.380    34.948    10.009     0.020     1.000
        14     1.015     0.342     0.000     0.018    -2.026     0.624     1.015  1026.928 98538.936    34.943    10.010     0.020     1.000
        15     1.016     0.340     0.000     0.019    -2.027     0.650     1.016  1026.924 98393.312    34.938    10.011     0.020     1.000
        16     1.018     0.339     0.000     0.020    -2.029     0.677     1.018  1026.919 98235.329    34.931    10.012     0.020     1.000
        17     1.020     0.337     0.000     0.021    -2.030     0.705     1.020  1026.913 98063.652    34.925    10.013     0.020     1.000
        18     1.022     0.336     0.000     0.022    -2.031     0.734     1.022  1026.908 97876.760    34.917    10.014     0.020     1.000
        19     1.024     0.334     0.000     0.022    -2.033     0.763     1.024  1026.901 97672.919    34.910    10.015     0.020     1.000
        20     1.026     0.333     0.000     0.023    -2.034     0.794     1.026  1026.894 97450.140    34.901    10.017     0.020     1.000
        21     1.029     0.331     0.000     0.024    -2.036     0.826     1.029  1026.887 97206.128    34.891    10.018     0.020     1.000
        22     1.032     0.330     0.000     0.025    -2.038     0.858     1.032  1026.878 96938.225    34.881    10.020     0.020     1.000
        23     1.035     0.328     0.000     0.026    -2.040     0.892     1.035  1026.869 96643.329    34.870    10.022     0.020     1.000
        24     1.038     0.327     0.000     0.027    -2.042     0.927     1.038  1026.859 96317.794    34.857    10.024     0.020     1.000
        25     1.042     0.326     0.000     0.028    -2.044     0.964     1.042  1026.847 95957.304    34.843    10.027     0.020     1.000
        26     1.046     0.325     0.000     0.029    -2.046     1.002     1.046  1026.835 95577.252    34.828    10.029     0.020     1.000
        27     1.051     0.323     0.000     0.031    -2.048     1.041     1.051  1026.823 95180.590    34.813    10.032     0.020     1.000
        28     1.055     0.322     0.000     0.032    -2.051     1.082     1.055  1026.810 94766.507    34.797    10.034     0.020     1.000
        29     1.060     0.321     0.000     0.033    -2.053     1.124     1.060  1026.796 94333.948    34.780    10.037     0.020     1.000
        30     1.065     0.320     0.000     0.034    -2.056     1.168     1.065  1026.782 93881.774    34.762    10.040     0.020     1.000
        31     1.071     0.318     0.000     0.036    -2.059     1.213     1.071  1026.767 93408.755    34.744    10.043     0.020     1.000
        32     1.076     0.317     0.000     0.037    -2.061     1.261     1.076  1026.752 92913.561    34.725    10.046     0.020     1.000
        33     1.082     0.316     0.000     0.038    -2.065     1.310     1.082  1026.735 92394.753    34.705    10.050     0.020     1.000
        34     1.089     0.315     0.000     0.040    -2.068     1.361     1.089  1026.718 91850.768    34.683    10.053     0.020     1.000
        35     1.096     0.314     0.000     0.041    -2.071     1.415     1.096  1026.700 91279.911    34.661    10.057     0.020     1.000
        36     1.103     0.313     0.000     0.043    -2.075     1.470     1.103  1026.682 90680.338    34.638    10.061     0.020     1.000
        37     1.110     0.312     0.000     0.045    -2.079     1.529     1.110  1026.662 90050.037    34.613    10.065     0.020     1.000
        38     1.119     0.311     0.000     0.046    -2.083     1.590     1.119  1026.641 89386.817    34.588    10.069     0.020     1.000
        39     1.128     0.310     0.000     0.048    -2.088     1.654     1.128  1026.619 88688.277    34.561    10.074     0.020     1.000
        40     1.137     0.309     0.000     0.050    -2.093     1.721     1.137  1026.596 87951.790    34.532    10.078     0.020     1.000
        41     1.147     0.308     0.000     0.052    -2.098     1.792     1.147  1026.572 87174.470    34.502    10.083     0.020     1.000
        42     1.158     0.308     0.000     0.054    -2.103     1.866     1.158  1026.546 86353.143    34.470    10.089     0.020     1.000
        43     1.170     0.307     0.000     0.056    -2.109     1.945     1.170  1026.519 85484.307    34.436    10.094     0.020     1.000
        44     1.183     0.306     0.000     0.059    -2.116     2.028     1.183  1026.490 84564.090    34.401    10.100     0.020     1.000
        45     1.196     0.306     0.000     0.061    -2.122     2.116     1.196  1026.459 83588.199    34.363    10.106     0.020     1.000
        46     1.211     0.305     0.000     0.064    -2.130     2.210     1.211  1026.427 82551.860    34.322    10.113     0.020     1.000
        47     1.228     0.305     0.000     0.067    -2.138     2.310     1.228  1026.392 81449.746    34.280    10.120     0.020     1.000
        48     1.246     0.305     0.000     0.070    -2.147     2.417     1.246  1026.356 80275.892    34.234    10.127     0.020     1.000
        49     1.265     0.305     0.000     0.073    -2.156     2.531     1.265  1026.316 79023.590    34.186    10.135     0.020     1.000
        50     1.287     0.306     0.000     0.076    -2.167     2.655     1.287  1026.275 77683.444    34.134    10.143     0.020     1.000
        51     1.312     0.306     0.000     0.080    -2.178     2.788     1.312  1026.230 76244.033    34.078    10.152     0.020     1.000
        52     1.338     0.307     0.000     0.084    -2.190     2.928     1.338  1026.183 74745.643    34.020    10.161     0.020     1.000
        53     1.365     0.308     0.000     0.087    -2.203     3.067     1.365  1026.137 73276.767    33.963    10.170     0.020     1.000
        54     1.392     0.309     0.000     0.091    -2.215     3.205     1.392  1026.092 71836.823    33.907    10.179     0.020     1.000
        55     1.420     0.310     0.000     0.095    -2.228     3.343     1.420  1026.048 70425.237    33.852    10.188     0.020     1.000
        56     1.448     0.311     0.000     0.098    -2.241     3.480     1.448  1026.005 69041.449    33.799    10.196     0.020     1.000
        57     1.477     0.313     0.000     0.102    -2.253     3.616     1.477  1025.963 67684.908    33.746    10.204     0.020     1.000
        58     1.507     0.314     0.000     0.105    -2.266     3.753     1.507  1025.921 66355.077    33.695    10.212     0.020     1.000
        59     1.537     0.316     0.000     0.109    -2.279     3.889     1.537  1025.881 65051.427    33.645    10.219     0.020     1.000
        60     1.568     0.318     0.000     0.113    -2.292     4.025     1.568  1025.841 63773.441    33.595    10.227     0.020     1.000
        61     1.599     0.320     0.000     0.116    -2.305     4.162     1.599  1025.802 62520.611    33.547    10.234     0.020     1.000
        62     1.632     0.323     0.000     0.120    -2.319     4.299     1.632  1025.764 61292.441    33.500    10.241     0.020     1.000
        63     1.664     0.325     0.000     0.123    -2.332     4.436     1.664  1025.727 60088.442    33.453    10.248     0.020     1.000
        64     1.698     0.327     0.000     0.127    -2.345     4.574     1.698  1025.690 58908.139    33.408    10.254     0.020     1.000
        65     1.732     0.330     0.000     0.130    -2.359     4.712     1.732  1025.654 57751.062    33.363    10.260     0.020     1.000
        66     1.766     0.333     0.000     0.134    -2.373     4.851     1.766  1025.619 56616.753    33.319    10.267     0.020     1.000
        67     1.802     0.335     0.000     0.137    -2.387     4.991     1.802  1025.585 55504.762    33.276    10.273     0.020     1.000
        68     1.838     0.338     0.000     0.141    -2.401     5.132     1.838  1025.551 54414.649    33.234    10.278     0.020     1.000
        69     1.875     0.341     0.000     0.144    -2.415     5.273     1.875  1025.518 53345.982    33.193    10.284     0.020     1.000
        70     1.912     0.344     0.000     0.148    -2.429     5.416     1.912  1025.486 52298.337    33.153    10.289     0.020     1.000
        71     1.950     0.347     0.000     0.152    -2.443     5.559     1.950  1025.455 51271.301    33.114    10.295     0.020     1.000
        72     1.989     0.350     0.000     0.155    -2.458     5.704     1.989  1025.424 50264.465    33.075    10.300     0.020     1.000
        73     2.029     0.353     0.000     0.159    -2.473     5.850     2.029  1025.393 49277.432    33.037    10.305     0.020     1.015
        74     2.070     0.357     0.000     0.162    -2.487     5.997     2.070  1025.364 48309.810    33.000    10.309     0.020     1.035
        75     2.111     0.360     0.000     0.166    -2.502     6.145     2.111  1025.335 47361.218    32.964    10.314     0.020     1.056
        76     2.154     0.364     0.000     0.170    -2.517     6.295     2.154  1025.306 46431.279    32.928    10.318     0.020     1.077
        77     2.197     0.367     0.000     0.173    -2.533     6.446     2.197  1025.278 45519.626    32.893    10.322     0.020     1.098
        78     2.241     0.371     0.000     0.177    -2.548     6.598     2.241  1025.251 44625.898    32.859    10.326     0.020     1.120
        79     2.286     0.375     0.000     0.181    -2.564     6.752     2.286  1025.224 43749.741    32.826    10.330     0.020     1.143
        80     2.332     0.378     0.000     0.185    -2.579     6.907     2.332  1025.198 42890.811    32.793    10.334     0.020     1.166
        81     2.378     0.382     0.000     0.188    -2.595     7.065     2.378  1025.173 42048.765    32.761    10.338     0.020     1.189
        82     2.426     0.386     0.000     0.192    -2.611     7.223     2.426  1025.148 41223.273    32.729    10.341     0.020     1.213
        83     2.474     0.390     0.000     0.196    -2.627     7.384     2.474  1025.123 40414.008    32.699    10.344     0.020     1.237
        84     2.524     0.394     0.000     0.200    -2.643     7.546     2.524  1025.099 39620.650    32.669    10.347     0.020     1.262
        85     2.574     0.398     0.000     0.204    -2.660     7.710     2.574  1025.076 38842.885    32.639    10.350     0.020     1.287
        86     2.626     0.403     0.000     0.208    -2.677     7.876     2.626  1025.053 38080.406    32.610    10.353     0.020     1.313
        87     2.679     0.407     0.000     0.212    -2.693     8.044     2.679  1025.030 37332.913    32.582    10.356     0.020     1.339
        88     2.732     0.411     0.000     0.216    -2.710     8.213     2.732  1025.008 36600.109    32.554    10.358     0.020     1.366
        89     2.787     0.416     0.000     0.220    -2.727     8.385     2.787  1024.987 35881.707    32.527    10.361     0.020     1.393
        90     2.843     0.420     0.000     0.224    -2.745     8.559     2.843  1024.966 35177.421    32.500    10.363     0.020     1.421
        91     2.900     0.425     0.000     0.228    -2.762     8.735     2.900  1024.945 34486.974    32.474    10.365     0.020     1.450
        92     2.958     0.430     0.000     0.232    -2.780     8.913     2.958  1024.925 33810.094    32.449    10.367     0.020     1.479
        93     3.017     0.435     0.000     0.236    -2.798     9.093     3.017  1024.905 33146.513    32.424    10.369     0.020     1.508
        94     3.077     0.439     0.000     0.240    -2.815     9.275     3.077  1024.886 32495.970    32.399    10.371     0.020     1.539
        95     3.139     0.444     0.000     0.244    -2.834     9.460     3.139  1024.867 31858.207    32.375    10.373     0.020     1.569
        96     3.202     0.449     0.000     0.249    -2.852     9.647     3.202  1024.849 31232.974    32.352    10.374     0.020     1.601
        97     3.266     0.455     0.000     0.253    -2.870     9.837     3.266  1024.831 30620.023    32.329    10.375     0.020     1.633
        98     3.331     0.460     0.000     0.257    -2.889    10.029     3.331  1024.813 30019.114    32.307    10.377     0.020     1.666
        99     3.398     0.465     0.000     0.262    -2.908    10.223     3.398  1024.796 29430.008    32.285    10.378     0.020     1.699
       100     3.466     0.470     0.000     0.266    -2.927    10.420     3.466  1024.779 28852.474    32.263    10.379     0.020     1.733
       101     3.535     0.476     0.000     0.271    -2.946    10.620     3.535  1024.762 28286.283    32.242    10.380     0.020     1.768
       102     3.606     0.481     0.000     0.276    -2.966    10.822     3.606  1024.746 27731.214    32.222    10.381     0.020     1.803
       103     3.678     0.487     0.000     0.280    -2.985    11.027     3.678  1024.730 27187.046    32.202    10.381     0.020     1.839
       104     3.752     0.493     0.000     0.285    -3.005    11.235     3.752  1024.715 26653.566    32.182    10.382     0.020     1.876
       105     3.827     0.498     0.000     0.290    -3.025    11.446     3.827  1024.700 26130.563    32.163    10.382     0.020     1.913
       106     3.904     0.504     0.000     0.294    -3.046    11.660     3.904  1024.685 25617.831    32.144    10.383     0.020     1.952
       107     3.982     0.510     0.000     0.299    -3.066    11.876     3.982  1024.671 25115.167    32.125    10.383     0.020     1.991
       108     4.061     0.516     0.000     0.304    -3.087    12.096     4.061  1024.657 24622.373    32.107    10.383     0.020     2.031
       109     4.143     0.522     0.000     0.309    -3.108    12.319     4.143  1024.643 24139.256    32.089    10.383     0.020     2.071
       110     4.226     0.529     0.000     0.314    -3.129    12.544     4.226  1024.629 23665.624    32.072    10.383     0.020     2.113
       111     4.310     0.535     0.000     0.319    -3.150    12.773     4.310  1024.616 23201.292    32.055    10.383     0.020     2.155
       112     4.396     0.541     0.000     0.324    -3.171    13.006     4.396  1024.603 22746.076    32.038    10.382     0.020     2.198
       113     4.484     0.548     0.000     0.330    -3.193    13.241     4.484  1024.590 22299.798    32.022    10.382     0.020     2.242
       114     4.574     0.554     0.000     0.335    -3.215    13.480     4.574  1024.578 21862.282    32.005    10.382     0.020     2.287
       115     4.666     0.561     0.000     0.340    -3.237    13.722     4.666  1024.566 21433.355    31.990    10.381     0.020     2.333
       116     4.759     0.568     0.000     0.346    -3.259    13.968     4.759  1024.554 21012.848    31.974    10.380     0.020     2.379
       117     4.854     0.575     0.000     0.351    -3.282    14.217     4.854  1024.542 20600.597    31.959    10.380     0.020     2.427
       118     4.951     0.582     0.000     0.357    -3.305    14.470     4.951  1024.531 20196.438    31.944    10.379     0.020     2.476
       119     5.050     0.589     0.000     0.362    -3.328    14.726     5.050  1024.519 19800.213    31.929    10.378     0.020     2.525
       120     5.152     0.596     0.000     0.368    -3.351    14.986     5.152  1024.508 19411.766    31.915    10.377     0.020     2.576
       121     5.255     0.603     0.000     0.374    -3.374    15.250     5.255  1024.498 19030.944    31.901    10.376     0.020     2.627
       122     5.360     0.610     0.000     0.379    -3.398    15.517     5.360  1024.487 18657.597    31.887    10.375     0.020     2.680
       123     5.467     0.618     0.000     0.385    -3.422    15.789     5.467  1024.477 18291.579    31.874    10.374     0.020     2.733
       124     5.576     0.625     0.000     0.391    -3.446    16.064     5.576  1024.467 17932.744    31.861    10.372     0.020     2.788
       125     5.688     0.633     0.000     0.397    -3.471    16.344     5.688  1024.457 17580.953    31.848    10.371     0.020     2.844
       126     5.802     0.641     0.000     0.404    -3.495    16.627     5.802  1024.447 17236.067    31.835    10.369     0.020     2.901
       127     5.918     0.648     0.000     0.410    -3.520    16.915     5.918  1024.438 16897.950    31.823    10.368     0.020     2.959
       128     6.036     0.656     0.000     0.416    -3.545    17.207     6.036  1024.429 16566.468    31.810    10.366     0.020     3.018
       129     6.157     0.664     0.000     0.422    -3.571    17.503     6.157  1024.420 16241.493    31.798    10.364     0.020     3.079
       130     6.280     0.673     0.000     0.429    -3.596    17.803     6.280  1024.411 15922.895    31.787    10.363     0.020     3.140
       131     6.406     0.681     0.000     0.435    -3.622    18.108     6.406  1024.402 15610.550    31.775    10.361     0.020     3.203
       132     6.534     0.689     0.000     0.442    -3.648    18.417     6.534  1024.394 15304.335    31.764    10.359     0.020     3.267
       133     6.665     0.698     0.000     0.449    -3.675    18.731     6.665  1024.386 15004.129    31.753    10.357     0.020     3.332
       134     6.798     0.706     0.000     0.456    -3.701    19.050     6.798  1024.378 14709.815    31.742    10.354     0.020     3.399
       135     6.934     0.715     0.000     0.463    -3.728    19.373     6.934  1024.370 14421.276    31.731    10.352     0.020     3.467
       136     7.073     0.724     0.000     0.470    -3.756    19.701     7.073  1024.362 14138.399    31.721    10.350     0.020     3.536
       137     7.214     0.733     0.000     0.477    -3.783    20.034     7.214  1024.355 13861.074    31.711    10.347     0.020     3.607
       138     7.359     0.742     0.000     0.484    -3.811    20.372     7.359  1024.347 13589.190    31.701    10.345     0.020     3.679
       139     7.506     0.751     0.000     0.491    -3.839    20.715     7.506  1024.340 13322.642    31.691    10.342     0.020     3.753
       140     7.656     0.761     0.000     0.499    -3.867    21.063     7.656  1024.333 13061.324    31.681    10.340     0.020     3.828
       141     7.809     0.770     0.000     0.506    -3.895    21.416     7.809  1024.326 12805.134    31.672    10.337     0.020     3.905
       142     7.966     0.780     0.000     0.514    -3.924    21.775     7.966  1024.319 12553.970    31.663    10.334     0.020     3.983
       143     8.125     0.789     0.000     0.521    -3.953    22.139     8.125  1024.313 12307.735    31.654    10.331     0.020     4.062
       144     8.288     0.799     0.000     0.529    -3.982    22.508     8.288  1024.306 12066.331    31.645    10.328     0.020     4.144
       145     8.453     0.809     0.000     0.537    -4.012    22.883     8.453  1024.300 11829.664    31.636    10.325     0.020     4.227
       146     8.622     0.819     0.000     0.545    -4.042    23.264     8.622  1024.294 11597.640    31.627    10.322     0.020     4.311
       147     8.795     0.830     0.000     0.553    -4.072    23.650     8.795  1024.288 11370.169    31.619    10.319     0.020     4.397
       148     8.971     0.840     0.000     0.562    -4.103    24.042     8.971  1024.282 11147.161    31.611    10.316     0.020     4.485
       149     9.150     0.851     0.000     0.570    -4.133    24.440     9.150  1024.276 10928.529    31.603    10.313     0.020     4.575
       150     9.333     0.862     0.000     0.578    -4.164    24.845     9.333  1024.271 10714.185    31.595    10.309     0.020     4.667
       151     9.520     0.872     0.000     0.587    -4.196    25.255     9.520  1024.265 10504.048    31.587    10.306     0.020     4.760
       152     9.711     0.883     0.000     0.596    -4.227    25.672     9.711  1024.260 10298.033    31.580    10.302     0.020     4.855
       153     9.905     0.895     0.000     0.605    -4.259    26.094     9.905  1024.255 10096.059    31.572    10.299     0.020     4.952
       154    10.103     0.906     0.000     0.614    -4.292    26.524    10.103  1024.250  9898.049    31.565    10.295     0.020     5.052
       155    10.305     0.918     0.000     0.623    -4.324    26.960    10.305  1024.245  9703.923    31.558    10.291     0.020     5.153
       156    10.511     0.929     0.000     0.632    -4.357    27.403    10.511  1024.240  9513.605    31.551    10.287     0.020     5.256
       157    10.722     0.941     0.000     0.641    -4.390    27.852    10.722  1024.235  9327.021    31.544    10.283     0.020     5.361
       158    10.936     0.953     0.000     0.651    -4.423    28.308    10.936  1024.231  9144.097    31.537    10.279     0.020     5.468
       159    11.155     0.965     0.000     0.661    -4.457    28.772    11.155  1024.226  8964.762    31.530    10.275     0.020     5.577
       160    11.378     0.978     0.000     0.670    -4.491    29.242    11.378  1024.222  8788.945    31.524    10.271     0.020     5.689
       161    11.606     0.990     0.000     0.680    -4.526    29.720    11.606  1024.218  8616.578    31.518    10.267     0.020     5.803
       162    11.838     1.003     0.000     0.690    -4.560    30.206    11.838  1024.214  8447.591    31.511    10.262     0.020     5.919
       163    12.074     1.016     0.000     0.701    -4.595    30.699    12.074  1024.210  8281.920    31.505    10.258     0.020     6.037
       164    12.316     1.029     0.000     0.711    -4.631    31.199    12.316  1024.206  8119.498    31.499    10.254     0.020     6.158
       165    12.562     1.043     0.000     0.722    -4.666    31.707    12.562  1024.202  7960.263    31.493    10.249     0.020     6.281
       166    12.814     1.056     0.000     0.732    -4.702    32.224    12.814  1024.198  7804.151    31.488    10.244     0.020     6.407
       167    13.070     1.070     0.000     0.743    -4.739    32.748    13.070  1024.195  7651.101    31.482    10.240     0.020     6.535
       168    13.331     1.084     0.000     0.754    -4.775    33.281    13.331  1024.191  7501.054    31.476    10.235     0.020     6.666
       169    13.598     1.098     0.000     0.765    -4.812    33.822    13.598  1024.188  7353.950    31.471    10.230     0.020     6.799
       170    13.870     1.112     0.000     0.777    -4.849    34.371    13.870  1024.184  7209.732    31.466    10.225     0.020     6.935
       171    14.148     1.127     0.000     0.788    -4.887    34.930    14.148  1024.181  7068.342    31.461    10.220     0.020     7.074
       172    14.431     1.142     0.000     0.800    -4.925    35.497    14.431  1024.178  6929.726    31.455    10.215     0.020     7.215
       173    14.719     1.157     0.000     0.812    -4.963    36.073    14.719  1024.175  6793.829    31.450    10.210     0.020     7.360
       174    15.014     1.172     0.000     0.824    -5.002    36.658    15.014  1024.172  6660.597    31.445    10.205     0.020     7.507
       175    15.314     1.188     0.000     0.836    -5.041    37.253    15.314  1024.169  6529.979    31.441    10.200     0.020     7.657
       176    15.620     1.204     0.000     0.849    -5.080    37.857    15.620  1024.166  6401.923    31.436    10.194     0.020     7.810
       177    15.933     1.220     0.000     0.861    -5.120    38.471    15.933  1024.164  6276.378    31.431    10.189     0.020     7.966
       178    16.251     1.236     0.000     0.874    -5.160    39.095    16.251  1024.161  6153.296    31.427    10.183     0.020     8.126
       179    16.577     1.253     0.000     0.887    -5.200    39.729    16.577  1024.159  6032.629    31.422    10.178     0.020     8.288
       180    16.908     1.269     0.000     0.901    -5.240    40.373    16.908  1024.156  5914.328    31.418    10.172     0.020     8.454
       181    17.246     1.287     0.000     0.914    -5.281    41.027    17.246  1024.154  5798.347    31.414    10.166     0.020     8.623
       182    17.591     1.304     0.000     0.928    -5.323    41.693    17.591  1024.152  5684.641    31.410    10.161     0.020     8.796
       183    17.943     1.322     0.000     0.942    -5.364    42.369    17.943  1024.149  5573.166    31.405    10.155     0.020     8.972
       184    18.302     1.340     0.000     0.956    -5.406    43.056    18.302  1024.147  5463.876    31.401    10.149     0.020     9.151
       185    18.668     1.358     0.000     0.970    -5.449    43.755    18.668  1024.145  5356.731    31.397    10.143     0.020     9.334
       186    19.042     1.377     0.000     0.985    -5.491    44.465    19.042  1024.143  5251.686    31.394    10.136     0.020     9.521
       187    19.422     1.396     0.000     0.999    -5.534    45.186    19.422  1024.141  5148.703    31.390    10.130     0.020     9.711
       188    19.811     1.415     0.000     1.014    -5.578    45.920    19.811  1024.139  5047.738    31.386    10.124     0.020     9.905
       189    20.207     1.434     0.000     1.030    -5.621    46.666    20.207  1024.137  4948.755    31.382    10.118     0.020    10.104
       190    20.611     1.454     0.000     1.045    -5.665    47.425    20.611  1024.136  4851.712    31.379    10.111     0.020    10.306
       191    21.024     1.475     0.000     1.061    -5.710    48.196    21.024  1024.134  4756.573    31.375    10.105     0.020    10.512
       192    21.444     1.495     0.000     1.077    -5.754    48.980    21.444  1024.133  4663.299    31.372    10.098     0.020    10.722
       193    21.873     1.517     0.000     1.093    -5.799    49.777    21.873  1024.131  4571.855    31.369    10.092     0.020    10.936
       194    22.310     1.538     0.000     1.110    -5.845    50.588    22.310  1024.130  4482.205    31.365    10.085     0.020    11.155
       195    22.757     1.560     0.000     1.127    -5.890    51.413    22.757  1024.128  4394.312    31.362    10.078     0.020    11.378
       196    23.212     1.582     0.000     1.144    -5.936    52.251    23.212  1024.127  4308.144    31.359    10.071     0.020    11.606
       197    23.676     1.605     0.000     1.161    -5.983    53.105    23.676  1024.126  4223.665    31.356    10.064     0.020    11.838
       198    24.150     1.628     0.000     1.179    -6.029    53.972    24.150  1024.124  4140.843    31.353    10.057     0.020    12.075
       199    24.633     1.652     0.000     1.197    -6.076    54.855    24.633  1024.123  4059.645    31.350    10.050     0.020    12.316
       200    25.125     1.676     0.000     1.215    -6.124    55.753    25.125  1024.122  3980.041    31.347    10.043     0.020    12.563
       201    25.628     1.701     0.000     1.234    -6.171    56.667    25.628  1024.121  3901.997    31.344    10.036     0.020    12.814
       202    26.140     1.727     0.000     1.253    -6.219    57.597    26.140  1024.120  3825.485    31.342    10.029     0.020    13.070
       203    26.663     1.754     0.000     1.272    -6.267    58.543    26.663  1024.120  3750.473    31.340    10.022     0.020    13.332
       204    27.197     1.782     0.000     1.292    -6.314    59.505    27.197  1024.119  3676.933    31.337    10.015     0.020    13.598
       205    27.741     1.812     0.000     1.312    -6.362    60.484    27.741  1024.119  3604.835    31.336    10.008     0.020    13.870
       206    28.295     1.843     0.000     1.332    -6.410    61.481    28.295  1024.119  3534.151    31.334    10.001     0.020    14.148
       207    28.861     1.876     0.000     1.352    -6.458    62.496    28.861  1024.119  3464.854    31.333     9.995     0.020    14.431
---------------------------- Plume traps -----------------------------
       208    29.438     1.910     0.000     1.373    -6.506    63.528    29.438  1024.119  3397.013    31.331     9.988     0.020    14.719
       209    29.977     1.945     0.000     1.393    -6.549    64.493    29.977  1024.119  3335.898    31.330     9.982     0.020    14.988
       210    30.485     1.978     0.000     1.411    -6.589    65.394    30.485  1024.120  3280.272    31.330     9.977     0.020    15.243
       211    30.959     2.010     0.000     1.428    -6.626    66.232    30.959  1024.120  3230.034    31.329     9.971     0.020    15.480
       212    31.407     2.041     0.000     1.444    -6.659    67.019    31.407  1024.120  3184.023    31.329     9.967     0.020    15.703
       213    31.830     2.072     0.000     1.459    -6.690    67.761    31.830  1024.121  3141.698    31.328     9.962     0.020    15.915
       214    32.233     2.101     0.000     1.474    -6.719    68.465    32.233  1024.121  3102.437    31.328     9.958     0.020    16.116
       215    32.617     2.130     0.000     1.487    -6.746    69.134    32.617  1024.122  3065.854    31.328     9.954     0.020    16.309
       216    32.986     2.158     0.000     1.500    -6.772    69.774    32.986  1024.122  3031.593    31.328     9.951     0.020    16.493
       217    33.340     2.185     0.000     1.513    -6.795    70.386    33.340  1024.123  2999.390    31.328     9.947     0.020    16.670
       218    33.681     2.212     0.000     1.525    -6.818    70.973    33.681  1024.123  2969.011    31.328     9.944     0.020    16.841
       219    34.011     2.238     0.000     1.536    -6.839    71.537    34.011  1024.124  2940.267    31.328     9.941     0.020    17.005
       220    34.329     2.264     0.000     1.547    -6.859    72.080    34.329  1024.125  2912.994    31.328     9.938     0.020    17.164
       221    34.637     2.290     0.000     1.558    -6.878    72.603    34.637  1024.125  2887.050    31.328     9.935     0.020    17.319
       222    34.937     2.315     0.000     1.568    -6.896    73.108    34.937  1024.126  2862.312    31.328     9.932     0.020    17.468
       223    35.228     2.339     0.000     1.578    -6.913    73.596    35.228  1024.126  2838.675    31.328     9.930     0.020    17.614
       224    35.511     2.364     0.000     1.587    -6.929    74.069    35.511  1024.127  2816.042    31.328     9.927     0.020    17.755
       225    35.787     2.388     0.000     1.597    -6.945    74.526    35.787  1024.127  2794.332    31.329     9.925     0.020    17.893
       226    36.056     2.411     0.000     1.606    -6.959    74.970    36.056  1024.128  2773.469    31.329     9.923     0.020    18.028
------------------------- merging happened ---------------------------
       227    36.317     2.435     0.000     1.614    -6.974    75.400    36.317  1024.128  2753.497    31.329     9.920     0.020    18.159
       228    36.562     2.457     0.000     1.623    -6.987    75.820    36.562  1024.129  2735.113    31.329     9.918     0.020    18.281
       229    36.797     2.479     0.000     1.631    -7.000    76.235    36.797  1024.129  2717.617    31.329     9.916     0.020    18.398
       230    37.020     2.501     0.000     1.640    -7.013    76.646    37.020  1024.130  2701.255    31.330     9.914     0.020    18.510
       231    37.234     2.522     0.000     1.648    -7.026    77.052    37.234  1024.130  2685.710    31.330     9.913     0.020    18.617
       232    37.438     2.543     0.000     1.656    -7.038    77.453    37.438  1024.131  2671.104    31.330     9.911     0.020    18.719
       233    37.633     2.563     0.000     1.664    -7.050    77.849    37.633  1024.131  2657.276    31.330     9.909     0.020    18.816
       234    37.818     2.583     0.000     1.672    -7.061    78.239    37.818  1024.131  2644.253    31.330     9.908     0.020    18.909
       235    37.995     2.603     0.000     1.680    -7.072    78.624    37.995  1024.132  2631.944    31.331     9.907     0.020    18.997
       236    38.163     2.622     0.000     1.687    -7.083    79.004    38.163  1024.132  2620.335    31.331     9.905     0.020    19.082
       237    38.323     2.641     0.000     1.695    -7.094    79.377    38.323  1024.133  2609.367    31.331     9.904     0.020    19.162
       238    38.476     2.659     0.000     1.702    -7.104    79.745    38.476  1024.133  2599.012    31.331     9.903     0.020    19.238
       239    38.622     2.678     0.000     1.710    -7.114    80.108    38.622  1024.133  2589.226    31.331     9.902     0.020    19.311
       240    38.760     2.695     0.000     1.717    -7.123    80.464    38.760  1024.134  2579.980    31.332     9.900     0.020    19.380
       241    38.892     2.713     0.000     1.724    -7.133    80.815    38.892  1024.134  2571.237    31.332     9.899     0.020    19.446
       242    39.017     2.730     0.000     1.731    -7.142    81.160    39.017  1024.134  2562.968    31.332     9.898     0.020    19.509
       243    39.137     2.747     0.000     1.738    -7.150    81.500    39.137  1024.134  2555.142    31.332     9.898     0.020    19.568
       244    39.251     2.764     0.000     1.745    -7.159    81.834    39.251  1024.135  2547.733    31.332     9.897     0.020    19.625
       245    39.359     2.780     0.000     1.751    -7.167    82.162    39.359  1024.135  2540.715    31.333     9.896     0.020    19.680
       246    39.462     2.796     0.000     1.758    -7.175    82.485    39.462  1024.135  2534.063    31.333     9.895     0.020    19.731
       247    39.561     2.812     0.000     1.764    -7.183    82.802    39.561  1024.136  2527.754    31.333     9.894     0.020    19.780
       248    39.655     2.827     0.000     1.770    -7.190    83.114    39.655  1024.136  2521.768    31.333     9.894     0.020    19.827
       249    39.744     2.842     0.000     1.777    -7.197    83.421    39.744  1024.136  2516.083    31.333     9.893     0.020    19.872
       250    39.830     2.857     0.000     1.783    -7.204    83.723    39.830  1024.136  2510.683    31.333     9.892     0.020    19.915
       251    39.911     2.872     0.000     1.789    -7.211    84.020    39.911  1024.136  2505.548    31.333     9.892     0.020    19.956
       252    39.989     2.887     0.000     1.795    -7.218    84.312    39.989  1024.137  2500.664    31.334     9.891     0.020    19.995
       253    40.064     2.901     0.000     1.801    -7.224    84.599    40.064  1024.137  2496.014    31.334     9.890     0.020    20.032
       254    40.135     2.915     0.000     1.806    -7.230    84.881    40.135  1024.137  2491.585    31.334     9.890     0.020    20.068
       255    40.203     2.929     0.000     1.812    -7.236    85.158    40.203  1024.137  2487.364    31.334     9.889     0.020    20.102
       256    40.268     2.943     0.000     1.817    -7.242    85.431    40.268  1024.137  2483.337    31.334     9.889     0.020    20.134
       257    40.331     2.956     0.000     1.823    -7.248    85.700    40.331  1024.137  2479.494    31.334     9.888     0.020    20.165
       258    40.391     2.969     0.000     1.828    -7.253    85.964    40.391  1024.138  2475.824    31.334     9.888     0.020    20.195
       259    40.448     2.982     0.000     1.833    -7.258    86.224    40.448  1024.138  2472.316    31.334     9.888     0.020    20.224
       260    40.503     2.995     0.000     1.839    -7.264    86.480    40.503  1024.138  2468.962    31.334     9.887     0.020    20.251
       261    40.556     3.008     0.000     1.844    -7.269    86.732    40.556  1024.138  2465.752    31.335     9.887     0.020    20.278
       262    40.606     3.020     0.000     1.849    -7.273    86.980    40.606  1024.138  2462.680    31.335     9.886     0.020    20.303
       263    40.655     3.033     0.000     1.854    -7.278    87.225    40.655  1024.138  2459.736    31.335     9.886     0.020    20.327
       264    40.701     3.045     0.000     1.859    -7.283    87.465    40.701  1024.138  2456.914    31.335     9.886     0.020    20.351
       265    40.746     3.057     0.000     1.863    -7.287    87.702    40.746  1024.139  2454.207    31.335     9.885     0.020    20.373
       266    40.790     3.068     0.000     1.868    -7.291    87.936    40.790  1024.139  2451.609    31.335     9.885     0.020    20.395
       267    40.831     3.080     0.000     1.873    -7.296    88.166    40.831  1024.139  2449.115    31.335     9.885     0.020    20.416
       268    40.871     3.092     0.000     1.877    -7.300    88.392    40.871  1024.139  2446.718    31.335     9.884     0.020    20.436
       269    40.910     3.103     0.000     1.882    -7.304    88.616    40.910  1024.139  2444.414    31.335     9.884     0.020    20.455
       270    40.947     3.114     0.000     1.886    -7.308    88.836    40.947  1024.139  2442.198    31.335     9.884     0.020    20.473
       271    40.983     3.125     0.000     1.891    -7.311    89.054    40.983  1024.139  2440.066    31.335     9.884     0.020    20.491
       272    41.017     3.136     0.000     1.895    -7.315    89.268    41.017  1024.139  2438.013    31.335     9.883     0.020    20.509
       273    41.050     3.147     0.000     1.899    -7.318    89.479    41.050  1024.139  2436.035    31.336     9.883     0.020    20.525
       274    41.082     3.157     0.000     1.904    -7.322    89.688    41.082  1024.139  2434.130    31.336     9.883     0.020    20.541
       275    41.113     3.167     0.000     1.908    -7.325    89.894    41.113  1024.140  2432.293    31.336     9.883     0.020    20.557
       276    41.143     3.178     0.000     1.912    -7.328    90.097    41.143  1024.140  2430.520    31.336     9.882     0.020    20.572
       277    41.172     3.188     0.000     1.916    -7.332    90.297    41.172  1024.140  2428.810    31.336     9.882     0.020    20.586
       278    41.200     3.198     0.000     1.920    -7.335    90.495    41.200  1024.140  2427.159    31.336     9.882     0.020    20.600
       279    41.228     3.208     0.000     1.924    -7.338    90.691    41.228  1024.140  2425.565    31.336     9.882     0.020    20.614
       280    41.254     3.217     0.000     1.928    -7.341    90.884    41.254  1024.140  2424.024    31.336     9.882     0.020    20.627
       281    41.279     3.227     0.000     1.932    -7.343    91.075    41.279  1024.140  2422.535    31.336     9.881     0.020    20.640
       282    41.304     3.236     0.000     1.935    -7.346    91.263    41.304  1024.140  2421.096    31.336     9.881     0.020    20.652
       283    41.327     3.246     0.000     1.939    -7.349    91.450    41.327  1024.140  2419.703    31.336     9.881     0.020    20.664
       284    41.350     3.255     0.000     1.943    -7.351    91.634    41.350  1024.140  2418.356    31.336     9.881     0.020    20.675
       285    41.373     3.264     0.000     1.947    -7.354    91.816    41.373  1024.140  2417.052    31.336     9.881     0.020    20.686
       286    41.394     3.273     0.000     1.950    -7.357    91.996    41.394  1024.140  2415.790    31.336     9.881     0.020    20.697
       287    41.415     3.282     0.000     1.954    -7.359    92.174    41.415  1024.140  2414.567    31.336     9.880     0.020    20.708
       288    41.436     3.290     0.000     1.957    -7.361    92.350    41.436  1024.140  2413.383    31.336     9.880     0.020    20.718
       289    41.455     3.299     0.000     1.961    -7.364    92.524    41.455  1024.141  2412.235    31.336     9.880     0.020    20.728
       290    41.474     3.307     0.000     1.964    -7.366    92.697    41.474  1024.141  2411.123    31.336     9.880     0.020    20.737
       291    41.493     3.316     0.000     1.968    -7.368    92.867    41.493  1024.141  2410.044    31.336     9.880     0.020    20.747
       292    41.511     3.324     0.000     1.971    -7.370    93.036    41.511  1024.141  2408.998    31.336     9.880     0.020    20.756
       293    41.529     3.332     0.000     1.975    -7.372    93.203    41.529  1024.141  2407.984    31.337     9.880     0.020    20.764
       294    41.546     3.340     0.000     1.978    -7.374    93.369    41.546  1024.141  2406.999    31.337     9.879     0.020    20.773
       295    41.562     3.348     0.000     1.981    -7.376    93.532    41.562  1024.141  2406.044    31.337     9.879     0.020    20.781
       296    41.578     3.355     0.000     1.985    -7.378    93.695    41.578  1024.141  2405.117    31.337     9.879     0.020    20.789
       297    41.594     3.363     0.000     1.988    -7.380    93.856    41.594  1024.141  2404.217    31.337     9.879     0.020    20.797
       298    41.609     3.371     0.000     1.991    -7.382    94.015    41.609  1024.141  2403.343    31.337     9.879     0.020    20.804
       299    41.623     3.378     0.000     1.994    -7.384    94.173    41.623  1024.141  2402.494    31.337     9.879     0.020    20.812
       300    41.638     3.385     0.000     1.997    -7.385    94.329    41.638  1024.141  2401.670    31.337     9.879     0.020    20.819
       301    41.652     3.392     0.000     2.001    -7.387    94.484    41.652  1024.141  2400.869    31.337     9.879     0.020    20.826
       302    41.665     3.399     0.000     2.004    -7.389    94.638    41.665  1024.141  2400.091    31.337     9.879     0.020    20.833
       303    41.678     3.406     0.000     2.007    -7.390    94.790    41.678  1024.141  2399.335    31.337     9.879     0.020    20.839
       304    41.691     3.413     0.000     2.010    -7.392    94.941    41.691  1024.141  2398.601    31.337     9.878     0.020    20.845
       305    41.703     3.420     0.000     2.013    -7.393    95.091    41.703  1024.141  2397.887    31.337     9.878     0.020    20.852
       306    41.715     3.426     0.000     2.016    -7.395    95.240    41.715  1024.141  2397.193    31.337     9.878     0.020    20.858
       307    41.727     3.433     0.000     2.019    -7.396    95.387    41.727  1024.141  2396.519    31.337     9.878     0.020    20.864
       308    41.739     3.439     0.000     2.022    -7.398    95.534    41.739  1024.141  2395.863    31.337     9.878     0.020    20.869
       309    41.750     3.446     0.000     2.025    -7.399    95.679    41.750  1024.141  2395.226    31.337     9.878     0.020    20.875
       310    41.761     3.452     0.000     2.028    -7.400    95.823    41.761  1024.141  2394.606    31.337     9.878     0.020    20.880
       311    41.771     3.458     0.000     2.031    -7.402    95.966    41.771  1024.141  2394.004    31.337     9.878     0.020    20.886
       312    41.781     3.464     0.000     2.033    -7.403    96.108    41.781  1024.141  2393.418    31.337     9.878     0.020    20.891
       313    41.791     3.470     0.000     2.036    -7.404    96.249    41.791  1024.142  2392.849    31.337     9.878     0.020    20.896
       314    41.801     3.475     0.000     2.039    -7.405    96.390    41.801  1024.142  2392.295    31.337     9.878     0.020    20.900
       315    41.810     3.481     0.000     2.042    -7.406    96.529    41.810  1024.142  2391.757    31.337     9.878     0.020    20.905
       316    41.819     3.487     0.000     2.045    -7.408    96.667    41.819  1024.142  2391.234    31.337     9.877     0.020    20.910
       317    41.828     3.492     0.000     2.047    -7.409    96.804    41.828  1024.142  2390.726    31.337     9.877     0.020    20.914
       318    41.837     3.497     0.000     2.050    -7.410    96.941    41.837  1024.142  2390.232    31.337     9.877     0.020    20.918
       319    41.845     3.503     0.000     2.053    -7.411    97.076    41.845  1024.142  2389.751    31.337     9.877     0.020    20.923
       320    41.854     3.508     0.000     2.056    -7.412    97.211    41.854  1024.142  2389.284    31.337     9.877     0.020    20.927
       321    41.861     3.513     0.000     2.058    -7.413    97.345    41.861  1024.142  2388.831    31.337     9.877     0.020    20.931
       322    41.869     3.518     0.000     2.061    -7.414    97.478    41.869  1024.142  2388.390    31.337     9.877     0.020    20.935
       323    41.877     3.522     0.000     2.064    -7.415    97.611    41.877  1024.142  2387.962    31.337     9.877     0.020    20.938
       324    41.884     3.527     0.000     2.066    -7.416    97.742    41.884  1024.142  2387.546    31.337     9.877     0.020    20.942
       325    41.891     3.532     0.000     2.069    -7.417    97.873    41.891  1024.142  2387.142    31.337     9.877     0.020    20.946
       326    41.898     3.536     0.000     2.072    -7.417    98.003    41.898  1024.142  2386.750    31.337     9.877     0.020    20.949
       327    41.905     3.541     0.000     2.074    -7.418    98.133    41.905  1024.142  2386.370    31.337     9.877     0.020    20.952
       328    41.911     3.545     0.000     2.077    -7.419    98.262    41.911  1024.142  2386.000    31.337     9.877     0.020    20.956
       329    41.917     3.549     0.000     2.080    -7.420    98.390    41.917  1024.142  2385.642    31.337     9.877     0.020    20.959
       330    41.924     3.553     0.000     2.082    -7.421    98.518    41.924  1024.142  2385.295    31.337     9.877     0.020    20.962
       331    41.929     3.557     0.000     2.085    -7.421    98.645    41.929  1024.142  2384.958    31.337     9.877     0.020    20.965
       332    41.935     3.561     0.000     2.087    -7.422    98.771    41.935  1024.142  2384.631    31.337     9.877     0.020    20.968
       333    41.941     3.565     0.000     2.090    -7.423    98.897    41.941  1024.142  2384.315    31.337     9.877     0.020    20.970
       334    41.946     3.569     0.000     2.092    -7.423    99.022    41.946  1024.142  2384.008    31.337     9.877     0.020    20.973
       335    41.951     3.572     0.000     2.095    -7.424    99.147    41.951  1024.142  2383.712    31.337     9.877     0.020    20.976
       336    41.956     3.576     0.000     2.097    -7.425    99.271    41.956  1024.142  2383.425    31.338     9.876     0.020    20.978
       337    41.961     3.579     0.000     2.100    -7.425    99.395    41.961  1024.142  2383.147    31.338     9.876     0.020    20.981
       338    41.966     3.582     0.000     2.102    -7.426    99.518    41.966  1024.142  2382.879    31.338     9.876     0.020    20.983
       339    41.971     3.586     0.000     2.105    -7.426    99.641    41.971  1024.142  2382.620    31.338     9.876     0.020    20.985
       340    41.975     3.589     0.000     2.107    -7.427    99.764    41.975  1024.142  2382.370    31.338     9.876     0.020    20.988
       341    41.979     3.592     0.000     2.110    -7.428    99.886    41.979  1024.142  2382.129    31.338     9.876     0.020    20.990
       342    41.983     3.595     0.000     2.112    -7.428   100.007    41.983  1024.142  2381.897    31.338     9.876     0.020    20.992
       343    41.987     3.598     0.000     2.115    -7.429   100.128    41.987  1024.142  2381.673    31.338     9.876     0.020    20.994
       344    41.991     3.600     0.000     2.117    -7.429   100.249    41.991  1024.142  2381.457    31.338     9.876     0.020    20.996
       345    41.995     3.603     0.000     2.120    -7.429   100.369    41.995  1024.142  2381.250    31.338     9.876     0.020    20.997
       346    41.998     3.605     0.000     2.122    -7.430   100.489    41.998  1024.142  2381.052    31.338     9.876     0.020    20.999
       347    42.002     3.608     0.000     2.124    -7.430   100.609    42.002  1024.142  2380.861    31.338     9.876     0.020    21.001
       348    42.005     3.610     0.000     2.127    -7.431   100.728    42.005  1024.142  2380.678    31.338     9.876     0.020    21.002
       349    42.008     3.612     0.000     2.129    -7.431   100.847    42.008  1024.142  2380.504    31.338     9.876     0.020    21.004
       350    42.011     3.615     0.000     2.132    -7.431   100.966    42.011  1024.142  2380.337    31.338     9.876     0.020    21.005
       351    42.014     3.617     0.000     2.134    -7.432   101.084    42.014  1024.142  2380.178    31.338     9.876     0.020    21.007
       352    42.016     3.619     0.000     2.136    -7.432   101.202    42.016  1024.142  2380.027    31.338     9.876     0.020    21.008
       353    42.019     3.620     0.000     2.139    -7.432   101.320    42.019  1024.142  2379.883    31.338     9.876     0.020    21.009
       354    42.021     3.622     0.000     2.141    -7.433   101.438    42.021  1024.142  2379.747    31.338     9.876     0.020    21.011
       355    42.024     3.624     0.000     2.144    -7.433   101.555    42.024  1024.142  2379.618    31.338     9.876     0.020    21.012
       356    42.026     3.625     0.000     2.146    -7.433   101.673    42.026  1024.142  2379.497    31.338     9.876     0.020    21.013
       357    42.028     3.627     0.000     2.148    -7.433   101.790    42.028  1024.142  2379.382    31.338     9.876     0.020    21.014
       358    42.030     3.628     0.000     2.151    -7.434   101.906    42.030  1024.142  2379.276    31.338     9.876     0.020    21.015
       359    42.031     3.630     0.000     2.153    -7.434   102.023    42.031  1024.142  2379.176    31.338     9.876     0.020    21.016
       360    42.033     3.631     0.000     2.155    -7.434   102.139    42.033  1024.142  2379.084    31.338     9.876     0.020    21.016
       361    42.034     3.632     0.000     2.158    -7.434   102.256    42.034  1024.142  2378.998    31.338     9.876     0.020    21.017
       362    42.036     3.633     0.000     2.160    -7.434   102.372    42.036  1024.142  2378.920    31.338     9.876     0.020    21.018
       363    42.037     3.634     0.000     2.162    -7.434   102.488    42.037  1024.142  2378.849    31.338     9.876     0.020    21.019
       364    42.038     3.635     0.000     2.165    -7.435   102.604    42.038  1024.142  2378.785    31.338     9.876     0.020    21.019
       365    42.039     3.635     0.000     2.167    -7.435   102.720    42.039  1024.142  2378.728    31.338     9.876     0.020    21.020
       366    42.040     3.636     0.000     2.169    -7.435   102.835    42.040  1024.142  2378.677    31.338     9.876     0.020    21.020
       367    42.041     3.636     0.000     2.172    -7.435   102.951    42.041  1024.142  2378.634    31.338     9.876     0.020    21.020
       368    42.042     3.637     0.000     2.174    -7.435   103.067    42.042  1024.142  2378.598    31.338     9.876     0.020    21.021
       369    42.042     3.637     0.000     2.176    -7.435   103.182    42.042  1024.142  2378.568    31.338     9.876     0.020    21.021
       370    42.043     3.637     0.000     2.179    -7.435   103.298    42.043  1024.142  2378.545    31.338     9.876     0.020    21.021
       371    42.043     3.638     0.000     2.181    -7.435   103.413    42.043  1024.142  2378.529    31.338     9.876     0.020    21.021
---------------------- Local maximum rise or fall --------------------
       372    42.043     3.638     0.000     2.183    -7.435   103.529    42.043  1024.142  2378.520    31.338     9.876     0.020    21.021
       373    42.043     3.638     0.000     2.186    -7.435   103.644    42.043  1024.142  2378.515    31.338     9.876     0.020    21.022
       374    42.043     3.637     0.000     2.188    -7.435   103.760    42.043  1024.142  2378.513    31.338     9.876     0.020    21.022
       375    42.043     3.637     0.000     2.190    -7.435   103.875    42.043  1024.142  2378.509    31.338     9.876     0.020    21.022
       376    42.043     3.637     0.000     2.193    -7.435   103.991    42.043  1024.142  2378.503    31.338     9.876     0.020    21.022
       377    42.043     3.637     0.000     2.195    -7.435   104.106    42.043  1024.142  2378.497    31.338     9.876     0.020    21.022
       378    42.043     3.636     0.000     2.198    -7.434   104.222    42.043  1024.142  2378.489    31.338     9.876     0.020    21.022
       379    42.044     3.636     0.000     2.200    -7.434   104.338    42.044  1024.142  2378.480    31.338     9.876     0.020    21.022
       380    42.044     3.635     0.000     2.202    -7.434   104.453    42.044  1024.142  2378.470    31.338     9.876     0.020    21.022
       381    42.044     3.634     0.000     2.205    -7.434   104.569    42.044  1024.142  2378.459    31.338     9.876     0.020    21.022
       382    42.044     3.633     0.000     2.207    -7.434   104.685    42.044  1024.142  2378.446    31.338     9.876     0.020    21.022
       383    42.045     3.632     0.000     2.209    -7.434   104.802    42.045  1024.142  2378.432    31.338     9.876     0.020    21.022
       384    42.045     3.631     0.000     2.212    -7.433   104.918    42.045  1024.142  2378.416    31.338     9.876     0.020    21.022
       385    42.045     3.630     0.000     2.214    -7.433   105.034    42.045  1024.142  2378.399    31.338     9.876     0.020    21.023
       386    42.045     3.629     0.000     2.216    -7.433   105.151    42.045  1024.142  2378.381    31.338     9.876     0.020    21.023
       387    42.046     3.628     0.000     2.219    -7.433   105.268    42.046  1024.142  2378.361    31.338     9.876     0.020    21.023
       388    42.046     3.626     0.000     2.221    -7.432   105.385    42.046  1024.142  2378.340    31.338     9.876     0.020    21.023
       389    42.047     3.625     0.000     2.223    -7.432   105.502    42.047  1024.142  2378.318    31.338     9.876     0.020    21.023
       390    42.047     3.623     0.000     2.226    -7.432   105.620    42.047  1024.142  2378.294    31.338     9.876     0.020    21.023
       391    42.047     3.622     0.000     2.228    -7.431   105.738    42.047  1024.142  2378.269    31.338     9.876     0.020    21.024
       392    42.048     3.620     0.000     2.231    -7.431   105.856    42.048  1024.142  2378.242    31.338     9.876     0.020    21.024
       393    42.048     3.618     0.000     2.233    -7.431   105.974    42.048  1024.142  2378.213    31.338     9.876     0.020    21.024
       394    42.049     3.616     0.000     2.235    -7.430   106.093    42.049  1024.142  2378.183    31.338     9.876     0.020    21.024
       395    42.049     3.614     0.000     2.238    -7.430   106.212    42.049  1024.142  2378.152    31.338     9.876     0.020    21.025
       396    42.050     3.612     0.000     2.240    -7.429   106.331    42.050  1024.142  2378.119    31.338     9.876     0.020    21.025
       397    42.051     3.610     0.000     2.243    -7.429   106.450    42.051  1024.142  2378.084    31.338     9.876     0.020    21.025
       398    42.051     3.608     0.000     2.245    -7.429   106.570    42.051  1024.142  2378.047    31.338     9.876     0.020    21.026
       399    42.052     3.606     0.000     2.247    -7.428   106.691    42.052  1024.142  2378.009    31.338     9.876     0.020    21.026
       400    42.053     3.603     0.000     2.250    -7.428   106.811    42.053  1024.142  2377.969    31.338     9.876     0.020    21.026
       401    42.053     3.601     0.000     2.252    -7.427   106.932    42.053  1024.142  2377.927    31.338     9.876     0.020    21.027
       402    42.054     3.598     0.000     2.255    -7.427   107.054    42.054  1024.142  2377.883    31.338     9.876     0.020    21.027
       403    42.055     3.595     0.000     2.257    -7.426   107.176    42.055  1024.142  2377.837    31.338     9.876     0.020    21.028
       404    42.056     3.593     0.000     2.260    -7.425   107.298    42.056  1024.142  2377.789    31.338     9.876     0.020    21.028
       405    42.057     3.590     0.000     2.262    -7.425   107.421    42.057  1024.142  2377.740    31.338     9.876     0.020    21.028
       406    42.058     3.587     0.000     2.265    -7.424   107.544    42.058  1024.142  2377.688    31.338     9.876     0.020    21.029
       407    42.059     3.584     0.000     2.267    -7.424   107.668    42.059  1024.142  2377.634    31.338     9.876     0.020    21.029
       408    42.060     3.581     0.000     2.270    -7.423   107.793    42.060  1024.142  2377.577    31.338     9.876     0.020    21.030
       409    42.061     3.578     0.000     2.272    -7.422   107.918    42.061  1024.142  2377.519    31.338     9.876     0.020    21.030
       410    42.062     3.574     0.000     2.275    -7.421   108.043    42.062  1024.142  2377.458    31.338     9.876     0.020    21.031
       411    42.063     3.571     0.000     2.277    -7.421   108.169    42.063  1024.142  2377.395    31.338     9.876     0.020    21.031
       412    42.064     3.567     0.000     2.280    -7.420   108.296    42.064  1024.142  2377.329    31.338     9.876     0.020    21.032
       413    42.065     3.564     0.000     2.282    -7.419   108.423    42.065  1024.142  2377.260    31.338     9.876     0.020    21.033
       414    42.066     3.560     0.000     2.285    -7.418   108.551    42.066  1024.142  2377.189    31.338     9.876     0.020    21.033
       415    42.068     3.556     0.000     2.288    -7.418   108.680    42.068  1024.142  2377.115    31.338     9.876     0.020    21.034
       416    42.069     3.553     0.000     2.290    -7.417   108.809    42.069  1024.142  2377.039    31.338     9.876     0.020    21.035
       417    42.071     3.549     0.000     2.293    -7.416   108.939    42.071  1024.142  2376.959    31.338     9.876     0.020    21.035
       418    42.072     3.545     0.000     2.296    -7.415   109.070    42.072  1024.142  2376.876    31.338     9.876     0.020    21.036
       419    42.074     3.541     0.000     2.298    -7.414   109.201    42.074  1024.142  2376.790    31.338     9.876     0.020    21.037
       420    42.075     3.537     0.000     2.301    -7.413   109.334    42.075  1024.142  2376.701    31.338     9.876     0.020    21.038
       421    42.077     3.532     0.000     2.304    -7.412   109.467    42.077  1024.142  2376.608    31.338     9.876     0.020    21.038
       422    42.078     3.528     0.000     2.306    -7.411   109.600    42.078  1024.142  2376.512    31.338     9.876     0.020    21.039
       423    42.080     3.523     0.000     2.309    -7.410   109.735    42.080  1024.142  2376.412    31.338     9.876     0.020    21.040
       424    42.082     3.519     0.000     2.312    -7.409   109.871    42.082  1024.142  2376.308    31.338     9.876     0.020    21.041
       425    42.084     3.514     0.000     2.315    -7.408   110.007    42.084  1024.142  2376.201    31.338     9.876     0.020    21.042
       426    42.086     3.510     0.000     2.317    -7.407   110.145    42.086  1024.142  2376.089    31.338     9.876     0.020    21.043
       427    42.088     3.505     0.000     2.320    -7.406   110.283    42.088  1024.142  2375.973    31.338     9.876     0.020    21.044
       428    42.090     3.500     0.000     2.323    -7.404   110.422    42.090  1024.142  2375.852    31.338     9.876     0.020    21.045
       429    42.092     3.495     0.000     2.326    -7.403   110.563    42.092  1024.142  2375.727    31.338     9.876     0.020    21.046
       430    42.095     3.490     0.000     2.329    -7.402   110.704    42.095  1024.142  2375.597    31.338     9.875     0.020    21.047
       431    42.097     3.485     0.000     2.332    -7.401   110.846    42.097  1024.142  2375.462    31.338     9.875     0.020    21.049
       432    42.100     3.480     0.000     2.334    -7.399   110.990    42.100  1024.142  2375.322    31.338     9.875     0.020    21.050
       433    42.102     3.474     0.000     2.337    -7.398   111.135    42.102  1024.142  2375.176    31.338     9.875     0.020    21.051
       434    42.105     3.469     0.000     2.340    -7.397   111.280    42.105  1024.142  2375.025    31.338     9.875     0.020    21.052
       435    42.108     3.463     0.000     2.343    -7.395   111.427    42.108  1024.142  2374.867    31.338     9.875     0.020    21.054
       436    42.111     3.458     0.000     2.346    -7.394   111.576    42.111  1024.142  2374.704    31.338     9.875     0.020    21.055
       437    42.114     3.452     0.000     2.349    -7.392   111.725    42.114  1024.142  2374.534    31.338     9.875     0.020    21.057
       438    42.117     3.446     0.000     2.352    -7.391   111.876    42.117  1024.142  2374.356    31.338     9.875     0.020    21.058
       439    42.120     3.441     0.000     2.355    -7.389   112.028    42.120  1024.143  2374.172    31.338     9.875     0.020    21.060
       440    42.123     3.435     0.000     2.359    -7.388   112.182    42.123  1024.143  2373.981    31.338     9.875     0.020    21.062
       441    42.127     3.429     0.000     2.362    -7.386   112.337    42.127  1024.143  2373.781    31.338     9.875     0.020    21.063
       442    42.131     3.423     0.000     2.365    -7.384   112.493    42.131  1024.143  2373.574    31.338     9.875     0.020    21.065
       443    42.134     3.416     0.000     2.368    -7.382   112.651    42.134  1024.143  2373.357    31.338     9.875     0.020    21.067
       444    42.138     3.410     0.000     2.371    -7.381   112.810    42.138  1024.143  2373.132    31.338     9.875     0.020    21.069
       445    42.143     3.404     0.000     2.374    -7.379   112.972    42.143  1024.143  2372.898    31.338     9.875     0.020    21.071
       446    42.147     3.397     0.000     2.378    -7.377   113.134    42.147  1024.143  2372.653    31.338     9.875     0.020    21.073
       447    42.151     3.391     0.000     2.381    -7.375   113.299    42.151  1024.143  2372.398    31.338     9.875     0.020    21.076
       448    42.156     3.384     0.000     2.384    -7.373   113.465    42.156  1024.143  2372.132    31.338     9.875     0.020    21.078
       449    42.161     3.377     0.000     2.388    -7.371   113.633    42.161  1024.143  2371.854    31.338     9.875     0.020    21.081
       450    42.166     3.371     0.000     2.391    -7.369   113.803    42.166  1024.143  2371.564    31.338     9.875     0.020    21.083
       451    42.172     3.364     0.000     2.395    -7.367   113.975    42.172  1024.143  2371.262    31.338     9.875     0.020    21.086
       452    42.177     3.357     0.000     2.398    -7.364   114.148    42.177  1024.143  2370.946    31.338     9.875     0.020    21.089
       453    42.183     3.350     0.000     2.402    -7.362   114.324    42.183  1024.143  2370.615    31.338     9.875     0.020    21.092
       454    42.189     3.343     0.000     2.405    -7.360   114.502    42.189  1024.143  2370.270    31.338     9.875     0.020    21.095
       455    42.196     3.335     0.000     2.409    -7.357   114.682    42.196  1024.143  2369.908    31.338     9.875     0.020    21.098
       456    42.202     3.328     0.000     2.413    -7.355   114.865    42.202  1024.143  2369.530    31.338     9.875     0.020    21.101
       457    42.210     3.321     0.000     2.417    -7.352   115.049    42.210  1024.143  2369.134    31.338     9.875     0.020    21.105
       458    42.217     3.313     0.000     2.420    -7.350   115.237    42.217  1024.143  2368.719    31.338     9.875     0.020    21.108
       459    42.225     3.306     0.000     2.424    -7.347   115.426    42.225  1024.143  2368.285    31.338     9.875     0.020    21.112
       460    42.233     3.298     0.000     2.428    -7.344   115.618    42.233  1024.143  2367.829    31.338     9.875     0.020    21.116
       461    42.241     3.290     0.000     2.432    -7.341   115.813    42.241  1024.143  2367.350    31.338     9.874     0.020    21.121
       462    42.250     3.283     0.000     2.436    -7.338   116.011    42.250  1024.143  2366.848    31.338     9.874     0.020    21.125
       463    42.260     3.275     0.000     2.440    -7.335   116.211    42.260  1024.143  2366.320    31.338     9.874     0.020    21.130
       464    42.270     3.267     0.000     2.444    -7.332   116.415    42.270  1024.143  2365.766    31.338     9.874     0.020    21.135
       465    42.280     3.259     0.000     2.448    -7.329   116.621    42.280  1024.143  2365.182    31.338     9.874     0.020    21.140
       466    42.291     3.251     0.000     2.453    -7.326   116.831    42.291  1024.143  2364.568    31.338     9.874     0.020    21.146
       467    42.303     3.243     0.000     2.457    -7.322   117.044    42.303  1024.143  2363.922    31.338     9.874     0.020    21.151
       468    42.315     3.234     0.000     2.461    -7.319   117.261    42.315  1024.143  2363.240    31.338     9.874     0.020    21.157
       469    42.328     3.226     0.000     2.466    -7.315   117.481    42.328  1024.143  2362.521    31.338     9.874     0.020    21.164
       470    42.341     3.218     0.000     2.470    -7.312   117.705    42.341  1024.143  2361.762    31.338     9.874     0.020    21.171
       471    42.356     3.209     0.000     2.475    -7.308   117.932    42.356  1024.143  2360.960    31.338     9.874     0.020    21.178
       472    42.371     3.201     0.000     2.480    -7.304   118.164    42.371  1024.143  2360.112    31.338     9.874     0.020    21.185
       473    42.387     3.192     0.000     2.484    -7.300   118.400    42.387  1024.143  2359.215    31.338     9.873     0.020    21.193
       474    42.404     3.183     0.000     2.489    -7.295   118.641    42.404  1024.143  2358.264    31.338     9.873     0.020    21.202
       475    42.422     3.174     0.000     2.494    -7.291   118.886    42.422  1024.143  2357.256    31.339     9.873     0.020    21.211
       476    42.441     3.166     0.000     2.499    -7.287   119.136    42.441  1024.143  2356.186    31.339     9.873     0.020    21.221
       477    42.462     3.157     0.000     2.504    -7.282   119.391    42.462  1024.143  2355.049    31.339     9.873     0.020    21.231
       478    42.484     3.148     0.000     2.510    -7.277   119.651    42.484  1024.143  2353.839    31.339     9.873     0.020    21.242
       479    42.507     3.139     0.000     2.515    -7.272   119.917    42.507  1024.144  2352.550    31.339     9.873     0.020    21.254
       480    42.532     3.130     0.000     2.520    -7.267   120.188    42.532  1024.144  2351.176    31.339     9.872     0.020    21.266
       481    42.558     3.121     0.000     2.526    -7.262   120.466    42.558  1024.144  2349.708    31.339     9.872     0.020    21.279
       482    42.587     3.112     0.000     2.532    -7.256   120.751    42.587  1024.144  2348.139    31.339     9.872     0.020    21.293
       483    42.617     3.103     0.000     2.538    -7.250   121.042    42.617  1024.144  2346.458    31.339     9.872     0.020    21.309
       484    42.650     3.094     0.000     2.544    -7.244   121.341    42.650  1024.144  2344.654    31.339     9.872     0.020    21.325
       485    42.686     3.084     0.000     2.550    -7.238   121.648    42.686  1024.144  2342.715    31.339     9.871     0.020    21.343
       486    42.724     3.075     0.000     2.556    -7.231   121.962    42.724  1024.144  2340.628    31.339     9.871     0.020    21.362
       487    42.765     3.066     0.000     2.563    -7.225   122.286    42.765  1024.144  2338.376    31.339     9.871     0.020    21.382
       488    42.809     3.057     0.000     2.570    -7.217   122.619    42.809  1024.144  2335.941    31.339     9.871     0.020    21.405
       489    42.858     3.048     0.000     2.577    -7.210   122.962    42.858  1024.144  2333.301    31.339     9.870     0.020    21.429
       490    42.911     3.039     0.000     2.584    -7.202   123.317    42.911  1024.144  2330.431    31.339     9.870     0.020    21.455
       491    42.968     3.030     0.000     2.591    -7.194   123.683    42.968  1024.145  2327.303    31.339     9.870     0.020    21.484
       492    43.031     3.021     0.000     2.599    -7.186   124.062    43.031  1024.145  2323.882    31.339     9.869     0.020    21.516
       493    43.101     3.012     0.000     2.607    -7.177   124.455    43.101  1024.145  2320.126    31.340     9.869     0.020    21.551
       494    43.178     3.004     0.000     2.615    -7.167   124.864    43.178  1024.145  2315.987    31.340     9.868     0.020    21.589
       495    43.264     2.995     0.000     2.624    -7.157   125.291    43.264  1024.145  2311.401    31.340     9.868     0.020    21.632
       496    43.360     2.987     0.000     2.633    -7.147   125.736    43.360  1024.145  2306.294    31.340     9.867     0.020    21.680
       497    43.468     2.979     0.000     2.642    -7.135   126.203    43.468  1024.146  2300.568    31.340     9.866     0.020    21.734
       498    43.590     2.972     0.000     2.652    -7.123   126.696    43.590  1024.146  2294.099    31.340     9.866     0.020    21.795
       499    43.731     2.965     0.000     2.663    -7.111   127.217    43.731  1024.146  2286.718    31.340     9.865     0.020    21.865
       500    43.894     2.959     0.000     2.674    -7.097   127.773    43.894  1024.146  2278.195    31.341     9.864     0.020    21.947
       501    44.088     2.953     0.000     2.686    -7.081   128.370    44.088  1024.147  2268.198    31.341     9.863     0.020    22.044
       502    44.318     2.949     0.000     2.699    -7.065   129.019    44.318  1024.147  2256.436    31.341     9.861     0.020    22.159
       503    44.573     2.946     0.000     2.713    -7.046   129.731    44.573  1024.148  2243.490    31.341     9.860     0.020    22.287
       504    44.853     2.943     0.000     2.729    -7.026   130.499    44.853  1024.148  2229.510    31.341     9.858     0.020    22.426
       505    45.161     2.941     0.000     2.746    -7.004   131.333    45.161  1024.148  2214.289    31.342     9.856     0.020    22.581
       506    45.505     2.940     0.000     2.764    -6.979   132.250    45.505  1024.149  2197.547    31.342     9.854     0.020    22.753
       507    45.894     2.940     0.000     2.785    -6.951   133.273    45.894  1024.149  2178.914    31.342     9.852     0.020    22.947
       508    46.345     2.942     0.000     2.808    -6.919   134.432    46.345  1024.150  2157.747    31.342     9.850     0.020    23.172
       509    46.890     2.948     0.000     2.836    -6.880   135.785    46.890  1024.151  2132.645    31.342     9.847     0.020    23.445
       510    47.592     2.958     0.000     2.869    -6.833   137.456    47.592  1024.151  2101.200    31.343     9.844     0.020    23.796
       511    48.544     2.977     0.000     2.913    -6.771   139.622    48.544  1024.152  2060.002    31.343     9.839     0.020    24.272
       512    49.514     2.998     0.000     2.956    -6.710   141.737    49.514  1024.153  2019.611    31.343     9.835     0.020    24.757
       513    50.505     3.025     0.000     2.998    -6.650   143.843    50.505  1024.153  1980.012    31.342     9.831     0.020    25.252
       514    51.515     3.059     0.000     3.040    -6.591   145.908    51.515  1024.153  1941.188    31.342     9.827     0.020    25.757
       515    52.545     3.101     0.000     3.081    -6.535   147.926    52.545  1024.154  1903.126    31.341     9.823     0.020    26.273
---------------------------- Plume traps -----------------------------
       516    53.506     3.146     0.000     3.117    -6.486   149.732    53.506  1024.153  1868.938    31.340     9.820     0.020    26.753
       517    54.234     3.189     0.000     3.144    -6.451   151.033    54.234  1024.153  1843.856    31.340     9.818     0.020    27.117
       518    54.845     3.227     0.000     3.164    -6.424   152.042    54.845  1024.153  1823.322    31.339     9.816     0.020    27.422
       519    55.364     3.260     0.000     3.180    -6.403   152.862    55.364  1024.153  1806.238    31.338     9.814     0.020    27.682
       520    55.841     3.291     0.000     3.195    -6.385   153.585    55.841  1024.153  1790.792    31.338     9.813     0.020    27.921
       521    56.253     3.320     0.000     3.208    -6.368   154.245    56.253  1024.152  1777.676    31.337     9.812     0.020    28.127
       522    56.639     3.346     0.000     3.221    -6.352   154.888    56.639  1024.152  1765.565    31.337     9.811     0.020    28.320
       523    56.991     3.372     0.000     3.234    -6.337   155.511    56.991  1024.152  1754.668    31.336     9.810     0.020    28.495
       524    57.325     3.396     0.000     3.246    -6.322   156.125    57.325  1024.152  1744.454    31.336     9.809     0.020    28.662
       525    57.633     3.420     0.000     3.258    -6.308   156.721    57.633  1024.152  1735.121    31.336     9.808     0.020    28.816
       526    57.923     3.444     0.000     3.270    -6.295   157.304    57.923  1024.151  1726.423    31.335     9.807     0.020    28.962
       527    58.193     3.466     0.000     3.281    -6.281   157.871    58.193  1024.151  1718.421    31.335     9.807     0.020    29.096
       528    58.446     3.488     0.000     3.293    -6.269   158.424    58.446  1024.151  1710.980    31.334     9.806     0.020    29.223
       529    58.682     3.510     0.000     3.304    -6.257   158.963    58.682  1024.151  1704.098    31.334     9.805     0.020    29.341
       530    58.903     3.530     0.000     3.314    -6.245   159.488    58.903  1024.151  1697.695    31.334     9.805     0.020    29.452
       531    59.110     3.551     0.000     3.324    -6.234   159.999    59.110  1024.150  1691.747    31.333     9.804     0.020    29.555
       532    59.305     3.570     0.000     3.334    -6.224   160.498    59.305  1024.150  1686.204    31.333     9.804     0.020    29.652
       533    59.487     3.590     0.000     3.344    -6.213   160.984    59.487  1024.150  1681.036    31.333     9.804     0.020    29.744
       534    59.658     3.608     0.000     3.354    -6.204   161.458    59.658  1024.150  1676.208    31.333     9.803     0.020    29.829
       535    59.820     3.627     0.000     3.363    -6.194   161.921    59.820  1024.150  1671.692    31.332     9.803     0.020    29.910
       536    59.971     3.645     0.000     3.372    -6.185   162.373    59.971  1024.150  1667.462    31.332     9.803     0.020    29.986
       537    60.114     3.662     0.000     3.381    -6.176   162.814    60.114  1024.150  1663.493    31.332     9.802     0.020    30.057
       538    60.249     3.680     0.000     3.390    -6.168   163.244    60.249  1024.149  1659.765    31.332     9.802     0.020    30.125
       539    60.377     3.697     0.000     3.398    -6.160   163.665    60.377  1024.149  1656.258    31.331     9.802     0.020    30.189
       540    60.498     3.713     0.000     3.407    -6.152   164.076    60.498  1024.149  1652.955    31.331     9.801     0.020    30.249
       541    60.612     3.729     0.000     3.415    -6.144   164.479    60.612  1024.149  1649.839    31.331     9.801     0.020    30.306
       542    60.720     3.745     0.000     3.423    -6.137   164.872    60.720  1024.149  1646.896    31.331     9.801     0.020    30.360
       543    60.823     3.761     0.000     3.430    -6.130   165.257    60.823  1024.149  1644.113    31.331     9.801     0.020    30.412
       544    60.921     3.776     0.000     3.438    -6.123   165.634    60.921  1024.149  1641.479    31.330     9.801     0.020    30.460
       545    61.013     3.791     0.000     3.445    -6.116   166.004    61.013  1024.149  1638.982    31.330     9.800     0.020    30.507
       546    61.102     3.806     0.000     3.453    -6.110   166.366    61.102  1024.149  1636.612    31.330     9.800     0.020    30.551
       547    61.186     3.821     0.000     3.460    -6.104   166.720    61.186  1024.148  1634.362    31.330     9.800     0.020    30.593
       548    61.266     3.835     0.000     3.467    -6.098   167.068    61.266  1024.148  1632.221    31.330     9.800     0.020    30.633
       549    61.343     3.849     0.000     3.474    -6.092   167.409    61.343  1024.148  1630.184    31.330     9.800     0.020    30.671
       550    61.416     3.863     0.000     3.481    -6.087   167.744    61.416  1024.148  1628.243    31.329     9.800     0.020    30.708
       551    61.486     3.876     0.000     3.487    -6.082   168.073    61.486  1024.148  1626.391    31.329     9.800     0.020    30.743
       552    61.553     3.890     0.000     3.494    -6.076   168.396    61.553  1024.148  1624.624    31.329     9.799     0.020    30.776
       553    61.617     3.903     0.000     3.500    -6.071   168.713    61.617  1024.148  1622.935    31.329     9.799     0.020    30.808
       554    61.678     3.916     0.000     3.506    -6.067   169.025    61.678  1024.148  1621.321    31.329     9.799     0.020    30.839
       555    61.737     3.929     0.000     3.513    -6.062   169.331    61.737  1024.148  1619.775    31.329     9.799     0.020    30.868
       556    61.793     3.941     0.000     3.519    -6.057   169.633    61.793  1024.148  1618.296    31.329     9.799     0.020    30.897
       557    61.848     3.953     0.000     3.525    -6.053   169.929    61.848  1024.148  1616.877    31.329     9.799     0.020    30.924
       558    61.900     3.966     0.000     3.530    -6.049   170.221    61.900  1024.148  1615.517    31.329     9.799     0.020    30.950
       559    61.950     3.978     0.000     3.536    -6.044   170.509    61.950  1024.148  1614.212    31.328     9.799     0.020    30.975
       560    61.998     3.989     0.000     3.542    -6.040   170.791    61.998  1024.148  1612.958    31.328     9.799     0.020    30.999
       561    62.044     4.001     0.000     3.548    -6.036   171.070    62.044  1024.147  1611.753    31.328     9.798     0.020    31.022
       562    62.089     4.012     0.000     3.553    -6.033   171.345    62.089  1024.147  1610.594    31.328     9.798     0.020    31.044
       563    62.132     4.024     0.000     3.559    -6.029   171.615    62.132  1024.147  1609.480    31.328     9.798     0.020    31.066
       564    62.173     4.035     0.000     3.564    -6.025   171.882    62.173  1024.147  1608.407    31.328     9.798     0.020    31.087
       565    62.213     4.046     0.000     3.569    -6.022   172.145    62.213  1024.147  1607.373    31.328     9.798     0.020    31.107
       566    62.252     4.056     0.000     3.574    -6.019   172.404    62.252  1024.147  1606.377    31.328     9.798     0.020    31.126
       567    62.289     4.067     0.000     3.580    -6.015   172.661    62.289  1024.147  1605.417    31.328     9.798     0.020    31.145
       568    62.325     4.077     0.000     3.585    -6.012   172.913    62.325  1024.147  1604.491    31.328     9.798     0.020    31.163
       569    62.360     4.088     0.000     3.590    -6.009   173.163    62.360  1024.147  1603.597    31.328     9.798     0.020    31.180
       570    62.393     4.098     0.000     3.595    -6.006   173.409    62.393  1024.147  1602.735    31.328     9.798     0.020    31.197
       571    62.426     4.108     0.000     3.600    -6.003   173.652    62.426  1024.147  1601.901    31.328     9.798     0.020    31.213
       572    62.457     4.118     0.000     3.604    -6.000   173.893    62.457  1024.147  1601.097    31.327     9.798     0.020    31.229
       573    62.488     4.127     0.000     3.609    -5.998   174.130    62.488  1024.147  1600.319    31.327     9.798     0.020    31.244
       574    62.517     4.137     0.000     3.614    -5.995   174.365    62.517  1024.147  1599.567    31.327     9.798     0.020    31.258
       575    62.545     4.146     0.000     3.619    -5.992   174.597    62.545  1024.147  1598.839    31.327     9.798     0.020    31.273
       576    62.573     4.155     0.000     3.623    -5.990   174.827    62.573  1024.147  1598.131    31.327     9.798     0.020    31.287
       577    62.600     4.164     0.000     3.628    -5.987   175.056    62.600  1024.147  1597.444    31.327     9.797     0.020    31.300
       578    62.626     4.173     0.000     3.632    -5.985   175.283    62.626  1024.147  1596.776    31.327     9.797     0.020    31.313
       579    62.652     4.182     0.000     3.637    -5.982   175.508    62.652  1024.147  1596.127    31.327     9.797     0.020    31.326
       580    62.676     4.190     0.000     3.641    -5.980   175.731    62.676  1024.147  1595.495    31.327     9.797     0.020    31.338
       581    62.701     4.199     0.000     3.646    -5.978   175.953    62.701  1024.147  1594.881    31.327     9.797     0.020    31.350
       582    62.724     4.207     0.000     3.650    -5.976   176.173    62.724  1024.147  1594.283    31.327     9.797     0.020    31.362
       583    62.747     4.215     0.000     3.655    -5.974   176.392    62.747  1024.147  1593.702    31.327     9.797     0.020    31.373
       584    62.769     4.223     0.000     3.659    -5.971   176.609    62.769  1024.147  1593.137    31.327     9.797     0.020    31.385
       585    62.791     4.231     0.000     3.664    -5.969   176.825    62.791  1024.146  1592.587    31.327     9.797     0.020    31.395
       586    62.812     4.239     0.000     3.668    -5.967   177.040    62.812  1024.146  1592.052    31.327     9.797     0.020    31.406
       587    62.833     4.247     0.000     3.672    -5.965   177.253    62.833  1024.146  1591.532    31.327     9.797     0.020    31.416
       588    62.853     4.254     0.000     3.676    -5.964   177.464    62.853  1024.146  1591.026    31.327     9.797     0.020    31.426
       589    62.872     4.261     0.000     3.681    -5.962   177.674    62.872  1024.146  1590.534    31.327     9.797     0.020    31.436
       590    62.891     4.269     0.000     3.685    -5.960   177.884    62.891  1024.146  1590.055    31.327     9.797     0.020    31.445
       591    62.909     4.276     0.000     3.689    -5.958   178.091    62.909  1024.146  1589.589    31.327     9.797     0.020    31.455
       592    62.927     4.283     0.000     3.693    -5.957   178.298    62.927  1024.146  1589.136    31.327     9.797     0.020    31.464
       593    62.945     4.290     0.000     3.697    -5.955   178.503    62.945  1024.146  1588.696    31.326     9.797     0.020    31.472
       594    62.962     4.296     0.000     3.701    -5.953   178.707    62.962  1024.146  1588.268    31.326     9.797     0.020    31.481
       595    62.978     4.303     0.000     3.706    -5.952   178.910    62.978  1024.146  1587.851    31.326     9.797     0.020    31.489
       596    62.994     4.309     0.000     3.710    -5.950   179.112    62.994  1024.146  1587.446    31.326     9.797     0.020    31.497
       597    63.010     4.316     0.000     3.714    -5.949   179.313    63.010  1024.146  1587.053    31.326     9.797     0.020    31.505
       598    63.025     4.322     0.000     3.718    -5.947   179.513    63.025  1024.146  1586.670    31.326     9.797     0.020    31.513
       599    63.040     4.328     0.000     3.722    -5.946   179.712    63.040  1024.146  1586.298    31.326     9.797     0.020    31.520
       600    63.054     4.334     0.000     3.726    -5.944   179.910    63.054  1024.146  1585.937    31.326     9.797     0.020    31.527
       601    63.068     4.340     0.000     3.730    -5.943   180.106    63.068  1024.146  1585.586    31.326     9.797     0.020    31.534
       602    63.082     4.345     0.000     3.734    -5.942   180.302    63.082  1024.146  1585.245    31.326     9.797     0.020    31.541
       603    63.095     4.351     0.000     3.738    -5.940   180.497    63.095  1024.146  1584.914    31.326     9.797     0.020    31.547
       604    63.108     4.356     0.000     3.741    -5.939   180.691    63.108  1024.146  1584.593    31.326     9.797     0.020    31.554
       605    63.120     4.362     0.000     3.745    -5.938   180.885    63.120  1024.146  1584.281    31.326     9.797     0.020    31.560
       606    63.132     4.367     0.000     3.749    -5.937   181.077    63.132  1024.146  1583.979    31.326     9.797     0.020    31.566
       607    63.144     4.372     0.000     3.753    -5.936   181.268    63.144  1024.146  1583.686    31.326     9.797     0.020    31.572
       608    63.155     4.377     0.000     3.757    -5.935   181.459    63.155  1024.146  1583.401    31.326     9.797     0.020    31.578
       609    63.166     4.382     0.000     3.761    -5.934   181.649    63.166  1024.146  1583.125    31.326     9.797     0.020    31.583
       610    63.177     4.386     0.000     3.765    -5.933   181.838    63.177  1024.146  1582.858    31.326     9.797     0.020    31.588
       611    63.187     4.391     0.000     3.768    -5.932   182.027    63.187  1024.146  1582.600    31.326     9.797     0.020    31.594
       612    63.197     4.395     0.000     3.772    -5.931   182.214    63.197  1024.146  1582.350    31.326     9.797     0.020    31.599
       613    63.207     4.400     0.000     3.776    -5.930   182.401    63.207  1024.146  1582.107    31.326     9.797     0.020    31.603
       614    63.216     4.404     0.000     3.780    -5.929   182.588    63.216  1024.146  1581.873    31.326     9.797     0.020    31.608
       615    63.225     4.408     0.000     3.783    -5.928   182.774    63.225  1024.146  1581.647    31.326     9.797     0.020    31.613
       616    63.234     4.412     0.000     3.787    -5.927   182.959    63.234  1024.146  1581.429    31.326     9.797     0.020    31.617
       617    63.242     4.416     0.000     3.791    -5.926   183.143    63.242  1024.146  1581.218    31.326     9.796     0.020    31.621
       618    63.251     4.419     0.000     3.795    -5.926   183.327    63.251  1024.146  1581.015    31.326     9.796     0.020    31.625
       619    63.258     4.423     0.000     3.798    -5.925   183.511    63.258  1024.146  1580.819    31.326     9.796     0.020    31.629
       620    63.266     4.426     0.000     3.802    -5.924   183.694    63.266  1024.146  1580.631    31.326     9.796     0.020    31.633
       621    63.273     4.430     0.000     3.806    -5.923   183.876    63.273  1024.146  1580.450    31.326     9.796     0.020    31.637
       622    63.280     4.433     0.000     3.809    -5.923   184.058    63.280  1024.146  1580.276    31.326     9.796     0.020    31.640
       623    63.287     4.436     0.000     3.813    -5.922   184.239    63.287  1024.146  1580.109    31.326     9.796     0.020    31.643
       624    63.293     4.439     0.000     3.817    -5.922   184.420    63.293  1024.146  1579.948    31.326     9.796     0.020    31.647
       625    63.299     4.442     0.000     3.820    -5.921   184.601    63.299  1024.146  1579.795    31.326     9.796     0.020    31.650
       626    63.305     4.445     0.000     3.824    -5.920   184.781    63.305  1024.146  1579.649    31.326     9.796     0.020    31.653
       627    63.311     4.447     0.000     3.827    -5.920   184.960    63.311  1024.146  1579.509    31.326     9.796     0.020    31.655
       628    63.316     4.450     0.000     3.831    -5.919   185.140    63.316  1024.146  1579.376    31.326     9.796     0.020    31.658
       629    63.321     4.452     0.000     3.835    -5.919   185.319    63.321  1024.146  1579.250    31.326     9.796     0.020    31.661
       630    63.326     4.454     0.000     3.838    -5.918   185.497    63.326  1024.146  1579.130    31.326     9.796     0.020    31.663
       631    63.331     4.456     0.000     3.842    -5.918   185.676    63.331  1024.146  1579.017    31.326     9.796     0.020    31.665
       632    63.335     4.458     0.000     3.845    -5.918   185.854    63.335  1024.146  1578.910    31.326     9.796     0.020    31.667
       633    63.339     4.460     0.000     3.849    -5.917   186.031    63.339  1024.146  1578.809    31.326     9.796     0.020    31.669
       634    63.343     4.462     0.000     3.853    -5.917   186.209    63.343  1024.146  1578.715    31.326     9.796     0.020    31.671
       635    63.346     4.464     0.000     3.856    -5.917   186.386    63.346  1024.146  1578.626    31.326     9.796     0.020    31.673
       636    63.349     4.465     0.000     3.860    -5.916   186.563    63.349  1024.146  1578.545    31.326     9.796     0.020    31.675
       637    63.353     4.467     0.000     3.863    -5.916   186.739    63.353  1024.146  1578.469    31.326     9.796     0.020    31.676
       638    63.355     4.468     0.000     3.867    -5.916   186.916    63.355  1024.146  1578.399    31.326     9.796     0.020    31.678
       639    63.358     4.469     0.000     3.870    -5.916   187.092    63.358  1024.146  1578.336    31.326     9.796     0.020    31.679
       640    63.360     4.470     0.000     3.874    -5.915   187.269    63.360  1024.146  1578.278    31.326     9.796     0.020    31.680
       641    63.362     4.471     0.000     3.878    -5.915   187.445    63.362  1024.146  1578.227    31.326     9.796     0.020    31.681
       642    63.364     4.472     0.000     3.881    -5.915   187.620    63.364  1024.146  1578.181    31.326     9.796     0.020    31.682
       643    63.366     4.473     0.000     3.885    -5.915   187.796    63.366  1024.146  1578.142    31.326     9.796     0.020    31.683
       644    63.367     4.473     0.000     3.888    -5.915   187.972    63.367  1024.146  1578.109    31.326     9.796     0.020    31.683
       645    63.368     4.474     0.000     3.892    -5.915   188.148    63.368  1024.146  1578.081    31.326     9.796     0.020    31.684
       646    63.369     4.474     0.000     3.895    -5.915   188.323    63.369  1024.146  1578.060    31.326     9.796     0.020    31.684
       647    63.370     4.474     0.000     3.899    -5.915   188.499    63.370  1024.146  1578.044    31.326     9.796     0.020    31.685
---------------------- Local maximum rise or fall --------------------
       648    63.370     4.474     0.000     3.902    -5.915   188.674    63.370  1024.146  1578.034    31.326     9.796     0.020    31.685
-------------------- Starting Farfield Calculations --------------------
Farfield dispersion based on wastefield width of :       4.47 (m)
4/3 Power Law based Eddy Diffusivity is used:
  Dilution     Width  Distance      Time     Conc.    Bckgrd
        ()       (m)       (m)    (hrs.)    (mg/L)    (mg/L)
    63.370     4.480     3.902     0.000  1578.034     0.000
    63.370     4.509     4.000     0.002  1582.393     0.000
    63.371     4.810     5.000     0.016  1582.393     0.000
    63.484     5.117     6.000     0.029  1582.393     0.000
    64.125     5.430     7.000     0.043  1582.393     0.000
    65.455     5.750     8.000     0.057  1536.678     0.000
    67.366     6.075     9.000     0.071  1536.678     0.000
    69.713     6.407    10.000     0.085  1536.678     0.000
    72.385     6.744    11.000     0.099  1536.678     0.000
    75.304     7.087    12.000     0.113  1339.482     0.000
    78.415     7.435    13.000     0.127  1339.482     0.000
    81.681     7.789    14.000     0.141  1339.482     0.000
    85.077     8.149    15.000     0.154  1339.482     0.000
    88.584     8.514    16.000     0.168  1139.670     0.000
    92.188     8.884    17.000     0.182  1139.670     0.000
    95.879     9.259    18.000     0.196  1139.670     0.000
    99.649     9.640    19.000     0.210  1139.670     0.000
   103.492    10.025    20.000     0.224   975.835     0.000
   107.403    10.416    21.000     0.238   975.835     0.000
   111.379    10.812    22.000     0.252   975.835     0.000
   115.417    11.212    23.000     0.266   975.835     0.000
   119.513    11.617    24.000     0.279   845.163     0.000
   123.666    12.027    25.000     0.293   845.163     0.000
   127.873    12.442    26.000     0.307   845.163     0.000
   132.134    12.862    27.000     0.321   845.163     0.000
   136.447    13.286    28.000     0.335   740.343     0.000
   140.811    13.714    29.000     0.349   740.343     0.000
   145.224    14.147    30.000     0.363   740.343     0.000
   149.686    14.585    31.000     0.377   740.343     0.000
   154.196    15.027    32.000     0.391   655.171     0.000
   158.753    15.473    33.000     0.404   655.171     0.000
   163.356    15.924    34.000     0.418   655.171     0.000
   168.005    16.379    35.000     0.432   655.171     0.000
   172.699    16.838    36.000     0.446   585.008     0.000
   177.437    17.302    37.000     0.460   585.008     0.000
   182.219    17.769    38.000     0.474   585.008     0.000
   187.045    18.241    39.000     0.488   585.008     0.000
   191.913    18.717    40.000     0.502   526.460     0.000
   196.824    19.197    41.000     0.516   526.460     0.000
   201.777    19.681    42.000     0.529   526.460     0.000
   206.772    20.169    43.000     0.543   526.460     0.000
   211.808    20.661    44.000     0.557   477.029     0.000
   216.885    21.157    45.000     0.571   477.029     0.000
   222.002    21.656    46.000     0.585   477.029     0.000
   227.159    22.160    47.000     0.599   477.029     0.000
   232.356    22.668    48.000     0.613   434.859     0.000
   237.593    23.179    49.000     0.627   434.859     0.000
   242.868    23.694    50.000     0.641   434.859     0.000
   248.182    24.213    51.000     0.654   434.859     0.000
   253.535    24.735    52.000     0.668   398.545     0.000
   258.926    25.262    53.000     0.682   398.545     0.000
   264.355    25.792    54.000     0.696   398.545     0.000
   269.822    26.325    55.000     0.710   398.545     0.000
   275.326    26.863    56.000     0.724   367.013     0.000
   280.867    27.404    57.000     0.738   367.013     0.000
   286.445    27.948    58.000     0.752   367.013     0.000
   292.060    28.496    59.000     0.766   367.013     0.000
   297.711    29.048    60.000     0.779   339.427     0.000
   303.398    29.603    61.000     0.793   339.427     0.000
   309.121    30.161    62.000     0.807   339.427     0.000
   314.879    30.723    63.000     0.821   339.427     0.000
   320.673    31.289    64.000     0.835   315.130     0.000
   326.502    31.858    65.000     0.849   315.130     0.000
   332.367    32.430    66.000     0.863   315.130     0.000
   338.266    33.006    67.000     0.877   315.130     0.000
   344.199    33.585    68.000     0.891   293.598     0.000
   350.167    34.167    69.000     0.904   293.598     0.000
   356.169    34.753    70.000     0.918   293.598     0.000
   362.205    35.342    71.000     0.932   293.598     0.000
   368.275    35.934    72.000     0.946   274.410     0.000
   374.378    36.530    73.000     0.960   274.410     0.000
   380.515    37.129    74.000     0.974   274.410     0.000
   386.685    37.731    75.000     0.988   274.410     0.000
   392.888    38.336    76.000     1.002   257.225     0.000
   399.124    38.945    77.000     1.016   257.225     0.000
   405.392    39.557    78.000     1.029   257.225     0.000
   411.693    40.171    79.000     1.043   257.225     0.000
   418.026    40.789    80.000     1.057   241.761     0.000
   424.392    41.411    81.000     1.071   241.761     0.000
   430.790    42.035    82.000     1.085   241.761     0.000
   437.219    42.662    83.000     1.099   241.761     0.000
   443.680    43.293    84.000     1.113   227.787     0.000
   450.173    43.926    85.000     1.127   227.787     0.000
   456.697    44.563    86.000     1.141   227.787     0.000
   463.252    45.203    87.000     1.154   227.787     0.000
   469.838    45.845    88.000     1.168   215.108     0.000
   476.456    46.491    89.000     1.182   215.108     0.000
   483.104    47.140    90.000     1.196   215.108     0.000
   489.783    47.792    91.000     1.210   215.108     0.000
   496.492    48.446    92.000     1.224   203.564     0.000
   503.231    49.104    93.000     1.238   203.564     0.000
   510.001    49.765    94.000     1.252   203.564     0.000
   516.801    50.428    95.000     1.266   203.564     0.000
   523.631    51.095    96.000     1.279   193.017     0.000
   530.491    51.764    97.000     1.293   193.017     0.000
   537.380    52.436    98.000     1.307   193.017     0.000
   544.299    53.112    99.000     1.321   193.017     0.000
   551.248    53.790   100.000     1.335   183.350     0.000
   558.226    54.470   101.000     1.349   183.350     0.000
   565.233    55.154   102.000     1.363   183.350     0.000
   572.269    55.841   103.000     1.377   183.350     0.000
   579.334    56.530   104.000     1.391   174.463     0.000
   586.428    57.222   105.000     1.404   174.463     0.000
   593.551    57.917   106.000     1.418   174.463     0.000
   600.702    58.615   107.000     1.432   174.463     0.000
   607.882    59.316   108.000     1.446   166.272     0.000
   615.090    60.019   109.000     1.460   166.272     0.000
   622.326    60.725   110.000     1.474   166.272     0.000
   629.591    61.434   111.000     1.488   166.272     0.000
   636.883    62.146   112.000     1.502   158.703     0.000
   644.204    62.860   113.000     1.516   158.703     0.000
   651.552    63.577   114.000     1.529   158.703     0.000
   658.928    64.297   115.000     1.543   158.703     0.000
   666.332    65.019   116.000     1.557   151.691     0.000
   673.764    65.745   117.000     1.571   151.691     0.000
   681.222    66.472   118.000     1.585   151.691     0.000
   688.708    67.203   119.000     1.599   151.691     0.000
   696.222    67.936   120.000     1.613   145.180     0.000
   703.762    68.672   121.000     1.627   145.180     0.000
   711.329    69.410   122.000     1.641   145.180     0.000
   718.924    70.151   123.000     1.654   145.180     0.000
   726.545    70.895   124.000     1.668   139.123     0.000
   734.193    71.641   125.000     1.682   139.123     0.000
   741.868    72.390   126.000     1.696   139.123     0.000
   749.569    73.142   127.000     1.710   133.475     0.000
   757.296    73.896   128.000     1.724   133.475     0.000
   765.050    74.652   129.000     1.738   133.475     0.000
   772.831    75.412   130.000     1.752   133.475     0.000
   780.637    76.173   131.000     1.766   128.199     0.000
   788.470    76.938   132.000     1.779   128.199     0.000
   796.328    77.704   133.000     1.793   128.199     0.000
   804.213    78.474   134.000     1.807   128.199     0.000
   812.123    79.246   135.000     1.821   123.262     0.000
   820.060    80.020   136.000     1.835   123.262     0.000
   828.022    80.797   137.000     1.849   123.262     0.000
   836.009    81.576   138.000     1.863   123.262     0.000
   844.022    82.358   139.000     1.877   118.634     0.000
   852.060    83.143   140.000     1.891   118.634     0.000
   860.124    83.930   141.000     1.904   118.634     0.000
   868.213    84.719   142.000     1.918   118.634     0.000
   876.328    85.511   143.000     1.932   114.288     0.000
   884.467    86.305   144.000     1.946   114.288     0.000
   892.631    87.102   145.000     1.960   114.288     0.000
   900.821    87.901   146.000     1.974   114.288     0.000
   909.035    88.702   147.000     1.988   110.201     0.000
   917.274    89.506   148.000     2.002   110.201     0.000
   925.538    90.313   149.000     2.016   110.201     0.000
   933.827    91.121   150.000     2.029   110.201     0.000
   942.140    91.933   151.000     2.043   106.353     0.000
   950.478    92.746   152.000     2.057   106.353     0.000
   958.840    93.562   153.000     2.071   106.353     0.000
   967.226    94.380   154.000     2.085   106.353     0.000
   975.637    95.201   155.000     2.099   102.723     0.000
   984.072    96.024   156.000     2.113   102.723     0.000
   992.531    96.850   157.000     2.127   102.723     0.000
  1001.015    97.678   158.000     2.141   102.723     0.000
  1009.522    98.508   159.000     2.154    99.295     0.000
  1018.053    99.340   160.000     2.168    99.295     0.000
  1026.608   100.175   161.000     2.182    99.295     0.000
  1035.188   101.012   162.000     2.196    99.295     0.000
  1043.790   101.852   163.000     2.210    96.053     0.000
  1052.417   102.693   164.000     2.224    96.053     0.000
  1061.067   103.537   165.000     2.238    96.053     0.000
  1069.741   104.384   166.000     2.252    96.053     0.000
  1078.438   105.232   167.000     2.266    92.985     0.000
  1087.159   106.083   168.000     2.279    92.985     0.000
  1095.903   106.937   169.000     2.293    92.985     0.000
  1104.670   107.792   170.000     2.307    92.985     0.000
  1113.461   108.650   171.000     2.321    90.076     0.000
  1122.274   109.510   172.000     2.335    90.076     0.000
  1131.111   110.372   173.000     2.349    90.076     0.000
  1139.971   111.237   174.000     2.363    90.076     0.000
  1148.855   112.104   175.000     2.377    87.316     0.000
  1157.761   112.973   176.000     2.391    87.316     0.000
  1166.689   113.844   177.000     2.404    87.316     0.000
  1175.641   114.717   178.000     2.418    87.316     0.000
  1184.616   115.593   179.000     2.432    84.693     0.000
  1193.613   116.471   180.000     2.446    84.693     0.000
  1202.633   117.351   181.000     2.460    84.693     0.000
  1211.675   118.234   182.000     2.474    84.693     0.000
  1220.740   119.118   183.000     2.488    82.200     0.000
  1229.828   120.005   184.000     2.502    82.200     0.000
  1238.938   120.894   185.000     2.516    82.200     0.000
  1248.070   121.785   186.000     2.529    82.200     0.000
  1257.225   122.678   187.000     2.543    79.826     0.000
  1266.402   123.574   188.000     2.557    79.826     0.000
  1275.601   124.471   189.000     2.571    79.826     0.000
  1284.822   125.371   190.000     2.585    79.826     0.000
  1294.066   126.273   191.000     2.599    77.565     0.000
  1303.331   127.177   192.000     2.613    77.565     0.000
  1312.619   128.084   193.000     2.627    77.565     0.000
  1321.929   128.992   194.000     2.641    77.565     0.000
  1331.260   129.902   195.000     2.654    75.409     0.000
  1340.613   130.815   196.000     2.668    75.409     0.000
  1349.988   131.730   197.000     2.682    75.409     0.000
  1359.385   132.647   198.000     2.696    75.409     0.000
  1368.804   133.566   199.000     2.710    73.350     0.000
  1378.244   134.487   200.000     2.724    73.350     0.000
  1387.706   135.410   201.000     2.738    73.350     0.000
  1397.189   136.336   202.000     2.752    73.350     0.000
  1406.694   137.263   203.000     2.766    71.384     0.000
  1416.220   138.193   204.000     2.779    71.384     0.000
  1425.768   139.124   205.000     2.793    71.384     0.000
  1435.337   140.058   206.000     2.807    71.384     0.000
............................. Reached Chronic Mixing Zone ..........................
  1444.927   140.994   207.000     2.821    69.503     0.000
  1454.539   141.932   208.000     2.835    69.503     0.000
  1464.172   142.872   209.000     2.849    69.503     0.000
  1473.826   143.814   210.000     2.863    69.503     0.000
  1483.501   144.758   211.000     2.877    67.704     0.000
  1493.197   145.704   212.000     2.891    67.704     0.000
  1502.914   146.652   213.000     2.904    67.704     0.000
  1512.653   147.603   214.000     2.918    67.704     0.000
  1522.412   148.555   215.000     2.932    65.982     0.000
  1532.192   149.509   216.000     2.946    65.982     0.000
  1541.993   150.466   217.000     2.960    65.982     0.000
  1551.815   151.424   218.000     2.974    65.982     0.000
  1561.657   152.384   219.000     2.988    64.331     0.000
  1571.520   153.347   220.000     3.002    64.331     0.000
  1581.404   154.311   221.000     3.016    64.331     0.000
  1591.309   155.278   222.000     3.029    64.331     0.000
  1601.234   156.246   223.000     3.043    62.747     0.000
  1611.180   157.217   224.000     3.057    62.747     0.000
  1621.146   158.189   225.000     3.071    62.747     0.000
  1631.132   159.164   226.000     3.085    62.747     0.000
  1641.140   160.140   227.000     3.099    61.228     0.000
  1651.167   161.119   228.000     3.113    61.228     0.000
  1661.215   162.099   229.000     3.127    61.228     0.000
  1671.283   163.082   230.000     3.141    61.228     0.000
  1681.371   164.066   231.000     3.154    59.769     0.000
  1691.480   165.052   232.000     3.168    59.769     0.000
  1701.609   166.041   233.000     3.182    59.769     0.000
  1711.758   167.031   234.000     3.196    59.769     0.000
  1721.927   168.023   235.000     3.210    58.367     0.000
  1732.116   169.018   236.000     3.224    58.367     0.000
  1742.325   170.014   237.000     3.238    58.367     0.000
  1752.554   171.012   238.000     3.252    58.367     0.000
  1762.803   172.012   239.000     3.266    57.019     0.000
  1773.072   173.014   240.000     3.279    57.019     0.000
  1783.360   174.018   241.000     3.293    57.019     0.000
  1793.669   175.024   242.000     3.307    57.019     0.000
  1803.997   176.032   243.000     3.321    55.722     0.000
  1814.346   177.041   244.000     3.335    55.722     0.000
  1824.713   178.053   245.000     3.349    55.722     0.000
  1835.101   179.067   246.000     3.363    55.722     0.000
  1845.508   180.082   247.000     3.377    54.474     0.000
  1855.935   181.100   248.000     3.391    54.474     0.000
  1866.381   182.119   249.000     3.404    54.474     0.000
  1876.847   183.140   250.000     3.418    54.474     0.000
  1887.332   184.163   251.000     3.432    53.271     0.000
  1897.837   185.188   252.000     3.446    53.271     0.000
  1908.361   186.215   253.000     3.460    53.271     0.000
  1918.905   187.244   254.000     3.474    53.271     0.000
  1929.468   188.275   255.000     3.488    52.112     0.000
  1940.050   189.308   256.000     3.502    52.112     0.000
  1950.651   190.342   257.000     3.516    52.112     0.000
  1961.272   191.378   258.000     3.529    50.995     0.000
  1971.912   192.417   259.000     3.543    50.995     0.000
  1982.571   193.457   260.000     3.557    50.995     0.000
  1993.249   194.499   261.000     3.571    50.995     0.000
  2003.947   195.543   262.000     3.585    49.917     0.000
  2014.663   196.588   263.000     3.599    49.917     0.000
  2025.399   197.636   264.000     3.613    49.917     0.000
  2036.153   198.685   265.000     3.627    49.917     0.000
  2046.927   199.736   266.000     3.641    48.876     0.000
  2057.719   200.790   267.000     3.654    48.876     0.000
  2068.530   201.844   268.000     3.668    48.876     0.000
  2079.360   202.901   269.000     3.682    48.876     0.000
  2090.209   203.960   270.000     3.696    47.871     0.000
  2101.077   205.020   271.000     3.710    47.871     0.000
  2111.964   206.083   272.000     3.724    47.871     0.000
  2122.869   207.147   273.000     3.738    47.871     0.000
  2133.793   208.213   274.000     3.752    46.900     0.000
  2144.736   209.281   275.000     3.766    46.900     0.000
  2155.697   210.350   276.000     3.779    46.900     0.000
  2166.677   211.422   277.000     3.793    46.900     0.000
  2177.675   212.495   278.000     3.807    45.962     0.000
  2188.692   213.570   279.000     3.821    45.962     0.000
  2199.728   214.647   280.000     3.835    45.962     0.000
  2210.782   215.725   281.000     3.849    45.962     0.000
  2221.855   216.806   282.000     3.863    45.054     0.000
  2232.945   217.888   283.000     3.877    45.054     0.000
  2244.055   218.972   284.000     3.891    45.054     0.000
  2255.182   220.058   285.000     3.904    45.054     0.000
  2266.329   221.145   286.000     3.918    44.176     0.000
  2277.493   222.235   287.000     3.932    44.176     0.000
  2288.675   223.326   288.000     3.946    44.176     0.000
  2299.876   224.419   289.000     3.960    44.176     0.000
  2311.095   225.514   290.000     3.974    43.326     0.000
  2322.333   226.610   291.000     3.988    43.326     0.000
  2333.588   227.708   292.000     4.002    43.326     0.000
  2344.861   228.809   293.000     4.016    43.326     0.000
  2356.153   229.910   294.000     4.029    42.502     0.000
  2367.463   231.014   295.000     4.043    42.502     0.000
  2378.790   232.119   296.000     4.057    42.502     0.000
  2390.136   233.226   297.000     4.071    42.502     0.000
  2401.500   234.335   298.000     4.085    41.705     0.000
  2412.881   235.446   299.000     4.099    41.705     0.000
  2424.281   236.558   300.000     4.113    41.705     0.000
  2435.699   237.672   301.000     4.127    41.705     0.000
  2447.134   238.788   302.000     4.141    40.932     0.000
  2458.587   239.906   303.000     4.154    40.932     0.000
  2470.058   241.025   304.000     4.168    40.932     0.000
  2481.547   242.146   305.000     4.182    40.932     0.000
  2493.053   243.269   306.000     4.196    40.183     0.000
  2504.578   244.393   307.000     4.210    40.183     0.000
  2516.120   245.520   308.000     4.224    40.183     0.000
  2527.679   246.648   309.000     4.238    40.183     0.000
  2539.257   247.777   310.000     4.252    39.456     0.000
  2550.851   248.909   311.000     4.266    39.456     0.000
  2562.464   250.042   312.000     4.279    39.456     0.000
  2574.094   251.177   313.000     4.293    39.456     0.000
  2585.742   252.313   314.000     4.307    38.751     0.000
  2597.407   253.452   315.000     4.321    38.751     0.000
  2609.089   254.592   316.000     4.335    38.751     0.000
  2620.790   255.733   317.000     4.349    38.751     0.000
  2632.507   256.877   318.000     4.363    38.067     0.000
  2644.242   258.022   319.000     4.377    38.067     0.000
  2655.994   259.169   320.000     4.391    38.067     0.000
  2667.764   260.317   321.000     4.404    38.067     0.000
  2679.551   261.467   322.000     4.418    37.403     0.000
  2691.355   262.619   323.000     4.432    37.403     0.000
  2703.177   263.773   324.000     4.446    37.403     0.000
  2715.016   264.928   325.000     4.460    37.403     0.000
  2726.872   266.085   326.000     4.474    36.757     0.000
  2738.745   267.243   327.000     4.488    36.757     0.000
  2750.636   268.404   328.000     4.502    36.757     0.000
  2762.543   269.565   329.000     4.516    36.757     0.000
  2774.468   270.729   330.000     4.529    36.131     0.000
  2786.410   271.894   331.000     4.543    36.131     0.000
  2798.369   273.061   332.000     4.557    36.131     0.000
  2810.345   274.230   333.000     4.571    36.131     0.000
  2822.338   275.400   334.000     4.585    35.521     0.000
  2834.348   276.572   335.000     4.599    35.521     0.000
  2846.375   277.746   336.000     4.613    35.521     0.000
  2858.419   278.921   337.000     4.627    35.521     0.000
  2870.480   280.098   338.000     4.641    34.929     0.000
  2882.558   281.276   339.000     4.654    34.929     0.000
  2894.653   282.457   340.000     4.668    34.929     0.000
  2906.765   283.638   341.000     4.682    34.929     0.000
  2918.893   284.822   342.000     4.696    34.353     0.000
  2931.038   286.007   343.000     4.710    34.353     0.000
  2943.201   287.194   344.000     4.724    34.353     0.000
  2955.379   288.382   345.000     4.738    34.353     0.000
  2967.575   289.572   346.000     4.752    33.792     0.000
  2979.787   290.764   347.000     4.766    33.792     0.000
  2992.017   291.957   348.000     4.779    33.792     0.000
  3004.262   293.152   349.000     4.793    33.792     0.000
  3016.525   294.349   350.000     4.807    33.247     0.000
  3028.804   295.547   351.000     4.821    33.247     0.000
  3041.099   296.747   352.000     4.835    33.247     0.000
  3053.412   297.948   353.000     4.849    33.247     0.000
  3065.741   299.151   354.000     4.863    32.716     0.000
  3078.086   300.356   355.000     4.877    32.716     0.000
  3090.448   301.562   356.000     4.891    32.716     0.000
  3102.826   302.770   357.000     4.904    32.716     0.000
  3115.221   303.979   358.000     4.918    32.199     0.000
  3127.633   305.190   359.000     4.932    32.199     0.000
  3140.060   306.403   360.000     4.946    32.199     0.000
  3152.505   307.617   361.000     4.960    32.199     0.000
  3164.965   308.833   362.000     4.974    31.696     0.000
  3177.442   310.051   363.000     4.988    31.696     0.000
  3189.936   311.270   364.000     5.002    31.696     0.000
  3202.445   312.491   365.000     5.016    31.696     0.000
  3214.971   313.713   366.000     5.029    31.206     0.000
  3227.514   314.937   367.000     5.043    31.206     0.000
  3240.072   316.162   368.000     5.057    31.206     0.000
  3252.647   317.389   369.000     5.071    31.206     0.000
  3265.238   318.618   370.000     5.085    30.728     0.000
  3277.845   319.848   371.000     5.099    30.728     0.000
  3290.469   321.080   372.000     5.113    30.728     0.000
  3303.108   322.313   373.000     5.127    30.728     0.000
  3315.764   323.548   374.000     5.141    30.262     0.000
  3328.436   324.785   375.000     5.154    30.262     0.000
  3341.124   326.023   376.000     5.168    30.262     0.000
  3353.828   327.262   377.000     5.182    30.262     0.000
  3366.548   328.503   378.000     5.196    29.808     0.000
  3379.284   329.746   379.000     5.210    29.808     0.000
  3392.036   330.991   380.000     5.224    29.808     0.000
  3404.804   332.236   381.000     5.238    29.808     0.000
  3417.588   333.484   382.000     5.252    29.365     0.000
  3430.389   334.733   383.000     5.266    29.365     0.000
  3443.205   335.984   384.000     5.279    29.365     0.000
  3456.036   337.236   385.000     5.293    29.365     0.000
  3468.884   338.489   386.000     5.307    28.933     0.000
  3481.748   339.745   387.000     5.321    28.933     0.000
  3494.628   341.001   388.000     5.335    28.933     0.000
  3507.523   342.260   389.000     5.349    28.933     0.000
  3520.434   343.520   390.000     5.363    28.511     0.000
  3533.361   344.781   391.000     5.377    28.511     0.000
  3546.304   346.044   392.000     5.391    28.511     0.000
  3559.263   347.308   393.000     5.404    28.100     0.000
  3572.237   348.574   394.000     5.418    28.100     0.000
  3585.227   349.842   395.000     5.432    28.100     0.000
  3598.233   351.111   396.000     5.446    28.100     0.000
  3611.255   352.382   397.000     5.460    27.698     0.000
  3624.292   353.654   398.000     5.474    27.698     0.000
  3637.345   354.927   399.000     5.488    27.698     0.000
  3650.413   356.203   400.000     5.502    27.698     0.000
  3663.497   357.479   401.000     5.516    27.306     0.000
  3676.597   358.758   402.000     5.529    27.306     0.000
  3689.712   360.037   403.000     5.543    27.306     0.000
  3702.843   361.319   404.000     5.557    27.306     0.000
  3715.989   362.601   405.000     5.571    26.923     0.000
  3729.151   363.886   406.000     5.585    26.923     0.000
  3742.328   365.172   407.000     5.599    26.923     0.000
  3755.521   366.459   408.000     5.613    26.923     0.000
  3768.729   367.748   409.000     5.627    26.549     0.000
  3781.953   369.038   410.000     5.641    26.549     0.000
  3795.192   370.330   411.000     5.654    26.549     0.000
  3808.447   371.623   412.000     5.668    26.549     0.000
  3821.717   372.918   413.000     5.682    26.184     0.000
  3835.002   374.215   414.000     5.696    26.184     0.000
  3848.303   375.513   415.000     5.710    26.184     0.000
  3861.619   376.812   416.000     5.724    26.184     0.000
  3874.950   378.113   417.000     5.738    25.826     0.000
  3888.297   379.415   418.000     5.752    25.826     0.000
  3901.659   380.719   419.000     5.766    25.826     0.000
  3915.036   382.024   420.000     5.779    25.826     0.000
  3928.429   383.331   421.000     5.793    25.477     0.000
  3941.837   384.639   422.000     5.807    25.477     0.000
  3955.260   385.949   423.000     5.821    25.477     0.000
  3968.698   387.260   424.000     5.835    25.477     0.000
  3982.151   388.573   425.000     5.849    25.136     0.000
  3995.620   389.887   426.000     5.863    25.136     0.000
  4009.103   391.203   427.000     5.877    25.136     0.000
  4022.602   392.520   428.000     5.891    25.136     0.000
  4036.116   393.839   429.000     5.904    24.802     0.000
  4049.645   395.159   430.000     5.918    24.802     0.000
  4063.189   396.481   431.000     5.932    24.802     0.000
  4076.748   397.804   432.000     5.946    24.802     0.000
  4090.322   399.128   433.000     5.960    24.476     0.000
  4103.912   400.454   434.000     5.974    24.476     0.000
  4117.516   401.782   435.000     5.988    24.476     0.000
  4131.135   403.111   436.000     6.002    24.476     0.000
  4144.769   404.441   437.000     6.016    24.156     0.000
  4158.419   405.773   438.000     6.029    24.156     0.000
  4172.083   407.107   439.000     6.043    24.156     0.000
  4185.762   408.441   440.000     6.057    24.156     0.000
  4199.456   409.778   441.000     6.071    23.844     0.000
  4213.165   411.115   442.000     6.085    23.844     0.000
  4226.889   412.454   443.000     6.099    23.844     0.000
  4240.627   413.795   444.000     6.113    23.844     0.000
  4254.381   415.137   445.000     6.127    23.538     0.000
  4268.149   416.481   446.000     6.141    23.538     0.000
  4281.932   417.825   447.000     6.154    23.538     0.000
  4295.730   419.172   448.000     6.168    23.538     0.000
  4309.543   420.520   449.000     6.182    23.239     0.000
  4323.371   421.869   450.000     6.196    23.239     0.000
  4337.213   423.220   451.000     6.210    23.239     0.000
  4351.070   424.572   452.000     6.224    23.239     0.000
  4364.942   425.925   453.000     6.238    22.945     0.000
  4378.828   427.280   454.000     6.252    22.945     0.000
  4392.729   428.637   455.000     6.266    22.945     0.000
  4406.645   429.995   456.000     6.279    22.945     0.000
  4420.576   431.354   457.000     6.293    22.659     0.000
  4434.521   432.715   458.000     6.307    22.659     0.000
  4448.481   434.077   459.000     6.321    22.659     0.000
  4462.455   435.441   460.000     6.335    22.659     0.000
  4476.444   436.806   461.000     6.349    22.378     0.000
  4490.448   438.172   462.000     6.363    22.378     0.000
  4504.466   439.540   463.000     6.377    22.378     0.000
  4518.499   440.909   464.000     6.391    22.378     0.000
  4532.546   442.280   465.000     6.404    22.102     0.000
  4546.608   443.652   466.000     6.418    22.102     0.000
  4560.684   445.026   467.000     6.432    22.102     0.000
  4574.775   446.401   468.000     6.446    22.102     0.000
  4588.880   447.777   469.000     6.460    21.833     0.000
  4603.000   449.155   470.000     6.474    21.833     0.000
  4617.134   450.534   471.000     6.488    21.833     0.000
  4631.283   451.915   472.000     6.502    21.833     0.000
  4645.446   453.297   473.000     6.516    21.568     0.000
  4659.623   454.680   474.000     6.529    21.568     0.000
  4673.815   456.065   475.000     6.543    21.568     0.000
  4688.022   457.451   476.000     6.557    21.568     0.000
  4702.242   458.839   477.000     6.571    21.310     0.000
  4716.477   460.228   478.000     6.585    21.310     0.000
  4730.726   461.618   479.000     6.599    21.310     0.000
  4744.990   463.010   480.000     6.613    21.310     0.000
  4759.268   464.403   481.000     6.627    21.056     0.000
  4773.560   465.798   482.000     6.641    21.056     0.000
  4787.867   467.194   483.000     6.654    21.056     0.000
  4802.188   468.591   484.000     6.668    21.056     0.000
  4816.523   469.990   485.000     6.682    20.807     0.000
  4830.872   471.390   486.000     6.696    20.807     0.000
  4845.235   472.792   487.000     6.710    20.807     0.000
  4859.613   474.195   488.000     6.724    20.807     0.000
  4874.005   475.599   489.000     6.738    20.563     0.000
  4888.411   477.005   490.000     6.752    20.563     0.000
  4902.831   478.412   491.000     6.766    20.563     0.000
  4917.266   479.820   492.000     6.779    20.563     0.000
  4931.714   481.230   493.000     6.793    20.324     0.000
  4946.177   482.642   494.000     6.807    20.324     0.000
  4960.653   484.054   495.000     6.821    20.324     0.000
  4975.144   485.468   496.000     6.835    20.324     0.000
  4989.649   486.884   497.000     6.849    20.089     0.000
  5004.168   488.300   498.000     6.863    20.089     0.000
  5018.701   489.718   499.000     6.877    20.089     0.000
  5033.248   491.138   500.000     6.891    20.089     0.000
  5035.649   491.372   500.165     6.893    19.859     0.000
