****************************************************************************************************
----------------------------------------------------------------------------------------------------
Ambient Table:
     Depth   Amb-cur   Amb-dir   Amb-sal   Amb-tem   Amb-pol     Decay   Far-spd   Far-dir   Disprsn
       (m)     (m/s)     (deg)     (psu)       (C)    (mg/L)   (1/day)     (m/s)     (deg)(m0.67/s2)
     0.000     0.020    90.000    30.900    11.200     0.000     0.000     0.020    90.000   0.00030
     3.000     0.020    90.000    31.200    10.400     0.000     0.000     0.020    90.000   0.00030
     6.000     0.020    90.000    31.200     9.690     0.000     0.000     0.020    90.000   0.00030
     9.000     0.020    90.000    31.700     9.440     0.000     0.000     0.020    90.000   0.00030
    12.000     0.020    90.000    31.800     9.340     0.000     0.000     0.020    90.000   0.00030
    15.000     0.050    90.000    31.900     9.220     0.000     0.000     0.020    90.000   0.00030
----------------------------------------------------------------------------------------------------
Diffuser Table:
     P-dia    P-elev   V-angle   H-angle     Ports   Spacing   AcuteMZ   ChrncMZ   P-depth   Ttl-flo   Eff-sal      Temp   Polutnt
       (m)       (m)     (deg)     (deg)       ( )       (m)       (m)       (m)       (m)     (cms)     (psu)       (C)    (mg/L)
      0.30     15.00    -45.00     90.00      1.00      0.00     20.70    207.00      2.40      0.01     35.00     10.00 100000.00
----------------------------------------------------------------------------------------------------
Simulation Results:
              Dilutn     P-dia    x-posn    y-posn     Depth      Time   Net-Dil     P-Den    P-Con.     P-Sal    P-Temp  Amb-Curr    CL-Dil
      Step (FluxAvg)       (m)       (m)       (m)       (m)       (s)        ()   (kg/m3)    (mg/L)     (psu)       (C)     (m/s)        ()
         1     1.020     0.237     0.000     0.009    -2.409     0.109     1.020  1026.913 98033.401    34.924    10.011     0.020     1.000
         2     1.029     0.237     0.000     0.012    -2.413     0.154     1.029  1026.887 97177.907    34.891    10.016     0.020     1.000
         3     1.038     0.238     0.000     0.016    -2.417     0.202     1.038  1026.860 96305.154    34.858    10.021     0.020     1.000
         4     1.048     0.239     0.000     0.020    -2.421     0.250     1.048  1026.832 95415.655    34.824    10.026     0.020     1.000
         5     1.058     0.241     0.000     0.024    -2.425     0.299     1.058  1026.805 94516.287    34.789    10.031     0.020     1.000
         6     1.068     0.242     0.000     0.028    -2.430     0.349     1.068  1026.776 93608.082    34.754    10.036     0.020     1.000
         7     1.079     0.243     0.000     0.032    -2.434     0.401     1.079  1026.748 92691.306    34.719    10.041     0.020     1.000
         8     1.090     0.244     0.000     0.036    -2.439     0.453     1.090  1026.719 91765.901    34.683    10.046     0.020     1.000
         9     1.101     0.245     0.000     0.040    -2.443     0.507     1.101  1026.691 90831.751    34.647    10.051     0.020     1.000
        10     1.112     0.246     0.000     0.044    -2.448     0.562     1.112  1026.661 89888.720    34.611    10.056     0.020     1.000
        11     1.124     0.248     0.000     0.048    -2.453     0.618     1.124  1026.632 88936.667    34.574    10.061     0.020     1.000
        12     1.137     0.249     0.000     0.053    -2.458     0.675     1.137  1026.602 87975.451    34.537    10.066     0.020     1.000
        13     1.149     0.250     0.000     0.057    -2.464     0.734     1.149  1026.572 87004.928    34.500    10.072     0.020     1.000
        14     1.162     0.252     0.000     0.061    -2.469     0.794     1.162  1026.542 86024.956    34.462    10.077     0.020     1.000
        15     1.176     0.253     0.000     0.066    -2.475     0.856     1.176  1026.511 85035.392    34.424    10.082     0.020     1.000
        16     1.190     0.255     0.000     0.070    -2.481     0.919     1.190  1026.481 84036.093    34.386    10.088     0.020     1.000
        17     1.204     0.256     0.000     0.075    -2.487     0.985     1.204  1026.449 83026.915    34.347    10.093     0.020     1.000
        18     1.219     0.258     0.000     0.080    -2.493     1.051     1.219  1026.418 82007.715    34.308    10.099     0.020     1.000
        19     1.235     0.260     0.000     0.085    -2.499     1.120     1.235  1026.386 80978.349    34.268    10.104     0.020     1.000
        20     1.251     0.261     0.000     0.090    -2.506     1.190     1.251  1026.354 79938.672    34.228    10.110     0.020     1.000
        21     1.268     0.263     0.000     0.095    -2.513     1.263     1.268  1026.322 78888.540    34.188    10.115     0.020     1.000
        22     1.285     0.265     0.000     0.100    -2.520     1.337     1.285  1026.289 77827.809    34.147    10.121     0.020     1.000
        23     1.303     0.267     0.000     0.105    -2.527     1.414     1.303  1026.256 76756.334    34.106    10.126     0.020     1.000
        24     1.321     0.269     0.000     0.110    -2.535     1.493     1.321  1026.223 75673.969    34.065    10.132     0.020     1.000
        25     1.341     0.271     0.000     0.115    -2.542     1.574     1.341  1026.189 74580.568    34.023    10.138     0.020     1.000
        26     1.361     0.273     0.000     0.121    -2.550     1.658     1.361  1026.155 73475.984    33.980    10.143     0.020     1.000
        27     1.382     0.275     0.000     0.127    -2.559     1.745     1.382  1026.121 72360.071    33.937    10.149     0.020     1.000
        28     1.404     0.277     0.000     0.132    -2.568     1.835     1.404  1026.086 71232.678    33.894    10.155     0.020     1.000
        29     1.427     0.279     0.000     0.138    -2.577     1.927     1.427  1026.051 70093.657    33.850    10.161     0.020     1.000
        30     1.450     0.282     0.000     0.144    -2.586     2.023     1.450  1026.016 68942.856    33.806    10.167     0.020     1.000
        31     1.475     0.284     0.000     0.150    -2.596     2.122     1.475  1025.980 67780.121    33.762    10.172     0.020     1.000
        32     1.501     0.287     0.000     0.157    -2.606     2.225     1.501  1025.944 66605.297    33.717    10.178     0.020     1.000
        33     1.529     0.290     0.000     0.163    -2.616     2.332     1.529  1025.907 65418.226    33.671    10.184     0.020     1.000
        34     1.557     0.293     0.000     0.170    -2.627     2.442     1.557  1025.871 64218.744    33.625    10.190     0.020     1.000
        35     1.587     0.296     0.000     0.177    -2.639     2.557     1.587  1025.833 63006.686    33.579    10.196     0.020     1.000
        36     1.619     0.299     0.000     0.184    -2.651     2.677     1.619  1025.796 61781.880    33.532    10.202     0.020     1.000
        37     1.651     0.302     0.000     0.191    -2.663     2.799     1.651  1025.759 60568.278    33.486    10.207     0.020     1.000
        38     1.684     0.305     0.000     0.198    -2.675     2.923     1.684  1025.722 59378.559    33.440    10.213     0.020     1.000
        39     1.718     0.308     0.000     0.205    -2.688     3.047     1.718  1025.687 58212.251    33.395    10.219     0.020     1.000
        40     1.752     0.312     0.000     0.212    -2.700     3.174     1.752  1025.652 57068.893    33.352    10.224     0.020     1.000
        41     1.787     0.315     0.000     0.219    -2.713     3.301     1.787  1025.618 55948.030    33.309    10.229     0.020     1.000
        42     1.823     0.319     0.000     0.226    -2.726     3.430     1.823  1025.584 54849.219    33.267    10.234     0.020     1.000
        43     1.860     0.322     0.000     0.233    -2.739     3.560     1.860  1025.551 53772.025    33.226    10.239     0.020     1.000
        44     1.897     0.326     0.000     0.239    -2.752     3.692     1.897  1025.519 52716.020    33.186    10.243     0.020     1.000
        45     1.935     0.329     0.000     0.246    -2.766     3.825     1.935  1025.488 51680.788    33.146    10.248     0.020     1.000
        46     1.974     0.333     0.000     0.253    -2.779     3.959     1.974  1025.457 50665.917    33.108    10.252     0.020     1.000
        47     2.013     0.337     0.000     0.260    -2.793     4.096     2.013  1025.427 49671.006    33.070    10.256     0.020     1.007
        48     2.054     0.341     0.000     0.267    -2.807     4.233     2.054  1025.397 48695.662    33.033    10.260     0.020     1.027
        49     2.095     0.344     0.000     0.274    -2.821     4.373     2.095  1025.368 47739.498    32.996    10.264     0.020     1.047
        50     2.137     0.348     0.000     0.281    -2.835     4.514     2.137  1025.340 46802.137    32.961    10.267     0.020     1.068
        51     2.179     0.352     0.000     0.288    -2.849     4.657     2.179  1025.312 45883.206    32.926    10.271     0.020     1.090
        52     2.223     0.356     0.000     0.295    -2.864     4.802     2.223  1025.285 44982.344    32.892    10.274     0.020     1.112
        53     2.268     0.360     0.000     0.302    -2.878     4.948     2.268  1025.259 44099.194    32.858    10.278     0.020     1.134
        54     2.313     0.365     0.000     0.309    -2.893     5.096     2.313  1025.233 43233.406    32.825    10.281     0.020     1.157
        55     2.359     0.369     0.000     0.316    -2.908     5.246     2.359  1025.207 42384.638    32.793    10.284     0.020     1.180
        56     2.407     0.373     0.000     0.323    -2.923     5.398     2.407  1025.182 41552.556    32.762    10.287     0.020     1.203
        57     2.455     0.377     0.000     0.330    -2.939     5.552     2.455  1025.158 40736.829    32.731    10.289     0.020     1.227
        58     2.504     0.382     0.000     0.337    -2.954     5.708     2.504  1025.134 39937.137    32.701    10.292     0.020     1.252
        59     2.554     0.386     0.000     0.344    -2.970     5.866     2.554  1025.110 39153.162    32.671    10.294     0.020     1.277
        60     2.605     0.391     0.000     0.351    -2.986     6.026     2.605  1025.088 38384.595    32.642    10.297     0.020     1.303
        61     2.657     0.395     0.000     0.358    -3.002     6.188     2.657  1025.065 37631.133    32.614    10.299     0.020     1.329
        62     2.711     0.400     0.000     0.365    -3.018     6.352     2.711  1025.043 36892.478    32.586    10.301     0.020     1.355
        63     2.765     0.405     0.000     0.372    -3.034     6.519     2.765  1025.022 36168.339    32.559    10.303     0.020     1.382
        64     2.820     0.409     0.000     0.379    -3.051     6.687     2.820  1025.001 35458.428    32.532    10.305     0.020     1.410
        65     2.877     0.414     0.000     0.386    -3.067     6.858     2.877  1024.980 34762.466    32.506    10.306     0.020     1.438
        66     2.934     0.419     0.000     0.393    -3.084     7.031     2.934  1024.960 34080.177    32.481    10.308     0.020     1.467
        67     2.993     0.424     0.000     0.400    -3.101     7.207     2.993  1024.940 33411.293    32.456    10.309     0.020     1.496
        68     3.053     0.429     0.000     0.407    -3.119     7.384     3.053  1024.921 32755.551    32.431    10.311     0.020     1.526
        69     3.114     0.434     0.000     0.415    -3.136     7.565     3.114  1024.902 32112.690    32.407    10.312     0.020     1.557
        70     3.176     0.439     0.000     0.422    -3.154     7.747     3.176  1024.883 31482.458    32.383    10.313     0.020     1.588
        71     3.240     0.445     0.000     0.429    -3.172     7.933     3.240  1024.865 30864.606    32.360    10.314     0.020     1.620
        72     3.305     0.450     0.000     0.436    -3.190     8.121     3.305  1024.847 30258.891    32.337    10.315     0.020     1.652
        73     3.371     0.455     0.000     0.444    -3.208     8.311     3.371  1024.830 29665.073    32.315    10.316     0.020     1.685
        74     3.438     0.461     0.000     0.451    -3.226     8.504     3.438  1024.812 29082.919    32.293    10.317     0.020     1.719
        75     3.507     0.466     0.000     0.458    -3.245     8.700     3.507  1024.796 28512.199    32.272    10.318     0.020     1.754
        76     3.577     0.472     0.000     0.466    -3.264     8.898     3.577  1024.779 27952.688    32.251    10.318     0.020     1.789
        77     3.649     0.477     0.000     0.473    -3.283     9.099     3.649  1024.763 27404.165    32.230    10.319     0.020     1.825
        78     3.722     0.483     0.000     0.481    -3.302     9.303     3.722  1024.747 26866.415    32.210    10.319     0.020     1.861
        79     3.797     0.489     0.000     0.488    -3.322     9.510     3.797  1024.732 26339.226    32.190    10.319     0.020     1.898
        80     3.873     0.495     0.000     0.496    -3.341     9.720     3.873  1024.717 25822.389    32.171    10.319     0.020     1.936
        81     3.950     0.501     0.000     0.503    -3.361     9.933     3.950  1024.702 25315.702    32.152    10.320     0.020     1.975
        82     4.029     0.507     0.000     0.511    -3.381    10.148     4.029  1024.687 24818.964    32.133    10.320     0.020     2.015
        83     4.110     0.513     0.000     0.519    -3.401    10.367     4.110  1024.673 24331.980    32.115    10.319     0.020     2.055
        84     4.192     0.519     0.000     0.527    -3.422    10.589     4.192  1024.659 23854.559    32.097    10.319     0.020     2.096
        85     4.276     0.525     0.000     0.534    -3.442    10.814     4.276  1024.646 23386.512    32.079    10.319     0.020     2.138
        86     4.362     0.532     0.000     0.542    -3.463    11.042     4.362  1024.632 22927.654    32.062    10.319     0.020     2.181
        87     4.449     0.538     0.000     0.550    -3.484    11.274     4.449  1024.619 22477.806    32.045    10.318     0.020     2.224
        88     4.538     0.545     0.000     0.558    -3.506    11.509     4.538  1024.607 22036.789    32.028    10.318     0.020     2.269
        89     4.629     0.551     0.000     0.566    -3.527    11.747     4.629  1024.594 21604.431    32.012    10.317     0.020     2.314
        90     4.721     0.558     0.000     0.574    -3.549    11.989     4.721  1024.582 21180.561    31.996    10.316     0.020     2.361
        91     4.816     0.565     0.000     0.582    -3.571    12.234     4.816  1024.570 20765.013    31.981    10.315     0.020     2.408
        92     4.912     0.572     0.000     0.590    -3.593    12.482     4.912  1024.558 20357.622    31.965    10.315     0.020     2.456
        93     5.010     0.579     0.000     0.598    -3.616    12.734     5.010  1024.546 19958.229    31.950    10.314     0.020     2.505
        94     5.111     0.586     0.000     0.606    -3.639    12.990     5.111  1024.535 19566.676    31.936    10.313     0.020     2.555
        95     5.213     0.593     0.000     0.615    -3.661    13.250     5.213  1024.524 19182.810    31.921    10.311     0.020     2.607
        96     5.317     0.600     0.000     0.623    -3.685    13.513     5.317  1024.513 18806.478    31.907    10.310     0.020     2.659
        97     5.424     0.608     0.000     0.631    -3.708    13.780     5.424  1024.503 18437.534    31.893    10.309     0.020     2.712
        98     5.532     0.615     0.000     0.640    -3.732    14.052     5.532  1024.493 18075.831    31.880    10.307     0.020     2.766
        99     5.643     0.623     0.000     0.648    -3.756    14.327     5.643  1024.482 17721.228    31.866    10.306     0.020     2.821
       100     5.756     0.630     0.000     0.657    -3.780    14.606     5.756  1024.473 17373.585    31.853    10.304     0.020     2.878
       101     5.871     0.638     0.000     0.666    -3.804    14.889     5.871  1024.463 17032.766    31.840    10.303     0.020     2.936
       102     5.989     0.646     0.000     0.674    -3.829    15.176     5.989  1024.453 16698.635    31.828    10.301     0.020     2.994
       103     6.108     0.654     0.000     0.683    -3.853    15.467     6.108  1024.444 16371.063    31.816    10.299     0.020     3.054
       104     6.231     0.662     0.000     0.692    -3.879    15.763     6.231  1024.435 16049.920    31.803    10.297     0.020     3.115
       105     6.355     0.670     0.000     0.701    -3.904    16.063     6.355  1024.426 15735.079    31.792    10.295     0.020     3.178
       106     6.482     0.679     0.000     0.710    -3.930    16.368     6.482  1024.417 15426.417    31.780    10.293     0.020     3.241
       107     6.612     0.687     0.000     0.719    -3.955    16.677     6.612  1024.409 15123.813    31.769    10.291     0.020     3.306
       108     6.744     0.696     0.000     0.728    -3.982    16.991     6.744  1024.401 14827.148    31.757    10.289     0.020     3.372
       109     6.879     0.704     0.000     0.738    -4.008    17.309     6.879  1024.393 14536.304    31.747    10.287     0.020     3.440
       110     7.017     0.713     0.000     0.747    -4.035    17.632     7.017  1024.385 14251.168    31.736    10.285     0.020     3.508
       111     7.157     0.722     0.000     0.756    -4.062    17.960     7.157  1024.377 13971.628    31.725    10.282     0.020     3.579
       112     7.301     0.731     0.000     0.766    -4.089    18.292     7.301  1024.369 13697.573    31.715    10.280     0.020     3.650
       113     7.447     0.740     0.000     0.775    -4.116    18.630     7.447  1024.362 13428.895    31.705    10.277     0.020     3.723
       114     7.596     0.749     0.000     0.785    -4.144    18.973     7.596  1024.355 13165.491    31.695    10.274     0.020     3.798
       115     7.748     0.759     0.000     0.795    -4.172    19.321     7.748  1024.347 12907.254    31.685    10.272     0.020     3.874
       116     7.903     0.768     0.000     0.805    -4.200    19.674     7.903  1024.341 12654.085    31.676    10.269     0.020     3.951
       117     8.061     0.778     0.000     0.815    -4.229    20.032     8.061  1024.334 12405.884    31.666    10.266     0.020     4.030
       118     8.222     0.788     0.000     0.825    -4.258    20.396     8.222  1024.327 12162.553    31.657    10.263     0.020     4.111
       119     8.386     0.797     0.000     0.835    -4.287    20.765     8.386  1024.321 11923.996    31.648    10.260     0.020     4.193
       120     8.554     0.808     0.000     0.845    -4.316    21.140     8.554  1024.314 11690.120    31.640    10.257     0.020     4.277
       121     8.725     0.818     0.000     0.855    -4.346    21.520     8.725  1024.308 11460.833    31.631    10.254     0.020     4.363
       122     8.900     0.828     0.000     0.866    -4.376    21.906     8.900  1024.302 11236.045    31.623    10.251     0.020     4.450
       123     9.078     0.838     0.000     0.876    -4.406    22.298     9.078  1024.296 11015.667    31.614    10.247     0.020     4.539
       124     9.260     0.849     0.000     0.887    -4.437    22.696     9.260  1024.291 10799.613    31.606    10.244     0.020     4.630
       125     9.445     0.860     0.000     0.898    -4.468    23.100     9.445  1024.285 10587.797    31.598    10.240     0.020     4.722
       126     9.634     0.871     0.000     0.908    -4.499    23.510     9.634  1024.279 10380.138    31.590    10.237     0.020     4.817
       127     9.827     0.882     0.000     0.919    -4.530    23.926     9.827  1024.274 10176.553    31.583    10.233     0.020     4.913
       128    10.023     0.893     0.000     0.930    -4.562    24.349    10.023  1024.269  9976.962    31.575    10.230     0.020     5.012
       129    10.224     0.904     0.000     0.942    -4.594    24.778    10.224  1024.264  9781.286    31.568    10.226     0.020     5.112
       130    10.428     0.916     0.000     0.953    -4.626    25.214    10.428  1024.259  9589.450    31.561    10.222     0.020     5.214
       131    10.637     0.928     0.000     0.964    -4.659    25.656    10.637  1024.254  9401.377    31.554    10.218     0.020     5.318
       132    10.850     0.940     0.000     0.976    -4.692    26.106    10.850  1024.249  9216.994    31.547    10.214     0.020     5.425
       133    11.067     0.952     0.000     0.988    -4.725    26.562    11.067  1024.245  9036.228    31.540    10.210     0.020     5.533
       134    11.288     0.964     0.000     0.999    -4.759    27.025    11.288  1024.240  8859.008    31.533    10.206     0.020     5.644
       135    11.514     0.976     0.000     1.011    -4.793    27.495    11.514  1024.236  8685.265    31.527    10.202     0.020     5.757
       136    11.744     0.989     0.000     1.023    -4.827    27.973    11.744  1024.231  8514.930    31.520    10.197     0.020     5.872
       137    11.979     1.002     0.000     1.036    -4.862    28.458    11.979  1024.227  8347.936    31.514    10.193     0.020     5.990
       138    12.219     1.015     0.000     1.048    -4.896    28.950    12.219  1024.223  8184.219    31.508    10.189     0.020     6.109
       139    12.463     1.028     0.000     1.060    -4.932    29.450    12.463  1024.219  8023.713    31.502    10.184     0.020     6.232
       140    12.712     1.041     0.000     1.073    -4.967    29.958    12.712  1024.215  7866.356    31.496    10.180     0.020     6.356
       141    12.967     1.055     0.000     1.086    -5.003    30.474    12.967  1024.212  7712.086    31.490    10.175     0.020     6.483
       142    13.226     1.068     0.000     1.099    -5.039    30.998    13.226  1024.208  7560.841    31.484    10.170     0.020     6.613
       143    13.491     1.082     0.000     1.112    -5.076    31.531    13.491  1024.205  7412.564    31.479    10.165     0.020     6.745
       144    13.760     1.097     0.000     1.125    -5.113    32.071    13.760  1024.201  7267.195    31.473    10.161     0.020     6.880
       145    14.036     1.111     0.000     1.139    -5.150    32.620    14.036  1024.198  7124.678    31.468    10.156     0.020     7.018
       146    14.316     1.125     0.000     1.152    -5.187    33.178    14.316  1024.194  6984.956    31.463    10.151     0.020     7.158
       147    14.603     1.140     0.000     1.166    -5.225    33.745    14.603  1024.191  6847.975    31.458    10.146     0.020     7.301
       148    14.895     1.155     0.000     1.180    -5.263    34.320    14.895  1024.188  6713.681    31.452    10.140     0.020     7.447
       149    15.193     1.171     0.000     1.194    -5.302    34.905    15.193  1024.185  6582.021    31.448    10.135     0.020     7.596
       150    15.497     1.186     0.000     1.208    -5.341    35.499    15.497  1024.182  6452.943    31.443    10.130     0.020     7.748
       151    15.807     1.202     0.000     1.223    -5.380    36.103    15.807  1024.180  6326.398    31.438    10.124     0.020     7.903
       152    16.123     1.218     0.000     1.237    -5.419    36.716    16.123  1024.177  6202.334    31.433    10.119     0.020     8.061
       153    16.445     1.234     0.000     1.252    -5.459    37.339    16.445  1024.174  6080.704    31.429    10.113     0.020     8.223
       154    16.774     1.251     0.000     1.267    -5.499    37.973    16.774  1024.172  5961.460    31.424    10.108     0.020     8.387
       155    17.110     1.268     0.000     1.282    -5.540    38.616    17.110  1024.169  5844.554    31.420    10.102     0.020     8.555
       156    17.452     1.285     0.000     1.298    -5.581    39.270    17.452  1024.167  5729.941    31.415    10.096     0.020     8.726
       157    17.801     1.302     0.000     1.313    -5.622    39.935    17.801  1024.164  5617.577    31.411    10.091     0.020     8.901
       158    18.157     1.320     0.000     1.329    -5.664    40.610    18.157  1024.162  5507.416    31.407    10.085     0.020     9.079
       159    18.521     1.338     0.000     1.345    -5.706    41.296    18.521  1024.160  5399.416    31.403    10.079     0.020     9.260
       160    18.891     1.356     0.000     1.361    -5.748    41.994    18.891  1024.158  5293.534    31.399    10.073     0.020     9.445
       161    19.269     1.375     0.000     1.378    -5.790    42.703    19.269  1024.156  5189.729    31.395    10.067     0.020     9.634
       162    19.654     1.394     0.000     1.395    -5.833    43.424    19.654  1024.154  5087.960    31.391    10.060     0.020     9.827
       163    20.047     1.413     0.000     1.412    -5.877    44.157    20.047  1024.152  4988.187    31.388    10.054     0.020    10.024
       164    20.448     1.432     0.000     1.429    -5.920    44.902    20.448  1024.150  4890.371    31.384    10.048     0.020    10.224
       165    20.857     1.452     0.000     1.446    -5.964    45.659    20.857  1024.148  4794.473    31.380    10.041     0.020    10.429
       166    21.275     1.473     0.000     1.464    -6.009    46.429    21.275  1024.147  4700.456    31.377    10.035     0.020    10.637
       167    21.700     1.493     0.000     1.482    -6.053    47.213    21.700  1024.145  4608.283    31.373    10.028     0.020    10.850
       168    22.134     1.514     0.000     1.500    -6.098    48.009    22.134  1024.144  4517.918    31.370    10.021     0.020    11.067
       169    22.577     1.536     0.000     1.518    -6.144    48.819    22.577  1024.142  4429.325    31.367    10.015     0.020    11.288
       170    23.028     1.558     0.000     1.537    -6.189    49.642    23.028  1024.141  4342.471    31.364    10.008     0.020    11.514
       171    23.489     1.581     0.000     1.556    -6.235    50.480    23.489  1024.140  4257.320    31.361    10.002     0.020    11.744
       172    23.959     1.605     0.000     1.575    -6.281    51.332    23.959  1024.139  4173.839    31.359     9.995     0.020    11.979
       173    24.438     1.630     0.000     1.595    -6.327    52.199    24.438  1024.138  4091.996    31.356     9.989     0.020    12.219
       174    24.927     1.656     0.000     1.615    -6.374    53.080    24.927  1024.138  4011.758    31.354     9.983     0.020    12.463
       175    25.425     1.683     0.000     1.635    -6.420    53.978    25.425  1024.137  3933.094    31.352     9.976     0.020    12.713
       176    25.934     1.712     0.000     1.655    -6.466    54.893    25.934  1024.137  3855.973    31.350     9.970     0.020    12.967
       177    26.452     1.741     0.000     1.676    -6.513    55.825    26.452  1024.137  3780.365    31.349     9.964     0.020    13.226
       178    26.982     1.772     0.000     1.697    -6.560    56.775    26.982  1024.136  3706.240    31.347     9.958     0.020    13.491
---------------------------- Plume traps -----------------------------
       179    27.521     1.804     0.000     1.719    -6.606    57.743    27.521  1024.137  3633.569    31.346     9.952     0.020    13.761
       180    28.070     1.837     0.000     1.741    -6.652    58.727    28.070  1024.137  3562.493    31.345     9.946     0.020    14.035
       181    28.585     1.871     0.000     1.761    -6.695    59.650    28.585  1024.137  3498.319    31.344     9.940     0.020    14.293
       182    29.072     1.903     0.000     1.780    -6.734    60.516    29.072  1024.137  3439.785    31.344     9.935     0.020    14.536
       183    29.526     1.935     0.000     1.798    -6.769    61.322    29.526  1024.138  3386.806    31.343     9.931     0.020    14.763
       184    29.956     1.965     0.000     1.815    -6.802    62.082    29.956  1024.138  3338.208    31.343     9.926     0.020    14.978
       185    30.363     1.994     0.000     1.831    -6.833    62.800    30.363  1024.139  3293.442    31.343     9.922     0.020    15.182
       186    30.751     2.022     0.000     1.846    -6.861    63.482    30.751  1024.139  3251.874    31.343     9.918     0.020    15.376
       187    31.123     2.050     0.000     1.860    -6.888    64.132    31.123  1024.140  3213.109    31.343     9.915     0.020    15.561
       188    31.478     2.077     0.000     1.874    -6.913    64.754    31.478  1024.140  3176.780    31.343     9.911     0.020    15.739
       189    31.821     2.103     0.000     1.887    -6.936    65.350    31.821  1024.141  3142.614    31.343     9.908     0.020    15.910
       190    32.151     2.129     0.000     1.899    -6.959    65.923    32.151  1024.141  3110.368    31.343     9.905     0.020    16.075
       191    32.469     2.155     0.000     1.911    -6.980    66.474    32.469  1024.142  3079.847    31.343     9.902     0.020    16.235
       192    32.777     2.180     0.000     1.923    -6.999    67.006    32.777  1024.143  3050.878    31.343     9.900     0.020    16.389
       193    33.076     2.204     0.000     1.934    -7.018    67.519    33.076  1024.143  3023.314    31.343     9.897     0.020    16.538
       194    33.366     2.228     0.000     1.945    -7.036    68.014    33.366  1024.144  2997.027    31.343     9.894     0.020    16.683
       195    33.648     2.252     0.000     1.956    -7.053    68.494    33.648  1024.144  2971.905    31.344     9.892     0.020    16.824
       196    33.923     2.276     0.000     1.966    -7.069    68.958    33.923  1024.145  2947.849    31.344     9.890     0.020    16.962
       197    34.191     2.299     0.000     1.976    -7.085    69.409    34.191  1024.145  2924.773    31.344     9.887     0.020    17.095
       198    34.452     2.321     0.000     1.985    -7.100    69.846    34.452  1024.146  2902.597    31.344     9.885     0.020    17.226
       199    34.707     2.344     0.000     1.994    -7.114    70.271    34.707  1024.147  2881.254    31.345     9.883     0.020    17.354
       200    34.957     2.366     0.000     2.003    -7.127    70.684    34.957  1024.147  2860.680    31.345     9.881     0.020    17.478
       201    35.190     2.388     0.000     2.012    -7.140    71.086    35.190  1024.148  2841.739    31.345     9.879     0.020    17.595
       202    35.415     2.409     0.000     2.021    -7.153    71.485    35.415  1024.148  2823.683    31.346     9.877     0.020    17.707
       203    35.628     2.429     0.000     2.029    -7.165    71.879    35.628  1024.149  2806.787    31.346     9.876     0.020    17.814
       204    35.833     2.449     0.000     2.038    -7.177    72.269    35.833  1024.149  2790.717    31.346     9.874     0.020    17.917
       205    36.028     2.469     0.000     2.046    -7.189    72.654    36.028  1024.150  2775.596    31.346     9.873     0.020    18.014
       206    36.215     2.488     0.000     2.054    -7.200    73.035    36.215  1024.150  2761.263    31.347     9.871     0.020    18.108
       207    36.393     2.507     0.000     2.063    -7.211    73.411    36.393  1024.150  2747.745    31.347     9.870     0.020    18.197
       208    36.564     2.525     0.000     2.071    -7.222    73.782    36.564  1024.151  2734.951    31.347     9.869     0.020    18.282
       209    36.726     2.544     0.000     2.079    -7.232    74.147    36.726  1024.151  2722.866    31.347     9.867     0.020    18.363
       210    36.881     2.561     0.000     2.086    -7.242    74.508    36.881  1024.152  2711.432    31.348     9.866     0.020    18.440
       211    37.029     2.579     0.000     2.094    -7.252    74.863    37.029  1024.152  2700.621    31.348     9.865     0.020    18.514
       212    37.169     2.596     0.000     2.102    -7.262    75.214    37.169  1024.152  2690.390    31.348     9.864     0.020    18.585
       213    37.304     2.613     0.000     2.109    -7.271    75.559    37.304  1024.153  2680.708    31.348     9.863     0.020    18.652
       214    37.432     2.629     0.000     2.117    -7.280    75.899    37.432  1024.153  2671.539    31.348     9.862     0.020    18.716
       215    37.554     2.645     0.000     2.124    -7.289    76.234    37.554  1024.153  2662.854    31.349     9.861     0.020    18.777
       216    37.670     2.661     0.000     2.131    -7.297    76.563    37.670  1024.153  2654.623    31.349     9.860     0.020    18.835
       217    37.781     2.677     0.000     2.138    -7.305    76.888    37.781  1024.154  2646.818    31.349     9.859     0.020    18.891
       218    37.887     2.692     0.000     2.145    -7.313    77.207    37.887  1024.154  2639.415    31.349     9.859     0.020    18.944
       219    37.988     2.707     0.000     2.152    -7.321    77.522    37.988  1024.154  2632.388    31.349     9.858     0.020    18.994
       220    38.085     2.722     0.000     2.158    -7.329    77.831    38.085  1024.155  2625.714    31.350     9.857     0.020    19.042
       221    38.177     2.736     0.000     2.165    -7.336    78.136    38.177  1024.155  2619.373    31.350     9.857     0.020    19.089
       222    38.265     2.751     0.000     2.171    -7.343    78.436    38.265  1024.155  2613.343    31.350     9.856     0.020    19.133
       223    38.349     2.765     0.000     2.178    -7.350    78.731    38.349  1024.155  2607.608    31.350     9.855     0.020    19.175
       224    38.430     2.778     0.000     2.184    -7.356    79.021    38.430  1024.155  2602.148    31.350     9.855     0.020    19.215
       225    38.507     2.792     0.000     2.190    -7.363    79.307    38.507  1024.156  2596.947    31.350     9.854     0.020    19.253
       226    38.580     2.805     0.000     2.196    -7.369    79.589    38.580  1024.156  2591.991    31.351     9.854     0.020    19.290
       227    38.651     2.818     0.000     2.202    -7.375    79.866    38.651  1024.156  2587.265    31.351     9.853     0.020    19.325
       228    38.718     2.831     0.000     2.208    -7.381    80.139    38.718  1024.156  2582.754    31.351     9.853     0.020    19.359
       229    38.783     2.844     0.000     2.214    -7.387    80.407    38.783  1024.156  2578.448    31.351     9.852     0.020    19.392
       230    38.845     2.856     0.000     2.220    -7.392    80.672    38.845  1024.157  2574.334    31.351     9.852     0.020    19.423
       231    38.904     2.869     0.000     2.225    -7.398    80.933    38.904  1024.157  2570.401    31.351     9.851     0.020    19.452
       232    38.961     2.881     0.000     2.231    -7.403    81.189    38.961  1024.157  2566.639    31.351     9.851     0.020    19.481
       233    39.016     2.893     0.000     2.236    -7.408    81.442    39.016  1024.157  2563.038    31.351     9.851     0.020    19.508
       234    39.069     2.904     0.000     2.242    -7.413    81.691    39.069  1024.157  2559.589    31.352     9.850     0.020    19.534
       235    39.119     2.916     0.000     2.247    -7.418    81.937    39.119  1024.157  2556.285    31.352     9.850     0.020    19.560
       236    39.168     2.927     0.000     2.252    -7.422    82.179    39.168  1024.157  2553.117    31.352     9.849     0.020    19.584
       237    39.214     2.939     0.000     2.257    -7.427    82.418    39.214  1024.158  2550.078    31.352     9.849     0.020    19.607
       238    39.259     2.950     0.000     2.263    -7.431    82.653    39.259  1024.158  2547.161    31.352     9.849     0.020    19.630
       239    39.303     2.961     0.000     2.268    -7.436    82.885    39.303  1024.158  2544.360    31.352     9.848     0.020    19.651
       240    39.344     2.971     0.000     2.272    -7.440    83.114    39.344  1024.158  2541.668    31.352     9.848     0.020    19.672
       241    39.384     2.982     0.000     2.277    -7.444    83.339    39.384  1024.158  2539.081    31.352     9.848     0.020    19.692
       242    39.423     2.992     0.000     2.282    -7.448    83.562    39.423  1024.158  2536.592    31.352     9.848     0.020    19.711
       243    39.460     3.003     0.000     2.287    -7.451    83.782    39.460  1024.158  2534.197    31.352     9.847     0.020    19.730
       244    39.496     3.013     0.000     2.292    -7.455    83.998    39.496  1024.158  2531.892    31.352     9.847     0.020    19.748
       245    39.531     3.023     0.000     2.296    -7.459    84.212    39.531  1024.159  2529.671    31.353     9.847     0.020    19.765
       246    39.564     3.033     0.000     2.301    -7.462    84.424    39.564  1024.159  2527.531    31.353     9.847     0.020    19.782
       247    39.597     3.042     0.000     2.305    -7.466    84.632    39.597  1024.159  2525.468    31.353     9.846     0.020    19.798
       248    39.628     3.052     0.000     2.310    -7.469    84.838    39.628  1024.159  2523.478    31.353     9.846     0.020    19.814
       249    39.658     3.061     0.000     2.314    -7.472    85.042    39.658  1024.159  2521.558    31.353     9.846     0.020    19.829
       250    39.687     3.070     0.000     2.318    -7.475    85.243    39.687  1024.159  2519.705    31.353     9.846     0.020    19.844
       251    39.715     3.080     0.000     2.323    -7.479    85.442    39.715  1024.159  2517.915    31.353     9.846     0.020    19.858
       252    39.743     3.089     0.000     2.327    -7.482    85.638    39.743  1024.159  2516.187    31.353     9.845     0.020    19.871
       253    39.769     3.098     0.000     2.331    -7.484    85.832    39.769  1024.159  2514.516    31.353     9.845     0.020    19.885
       254    39.795     3.106     0.000     2.335    -7.487    86.024    39.795  1024.159  2512.902    31.353     9.845     0.020    19.897
       255    39.819     3.115     0.000     2.339    -7.490    86.214    39.819  1024.159  2511.340    31.353     9.845     0.020    19.910
       256    39.843     3.123     0.000     2.343    -7.493    86.401    39.843  1024.159  2509.829    31.353     9.845     0.020    19.922
       257    39.867     3.132     0.000     2.347    -7.495    86.587    39.867  1024.160  2508.368    31.353     9.845     0.020    19.933
       258    39.889     3.140     0.000     2.351    -7.498    86.770    39.889  1024.160  2506.953    31.353     9.844     0.020    19.945
       259    39.911     3.148     0.000     2.355    -7.500    86.952    39.911  1024.160  2505.583    31.353     9.844     0.020    19.955
       260    39.932     3.156     0.000     2.359    -7.503    87.132    39.932  1024.160  2504.257    31.353     9.844     0.020    19.966
       261    39.953     3.164     0.000     2.363    -7.505    87.310    39.953  1024.160  2502.972    31.354     9.844     0.020    19.976
       262    39.972     3.172     0.000     2.367    -7.507    87.486    39.972  1024.160  2501.726    31.354     9.844     0.020    19.986
       263    39.992     3.180     0.000     2.371    -7.510    87.661    39.992  1024.160  2500.519    31.354     9.844     0.020    19.996
       264    40.010     3.187     0.000     2.374    -7.512    87.833    40.010  1024.160  2499.349    31.354     9.844     0.020    20.005
       265    40.029     3.194     0.000     2.378    -7.514    88.004    40.029  1024.160  2498.215    31.354     9.843     0.020    20.014
       266    40.046     3.202     0.000     2.382    -7.516    88.174    40.046  1024.160  2497.114    31.354     9.843     0.020    20.023
       267    40.063     3.209     0.000     2.385    -7.518    88.342    40.063  1024.160  2496.047    31.354     9.843     0.020    20.032
       268    40.080     3.216     0.000     2.389    -7.520    88.508    40.080  1024.160  2495.011    31.354     9.843     0.020    20.040
       269    40.096     3.223     0.000     2.392    -7.522    88.673    40.096  1024.160  2494.006    31.354     9.843     0.020    20.048
       270    40.112     3.230     0.000     2.396    -7.524    88.836    40.112  1024.160  2493.031    31.354     9.843     0.020    20.056
       271    40.127     3.237     0.000     2.399    -7.526    88.998    40.127  1024.160  2492.084    31.354     9.843     0.020    20.064
       272    40.142     3.243     0.000     2.403    -7.527    89.159    40.142  1024.160  2491.165    31.354     9.843     0.020    20.071
       273    40.156     3.250     0.000     2.406    -7.529    89.318    40.156  1024.160  2490.273    31.354     9.843     0.020    20.078
       274    40.170     3.256     0.000     2.410    -7.531    89.476    40.170  1024.160  2489.406    31.354     9.842     0.020    20.085
       275    40.184     3.263     0.000     2.413    -7.532    89.633    40.184  1024.160  2488.565    31.354     9.842     0.020    20.092
       276    40.197     3.269     0.000     2.416    -7.534    89.789    40.197  1024.161  2487.747    31.354     9.842     0.020    20.099
       277    40.210     3.275     0.000     2.420    -7.536    89.943    40.210  1024.161  2486.953    31.354     9.842     0.020    20.105
       278    40.222     3.281     0.000     2.423    -7.537    90.096    40.222  1024.161  2486.182    31.354     9.842     0.020    20.111
       279    40.234     3.287     0.000     2.426    -7.539    90.248    40.234  1024.161  2485.433    31.354     9.842     0.020    20.117
       280    40.246     3.293     0.000     2.430    -7.540    90.399    40.246  1024.161  2484.705    31.354     9.842     0.020    20.123
       281    40.258     3.298     0.000     2.433    -7.541    90.549    40.258  1024.161  2483.998    31.354     9.842     0.020    20.129
       282    40.269     3.304     0.000     2.436    -7.543    90.697    40.269  1024.161  2483.311    31.354     9.842     0.020    20.134
       283    40.280     3.309     0.000     2.439    -7.544    90.845    40.280  1024.161  2482.643    31.354     9.842     0.020    20.140
       284    40.290     3.315     0.000     2.442    -7.545    90.992    40.290  1024.161  2481.995    31.354     9.842     0.020    20.145
       285    40.300     3.320     0.000     2.445    -7.547    91.137    40.300  1024.161  2481.365    31.354     9.842     0.020    20.150
       286    40.310     3.325     0.000     2.449    -7.548    91.282    40.310  1024.161  2480.753    31.354     9.841     0.020    20.155
       287    40.320     3.330     0.000     2.452    -7.549    91.426    40.320  1024.161  2480.159    31.354     9.841     0.020    20.160
       288    40.329     3.335     0.000     2.455    -7.550    91.569    40.329  1024.161  2479.582    31.354     9.841     0.020    20.165
       289    40.339     3.340     0.000     2.458    -7.551    91.711    40.339  1024.161  2479.021    31.355     9.841     0.020    20.169
       290    40.347     3.345     0.000     2.461    -7.552    91.852    40.347  1024.161  2478.477    31.355     9.841     0.020    20.174
       291    40.356     3.350     0.000     2.464    -7.553    91.993    40.356  1024.161  2477.948    31.355     9.841     0.020    20.178
       292    40.364     3.354     0.000     2.467    -7.555    92.132    40.364  1024.161  2477.435    31.355     9.841     0.020    20.182
       293    40.372     3.359     0.000     2.470    -7.556    92.271    40.372  1024.161  2476.937    31.355     9.841     0.020    20.186
       294    40.380     3.363     0.000     2.473    -7.557    92.409    40.380  1024.161  2476.453    31.355     9.841     0.020    20.190
       295    40.388     3.367     0.000     2.476    -7.557    92.546    40.388  1024.161  2475.984    31.355     9.841     0.020    20.194
       296    40.395     3.372     0.000     2.479    -7.558    92.683    40.395  1024.161  2475.529    31.355     9.841     0.020    20.198
       297    40.403     3.376     0.000     2.482    -7.559    92.819    40.403  1024.161  2475.088    31.355     9.841     0.020    20.201
       298    40.410     3.380     0.000     2.485    -7.560    92.954    40.410  1024.161  2474.660    31.355     9.841     0.020    20.205
       299    40.416     3.384     0.000     2.488    -7.561    93.089    40.416  1024.161  2474.245    31.355     9.841     0.020    20.208
       300    40.423     3.387     0.000     2.490    -7.562    93.223    40.423  1024.161  2473.843    31.355     9.841     0.020    20.211
       301    40.429     3.391     0.000     2.493    -7.563    93.356    40.429  1024.161  2473.454    31.355     9.841     0.020    20.215
       302    40.435     3.395     0.000     2.496    -7.563    93.489    40.435  1024.161  2473.077    31.355     9.841     0.020    20.218
       303    40.441     3.398     0.000     2.499    -7.564    93.621    40.441  1024.161  2472.712    31.355     9.841     0.020    20.221
       304    40.447     3.402     0.000     2.502    -7.565    93.753    40.447  1024.161  2472.359    31.355     9.840     0.020    20.224
       305    40.453     3.405     0.000     2.505    -7.566    93.884    40.453  1024.161  2472.018    31.355     9.840     0.020    20.226
       306    40.458     3.408     0.000     2.507    -7.566    94.014    40.458  1024.161  2471.688    31.355     9.840     0.020    20.229
       307    40.463     3.411     0.000     2.510    -7.567    94.144    40.463  1024.161  2471.370    31.355     9.840     0.020    20.232
       308    40.468     3.414     0.000     2.513    -7.567    94.274    40.468  1024.161  2471.062    31.355     9.840     0.020    20.234
       309    40.473     3.417     0.000     2.516    -7.568    94.403    40.473  1024.161  2470.766    31.355     9.840     0.020    20.237
       310    40.478     3.420     0.000     2.519    -7.569    94.532    40.478  1024.161  2470.480    31.355     9.840     0.020    20.239
       311    40.482     3.423     0.000     2.521    -7.569    94.660    40.482  1024.161  2470.204    31.355     9.840     0.020    20.241
       312    40.487     3.425     0.000     2.524    -7.570    94.788    40.487  1024.161  2469.939    31.355     9.840     0.020    20.243
       313    40.491     3.428     0.000     2.527    -7.570    94.915    40.491  1024.161  2469.685    31.355     9.840     0.020    20.246
       314    40.495     3.431     0.000     2.530    -7.571    95.042    40.495  1024.161  2469.440    31.355     9.840     0.020    20.248
       315    40.499     3.433     0.000     2.532    -7.571    95.168    40.499  1024.161  2469.205    31.355     9.840     0.020    20.249
       316    40.503     3.435     0.000     2.535    -7.572    95.295    40.503  1024.161  2468.980    31.355     9.840     0.020    20.251
       317    40.506     3.437     0.000     2.538    -7.572    95.421    40.506  1024.161  2468.765    31.355     9.840     0.020    20.253
       318    40.509     3.439     0.000     2.540    -7.572    95.546    40.509  1024.161  2468.559    31.355     9.840     0.020    20.255
       319    40.513     3.441     0.000     2.543    -7.573    95.672    40.513  1024.162  2468.363    31.355     9.840     0.020    20.256
       320    40.516     3.443     0.000     2.546    -7.573    95.797    40.516  1024.162  2468.176    31.355     9.840     0.020    20.258
       321    40.519     3.445     0.000     2.549    -7.574    95.921    40.519  1024.162  2467.998    31.355     9.840     0.020    20.259
       322    40.521     3.447     0.000     2.551    -7.574    96.046    40.521  1024.162  2467.829    31.355     9.840     0.020    20.261
       323    40.524     3.449     0.000     2.554    -7.574    96.170    40.524  1024.162  2467.670    31.355     9.840     0.020    20.262
       324    40.527     3.450     0.000     2.557    -7.574    96.294    40.527  1024.162  2467.519    31.355     9.840     0.020    20.263
       325    40.529     3.452     0.000     2.559    -7.575    96.418    40.529  1024.162  2467.377    31.355     9.840     0.020    20.264
       326    40.531     3.453     0.000     2.562    -7.575    96.541    40.531  1024.162  2467.245    31.355     9.840     0.020    20.266
       327    40.533     3.454     0.000     2.565    -7.575    96.664    40.533  1024.162  2467.120    31.355     9.840     0.020    20.267
       328    40.535     3.455     0.000     2.567    -7.575    96.788    40.535  1024.162  2467.005    31.355     9.840     0.020    20.267
       329    40.537     3.456     0.000     2.570    -7.576    96.910    40.537  1024.162  2466.898    31.355     9.840     0.020    20.268
       330    40.538     3.457     0.000     2.572    -7.576    97.033    40.538  1024.162  2466.799    31.355     9.840     0.020    20.269
       331    40.540     3.458     0.000     2.575    -7.576    97.156    40.540  1024.162  2466.709    31.355     9.840     0.020    20.270
       332    40.541     3.459     0.000     2.578    -7.576    97.279    40.541  1024.162  2466.627    31.355     9.840     0.020    20.271
       333    40.542     3.460     0.000     2.580    -7.576    97.401    40.542  1024.162  2466.554    31.355     9.840     0.020    20.271
       334    40.543     3.460     0.000     2.583    -7.576    97.523    40.543  1024.162  2466.489    31.355     9.840     0.020    20.272
       335    40.544     3.461     0.000     2.586    -7.576    97.646    40.544  1024.162  2466.432    31.355     9.840     0.020    20.272
       336    40.545     3.461     0.000     2.588    -7.576    97.768    40.545  1024.162  2466.384    31.355     9.840     0.020    20.273
       337    40.546     3.462     0.000     2.591    -7.576    97.890    40.546  1024.162  2466.344    31.355     9.840     0.020    20.273
       338    40.546     3.462     0.000     2.594    -7.577    98.012    40.546  1024.162  2466.311    31.355     9.840     0.020    20.273
       339    40.547     3.462     0.000     2.596    -7.577    98.134    40.547  1024.162  2466.287    31.355     9.840     0.020    20.273
---------------------- Local maximum rise or fall --------------------
------------------------- merging happened ---------------------------
       340    40.547     3.462     0.000     2.599    -7.576    98.256    40.547  1024.162  2466.269    31.355     9.840     0.020    20.274
       341    40.547     3.462     0.000     2.601    -7.576    98.378    40.547  1024.162  2466.257    31.355     9.840     0.020    20.274
       342    40.547     3.462     0.000     2.604    -7.576    98.500    40.547  1024.162  2466.251    31.355     9.840     0.020    20.274
       343    40.548     3.462     0.000     2.607    -7.576    98.622    40.548  1024.162  2466.243    31.355     9.840     0.020    20.274
       344    40.548     3.462     0.000     2.609    -7.576    98.744    40.548  1024.162  2466.234    31.355     9.840     0.020    20.274
       345    40.548     3.461     0.000     2.612    -7.576    98.867    40.548  1024.162  2466.223    31.355     9.840     0.020    20.274
       346    40.548     3.461     0.000     2.615    -7.576    98.989    40.548  1024.162  2466.210    31.355     9.840     0.020    20.274
       347    40.548     3.460     0.000     2.617    -7.576    99.111    40.548  1024.162  2466.196    31.355     9.840     0.020    20.274
       348    40.549     3.460     0.000     2.620    -7.576    99.233    40.549  1024.162  2466.180    31.355     9.840     0.020    20.274
       349    40.549     3.459     0.000     2.622    -7.576    99.356    40.549  1024.162  2466.163    31.355     9.840     0.020    20.274
       350    40.549     3.458     0.000     2.625    -7.575    99.479    40.549  1024.162  2466.144    31.355     9.840     0.020    20.275
       351    40.549     3.458     0.000     2.628    -7.575    99.601    40.549  1024.162  2466.122    31.355     9.840     0.020    20.275
       352    40.550     3.457     0.000     2.630    -7.575    99.724    40.550  1024.162  2466.100    31.355     9.840     0.020    20.275
       353    40.550     3.456     0.000     2.633    -7.575    99.847    40.550  1024.162  2466.075    31.355     9.840     0.020    20.275
       354    40.551     3.455     0.000     2.636    -7.574    99.971    40.551  1024.162  2466.048    31.355     9.840     0.020    20.275
       355    40.551     3.453     0.000     2.638    -7.574   100.094    40.551  1024.162  2466.020    31.355     9.840     0.020    20.276
       356    40.552     3.452     0.000     2.641    -7.574   100.218    40.552  1024.162  2465.989    31.355     9.840     0.020    20.276
       357    40.552     3.451     0.000     2.644    -7.573   100.342    40.552  1024.162  2465.957    31.355     9.840     0.020    20.276
       358    40.553     3.449     0.000     2.646    -7.573   100.466    40.553  1024.162  2465.923    31.355     9.840     0.020    20.276
       359    40.553     3.448     0.000     2.649    -7.573   100.591    40.553  1024.162  2465.886    31.355     9.840     0.020    20.277
       360    40.554     3.446     0.000     2.652    -7.572   100.715    40.554  1024.162  2465.848    31.355     9.840     0.020    20.277
       361    40.555     3.444     0.000     2.654    -7.572   100.840    40.555  1024.162  2465.807    31.355     9.840     0.020    20.277
       362    40.555     3.443     0.000     2.657    -7.571   100.966    40.555  1024.162  2465.765    31.355     9.840     0.020    20.278
       363    40.556     3.441     0.000     2.660    -7.571   101.091    40.556  1024.162  2465.720    31.355     9.840     0.020    20.278
       364    40.557     3.439     0.000     2.663    -7.571   101.217    40.557  1024.162  2465.673    31.355     9.840     0.020    20.278
       365    40.558     3.437     0.000     2.665    -7.570   101.344    40.558  1024.162  2465.624    31.355     9.840     0.020    20.279
       366    40.559     3.435     0.000     2.668    -7.570   101.470    40.559  1024.162  2465.572    31.355     9.840     0.020    20.279
       367    40.559     3.433     0.000     2.671    -7.569   101.598    40.559  1024.162  2465.518    31.355     9.840     0.020    20.280
       368    40.560     3.430     0.000     2.673    -7.568   101.725    40.560  1024.162  2465.461    31.355     9.840     0.020    20.280
       369    40.561     3.428     0.000     2.676    -7.568   101.853    40.561  1024.162  2465.402    31.355     9.840     0.020    20.281
       370    40.562     3.426     0.000     2.679    -7.567   101.982    40.562  1024.162  2465.341    31.355     9.840     0.020    20.281
       371    40.563     3.423     0.000     2.682    -7.567   102.111    40.563  1024.162  2465.276    31.355     9.840     0.020    20.282
       372    40.565     3.420     0.000     2.685    -7.566   102.240    40.565  1024.162  2465.209    31.355     9.840     0.020    20.282
       373    40.566     3.418     0.000     2.687    -7.565   102.370    40.566  1024.162  2465.140    31.355     9.840     0.020    20.283
       374    40.567     3.415     0.000     2.690    -7.565   102.500    40.567  1024.162  2465.067    31.355     9.840     0.020    20.283
       375    40.568     3.412     0.000     2.693    -7.564   102.631    40.568  1024.162  2464.991    31.355     9.840     0.020    20.284
       376    40.569     3.409     0.000     2.696    -7.563   102.763    40.569  1024.162  2464.912    31.355     9.840     0.020    20.285
       377    40.571     3.406     0.000     2.699    -7.562   102.895    40.571  1024.162  2464.830    31.355     9.840     0.020    20.285
       378    40.572     3.403     0.000     2.702    -7.562   103.028    40.572  1024.162  2464.745    31.355     9.840     0.020    20.286
       379    40.574     3.400     0.000     2.704    -7.561   103.161    40.574  1024.162  2464.657    31.355     9.840     0.020    20.287
       380    40.575     3.397     0.000     2.707    -7.560   103.295    40.575  1024.162  2464.565    31.355     9.840     0.020    20.288
       381    40.577     3.393     0.000     2.710    -7.559   103.430    40.577  1024.162  2464.469    31.355     9.840     0.020    20.288
       382    40.578     3.390     0.000     2.713    -7.558   103.565    40.578  1024.162  2464.370    31.355     9.840     0.020    20.289
       383    40.580     3.386     0.000     2.716    -7.557   103.701    40.580  1024.162  2464.267    31.355     9.840     0.020    20.290
       384    40.582     3.383     0.000     2.719    -7.556   103.838    40.582  1024.162  2464.160    31.355     9.840     0.020    20.291
       385    40.584     3.379     0.000     2.722    -7.555   103.976    40.584  1024.162  2464.049    31.355     9.840     0.020    20.292
       386    40.586     3.375     0.000     2.725    -7.554   104.114    40.586  1024.162  2463.933    31.355     9.840     0.020    20.293
       387    40.587     3.372     0.000     2.728    -7.553   104.253    40.587  1024.162  2463.814    31.355     9.840     0.020    20.294
       388    40.590     3.368     0.000     2.731    -7.552   104.393    40.590  1024.162  2463.689    31.355     9.839     0.020    20.295
       389    40.592     3.364     0.000     2.734    -7.551   104.534    40.592  1024.162  2463.560    31.355     9.839     0.020    20.296
       390    40.594     3.360     0.000     2.737    -7.550   104.676    40.594  1024.162  2463.426    31.355     9.839     0.020    20.297
       391    40.596     3.355     0.000     2.740    -7.549   104.818    40.596  1024.162  2463.287    31.355     9.839     0.020    20.298
       392    40.599     3.351     0.000     2.743    -7.548   104.962    40.599  1024.162  2463.143    31.355     9.839     0.020    20.299
       393    40.601     3.347     0.000     2.746    -7.546   105.107    40.601  1024.162  2462.993    31.355     9.839     0.020    20.301
       394    40.604     3.342     0.000     2.749    -7.545   105.252    40.604  1024.162  2462.837    31.355     9.839     0.020    20.302
       395    40.606     3.338     0.000     2.753    -7.544   105.399    40.606  1024.162  2462.676    31.355     9.839     0.020    20.303
       396    40.609     3.333     0.000     2.756    -7.543   105.546    40.609  1024.162  2462.508    31.355     9.839     0.020    20.305
       397    40.612     3.329     0.000     2.759    -7.541   105.695    40.612  1024.162  2462.334    31.355     9.839     0.020    20.306
       398    40.615     3.324     0.000     2.762    -7.540   105.845    40.615  1024.162  2462.153    31.355     9.839     0.020    20.307
       399    40.618     3.319     0.000     2.765    -7.538   105.996    40.618  1024.162  2461.964    31.355     9.839     0.020    20.309
       400    40.621     3.314     0.000     2.769    -7.537   106.148    40.621  1024.162  2461.769    31.355     9.839     0.020    20.311
       401    40.625     3.309     0.000     2.772    -7.535   106.302    40.625  1024.162  2461.566    31.355     9.839     0.020    20.312
       402    40.628     3.304     0.000     2.775    -7.534   106.456    40.628  1024.162  2461.355    31.355     9.839     0.020    20.314
       403    40.632     3.299     0.000     2.779    -7.532   106.612    40.632  1024.162  2461.136    31.355     9.839     0.020    20.316
       404    40.635     3.294     0.000     2.782    -7.531   106.770    40.635  1024.162  2460.908    31.355     9.839     0.020    20.318
       405    40.639     3.288     0.000     2.786    -7.529   106.929    40.639  1024.162  2460.671    31.355     9.839     0.020    20.320
       406    40.643     3.283     0.000     2.789    -7.527   107.089    40.643  1024.162  2460.424    31.355     9.839     0.020    20.322
       407    40.648     3.278     0.000     2.792    -7.525   107.250    40.648  1024.162  2460.167    31.355     9.839     0.020    20.324
       408    40.652     3.272     0.000     2.796    -7.524   107.413    40.652  1024.162  2459.900    31.355     9.839     0.020    20.326
       409    40.657     3.266     0.000     2.800    -7.522   107.578    40.657  1024.162  2459.622    31.355     9.839     0.020    20.328
       410    40.661     3.261     0.000     2.803    -7.520   107.744    40.661  1024.162  2459.332    31.355     9.839     0.020    20.331
       411    40.666     3.255     0.000     2.807    -7.518   107.912    40.666  1024.162  2459.030    31.355     9.839     0.020    20.333
       412    40.672     3.249     0.000     2.810    -7.516   108.082    40.672  1024.162  2458.715    31.355     9.839     0.020    20.336
       413    40.677     3.243     0.000     2.814    -7.514   108.254    40.677  1024.162  2458.388    31.355     9.839     0.020    20.339
       414    40.683     3.237     0.000     2.818    -7.511   108.427    40.683  1024.162  2458.046    31.355     9.839     0.020    20.341
       415    40.689     3.231     0.000     2.822    -7.509   108.602    40.689  1024.162  2457.689    31.355     9.839     0.020    20.344
       416    40.695     3.225     0.000     2.825    -7.507   108.779    40.695  1024.162  2457.317    31.355     9.839     0.020    20.347
       417    40.701     3.218     0.000     2.829    -7.505   108.958    40.701  1024.162  2456.928    31.355     9.839     0.020    20.351
       418    40.708     3.212     0.000     2.833    -7.502   109.139    40.708  1024.162  2456.522    31.355     9.839     0.020    20.354
       419    40.715     3.206     0.000     2.837    -7.500   109.322    40.715  1024.162  2456.098    31.355     9.839     0.020    20.357
       420    40.722     3.199     0.000     2.841    -7.497   109.508    40.722  1024.162  2455.655    31.355     9.839     0.020    20.361
       421    40.730     3.193     0.000     2.845    -7.495   109.695    40.730  1024.162  2455.191    31.355     9.839     0.020    20.365
       422    40.738     3.186     0.000     2.849    -7.492   109.885    40.738  1024.162  2454.706    31.356     9.838     0.020    20.369
       423    40.747     3.179     0.000     2.853    -7.489   110.078    40.747  1024.162  2454.198    31.356     9.838     0.020    20.373
       424    40.755     3.172     0.000     2.858    -7.487   110.273    40.755  1024.162  2453.667    31.356     9.838     0.020    20.378
       425    40.765     3.165     0.000     2.862    -7.484   110.470    40.765  1024.162  2453.109    31.356     9.838     0.020    20.382
       426    40.774     3.159     0.000     2.866    -7.481   110.671    40.774  1024.162  2452.525    31.356     9.838     0.020    20.387
       427    40.785     3.152     0.000     2.870    -7.478   110.874    40.785  1024.162  2451.912    31.356     9.838     0.020    20.392
       428    40.795     3.144     0.000     2.875    -7.475   111.080    40.795  1024.162  2451.268    31.356     9.838     0.020    20.398
       429    40.806     3.137     0.000     2.879    -7.471   111.289    40.806  1024.162  2450.592    31.356     9.838     0.020    20.403
       430    40.818     3.130     0.000     2.884    -7.468   111.501    40.818  1024.162  2449.882    31.356     9.838     0.020    20.409
       431    40.831     3.123     0.000     2.889    -7.465   111.716    40.831  1024.162  2449.135    31.356     9.838     0.020    20.415
       432    40.844     3.115     0.000     2.893    -7.461   111.935    40.844  1024.162  2448.349    31.356     9.838     0.020    20.422
       433    40.858     3.108     0.000     2.898    -7.457   112.157    40.858  1024.163  2447.520    31.356     9.838     0.020    20.429
       434    40.872     3.100     0.000     2.903    -7.454   112.383    40.872  1024.163  2446.647    31.356     9.838     0.020    20.436
       435    40.888     3.093     0.000     2.908    -7.450   112.612    40.888  1024.163  2445.727    31.356     9.837     0.020    20.444
       436    40.904     3.085     0.000     2.913    -7.446   112.846    40.904  1024.163  2444.755    31.356     9.837     0.020    20.452
       437    40.921     3.077     0.000     2.918    -7.442   113.083    40.921  1024.163  2443.727    31.356     9.837     0.020    20.461
       438    40.939     3.070     0.000     2.923    -7.437   113.325    40.939  1024.163  2442.641    31.356     9.837     0.020    20.470
       439    40.959     3.062     0.000     2.929    -7.433   113.572    40.959  1024.163  2441.491    31.356     9.837     0.020    20.479
       440    40.979     3.054     0.000     2.934    -7.428   113.823    40.979  1024.163  2440.273    31.356     9.837     0.020    20.490
       441    41.001     3.046     0.000     2.939    -7.424   114.079    41.001  1024.163  2438.981    31.356     9.837     0.020    20.500
       442    41.024     3.038     0.000     2.945    -7.419   114.340    41.024  1024.163  2437.608    31.356     9.837     0.020    20.512
       443    41.048     3.030     0.000     2.951    -7.414   114.607    41.048  1024.163  2436.149    31.356     9.836     0.020    20.524
       444    41.075     3.022     0.000     2.957    -7.409   114.879    41.075  1024.163  2434.596    31.356     9.836     0.020    20.537
       445    41.103     3.014     0.000     2.963    -7.403   115.157    41.103  1024.163  2432.941    31.356     9.836     0.020    20.551
       446    41.132     3.006     0.000     2.969    -7.398   115.442    41.132  1024.163  2431.175    31.356     9.836     0.020    20.566
       447    41.164     2.998     0.000     2.975    -7.392   115.733    41.164  1024.163  2429.287    31.356     9.836     0.020    20.582
       448    41.199     2.990     0.000     2.981    -7.386   116.032    41.199  1024.163  2427.266    31.356     9.835     0.020    20.599
       449    41.235     2.982     0.000     2.988    -7.379   116.338    41.235  1024.164  2425.099    31.357     9.835     0.020    20.618
       450    41.275     2.974     0.000     2.995    -7.373   116.652    41.275  1024.164  2422.772    31.357     9.835     0.020    20.638
       451    41.318     2.966     0.000     3.002    -7.366   116.975    41.318  1024.164  2420.266    31.357     9.835     0.020    20.659
       452    41.364     2.958     0.000     3.009    -7.359   117.306    41.364  1024.164  2417.563    31.357     9.834     0.020    20.682
       453    41.414     2.950     0.000     3.016    -7.352   117.648    41.414  1024.164  2414.642    31.357     9.834     0.020    20.707
       454    41.468     2.942     0.000     3.024    -7.344   118.000    41.468  1024.164  2411.475    31.357     9.834     0.020    20.734
       455    41.528     2.934     0.000     3.032    -7.336   118.364    41.528  1024.164  2408.033    31.357     9.833     0.020    20.764
       456    41.593     2.926     0.000     3.040    -7.327   118.740    41.593  1024.164  2404.280    31.357     9.833     0.020    20.796
       457    41.664     2.918     0.000     3.048    -7.318   119.130    41.664  1024.164  2400.173    31.357     9.833     0.020    20.832
       458    41.742     2.911     0.000     3.057    -7.309   119.534    41.742  1024.165  2395.662    31.357     9.832     0.020    20.871
       459    41.829     2.904     0.000     3.066    -7.299   119.955    41.829  1024.165  2390.685    31.357     9.832     0.020    20.915
       460    41.926     2.897     0.000     3.075    -7.289   120.395    41.926  1024.165  2385.164    31.358     9.831     0.020    20.963
       461    42.034     2.890     0.000     3.085    -7.278   120.855    42.034  1024.165  2379.002    31.358     9.830     0.020    21.017
       462    42.157     2.884     0.000     3.096    -7.266   121.339    42.157  1024.166  2372.075    31.358     9.830     0.020    21.079
       463    42.297     2.878     0.000     3.106    -7.253   121.851    42.297  1024.166  2364.218    31.358     9.829     0.020    21.149
       464    42.459     2.873     0.000     3.118    -7.240   122.394    42.459  1024.166  2355.208    31.358     9.828     0.020    21.230
       465    42.649     2.869     0.000     3.131    -7.225   122.976    42.649  1024.166  2344.725    31.359     9.827     0.020    21.324
       466    42.867     2.866     0.000     3.144    -7.209   123.606    42.867  1024.167  2332.793    31.359     9.826     0.020    21.434
       467    43.106     2.863     0.000     3.159    -7.191   124.287    43.106  1024.167  2319.848    31.359     9.824     0.020    21.553
       468    43.366     2.861     0.000     3.174    -7.172   125.018    43.366  1024.168  2305.932    31.359     9.823     0.020    21.683
       469    43.652     2.860     0.000     3.191    -7.151   125.807    43.652  1024.168  2290.867    31.360     9.821     0.020    21.826
       470    43.967     2.859     0.000     3.210    -7.127   126.668    43.967  1024.169  2274.423    31.360     9.820     0.020    21.984
       471    44.320     2.860     0.000     3.230    -7.101   127.618    44.320  1024.169  2256.297    31.360     9.818     0.020    22.160
       472    44.726     2.863     0.000     3.253    -7.072   128.682    44.726  1024.170  2235.824    31.360     9.816     0.020    22.363
       473    45.210     2.868     0.000     3.279    -7.038   129.906    45.210  1024.170  2211.893    31.361     9.814     0.020    22.605
       474    45.813     2.877     0.000     3.310    -6.996   131.370    45.813  1024.171  2182.808    31.361     9.811     0.020    22.906
       475    46.609     2.892     0.000     3.350    -6.943   133.228    46.609  1024.172  2145.516    31.361     9.807     0.020    23.304
       476    47.541     2.913     0.000     3.394    -6.883   135.314    47.541  1024.172  2103.448    31.361     9.803     0.020    23.770
       477    48.492     2.938     0.000     3.438    -6.824   137.377    48.492  1024.173  2062.205    31.361     9.800     0.020    24.246
       478    49.462     2.969     0.000     3.482    -6.766   139.415    49.462  1024.173  2021.771    31.361     9.796     0.020    24.731
       479    50.451     3.006     0.000     3.524    -6.710   141.416    50.451  1024.173  1982.129    31.360     9.793     0.020    25.225
       480    51.460     3.049     0.000     3.566    -6.655   143.377    51.460  1024.173  1943.263    31.360     9.789     0.020    25.730
---------------------------- Plume traps -----------------------------
       481    52.314     3.094     0.000     3.599    -6.612   144.974    52.314  1024.173  1911.540    31.359     9.787     0.020    26.157
       482    52.992     3.134     0.000     3.625    -6.581   146.168    52.992  1024.173  1887.064    31.358     9.785     0.020    26.496
       483    53.560     3.170     0.000     3.645    -6.556   147.106    53.560  1024.173  1867.056    31.358     9.783     0.020    26.780
       484    54.060     3.202     0.000     3.661    -6.536   147.896    54.060  1024.173  1849.794    31.357     9.782     0.020    27.030
       485    54.519     3.232     0.000     3.676    -6.518   148.601    54.519  1024.172  1834.207    31.357     9.781     0.020    27.260
       486    54.929     3.259     0.000     3.690    -6.502   149.253    54.929  1024.172  1820.546    31.356     9.780     0.020    27.464
       487    55.306     3.285     0.000     3.703    -6.486   149.882    55.306  1024.172  1808.136    31.356     9.779     0.020    27.653
       488    55.654     3.310     0.000     3.716    -6.472   150.497    55.654  1024.172  1796.802    31.355     9.778     0.020    27.827
       489    55.982     3.334     0.000     3.729    -6.457   151.099    55.982  1024.172  1786.296    31.355     9.777     0.020    27.991
       490    56.287     3.357     0.000     3.741    -6.444   151.686    56.287  1024.171  1776.606    31.354     9.777     0.020    28.144
       491    56.573     3.380     0.000     3.754    -6.430   152.260    56.573  1024.171  1767.621    31.354     9.776     0.020    28.287
       492    56.840     3.402     0.000     3.765    -6.418   152.819    56.840  1024.171  1759.312    31.354     9.775     0.020    28.420
       493    57.091     3.423     0.000     3.777    -6.405   153.365    57.091  1024.171  1751.601    31.353     9.775     0.020    28.545
       494    57.325     3.443     0.000     3.788    -6.394   153.897    57.325  1024.171  1744.447    31.353     9.774     0.020    28.662
       495    57.544     3.463     0.000     3.799    -6.382   154.416    57.544  1024.170  1737.795    31.353     9.774     0.020    28.772
       496    57.750     3.483     0.000     3.810    -6.371   154.922    57.750  1024.170  1731.605    31.352     9.773     0.020    28.875
       497    57.943     3.502     0.000     3.820    -6.361   155.416    57.943  1024.170  1725.835    31.352     9.773     0.020    28.971
       498    58.124     3.520     0.000     3.830    -6.351   155.898    58.124  1024.170  1720.449    31.352     9.773     0.020    29.062
       499    58.295     3.538     0.000     3.840    -6.341   156.369    58.295  1024.170  1715.414    31.351     9.772     0.020    29.147
       500    58.456     3.556     0.000     3.850    -6.332   156.828    58.456  1024.170  1710.701    31.351     9.772     0.020    29.228
       501    58.607     3.573     0.000     3.859    -6.323   157.277    58.607  1024.169  1706.283    31.351     9.772     0.020    29.303
       502    58.750     3.590     0.000     3.868    -6.314   157.716    58.750  1024.169  1702.136    31.351     9.772     0.020    29.375
       503    58.885     3.607     0.000     3.878    -6.306   158.145    58.885  1024.169  1698.237    31.350     9.771     0.020    29.442
       504    59.012     3.623     0.000     3.886    -6.298   158.564    59.012  1024.169  1694.568    31.350     9.771     0.020    29.506
       505    59.133     3.639     0.000     3.895    -6.290   158.974    59.133  1024.169  1691.109    31.350     9.771     0.020    29.566
       506    59.247     3.654     0.000     3.903    -6.283   159.375    59.247  1024.169  1687.846    31.350     9.771     0.020    29.624
       507    59.356     3.669     0.000     3.912    -6.276   159.768    59.356  1024.169  1684.762    31.350     9.770     0.020    29.678
       508    59.459     3.684     0.000     3.920    -6.269   160.153    59.459  1024.169  1681.844    31.350     9.770     0.020    29.729
       509    59.556     3.699     0.000     3.928    -6.262   160.530    59.556  1024.168  1679.081    31.349     9.770     0.020    29.778
       510    59.649     3.713     0.000     3.936    -6.256   160.900    59.649  1024.168  1676.461    31.349     9.770     0.020    29.825
       511    59.738     3.727     0.000     3.943    -6.249   161.262    59.738  1024.168  1673.974    31.349     9.770     0.020    29.869
       512    59.823     3.741     0.000     3.951    -6.243   161.618    59.823  1024.168  1671.610    31.349     9.770     0.020    29.911
       513    59.903     3.754     0.000     3.958    -6.237   161.967    59.903  1024.168  1669.362    31.349     9.770     0.020    29.952
       514    59.980     3.768     0.000     3.965    -6.232   162.309    59.980  1024.168  1667.221    31.349     9.769     0.020    29.990
       515    60.054     3.781     0.000     3.972    -6.226   162.646    60.054  1024.168  1665.181    31.348     9.769     0.020    30.027
       516    60.124     3.793     0.000     3.979    -6.221   162.976    60.124  1024.168  1663.234    31.348     9.769     0.020    30.062
       517    60.191     3.806     0.000     3.986    -6.216   163.300    60.191  1024.168  1661.376    31.348     9.769     0.020    30.096
       518    60.255     3.819     0.000     3.993    -6.211   163.620    60.255  1024.168  1659.600    31.348     9.769     0.020    30.128
       519    60.317     3.831     0.000     3.999    -6.206   163.933    60.317  1024.168  1657.901    31.348     9.769     0.020    30.159
       520    60.376     3.843     0.000     4.006    -6.201   164.242    60.376  1024.167  1656.276    31.348     9.769     0.020    30.188
       521    60.433     3.855     0.000     4.012    -6.197   164.546    60.433  1024.167  1654.719    31.348     9.769     0.020    30.217
       522    60.488     3.866     0.000     4.018    -6.193   164.845    60.488  1024.167  1653.226    31.348     9.769     0.020    30.244
       523    60.540     3.878     0.000     4.025    -6.188   165.139    60.540  1024.167  1651.794    31.348     9.768     0.020    30.270
       524    60.591     3.889     0.000     4.031    -6.184   165.429    60.591  1024.167  1650.420    31.347     9.768     0.020    30.295
       525    60.639     3.900     0.000     4.037    -6.180   165.715    60.639  1024.167  1649.101    31.347     9.768     0.020    30.320
       526    60.686     3.911     0.000     4.043    -6.176   165.997    60.686  1024.167  1647.832    31.347     9.768     0.020    30.343
       527    60.731     3.922     0.000     4.049    -6.172   166.274    60.731  1024.167  1646.613    31.347     9.768     0.020    30.365
       528    60.774     3.932     0.000     4.054    -6.169   166.548    60.774  1024.167  1645.439    31.347     9.768     0.020    30.387
       529    60.816     3.942     0.000     4.060    -6.165   166.818    60.816  1024.167  1644.310    31.347     9.768     0.020    30.408
       530    60.856     3.953     0.000     4.066    -6.162   167.085    60.856  1024.167  1643.222    31.347     9.768     0.020    30.428
       531    60.895     3.963     0.000     4.071    -6.158   167.347    60.895  1024.167  1642.174    31.347     9.768     0.020    30.447
       532    60.932     3.973     0.000     4.077    -6.155   167.607    60.932  1024.167  1641.164    31.347     9.768     0.020    30.466
       533    60.969     3.982     0.000     4.082    -6.152   167.863    60.969  1024.167  1640.189    31.347     9.768     0.020    30.484
       534    61.004     3.992     0.000     4.087    -6.149   168.117    61.004  1024.167  1639.249    31.347     9.768     0.020    30.502
       535    61.037     4.001     0.000     4.093    -6.146   168.367    61.037  1024.167  1638.341    31.347     9.768     0.020    30.519
       536    61.070     4.010     0.000     4.098    -6.143   168.614    61.070  1024.167  1637.465    31.347     9.768     0.020    30.535
       537    61.102     4.020     0.000     4.103    -6.140   168.858    61.102  1024.167  1636.619    31.346     9.768     0.020    30.551
       538    61.132     4.029     0.000     4.108    -6.138   169.100    61.132  1024.167  1635.801    31.346     9.768     0.020    30.566
       539    61.162     4.037     0.000     4.113    -6.135   169.339    61.162  1024.166  1635.010    31.346     9.768     0.020    30.581
       540    61.190     4.046     0.000     4.118    -6.132   169.575    61.190  1024.166  1634.246    31.346     9.767     0.020    30.595
       541    61.218     4.054     0.000     4.123    -6.130   169.809    61.218  1024.166  1633.507    31.346     9.767     0.020    30.609
       542    61.245     4.063     0.000     4.128    -6.127   170.040    61.245  1024.166  1632.792    31.346     9.767     0.020    30.622
       543    61.271     4.071     0.000     4.133    -6.125   170.269    61.271  1024.166  1632.100    31.346     9.767     0.020    30.635
       544    61.296     4.079     0.000     4.137    -6.123   170.496    61.296  1024.166  1631.430    31.346     9.767     0.020    30.648
       545    61.320     4.087     0.000     4.142    -6.120   170.720    61.320  1024.166  1630.782    31.346     9.767     0.020    30.660
       546    61.344     4.095     0.000     4.147    -6.118   170.942    61.344  1024.166  1630.154    31.346     9.767     0.020    30.672
       547    61.367     4.103     0.000     4.151    -6.116   171.163    61.367  1024.166  1629.546    31.346     9.767     0.020    30.683
       548    61.389     4.110     0.000     4.156    -6.114   171.381    61.389  1024.166  1628.958    31.346     9.767     0.020    30.694
       549    61.410     4.117     0.000     4.160    -6.112   171.597    61.410  1024.166  1628.387    31.346     9.767     0.020    30.705
       550    61.431     4.125     0.000     4.165    -6.110   171.811    61.431  1024.166  1627.835    31.346     9.767     0.020    30.716
       551    61.452     4.132     0.000     4.169    -6.108   172.024    61.452  1024.166  1627.299    31.346     9.767     0.020    30.726
       552    61.471     4.139     0.000     4.174    -6.106   172.234    61.471  1024.166  1626.781    31.346     9.767     0.020    30.736
       553    61.490     4.146     0.000     4.178    -6.104   172.443    61.490  1024.166  1626.278    31.346     9.767     0.020    30.745
       554    61.509     4.152     0.000     4.183    -6.103   172.650    61.509  1024.166  1625.791    31.346     9.767     0.020    30.754
       555    61.526     4.159     0.000     4.187    -6.101   172.856    61.526  1024.166  1625.318    31.346     9.767     0.020    30.763
       556    61.544     4.165     0.000     4.191    -6.099   173.060    61.544  1024.166  1624.861    31.346     9.767     0.020    30.772
       557    61.561     4.172     0.000     4.195    -6.098   173.262    61.561  1024.166  1624.417    31.346     9.767     0.020    30.780
       558    61.577     4.178     0.000     4.200    -6.096   173.463    61.577  1024.166  1623.987    31.345     9.767     0.020    30.788
       559    61.593     4.184     0.000     4.204    -6.095   173.663    61.593  1024.166  1623.571    31.345     9.767     0.020    30.796
       560    61.608     4.190     0.000     4.208    -6.093   173.861    61.608  1024.166  1623.167    31.345     9.767     0.020    30.804
       561    61.623     4.196     0.000     4.212    -6.092   174.058    61.623  1024.166  1622.776    31.345     9.767     0.020    30.811
       562    61.637     4.201     0.000     4.216    -6.090   174.253    61.637  1024.166  1622.397    31.345     9.767     0.020    30.819
       563    61.651     4.207     0.000     4.220    -6.089   174.447    61.651  1024.166  1622.029    31.345     9.767     0.020    30.826
       564    61.665     4.212     0.000     4.224    -6.088   174.640    61.665  1024.166  1621.673    31.345     9.767     0.020    30.832
       565    61.678     4.218     0.000     4.228    -6.086   174.832    61.678  1024.166  1621.329    31.345     9.767     0.020    30.839
       566    61.690     4.223     0.000     4.232    -6.085   175.022    61.690  1024.166  1620.995    31.345     9.767     0.020    30.845
       567    61.703     4.228     0.000     4.236    -6.084   175.212    61.703  1024.166  1620.672    31.345     9.767     0.020    30.851
       568    61.715     4.233     0.000     4.240    -6.083   175.400    61.715  1024.166  1620.360    31.345     9.767     0.020    30.857
       569    61.726     4.238     0.000     4.244    -6.082   175.587    61.726  1024.166  1620.057    31.345     9.767     0.020    30.863
       570    61.737     4.242     0.000     4.248    -6.081   175.774    61.737  1024.166  1619.765    31.345     9.767     0.020    30.869
       571    61.748     4.247     0.000     4.252    -6.080   175.959    61.748  1024.166  1619.482    31.345     9.767     0.020    30.874
       572    61.759     4.251     0.000     4.256    -6.079   176.143    61.759  1024.166  1619.208    31.345     9.767     0.020    30.879
       573    61.769     4.256     0.000     4.260    -6.078   176.327    61.769  1024.166  1618.944    31.345     9.767     0.020    30.884
       574    61.778     4.260     0.000     4.264    -6.077   176.509    61.778  1024.166  1618.689    31.345     9.767     0.020    30.889
       575    61.788     4.264     0.000     4.267    -6.076   176.691    61.788  1024.166  1618.442    31.345     9.767     0.020    30.894
       576    61.797     4.268     0.000     4.271    -6.075   176.872    61.797  1024.166  1618.205    31.345     9.767     0.020    30.898
       577    61.806     4.272     0.000     4.275    -6.074   177.052    61.806  1024.166  1617.975    31.345     9.767     0.020    30.903
       578    61.814     4.276     0.000     4.279    -6.073   177.231    61.814  1024.166  1617.754    31.345     9.767     0.020    30.907
       579    61.822     4.279     0.000     4.283    -6.072   177.409    61.822  1024.166  1617.542    31.345     9.767     0.020    30.911
       580    61.830     4.283     0.000     4.286    -6.072   177.587    61.830  1024.166  1617.337    31.345     9.767     0.020    30.915
       581    61.838     4.286     0.000     4.290    -6.071   177.764    61.838  1024.166  1617.140    31.345     9.767     0.020    30.919
       582    61.845     4.289     0.000     4.294    -6.070   177.941    61.845  1024.166  1616.951    31.345     9.767     0.020    30.922
       583    61.852     4.292     0.000     4.297    -6.070   178.116    61.852  1024.166  1616.770    31.345     9.767     0.020    30.926
       584    61.858     4.295     0.000     4.301    -6.069   178.292    61.858  1024.166  1616.596    31.345     9.767     0.020    30.929
       585    61.865     4.298     0.000     4.305    -6.068   178.466    61.865  1024.166  1616.429    31.345     9.767     0.020    30.932
       586    61.871     4.301     0.000     4.308    -6.068   178.640    61.871  1024.166  1616.270    31.345     9.767     0.020    30.935
       587    61.877     4.304     0.000     4.312    -6.067   178.814    61.877  1024.165  1616.118    31.345     9.767     0.020    30.938
       588    61.882     4.306     0.000     4.316    -6.067   178.987    61.882  1024.165  1615.973    31.345     9.767     0.020    30.941
       589    61.888     4.309     0.000     4.319    -6.066   179.159    61.888  1024.165  1615.835    31.345     9.767     0.020    30.944
       590    61.893     4.311     0.000     4.323    -6.066   179.332    61.893  1024.165  1615.704    31.345     9.767     0.020    30.946
       591    61.897     4.313     0.000     4.326    -6.065   179.503    61.897  1024.165  1615.580    31.345     9.767     0.020    30.949
       592    61.902     4.315     0.000     4.330    -6.065   179.674    61.902  1024.165  1615.462    31.345     9.767     0.020    30.951
       593    61.906     4.317     0.000     4.334    -6.064   179.845    61.906  1024.165  1615.351    31.345     9.766     0.020    30.953
       594    61.910     4.319     0.000     4.337    -6.064   180.016    61.910  1024.165  1615.247    31.345     9.766     0.020    30.955
       595    61.914     4.321     0.000     4.341    -6.064   180.186    61.914  1024.165  1615.149    31.345     9.766     0.020    30.957
       596    61.917     4.323     0.000     4.344    -6.063   180.356    61.917  1024.165  1615.058    31.345     9.766     0.020    30.959
       597    61.921     4.324     0.000     4.348    -6.063   180.525    61.921  1024.165  1614.973    31.345     9.766     0.020    30.960
       598    61.924     4.325     0.000     4.352    -6.063   180.695    61.924  1024.165  1614.894    31.345     9.766     0.020    30.962
       599    61.926     4.327     0.000     4.355    -6.063   180.864    61.926  1024.165  1614.822    31.345     9.766     0.020    30.963
       600    61.929     4.328     0.000     4.359    -6.062   181.033    61.929  1024.165  1614.756    31.345     9.766     0.020    30.964
       601    61.931     4.329     0.000     4.362    -6.062   181.201    61.931  1024.165  1614.696    31.345     9.766     0.020    30.966
       602    61.933     4.330     0.000     4.366    -6.062   181.370    61.933  1024.165  1614.642    31.345     9.766     0.020    30.967
       603    61.935     4.331     0.000     4.369    -6.062   181.538    61.935  1024.165  1614.594    31.345     9.766     0.020    30.968
       604    61.937     4.331     0.000     4.373    -6.062   181.706    61.937  1024.165  1614.553    31.345     9.766     0.020    30.968
       605    61.938     4.332     0.000     4.376    -6.062   181.874    61.938  1024.165  1614.517    31.345     9.766     0.020    30.969
       606    61.939     4.332     0.000     4.380    -6.062   182.042    61.939  1024.165  1614.488    31.345     9.766     0.020    30.970
       607    61.940     4.333     0.000     4.383    -6.062   182.210    61.940  1024.165  1614.465    31.345     9.766     0.020    30.970
       608    61.941     4.333     0.000     4.387    -6.062   182.377    61.941  1024.165  1614.447    31.345     9.766     0.020    30.970
---------------------- Local maximum rise or fall --------------------
       609    61.941     4.333     0.000     4.390    -6.062   182.545    61.941  1024.165  1614.435    31.345     9.766     0.020    30.971
-------------------- Starting Farfield Calculations --------------------
Farfield dispersion based on wastefield width of :       4.33 (m)
4/3 Power Law based Eddy Diffusivity is used:
  Dilution     Width  Distance      Time     Conc.    Bckgrd
        ()       (m)       (m)    (hrs.)    (mg/L)    (mg/L)
    61.941     4.339     4.390     0.000  1614.435     0.000
    61.941     4.519     5.000     0.009  1618.863     0.000
    61.965     4.820     6.000     0.023  1618.863     0.000
    62.326     5.127     7.000     0.037  1618.863     0.000
    63.370     5.441     8.000     0.050  1618.863     0.000
    65.065     5.760     9.000     0.064  1618.863     0.000
    67.259     6.086    10.000     0.078  1533.763     0.000
    69.823     6.417    11.000     0.092  1533.763     0.000
    72.662     6.755    12.000     0.106  1533.763     0.000
    75.713     7.098    13.000     0.120  1533.763     0.000
    78.933     7.447    14.000     0.134  1274.267     0.000
    82.292     7.801    15.000     0.148  1274.267     0.000
    85.768     8.161    16.000     0.162  1274.267     0.000
    89.346     8.526    17.000     0.175  1274.267     0.000
    93.015     8.896    18.000     0.189  1274.267     0.000
    96.766     9.272    19.000     0.203  1048.620     0.000
   100.592     9.652    20.000     0.217  1048.620     0.000
   104.489    10.038    21.000     0.231  1048.620     0.000
   108.452    10.429    22.000     0.245  1048.620     0.000
   112.478    10.825    23.000     0.259  1048.620     0.000
   116.564    11.225    24.000     0.273   876.597     0.000
   120.708    11.631    25.000     0.287   876.597     0.000
   124.909    12.041    26.000     0.300   876.597     0.000
   129.163    12.456    27.000     0.314   876.597     0.000
   133.471    12.875    28.000     0.328   876.597     0.000
   137.830    13.299    29.000     0.342   745.429     0.000
   142.240    13.728    30.000     0.356   745.429     0.000
   146.700    14.161    31.000     0.370   745.429     0.000
   151.208    14.599    32.000     0.384   745.429     0.000
   155.764    15.041    33.000     0.398   643.512     0.000
   160.367    15.488    34.000     0.412   643.512     0.000
   165.017    15.939    35.000     0.425   643.512     0.000
   169.713    16.394    36.000     0.439   643.512     0.000
   174.454    16.853    37.000     0.453   643.512     0.000
   179.239    17.317    38.000     0.467   562.696     0.000
   184.069    17.784    39.000     0.481   562.696     0.000
   188.943    18.256    40.000     0.495   562.696     0.000
   193.859    18.732    41.000     0.509   562.696     0.000
   198.818    19.212    42.000     0.523   562.696     0.000
   203.820    19.697    43.000     0.537   497.414     0.000
   208.864    20.185    44.000     0.550   497.414     0.000
   213.949    20.677    45.000     0.564   497.414     0.000
   219.075    21.173    46.000     0.578   497.414     0.000
   224.242    21.673    47.000     0.592   497.414     0.000
   229.450    22.176    48.000     0.606   443.814     0.000
   234.697    22.684    49.000     0.620   443.814     0.000
   239.984    23.196    50.000     0.634   443.814     0.000
   245.311    23.711    51.000     0.648   443.814     0.000
   250.677    24.230    52.000     0.662   443.814     0.000
   256.082    24.752    53.000     0.675   399.179     0.000
   261.525    25.279    54.000     0.689   399.179     0.000
   267.006    25.809    55.000     0.703   399.179     0.000
   272.526    26.343    56.000     0.717   399.179     0.000
   278.083    26.880    57.000     0.731   361.547     0.000
   283.677    27.421    58.000     0.745   361.547     0.000
   289.309    27.966    59.000     0.759   361.547     0.000
   294.977    28.514    60.000     0.773   361.547     0.000
   300.683    29.066    61.000     0.787   361.547     0.000
   306.424    29.621    62.000     0.800   329.474     0.000
   312.202    30.179    63.000     0.814   329.474     0.000
   318.016    30.742    64.000     0.828   329.474     0.000
   323.866    31.307    65.000     0.842   329.474     0.000
   329.751    31.876    66.000     0.856   329.474     0.000
   335.671    32.449    67.000     0.870   301.876     0.000
   341.627    33.024    68.000     0.884   301.876     0.000
   347.617    33.604    69.000     0.898   301.876     0.000
   353.642    34.186    70.000     0.912   301.876     0.000
   359.701    34.772    71.000     0.925   301.876     0.000
   365.795    35.361    72.000     0.939   277.925     0.000
   371.923    35.954    73.000     0.953   277.925     0.000
   378.085    36.549    74.000     0.967   277.925     0.000
   384.280    37.148    75.000     0.981   277.925     0.000
   390.509    37.750    76.000     0.995   256.982     0.000
   396.771    38.356    77.000     1.009   256.982     0.000
   403.067    38.965    78.000     1.023   256.982     0.000
   409.395    39.576    79.000     1.037   256.982     0.000
   415.756    40.191    80.000     1.050   256.982     0.000
   422.150    40.810    81.000     1.064   238.542     0.000
   428.577    41.431    82.000     1.078   238.542     0.000
   435.035    42.055    83.000     1.092   238.542     0.000
   441.526    42.683    84.000     1.106   238.542     0.000
   448.049    43.313    85.000     1.120   238.542     0.000
   454.603    43.947    86.000     1.134   222.207     0.000
   461.189    44.584    87.000     1.148   222.207     0.000
   467.807    45.223    88.000     1.162   222.207     0.000
   474.456    45.866    89.000     1.175   222.207     0.000
   481.137    46.512    90.000     1.189   222.207     0.000
   487.848    47.161    91.000     1.203   207.655     0.000
   494.590    47.813    92.000     1.217   207.655     0.000
   501.364    48.468    93.000     1.231   207.655     0.000
   508.167    49.125    94.000     1.245   207.655     0.000
   515.002    49.786    95.000     1.259   194.624     0.000
   521.866    50.450    96.000     1.273   194.624     0.000
   528.761    51.116    97.000     1.287   194.624     0.000
   535.686    51.786    98.000     1.300   194.624     0.000
   542.641    52.458    99.000     1.314   194.624     0.000
   549.626    53.133   100.000     1.328   182.901     0.000
   556.641    53.812   101.000     1.342   182.901     0.000
   563.685    54.493   102.000     1.356   182.901     0.000
   570.759    55.176   103.000     1.370   182.901     0.000
   577.862    55.863   104.000     1.384   182.901     0.000
   584.994    56.553   105.000     1.398   172.310     0.000
   592.155    57.245   106.000     1.412   172.310     0.000
   599.346    57.940   107.000     1.425   172.310     0.000
   606.565    58.638   108.000     1.439   172.310     0.000
   613.813    59.339   109.000     1.453   172.310     0.000
   621.089    60.042   110.000     1.467   162.703     0.000
   628.395    60.748   111.000     1.481   162.703     0.000
   635.728    61.457   112.000     1.495   162.703     0.000
   643.090    62.169   113.000     1.509   162.703     0.000
   650.480    62.883   114.000     1.523   153.956     0.000
   657.898    63.600   115.000     1.537   153.956     0.000
   665.345    64.320   116.000     1.550   153.956     0.000
   672.819    65.043   117.000     1.564   153.956     0.000
   680.321    65.768   118.000     1.578   153.956     0.000
   687.850    66.496   119.000     1.592   145.966     0.000
   695.407    67.227   120.000     1.606   145.966     0.000
   702.992    67.960   121.000     1.620   145.966     0.000
   710.604    68.696   122.000     1.634   145.966     0.000
   718.243    69.434   123.000     1.648   145.966     0.000
   725.909    70.175   124.000     1.662   138.644     0.000
   733.603    70.919   125.000     1.675   138.644     0.000
   741.323    71.665   126.000     1.689   138.644     0.000
   749.071    72.414   127.000     1.703   138.644     0.000
   756.845    73.166   128.000     1.717   138.644     0.000
   764.646    73.920   129.000     1.731   131.915     0.000
   772.474    74.677   130.000     1.745   131.915     0.000
   780.328    75.436   131.000     1.759   131.915     0.000
   788.208    76.198   132.000     1.773   131.915     0.000
   796.115    76.962   133.000     1.787   125.712     0.000
   804.048    77.729   134.000     1.800   125.712     0.000
   812.007    78.499   135.000     1.814   125.712     0.000
   819.993    79.271   136.000     1.828   125.712     0.000
   828.004    80.045   137.000     1.842   125.712     0.000
   836.042    80.822   138.000     1.856   119.981     0.000
   844.105    81.602   139.000     1.870   119.981     0.000
   852.194    82.384   140.000     1.884   119.981     0.000
   860.308    83.168   141.000     1.898   119.981     0.000
   868.448    83.955   142.000     1.912   119.981     0.000
   876.614    84.744   143.000     1.925   114.673     0.000
   884.805    85.536   144.000     1.939   114.673     0.000
   893.022    86.331   145.000     1.953   114.673     0.000
   901.264    87.127   146.000     1.967   114.673     0.000
   909.531    87.927   147.000     1.981   114.673     0.000
   917.823    88.728   148.000     1.995   109.745     0.000
   926.140    89.532   149.000     2.009   109.745     0.000
   934.482    90.339   150.000     2.023   109.745     0.000
   942.849    91.148   151.000     2.037   109.745     0.000
   951.241    91.959   152.000     2.050   105.160     0.000
   959.658    92.773   153.000     2.064   105.160     0.000
   968.099    93.589   154.000     2.078   105.160     0.000
   976.565    94.407   155.000     2.092   105.160     0.000
   985.055    95.228   156.000     2.106   105.160     0.000
   993.570    96.051   157.000     2.120   100.885     0.000
  1002.109    96.876   158.000     2.134   100.885     0.000
  1010.673    97.704   159.000     2.148   100.885     0.000
  1019.261    98.535   160.000     2.162   100.885     0.000
  1027.873    99.367   161.000     2.175   100.885     0.000
  1036.509   100.202   162.000     2.189    96.893     0.000
  1045.169   101.039   163.000     2.203    96.893     0.000
  1053.853   101.879   164.000     2.217    96.893     0.000
  1062.562   102.721   165.000     2.231    96.893     0.000
  1071.294   103.565   166.000     2.245    96.893     0.000
  1080.049   104.411   167.000     2.259    93.157     0.000
  1088.829   105.260   168.000     2.273    93.157     0.000
  1097.632   106.111   169.000     2.287    93.157     0.000
  1106.459   106.964   170.000     2.300    93.157     0.000
  1115.309   107.820   171.000     2.314    93.157     0.000
  1124.183   108.678   172.000     2.328    89.655     0.000
  1133.080   109.538   173.000     2.342    89.655     0.000
  1142.001   110.400   174.000     2.356    89.655     0.000
  1150.944   111.265   175.000     2.370    89.655     0.000
  1159.911   112.132   176.000     2.384    86.367     0.000
  1168.902   113.001   177.000     2.398    86.367     0.000
  1177.915   113.872   178.000     2.412    86.367     0.000
  1186.951   114.746   179.000     2.425    86.367     0.000
  1196.011   115.621   180.000     2.439    86.367     0.000
  1205.093   116.499   181.000     2.453    83.275     0.000
  1214.198   117.380   182.000     2.467    83.275     0.000
  1223.326   118.262   183.000     2.481    83.275     0.000
  1232.477   119.147   184.000     2.495    83.275     0.000
  1241.650   120.034   185.000     2.509    83.275     0.000
  1250.846   120.923   186.000     2.523    80.364     0.000
  1260.065   121.814   187.000     2.537    80.364     0.000
  1269.306   122.707   188.000     2.550    80.364     0.000
  1278.570   123.603   189.000     2.564    80.364     0.000
  1287.856   124.500   190.000     2.578    80.364     0.000
  1297.165   125.400   191.000     2.592    77.618     0.000
  1306.495   126.302   192.000     2.606    77.618     0.000
  1315.848   127.207   193.000     2.620    77.618     0.000
  1325.224   128.113   194.000     2.634    77.618     0.000
  1334.621   129.021   195.000     2.648    75.025     0.000
  1344.041   129.932   196.000     2.662    75.025     0.000
  1353.482   130.845   197.000     2.675    75.025     0.000
  1362.946   131.760   198.000     2.689    75.025     0.000
  1372.432   132.677   199.000     2.703    75.025     0.000
  1381.939   133.596   200.000     2.717    72.573     0.000
  1391.469   134.517   201.000     2.731    72.573     0.000
  1401.020   135.440   202.000     2.745    72.573     0.000
  1410.593   136.366   203.000     2.759    72.573     0.000
  1420.187   137.293   204.000     2.773    72.573     0.000
  1429.803   138.223   205.000     2.787    70.252     0.000
  1439.441   139.155   206.000     2.800    70.252     0.000
............................. Reached Chronic Mixing Zone ..........................
  1449.101   140.088   207.000     2.814    70.252     0.000
  1458.782   141.024   208.000     2.828    70.252     0.000
  1468.484   141.962   209.000     2.842    70.252     0.000
  1478.208   142.902   210.000     2.856    68.053     0.000
  1487.953   143.844   211.000     2.870    68.053     0.000
  1497.720   144.789   212.000     2.884    68.053     0.000
  1507.507   145.735   213.000     2.898    68.053     0.000
  1517.316   146.683   214.000     2.912    65.965     0.000
  1527.147   147.633   215.000     2.925    65.965     0.000
  1536.998   148.586   216.000     2.939    65.965     0.000
  1546.870   149.540   217.000     2.953    65.965     0.000
  1556.764   150.497   218.000     2.967    65.965     0.000
  1566.678   151.455   219.000     2.981    63.982     0.000
  1576.614   152.415   220.000     2.995    63.982     0.000
  1586.570   153.378   221.000     3.009    63.982     0.000
  1596.547   154.343   222.000     3.023    63.982     0.000
  1606.545   155.309   223.000     3.037    63.982     0.000
  1616.564   156.278   224.000     3.050    62.097     0.000
  1626.604   157.248   225.000     3.064    62.097     0.000
  1636.664   158.221   226.000     3.078    62.097     0.000
  1646.745   159.195   227.000     3.092    62.097     0.000
  1656.847   160.172   228.000     3.106    62.097     0.000
  1666.969   161.150   229.000     3.120    60.302     0.000
  1677.111   162.131   230.000     3.134    60.302     0.000
  1687.274   163.113   231.000     3.148    60.302     0.000
  1697.458   164.098   232.000     3.162    60.302     0.000
  1707.662   165.084   233.000     3.175    58.593     0.000
  1717.886   166.073   234.000     3.189    58.593     0.000
  1728.131   167.063   235.000     3.203    58.593     0.000
  1738.396   168.055   236.000     3.217    58.593     0.000
  1748.681   169.050   237.000     3.231    58.593     0.000
  1758.987   170.046   238.000     3.245    56.962     0.000
  1769.312   171.044   239.000     3.259    56.962     0.000
  1779.658   172.044   240.000     3.273    56.962     0.000
  1790.024   173.046   241.000     3.287    56.962     0.000
  1800.409   174.050   242.000     3.300    56.962     0.000
  1810.815   175.056   243.000     3.314    55.406     0.000
  1821.241   176.064   244.000     3.328    55.406     0.000
  1831.687   177.074   245.000     3.342    55.406     0.000
  1842.153   178.086   246.000     3.356    55.406     0.000
  1852.638   179.100   247.000     3.370    55.406     0.000
  1863.143   180.115   248.000     3.384    53.919     0.000
  1873.668   181.133   249.000     3.398    53.919     0.000
  1884.213   182.152   250.000     3.412    53.919     0.000
  1894.778   183.173   251.000     3.425    53.919     0.000
  1905.362   184.197   252.000     3.439    52.498     0.000
  1915.966   185.222   253.000     3.453    52.498     0.000
  1926.589   186.249   254.000     3.467    52.498     0.000
  1937.232   187.277   255.000     3.481    52.498     0.000
  1947.895   188.308   256.000     3.495    52.498     0.000
  1958.577   189.341   257.000     3.509    51.138     0.000
  1969.278   190.375   258.000     3.523    51.138     0.000
  1979.999   191.412   259.000     3.537    51.138     0.000
  1990.740   192.450   260.000     3.550    51.138     0.000
  2001.499   193.490   261.000     3.564    51.138     0.000
  2012.278   194.532   262.000     3.578    49.836     0.000
  2023.076   195.576   263.000     3.592    49.836     0.000
  2033.894   196.622   264.000     3.606    49.836     0.000
  2044.731   197.670   265.000     3.620    49.836     0.000
  2055.587   198.719   266.000     3.634    49.836     0.000
  2066.462   199.770   267.000     3.648    48.588     0.000
  2077.356   200.824   268.000     3.662    48.588     0.000
  2088.269   201.879   269.000     3.675    48.588     0.000
  2099.201   202.935   270.000     3.689    48.588     0.000
  2110.152   203.994   271.000     3.703    48.588     0.000
  2121.123   205.055   272.000     3.717    47.391     0.000
  2132.112   206.117   273.000     3.731    47.391     0.000
  2143.120   207.181   274.000     3.745    47.391     0.000
  2154.147   208.247   275.000     3.759    47.391     0.000
  2165.193   209.315   276.000     3.773    46.243     0.000
  2176.257   210.385   277.000     3.787    46.243     0.000
  2187.341   211.456   278.000     3.800    46.243     0.000
  2198.443   212.529   279.000     3.814    46.243     0.000
  2209.564   213.605   280.000     3.828    46.243     0.000
  2220.703   214.681   281.000     3.842    45.140     0.000
  2231.862   215.760   282.000     3.856    45.140     0.000
  2243.039   216.841   283.000     3.870    45.140     0.000
  2254.234   217.923   284.000     3.884    45.140     0.000
  2265.448   219.007   285.000     3.898    45.140     0.000
  2276.681   220.093   286.000     3.912    44.080     0.000
  2287.932   221.181   287.000     3.925    44.080     0.000
  2299.201   222.270   288.000     3.939    44.080     0.000
  2310.489   223.361   289.000     3.953    44.080     0.000
  2321.796   224.454   290.000     3.967    44.080     0.000
  2333.120   225.549   291.000     3.981    43.062     0.000
  2344.464   226.646   292.000     3.995    43.062     0.000
  2355.825   227.744   293.000     4.009    43.062     0.000
  2367.205   228.844   294.000     4.023    43.062     0.000
  2378.603   229.946   295.000     4.037    42.082     0.000
  2390.019   231.050   296.000     4.050    42.082     0.000
  2401.454   232.155   297.000     4.064    42.082     0.000
  2412.906   233.262   298.000     4.078    42.082     0.000
  2424.377   234.371   299.000     4.092    42.082     0.000
  2435.866   235.482   300.000     4.106    41.138     0.000
  2447.373   236.594   301.000     4.120    41.138     0.000
  2458.898   237.708   302.000     4.134    41.138     0.000
  2470.441   238.824   303.000     4.148    41.138     0.000
  2482.002   239.942   304.000     4.162    41.138     0.000
  2493.581   241.061   305.000     4.175    40.229     0.000
  2505.178   242.182   306.000     4.189    40.229     0.000
  2516.793   243.305   307.000     4.203    40.229     0.000
  2528.426   244.430   308.000     4.217    40.229     0.000
  2540.077   245.556   309.000     4.231    40.229     0.000
  2551.745   246.684   310.000     4.245    39.354     0.000
  2563.432   247.814   311.000     4.259    39.354     0.000
  2575.136   248.945   312.000     4.273    39.354     0.000
  2586.858   250.079   313.000     4.287    39.354     0.000
  2598.597   251.214   314.000     4.300    38.509     0.000
  2610.355   252.350   315.000     4.314    38.509     0.000
  2622.130   253.488   316.000     4.328    38.509     0.000
  2633.922   254.628   317.000     4.342    38.509     0.000
  2645.733   255.770   318.000     4.356    38.509     0.000
  2657.561   256.914   319.000     4.370    37.694     0.000
  2669.406   258.059   320.000     4.384    37.694     0.000
  2681.269   259.206   321.000     4.398    37.694     0.000
  2693.150   260.354   322.000     4.412    37.694     0.000
  2705.048   261.504   323.000     4.425    37.694     0.000
  2716.963   262.656   324.000     4.439    36.908     0.000
  2728.896   263.810   325.000     4.453    36.908     0.000
  2740.847   264.965   326.000     4.467    36.908     0.000
  2752.814   266.122   327.000     4.481    36.908     0.000
  2764.799   267.281   328.000     4.495    36.908     0.000
  2776.802   268.441   329.000     4.509    36.149     0.000
  2788.822   269.603   330.000     4.523    36.149     0.000
  2800.859   270.767   331.000     4.537    36.149     0.000
  2812.913   271.932   332.000     4.550    36.149     0.000
  2824.985   273.099   333.000     4.564    35.415     0.000
  2837.074   274.268   334.000     4.578    35.415     0.000
  2849.180   275.438   335.000     4.592    35.415     0.000
  2861.303   276.610   336.000     4.606    35.415     0.000
  2873.443   277.784   337.000     4.620    35.415     0.000
  2885.601   278.959   338.000     4.634    34.706     0.000
  2897.775   280.136   339.000     4.648    34.706     0.000
  2909.967   281.314   340.000     4.662    34.706     0.000
  2922.176   282.495   341.000     4.675    34.706     0.000
  2934.401   283.677   342.000     4.689    34.706     0.000
  2946.644   284.860   343.000     4.703    34.020     0.000
  2958.904   286.045   344.000     4.717    34.020     0.000
  2971.180   287.232   345.000     4.731    34.020     0.000
  2983.474   288.421   346.000     4.745    34.020     0.000
  2995.784   289.611   347.000     4.759    34.020     0.000
  3008.112   290.802   348.000     4.773    33.356     0.000
  3020.456   291.996   349.000     4.787    33.356     0.000
  3032.817   293.191   350.000     4.800    33.356     0.000
  3045.195   294.387   351.000     4.814    33.356     0.000
  3057.590   295.586   352.000     4.828    32.714     0.000
  3070.001   296.785   353.000     4.842    32.714     0.000
  3082.429   297.987   354.000     4.856    32.714     0.000
  3094.874   299.190   355.000     4.870    32.714     0.000
  3107.336   300.395   356.000     4.884    32.714     0.000
  3119.814   301.601   357.000     4.898    32.092     0.000
  3132.309   302.809   358.000     4.912    32.092     0.000
  3144.821   304.018   359.000     4.925    32.092     0.000
  3157.349   305.230   360.000     4.939    32.092     0.000
  3169.894   306.442   361.000     4.953    32.092     0.000
  3182.455   307.657   362.000     4.967    31.490     0.000
  3195.033   308.873   363.000     4.981    31.490     0.000
  3207.628   310.090   364.000     4.995    31.490     0.000
  3220.239   311.309   365.000     5.009    31.490     0.000
  3232.866   312.530   366.000     5.023    31.490     0.000
  3245.510   313.752   367.000     5.037    30.906     0.000
  3258.170   314.976   368.000     5.050    30.906     0.000
  3270.847   316.202   369.000     5.064    30.906     0.000
  3283.540   317.429   370.000     5.078    30.906     0.000
  3296.250   318.658   371.000     5.092    30.340     0.000
  3308.976   319.888   372.000     5.106    30.340     0.000
  3321.718   321.120   373.000     5.120    30.340     0.000
  3334.477   322.353   374.000     5.134    30.340     0.000
  3347.251   323.588   375.000     5.148    30.340     0.000
  3360.043   324.825   376.000     5.162    29.791     0.000
  3372.850   326.063   377.000     5.175    29.791     0.000
  3385.674   327.302   378.000     5.189    29.791     0.000
  3398.513   328.544   379.000     5.203    29.791     0.000
  3411.369   329.786   380.000     5.217    29.791     0.000
  3424.242   331.031   381.000     5.231    29.258     0.000
  3437.130   332.277   382.000     5.245    29.258     0.000
  3450.034   333.524   383.000     5.259    29.258     0.000
  3462.955   334.773   384.000     5.273    29.258     0.000
  3475.892   336.024   385.000     5.287    29.258     0.000
  3488.844   337.276   386.000     5.300    28.741     0.000
  3501.813   338.530   387.000     5.314    28.741     0.000
  3514.798   339.785   388.000     5.328    28.741     0.000
  3527.799   341.042   389.000     5.342    28.741     0.000
  3540.816   342.300   390.000     5.356    28.741     0.000
  3553.848   343.560   391.000     5.370    28.239     0.000
  3566.897   344.822   392.000     5.384    28.239     0.000
  3579.962   346.085   393.000     5.398    28.239     0.000
  3593.042   347.349   394.000     5.412    28.239     0.000
  3606.139   348.615   395.000     5.425    27.752     0.000
  3619.251   349.883   396.000     5.439    27.752     0.000
  3632.379   351.152   397.000     5.453    27.752     0.000
  3645.523   352.423   398.000     5.467    27.752     0.000
  3658.683   353.695   399.000     5.481    27.752     0.000
  3671.859   354.969   400.000     5.495    27.278     0.000
  3685.050   356.244   401.000     5.509    27.278     0.000
  3698.257   357.521   402.000     5.523    27.278     0.000
  3711.480   358.799   403.000     5.537    27.278     0.000
  3724.719   360.079   404.000     5.550    27.278     0.000
  3737.973   361.360   405.000     5.564    26.818     0.000
  3751.243   362.643   406.000     5.578    26.818     0.000
  3764.529   363.927   407.000     5.592    26.818     0.000
  3777.830   365.213   408.000     5.606    26.818     0.000
  3791.147   366.501   409.000     5.620    26.818     0.000
  3804.480   367.790   410.000     5.634    26.371     0.000
  3817.828   369.080   411.000     5.648    26.371     0.000
  3831.192   370.372   412.000     5.662    26.371     0.000
  3844.571   371.665   413.000     5.675    26.371     0.000
  3857.966   372.960   414.000     5.689    25.936     0.000
  3871.376   374.257   415.000     5.703    25.936     0.000
  3884.802   375.555   416.000     5.717    25.936     0.000
  3898.244   376.854   417.000     5.731    25.936     0.000
  3911.700   378.155   418.000     5.745    25.936     0.000
  3925.173   379.457   419.000     5.759    25.512     0.000
  3938.660   380.761   420.000     5.773    25.512     0.000
  3952.164   382.066   421.000     5.787    25.512     0.000
  3965.682   383.373   422.000     5.800    25.512     0.000
  3979.216   384.682   423.000     5.814    25.512     0.000
  3992.765   385.992   424.000     5.828    25.100     0.000
  4006.330   387.303   425.000     5.842    25.100     0.000
  4019.910   388.616   426.000     5.856    25.100     0.000
  4033.505   389.930   427.000     5.870    25.100     0.000
  4047.115   391.246   428.000     5.884    25.100     0.000
  4060.741   392.563   429.000     5.898    24.699     0.000
  4074.382   393.882   430.000     5.912    24.699     0.000
  4088.039   395.202   431.000     5.925    24.699     0.000
  4101.710   396.524   432.000     5.939    24.699     0.000
  4115.397   397.847   433.000     5.953    24.309     0.000
  4129.099   399.171   434.000     5.967    24.309     0.000
  4142.816   400.497   435.000     5.981    24.309     0.000
  4156.548   401.825   436.000     5.995    24.309     0.000
  4170.296   403.154   437.000     6.009    24.309     0.000
  4184.058   404.484   438.000     6.023    23.929     0.000
  4197.836   405.816   439.000     6.037    23.929     0.000
  4211.628   407.150   440.000     6.050    23.929     0.000
  4225.436   408.484   441.000     6.064    23.929     0.000
  4239.259   409.821   442.000     6.078    23.929     0.000
  4253.097   411.159   443.000     6.092    23.558     0.000
  4266.950   412.498   444.000     6.106    23.558     0.000
  4280.818   413.838   445.000     6.120    23.558     0.000
  4294.701   415.180   446.000     6.134    23.558     0.000
  4308.598   416.524   447.000     6.148    23.558     0.000
  4322.511   417.869   448.000     6.162    23.198     0.000
  4336.439   419.215   449.000     6.175    23.198     0.000
  4350.382   420.563   450.000     6.189    23.198     0.000
  4364.339   421.913   451.000     6.203    23.198     0.000
  4378.312   423.263   452.000     6.217    22.846     0.000
  4392.299   424.616   453.000     6.231    22.846     0.000
  4406.301   425.969   454.000     6.245    22.846     0.000
  4420.319   427.324   455.000     6.259    22.846     0.000
  4434.351   428.681   456.000     6.273    22.846     0.000
  4448.397   430.039   457.000     6.287    22.503     0.000
  4462.459   431.398   458.000     6.300    22.503     0.000
  4476.535   432.759   459.000     6.314    22.503     0.000
  4490.626   434.121   460.000     6.328    22.503     0.000
  4504.732   435.485   461.000     6.342    22.503     0.000
  4518.853   436.850   462.000     6.356    22.168     0.000
  4532.988   438.216   463.000     6.370    22.168     0.000
  4547.138   439.584   464.000     6.384    22.168     0.000
  4561.303   440.954   465.000     6.398    22.168     0.000
  4575.482   442.324   466.000     6.412    22.168     0.000
  4589.676   443.697   467.000     6.425    21.842     0.000
  4603.885   445.070   468.000     6.439    21.842     0.000
  4618.108   446.445   469.000     6.453    21.842     0.000
  4632.346   447.822   470.000     6.467    21.842     0.000
  4646.599   449.199   471.000     6.481    21.523     0.000
  4660.866   450.579   472.000     6.495    21.523     0.000
  4675.148   451.959   473.000     6.509    21.523     0.000
  4689.444   453.341   474.000     6.523    21.523     0.000
  4703.755   454.725   475.000     6.537    21.523     0.000
  4718.080   456.110   476.000     6.550    21.213     0.000
  4732.420   457.496   477.000     6.564    21.213     0.000
  4746.774   458.884   478.000     6.578    21.213     0.000
  4761.143   460.273   479.000     6.592    21.213     0.000
  4775.527   461.663   480.000     6.606    21.213     0.000
  4789.924   463.055   481.000     6.620    20.909     0.000
  4804.337   464.448   482.000     6.634    20.909     0.000
  4818.763   465.843   483.000     6.648    20.909     0.000
  4833.204   467.239   484.000     6.662    20.909     0.000
  4847.660   468.637   485.000     6.675    20.909     0.000
  4862.130   470.035   486.000     6.689    20.613     0.000
  4876.614   471.436   487.000     6.703    20.613     0.000
  4891.112   472.837   488.000     6.717    20.613     0.000
  4905.625   474.240   489.000     6.731    20.613     0.000
  4920.152   475.645   490.000     6.745    20.613     0.000
  4934.694   477.050   491.000     6.759    20.324     0.000
  4949.250   478.457   492.000     6.773    20.324     0.000
  4963.820   479.866   493.000     6.787    20.324     0.000
  4978.404   481.276   494.000     6.800    20.324     0.000
  4993.003   482.687   495.000     6.814    20.041     0.000
  5007.616   484.100   496.000     6.828    20.041     0.000
  5022.243   485.514   497.000     6.842    20.041     0.000
  5036.884   486.929   498.000     6.856    20.041     0.000
  5051.540   488.346   499.000     6.870    20.041     0.000
  5066.210   489.764   500.000     6.884    19.765     0.000
  5080.893   491.184   501.000     6.898    19.765     0.000
  5095.591   492.605   502.000     6.912    19.765     0.000
  5110.304   494.027   503.000     6.925    19.765     0.000
  5125.030   495.451   504.000     6.939    19.765     0.000
  5129.509   495.884   504.304     6.944    19.496     0.000
