****************************************************************************************************
----------------------------------------------------------------------------------------------------
Ambient Table:
     Depth   Amb-cur   Amb-dir   Amb-sal   Amb-tem   Amb-pol     Decay   Far-spd   Far-dir   Disprsn
       (m)     (m/s)     (deg)     (psu)       (C)    (mg/L)   (1/day)     (m/s)     (deg)(m0.67/s2)
     0.000     0.020    90.000    30.900    11.200     0.000     0.000     0.020    90.000   0.00030
     3.000     0.020    90.000    31.200    10.400     0.000     0.000     0.020    90.000   0.00030
     6.000     0.020    90.000    31.200     9.690     0.000     0.000     0.020    90.000   0.00030
     9.000     0.020    90.000    31.700     9.440     0.000     0.000     0.020    90.000   0.00030
    12.000     0.020    90.000    31.800     9.340     0.000     0.000     0.020    90.000   0.00030
    15.000     0.050    90.000    31.900     9.220     0.000     0.000     0.020    90.000   0.00030
----------------------------------------------------------------------------------------------------
Diffuser Table:
     P-dia    P-elev   V-angle   H-angle     Ports   Spacing   AcuteMZ   ChrncMZ   P-depth   Ttl-flo   Eff-sal      Temp   Polutnt
       (m)       (m)     (deg)     (deg)       ( )       (m)       (m)       (m)       (m)     (cms)     (psu)       (C)    (mg/L)
      0.40     15.00    -45.00     90.00      1.00      0.00     20.70    207.00      2.40      0.00     35.00     10.00 100000.00
----------------------------------------------------------------------------------------------------
Simulation Results:
              Dilutn     P-dia    x-posn    y-posn     Depth      Time   Net-Dil     P-Den    P-Con.     P-Sal    P-Temp  Amb-Curr    CL-Dil
      Step (FluxAvg)       (m)       (m)       (m)       (m)       (s)        ()   (kg/m3)    (mg/L)     (psu)       (C)     (m/s)        ()
         1     1.006     0.313     0.000     0.009    -2.411     0.244     1.006  1026.955 99391.073    34.977    10.003     0.020     1.000
         2     1.007     0.299     0.000     0.010    -2.412     0.264     1.007  1026.952 99288.817    34.973    10.004     0.020     1.000
         3     1.008     0.298     0.000     0.011    -2.413     0.286     1.008  1026.948 99157.430    34.968    10.005     0.020     1.000
         4     1.010     0.298     0.000     0.011    -2.414     0.309     1.010  1026.944 99016.902    34.962    10.005     0.020     1.000
         5     1.011     0.297     0.000     0.012    -2.415     0.332     1.011  1026.939 98867.338    34.956    10.006     0.020     1.000
         6     1.013     0.296     0.000     0.013    -2.416     0.356     1.013  1026.934 98708.043    34.950    10.007     0.020     1.000
         7     1.015     0.295     0.000     0.014    -2.417     0.381     1.015  1026.929 98538.219    34.944    10.008     0.020     1.000
         8     1.017     0.294     0.000     0.015    -2.418     0.405     1.017  1026.923 98356.981    34.937    10.009     0.020     1.000
         9     1.019     0.293     0.000     0.016    -2.419     0.431     1.019  1026.917 98163.356    34.929    10.010     0.020     1.000
        10     1.021     0.292     0.000     0.017    -2.421     0.457     1.021  1026.911 97956.263    34.921    10.011     0.020     1.000
        11     1.023     0.291     0.000     0.018    -2.422     0.484     1.023  1026.904 97734.503    34.913    10.013     0.020     1.000
        12     1.026     0.290     0.000     0.019    -2.423     0.511     1.026  1026.897 97496.741    34.904    10.014     0.020     1.000
        13     1.028     0.290     0.000     0.020    -2.425     0.539     1.028  1026.889 97241.488    34.894    10.015     0.020     1.000
        14     1.031     0.289     0.000     0.021    -2.426     0.568     1.031  1026.880 96967.073    34.883    10.017     0.020     1.000
        15     1.034     0.288     0.000     0.022    -2.428     0.598     1.034  1026.871 96671.621    34.872    10.018     0.020     1.000
        16     1.038     0.287     0.000     0.023    -2.430     0.628     1.038  1026.861 96353.014    34.860    10.020     0.020     1.000
        17     1.042     0.287     0.000     0.024    -2.431     0.660     1.042  1026.851 96012.454    34.847    10.022     0.020     1.000
        18     1.045     0.286     0.000     0.025    -2.433     0.692     1.045  1026.840 95659.391    34.833    10.024     0.020     1.000
        19     1.049     0.285     0.000     0.027    -2.435     0.725     1.049  1026.829 95294.572    34.819    10.026     0.020     1.000
        20     1.054     0.284     0.000     0.028    -2.437     0.760     1.054  1026.817 94917.453    34.804    10.028     0.020     1.000
        21     1.058     0.284     0.000     0.029    -2.439     0.795     1.058  1026.805 94527.475    34.789    10.030     0.020     1.000
        22     1.062     0.283     0.000     0.030    -2.441     0.831     1.062  1026.793 94124.046    34.774    10.032     0.020     1.000
        23     1.067     0.283     0.000     0.032    -2.443     0.868     1.067  1026.780 93706.538    34.758    10.035     0.020     1.000
        24     1.072     0.282     0.000     0.033    -2.445     0.906     1.072  1026.766 93274.289    34.741    10.037     0.020     1.000
        25     1.077     0.281     0.000     0.034    -2.448     0.946     1.077  1026.752 92826.595    34.724    10.040     0.020     1.000
        26     1.083     0.281     0.000     0.036    -2.450     0.986     1.083  1026.738 92362.708    34.706    10.042     0.020     1.000
        27     1.088     0.280     0.000     0.037    -2.453     1.028     1.088  1026.723 91881.836    34.688    10.045     0.020     1.000
        28     1.094     0.280     0.000     0.039    -2.456     1.071     1.094  1026.708 91383.137    34.669    10.047     0.020     1.000
        29     1.101     0.279     0.000     0.040    -2.458     1.116     1.101  1026.692 90865.716    34.649    10.050     0.020     1.000
        30     1.107     0.278     0.000     0.042    -2.461     1.162     1.107  1026.675 90328.620    34.628    10.053     0.020     1.000
        31     1.114     0.278     0.000     0.044    -2.464     1.210     1.114  1026.658 89770.836    34.607    10.056     0.020     1.000
        32     1.121     0.278     0.000     0.046    -2.468     1.260     1.121  1026.640 89191.283    34.584    10.059     0.020     1.000
        33     1.129     0.277     0.000     0.047    -2.471     1.311     1.129  1026.621 88588.807    34.561    10.063     0.020     1.000
        34     1.137     0.277     0.000     0.049    -2.475     1.364     1.137  1026.602 87962.177    34.537    10.066     0.020     1.000
        35     1.145     0.276     0.000     0.051    -2.479     1.419     1.145  1026.582 87310.080    34.512    10.069     0.020     1.000
        36     1.154     0.276     0.000     0.053    -2.483     1.477     1.154  1026.561 86631.107    34.486    10.073     0.020     1.000
        37     1.164     0.276     0.000     0.055    -2.487     1.537     1.164  1026.539 85923.753    34.459    10.077     0.020     1.000
        38     1.174     0.276     0.000     0.057    -2.491     1.599     1.174  1026.516 85186.402    34.430    10.081     0.020     1.000
        39     1.185     0.275     0.000     0.060    -2.496     1.664     1.185  1026.493 84417.323    34.401    10.085     0.020     1.000
        40     1.196     0.275     0.000     0.062    -2.501     1.732     1.196  1026.468 83614.652    34.370    10.089     0.020     1.000
        41     1.208     0.275     0.000     0.064    -2.506     1.803     1.208  1026.442 82776.388    34.338    10.094     0.020     1.000
        42     1.221     0.275     0.000     0.067    -2.512     1.878     1.221  1026.415 81900.372    34.304    10.098     0.020     1.000
        43     1.235     0.275     0.000     0.069    -2.518     1.956     1.235  1026.387 80983.280    34.269    10.103     0.020     1.000
        44     1.250     0.276     0.000     0.072    -2.524     2.038     1.250  1026.357 80020.901    34.232    10.108     0.020     1.000
        45     1.266     0.276     0.000     0.075    -2.531     2.125     1.266  1026.326 79009.828    34.193    10.114     0.020     1.000
        46     1.283     0.276     0.000     0.078    -2.539     2.216     1.283  1026.293 77946.888    34.152    10.119     0.020     1.000
        47     1.302     0.277     0.000     0.081    -2.546     2.313     1.302  1026.259 76828.729    34.109    10.125     0.020     1.000
        48     1.322     0.278     0.000     0.085    -2.555     2.416     1.322  1026.223 75651.722    34.064    10.131     0.020     1.000
        49     1.344     0.279     0.000     0.088    -2.564     2.525     1.344  1026.184 74411.903    34.017    10.137     0.020     1.000
        50     1.368     0.280     0.000     0.092    -2.574     2.642     1.368  1026.144 73104.927    33.966    10.144     0.020     1.000
        51     1.394     0.281     0.000     0.096    -2.584     2.766     1.394  1026.102 71726.024    33.914    10.151     0.020     1.000
        52     1.422     0.282     0.000     0.100    -2.595     2.896     1.422  1026.058 70316.663    33.860    10.158     0.020     1.000
        53     1.451     0.284     0.000     0.104    -2.607     3.025     1.451  1026.016 68935.055    33.807    10.165     0.020     1.000
        54     1.480     0.285     0.000     0.108    -2.618     3.153     1.480  1025.974 67580.649    33.755    10.172     0.020     1.000
        55     1.509     0.287     0.000     0.112    -2.629     3.282     1.509  1025.934 66252.908    33.704    10.178     0.020     1.000
        56     1.540     0.289     0.000     0.116    -2.641     3.411     1.540  1025.894 64951.306    33.654    10.185     0.020     1.000
        57     1.570     0.291     0.000     0.120    -2.652     3.540     1.570  1025.855 63675.325    33.605    10.191     0.020     1.000
        58     1.602     0.293     0.000     0.124    -2.664     3.669     1.602  1025.816 62424.459    33.557    10.197     0.020     1.000
        59     1.634     0.295     0.000     0.128    -2.676     3.799     1.634  1025.779 61198.213    33.510    10.203     0.020     1.000
        60     1.667     0.297     0.000     0.132    -2.688     3.929     1.667  1025.742 59996.099    33.464    10.208     0.020     1.000
        61     1.700     0.300     0.000     0.136    -2.700     4.060     1.700  1025.706 58817.641    33.419    10.214     0.020     1.000
        62     1.734     0.302     0.000     0.140    -2.712     4.191     1.734  1025.671 57662.372    33.375    10.219     0.020     1.000
        63     1.769     0.305     0.000     0.144    -2.724     4.323     1.769  1025.636 56529.834    33.332    10.224     0.020     1.000
        64     1.804     0.307     0.000     0.148    -2.737     4.455     1.804  1025.603 55419.579    33.290    10.229     0.020     1.000
        65     1.841     0.310     0.000     0.152    -2.749     4.589     1.841  1025.570 54331.165    33.248    10.234     0.020     1.000
        66     1.877     0.313     0.000     0.155    -2.762     4.723     1.877  1025.537 53264.163    33.207    10.238     0.020     1.000
        67     1.915     0.315     0.000     0.159    -2.774     4.858     1.915  1025.505 52218.149    33.168    10.243     0.020     1.000
        68     1.953     0.318     0.000     0.163    -2.787     4.995     1.953  1025.474 51192.710    33.129    10.247     0.020     1.000
        69     1.993     0.321     0.000     0.167    -2.800     5.132     1.993  1025.444 50187.440    33.090    10.251     0.020     1.000
        70     2.032     0.324     0.000     0.171    -2.813     5.271     2.032  1025.414 49201.940    33.053    10.255     0.020     1.016
        71     2.073     0.327     0.000     0.175    -2.826     5.410     2.073  1025.385 48235.821    33.016    10.259     0.020     1.037
        72     2.115     0.331     0.000     0.179    -2.840     5.551     2.115  1025.356 47288.700    32.980    10.263     0.020     1.057
        73     2.157     0.334     0.000     0.183    -2.853     5.694     2.157  1025.328 46360.203    32.945    10.267     0.020     1.079
        74     2.200     0.337     0.000     0.187    -2.867     5.837     2.200  1025.300 45449.963    32.910    10.270     0.020     1.100
        75     2.244     0.340     0.000     0.191    -2.881     5.982     2.244  1025.274 44557.619    32.877    10.273     0.020     1.122
        76     2.289     0.344     0.000     0.195    -2.894     6.128     2.289  1025.247 43682.819    32.843    10.277     0.020     1.145
        77     2.335     0.347     0.000     0.199    -2.908     6.276     2.335  1025.222 42825.217    32.811    10.280     0.020     1.168
        78     2.382     0.351     0.000     0.203    -2.923     6.426     2.382  1025.196 41984.473    32.779    10.283     0.020     1.191
        79     2.430     0.355     0.000     0.207    -2.937     6.577     2.430  1025.172 41160.257    32.748    10.285     0.020     1.215
        80     2.478     0.358     0.000     0.211    -2.951     6.729     2.478  1025.147 40352.241    32.717    10.288     0.020     1.239
        81     2.528     0.362     0.000     0.215    -2.966     6.884     2.528  1025.124 39560.107    32.688    10.291     0.020     1.264
        82     2.578     0.366     0.000     0.219    -2.980     7.040     2.578  1025.101 38783.542    32.658    10.293     0.020     1.289
        83     2.630     0.370     0.000     0.224    -2.995     7.197     2.630  1025.078 38022.239    32.630    10.295     0.020     1.315
        84     2.683     0.374     0.000     0.228    -3.010     7.357     2.683  1025.056 37275.898    32.602    10.297     0.020     1.341
        85     2.736     0.378     0.000     0.232    -3.025     7.518     2.736  1025.034 36544.223    32.574    10.299     0.020     1.368
        86     2.791     0.382     0.000     0.236    -3.041     7.682     2.791  1025.013 35826.926    32.547    10.301     0.020     1.396
        87     2.847     0.386     0.000     0.241    -3.056     7.847     2.847  1024.992 35123.722    32.521    10.303     0.020     1.424
        88     2.904     0.391     0.000     0.245    -3.072     8.014     2.904  1024.971 34434.336    32.495    10.305     0.020     1.452
        89     2.962     0.395     0.000     0.249    -3.087     8.184     2.962  1024.951 33758.493    32.469    10.306     0.020     1.481
        90     3.022     0.399     0.000     0.254    -3.103     8.355     3.022  1024.932 33095.929    32.445    10.308     0.020     1.511
        91     3.082     0.404     0.000     0.258    -3.119     8.528     3.082  1024.913 32446.380    32.420    10.309     0.020     1.541
        92     3.144     0.408     0.000     0.263    -3.136     8.704     3.144  1024.894 31809.593    32.396    10.311     0.020     1.572
        93     3.207     0.413     0.000     0.267    -3.152     8.882     3.207  1024.875 31185.314    32.373    10.312     0.020     1.603
        94     3.271     0.418     0.000     0.272    -3.168     9.062     3.271  1024.857 30573.298    32.350    10.313     0.020     1.635
        95     3.336     0.423     0.000     0.276    -3.185     9.245     3.336  1024.840 29973.304    32.327    10.314     0.020     1.668
        96     3.403     0.427     0.000     0.281    -3.202     9.429     3.403  1024.822 29385.095    32.305    10.315     0.020     1.702
        97     3.471     0.432     0.000     0.285    -3.219     9.617     3.471  1024.805 28808.439    32.283    10.316     0.020     1.736
        98     3.541     0.437     0.000     0.290    -3.236     9.806     3.541  1024.789 28243.109    32.262    10.316     0.020     1.770
        99     3.612     0.442     0.000     0.295    -3.254     9.998     3.612  1024.772 27688.882    32.241    10.317     0.020     1.806
       100     3.684     0.447     0.000     0.300    -3.271    10.193     3.684  1024.756 27145.540    32.221    10.318     0.020     1.842
       101     3.758     0.453     0.000     0.304    -3.289    10.390     3.758  1024.741 26612.868    32.201    10.318     0.020     1.879
       102     3.833     0.458     0.000     0.309    -3.307    10.590     3.833  1024.725 26090.657    32.181    10.318     0.020     1.916
       103     3.910     0.463     0.000     0.314    -3.325    10.792     3.910  1024.710 25578.701    32.162    10.319     0.020     1.955
       104     3.988     0.469     0.000     0.319    -3.343    10.998     3.988  1024.696 25076.798    32.143    10.319     0.020     1.994
       105     4.068     0.474     0.000     0.324    -3.362    11.206     4.068  1024.681 24584.751    32.125    10.319     0.020     2.034
       106     4.149     0.480     0.000     0.329    -3.380    11.416     4.149  1024.667 24102.365    32.107    10.319     0.020     2.074
       107     4.232     0.485     0.000     0.334    -3.399    11.630     4.232  1024.653 23629.451    32.089    10.319     0.020     2.116
       108     4.317     0.491     0.000     0.340    -3.418    11.847     4.317  1024.640 23165.823    32.071    10.319     0.020     2.158
       109     4.403     0.497     0.000     0.345    -3.437    12.066     4.403  1024.627 22711.298    32.054    10.318     0.020     2.202
       110     4.491     0.503     0.000     0.350    -3.456    12.289     4.491  1024.614 22265.696    32.038    10.318     0.020     2.246
       111     4.581     0.509     0.000     0.356    -3.476    12.514     4.581  1024.601 21828.844    32.021    10.318     0.020     2.291
       112     4.673     0.515     0.000     0.361    -3.496    12.743     4.673  1024.588 21400.567    32.005    10.317     0.020     2.336
       113     4.766     0.521     0.000     0.366    -3.516    12.975     4.766  1024.576 20980.699    31.989    10.317     0.020     2.383
       114     4.862     0.527     0.000     0.372    -3.536    13.210     4.862  1024.564 20569.074    31.974    10.316     0.020     2.431
       115     4.959     0.533     0.000     0.377    -3.556    13.448     4.959  1024.553 20165.529    31.959    10.315     0.020     2.479
       116     5.058     0.540     0.000     0.383    -3.577    13.690     5.058  1024.541 19769.906    31.944    10.314     0.020     2.529
       117     5.159     0.546     0.000     0.389    -3.597    13.935     5.159  1024.530 19382.049    31.929    10.313     0.020     2.580
       118     5.263     0.553     0.000     0.395    -3.618    14.184     5.263  1024.519 19001.806    31.915    10.312     0.020     2.631
       119     5.368     0.559     0.000     0.400    -3.640    14.436     5.368  1024.508 18629.026    31.901    10.311     0.020     2.684
       120     5.475     0.566     0.000     0.406    -3.661    14.691     5.475  1024.498 18263.564    31.887    10.310     0.020     2.738
       121     5.585     0.573     0.000     0.412    -3.682    14.951     5.585  1024.488 17905.275    31.874    10.309     0.020     2.792
       122     5.697     0.580     0.000     0.418    -3.704    15.214     5.697  1024.478 17554.019    31.860    10.308     0.020     2.848
       123     5.811     0.587     0.000     0.424    -3.726    15.480     5.811  1024.468 17209.658    31.847    10.306     0.020     2.905
       124     5.927     0.594     0.000     0.431    -3.748    15.751     5.927  1024.458 16872.055    31.835    10.305     0.020     2.963
       125     6.046     0.601     0.000     0.437    -3.771    16.025     6.046  1024.449 16541.078    31.822    10.303     0.020     3.023
       126     6.167     0.609     0.000     0.443    -3.793    16.304     6.167  1024.439 16216.597    31.810    10.302     0.020     3.083
       127     6.290     0.616     0.000     0.450    -3.816    16.586     6.290  1024.430 15898.485    31.798    10.300     0.020     3.145
       128     6.416     0.623     0.000     0.456    -3.839    16.872     6.416  1024.422 15586.615    31.786    10.298     0.020     3.208
       129     6.544     0.631     0.000     0.463    -3.863    17.163     6.544  1024.413 15280.867    31.775    10.297     0.020     3.272
       130     6.675     0.639     0.000     0.469    -3.886    17.458     6.675  1024.405 14981.118    31.764    10.295     0.020     3.338
       131     6.809     0.647     0.000     0.476    -3.910    17.757     6.809  1024.396 14687.252    31.753    10.293     0.020     3.404
       132     6.945     0.655     0.000     0.483    -3.934    18.060     6.945  1024.388 14399.153    31.742    10.291     0.020     3.472
       133     7.084     0.663     0.000     0.490    -3.958    18.368     7.084  1024.380 14116.708    31.731    10.289     0.020     3.542
       134     7.226     0.671     0.000     0.497    -3.983    18.680     7.226  1024.373 13839.805    31.721    10.287     0.020     3.613
       135     7.370     0.679     0.000     0.504    -4.007    18.997     7.370  1024.365 13568.336    31.711    10.284     0.020     3.685
       136     7.518     0.687     0.000     0.511    -4.032    19.318     7.518  1024.358 13302.194    31.701    10.282     0.020     3.759
       137     7.668     0.696     0.000     0.518    -4.057    19.644     7.668  1024.350 13041.275    31.691    10.280     0.020     3.834
       138     7.821     0.705     0.000     0.526    -4.083    19.975     7.821  1024.343 12785.475    31.681    10.277     0.020     3.911
       139     7.978     0.713     0.000     0.533    -4.108    20.311     7.978  1024.336 12534.695    31.672    10.275     0.020     3.989
       140     8.137     0.722     0.000     0.541    -4.134    20.652     8.137  1024.330 12288.836    31.662    10.272     0.020     4.069
       141     8.300     0.731     0.000     0.548    -4.160    20.998     8.300  1024.323 12047.800    31.653    10.270     0.020     4.150
       142     8.466     0.740     0.000     0.556    -4.187    21.348     8.466  1024.316 11811.495    31.644    10.267     0.020     4.233
       143     8.636     0.749     0.000     0.564    -4.213    21.705     8.636  1024.310 11579.825    31.636    10.264     0.020     4.318
       144     8.808     0.759     0.000     0.572    -4.240    22.066     8.808  1024.304 11352.701    31.627    10.261     0.020     4.404
       145     8.985     0.768     0.000     0.580    -4.267    22.433     8.985  1024.298 11130.034    31.619    10.258     0.020     4.492
       146     9.164     0.778     0.000     0.588    -4.295    22.805     9.164  1024.292 10911.735    31.611    10.255     0.020     4.582
       147     9.348     0.788     0.000     0.596    -4.322    23.183     9.348  1024.286 10697.720    31.603    10.252     0.020     4.674
       148     9.535     0.798     0.000     0.604    -4.350    23.566     9.535  1024.281 10487.903    31.595    10.249     0.020     4.767
       149     9.726     0.808     0.000     0.613    -4.378    23.955     9.726  1024.275 10282.203    31.587    10.246     0.020     4.863
       150     9.920     0.818     0.000     0.621    -4.407    24.350     9.920  1024.270 10080.538    31.579    10.243     0.020     4.960
       151    10.119     0.828     0.000     0.630    -4.435    24.751    10.119  1024.265  9882.830    31.572    10.239     0.020     5.059
       152    10.321     0.839     0.000     0.639    -4.464    25.158    10.321  1024.260  9689.001    31.565    10.236     0.020     5.160
       153    10.527     0.849     0.000     0.648    -4.494    25.571    10.527  1024.255  9498.974    31.557    10.233     0.020     5.264
       154    10.738     0.860     0.000     0.657    -4.523    25.990    10.738  1024.250  9312.676    31.550    10.229     0.020     5.369
       155    10.953     0.871     0.000     0.666    -4.553    26.416    10.953  1024.245  9130.032    31.544    10.226     0.020     5.476
       156    11.172     0.882     0.000     0.675    -4.583    26.848    11.172  1024.240  8950.971    31.537    10.222     0.020     5.586
       157    11.395     0.893     0.000     0.685    -4.613    27.286    11.395  1024.236  8775.423    31.530    10.218     0.020     5.698
       158    11.623     0.905     0.000     0.694    -4.644    27.732    11.623  1024.231  8603.319    31.524    10.214     0.020     5.812
       159    11.856     0.916     0.000     0.704    -4.675    28.184    11.856  1024.227  8434.591    31.517    10.211     0.020     5.928
       160    12.093     0.928     0.000     0.714    -4.706    28.643    12.093  1024.223  8269.173    31.511    10.207     0.020     6.047
       161    12.335     0.940     0.000     0.724    -4.737    29.109    12.335  1024.219  8107.000    31.505    10.203     0.020     6.168
       162    12.582     0.952     0.000     0.734    -4.769    29.582    12.582  1024.215  7948.008    31.499    10.199     0.020     6.291
       163    12.833     0.964     0.000     0.744    -4.801    30.062    12.833  1024.211  7792.136    31.493    10.195     0.020     6.417
       164    13.090     0.977     0.000     0.754    -4.833    30.550    13.090  1024.207  7639.321    31.487    10.190     0.020     6.545
       165    13.352     0.989     0.000     0.765    -4.866    31.045    13.352  1024.204  7489.503    31.482    10.186     0.020     6.676
       166    13.619     1.002     0.000     0.776    -4.898    31.548    13.619  1024.200  7342.624    31.476    10.182     0.020     6.810
       167    13.892     1.015     0.000     0.787    -4.932    32.058    13.892  1024.196  7198.627    31.471    10.177     0.020     6.946
       168    14.169     1.028     0.000     0.798    -4.965    32.577    14.169  1024.193  7057.454    31.466    10.173     0.020     7.085
       169    14.453     1.042     0.000     0.809    -4.999    33.103    14.453  1024.190  6919.050    31.460    10.168     0.020     7.226
       170    14.742     1.055     0.000     0.820    -5.033    33.638    14.742  1024.187  6783.361    31.455    10.164     0.020     7.371
       171    15.037     1.069     0.000     0.831    -5.067    34.181    15.037  1024.183  6650.334    31.450    10.159     0.020     7.518
       172    15.338     1.083     0.000     0.843    -5.102    34.733    15.338  1024.180  6519.916    31.445    10.155     0.020     7.669
       173    15.644     1.097     0.000     0.855    -5.136    35.293    15.644  1024.177  6392.056    31.441    10.150     0.020     7.822
       174    15.957     1.112     0.000     0.867    -5.172    35.862    15.957  1024.175  6266.704    31.436    10.145     0.020     7.979
       175    16.277     1.126     0.000     0.879    -5.207    36.440    16.277  1024.172  6143.811    31.431    10.140     0.020     8.138
       176    16.602     1.141     0.000     0.891    -5.243    37.027    16.602  1024.169  6023.328    31.427    10.135     0.020     8.301
       177    16.934     1.156     0.000     0.904    -5.279    37.623    16.934  1024.166  5905.208    31.422    10.130     0.020     8.467
       178    17.273     1.172     0.000     0.917    -5.315    38.229    17.273  1024.164  5789.406    31.418    10.125     0.020     8.636
       179    17.618     1.187     0.000     0.930    -5.352    38.844    17.618  1024.161  5675.874    31.414    10.120     0.020     8.809
       180    17.971     1.203     0.000     0.943    -5.389    39.469    17.971  1024.159  5564.569    31.409    10.114     0.020     8.985
       181    18.330     1.219     0.000     0.956    -5.426    40.104    18.330  1024.157  5455.448    31.405    10.109     0.020     9.165
       182    18.697     1.236     0.000     0.969    -5.464    40.749    18.697  1024.154  5348.467    31.401    10.104     0.020     9.348
       183    19.071     1.253     0.000     0.983    -5.502    41.405    19.071  1024.152  5243.584    31.397    10.098     0.020     9.535
       184    19.452     1.270     0.000     0.997    -5.540    42.071    19.452  1024.150  5140.758    31.393    10.093     0.020     9.726
       185    19.841     1.287     0.000     1.011    -5.579    42.748    19.841  1024.148  5039.949    31.390    10.087     0.020     9.921
       186    20.238     1.304     0.000     1.025    -5.617    43.435    20.238  1024.146  4941.117    31.386    10.081     0.020    10.119
       187    20.643     1.322     0.000     1.040    -5.657    44.134    20.643  1024.144  4844.223    31.382    10.076     0.020    10.322
       188    21.056     1.340     0.000     1.055    -5.696    44.845    21.056  1024.142  4749.230    31.379    10.070     0.020    10.528
       189    21.477     1.359     0.000     1.070    -5.736    45.566    21.477  1024.141  4656.100    31.375    10.064     0.020    10.739
       190    21.907     1.377     0.000     1.085    -5.776    46.300    21.907  1024.139  4564.796    31.372    10.058     0.020    10.953
       191    22.345     1.397     0.000     1.100    -5.816    47.046    22.345  1024.137  4475.283    31.368    10.052     0.020    11.172
       192    22.792     1.416     0.000     1.116    -5.857    47.804    22.792  1024.136  4387.526    31.365    10.046     0.020    11.396
       193    23.248     1.436     0.000     1.132    -5.897    48.574    23.248  1024.134  4301.489    31.362    10.040     0.020    11.624
       194    23.713     1.456     0.000     1.148    -5.939    49.357    23.713  1024.133  4217.140    31.359    10.034     0.020    11.856
       195    24.187     1.476     0.000     1.165    -5.980    50.153    24.187  1024.131  4134.446    31.356    10.028     0.020    12.094
       196    24.671     1.497     0.000     1.182    -6.022    50.963    24.671  1024.130  4053.373    31.353    10.021     0.020    12.335
       197    25.164     1.518     0.000     1.199    -6.064    51.786    25.164  1024.129  3973.890    31.350    10.015     0.020    12.582
       198    25.668     1.540     0.000     1.216    -6.106    52.622    25.668  1024.128  3895.966    31.347    10.008     0.020    12.834
       199    26.181     1.562     0.000     1.233    -6.149    53.473    26.181  1024.127  3819.571    31.344    10.002     0.020    13.090
       200    26.705     1.586     0.000     1.251    -6.191    54.339    26.705  1024.126  3744.674    31.342     9.996     0.020    13.352
       201    27.239     1.610     0.000     1.269    -6.234    55.218    27.239  1024.125  3671.246    31.339     9.990     0.020    13.619
       202    27.783     1.635     0.000     1.288    -6.277    56.112    27.783  1024.124  3599.259    31.337     9.983     0.020    13.892
       203    28.339     1.661     0.000     1.307    -6.320    57.021    28.339  1024.124  3528.683    31.335     9.977     0.020    14.170
       204    28.906     1.689     0.000     1.326    -6.363    57.945    28.906  1024.123  3459.492    31.333     9.971     0.020    14.453
       205    29.484     1.717     0.000     1.345    -6.406    58.885    29.484  1024.123  3391.658    31.332     9.965     0.020    14.742
       206    30.074     1.747     0.000     1.365    -6.449    59.843    30.074  1024.123  3325.155    31.331     9.959     0.020    15.037
---------------------------- Plume traps -----------------------------
       207    30.675     1.778     0.000     1.385    -6.492    60.817    30.675  1024.123  3259.956    31.329     9.953     0.020    15.338
       208    31.250     1.809     0.000     1.404    -6.533    61.746    31.250  1024.123  3199.979    31.328     9.948     0.020    15.625
       209    31.795     1.840     0.000     1.422    -6.570    62.619    31.795  1024.123  3145.193    31.327     9.943     0.020    15.897
       210    32.306     1.870     0.000     1.438    -6.603    63.436    32.306  1024.124  3095.375    31.327     9.938     0.020    16.153
       211    32.790     1.898     0.000     1.454    -6.635    64.205    32.790  1024.124  3049.669    31.326     9.933     0.020    16.395
       212    33.250     1.926     0.000     1.469    -6.664    64.932    33.250  1024.125  3007.504    31.326     9.929     0.020    16.625
       213    33.689     1.953     0.000     1.483    -6.691    65.624    33.689  1024.125  2968.333    31.326     9.926     0.020    16.844
       214    34.109     1.980     0.000     1.497    -6.717    66.283    34.109  1024.125  2931.770    31.326     9.922     0.020    17.055
       215    34.513     2.006     0.000     1.510    -6.740    66.914    34.513  1024.126  2897.486    31.325     9.919     0.020    17.256
       216    34.901     2.031     0.000     1.522    -6.763    67.519    34.901  1024.126  2865.220    31.325     9.915     0.020    17.451
       217    35.276     2.056     0.000     1.534    -6.784    68.101    35.276  1024.127  2834.753    31.325     9.912     0.020    17.638
       218    35.639     2.080     0.000     1.546    -6.804    68.660    35.639  1024.127  2805.899    31.325     9.909     0.020    17.820
       219    35.991     2.104     0.000     1.557    -6.824    69.200    35.991  1024.128  2778.501    31.325     9.907     0.020    17.995
       220    36.332     2.128     0.000     1.567    -6.842    69.721    36.332  1024.128  2752.422    31.326     9.904     0.020    18.166
       221    36.663     2.151     0.000     1.578    -6.859    70.225    36.663  1024.129  2727.542    31.326     9.901     0.020    18.332
       222    36.986     2.174     0.000     1.588    -6.875    70.713    36.986  1024.129  2703.757    31.326     9.899     0.020    18.493
       223    37.300     2.196     0.000     1.597    -6.891    71.186    37.300  1024.130  2680.975    31.326     9.897     0.020    18.650
       224    37.606     2.219     0.000     1.607    -6.906    71.644    37.606  1024.130  2659.115    31.326     9.894     0.020    18.803
       225    37.906     2.241     0.000     1.616    -6.920    72.089    37.906  1024.131  2638.104    31.326     9.892     0.020    18.953
       226    38.199     2.262     0.000     1.625    -6.934    72.521    38.199  1024.131  2617.878    31.326     9.890     0.020    19.099
       227    38.485     2.284     0.000     1.633    -6.947    72.942    38.485  1024.132  2598.417    31.327     9.888     0.020    19.242
       228    38.753     2.304     0.000     1.641    -6.959    73.351    38.753  1024.132  2580.469    31.327     9.886     0.020    19.376
       229    39.012     2.325     0.000     1.650    -6.972    73.759    39.012  1024.133  2563.300    31.327     9.884     0.020    19.506
       230    39.259     2.344     0.000     1.658    -6.984    74.161    39.259  1024.133  2547.205    31.327     9.883     0.020    19.629
       231    39.497     2.364     0.000     1.666    -6.995    74.561    39.497  1024.133  2531.842    31.327     9.881     0.020    19.748
       232    39.724     2.383     0.000     1.674    -7.007    74.956    39.724  1024.134  2517.367    31.328     9.879     0.020    19.862
       233    39.942     2.402     0.000     1.682    -7.018    75.346    39.942  1024.134  2503.605    31.328     9.878     0.020    19.971
       234    40.151     2.420     0.000     1.690    -7.028    75.732    40.151  1024.135  2490.607    31.328     9.876     0.020    20.075
       235    40.351     2.438     0.000     1.698    -7.039    76.114    40.351  1024.135  2478.275    31.328     9.875     0.020    20.175
       236    40.541     2.456     0.000     1.706    -7.049    76.490    40.541  1024.135  2466.609    31.329     9.874     0.020    20.271
       237    40.724     2.473     0.000     1.713    -7.059    76.862    40.724  1024.136  2455.550    31.329     9.873     0.020    20.362
       238    40.898     2.490     0.000     1.721    -7.069    77.228    40.898  1024.136  2445.078    31.329     9.871     0.020    20.449
       239    41.065     2.507     0.000     1.728    -7.078    77.590    41.065  1024.136  2435.151    31.329     9.870     0.020    20.533
       240    41.224     2.523     0.000     1.735    -7.087    77.946    41.224  1024.137  2425.745    31.329     9.869     0.020    20.612
       241    41.377     2.539     0.000     1.743    -7.096    78.298    41.377  1024.137  2416.825    31.329     9.868     0.020    20.688
       242    41.522     2.555     0.000     1.750    -7.105    78.644    41.522  1024.137  2408.367    31.330     9.867     0.020    20.761
       243    41.661     2.570     0.000     1.757    -7.113    78.985    41.661  1024.138  2400.342    31.330     9.866     0.020    20.830
       244    41.793     2.586     0.000     1.763    -7.121    79.321    41.793  1024.138  2392.726    31.330     9.866     0.020    20.897
       245    41.920     2.601     0.000     1.770    -7.129    79.652    41.920  1024.138  2385.495    31.330     9.865     0.020    20.960
       246    42.041     2.615     0.000     1.777    -7.136    79.979    42.041  1024.138  2378.626    31.330     9.864     0.020    21.021
       247    42.157     2.630     0.000     1.783    -7.144    80.300    42.157  1024.139  2372.098    31.330     9.863     0.020    21.078
       248    42.267     2.644     0.000     1.790    -7.151    80.616    42.267  1024.139  2365.892    31.331     9.863     0.020    21.134
       249    42.373     2.658     0.000     1.796    -7.158    80.927    42.373  1024.139  2359.988    31.331     9.862     0.020    21.187
       250    42.474     2.672     0.000     1.802    -7.165    81.234    42.474  1024.139  2354.369    31.331     9.861     0.020    21.237
       251    42.571     2.685     0.000     1.809    -7.171    81.536    42.571  1024.140  2349.018    31.331     9.861     0.020    21.285
       252    42.664     2.698     0.000     1.815    -7.178    81.833    42.664  1024.140  2343.920    31.331     9.860     0.020    21.332
       253    42.752     2.711     0.000     1.821    -7.184    82.126    42.752  1024.140  2339.060    31.331     9.860     0.020    21.376
       254    42.837     2.724     0.000     1.826    -7.190    82.414    42.837  1024.140  2334.424    31.331     9.859     0.020    21.419
       255    42.918     2.737     0.000     1.832    -7.196    82.698    42.918  1024.140  2330.000    31.332     9.858     0.020    21.459
       256    42.996     2.749     0.000     1.838    -7.202    82.978    42.996  1024.141  2325.775    31.332     9.858     0.020    21.498
       257    43.071     2.762     0.000     1.844    -7.207    83.253    43.071  1024.141  2321.739    31.332     9.858     0.020    21.536
       258    43.143     2.774     0.000     1.849    -7.212    83.524    43.143  1024.141  2317.880    31.332     9.857     0.020    21.571
       259    43.212     2.785     0.000     1.855    -7.218    83.792    43.212  1024.141  2314.189    31.332     9.857     0.020    21.606
       260    43.278     2.797     0.000     1.860    -7.223    84.055    43.278  1024.141  2310.656    31.332     9.856     0.020    21.639
       261    43.341     2.809     0.000     1.865    -7.228    84.314    43.341  1024.141  2307.273    31.332     9.856     0.020    21.671
       262    43.402     2.820     0.000     1.870    -7.232    84.570    43.402  1024.141  2304.032    31.332     9.855     0.020    21.701
       263    43.461     2.831     0.000     1.876    -7.237    84.822    43.461  1024.142  2300.925    31.332     9.855     0.020    21.730
       264    43.517     2.842     0.000     1.881    -7.241    85.071    43.517  1024.142  2297.944    31.333     9.855     0.020    21.759
       265    43.571     2.853     0.000     1.886    -7.246    85.316    43.571  1024.142  2295.084    31.333     9.854     0.020    21.786
       266    43.624     2.864     0.000     1.891    -7.250    85.557    43.624  1024.142  2292.338    31.333     9.854     0.020    21.812
       267    43.674     2.874     0.000     1.895    -7.254    85.795    43.674  1024.142  2289.699    31.333     9.854     0.020    21.837
       268    43.722     2.885     0.000     1.900    -7.258    86.030    43.722  1024.142  2287.163    31.333     9.854     0.020    21.861
       269    43.769     2.895     0.000     1.905    -7.262    86.262    43.769  1024.142  2284.725    31.333     9.853     0.020    21.884
       270    43.814     2.905     0.000     1.910    -7.266    86.491    43.814  1024.142  2282.379    31.333     9.853     0.020    21.907
       271    43.857     2.915     0.000     1.914    -7.270    86.717    43.857  1024.142  2280.120    31.333     9.853     0.020    21.929
       272    43.899     2.925     0.000     1.919    -7.273    86.939    43.899  1024.143  2277.946    31.333     9.852     0.020    21.950
       273    43.940     2.934     0.000     1.923    -7.277    87.159    43.940  1024.143  2275.850    31.333     9.852     0.020    21.970
       274    43.979     2.944     0.000     1.928    -7.280    87.377    43.979  1024.143  2273.831    31.333     9.852     0.020    21.989
       275    44.016     2.953     0.000     1.932    -7.283    87.591    44.016  1024.143  2271.884    31.333     9.852     0.020    22.008
       276    44.053     2.962     0.000     1.936    -7.287    87.803    44.053  1024.143  2270.005    31.334     9.852     0.020    22.026
       277    44.088     2.972     0.000     1.941    -7.290    88.012    44.088  1024.143  2268.193    31.334     9.851     0.020    22.044
       278    44.122     2.981     0.000     1.945    -7.293    88.219    44.122  1024.143  2266.443    31.334     9.851     0.020    22.061
       279    44.155     2.989     0.000     1.949    -7.296    88.423    44.155  1024.143  2264.753    31.334     9.851     0.020    22.077
       280    44.187     2.998     0.000     1.953    -7.299    88.625    44.187  1024.143  2263.120    31.334     9.851     0.020    22.093
       281    44.218     3.007     0.000     1.957    -7.301    88.825    44.218  1024.143  2261.542    31.334     9.851     0.020    22.109
       282    44.247     3.015     0.000     1.961    -7.304    89.022    44.247  1024.143  2260.016    31.334     9.850     0.020    22.124
       283    44.276     3.024     0.000     1.965    -7.307    89.217    44.276  1024.143  2258.540    31.334     9.850     0.020    22.138
       284    44.304     3.032     0.000     1.969    -7.309    89.410    44.304  1024.144  2257.113    31.334     9.850     0.020    22.152
       285    44.332     3.040     0.000     1.973    -7.312    89.601    44.332  1024.144  2255.731    31.334     9.850     0.020    22.166
       286    44.358     3.048     0.000     1.977    -7.314    89.790    44.358  1024.144  2254.394    31.334     9.850     0.020    22.179
       287    44.383     3.056     0.000     1.981    -7.317    89.977    44.383  1024.144  2253.099    31.334     9.850     0.020    22.192
       288    44.408     3.063     0.000     1.984    -7.319    90.162    44.408  1024.144  2251.845    31.334     9.849     0.020    22.204
       289    44.432     3.071     0.000     1.988    -7.321    90.345    44.432  1024.144  2250.630    31.334     9.849     0.020    22.216
       290    44.455     3.079     0.000     1.992    -7.324    90.526    44.455  1024.144  2249.452    31.334     9.849     0.020    22.228
       291    44.478     3.086     0.000     1.996    -7.326    90.706    44.478  1024.144  2248.311    31.334     9.849     0.020    22.239
       292    44.500     3.093     0.000     1.999    -7.328    90.884    44.500  1024.144  2247.205    31.334     9.849     0.020    22.250
       293    44.521     3.100     0.000     2.003    -7.330    91.060    44.521  1024.144  2246.132    31.334     9.849     0.020    22.260
       294    44.542     3.108     0.000     2.006    -7.332    91.234    44.542  1024.144  2245.091    31.334     9.849     0.020    22.271
       295    44.562     3.114     0.000     2.010    -7.334    91.407    44.562  1024.144  2244.082    31.334     9.848     0.020    22.281
       296    44.581     3.121     0.000     2.013    -7.336    91.578    44.581  1024.144  2243.103    31.335     9.848     0.020    22.291
       297    44.600     3.128     0.000     2.017    -7.338    91.748    44.600  1024.144  2242.152    31.335     9.848     0.020    22.300
       298    44.618     3.135     0.000     2.020    -7.340    91.916    44.618  1024.144  2241.230    31.335     9.848     0.020    22.309
       299    44.636     3.141     0.000     2.024    -7.341    92.083    44.636  1024.144  2240.334    31.335     9.848     0.020    22.318
       300    44.654     3.148     0.000     2.027    -7.343    92.248    44.654  1024.144  2239.465    31.335     9.848     0.020    22.327
       301    44.670     3.154     0.000     2.030    -7.345    92.412    44.670  1024.144  2238.621    31.335     9.848     0.020    22.335
       302    44.687     3.160     0.000     2.034    -7.346    92.575    44.687  1024.145  2237.802    31.335     9.848     0.020    22.343
       303    44.703     3.166     0.000     2.037    -7.348    92.736    44.703  1024.145  2237.006    31.335     9.848     0.020    22.351
       304    44.718     3.172     0.000     2.040    -7.349    92.897    44.718  1024.145  2236.233    31.335     9.847     0.020    22.359
       305    44.733     3.178     0.000     2.043    -7.351    93.055    44.733  1024.145  2235.482    31.335     9.847     0.020    22.367
       306    44.748     3.184     0.000     2.047    -7.352    93.213    44.748  1024.145  2234.753    31.335     9.847     0.020    22.374
       307    44.762     3.190     0.000     2.050    -7.354    93.370    44.762  1024.145  2234.044    31.335     9.847     0.020    22.381
       308    44.776     3.195     0.000     2.053    -7.355    93.525    44.776  1024.145  2233.356    31.335     9.847     0.020    22.388
       309    44.789     3.201     0.000     2.056    -7.357    93.679    44.789  1024.145  2232.688    31.335     9.847     0.020    22.395
       310    44.802     3.206     0.000     2.059    -7.358    93.832    44.802  1024.145  2232.038    31.335     9.847     0.020    22.401
       311    44.815     3.212     0.000     2.062    -7.359    93.984    44.815  1024.145  2231.407    31.335     9.847     0.020    22.407
       312    44.827     3.217     0.000     2.065    -7.360    94.135    44.827  1024.145  2230.794    31.335     9.847     0.020    22.414
       313    44.839     3.222     0.000     2.068    -7.362    94.286    44.839  1024.145  2230.199    31.335     9.847     0.020    22.420
       314    44.851     3.227     0.000     2.072    -7.363    94.435    44.851  1024.145  2229.621    31.335     9.847     0.020    22.425
       315    44.862     3.232     0.000     2.075    -7.364    94.583    44.862  1024.145  2229.059    31.335     9.847     0.020    22.431
       316    44.873     3.237     0.000     2.078    -7.365    94.730    44.873  1024.145  2228.514    31.335     9.847     0.020    22.436
       317    44.884     3.241     0.000     2.081    -7.366    94.876    44.884  1024.145  2227.984    31.335     9.846     0.020    22.442
       318    44.894     3.246     0.000     2.083    -7.367    95.022    44.894  1024.145  2227.470    31.335     9.846     0.020    22.447
       319    44.904     3.250     0.000     2.086    -7.368    95.166    44.904  1024.145  2226.970    31.335     9.846     0.020    22.452
       320    44.914     3.255     0.000     2.089    -7.369    95.310    44.914  1024.145  2226.485    31.335     9.846     0.020    22.457
       321    44.923     3.259     0.000     2.092    -7.370    95.453    44.923  1024.145  2226.015    31.335     9.846     0.020    22.462
       322    44.933     3.263     0.000     2.095    -7.371    95.595    44.933  1024.145  2225.559    31.335     9.846     0.020    22.466
       323    44.941     3.267     0.000     2.098    -7.372    95.737    44.941  1024.145  2225.116    31.335     9.846     0.020    22.471
       324    44.950     3.271     0.000     2.101    -7.373    95.878    44.950  1024.145  2224.686    31.335     9.846     0.020    22.475
       325    44.959     3.275     0.000     2.104    -7.374    96.018    44.959  1024.145  2224.270    31.335     9.846     0.020    22.479
       326    44.967     3.279     0.000     2.107    -7.375    96.157    44.967  1024.145  2223.866    31.335     9.846     0.020    22.483
       327    44.975     3.283     0.000     2.109    -7.376    96.296    44.975  1024.145  2223.475    31.335     9.846     0.020    22.487
       328    44.982     3.287     0.000     2.112    -7.376    96.434    44.982  1024.145  2223.095    31.335     9.846     0.020    22.491
       329    44.990     3.290     0.000     2.115    -7.377    96.571    44.990  1024.145  2222.728    31.335     9.846     0.020    22.495
       330    44.997     3.294     0.000     2.118    -7.378    96.708    44.997  1024.145  2222.373    31.335     9.846     0.020    22.498
       331    45.004     3.297     0.000     2.121    -7.379    96.844    45.004  1024.145  2222.029    31.335     9.846     0.020    22.502
       332    45.011     3.300     0.000     2.123    -7.379    96.979    45.011  1024.145  2221.697    31.335     9.846     0.020    22.505
       333    45.017     3.304     0.000     2.126    -7.380    97.115    45.017  1024.145  2221.375    31.335     9.846     0.020    22.509
       334    45.023     3.307     0.000     2.129    -7.381    97.249    45.023  1024.145  2221.065    31.335     9.846     0.020    22.512
       335    45.030     3.310     0.000     2.132    -7.381    97.383    45.030  1024.145  2220.765    31.335     9.846     0.020    22.515
       336    45.035     3.313     0.000     2.134    -7.382    97.517    45.035  1024.145  2220.476    31.335     9.846     0.020    22.518
       337    45.041     3.315     0.000     2.137    -7.382    97.650    45.041  1024.145  2220.197    31.335     9.846     0.020    22.521
       338    45.047     3.318     0.000     2.140    -7.383    97.782    45.047  1024.145  2219.928    31.335     9.845     0.020    22.523
       339    45.052     3.321     0.000     2.142    -7.384    97.914    45.052  1024.145  2219.669    31.335     9.845     0.020    22.526
       340    45.057     3.323     0.000     2.145    -7.384    98.046    45.057  1024.145  2219.420    31.335     9.845     0.020    22.528
       341    45.062     3.326     0.000     2.148    -7.385    98.177    45.062  1024.145  2219.181    31.335     9.845     0.020    22.531
       342    45.066     3.328     0.000     2.150    -7.385    98.308    45.066  1024.145  2218.952    31.335     9.845     0.020    22.533
       343    45.071     3.331     0.000     2.153    -7.385    98.439    45.071  1024.146  2218.731    31.336     9.845     0.020    22.535
       344    45.075     3.333     0.000     2.156    -7.386    98.569    45.075  1024.146  2218.521    31.336     9.845     0.020    22.538
       345    45.079     3.335     0.000     2.158    -7.386    98.698    45.079  1024.146  2218.319    31.336     9.845     0.020    22.540
       346    45.083     3.337     0.000     2.161    -7.387    98.828    45.083  1024.146  2218.127    31.336     9.845     0.020    22.542
       347    45.087     3.339     0.000     2.164    -7.387    98.957    45.087  1024.146  2217.943    31.336     9.845     0.020    22.543
       348    45.090     3.341     0.000     2.166    -7.387    99.086    45.090  1024.146  2217.769    31.336     9.845     0.020    22.545
       349    45.094     3.342     0.000     2.169    -7.388    99.214    45.094  1024.146  2217.603    31.336     9.845     0.020    22.547
       350    45.097     3.344     0.000     2.172    -7.388    99.343    45.097  1024.146  2217.446    31.336     9.845     0.020    22.548
       351    45.100     3.346     0.000     2.174    -7.388    99.471    45.100  1024.146  2217.297    31.336     9.845     0.020    22.550
       352    45.103     3.347     0.000     2.177    -7.389    99.599    45.103  1024.146  2217.158    31.336     9.845     0.020    22.551
       353    45.105     3.348     0.000     2.179    -7.389    99.726    45.105  1024.146  2217.026    31.336     9.845     0.020    22.553
       354    45.108     3.350     0.000     2.182    -7.389    99.853    45.108  1024.146  2216.903    31.336     9.845     0.020    22.554
       355    45.110     3.351     0.000     2.185    -7.389    99.981    45.110  1024.146  2216.788    31.336     9.845     0.020    22.555
       356    45.112     3.352     0.000     2.187    -7.390   100.108    45.112  1024.146  2216.682    31.336     9.845     0.020    22.556
       357    45.114     3.353     0.000     2.190    -7.390   100.234    45.114  1024.146  2216.584    31.336     9.845     0.020    22.557
       358    45.116     3.354     0.000     2.192    -7.390   100.361    45.116  1024.146  2216.494    31.336     9.845     0.020    22.558
       359    45.118     3.355     0.000     2.195    -7.390   100.487    45.118  1024.146  2216.412    31.336     9.845     0.020    22.559
       360    45.119     3.356     0.000     2.197    -7.390   100.614    45.119  1024.146  2216.338    31.336     9.845     0.020    22.560
       361    45.121     3.356     0.000     2.200    -7.390   100.740    45.121  1024.146  2216.272    31.336     9.845     0.020    22.560
       362    45.122     3.357     0.000     2.203    -7.390   100.866    45.122  1024.146  2216.214    31.336     9.845     0.020    22.561
       363    45.123     3.357     0.000     2.205    -7.390   100.992    45.123  1024.146  2216.164    31.336     9.845     0.020    22.562
       364    45.124     3.358     0.000     2.208    -7.390   101.118    45.124  1024.146  2216.122    31.336     9.845     0.020    22.562
       365    45.125     3.358     0.000     2.210    -7.391   101.244    45.125  1024.146  2216.088    31.336     9.845     0.020    22.562
       366    45.125     3.358     0.000     2.213    -7.391   101.370    45.125  1024.146  2216.061    31.336     9.845     0.020    22.563
       367    45.125     3.358     0.000     2.215    -7.391   101.496    45.125  1024.146  2216.043    31.336     9.845     0.020    22.563
---------------------- Local maximum rise or fall --------------------
------------------------- merging happened ---------------------------
       368    45.126     3.358     0.000     2.218    -7.391   101.622    45.126  1024.146  2216.032    31.336     9.845     0.020    22.563
       369    45.126     3.358     0.000     2.221    -7.390   101.748    45.126  1024.146  2216.026    31.336     9.845     0.020    22.563
       370    45.126     3.358     0.000     2.223    -7.390   101.874    45.126  1024.146  2216.022    31.336     9.845     0.020    22.563
       371    45.126     3.358     0.000     2.226    -7.390   101.999    45.126  1024.146  2216.017    31.336     9.845     0.020    22.563
       372    45.126     3.358     0.000     2.228    -7.390   102.125    45.126  1024.146  2216.010    31.336     9.845     0.020    22.563
       373    45.126     3.357     0.000     2.231    -7.390   102.251    45.126  1024.146  2216.001    31.336     9.845     0.020    22.563
       374    45.127     3.357     0.000     2.233    -7.390   102.377    45.127  1024.146  2215.991    31.336     9.845     0.020    22.563
       375    45.127     3.357     0.000     2.236    -7.390   102.504    45.127  1024.146  2215.979    31.336     9.845     0.020    22.563
       376    45.127     3.356     0.000     2.239    -7.390   102.630    45.127  1024.146  2215.965    31.336     9.845     0.020    22.564
       377    45.127     3.355     0.000     2.241    -7.390   102.756    45.127  1024.146  2215.950    31.336     9.845     0.020    22.564
       378    45.128     3.354     0.000     2.244    -7.389   102.883    45.128  1024.146  2215.933    31.336     9.845     0.020    22.564
       379    45.128     3.354     0.000     2.246    -7.389   103.009    45.128  1024.146  2215.914    31.336     9.845     0.020    22.564
       380    45.129     3.353     0.000     2.249    -7.389   103.136    45.129  1024.146  2215.893    31.336     9.845     0.020    22.564
       381    45.129     3.352     0.000     2.251    -7.389   103.263    45.129  1024.146  2215.871    31.336     9.845     0.020    22.564
       382    45.129     3.351     0.000     2.254    -7.388   103.391    45.129  1024.146  2215.847    31.336     9.845     0.020    22.565
       383    45.130     3.349     0.000     2.257    -7.388   103.518    45.130  1024.146  2215.821    31.336     9.845     0.020    22.565
       384    45.131     3.348     0.000     2.259    -7.388   103.646    45.131  1024.146  2215.793    31.336     9.845     0.020    22.565
       385    45.131     3.347     0.000     2.262    -7.387   103.774    45.131  1024.146  2215.764    31.336     9.845     0.020    22.566
       386    45.132     3.345     0.000     2.264    -7.387   103.902    45.132  1024.146  2215.732    31.336     9.845     0.020    22.566
       387    45.132     3.344     0.000     2.267    -7.387   104.030    45.132  1024.146  2215.699    31.336     9.845     0.020    22.566
       388    45.133     3.342     0.000     2.270    -7.386   104.159    45.133  1024.146  2215.663    31.336     9.845     0.020    22.567
       389    45.134     3.341     0.000     2.272    -7.386   104.288    45.134  1024.146  2215.626    31.336     9.845     0.020    22.567
       390    45.135     3.339     0.000     2.275    -7.386   104.417    45.135  1024.146  2215.587    31.336     9.845     0.020    22.567
       391    45.136     3.337     0.000     2.278    -7.385   104.547    45.136  1024.146  2215.545    31.336     9.845     0.020    22.568
       392    45.137     3.335     0.000     2.280    -7.385   104.677    45.137  1024.146  2215.501    31.336     9.845     0.020    22.568
       393    45.137     3.333     0.000     2.283    -7.384   104.808    45.137  1024.146  2215.455    31.336     9.845     0.020    22.569
       394    45.138     3.331     0.000     2.286    -7.384   104.939    45.138  1024.146  2215.407    31.336     9.845     0.020    22.569
       395    45.139     3.329     0.000     2.288    -7.383   105.070    45.139  1024.146  2215.356    31.336     9.845     0.020    22.570
       396    45.141     3.327     0.000     2.291    -7.383   105.202    45.141  1024.146  2215.304    31.336     9.845     0.020    22.570
       397    45.142     3.325     0.000     2.294    -7.382   105.334    45.142  1024.146  2215.248    31.336     9.845     0.020    22.571
       398    45.143     3.322     0.000     2.296    -7.381   105.467    45.143  1024.146  2215.191    31.336     9.845     0.020    22.571
       399    45.144     3.320     0.000     2.299    -7.381   105.600    45.144  1024.146  2215.130    31.336     9.845     0.020    22.572
       400    45.145     3.317     0.000     2.302    -7.380   105.733    45.145  1024.146  2215.067    31.336     9.845     0.020    22.573
       401    45.147     3.315     0.000     2.304    -7.379   105.868    45.147  1024.146  2215.002    31.336     9.845     0.020    22.573
       402    45.148     3.312     0.000     2.307    -7.379   106.002    45.148  1024.146  2214.933    31.336     9.845     0.020    22.574
       403    45.150     3.309     0.000     2.310    -7.378   106.138    45.150  1024.146  2214.862    31.336     9.845     0.020    22.575
       404    45.151     3.306     0.000     2.313    -7.377   106.274    45.151  1024.146  2214.788    31.336     9.845     0.020    22.576
       405    45.153     3.303     0.000     2.316    -7.377   106.410    45.153  1024.146  2214.710    31.336     9.845     0.020    22.576
       406    45.154     3.300     0.000     2.318    -7.376   106.548    45.154  1024.146  2214.630    31.336     9.845     0.020    22.577
       407    45.156     3.297     0.000     2.321    -7.375   106.685    45.156  1024.146  2214.546    31.336     9.845     0.020    22.578
       408    45.158     3.294     0.000     2.324    -7.374   106.824    45.158  1024.146  2214.459    31.336     9.845     0.020    22.579
       409    45.160     3.291     0.000     2.327    -7.373   106.963    45.160  1024.146  2214.369    31.336     9.845     0.020    22.580
       410    45.162     3.287     0.000     2.330    -7.372   107.103    45.162  1024.146  2214.275    31.336     9.845     0.020    22.581
       411    45.164     3.284     0.000     2.333    -7.371   107.244    45.164  1024.146  2214.177    31.336     9.845     0.020    22.582
       412    45.166     3.281     0.000     2.335    -7.371   107.385    45.166  1024.146  2214.076    31.336     9.845     0.020    22.583
       413    45.168     3.277     0.000     2.338    -7.370   107.528    45.168  1024.146  2213.970    31.336     9.845     0.020    22.584
       414    45.170     3.273     0.000     2.341    -7.369   107.671    45.170  1024.146  2213.861    31.336     9.845     0.020    22.585
       415    45.172     3.270     0.000     2.344    -7.368   107.815    45.172  1024.146  2213.747    31.336     9.845     0.020    22.586
       416    45.175     3.266     0.000     2.347    -7.367   107.960    45.175  1024.146  2213.629    31.336     9.845     0.020    22.587
       417    45.177     3.262     0.000     2.350    -7.365   108.106    45.177  1024.146  2213.506    31.336     9.845     0.020    22.589
       418    45.180     3.258     0.000     2.353    -7.364   108.252    45.180  1024.146  2213.379    31.336     9.845     0.020    22.590
       419    45.183     3.254     0.000     2.356    -7.363   108.400    45.183  1024.146  2213.246    31.336     9.845     0.020    22.591
       420    45.185     3.250     0.000     2.359    -7.362   108.549    45.185  1024.146  2213.109    31.336     9.845     0.020    22.593
       421    45.188     3.245     0.000     2.362    -7.361   108.698    45.188  1024.146  2212.966    31.336     9.845     0.020    22.594
       422    45.191     3.241     0.000     2.365    -7.360   108.849    45.191  1024.146  2212.817    31.336     9.845     0.020    22.596
       423    45.194     3.237     0.000     2.368    -7.358   109.001    45.194  1024.146  2212.663    31.336     9.845     0.020    22.597
       424    45.198     3.232     0.000     2.371    -7.357   109.154    45.198  1024.146  2212.503    31.336     9.845     0.020    22.599
       425    45.201     3.228     0.000     2.375    -7.356   109.308    45.201  1024.146  2212.336    31.336     9.845     0.020    22.601
       426    45.205     3.223     0.000     2.378    -7.354   109.463    45.205  1024.146  2212.163    31.336     9.845     0.020    22.602
       427    45.208     3.218     0.000     2.381    -7.353   109.620    45.208  1024.146  2211.984    31.336     9.845     0.020    22.604
       428    45.212     3.214     0.000     2.384    -7.351   109.778    45.212  1024.146  2211.797    31.336     9.845     0.020    22.606
       429    45.216     3.209     0.000     2.387    -7.350   109.937    45.216  1024.146  2211.602    31.336     9.844     0.020    22.608
       430    45.220     3.204     0.000     2.391    -7.348   110.097    45.220  1024.146  2211.400    31.336     9.844     0.020    22.610
       431    45.225     3.199     0.000     2.394    -7.347   110.259    45.225  1024.146  2211.190    31.336     9.844     0.020    22.612
       432    45.229     3.194     0.000     2.397    -7.345   110.423    45.229  1024.146  2210.971    31.336     9.844     0.020    22.614
       433    45.234     3.189     0.000     2.401    -7.344   110.587    45.234  1024.146  2210.743    31.336     9.844     0.020    22.617
       434    45.239     3.183     0.000     2.404    -7.342   110.754    45.239  1024.146  2210.506    31.336     9.844     0.020    22.619
       435    45.244     3.178     0.000     2.407    -7.340   110.921    45.244  1024.146  2210.260    31.336     9.844     0.020    22.622
       436    45.249     3.173     0.000     2.411    -7.338   111.091    45.249  1024.146  2210.003    31.336     9.844     0.020    22.624
       437    45.254     3.167     0.000     2.414    -7.336   111.262    45.254  1024.146  2209.735    31.336     9.844     0.020    22.627
       438    45.260     3.161     0.000     2.418    -7.335   111.435    45.260  1024.146  2209.456    31.336     9.844     0.020    22.630
       439    45.266     3.156     0.000     2.421    -7.333   111.609    45.266  1024.146  2209.165    31.336     9.844     0.020    22.633
       440    45.272     3.150     0.000     2.425    -7.331   111.786    45.272  1024.146  2208.862    31.336     9.844     0.020    22.636
       441    45.279     3.144     0.000     2.429    -7.328   111.964    45.279  1024.146  2208.545    31.336     9.844     0.020    22.639
       442    45.285     3.138     0.000     2.432    -7.326   112.144    45.285  1024.146  2208.215    31.336     9.844     0.020    22.643
       443    45.293     3.133     0.000     2.436    -7.324   112.326    45.293  1024.146  2207.871    31.336     9.844     0.020    22.646
       444    45.300     3.126     0.000     2.440    -7.322   112.511    45.300  1024.146  2207.511    31.336     9.844     0.020    22.650
       445    45.308     3.120     0.000     2.444    -7.320   112.697    45.308  1024.146  2207.135    31.336     9.844     0.020    22.654
       446    45.316     3.114     0.000     2.447    -7.317   112.886    45.316  1024.146  2206.741    31.336     9.844     0.020    22.658
       447    45.324     3.108     0.000     2.451    -7.315   113.077    45.324  1024.146  2206.330    31.336     9.844     0.020    22.662
       448    45.333     3.102     0.000     2.455    -7.312   113.270    45.333  1024.146  2205.900    31.336     9.844     0.020    22.666
       449    45.342     3.095     0.000     2.459    -7.310   113.466    45.342  1024.146  2205.450    31.336     9.844     0.020    22.671
       450    45.352     3.089     0.000     2.463    -7.307   113.664    45.352  1024.146  2204.979    31.336     9.844     0.020    22.676
       451    45.362     3.082     0.000     2.467    -7.305   113.865    45.362  1024.146  2204.485    31.336     9.844     0.020    22.681
       452    45.373     3.076     0.000     2.472    -7.302   114.068    45.373  1024.146  2203.967    31.336     9.844     0.020    22.686
       453    45.384     3.069     0.000     2.476    -7.299   114.275    45.384  1024.146  2203.424    31.336     9.844     0.020    22.692
       454    45.396     3.062     0.000     2.480    -7.296   114.484    45.396  1024.146  2202.854    31.336     9.843     0.020    22.698
       455    45.408     3.055     0.000     2.484    -7.293   114.696    45.408  1024.146  2202.255    31.336     9.843     0.020    22.704
       456    45.421     3.048     0.000     2.489    -7.290   114.912    45.421  1024.146  2201.626    31.336     9.843     0.020    22.710
       457    45.435     3.042     0.000     2.493    -7.287   115.130    45.435  1024.146  2200.965    31.336     9.843     0.020    22.717
       458    45.449     3.034     0.000     2.498    -7.283   115.353    45.449  1024.146  2200.269    31.336     9.843     0.020    22.724
       459    45.464     3.027     0.000     2.502    -7.280   115.578    45.464  1024.146  2199.535    31.336     9.843     0.020    22.732
       460    45.480     3.020     0.000     2.507    -7.276   115.808    45.480  1024.147  2198.763    31.336     9.843     0.020    22.740
       461    45.497     3.013     0.000     2.512    -7.273   116.041    45.497  1024.147  2197.948    31.336     9.843     0.020    22.748
       462    45.515     3.006     0.000     2.517    -7.269   116.278    45.515  1024.147  2197.088    31.336     9.843     0.020    22.757
       463    45.534     2.998     0.000     2.521    -7.265   116.519    45.534  1024.147  2196.179    31.336     9.843     0.020    22.767
       464    45.554     2.991     0.000     2.526    -7.261   116.765    45.554  1024.147  2195.218    31.336     9.843     0.020    22.777
       465    45.575     2.984     0.000     2.532    -7.257   117.015    45.575  1024.147  2194.201    31.336     9.842     0.020    22.787
       466    45.597     2.976     0.000     2.537    -7.253   117.270    45.597  1024.147  2193.124    31.336     9.842     0.020    22.799
       467    45.621     2.969     0.000     2.542    -7.248   117.530    45.621  1024.147  2191.981    31.337     9.842     0.020    22.810
       468    45.646     2.961     0.000     2.547    -7.244   117.795    45.646  1024.147  2190.767    31.337     9.842     0.020    22.823
       469    45.673     2.953     0.000     2.553    -7.239   118.065    45.673  1024.147  2189.477    31.337     9.842     0.020    22.837
       470    45.702     2.946     0.000     2.559    -7.234   118.342    45.702  1024.147  2188.104    31.337     9.842     0.020    22.851
       471    45.732     2.938     0.000     2.564    -7.229   118.624    45.732  1024.147  2186.641    31.337     9.842     0.020    22.866
       472    45.765     2.930     0.000     2.570    -7.224   118.913    45.765  1024.147  2185.079    31.337     9.841     0.020    22.882
       473    45.800     2.923     0.000     2.576    -7.218   119.209    45.800  1024.147  2183.410    31.337     9.841     0.020    22.900
       474    45.837     2.915     0.000     2.582    -7.213   119.512    45.837  1024.147  2181.623    31.337     9.841     0.020    22.919
       475    45.878     2.907     0.000     2.589    -7.207   119.823    45.878  1024.147  2179.707    31.337     9.841     0.020    22.939
       476    45.921     2.899     0.000     2.595    -7.201   120.141    45.921  1024.147  2177.648    31.337     9.840     0.020    22.961
       477    45.968     2.892     0.000     2.602    -7.194   120.469    45.968  1024.148  2175.431    31.337     9.840     0.020    22.984
       478    46.018     2.884     0.000     2.609    -7.188   120.806    46.018  1024.148  2173.039    31.337     9.840     0.020    23.009
       479    46.073     2.876     0.000     2.616    -7.181   121.153    46.073  1024.148  2170.453    31.337     9.840     0.020    23.037
       480    46.133     2.869     0.000     2.623    -7.173   121.511    46.133  1024.148  2167.647    31.337     9.839     0.020    23.066
       481    46.198     2.861     0.000     2.631    -7.166   121.880    46.198  1024.148  2164.596    31.337     9.839     0.020    23.099
       482    46.269     2.854     0.000     2.638    -7.158   122.263    46.269  1024.148  2161.267    31.337     9.839     0.020    23.135
       483    46.347     2.846     0.000     2.647    -7.149   122.659    46.347  1024.148  2157.621    31.338     9.838     0.020    23.174
       484    46.434     2.839     0.000     2.655    -7.141   123.071    46.434  1024.148  2153.611    31.338     9.838     0.020    23.217
       485    46.529     2.832     0.000     2.664    -7.131   123.500    46.529  1024.149  2149.180    31.338     9.837     0.020    23.265
       486    46.636     2.825     0.000     2.673    -7.121   123.948    46.636  1024.149  2144.255    31.338     9.837     0.020    23.318
       487    46.756     2.819     0.000     2.682    -7.111   124.418    46.756  1024.149  2138.747    31.338     9.836     0.020    23.378
       488    46.893     2.813     0.000     2.692    -7.100   124.913    46.893  1024.149  2132.536    31.338     9.835     0.020    23.446
       489    47.049     2.807     0.000     2.703    -7.088   125.437    47.049  1024.149  2125.465    31.338     9.835     0.020    23.524
       490    47.230     2.803     0.000     2.714    -7.075   125.995    47.230  1024.150  2117.314    31.338     9.834     0.020    23.615
       491    47.444     2.799     0.000     2.727    -7.061   126.594    47.444  1024.150  2107.768    31.339     9.833     0.020    23.722
       492    47.694     2.796     0.000     2.740    -7.045   127.246    47.694  1024.150  2096.715    31.339     9.831     0.020    23.847
       493    47.970     2.794     0.000     2.754    -7.028   127.958    47.970  1024.151  2084.618    31.339     9.830     0.020    23.985
       494    48.273     2.792     0.000     2.770    -7.009   128.724    48.273  1024.151  2071.562    31.339     9.829     0.020    24.136
       495    48.606     2.791     0.000     2.787    -6.989   129.557    48.606  1024.152  2057.353    31.340     9.827     0.020    24.303
       496    48.978     2.791     0.000     2.806    -6.966   130.473    48.978  1024.152  2041.735    31.340     9.825     0.020    24.489
       497    49.399     2.792     0.000     2.826    -6.940   131.493    49.399  1024.152  2024.339    31.340     9.824     0.020    24.699
       498    49.894     2.796     0.000     2.850    -6.910   132.651    49.894  1024.153  2004.242    31.340     9.821     0.020    24.947
       499    50.504     2.803     0.000     2.878    -6.875   134.021    50.504  1024.154  1980.029    31.340     9.819     0.020    25.252
       500    51.299     2.815     0.000     2.912    -6.830   135.727    51.299  1024.154  1949.365    31.341     9.816     0.020    25.649
       501    52.325     2.834     0.000     2.955    -6.774   137.833    52.325  1024.155  1911.143    31.341     9.812     0.020    26.162
       502    53.371     2.856     0.000     2.997    -6.720   139.898    53.371  1024.155  1873.671    31.341     9.808     0.020    26.686
       503    54.439     2.883     0.000     3.039    -6.666   141.944    54.439  1024.156  1836.933    31.340     9.805     0.020    27.219
       504    55.527     2.916     0.000     3.079    -6.614   143.949    55.527  1024.156  1800.915    31.340     9.801     0.020    27.764
       505    56.638     2.955     0.000     3.119    -6.564   145.905    56.638  1024.156  1765.603    31.339     9.798     0.020    28.319
---------------------------- Plume traps -----------------------------
       506    57.649     2.997     0.000     3.154    -6.521   147.611    57.649  1024.156  1734.621    31.339     9.795     0.020    28.825
       507    58.431     3.036     0.000     3.179    -6.490   148.859    58.431  1024.156  1711.421    31.338     9.793     0.020    29.215
       508    59.090     3.070     0.000     3.199    -6.466   149.835    59.090  1024.156  1692.339    31.338     9.791     0.020    29.545
       509    59.657     3.101     0.000     3.215    -6.447   150.638    59.657  1024.156  1676.245    31.337     9.790     0.020    29.829
       510    60.180     3.129     0.000     3.230    -6.431   151.349    60.180  1024.155  1661.671    31.337     9.789     0.020    30.090
       511    60.631     3.155     0.000     3.243    -6.415   152.001    60.631  1024.155  1649.329    31.336     9.788     0.020    30.315
       512    61.058     3.180     0.000     3.256    -6.401   152.641    61.058  1024.155  1637.799    31.336     9.787     0.020    30.529
       513    61.446     3.203     0.000     3.268    -6.387   153.262    61.446  1024.155  1627.433    31.335     9.786     0.020    30.723
       514    61.818     3.225     0.000     3.281    -6.373   153.875    61.818  1024.155  1617.648    31.335     9.785     0.020    30.909
       515    62.162     3.247     0.000     3.293    -6.360   154.470    62.162  1024.154  1608.710    31.334     9.785     0.020    31.081
       516    62.487     3.269     0.000     3.305    -6.348   155.054    62.487  1024.154  1600.339    31.334     9.784     0.020    31.243
       517    62.789     3.289     0.000     3.316    -6.336   155.622    62.789  1024.154  1592.633    31.334     9.783     0.020    31.395
       518    63.074     3.309     0.000     3.328    -6.324   156.178    63.074  1024.154  1585.442    31.333     9.783     0.020    31.537
       519    63.340     3.329     0.000     3.339    -6.313   156.719    63.340  1024.154  1578.781    31.333     9.782     0.020    31.670
       520    63.590     3.348     0.000     3.349    -6.302   157.247    63.590  1024.154  1572.568    31.333     9.782     0.020    31.795
       521    63.825     3.366     0.000     3.360    -6.292   157.763    63.825  1024.153  1566.787    31.332     9.781     0.020    31.912
       522    64.046     3.384     0.000     3.370    -6.282   158.267    64.046  1024.153  1561.388    31.332     9.781     0.020    32.023
       523    64.253     3.402     0.000     3.380    -6.272   158.758    64.253  1024.153  1556.346    31.332     9.781     0.020    32.127
       524    64.448     3.419     0.000     3.390    -6.263   159.238    64.448  1024.153  1551.628    31.332     9.780     0.020    32.224
       525    64.633     3.435     0.000     3.399    -6.254   159.707    64.633  1024.153  1547.208    31.331     9.780     0.020    32.316
       526    64.806     3.452     0.000     3.408    -6.246   160.166    64.806  1024.153  1543.061    31.331     9.780     0.020    32.403
       527    64.970     3.467     0.000     3.417    -6.238   160.614    64.970  1024.153  1539.166    31.331     9.779     0.020    32.485
       528    65.125     3.483     0.000     3.426    -6.230   161.052    65.125  1024.152  1535.502    31.331     9.779     0.020    32.563
       529    65.272     3.498     0.000     3.435    -6.222   161.480    65.272  1024.152  1532.051    31.330     9.779     0.020    32.636
       530    65.411     3.513     0.000     3.443    -6.215   161.900    65.411  1024.152  1528.797    31.330     9.779     0.020    32.705
       531    65.543     3.528     0.000     3.452    -6.208   162.310    65.543  1024.152  1525.725    31.330     9.778     0.020    32.771
       532    65.668     3.542     0.000     3.460    -6.201   162.712    65.668  1024.152  1522.820    31.330     9.778     0.020    32.834
       533    65.786     3.556     0.000     3.468    -6.194   163.106    65.786  1024.152  1520.071    31.330     9.778     0.020    32.893
       534    65.899     3.570     0.000     3.476    -6.188   163.492    65.899  1024.152  1517.466    31.330     9.778     0.020    32.950
       535    66.007     3.583     0.000     3.483    -6.181   163.871    66.007  1024.152  1514.995    31.329     9.778     0.020    33.003
       536    66.109     3.596     0.000     3.491    -6.175   164.242    66.109  1024.152  1512.649    31.329     9.777     0.020    33.055
       537    66.207     3.609     0.000     3.498    -6.170   164.606    66.207  1024.152  1510.419    31.329     9.777     0.020    33.103
       538    66.300     3.622     0.000     3.506    -6.164   164.963    66.300  1024.151  1508.297    31.329     9.777     0.020    33.150
       539    66.389     3.635     0.000     3.513    -6.159   165.314    66.389  1024.151  1506.275    31.329     9.777     0.020    33.194
       540    66.474     3.647     0.000     3.520    -6.153   165.659    66.474  1024.151  1504.348    31.329     9.777     0.020    33.237
       541    66.555     3.659     0.000     3.527    -6.148   165.998    66.555  1024.151  1502.510    31.329     9.777     0.020    33.278
       542    66.633     3.671     0.000     3.533    -6.143   166.331    66.633  1024.151  1500.754    31.328     9.777     0.020    33.317
       543    66.708     3.683     0.000     3.540    -6.139   166.658    66.708  1024.151  1499.076    31.328     9.777     0.020    33.354
       544    66.779     3.694     0.000     3.546    -6.134   166.980    66.779  1024.151  1497.471    31.328     9.776     0.020    33.390
       545    66.848     3.705     0.000     3.553    -6.130   167.297    66.848  1024.151  1495.934    31.328     9.776     0.020    33.424
       546    66.914     3.717     0.000     3.559    -6.125   167.609    66.914  1024.151  1494.462    31.328     9.776     0.020    33.457
       547    66.977     3.727     0.000     3.565    -6.121   167.916    66.977  1024.151  1493.051    31.328     9.776     0.020    33.488
       548    67.038     3.738     0.000     3.571    -6.117   168.218    67.038  1024.151  1491.697    31.328     9.776     0.020    33.519
       549    67.096     3.749     0.000     3.578    -6.113   168.516    67.096  1024.151  1490.398    31.328     9.776     0.020    33.548
       550    67.152     3.759     0.000     3.583    -6.109   168.810    67.152  1024.151  1489.150    31.328     9.776     0.020    33.576
       551    67.207     3.769     0.000     3.589    -6.106   169.099    67.207  1024.151  1487.950    31.328     9.776     0.020    33.603
       552    67.259     3.779     0.000     3.595    -6.102   169.385    67.259  1024.150  1486.797    31.327     9.776     0.020    33.629
       553    67.309     3.789     0.000     3.601    -6.098   169.666    67.309  1024.150  1485.687    31.327     9.776     0.020    33.654
       554    67.357     3.799     0.000     3.606    -6.095   169.944    67.357  1024.150  1484.619    31.327     9.776     0.020    33.679
       555    67.404     3.809     0.000     3.612    -6.092   170.218    67.404  1024.150  1483.590    31.327     9.776     0.020    33.702
       556    67.449     3.818     0.000     3.617    -6.089   170.488    67.449  1024.150  1482.599    31.327     9.776     0.020    33.725
       557    67.493     3.827     0.000     3.623    -6.085   170.755    67.493  1024.150  1481.643    31.327     9.775     0.020    33.746
       558    67.535     3.836     0.000     3.628    -6.082   171.019    67.535  1024.150  1480.722    31.327     9.775     0.020    33.767
       559    67.575     3.845     0.000     3.633    -6.079   171.280    67.575  1024.150  1479.832    31.327     9.775     0.020    33.788
       560    67.614     3.854     0.000     3.639    -6.077   171.538    67.614  1024.150  1478.974    31.327     9.775     0.020    33.807
       561    67.652     3.863     0.000     3.644    -6.074   171.792    67.652  1024.150  1478.146    31.327     9.775     0.020    33.826
       562    67.689     3.871     0.000     3.649    -6.071   172.044    67.689  1024.150  1477.346    31.327     9.775     0.020    33.844
       563    67.724     3.880     0.000     3.654    -6.068   172.293    67.724  1024.150  1476.572    31.327     9.775     0.020    33.862
       564    67.759     3.888     0.000     3.659    -6.066   172.539    67.759  1024.150  1475.825    31.327     9.775     0.020    33.879
       565    67.792     3.896     0.000     3.664    -6.063   172.782    67.792  1024.150  1475.103    31.327     9.775     0.020    33.896
       566    67.824     3.904     0.000     3.669    -6.061   173.023    67.824  1024.150  1474.405    31.327     9.775     0.020    33.912
       567    67.855     3.912     0.000     3.674    -6.059   173.262    67.855  1024.150  1473.729    31.326     9.775     0.020    33.928
       568    67.885     3.919     0.000     3.678    -6.056   173.498    67.885  1024.150  1473.076    31.326     9.775     0.020    33.943
       569    67.914     3.927     0.000     3.683    -6.054   173.732    67.914  1024.150  1472.443    31.326     9.775     0.020    33.957
       570    67.943     3.934     0.000     3.688    -6.052   173.964    67.943  1024.150  1471.831    31.326     9.775     0.020    33.971
       571    67.970     3.941     0.000     3.692    -6.050   174.193    67.970  1024.150  1471.239    31.326     9.775     0.020    33.985
       572    67.996     3.948     0.000     3.697    -6.048   174.420    67.996  1024.150  1470.665    31.326     9.775     0.020    33.998
       573    68.022     3.955     0.000     3.702    -6.046   174.646    68.022  1024.150  1470.110    31.326     9.775     0.020    34.011
       574    68.047     3.962     0.000     3.706    -6.044   174.869    68.047  1024.150  1469.572    31.326     9.775     0.020    34.024
       575    68.071     3.969     0.000     3.711    -6.042   175.090    68.071  1024.150  1469.051    31.326     9.775     0.020    34.036
       576    68.095     3.976     0.000     3.715    -6.040   175.310    68.095  1024.150  1468.547    31.326     9.775     0.020    34.047
       577    68.117     3.982     0.000     3.719    -6.039   175.527    68.117  1024.150  1468.058    31.326     9.775     0.020    34.059
       578    68.139     3.988     0.000     3.724    -6.037   175.743    68.139  1024.150  1467.585    31.326     9.775     0.020    34.070
       579    68.160     3.995     0.000     3.728    -6.035   175.957    68.160  1024.149  1467.126    31.326     9.775     0.020    34.080
       580    68.181     4.001     0.000     3.732    -6.034   176.170    68.181  1024.149  1466.682    31.326     9.775     0.020    34.091
       581    68.201     4.007     0.000     3.737    -6.032   176.381    68.201  1024.149  1466.251    31.326     9.775     0.020    34.101
       582    68.221     4.013     0.000     3.741    -6.030   176.590    68.221  1024.149  1465.835    31.326     9.774     0.020    34.110
       583    68.239     4.018     0.000     3.745    -6.029   176.798    68.239  1024.149  1465.431    31.326     9.774     0.020    34.120
       584    68.258     4.024     0.000     3.749    -6.028   177.005    68.258  1024.149  1465.040    31.326     9.774     0.020    34.129
       585    68.275     4.029     0.000     3.754    -6.026   177.210    68.275  1024.149  1464.661    31.326     9.774     0.020    34.138
       586    68.292     4.035     0.000     3.758    -6.025   177.414    68.292  1024.149  1464.294    31.326     9.774     0.020    34.146
       587    68.309     4.040     0.000     3.762    -6.023   177.616    68.309  1024.149  1463.939    31.326     9.774     0.020    34.154
       588    68.325     4.045     0.000     3.766    -6.022   177.817    68.325  1024.149  1463.595    31.326     9.774     0.020    34.162
       589    68.340     4.050     0.000     3.770    -6.021   178.017    68.340  1024.149  1463.262    31.326     9.774     0.020    34.170
       590    68.355     4.055     0.000     3.774    -6.020   178.216    68.355  1024.149  1462.940    31.326     9.774     0.020    34.178
       591    68.370     4.060     0.000     3.778    -6.019   178.413    68.370  1024.149  1462.629    31.326     9.774     0.020    34.185
       592    68.384     4.064     0.000     3.782    -6.017   178.610    68.384  1024.149  1462.327    31.326     9.774     0.020    34.192
       593    68.398     4.069     0.000     3.786    -6.016   178.805    68.398  1024.149  1462.036    31.326     9.774     0.020    34.199
       594    68.411     4.073     0.000     3.790    -6.015   178.999    68.411  1024.149  1461.754    31.325     9.774     0.020    34.205
       595    68.424     4.077     0.000     3.794    -6.014   179.192    68.424  1024.149  1461.482    31.325     9.774     0.020    34.212
       596    68.436     4.082     0.000     3.798    -6.013   179.384    68.436  1024.149  1461.219    31.325     9.774     0.020    34.218
       597    68.448     4.086     0.000     3.801    -6.012   179.576    68.448  1024.149  1460.966    31.325     9.774     0.020    34.224
       598    68.459     4.090     0.000     3.805    -6.011   179.766    68.459  1024.149  1460.721    31.325     9.774     0.020    34.230
       599    68.470     4.093     0.000     3.809    -6.011   179.956    68.470  1024.149  1460.485    31.325     9.774     0.020    34.235
       600    68.481     4.097     0.000     3.813    -6.010   180.144    68.481  1024.149  1460.257    31.325     9.774     0.020    34.241
       601    68.491     4.101     0.000     3.817    -6.009   180.332    68.491  1024.149  1460.038    31.325     9.774     0.020    34.246
       602    68.501     4.104     0.000     3.821    -6.008   180.519    68.501  1024.149  1459.827    31.325     9.774     0.020    34.251
       603    68.511     4.107     0.000     3.824    -6.007   180.705    68.511  1024.149  1459.624    31.325     9.774     0.020    34.255
       604    68.520     4.111     0.000     3.828    -6.007   180.891    68.520  1024.149  1459.429    31.325     9.774     0.020    34.260
       605    68.529     4.114     0.000     3.832    -6.006   181.076    68.529  1024.149  1459.242    31.325     9.774     0.020    34.264
       606    68.537     4.117     0.000     3.836    -6.005   181.260    68.537  1024.149  1459.062    31.325     9.774     0.020    34.269
       607    68.545     4.120     0.000     3.839    -6.005   181.444    68.545  1024.149  1458.890    31.325     9.774     0.020    34.273
       608    68.553     4.123     0.000     3.843    -6.004   181.626    68.553  1024.149  1458.726    31.325     9.774     0.020    34.276
       609    68.560     4.125     0.000     3.847    -6.003   181.809    68.560  1024.149  1458.568    31.325     9.774     0.020    34.280
       610    68.567     4.128     0.000     3.850    -6.003   181.991    68.567  1024.149  1458.418    31.325     9.774     0.020    34.284
       611    68.574     4.130     0.000     3.854    -6.002   182.172    68.574  1024.149  1458.275    31.325     9.774     0.020    34.287
       612    68.581     4.132     0.000     3.858    -6.002   182.353    68.581  1024.149  1458.139    31.325     9.774     0.020    34.290
       613    68.587     4.135     0.000     3.861    -6.001   182.533    68.587  1024.149  1458.010    31.325     9.774     0.020    34.293
       614    68.592     4.137     0.000     3.865    -6.001   182.713    68.592  1024.149  1457.887    31.325     9.774     0.020    34.296
       615    68.598     4.139     0.000     3.869    -6.001   182.892    68.598  1024.149  1457.772    31.325     9.774     0.020    34.299
       616    68.603     4.141     0.000     3.872    -6.000   183.071    68.603  1024.149  1457.663    31.325     9.774     0.020    34.301
       617    68.608     4.142     0.000     3.876    -6.000   183.249    68.608  1024.149  1457.560    31.325     9.774     0.020    34.304
       618    68.612     4.144     0.000     3.879    -5.999   183.428    68.612  1024.149  1457.465    31.325     9.774     0.020    34.306
       619    68.617     4.146     0.000     3.883    -5.999   183.606    68.617  1024.149  1457.375    31.325     9.774     0.020    34.308
       620    68.620     4.147     0.000     3.887    -5.999   183.783    68.620  1024.149  1457.292    31.325     9.774     0.020    34.310
       621    68.624     4.148     0.000     3.890    -5.999   183.961    68.624  1024.149  1457.215    31.325     9.774     0.020    34.312
       622    68.627     4.149     0.000     3.894    -5.998   184.138    68.627  1024.149  1457.145    31.325     9.774     0.020    34.314
       623    68.630     4.151     0.000     3.897    -5.998   184.315    68.630  1024.149  1457.081    31.325     9.774     0.020    34.315
       624    68.633     4.152     0.000     3.901    -5.998   184.492    68.633  1024.149  1457.023    31.325     9.774     0.020    34.317
       625    68.636     4.152     0.000     3.905    -5.998   184.668    68.636  1024.149  1456.971    31.325     9.774     0.020    34.318
       626    68.638     4.153     0.000     3.908    -5.998   184.845    68.638  1024.149  1456.925    31.325     9.774     0.020    34.319
       627    68.640     4.154     0.000     3.912    -5.998   185.022    68.640  1024.149  1456.886    31.325     9.774     0.020    34.320
       628    68.641     4.154     0.000     3.915    -5.998   185.198    68.641  1024.149  1456.852    31.325     9.774     0.020    34.321
       629    68.642     4.155     0.000     3.919    -5.997   185.374    68.642  1024.149  1456.825    31.325     9.774     0.020    34.321
       630    68.643     4.155     0.000     3.922    -5.997   185.551    68.643  1024.149  1456.804    31.325     9.774     0.020    34.322
       631    68.644     4.155     0.000     3.926    -5.997   185.727    68.644  1024.149  1456.788    31.325     9.774     0.020    34.322
---------------------- Local maximum rise or fall --------------------
       632    68.645     4.155     0.000     3.930    -5.997   185.903    68.645  1024.149  1456.779    31.325     9.774     0.020    34.322
-------------------- Starting Farfield Calculations --------------------
Farfield dispersion based on wastefield width of :       4.16 (m)
4/3 Power Law based Eddy Diffusivity is used:
  Dilution     Width  Distance      Time     Conc.    Bckgrd
        ()       (m)       (m)    (hrs.)    (mg/L)    (mg/L)
    68.645     4.161     3.930     0.000  1456.779     0.000
    68.645     4.182     4.000     0.001  1460.798     0.000
    68.646     4.475     5.000     0.015  1460.798     0.000
    68.797     4.775     6.000     0.029  1460.798     0.000
    69.608     5.081     7.000     0.043  1460.798     0.000
    71.233     5.394     8.000     0.057  1412.187     0.000
    73.521     5.712     9.000     0.071  1412.187     0.000
    76.297     6.037    10.000     0.085  1412.187     0.000
    79.431     6.368    11.000     0.098  1412.187     0.000
    82.836     6.704    12.000     0.112  1218.632     0.000
    86.453     7.047    13.000     0.126  1218.632     0.000
    90.240     7.394    14.000     0.140  1218.632     0.000
    94.171     7.748    15.000     0.154  1218.632     0.000
    98.225     8.107    16.000     0.168  1029.357     0.000
   102.388     8.471    17.000     0.182  1029.357     0.000
   106.648     8.841    18.000     0.196  1029.357     0.000
   110.998     9.215    19.000     0.210  1029.357     0.000
   115.431     9.595    20.000     0.223   876.751     0.000
   119.942     9.980    21.000     0.237   876.751     0.000
   124.527    10.370    22.000     0.251   876.751     0.000
   129.183    10.765    23.000     0.265   876.751     0.000
   133.906    11.165    24.000     0.279   756.282     0.000
   138.696    11.570    25.000     0.293   756.282     0.000
   143.548    11.980    26.000     0.307   756.282     0.000
   148.463    12.394    27.000     0.321   756.282     0.000
   153.438    12.813    28.000     0.335   660.343     0.000
   158.473    13.236    29.000     0.348   660.343     0.000
   163.565    13.664    30.000     0.362   660.343     0.000
   168.714    14.097    31.000     0.376   660.343     0.000
   173.919    14.534    32.000     0.390   582.817     0.000
   179.180    14.975    33.000     0.404   582.817     0.000
   184.494    15.421    34.000     0.418   582.817     0.000
   189.862    15.871    35.000     0.432   582.817     0.000
   195.283    16.326    36.000     0.446   519.236     0.000
   200.756    16.785    37.000     0.460   519.236     0.000
   206.280    17.248    38.000     0.473   519.236     0.000
   211.855    17.715    39.000     0.487   519.236     0.000
   217.481    18.186    40.000     0.501   466.373     0.000
   223.156    18.661    41.000     0.515   466.373     0.000
   228.881    19.141    42.000     0.529   466.373     0.000
   234.655    19.624    43.000     0.543   466.373     0.000
   240.477    20.112    44.000     0.557   421.882     0.000
   246.347    20.603    45.000     0.571   421.882     0.000
   252.265    21.099    46.000     0.585   421.882     0.000
   258.230    21.598    47.000     0.598   421.882     0.000
   264.241    22.101    48.000     0.612   384.027     0.000
   270.299    22.608    49.000     0.626   384.027     0.000
   276.402    23.119    50.000     0.640   384.027     0.000
   282.552    23.634    51.000     0.654   384.027     0.000
   288.746    24.152    52.000     0.668   351.505     0.000
   294.985    24.675    53.000     0.682   351.505     0.000
   301.269    25.200    54.000     0.696   351.505     0.000
   307.597    25.730    55.000     0.710   351.505     0.000
   313.969    26.263    56.000     0.723   323.324     0.000
   320.385    26.800    57.000     0.737   323.324     0.000
   326.844    27.341    58.000     0.751   323.324     0.000
   333.345    27.885    59.000     0.765   323.324     0.000
   339.890    28.432    60.000     0.779   298.715     0.000
   346.477    28.983    61.000     0.793   298.715     0.000
   353.106    29.538    62.000     0.807   298.715     0.000
   359.776    30.096    63.000     0.821   298.715     0.000
   366.489    30.658    64.000     0.835   277.075     0.000
   373.243    31.223    65.000     0.848   277.075     0.000
   380.037    31.791    66.000     0.862   277.075     0.000
   386.873    32.363    67.000     0.876   277.075     0.000
   393.749    32.939    68.000     0.890   257.926     0.000
   400.666    33.517    69.000     0.904   257.926     0.000
   407.622    34.099    70.000     0.918   257.926     0.000
   414.619    34.685    71.000     0.932   257.926     0.000
   421.655    35.273    72.000     0.946   240.885     0.000
   428.730    35.865    73.000     0.960   240.885     0.000
   435.845    36.461    74.000     0.973   240.885     0.000
   442.998    37.059    75.000     0.987   240.885     0.000
   450.191    37.661    76.000     1.001   225.642     0.000
   457.422    38.266    77.000     1.015   225.642     0.000
   464.691    38.874    78.000     1.029   225.642     0.000
   471.998    39.485    79.000     1.043   225.642     0.000
   479.344    40.100    80.000     1.057   211.940     0.000
   486.727    40.718    81.000     1.071   211.940     0.000
   494.147    41.338    82.000     1.085   211.940     0.000
   501.605    41.962    83.000     1.098   199.571     0.000
   509.100    42.589    84.000     1.112   199.571     0.000
   516.632    43.219    85.000     1.126   199.571     0.000
   524.201    43.853    86.000     1.140   199.571     0.000
   531.807    44.489    87.000     1.154   188.360     0.000
   539.449    45.128    88.000     1.168   188.360     0.000
   547.127    45.771    89.000     1.182   188.360     0.000
   554.842    46.416    90.000     1.196   188.360     0.000
   562.592    47.064    91.000     1.210   178.161     0.000
   570.378    47.716    92.000     1.223   178.161     0.000
   578.200    48.370    93.000     1.237   178.161     0.000
   586.057    49.027    94.000     1.251   178.161     0.000
   593.949    49.688    95.000     1.265   168.850     0.000
   601.877    50.351    96.000     1.279   168.850     0.000
   609.839    51.017    97.000     1.293   168.850     0.000
   617.836    51.686    98.000     1.307   168.850     0.000
   625.868    52.358    99.000     1.321   160.323     0.000
   633.935    53.033   100.000     1.335   160.323     0.000
   642.036    53.711   101.000     1.348   160.323     0.000
   650.171    54.391   102.000     1.362   160.323     0.000
   658.340    55.075   103.000     1.376   152.490     0.000
   666.543    55.761   104.000     1.390   152.490     0.000
   674.780    56.450   105.000     1.404   152.490     0.000
   683.050    57.142   106.000     1.418   152.490     0.000
   691.354    57.837   107.000     1.432   145.275     0.000
   699.692    58.534   108.000     1.446   145.275     0.000
   708.063    59.234   109.000     1.460   145.275     0.000
   716.466    59.937   110.000     1.473   145.275     0.000
   724.903    60.643   111.000     1.487   138.611     0.000
   733.373    61.352   112.000     1.501   138.611     0.000
   741.875    62.063   113.000     1.515   138.611     0.000
   750.410    62.777   114.000     1.529   138.611     0.000
   758.978    63.494   115.000     1.543   132.442     0.000
   767.578    64.213   116.000     1.557   132.442     0.000
   776.210    64.935   117.000     1.571   132.442     0.000
   784.874    65.660   118.000     1.585   132.442     0.000
   793.570    66.388   119.000     1.598   126.717     0.000
   802.298    67.118   120.000     1.612   126.717     0.000
   811.058    67.851   121.000     1.626   126.717     0.000
   819.850    68.586   122.000     1.640   126.717     0.000
   828.673    69.324   123.000     1.654   121.393     0.000
   837.527    70.065   124.000     1.668   121.393     0.000
   846.413    70.809   125.000     1.682   121.393     0.000
   855.330    71.554   126.000     1.696   121.393     0.000
   864.278    72.303   127.000     1.710   116.431     0.000
   873.258    73.054   128.000     1.723   116.431     0.000
   882.268    73.808   129.000     1.737   116.431     0.000
   891.308    74.564   130.000     1.751   116.431     0.000
   900.380    75.323   131.000     1.765   111.799     0.000
   909.482    76.085   132.000     1.779   111.799     0.000
   918.614    76.849   133.000     1.793   111.799     0.000
   927.777    77.615   134.000     1.807   111.799     0.000
   936.970    78.384   135.000     1.821   107.466     0.000
   946.194    79.156   136.000     1.835   107.466     0.000
   955.447    79.930   137.000     1.848   107.466     0.000
   964.730    80.707   138.000     1.862   107.466     0.000
   974.043    81.486   139.000     1.876   103.405     0.000
   983.386    82.267   140.000     1.890   103.405     0.000
   992.759    83.051   141.000     1.904   103.405     0.000
  1002.161    83.838   142.000     1.918   103.405     0.000
  1011.593    84.627   143.000     1.932    99.595     0.000
  1021.054    85.419   144.000     1.946    99.595     0.000
  1030.545    86.213   145.000     1.960    99.595     0.000
  1040.064    87.009   146.000     1.973    99.595     0.000
  1049.613    87.808   147.000     1.987    96.012     0.000
  1059.191    88.609   148.000     2.001    96.012     0.000
  1068.798    89.413   149.000     2.015    96.012     0.000
  1078.434    90.219   150.000     2.029    96.012     0.000
  1088.098    91.027   151.000     2.043    92.640     0.000
  1097.791    91.838   152.000     2.057    92.640     0.000
  1107.513    92.652   153.000     2.071    92.640     0.000
  1117.264    93.467   154.000     2.085    92.640     0.000
  1127.042    94.285   155.000     2.098    89.460     0.000
  1136.849    95.106   156.000     2.112    89.460     0.000
  1146.685    95.929   157.000     2.126    89.460     0.000
  1156.549    96.754   158.000     2.140    89.460     0.000
  1166.440    97.581   159.000     2.154    86.458     0.000
  1176.360    98.411   160.000     2.168    86.458     0.000
  1186.308    99.243   161.000     2.182    86.458     0.000
  1196.283   100.078   162.000     2.196    83.620     0.000
  1206.287   100.915   163.000     2.210    83.620     0.000
  1216.318   101.754   164.000     2.223    83.620     0.000
  1226.377   102.595   165.000     2.237    83.620     0.000
  1236.463   103.439   166.000     2.251    80.934     0.000
  1246.577   104.285   167.000     2.265    80.934     0.000
  1256.719   105.134   168.000     2.279    80.934     0.000
  1266.887   105.984   169.000     2.293    80.934     0.000
  1277.083   106.837   170.000     2.307    78.389     0.000
  1287.306   107.693   171.000     2.321    78.389     0.000
  1297.557   108.550   172.000     2.335    78.389     0.000
  1307.834   109.410   173.000     2.348    78.389     0.000
  1318.138   110.272   174.000     2.362    75.975     0.000
  1328.470   111.136   175.000     2.376    75.975     0.000
  1338.828   112.003   176.000     2.390    75.975     0.000
  1349.213   112.872   177.000     2.404    75.975     0.000
  1359.624   113.743   178.000     2.418    73.682     0.000
  1370.063   114.616   179.000     2.432    73.682     0.000
  1380.528   115.491   180.000     2.446    73.682     0.000
  1391.019   116.369   181.000     2.460    73.682     0.000
  1401.537   117.249   182.000     2.473    71.502     0.000
  1412.081   118.131   183.000     2.487    71.502     0.000
  1422.651   119.015   184.000     2.501    71.502     0.000
  1433.248   119.902   185.000     2.515    71.502     0.000
  1443.871   120.790   186.000     2.529    69.428     0.000
  1454.520   121.681   187.000     2.543    69.428     0.000
  1465.195   122.574   188.000     2.557    69.428     0.000
  1475.896   123.470   189.000     2.571    69.428     0.000
  1486.623   124.367   190.000     2.585    67.452     0.000
  1497.376   125.267   191.000     2.598    67.452     0.000
  1508.155   126.168   192.000     2.612    67.452     0.000
  1518.959   127.072   193.000     2.626    67.452     0.000
  1529.789   127.978   194.000     2.640    65.568     0.000
  1540.645   128.886   195.000     2.654    65.568     0.000
  1551.526   129.797   196.000     2.668    65.568     0.000
  1562.433   130.709   197.000     2.682    65.568     0.000
  1573.365   131.624   198.000     2.696    63.770     0.000
  1584.323   132.540   199.000     2.710    63.770     0.000
  1595.306   133.459   200.000     2.723    63.770     0.000
  1606.314   134.380   201.000     2.737    63.770     0.000
  1617.347   135.303   202.000     2.751    62.052     0.000
  1628.406   136.228   203.000     2.765    62.052     0.000
  1639.489   137.155   204.000     2.779    62.052     0.000
  1650.598   138.085   205.000     2.793    62.052     0.000
  1661.732   139.016   206.000     2.807    60.411     0.000
............................. Reached Chronic Mixing Zone ..........................
  1672.890   139.950   207.000     2.821    60.411     0.000
  1684.074   140.885   208.000     2.835    60.411     0.000
  1695.282   141.823   209.000     2.848    60.411     0.000
  1706.515   142.763   210.000     2.862    58.840     0.000
  1717.772   143.704   211.000     2.876    58.840     0.000
  1729.055   144.648   212.000     2.890    58.840     0.000
  1740.362   145.594   213.000     2.904    58.840     0.000
  1751.693   146.542   214.000     2.918    57.337     0.000
  1763.049   147.492   215.000     2.932    57.337     0.000
  1774.429   148.444   216.000     2.946    57.337     0.000
  1785.834   149.398   217.000     2.960    57.337     0.000
  1797.263   150.354   218.000     2.973    55.896     0.000
  1808.717   151.313   219.000     2.987    55.896     0.000
  1820.194   152.273   220.000     3.001    55.896     0.000
  1831.696   153.235   221.000     3.015    55.896     0.000
  1843.222   154.199   222.000     3.029    54.515     0.000
  1854.772   155.165   223.000     3.043    54.515     0.000
  1866.346   156.134   224.000     3.057    54.515     0.000
  1877.944   157.104   225.000     3.071    54.515     0.000
  1889.566   158.076   226.000     3.085    53.190     0.000
  1901.211   159.050   227.000     3.098    53.190     0.000
  1912.881   160.027   228.000     3.112    53.190     0.000
  1924.574   161.005   229.000     3.126    53.190     0.000
  1936.291   161.985   230.000     3.140    51.917     0.000
  1948.032   162.967   231.000     3.154    51.917     0.000
  1959.797   163.952   232.000     3.168    51.917     0.000
  1971.585   164.938   233.000     3.182    51.917     0.000
  1983.396   165.926   234.000     3.196    50.695     0.000
  1995.231   166.916   235.000     3.210    50.695     0.000
  2007.090   167.908   236.000     3.223    50.695     0.000
  2018.972   168.902   237.000     3.237    50.695     0.000
  2030.877   169.898   238.000     3.251    49.520     0.000
  2042.805   170.896   239.000     3.265    49.520     0.000
  2054.757   171.896   240.000     3.279    49.520     0.000
  2066.732   172.897   241.000     3.293    49.520     0.000
  2078.730   173.901   242.000     3.307    48.389     0.000
  2090.752   174.907   243.000     3.321    48.389     0.000
  2102.796   175.915   244.000     3.335    48.389     0.000
  2114.864   176.924   245.000     3.348    47.301     0.000
  2126.954   177.936   246.000     3.362    47.301     0.000
  2139.067   178.949   247.000     3.376    47.301     0.000
  2151.204   179.964   248.000     3.390    47.301     0.000
  2163.363   180.981   249.000     3.404    46.253     0.000
  2175.545   182.001   250.000     3.418    46.253     0.000
  2187.750   183.022   251.000     3.432    46.253     0.000
  2199.977   184.044   252.000     3.446    46.253     0.000
  2212.228   185.069   253.000     3.460    45.243     0.000
  2224.500   186.096   254.000     3.473    45.243     0.000
  2236.796   187.125   255.000     3.487    45.243     0.000
  2249.114   188.155   256.000     3.501    45.243     0.000
  2261.455   189.187   257.000     3.515    44.269     0.000
  2273.818   190.222   258.000     3.529    44.269     0.000
  2286.203   191.258   259.000     3.543    44.269     0.000
  2298.611   192.296   260.000     3.557    44.269     0.000
  2311.041   193.336   261.000     3.571    43.330     0.000
  2323.494   194.378   262.000     3.585    43.330     0.000
  2335.969   195.421   263.000     3.598    43.330     0.000
  2348.466   196.467   264.000     3.612    43.330     0.000
  2360.985   197.514   265.000     3.626    42.424     0.000
  2373.527   198.563   266.000     3.640    42.424     0.000
  2386.091   199.614   267.000     3.654    42.424     0.000
  2398.676   200.667   268.000     3.668    42.424     0.000
  2411.284   201.722   269.000     3.682    41.548     0.000
  2423.914   202.778   270.000     3.696    41.548     0.000
  2436.566   203.837   271.000     3.710    41.548     0.000
  2449.239   204.897   272.000     3.723    41.548     0.000
  2461.935   205.959   273.000     3.737    40.703     0.000
  2474.652   207.023   274.000     3.751    40.703     0.000
  2487.392   208.089   275.000     3.765    40.703     0.000
  2500.153   209.156   276.000     3.779    40.703     0.000
  2512.936   210.226   277.000     3.793    39.885     0.000
  2525.740   211.297   278.000     3.807    39.885     0.000
  2538.566   212.370   279.000     3.821    39.885     0.000
  2551.414   213.445   280.000     3.835    39.885     0.000
  2564.284   214.521   281.000     3.848    39.095     0.000
  2577.175   215.600   282.000     3.862    39.095     0.000
  2590.087   216.680   283.000     3.876    39.095     0.000
  2603.021   217.762   284.000     3.890    39.095     0.000
  2615.977   218.846   285.000     3.904    38.331     0.000
  2628.954   219.932   286.000     3.918    38.331     0.000
  2641.952   221.019   287.000     3.932    38.331     0.000
  2654.972   222.108   288.000     3.946    38.331     0.000
  2668.013   223.199   289.000     3.960    37.591     0.000
  2681.075   224.292   290.000     3.973    37.591     0.000
  2694.159   225.386   291.000     3.987    37.591     0.000
  2707.263   226.483   292.000     4.001    37.591     0.000
  2720.389   227.581   293.000     4.015    36.874     0.000
  2733.536   228.681   294.000     4.029    36.874     0.000
  2746.705   229.782   295.000     4.043    36.874     0.000
  2759.894   230.886   296.000     4.057    36.874     0.000
  2773.104   231.991   297.000     4.071    36.180     0.000
  2786.335   233.098   298.000     4.085    36.180     0.000
  2799.588   234.206   299.000     4.098    36.180     0.000
  2812.861   235.317   300.000     4.112    36.180     0.000
  2826.155   236.429   301.000     4.126    35.508     0.000
  2839.470   237.543   302.000     4.140    35.508     0.000
  2852.806   238.658   303.000     4.154    35.508     0.000
  2866.163   239.776   304.000     4.168    35.508     0.000
  2879.540   240.895   305.000     4.182    34.856     0.000
  2892.938   242.016   306.000     4.196    34.856     0.000
  2906.357   243.138   307.000     4.210    34.856     0.000
  2919.797   244.263   308.000     4.223    34.856     0.000
  2933.257   245.389   309.000     4.237    34.224     0.000
  2946.738   246.517   310.000     4.251    34.224     0.000
  2960.239   247.646   311.000     4.265    34.224     0.000
  2973.761   248.777   312.000     4.279    34.224     0.000
  2987.304   249.910   313.000     4.293    33.610     0.000
  3000.867   251.045   314.000     4.307    33.610     0.000
  3014.450   252.181   315.000     4.321    33.610     0.000
  3028.054   253.319   316.000     4.335    33.610     0.000
  3041.679   254.459   317.000     4.348    33.015     0.000
  3055.323   255.601   318.000     4.362    33.015     0.000
  3068.988   256.744   319.000     4.376    33.015     0.000
  3082.674   257.889   320.000     4.390    33.015     0.000
  3096.379   259.035   321.000     4.404    32.437     0.000
  3110.105   260.184   322.000     4.418    32.437     0.000
  3123.851   261.333   323.000     4.432    32.437     0.000
  3137.618   262.485   324.000     4.446    31.876     0.000
  3151.404   263.638   325.000     4.460    31.876     0.000
  3165.211   264.794   326.000     4.473    31.876     0.000
  3179.038   265.950   327.000     4.487    31.876     0.000
  3192.884   267.109   328.000     4.501    31.331     0.000
  3206.751   268.269   329.000     4.515    31.331     0.000
  3220.638   269.430   330.000     4.529    31.331     0.000
  3234.545   270.594   331.000     4.543    31.331     0.000
  3248.472   271.759   332.000     4.557    30.801     0.000
  3262.418   272.926   333.000     4.571    30.801     0.000
  3276.385   274.094   334.000     4.585    30.801     0.000
  3290.372   275.264   335.000     4.598    30.801     0.000
  3304.378   276.436   336.000     4.612    30.286     0.000
  3318.404   277.609   337.000     4.626    30.286     0.000
  3332.450   278.784   338.000     4.640    30.286     0.000
  3346.516   279.961   339.000     4.654    30.286     0.000
  3360.601   281.139   340.000     4.668    29.785     0.000
  3374.706   282.319   341.000     4.682    29.785     0.000
  3388.831   283.501   342.000     4.696    29.785     0.000
  3402.976   284.684   343.000     4.710    29.785     0.000
  3417.140   285.869   344.000     4.723    29.298     0.000
  3431.324   287.056   345.000     4.737    29.298     0.000
  3445.527   288.244   346.000     4.751    29.298     0.000
  3459.750   289.434   347.000     4.765    29.298     0.000
  3473.992   290.625   348.000     4.779    28.824     0.000
  3488.254   291.818   349.000     4.793    28.824     0.000
  3502.535   293.013   350.000     4.807    28.824     0.000
  3516.836   294.210   351.000     4.821    28.824     0.000
  3531.156   295.408   352.000     4.835    28.363     0.000
  3545.496   296.607   353.000     4.848    28.363     0.000
  3559.855   297.808   354.000     4.862    28.363     0.000
  3574.233   299.011   355.000     4.876    28.363     0.000
  3588.630   300.216   356.000     4.890    27.913     0.000
  3603.047   301.422   357.000     4.904    27.913     0.000
  3617.483   302.629   358.000     4.918    27.913     0.000
  3631.939   303.839   359.000     4.932    27.913     0.000
  3646.413   305.050   360.000     4.946    27.476     0.000
  3660.907   306.262   361.000     4.960    27.476     0.000
  3675.420   307.476   362.000     4.973    27.476     0.000
  3689.951   308.692   363.000     4.987    27.476     0.000
  3704.503   309.909   364.000     5.001    27.050     0.000
  3719.073   311.128   365.000     5.015    27.050     0.000
  3733.662   312.349   366.000     5.029    27.050     0.000
  3748.270   313.571   367.000     5.043    27.050     0.000
  3762.897   314.794   368.000     5.057    26.634     0.000
  3777.544   316.020   369.000     5.071    26.634     0.000
  3792.209   317.247   370.000     5.085    26.634     0.000
  3806.893   318.475   371.000     5.098    26.634     0.000
  3821.596   319.705   372.000     5.112    26.230     0.000
  3836.318   320.937   373.000     5.126    26.230     0.000
  3851.058   322.170   374.000     5.140    26.230     0.000
  3865.818   323.405   375.000     5.154    26.230     0.000
  3880.596   324.641   376.000     5.168    25.835     0.000
  3895.393   325.879   377.000     5.182    25.835     0.000
  3910.209   327.118   378.000     5.196    25.835     0.000
  3925.044   328.359   379.000     5.210    25.835     0.000
  3939.897   329.602   380.000     5.223    25.450     0.000
  3954.769   330.846   381.000     5.237    25.450     0.000
  3969.660   332.092   382.000     5.251    25.450     0.000
  3984.569   333.339   383.000     5.265    25.450     0.000
  3999.497   334.588   384.000     5.279    25.075     0.000
  4014.444   335.838   385.000     5.293    25.075     0.000
  4029.409   337.090   386.000     5.307    25.075     0.000
  4044.393   338.344   387.000     5.321    25.075     0.000
  4059.395   339.599   388.000     5.335    24.709     0.000
  4074.416   340.855   389.000     5.348    24.709     0.000
  4089.455   342.113   390.000     5.362    24.709     0.000
  4104.512   343.373   391.000     5.376    24.709     0.000
  4119.589   344.634   392.000     5.390    24.351     0.000
  4134.683   345.897   393.000     5.404    24.351     0.000
  4149.796   347.161   394.000     5.418    24.351     0.000
  4164.927   348.427   395.000     5.432    24.351     0.000
  4180.077   349.695   396.000     5.446    24.002     0.000
  4195.245   350.964   397.000     5.460    24.002     0.000
  4210.431   352.234   398.000     5.473    24.002     0.000
  4225.636   353.506   399.000     5.487    24.002     0.000
  4240.858   354.779   400.000     5.501    23.662     0.000
  4256.099   356.054   401.000     5.515    23.662     0.000
  4271.359   357.331   402.000     5.529    23.662     0.000
  4286.636   358.609   403.000     5.543    23.662     0.000
  4301.932   359.889   404.000     5.557    23.329     0.000
  4317.245   361.170   405.000     5.571    23.329     0.000
  4332.577   362.452   406.000     5.585    23.329     0.000
  4347.927   363.737   407.000     5.598    23.004     0.000
  4363.295   365.022   408.000     5.612    23.004     0.000
  4378.681   366.309   409.000     5.626    23.004     0.000
  4394.086   367.598   410.000     5.640    23.004     0.000
  4409.508   368.888   411.000     5.654    22.687     0.000
  4424.948   370.180   412.000     5.668    22.687     0.000
  4440.406   371.473   413.000     5.682    22.687     0.000
  4455.882   372.768   414.000     5.696    22.687     0.000
  4471.376   374.064   415.000     5.710    22.376     0.000
  4486.888   375.362   416.000     5.723    22.376     0.000
  4502.418   376.661   417.000     5.737    22.376     0.000
  4517.966   377.962   418.000     5.751    22.376     0.000
  4533.532   379.264   419.000     5.765    22.073     0.000
  4549.115   380.567   420.000     5.779    22.073     0.000
  4564.716   381.873   421.000     5.793    22.073     0.000
  4580.335   383.179   422.000     5.807    22.073     0.000
  4595.972   384.487   423.000     5.821    21.777     0.000
  4611.627   385.797   424.000     5.835    21.777     0.000
  4627.299   387.108   425.000     5.848    21.777     0.000
  4642.989   388.421   426.000     5.862    21.777     0.000
  4658.697   389.735   427.000     5.876    21.487     0.000
  4674.422   391.050   428.000     5.890    21.487     0.000
  4690.165   392.367   429.000     5.904    21.487     0.000
  4705.926   393.686   430.000     5.918    21.487     0.000
  4721.704   395.006   431.000     5.932    21.204     0.000
  4737.500   396.327   432.000     5.946    21.204     0.000
  4753.314   397.650   433.000     5.960    21.204     0.000
  4769.145   398.975   434.000     5.973    21.204     0.000
  4784.993   400.300   435.000     5.987    20.926     0.000
  4800.859   401.628   436.000     6.001    20.926     0.000
  4816.743   402.956   437.000     6.015    20.926     0.000
  4832.644   404.287   438.000     6.029    20.926     0.000
  4848.563   405.618   439.000     6.043    20.655     0.000
  4864.499   406.952   440.000     6.057    20.655     0.000
  4880.452   408.286   441.000     6.071    20.655     0.000
  4896.423   409.622   442.000     6.085    20.655     0.000
  4912.411   410.960   443.000     6.098    20.389     0.000
  4928.416   412.299   444.000     6.112    20.389     0.000
  4944.439   413.639   445.000     6.126    20.389     0.000
  4960.480   414.981   446.000     6.140    20.389     0.000
  4976.537   416.324   447.000     6.154    20.130     0.000
  4992.612   417.669   448.000     6.168    20.130     0.000
  5008.704   419.015   449.000     6.182    20.130     0.000
  5024.813   420.363   450.000     6.196    20.130     0.000
  5040.940   421.712   451.000     6.210    19.875     0.000
  5057.084   423.063   452.000     6.223    19.875     0.000
  5073.245   424.415   453.000     6.237    19.875     0.000
  5089.423   425.768   454.000     6.251    19.875     0.000
  5105.618   427.123   455.000     6.265    19.626     0.000
  5121.831   428.479   456.000     6.279    19.626     0.000
  5138.060   429.837   457.000     6.293    19.626     0.000
  5154.307   431.196   458.000     6.307    19.626     0.000
  5170.571   432.557   459.000     6.321    19.382     0.000
  5186.851   433.919   460.000     6.335    19.382     0.000
  5203.149   435.282   461.000     6.348    19.382     0.000
  5219.464   436.647   462.000     6.362    19.382     0.000
  5235.796   438.013   463.000     6.376    19.143     0.000
  5252.145   439.381   464.000     6.390    19.143     0.000
  5268.511   440.750   465.000     6.404    19.143     0.000
  5284.894   442.121   466.000     6.418    19.143     0.000
  5301.294   443.493   467.000     6.432    18.909     0.000
  5317.711   444.866   468.000     6.446    18.909     0.000
  5334.144   446.241   469.000     6.460    18.909     0.000
  5350.595   447.617   470.000     6.473    18.909     0.000
  5367.062   448.995   471.000     6.487    18.680     0.000
  5383.547   450.374   472.000     6.501    18.680     0.000
  5400.048   451.754   473.000     6.515    18.680     0.000
  5416.566   453.136   474.000     6.529    18.680     0.000
  5433.101   454.519   475.000     6.543    18.455     0.000
  5449.652   455.904   476.000     6.557    18.455     0.000
  5466.220   457.290   477.000     6.571    18.455     0.000
  5482.806   458.678   478.000     6.585    18.455     0.000
  5499.407   460.066   479.000     6.598    18.235     0.000
  5516.026   461.457   480.000     6.612    18.235     0.000
  5532.661   462.848   481.000     6.626    18.235     0.000
  5549.313   464.241   482.000     6.640    18.235     0.000
  5565.982   465.636   483.000     6.654    18.019     0.000
  5582.667   467.032   484.000     6.668    18.019     0.000
  5599.369   468.429   485.000     6.682    18.019     0.000
  5616.088   469.828   486.000     6.696    17.808     0.000
  5632.823   471.228   487.000     6.710    17.808     0.000
  5649.575   472.629   488.000     6.723    17.808     0.000
  5666.343   474.032   489.000     6.737    17.808     0.000
  5683.128   475.436   490.000     6.751    17.600     0.000
  5699.929   476.842   491.000     6.765    17.600     0.000
  5716.747   478.248   492.000     6.779    17.600     0.000
  5733.582   479.657   493.000     6.793    17.600     0.000
  5750.433   481.066   494.000     6.807    17.397     0.000
  5767.300   482.478   495.000     6.821    17.397     0.000
  5784.184   483.890   496.000     6.835    17.397     0.000
  5801.084   485.304   497.000     6.848    17.397     0.000
  5818.001   486.719   498.000     6.862    17.197     0.000
  5834.934   488.136   499.000     6.876    17.197     0.000
  5851.884   489.554   500.000     6.890    17.197     0.000
  5868.850   490.973   501.000     6.904    17.197     0.000
  5882.176   492.088   501.785     6.915    17.001     0.000
