****************************************************************************************************
----------------------------------------------------------------------------------------------------
Ambient Table:
     Depth   Amb-cur   Amb-dir   Amb-sal   Amb-tem   Amb-pol     Decay   Far-spd   Far-dir   Disprsn
       (m)     (m/s)     (deg)     (psu)       (C)    (mg/L)   (1/day)     (m/s)     (deg)(m0.67/s2)
     0.000     0.020    90.000    30.900    11.200     0.000     0.000     0.020    90.000   0.00030
     3.000     0.020    90.000    31.200    10.400     0.000     0.000     0.020    90.000   0.00030
     6.000     0.020    90.000    31.200     9.690     0.000     0.000     0.020    90.000   0.00030
     9.000     0.020    90.000    31.700     9.440     0.000     0.000     0.020    90.000   0.00030
    12.000     0.020    90.000    31.800     9.340     0.000     0.000     0.020    90.000   0.00030
    15.000     0.050    90.000    31.900     9.220     0.000     0.000     0.020    90.000   0.00030
----------------------------------------------------------------------------------------------------
Diffuser Table:
     P-dia    P-elev   V-angle   H-angle     Ports   Spacing   AcuteMZ   ChrncMZ   P-depth   Ttl-flo   Eff-sal      Temp   Polutnt
       (m)       (m)     (deg)     (deg)       ( )       (m)       (m)       (m)       (m)     (cms)     (psu)       (C)    (mg/L)
      0.40     15.00    -45.00     90.00      1.00      0.00     20.70    207.00      2.40      0.00     35.00     10.00 100000.00
----------------------------------------------------------------------------------------------------
Simulation Results:
              Dilutn     P-dia    x-posn    y-posn     Depth      Time   Net-Dil     P-Den    P-Con.     P-Sal    P-Temp  Amb-Curr    CL-Dil
      Step (FluxAvg)       (m)       (m)       (m)       (m)       (s)        ()   (kg/m3)    (mg/L)     (psu)       (C)     (m/s)        ()
         1     1.003     0.313     0.000     0.008    -2.410     0.276     1.003  1026.964 99655.326    34.987    10.002     0.020     1.000
         2     1.004     0.291     0.000     0.008    -2.410     0.291     1.004  1026.962 99607.747    34.985    10.002     0.020     1.000
         3     1.005     0.290     0.000     0.009    -2.411     0.309     1.005  1026.960 99540.283    34.982    10.003     0.020     1.000
         4     1.005     0.289     0.000     0.009    -2.412     0.328     1.005  1026.958 99467.854    34.980    10.003     0.020     1.000
         5     1.006     0.288     0.000     0.010    -2.412     0.347     1.006  1026.955 99390.461    34.977    10.003     0.020     1.000
         6     1.007     0.287     0.000     0.010    -2.413     0.366     1.007  1026.953 99307.690    34.973    10.004     0.020     1.000
         7     1.008     0.286     0.000     0.011    -2.414     0.386     1.008  1026.950 99219.074    34.970    10.004     0.020     1.000
         8     1.009     0.284     0.000     0.011    -2.415     0.406     1.009  1026.947 99124.095    34.966    10.005     0.020     1.000
         9     1.010     0.283     0.000     0.012    -2.416     0.427     1.010  1026.944 99022.179    34.962    10.005     0.020     1.000
        10     1.011     0.282     0.000     0.012    -2.416     0.448     1.011  1026.941 98912.687    34.958    10.006     0.020     1.000
        11     1.012     0.281     0.000     0.013    -2.417     0.470     1.012  1026.937 98794.908    34.954    10.007     0.020     1.000
        12     1.013     0.280     0.000     0.014    -2.418     0.492     1.013  1026.933 98668.046    34.949    10.007     0.020     1.000
        13     1.015     0.279     0.000     0.014    -2.419     0.515     1.015  1026.929 98531.210    34.943    10.008     0.020     1.000
        14     1.016     0.277     0.000     0.015    -2.420     0.538     1.016  1026.924 98383.400    34.938    10.009     0.020     1.000
        15     1.018     0.276     0.000     0.016    -2.421     0.563     1.018  1026.919 98223.485    34.932    10.010     0.020     1.000
        16     1.020     0.275     0.000     0.016    -2.422     0.587     1.020  1026.914 98050.188    34.925    10.011     0.020     1.000
        17     1.022     0.274     0.000     0.017    -2.424     0.613     1.022  1026.908 97862.059    34.918    10.012     0.020     1.000
        18     1.024     0.273     0.000     0.018    -2.425     0.639     1.024  1026.902 97657.439    34.910    10.013     0.020     1.000
        19     1.026     0.272     0.000     0.018    -2.426     0.666     1.026  1026.895 97434.433    34.901    10.014     0.020     1.000
        20     1.029     0.270     0.000     0.019    -2.427     0.694     1.029  1026.887 97190.852    34.892    10.016     0.020     1.000
        21     1.032     0.269     0.000     0.020    -2.429     0.723     1.032  1026.879 96924.159    34.882    10.017     0.020     1.000
        22     1.035     0.268     0.000     0.021    -2.430     0.753     1.035  1026.870 96631.396    34.870    10.019     0.020     1.000
        23     1.038     0.267     0.000     0.022    -2.432     0.784     1.038  1026.860 96309.081    34.858    10.020     0.020     1.000
        24     1.042     0.266     0.000     0.022    -2.433     0.816     1.042  1026.849 95953.084    34.844    10.022     0.020     1.000
        25     1.046     0.265     0.000     0.023    -2.435     0.850     1.046  1026.837 95566.513    34.829    10.025     0.020     1.000
        26     1.051     0.264     0.000     0.024    -2.437     0.884     1.051  1026.825 95161.597    34.814    10.027     0.020     1.000
        27     1.056     0.264     0.000     0.025    -2.439     0.921     1.056  1026.812 94739.608    34.798    10.029     0.020     1.000
        28     1.060     0.263     0.000     0.026    -2.441     0.958     1.060  1026.798 94299.512    34.781    10.031     0.020     1.000
        29     1.066     0.262     0.000     0.027    -2.443     0.997     1.066  1026.784 93840.234    34.763    10.034     0.020     1.000
        30     1.071     0.261     0.000     0.029    -2.445     1.037     1.071  1026.769 93360.612    34.745    10.037     0.020     1.000
        31     1.077     0.260     0.000     0.030    -2.447     1.078     1.077  1026.753 92859.389    34.725    10.039     0.020     1.000
        32     1.083     0.259     0.000     0.031    -2.450     1.122     1.083  1026.737 92335.210    34.705    10.042     0.020     1.000
        33     1.089     0.258     0.000     0.032    -2.452     1.167     1.089  1026.720 91786.605    34.684    10.045     0.020     1.000
        34     1.096     0.257     0.000     0.033    -2.455     1.214     1.096  1026.703 91211.982    34.662    10.048     0.020     1.000
        35     1.104     0.257     0.000     0.035    -2.458     1.263     1.104  1026.684 90609.612    34.639    10.052     0.020     1.000
        36     1.111     0.256     0.000     0.036    -2.461     1.314     1.111  1026.664 89977.611    34.615    10.055     0.020     1.000
        37     1.120     0.255     0.000     0.037    -2.464     1.368     1.120  1026.644 89313.930    34.589    10.059     0.020     1.000
        38     1.128     0.255     0.000     0.039    -2.468     1.424     1.128  1026.622 88616.328    34.562    10.062     0.020     1.000
        39     1.138     0.254     0.000     0.041    -2.471     1.483     1.138  1026.600 87882.354    34.534    10.066     0.020     1.000
        40     1.148     0.253     0.000     0.042    -2.475     1.544     1.148  1026.576 87109.320    34.504    10.071     0.020     1.000
        41     1.159     0.253     0.000     0.044    -2.479     1.609     1.159  1026.551 86294.271    34.473    10.075     0.020     1.000
        42     1.170     0.252     0.000     0.046    -2.484     1.678     1.170  1026.524 85433.951    34.440    10.080     0.020     1.000
        43     1.183     0.252     0.000     0.048    -2.489     1.750     1.183  1026.496 84524.761    34.405    10.084     0.020     1.000
        44     1.197     0.252     0.000     0.050    -2.494     1.827     1.197  1026.466 83562.711    34.368    10.090     0.020     1.000
        45     1.211     0.251     0.000     0.052    -2.500     1.908     1.211  1026.435 82543.367    34.329    10.095     0.020     1.000
        46     1.228     0.251     0.000     0.054    -2.506     1.995     1.228  1026.401 81461.777    34.287    10.101     0.020     1.000
        47     1.245     0.251     0.000     0.056    -2.512     2.088     1.245  1026.366 80312.396    34.243    10.107     0.020     1.000
        48     1.264     0.251     0.000     0.059    -2.520     2.187     1.264  1026.328 79088.981    34.196    10.113     0.020     1.000
        49     1.286     0.252     0.000     0.062    -2.528     2.293     1.286  1026.288 77781.027    34.146    10.120     0.020     1.000
        50     1.309     0.252     0.000     0.065    -2.536     2.408     1.309  1026.245 76377.720    34.092    10.128     0.020     1.000
        51     1.336     0.253     0.000     0.068    -2.546     2.532     1.336  1026.198 74876.744    34.034    10.135     0.020     1.000
        52     1.362     0.254     0.000     0.071    -2.555     2.655     1.362  1026.153 73405.332    33.978    10.143     0.020     1.000
        53     1.390     0.254     0.000     0.074    -2.565     2.778     1.390  1026.109 71962.899    33.922    10.150     0.020     1.000
        54     1.417     0.255     0.000     0.077    -2.575     2.900     1.417  1026.065 70548.872    33.868    10.158     0.020     1.000
        55     1.446     0.257     0.000     0.080    -2.585     3.021     1.446  1026.023 69162.688    33.815    10.165     0.020     1.000
        56     1.475     0.258     0.000     0.084    -2.595     3.142     1.475  1025.981 67803.798    33.763    10.171     0.020     1.000
        57     1.504     0.259     0.000     0.087    -2.604     3.263     1.504  1025.940 66471.662    33.712    10.178     0.020     1.000
        58     1.535     0.261     0.000     0.090    -2.615     3.384     1.535  1025.900 65165.750    33.662    10.185     0.020     1.000
        59     1.565     0.262     0.000     0.093    -2.625     3.505     1.565  1025.861 63885.545    33.613    10.191     0.020     1.000
        60     1.597     0.264     0.000     0.096    -2.635     3.626     1.597  1025.822 62630.539    33.565    10.197     0.020     1.000
        61     1.629     0.266     0.000     0.099    -2.645     3.748     1.629  1025.785 61400.234    33.518    10.203     0.020     1.000
        62     1.661     0.268     0.000     0.102    -2.656     3.869     1.661  1025.748 60194.141    33.471    10.209     0.020     1.000
        63     1.695     0.270     0.000     0.105    -2.666     3.992     1.695  1025.711 59011.783    33.426    10.214     0.020     1.000
        64     1.729     0.272     0.000     0.108    -2.677     4.114     1.729  1025.676 57852.690    33.382    10.220     0.020     1.000
        65     1.763     0.274     0.000     0.111    -2.687     4.238     1.763  1025.641 56716.405    33.338    10.225     0.020     1.000
        66     1.798     0.276     0.000     0.114    -2.698     4.362     1.798  1025.607 55602.475    33.296    10.230     0.020     1.000
        67     1.835     0.279     0.000     0.117    -2.709     4.487     1.835  1025.574 54510.460    33.254    10.235     0.020     1.000
        68     1.871     0.281     0.000     0.120    -2.720     4.612     1.871  1025.541 53439.927    33.213    10.240     0.020     1.000
        69     1.909     0.284     0.000     0.123    -2.731     4.739     1.909  1025.509 52390.452    33.173    10.245     0.020     1.000
        70     1.947     0.286     0.000     0.126    -2.742     4.866     1.947  1025.478 51361.621    33.134    10.249     0.020     1.000
        71     1.986     0.289     0.000     0.129    -2.754     4.994     1.986  1025.447 50353.024    33.096    10.253     0.020     1.000
        72     2.026     0.291     0.000     0.132    -2.765     5.124     2.026  1025.417 49364.264    33.058    10.258     0.020     1.013
        73     2.066     0.294     0.000     0.135    -2.776     5.254     2.066  1025.388 48394.949    33.021    10.262     0.020     1.033
        74     2.108     0.297     0.000     0.138    -2.788     5.386     2.108  1025.359 47444.695    32.985    10.266     0.020     1.054
        75     2.150     0.300     0.000     0.141    -2.800     5.518     2.150  1025.331 46513.127    32.949    10.270     0.020     1.075
        76     2.193     0.303     0.000     0.144    -2.812     5.652     2.193  1025.303 45599.876    32.915    10.273     0.020     1.096
        77     2.237     0.306     0.000     0.148    -2.824     5.788     2.237  1025.276 44704.581    32.881    10.277     0.020     1.118
        78     2.282     0.309     0.000     0.151    -2.836     5.924     2.282  1025.250 43826.887    32.847    10.280     0.020     1.141
        79     2.327     0.312     0.000     0.154    -2.848     6.062     2.327  1025.224 42966.449    32.815    10.283     0.020     1.164
        80     2.374     0.315     0.000     0.157    -2.860     6.201     2.374  1025.198 42122.925    32.783    10.287     0.020     1.187
        81     2.422     0.318     0.000     0.160    -2.873     6.342     2.422  1025.174 41295.983    32.751    10.290     0.020     1.211
        82     2.470     0.322     0.000     0.164    -2.885     6.484     2.470  1025.149 40485.296    32.721    10.292     0.020     1.235
        83     2.519     0.325     0.000     0.167    -2.898     6.627     2.519  1025.125 39690.542    32.691    10.295     0.020     1.260
        84     2.570     0.328     0.000     0.170    -2.910     6.773     2.570  1025.102 38911.410    32.661    10.298     0.020     1.285
        85     2.621     0.332     0.000     0.174    -2.923     6.919     2.621  1025.079 38147.590    32.632    10.300     0.020     1.311
        86     2.674     0.335     0.000     0.177    -2.936     7.068     2.674  1025.057 37398.781    32.604    10.303     0.020     1.337
        87     2.727     0.339     0.000     0.181    -2.950     7.218     2.727  1025.035 36664.687    32.576    10.305     0.020     1.364
        88     2.782     0.343     0.000     0.184    -2.963     7.370     2.782  1025.013 35945.019    32.549    10.307     0.020     1.391
        89     2.838     0.346     0.000     0.188    -2.976     7.524     2.838  1024.992 35239.493    32.523    10.309     0.020     1.419
        90     2.895     0.350     0.000     0.191    -2.990     7.679     2.895  1024.972 34547.829    32.497    10.311     0.020     1.447
        91     2.952     0.354     0.000     0.195    -3.003     7.836     2.952  1024.952 33869.756    32.471    10.313     0.020     1.476
        92     3.012     0.358     0.000     0.198    -3.017     7.996     3.012  1024.932 33205.005    32.446    10.315     0.020     1.506
        93     3.072     0.362     0.000     0.202    -3.031     8.157     3.072  1024.913 32553.314    32.422    10.317     0.020     1.536
        94     3.133     0.366     0.000     0.205    -3.045     8.320     3.133  1024.894 31914.425    32.398    10.318     0.020     1.567
        95     3.196     0.370     0.000     0.209    -3.059     8.485     3.196  1024.875 31288.087    32.374    10.320     0.020     1.598
        96     3.260     0.374     0.000     0.213    -3.074     8.653     3.260  1024.857 30674.052    32.351    10.321     0.020     1.630
        97     3.325     0.379     0.000     0.217    -3.088     8.822     3.325  1024.839 30072.079    32.329    10.322     0.020     1.663
        98     3.392     0.383     0.000     0.221    -3.103     8.994     3.392  1024.822 29481.929    32.307    10.323     0.020     1.696
        99     3.460     0.387     0.000     0.224    -3.118     9.167     3.460  1024.805 28903.371    32.285    10.325     0.020     1.730
       100     3.529     0.392     0.000     0.228    -3.133     9.343     3.529  1024.788 28336.176    32.264    10.326     0.020     1.765
       101     3.600     0.396     0.000     0.232    -3.148     9.522     3.600  1024.772 27780.121    32.243    10.326     0.020     1.800
       102     3.672     0.401     0.000     0.236    -3.163     9.702     3.672  1024.756 27234.986    32.222    10.327     0.020     1.836
       103     3.745     0.405     0.000     0.240    -3.178     9.885     3.745  1024.740 26700.558    32.202    10.328     0.020     1.873
       104     3.820     0.410     0.000     0.244    -3.194    10.070     3.820  1024.725 26176.624    32.183    10.329     0.020     1.910
       105     3.897     0.415     0.000     0.248    -3.209    10.258     3.897  1024.710 25662.979    32.163    10.329     0.020     1.948
       106     3.975     0.420     0.000     0.253    -3.225    10.449     3.975  1024.695 25159.421    32.145    10.330     0.020     1.987
       107     4.054     0.424     0.000     0.257    -3.241    10.641     4.054  1024.680 24665.751    32.126    10.330     0.020     2.027
       108     4.135     0.429     0.000     0.261    -3.257    10.837     4.135  1024.666 24181.774    32.108    10.331     0.020     2.068
       109     4.218     0.434     0.000     0.265    -3.274    11.035     4.218  1024.652 23707.301    32.090    10.331     0.020     2.109
       110     4.303     0.440     0.000     0.270    -3.290    11.236     4.303  1024.639 23242.143    32.073    10.331     0.020     2.151
       111     4.389     0.445     0.000     0.274    -3.307    11.439     4.389  1024.625 22786.119    32.055    10.331     0.020     2.194
       112     4.476     0.450     0.000     0.279    -3.323    11.645     4.476  1024.612 22339.048    32.039    10.331     0.020     2.238
       113     4.566     0.455     0.000     0.283    -3.340    11.854     4.566  1024.599 21900.754    32.022    10.331     0.020     2.283
       114     4.657     0.461     0.000     0.288    -3.357    12.066     4.657  1024.587 21471.065    32.006    10.331     0.020     2.329
       115     4.751     0.466     0.000     0.292    -3.375    12.281     4.751  1024.575 21049.812    31.990    10.331     0.020     2.375
       116     4.846     0.472     0.000     0.297    -3.392    12.499     4.846  1024.563 20636.829    31.975    10.330     0.020     2.423
       117     4.943     0.477     0.000     0.302    -3.410    12.719     4.943  1024.551 20231.954    31.960    10.330     0.020     2.471
       118     5.042     0.483     0.000     0.307    -3.427    12.943     5.042  1024.539 19835.026    31.945    10.329     0.020     2.521
       119     5.142     0.489     0.000     0.312    -3.445    13.170     5.142  1024.528 19445.890    31.930    10.329     0.020     2.571
       120     5.245     0.495     0.000     0.317    -3.463    13.400     5.245  1024.517 19064.393    31.916    10.328     0.020     2.623
       121     5.350     0.501     0.000     0.322    -3.482    13.633     5.350  1024.506 18690.384    31.902    10.328     0.020     2.675
       122     5.457     0.507     0.000     0.327    -3.500    13.870     5.457  1024.496 18323.717    31.888    10.327     0.020     2.729
       123     5.567     0.513     0.000     0.332    -3.519    14.110     5.567  1024.485 17964.247    31.875    10.326     0.020     2.783
       124     5.678     0.519     0.000     0.337    -3.538    14.353     5.678  1024.475 17611.832    31.861    10.325     0.020     2.839
       125     5.792     0.525     0.000     0.342    -3.557    14.600     5.792  1024.465 17266.335    31.848    10.324     0.020     2.896
       126     5.908     0.532     0.000     0.348    -3.576    14.850     5.908  1024.456 16927.619    31.836    10.323     0.020     2.954
       127     6.026     0.538     0.000     0.353    -3.595    15.103     6.026  1024.446 16595.551    31.823    10.322     0.020     3.013
       128     6.146     0.545     0.000     0.358    -3.615    15.361     6.146  1024.437 16270.000    31.811    10.321     0.020     3.073
       129     6.269     0.551     0.000     0.364    -3.634    15.622     6.269  1024.428 15950.839    31.799    10.320     0.020     3.135
       130     6.395     0.558     0.000     0.370    -3.654    15.886     6.395  1024.419 15637.941    31.787    10.319     0.020     3.197
       131     6.523     0.565     0.000     0.375    -3.674    16.155     6.523  1024.410 15331.184    31.776    10.317     0.020     3.261
       132     6.653     0.572     0.000     0.381    -3.695    16.427     6.653  1024.402 15030.447    31.764    10.316     0.020     3.327
       133     6.786     0.579     0.000     0.387    -3.715    16.703     6.786  1024.393 14735.613    31.753    10.314     0.020     3.393
       134     6.922     0.586     0.000     0.393    -3.736    16.983     6.922  1024.385 14446.564    31.743    10.313     0.020     3.461
       135     7.061     0.593     0.000     0.399    -3.757    17.267     7.061  1024.377 14163.187    31.732    10.311     0.020     3.530
       136     7.202     0.600     0.000     0.405    -3.778    17.556     7.202  1024.369 13885.371    31.721    10.310     0.020     3.601
       137     7.346     0.607     0.000     0.411    -3.799    17.848     7.346  1024.362 13613.008    31.711    10.308     0.020     3.673
       138     7.493     0.615     0.000     0.417    -3.820    18.145     7.493  1024.354 13345.988    31.701    10.306     0.020     3.746
       139     7.643     0.622     0.000     0.424    -3.842    18.445     7.643  1024.347 13084.209    31.691    10.304     0.020     3.821
       140     7.796     0.630     0.000     0.430    -3.864    18.751     7.796  1024.340 12827.566    31.682    10.302     0.020     3.898
       141     7.952     0.638     0.000     0.436    -3.886    19.060     7.952  1024.333 12575.959    31.672    10.300     0.020     3.976
       142     8.111     0.646     0.000     0.443    -3.908    19.374     8.111  1024.326 12329.289    31.663    10.298     0.020     4.055
       143     8.273     0.654     0.000     0.450    -3.931    19.693     8.273  1024.319 12087.459    31.654    10.296     0.020     4.137
       144     8.439     0.662     0.000     0.456    -3.954    20.017     8.439  1024.312 11850.374    31.645    10.294     0.020     4.219
       145     8.607     0.670     0.000     0.463    -3.976    20.345     8.607  1024.306 11617.941    31.636    10.292     0.020     4.304
       146     8.780     0.678     0.000     0.470    -4.000    20.678     8.780  1024.300 11390.069    31.628    10.289     0.020     4.390
       147     8.955     0.687     0.000     0.477    -4.023    21.015     8.955  1024.294 11166.667    31.619    10.287     0.020     4.478
       148     9.134     0.695     0.000     0.484    -4.046    21.358     9.134  1024.288 10947.649    31.611    10.285     0.020     4.567
       149     9.317     0.704     0.000     0.492    -4.070    21.706     9.317  1024.282 10732.928    31.603    10.282     0.020     4.659
       150     9.504     0.713     0.000     0.499    -4.094    22.059     9.504  1024.276 10522.420    31.595    10.280     0.020     4.752
       151     9.694     0.722     0.000     0.506    -4.118    22.417     9.694  1024.271 10316.041    31.587    10.277     0.020     4.847
       152     9.888     0.731     0.000     0.514    -4.143    22.780     9.888  1024.265 10113.712    31.580    10.274     0.020     4.944
       153    10.085     0.740     0.000     0.522    -4.167    23.149    10.085  1024.260  9915.352    31.572    10.272     0.020     5.043
       154    10.287     0.749     0.000     0.529    -4.192    23.523    10.287  1024.254  9720.884    31.565    10.269     0.020     5.144
       155    10.493     0.759     0.000     0.537    -4.217    23.903    10.493  1024.249  9530.231    31.558    10.266     0.020     5.246
       156    10.703     0.768     0.000     0.545    -4.243    24.288    10.703  1024.244  9343.319    31.551    10.263     0.020     5.351
       157    10.917     0.778     0.000     0.553    -4.268    24.679    10.917  1024.240  9160.073    31.544    10.260     0.020     5.458
       158    11.135     0.788     0.000     0.562    -4.294    25.076    11.135  1024.235  8980.422    31.537    10.257     0.020     5.568
       159    11.358     0.798     0.000     0.570    -4.320    25.478    11.358  1024.230  8804.296    31.531    10.254     0.020     5.679
       160    11.585     0.808     0.000     0.578    -4.346    25.887    11.585  1024.226  8631.624    31.524    10.251     0.020     5.793
       161    11.817     0.818     0.000     0.587    -4.373    26.302    11.817  1024.221  8462.340    31.518    10.248     0.020     5.909
       162    12.053     0.829     0.000     0.596    -4.399    26.723    12.053  1024.217  8296.377    31.512    10.244     0.020     6.027
       163    12.295     0.839     0.000     0.604    -4.426    27.151    12.295  1024.213  8133.670    31.505    10.241     0.020     6.147
       164    12.541     0.850     0.000     0.613    -4.453    27.584    12.541  1024.209  7974.154    31.500    10.238     0.020     6.270
       165    12.791     0.861     0.000     0.622    -4.481    28.025    12.791  1024.205  7817.768    31.494    10.234     0.020     6.396
       166    13.047     0.872     0.000     0.632    -4.508    28.472    13.047  1024.201  7664.449    31.488    10.231     0.020     6.524
       167    13.308     0.883     0.000     0.641    -4.536    28.925    13.308  1024.197  7514.138    31.482    10.227     0.020     6.654
       168    13.574     0.894     0.000     0.650    -4.564    29.386    13.574  1024.193  7366.775    31.477    10.224     0.020     6.787
       169    13.846     0.906     0.000     0.660    -4.593    29.853    13.846  1024.190  7222.303    31.471    10.220     0.020     6.923
       170    14.123     0.917     0.000     0.670    -4.621    30.328    14.123  1024.186  7080.665    31.466    10.216     0.020     7.061
       171    14.405     0.929     0.000     0.680    -4.650    30.810    14.405  1024.183  6941.805    31.461    10.212     0.020     7.203
       172    14.694     0.941     0.000     0.690    -4.679    31.299    14.694  1024.179  6805.669    31.456    10.209     0.020     7.347
       173    14.988     0.954     0.000     0.700    -4.709    31.795    14.988  1024.176  6672.204    31.451    10.205     0.020     7.494
       174    15.287     0.966     0.000     0.710    -4.738    32.299    15.287  1024.173  6541.356    31.446    10.201     0.020     7.644
       175    15.593     0.978     0.000     0.721    -4.768    32.811    15.593  1024.170  6413.075    31.441    10.197     0.020     7.797
       176    15.905     0.991     0.000     0.731    -4.798    33.331    15.905  1024.167  6287.310    31.436    10.193     0.020     7.953
       177    16.223     1.004     0.000     0.742    -4.829    33.858    16.223  1024.164  6164.012    31.432    10.188     0.020     8.112
       178    16.548     1.017     0.000     0.753    -4.859    34.394    16.548  1024.161  6043.132    31.427    10.184     0.020     8.274
       179    16.879     1.031     0.000     0.764    -4.890    34.938    16.879  1024.158  5924.623    31.423    10.180     0.020     8.439
       180    17.216     1.044     0.000     0.776    -4.921    35.490    17.216  1024.156  5808.439    31.418    10.176     0.020     8.608
       181    17.561     1.058     0.000     0.787    -4.953    36.051    17.561  1024.153  5694.534    31.414    10.171     0.020     8.780
       182    17.912     1.072     0.000     0.799    -4.984    36.620    17.912  1024.151  5582.862    31.410    10.167     0.020     8.956
       183    18.270     1.086     0.000     0.811    -5.016    37.198    18.270  1024.148  5473.381    31.406    10.162     0.020     9.135
       184    18.636     1.100     0.000     0.822    -5.048    37.786    18.636  1024.146  5366.048    31.402    10.158     0.020     9.318
       185    19.008     1.115     0.000     0.835    -5.081    38.382    19.008  1024.143  5260.819    31.398    10.153     0.020     9.504
       186    19.389     1.130     0.000     0.847    -5.113    38.988    19.389  1024.141  5157.654    31.394    10.149     0.020     9.694
       187    19.776     1.145     0.000     0.860    -5.146    39.603    19.776  1024.139  5056.513    31.390    10.144     0.020     9.888
       188    20.172     1.160     0.000     0.872    -5.179    40.228    20.172  1024.137  4957.356    31.386    10.139     0.020    10.086
       189    20.576     1.176     0.000     0.885    -5.213    40.862    20.576  1024.135  4860.143    31.383    10.134     0.020    10.288
       190    20.987     1.192     0.000     0.898    -5.247    41.507    20.987  1024.133  4764.837    31.379    10.129     0.020    10.494
       191    21.407     1.208     0.000     0.912    -5.280    42.162    21.407  1024.131  4671.400    31.375    10.124     0.020    10.703
       192    21.835     1.224     0.000     0.925    -5.315    42.827    21.835  1024.129  4579.796    31.372    10.119     0.020    10.918
       193    22.272     1.241     0.000     0.939    -5.349    43.502    22.272  1024.127  4489.988    31.369    10.114     0.020    11.136
       194    22.717     1.258     0.000     0.953    -5.384    44.189    22.717  1024.126  4401.941    31.365    10.109     0.020    11.359
       195    23.172     1.275     0.000     0.967    -5.419    44.886    23.172  1024.124  4315.622    31.362    10.104     0.020    11.586
       196    23.635     1.292     0.000     0.981    -5.454    45.594    23.635  1024.122  4230.995    31.359    10.099     0.020    11.818
       197    24.108     1.310     0.000     0.996    -5.489    46.314    24.108  1024.121  4148.028    31.356    10.093     0.020    12.054
       198    24.590     1.328     0.000     1.011    -5.525    47.045    24.590  1024.119  4066.688    31.353    10.088     0.020    12.295
       199    25.082     1.347     0.000     1.026    -5.561    47.788    25.082  1024.118  3986.944    31.350    10.083     0.020    12.541
       200    25.584     1.365     0.000     1.041    -5.597    48.543    25.584  1024.117  3908.763    31.347    10.077     0.020    12.792
       201    26.095     1.384     0.000     1.057    -5.633    49.310    26.095  1024.115  3832.116    31.344    10.071     0.020    13.048
       202    26.617     1.404     0.000     1.073    -5.670    50.089    26.617  1024.114  3756.972    31.341    10.066     0.020    13.309
       203    27.150     1.423     0.000     1.089    -5.707    50.881    27.150  1024.113  3683.301    31.338    10.060     0.020    13.575
       204    27.693     1.443     0.000     1.105    -5.744    51.686    27.693  1024.112  3611.075    31.336    10.054     0.020    13.846
       205    28.246     1.464     0.000     1.122    -5.781    52.504    28.246  1024.110  3540.266    31.333    10.049     0.020    14.123
       206    28.811     1.485     0.000     1.139    -5.819    53.336    28.811  1024.109  3470.846    31.330    10.043     0.020    14.406
       207    29.388     1.506     0.000     1.156    -5.857    54.180    29.388  1024.108  3402.786    31.328    10.037     0.020    14.694
       208    29.975     1.528     0.000     1.173    -5.895    55.039    29.975  1024.107  3336.062    31.325    10.031     0.020    14.988
       209    30.575     1.550     0.000     1.191    -5.933    55.912    30.575  1024.106  3270.646    31.323    10.025     0.020    15.288
       210    31.187     1.572     0.000     1.209    -5.971    56.799    31.187  1024.106  3206.513    31.320    10.019     0.020    15.593
       211    31.810     1.595     0.000     1.227    -6.010    57.701    31.810  1024.105  3143.638    31.318    10.013     0.020    15.905
       212    32.447     1.618     0.000     1.246    -6.048    58.618    32.447  1024.104  3081.995    31.316    10.007     0.020    16.223
       213    33.095     1.642     0.000     1.264    -6.087    59.550    33.095  1024.103  3021.562    31.314    10.000     0.020    16.548
       214    33.757     1.666     0.000     1.284    -6.126    60.498    33.757  1024.103  2962.314    31.311     9.994     0.020    16.879
       215    34.433     1.692     0.000     1.303    -6.166    61.461    34.433  1024.102  2904.228    31.310     9.988     0.020    17.216
       216    35.121     1.719     0.000     1.323    -6.205    62.439    35.121  1024.102  2847.281    31.308     9.982     0.020    17.561
       217    35.824     1.747     0.000     1.343    -6.244    63.430    35.824  1024.102  2791.451    31.306     9.976     0.020    17.912
       218    36.540     1.776     0.000     1.363    -6.283    64.437    36.540  1024.101  2736.717    31.305     9.970     0.020    18.270
       219    37.232     1.805     0.000     1.383    -6.319    65.403    37.232  1024.101  2685.839    31.304     9.964     0.020    18.616
---------------------------- Plume traps -----------------------------
       220    37.883     1.834     0.000     1.401    -6.353    66.304    37.883  1024.101  2639.688    31.303     9.959     0.020    18.942
       221    38.493     1.862     0.000     1.418    -6.384    67.140    38.493  1024.102  2597.846    31.302     9.955     0.020    19.247
       222    39.068     1.889     0.000     1.434    -6.412    67.920    39.068  1024.102  2559.658    31.301     9.950     0.020    19.534
       223    39.612     1.915     0.000     1.448    -6.438    68.654    39.612  1024.102  2524.494    31.301     9.946     0.020    19.806
       224    40.130     1.940     0.000     1.462    -6.462    69.349    40.130  1024.102  2491.872    31.300     9.943     0.020    20.065
       225    40.627     1.965     0.000     1.476    -6.484    70.010    40.627  1024.103  2461.415    31.300     9.939     0.020    20.314
       226    41.104     1.989     0.000     1.489    -6.506    70.642    41.104  1024.103  2432.838    31.300     9.936     0.020    20.552
       227    41.564     2.012     0.000     1.501    -6.526    71.247    41.564  1024.103  2405.911    31.300     9.933     0.020    20.782
       228    42.009     2.035     0.000     1.512    -6.545    71.829    42.009  1024.104  2380.447    31.299     9.930     0.020    21.004
       229    42.440     2.058     0.000     1.524    -6.562    72.388    42.440  1024.104  2356.293    31.299     9.927     0.020    21.220
       230    42.857     2.080     0.000     1.535    -6.579    72.928    42.857  1024.104  2333.317    31.299     9.924     0.020    21.429
       231    43.264     2.102     0.000     1.545    -6.596    73.449    43.264  1024.105  2311.407    31.299     9.921     0.020    21.632
       232    43.659     2.124     0.000     1.555    -6.611    73.954    43.659  1024.105  2290.466    31.299     9.919     0.020    21.830
       233    44.045     2.145     0.000     1.565    -6.626    74.442    44.045  1024.106  2270.409    31.299     9.916     0.020    22.022
       234    44.421     2.166     0.000     1.575    -6.640    74.915    44.421  1024.106  2251.163    31.299     9.914     0.020    22.211
       235    44.790     2.186     0.000     1.584    -6.653    75.375    44.790  1024.106  2232.662    31.299     9.912     0.020    22.395
       236    45.150     2.207     0.000     1.593    -6.666    75.821    45.150  1024.107  2214.847    31.299     9.909     0.020    22.575
       237    45.498     2.227     0.000     1.602    -6.678    76.256    45.498  1024.107  2197.916    31.299     9.907     0.020    22.749
       238    45.827     2.246     0.000     1.610    -6.690    76.682    45.827  1024.108  2182.099    31.299     9.905     0.020    22.914
       239    46.146     2.265     0.000     1.619    -6.702    77.105    46.146  1024.108  2167.023    31.299     9.904     0.020    23.073
       240    46.452     2.284     0.000     1.627    -6.713    77.524    46.452  1024.108  2152.781    31.300     9.902     0.020    23.226
       241    46.746     2.302     0.000     1.636    -6.724    77.941    46.746  1024.109  2139.204    31.300     9.900     0.020    23.373
       242    47.029     2.320     0.000     1.644    -6.735    78.352    47.029  1024.109  2126.351    31.300     9.898     0.020    23.514
       243    47.301     2.337     0.000     1.652    -6.745    78.760    47.301  1024.109  2114.125    31.300     9.897     0.020    23.650
       244    47.562     2.355     0.000     1.660    -6.756    79.163    47.562  1024.110  2102.540    31.300     9.895     0.020    23.781
       245    47.812     2.372     0.000     1.668    -6.766    79.562    47.812  1024.110  2091.532    31.300     9.894     0.020    23.906
       246    48.052     2.388     0.000     1.676    -6.775    79.956    48.052  1024.110  2081.094    31.300     9.893     0.020    24.026
       247    48.282     2.404     0.000     1.684    -6.785    80.345    48.282  1024.111  2071.182    31.300     9.891     0.020    24.141
       248    48.502     2.420     0.000     1.692    -6.794    80.730    48.502  1024.111  2061.776    31.301     9.890     0.020    24.251
       249    48.713     2.436     0.000     1.700    -6.803    81.109    48.713  1024.111  2052.845    31.301     9.889     0.020    24.356
       250    48.915     2.451     0.000     1.707    -6.812    81.484    48.915  1024.112  2044.366    31.301     9.888     0.020    24.457
       251    49.108     2.466     0.000     1.715    -6.820    81.853    49.108  1024.112  2036.313    31.301     9.887     0.020    24.554
       252    49.294     2.481     0.000     1.722    -6.828    82.218    49.294  1024.112  2028.664    31.301     9.886     0.020    24.647
       253    49.471     2.496     0.000     1.729    -6.837    82.577    49.471  1024.112  2021.395    31.301     9.885     0.020    24.735
       254    49.640     2.510     0.000     1.736    -6.844    82.932    49.640  1024.113  2014.486    31.301     9.884     0.020    24.820
       255    49.803     2.524     0.000     1.743    -6.852    83.281    49.803  1024.113  2007.917    31.301     9.883     0.020    24.901
       256    49.958     2.538     0.000     1.750    -6.859    83.626    49.958  1024.113  2001.668    31.302     9.882     0.020    24.979
       257    50.107     2.551     0.000     1.757    -6.866    83.965    50.107  1024.113  1995.723    31.302     9.882     0.020    25.054
       258    50.250     2.564     0.000     1.764    -6.873    84.300    50.250  1024.114  1990.063    31.302     9.881     0.020    25.125
       259    50.386     2.577     0.000     1.771    -6.880    84.630    50.386  1024.114  1984.672    31.302     9.880     0.020    25.193
       260    50.517     2.590     0.000     1.777    -6.887    84.955    50.517  1024.114  1979.536    31.302     9.879     0.020    25.258
       261    50.642     2.603     0.000     1.784    -6.893    85.275    50.642  1024.114  1974.641    31.302     9.879     0.020    25.321
       262    50.762     2.615     0.000     1.790    -6.899    85.591    50.762  1024.114  1969.972    31.302     9.878     0.020    25.381
       263    50.877     2.627     0.000     1.796    -6.905    85.902    50.877  1024.114  1965.517    31.302     9.878     0.020    25.439
       264    50.988     2.639     0.000     1.802    -6.911    86.209    50.988  1024.115  1961.264    31.302     9.877     0.020    25.494
       265    51.093     2.651     0.000     1.809    -6.917    86.511    51.093  1024.115  1957.201    31.303     9.876     0.020    25.547
       266    51.195     2.662     0.000     1.815    -6.922    86.808    51.195  1024.115  1953.319    31.303     9.876     0.020    25.597
       267    51.292     2.674     0.000     1.820    -6.928    87.102    51.292  1024.115  1949.608    31.303     9.875     0.020    25.646
       268    51.386     2.685     0.000     1.826    -6.933    87.391    51.386  1024.115  1946.057    31.303     9.875     0.020    25.693
       269    51.476     2.696     0.000     1.832    -6.938    87.677    51.476  1024.115  1942.659    31.303     9.875     0.020    25.738
       270    51.562     2.707     0.000     1.838    -6.943    87.958    51.562  1024.116  1939.405    31.303     9.874     0.020    25.781
       271    51.645     2.717     0.000     1.843    -6.948    88.235    51.645  1024.116  1936.287    31.303     9.874     0.020    25.823
       272    51.725     2.728     0.000     1.849    -6.953    88.509    51.725  1024.116  1933.298    31.303     9.873     0.020    25.863
       273    51.802     2.738     0.000     1.854    -6.957    88.778    51.802  1024.116  1930.432    31.303     9.873     0.020    25.901
       274    51.876     2.748     0.000     1.860    -6.961    89.044    51.876  1024.116  1927.681    31.303     9.873     0.020    25.938
       275    51.947     2.758     0.000     1.865    -6.966    89.307    51.947  1024.116  1925.041    31.303     9.872     0.020    25.973
       276    52.015     2.768     0.000     1.870    -6.970    89.566    52.015  1024.116  1922.505    31.304     9.872     0.020    26.008
       277    52.081     2.778     0.000     1.875    -6.974    89.822    52.081  1024.116  1920.068    31.304     9.871     0.020    26.041
       278    52.145     2.787     0.000     1.880    -6.978    90.074    52.145  1024.117  1917.725    31.304     9.871     0.020    26.073
       279    52.206     2.797     0.000     1.885    -6.982    90.323    52.206  1024.117  1915.471    31.304     9.871     0.020    26.103
       280    52.266     2.806     0.000     1.890    -6.986    90.569    52.266  1024.117  1913.303    31.304     9.871     0.020    26.133
       281    52.323     2.815     0.000     1.895    -6.989    90.812    52.323  1024.117  1911.215    31.304     9.870     0.020    26.161
       282    52.378     2.824     0.000     1.900    -6.993    91.051    52.378  1024.117  1909.205    31.304     9.870     0.020    26.189
       283    52.431     2.833     0.000     1.905    -6.996    91.288    52.431  1024.117  1907.267    31.304     9.870     0.020    26.216
       284    52.482     2.842     0.000     1.909    -6.999    91.522    52.482  1024.117  1905.400    31.304     9.869     0.020    26.241
       285    52.532     2.850     0.000     1.914    -7.003    91.753    52.532  1024.117  1903.599    31.304     9.869     0.020    26.266
       286    52.580     2.859     0.000     1.919    -7.006    91.982    52.580  1024.117  1901.862    31.304     9.869     0.020    26.290
       287    52.626     2.867     0.000     1.923    -7.009    92.208    52.626  1024.117  1900.186    31.304     9.869     0.020    26.313
       288    52.671     2.875     0.000     1.928    -7.012    92.431    52.671  1024.117  1898.568    31.304     9.869     0.020    26.336
       289    52.715     2.883     0.000     1.932    -7.015    92.652    52.715  1024.118  1897.005    31.304     9.868     0.020    26.357
       290    52.757     2.891     0.000     1.937    -7.018    92.870    52.757  1024.118  1895.495    31.304     9.868     0.020    26.378
       291    52.797     2.899     0.000     1.941    -7.021    93.086    52.797  1024.118  1894.037    31.304     9.868     0.020    26.399
       292    52.837     2.906     0.000     1.945    -7.023    93.300    52.837  1024.118  1892.626    31.304     9.868     0.020    26.418
       293    52.875     2.914     0.000     1.950    -7.026    93.511    52.875  1024.118  1891.263    31.305     9.868     0.020    26.437
       294    52.912     2.921     0.000     1.954    -7.028    93.720    52.912  1024.118  1889.944    31.305     9.867     0.020    26.456
       295    52.947     2.929     0.000     1.958    -7.031    93.927    52.947  1024.118  1888.668    31.305     9.867     0.020    26.474
       296    52.982     2.936     0.000     1.962    -7.033    94.132    52.982  1024.118  1887.433    31.305     9.867     0.020    26.491
       297    53.016     2.943     0.000     1.966    -7.036    94.335    53.016  1024.118  1886.237    31.305     9.867     0.020    26.508
       298    53.048     2.950     0.000     1.970    -7.038    94.536    53.048  1024.118  1885.080    31.305     9.867     0.020    26.524
       299    53.080     2.957     0.000     1.974    -7.040    94.734    53.080  1024.118  1883.959    31.305     9.866     0.020    26.540
       300    53.110     2.964     0.000     1.978    -7.042    94.932    53.110  1024.118  1882.873    31.305     9.866     0.020    26.555
       301    53.140     2.970     0.000     1.982    -7.045    95.127    53.140  1024.118  1881.820    31.305     9.866     0.020    26.570
       302    53.169     2.977     0.000     1.986    -7.047    95.320    53.169  1024.118  1880.801    31.305     9.866     0.020    26.584
       303    53.197     2.983     0.000     1.990    -7.049    95.512    53.197  1024.118  1879.812    31.305     9.866     0.020    26.598
       304    53.224     2.990     0.000     1.994    -7.051    95.702    53.224  1024.118  1878.854    31.305     9.866     0.020    26.612
       305    53.250     2.996     0.000     1.997    -7.053    95.890    53.250  1024.118  1877.925    31.305     9.866     0.020    26.625
       306    53.276     3.002     0.000     2.001    -7.054    96.077    53.276  1024.119  1877.024    31.305     9.866     0.020    26.638
       307    53.301     3.008     0.000     2.005    -7.056    96.262    53.301  1024.119  1876.151    31.305     9.865     0.020    26.650
       308    53.325     3.014     0.000     2.009    -7.058    96.446    53.325  1024.119  1875.303    31.305     9.865     0.020    26.662
       309    53.348     3.020     0.000     2.012    -7.060    96.628    53.348  1024.119  1874.481    31.305     9.865     0.020    26.674
       310    53.371     3.026     0.000     2.016    -7.061    96.808    53.371  1024.119  1873.684    31.305     9.865     0.020    26.685
       311    53.393     3.031     0.000     2.020    -7.063    96.988    53.393  1024.119  1872.910    31.305     9.865     0.020    26.696
       312    53.414     3.037     0.000     2.023    -7.065    97.166    53.414  1024.119  1872.159    31.305     9.865     0.020    26.707
       313    53.435     3.042     0.000     2.027    -7.066    97.342    53.435  1024.119  1871.430    31.305     9.865     0.020    26.718
       314    53.455     3.048     0.000     2.030    -7.068    97.517    53.455  1024.119  1870.723    31.305     9.865     0.020    26.728
       315    53.475     3.053     0.000     2.034    -7.069    97.691    53.475  1024.119  1870.037    31.305     9.865     0.020    26.737
       316    53.494     3.058     0.000     2.037    -7.071    97.864    53.494  1024.119  1869.371    31.305     9.864     0.020    26.747
       317    53.512     3.063     0.000     2.041    -7.072    98.036    53.512  1024.119  1868.724    31.305     9.864     0.020    26.756
       318    53.530     3.068     0.000     2.044    -7.073    98.206    53.530  1024.119  1868.097    31.305     9.864     0.020    26.765
       319    53.548     3.073     0.000     2.048    -7.075    98.376    53.548  1024.119  1867.489    31.305     9.864     0.020    26.774
       320    53.565     3.077     0.000     2.051    -7.076    98.544    53.565  1024.119  1866.898    31.305     9.864     0.020    26.782
       321    53.581     3.082     0.000     2.054    -7.077    98.711    53.581  1024.119  1866.325    31.305     9.864     0.020    26.791
       322    53.597     3.087     0.000     2.058    -7.078    98.877    53.597  1024.119  1865.769    31.305     9.864     0.020    26.799
       323    53.613     3.091     0.000     2.061    -7.080    99.042    53.613  1024.119  1865.230    31.305     9.864     0.020    26.806
       324    53.628     3.095     0.000     2.064    -7.081    99.206    53.628  1024.119  1864.706    31.306     9.864     0.020    26.814
       325    53.642     3.100     0.000     2.068    -7.082    99.369    53.642  1024.119  1864.199    31.306     9.864     0.020    26.821
       326    53.657     3.104     0.000     2.071    -7.083    99.531    53.657  1024.119  1863.707    31.306     9.864     0.020    26.828
       327    53.670     3.108     0.000     2.074    -7.084    99.693    53.670  1024.119  1863.230    31.306     9.864     0.020    26.835
       328    53.684     3.112     0.000     2.077    -7.085    99.853    53.684  1024.119  1862.767    31.306     9.864     0.020    26.842
       329    53.696     3.116     0.000     2.081    -7.086   100.012    53.696  1024.119  1862.319    31.306     9.863     0.020    26.848
       330    53.709     3.120     0.000     2.084    -7.087   100.171    53.709  1024.119  1861.885    31.306     9.863     0.020    26.855
       331    53.721     3.123     0.000     2.087    -7.088   100.329    53.721  1024.119  1861.464    31.306     9.863     0.020    26.861
       332    53.733     3.127     0.000     2.090    -7.089   100.486    53.733  1024.119  1861.057    31.306     9.863     0.020    26.866
       333    53.744     3.130     0.000     2.093    -7.090   100.643    53.744  1024.119  1860.663    31.306     9.863     0.020    26.872
       334    53.755     3.134     0.000     2.096    -7.091   100.798    53.755  1024.119  1860.281    31.306     9.863     0.020    26.878
       335    53.766     3.137     0.000     2.099    -7.091   100.953    53.766  1024.119  1859.912    31.306     9.863     0.020    26.883
       336    53.776     3.140     0.000     2.103    -7.092   101.107    53.776  1024.119  1859.556    31.306     9.863     0.020    26.888
       337    53.786     3.144     0.000     2.106    -7.093   101.261    53.786  1024.119  1859.211    31.306     9.863     0.020    26.893
       338    53.796     3.147     0.000     2.109    -7.094   101.414    53.796  1024.119  1858.878    31.306     9.863     0.020    26.898
       339    53.805     3.150     0.000     2.112    -7.094   101.566    53.805  1024.120  1858.556    31.306     9.863     0.020    26.903
       340    53.814     3.152     0.000     2.115    -7.095   101.718    53.814  1024.120  1858.246    31.306     9.863     0.020    26.907
       341    53.823     3.155     0.000     2.118    -7.096   101.869    53.823  1024.120  1857.947    31.306     9.863     0.020    26.911
       342    53.831     3.158     0.000     2.121    -7.096   102.020    53.831  1024.120  1857.659    31.306     9.863     0.020    26.916
       343    53.839     3.161     0.000     2.124    -7.097   102.170    53.839  1024.120  1857.381    31.306     9.863     0.020    26.920
       344    53.847     3.163     0.000     2.127    -7.098   102.320    53.847  1024.120  1857.115    31.306     9.863     0.020    26.923
       345    53.854     3.166     0.000     2.130    -7.098   102.469    53.854  1024.120  1856.858    31.306     9.863     0.020    26.927
       346    53.862     3.168     0.000     2.133    -7.099   102.617    53.862  1024.120  1856.612    31.306     9.863     0.020    26.931
       347    53.868     3.170     0.000     2.136    -7.099   102.765    53.868  1024.120  1856.376    31.306     9.863     0.020    26.934
       348    53.875     3.172     0.000     2.139    -7.100   102.913    53.875  1024.120  1856.150    31.306     9.863     0.020    26.937
       349    53.881     3.174     0.000     2.142    -7.100   103.060    53.881  1024.120  1855.933    31.306     9.863     0.020    26.941
       350    53.887     3.176     0.000     2.145    -7.101   103.207    53.887  1024.120  1855.726    31.306     9.863     0.020    26.944
       351    53.893     3.178     0.000     2.148    -7.101   103.354    53.893  1024.120  1855.529    31.306     9.862     0.020    26.946
       352    53.898     3.180     0.000     2.151    -7.102   103.500    53.898  1024.120  1855.342    31.306     9.862     0.020    26.949
       353    53.904     3.182     0.000     2.154    -7.102   103.646    53.904  1024.120  1855.163    31.306     9.862     0.020    26.952
       354    53.909     3.184     0.000     2.157    -7.102   103.791    53.909  1024.120  1854.994    31.306     9.862     0.020    26.954
       355    53.913     3.185     0.000     2.160    -7.103   103.936    53.913  1024.120  1854.834    31.306     9.862     0.020    26.957
       356    53.918     3.187     0.000     2.162    -7.103   104.081    53.918  1024.120  1854.682    31.306     9.862     0.020    26.959
       357    53.922     3.188     0.000     2.165    -7.103   104.226    53.922  1024.120  1854.540    31.306     9.862     0.020    26.961
       358    53.926     3.189     0.000     2.168    -7.104   104.370    53.926  1024.120  1854.407    31.306     9.862     0.020    26.963
       359    53.929     3.191     0.000     2.171    -7.104   104.514    53.929  1024.120  1854.282    31.306     9.862     0.020    26.965
       360    53.933     3.192     0.000     2.174    -7.104   104.658    53.933  1024.120  1854.166    31.306     9.862     0.020    26.966
       361    53.936     3.193     0.000     2.177    -7.104   104.801    53.936  1024.120  1854.059    31.306     9.862     0.020    26.968
       362    53.939     3.194     0.000     2.180    -7.104   104.945    53.939  1024.120  1853.960    31.306     9.862     0.020    26.969
       363    53.941     3.195     0.000     2.183    -7.105   105.088    53.941  1024.120  1853.870    31.306     9.862     0.020    26.971
       364    53.944     3.195     0.000     2.186    -7.105   105.231    53.944  1024.120  1853.788    31.306     9.862     0.020    26.972
       365    53.946     3.196     0.000     2.189    -7.105   105.374    53.946  1024.120  1853.715    31.306     9.862     0.020    26.973
       366    53.948     3.197     0.000     2.191    -7.105   105.517    53.948  1024.120  1853.650    31.306     9.862     0.020    26.974
       367    53.949     3.197     0.000     2.194    -7.105   105.660    53.949  1024.120  1853.593    31.306     9.862     0.020    26.975
       368    53.951     3.198     0.000     2.197    -7.105   105.802    53.951  1024.120  1853.544    31.306     9.862     0.020    26.975
       369    53.952     3.198     0.000     2.200    -7.105   105.945    53.952  1024.120  1853.504    31.306     9.862     0.020    26.976
       370    53.953     3.198     0.000     2.203    -7.105   106.087    53.953  1024.120  1853.472    31.306     9.862     0.020    26.976
       371    53.953     3.199     0.000     2.206    -7.105   106.230    53.953  1024.120  1853.448    31.306     9.862     0.020    26.977
---------------------- Local maximum rise or fall --------------------
------------------------- merging happened ---------------------------
       372    53.954     3.199     0.000     2.209    -7.105   106.372    53.954  1024.120  1853.433    31.306     9.862     0.020    26.977
       373    53.954     3.199     0.000     2.212    -7.105   106.515    53.954  1024.120  1853.424    31.306     9.862     0.020    26.977
       374    53.954     3.199     0.000     2.214    -7.105   106.657    53.954  1024.120  1853.420    31.306     9.862     0.020    26.977
       375    53.954     3.198     0.000     2.217    -7.105   106.800    53.954  1024.120  1853.415    31.306     9.862     0.020    26.977
       376    53.955     3.198     0.000     2.220    -7.105   106.942    53.955  1024.120  1853.409    31.306     9.862     0.020    26.977
       377    53.955     3.198     0.000     2.223    -7.105   107.085    53.955  1024.120  1853.400    31.306     9.862     0.020    26.977
       378    53.955     3.198     0.000     2.226    -7.105   107.227    53.955  1024.120  1853.390    31.306     9.862     0.020    26.978
       379    53.956     3.197     0.000     2.229    -7.105   107.370    53.956  1024.120  1853.378    31.306     9.862     0.020    26.978
       380    53.956     3.197     0.000     2.232    -7.105   107.513    53.956  1024.120  1853.363    31.306     9.862     0.020    26.978
       381    53.956     3.196     0.000     2.234    -7.104   107.656    53.956  1024.120  1853.347    31.306     9.862     0.020    26.978
       382    53.957     3.195     0.000     2.237    -7.104   107.799    53.957  1024.120  1853.329    31.306     9.862     0.020    26.978
       383    53.958     3.195     0.000     2.240    -7.104   107.942    53.958  1024.120  1853.309    31.306     9.862     0.020    26.979
       384    53.958     3.194     0.000     2.243    -7.104   108.086    53.958  1024.120  1853.287    31.306     9.862     0.020    26.979
       385    53.959     3.193     0.000     2.246    -7.103   108.229    53.959  1024.120  1853.262    31.306     9.862     0.020    26.979
       386    53.960     3.192     0.000     2.249    -7.103   108.373    53.960  1024.120  1853.236    31.306     9.862     0.020    26.980
       387    53.960     3.191     0.000     2.252    -7.103   108.517    53.960  1024.120  1853.208    31.306     9.862     0.020    26.980
       388    53.961     3.190     0.000     2.255    -7.102   108.662    53.961  1024.120  1853.177    31.306     9.862     0.020    26.981
       389    53.962     3.188     0.000     2.258    -7.102   108.806    53.962  1024.120  1853.144    31.306     9.862     0.020    26.981
       390    53.963     3.187     0.000     2.261    -7.102   108.951    53.963  1024.120  1853.109    31.306     9.862     0.020    26.982
       391    53.964     3.186     0.000     2.264    -7.101   109.097    53.964  1024.120  1853.072    31.306     9.862     0.020    26.982
       392    53.966     3.184     0.000     2.266    -7.101   109.242    53.966  1024.120  1853.032    31.306     9.862     0.020    26.983
       393    53.967     3.183     0.000     2.269    -7.100   109.388    53.967  1024.120  1852.991    31.306     9.862     0.020    26.983
       394    53.968     3.181     0.000     2.272    -7.100   109.535    53.968  1024.120  1852.946    31.306     9.862     0.020    26.984
       395    53.969     3.180     0.000     2.275    -7.099   109.681    53.969  1024.120  1852.900    31.306     9.862     0.020    26.985
       396    53.971     3.178     0.000     2.278    -7.099   109.829    53.971  1024.120  1852.851    31.306     9.862     0.020    26.985
       397    53.972     3.176     0.000     2.281    -7.098   109.976    53.972  1024.120  1852.799    31.306     9.862     0.020    26.986
       398    53.974     3.174     0.000     2.284    -7.098   110.124    53.974  1024.120  1852.745    31.306     9.862     0.020    26.987
       399    53.976     3.172     0.000     2.287    -7.097   110.273    53.976  1024.120  1852.688    31.306     9.862     0.020    26.988
       400    53.977     3.170     0.000     2.290    -7.097   110.422    53.977  1024.120  1852.628    31.306     9.862     0.020    26.989
       401    53.979     3.168     0.000     2.293    -7.096   110.572    53.979  1024.120  1852.565    31.306     9.862     0.020    26.990
       402    53.981     3.166     0.000     2.296    -7.095   110.722    53.981  1024.120  1852.500    31.306     9.862     0.020    26.991
       403    53.983     3.164     0.000     2.299    -7.095   110.873    53.983  1024.120  1852.431    31.306     9.862     0.020    26.992
       404    53.985     3.161     0.000     2.302    -7.094   111.024    53.985  1024.120  1852.360    31.306     9.862     0.020    26.993
       405    53.987     3.159     0.000     2.305    -7.093   111.176    53.987  1024.120  1852.285    31.306     9.862     0.020    26.994
       406    53.990     3.156     0.000     2.308    -7.093   111.329    53.990  1024.120  1852.208    31.306     9.862     0.020    26.995
       407    53.992     3.154     0.000     2.312    -7.092   111.482    53.992  1024.120  1852.126    31.306     9.862     0.020    26.996
       408    53.994     3.151     0.000     2.315    -7.091   111.636    53.994  1024.120  1852.042    31.306     9.862     0.020    26.997
       409    53.997     3.148     0.000     2.318    -7.090   111.791    53.997  1024.120  1851.954    31.306     9.862     0.020    26.999
       410    54.000     3.145     0.000     2.321    -7.089   111.947    54.000  1024.120  1851.862    31.306     9.862     0.020    27.000
       411    54.002     3.143     0.000     2.324    -7.088   112.103    54.002  1024.120  1851.766    31.306     9.862     0.020    27.001
       412    54.005     3.140     0.000     2.327    -7.087   112.260    54.005  1024.120  1851.667    31.306     9.862     0.020    27.003
       413    54.008     3.137     0.000     2.330    -7.087   112.418    54.008  1024.120  1851.563    31.306     9.862     0.020    27.004
       414    54.012     3.134     0.000     2.334    -7.086   112.577    54.012  1024.120  1851.456    31.306     9.862     0.020    27.006
       415    54.015     3.130     0.000     2.337    -7.085   112.737    54.015  1024.120  1851.344    31.306     9.862     0.020    27.007
       416    54.018     3.127     0.000     2.340    -7.084   112.897    54.018  1024.120  1851.227    31.306     9.862     0.020    27.009
       417    54.022     3.124     0.000     2.343    -7.082   113.059    54.022  1024.120  1851.106    31.306     9.862     0.020    27.011
       418    54.025     3.120     0.000     2.347    -7.081   113.222    54.025  1024.120  1850.980    31.306     9.862     0.020    27.013
       419    54.029     3.117     0.000     2.350    -7.080   113.385    54.029  1024.120  1850.849    31.306     9.862     0.020    27.015
       420    54.033     3.113     0.000     2.353    -7.079   113.550    54.033  1024.120  1850.713    31.306     9.862     0.020    27.017
       421    54.037     3.110     0.000     2.357    -7.078   113.716    54.037  1024.120  1850.572    31.306     9.862     0.020    27.019
       422    54.042     3.106     0.000     2.360    -7.077   113.883    54.042  1024.120  1850.425    31.306     9.862     0.020    27.021
       423    54.046     3.102     0.000     2.363    -7.075   114.051    54.046  1024.120  1850.272    31.306     9.862     0.020    27.023
       424    54.051     3.098     0.000     2.367    -7.074   114.220    54.051  1024.120  1850.113    31.306     9.862     0.020    27.025
       425    54.056     3.094     0.000     2.370    -7.073   114.390    54.056  1024.120  1849.947    31.306     9.862     0.020    27.028
       426    54.061     3.090     0.000     2.374    -7.071   114.562    54.061  1024.120  1849.775    31.306     9.862     0.020    27.030
       427    54.066     3.086     0.000     2.377    -7.070   114.735    54.066  1024.120  1849.597    31.306     9.862     0.020    27.033
       428    54.071     3.082     0.000     2.381    -7.068   114.910    54.071  1024.120  1849.411    31.306     9.862     0.020    27.036
       429    54.077     3.078     0.000     2.384    -7.067   115.086    54.077  1024.120  1849.217    31.306     9.862     0.020    27.038
       430    54.083     3.074     0.000     2.388    -7.065   115.263    54.083  1024.120  1849.016    31.306     9.862     0.020    27.041
       431    54.089     3.069     0.000     2.391    -7.064   115.442    54.089  1024.120  1848.806    31.306     9.862     0.020    27.044
       432    54.095     3.065     0.000     2.395    -7.062   115.622    54.095  1024.120  1848.588    31.306     9.861     0.020    27.048
       433    54.102     3.060     0.000     2.399    -7.061   115.804    54.102  1024.120  1848.361    31.306     9.861     0.020    27.051
       434    54.109     3.056     0.000     2.402    -7.059   115.988    54.109  1024.120  1848.125    31.306     9.861     0.020    27.054
       435    54.116     3.051     0.000     2.406    -7.057   116.173    54.116  1024.120  1847.879    31.306     9.861     0.020    27.058
       436    54.124     3.046     0.000     2.410    -7.055   116.360    54.124  1024.120  1847.623    31.306     9.861     0.020    27.062
       437    54.131     3.042     0.000     2.414    -7.053   116.549    54.131  1024.120  1847.356    31.306     9.861     0.020    27.066
       438    54.140     3.037     0.000     2.417    -7.052   116.739    54.140  1024.120  1847.077    31.306     9.861     0.020    27.070
       439    54.148     3.032     0.000     2.421    -7.050   116.932    54.148  1024.120  1846.787    31.306     9.861     0.020    27.074
       440    54.157     3.027     0.000     2.425    -7.048   117.127    54.157  1024.120  1846.484    31.306     9.861     0.020    27.078
       441    54.166     3.022     0.000     2.429    -7.045   117.323    54.166  1024.120  1846.168    31.306     9.861     0.020    27.083
       442    54.176     3.016     0.000     2.433    -7.043   117.522    54.176  1024.120  1845.838    31.306     9.861     0.020    27.088
       443    54.186     3.011     0.000     2.437    -7.041   117.723    54.186  1024.120  1845.493    31.306     9.861     0.020    27.093
       444    54.197     3.006     0.000     2.441    -7.039   117.926    54.197  1024.120  1845.134    31.306     9.861     0.020    27.098
       445    54.208     3.000     0.000     2.446    -7.037   118.132    54.208  1024.120  1844.758    31.306     9.861     0.020    27.104
       446    54.219     2.995     0.000     2.450    -7.034   118.340    54.219  1024.120  1844.364    31.306     9.861     0.020    27.110
       447    54.231     2.990     0.000     2.454    -7.032   118.551    54.231  1024.120  1843.953    31.306     9.861     0.020    27.116
       448    54.244     2.984     0.000     2.458    -7.029   118.764    54.244  1024.120  1843.523    31.306     9.861     0.020    27.122
       449    54.257     2.978     0.000     2.463    -7.027   118.980    54.257  1024.120  1843.072    31.306     9.861     0.020    27.129
       450    54.271     2.973     0.000     2.467    -7.024   119.199    54.271  1024.120  1842.600    31.306     9.861     0.020    27.136
       451    54.286     2.967     0.000     2.471    -7.021   119.420    54.286  1024.120  1842.106    31.306     9.861     0.020    27.143
       452    54.301     2.961     0.000     2.476    -7.018   119.645    54.301  1024.120  1841.587    31.306     9.861     0.020    27.151
       453    54.317     2.955     0.000     2.481    -7.015   119.873    54.317  1024.120  1841.042    31.306     9.860     0.020    27.159
       454    54.334     2.949     0.000     2.485    -7.012   120.104    54.334  1024.120  1840.470    31.306     9.860     0.020    27.167
       455    54.352     2.943     0.000     2.490    -7.009   120.339    54.352  1024.120  1839.870    31.306     9.860     0.020    27.176
       456    54.370     2.937     0.000     2.495    -7.006   120.577    54.370  1024.121  1839.238    31.306     9.860     0.020    27.185
       457    54.390     2.931     0.000     2.500    -7.003   120.819    54.390  1024.121  1838.573    31.307     9.860     0.020    27.195
       458    54.411     2.925     0.000     2.505    -6.999   121.064    54.411  1024.121  1837.873    31.307     9.860     0.020    27.205
       459    54.433     2.918     0.000     2.510    -6.996   121.314    54.433  1024.121  1837.135    31.307     9.860     0.020    27.216
       460    54.456     2.912     0.000     2.515    -6.992   121.568    54.456  1024.121  1836.357    31.307     9.860     0.020    27.228
       461    54.480     2.906     0.000     2.520    -6.989   121.826    54.480  1024.121  1835.536    31.307     9.860     0.020    27.240
       462    54.506     2.899     0.000     2.525    -6.985   122.089    54.506  1024.121  1834.668    31.307     9.860     0.020    27.253
       463    54.533     2.893     0.000     2.531    -6.981   122.357    54.533  1024.121  1833.750    31.307     9.859     0.020    27.267
       464    54.562     2.886     0.000     2.536    -6.977   122.629    54.562  1024.121  1832.778    31.307     9.859     0.020    27.281
       465    54.593     2.880     0.000     2.542    -6.972   122.907    54.593  1024.121  1831.748    31.307     9.859     0.020    27.296
       466    54.625     2.873     0.000     2.547    -6.968   123.191    54.625  1024.121  1830.655    31.307     9.859     0.020    27.313
       467    54.660     2.867     0.000     2.553    -6.964   123.480    54.660  1024.121  1829.493    31.307     9.859     0.020    27.330
       468    54.697     2.860     0.000     2.559    -6.959   123.776    54.697  1024.121  1828.258    31.307     9.859     0.020    27.348
       469    54.736     2.854     0.000     2.565    -6.954   124.078    54.736  1024.121  1826.942    31.307     9.859     0.020    27.368
       470    54.778     2.847     0.000     2.571    -6.949   124.387    54.778  1024.121  1825.538    31.307     9.858     0.020    27.389
       471    54.823     2.840     0.000     2.578    -6.944   124.703    54.823  1024.121  1824.037    31.307     9.858     0.020    27.412
       472    54.872     2.834     0.000     2.584    -6.938   125.028    54.872  1024.121  1822.431    31.307     9.858     0.020    27.436
       473    54.924     2.827     0.000     2.591    -6.932   125.360    54.924  1024.121  1820.708    31.307     9.858     0.020    27.462
       474    54.980     2.820     0.000     2.598    -6.927   125.701    54.980  1024.121  1818.857    31.307     9.857     0.020    27.490
       475    55.040     2.814     0.000     2.605    -6.920   126.052    55.040  1024.122  1816.864    31.307     9.857     0.020    27.520
       476    55.105     2.807     0.000     2.612    -6.914   126.413    55.105  1024.122  1814.712    31.307     9.857     0.020    27.553
       477    55.176     2.800     0.000     2.620    -6.907   126.786    55.176  1024.122  1812.383    31.307     9.857     0.020    27.588
       478    55.253     2.794     0.000     2.628    -6.900   127.170    55.253  1024.122  1809.854    31.307     9.856     0.020    27.627
       479    55.337     2.788     0.000     2.636    -6.893   127.567    55.337  1024.122  1807.100    31.307     9.856     0.020    27.669
       480    55.430     2.781     0.000     2.644    -6.885   127.979    55.430  1024.122  1804.088    31.307     9.855     0.020    27.715
       481    55.531     2.775     0.000     2.652    -6.877   128.406    55.531  1024.122  1800.782    31.308     9.855     0.020    27.766
       482    55.644     2.769     0.000     2.661    -6.868   128.852    55.644  1024.122  1797.134    31.308     9.855     0.020    27.822
       483    55.770     2.764     0.000     2.671    -6.859   129.316    55.770  1024.122  1793.087    31.308     9.854     0.020    27.885
       484    55.911     2.758     0.000     2.681    -6.850   129.804    55.911  1024.123  1788.565    31.308     9.853     0.020    27.955
       485    56.070     2.753     0.000     2.691    -6.839   130.317    56.070  1024.123  1783.472    31.308     9.853     0.020    28.035
       486    56.253     2.749     0.000     2.702    -6.828   130.859    56.253  1024.123  1777.680    31.308     9.852     0.020    28.127
       487    56.465     2.745     0.000     2.713    -6.816   131.438    56.465  1024.123  1771.006    31.308     9.851     0.020    28.233
       488    56.715     2.742     0.000     2.726    -6.803   132.060    56.715  1024.124  1763.189    31.308     9.850     0.020    28.358
       489    57.012     2.740     0.000     2.740    -6.789   132.737    57.012  1024.124  1754.032    31.308     9.849     0.020    28.506
       490    57.341     2.739     0.000     2.755    -6.773   133.480    57.341  1024.124  1743.951    31.309     9.848     0.020    28.671
       491    57.702     2.738     0.000     2.771    -6.756   134.283    57.702  1024.125  1733.041    31.309     9.846     0.020    28.851
       492    58.102     2.738     0.000     2.788    -6.737   135.158    58.102  1024.125  1721.125    31.309     9.845     0.020    29.051
       493    58.551     2.739     0.000     2.808    -6.715   136.126    58.551  1024.125  1707.924    31.309     9.843     0.020    29.275
       494    59.075     2.742     0.000     2.830    -6.690   137.214    59.075  1024.126  1692.770    31.309     9.841     0.020    29.537
       495    59.712     2.748     0.000     2.855    -6.662   138.483    59.712  1024.126  1674.691    31.309     9.839     0.020    29.856
       496    60.527     2.758     0.000     2.886    -6.626   140.029    60.527  1024.127  1652.160    31.309     9.836     0.020    30.263
       497    61.647     2.775     0.000     2.927    -6.579   142.057    61.647  1024.127  1622.127    31.309     9.832     0.020    30.824
       498    62.880     2.795     0.000     2.970    -6.529   144.181    62.880  1024.128  1590.321    31.309     9.829     0.020    31.440
       499    64.138     2.820     0.000     3.012    -6.480   146.284    64.138  1024.128  1559.139    31.309     9.825     0.020    32.069
       500    65.421     2.850     0.000     3.054    -6.433   148.343    65.421  1024.128  1528.568    31.309     9.821     0.020    32.710
       501    66.729     2.886     0.000     3.094    -6.387   150.346    66.729  1024.129  1498.596    31.308     9.818     0.020    33.365
---------------------------- Plume traps -----------------------------
       502    68.002     2.926     0.000     3.131    -6.346   152.200    68.002  1024.128  1470.538    31.307     9.815     0.020    34.001
       503    68.948     2.963     0.000     3.158    -6.318   153.506    68.948  1024.128  1450.368    31.307     9.813     0.020    34.474
       504    69.747     2.995     0.000     3.178    -6.296   154.512    69.747  1024.128  1433.759    31.306     9.811     0.020    34.873
       505    70.418     3.024     0.000     3.194    -6.279   155.316    70.418  1024.128  1420.087    31.306     9.810     0.020    35.209
       506    71.026     3.050     0.000     3.208    -6.264   156.024    71.026  1024.128  1407.941    31.305     9.808     0.020    35.513
       507    71.540     3.073     0.000     3.221    -6.251   156.677    71.540  1024.128  1397.818    31.305     9.807     0.020    35.770
       508    72.036     3.095     0.000     3.234    -6.238   157.326    72.036  1024.128  1388.199    31.304     9.806     0.020    36.018
       509    72.485     3.116     0.000     3.247    -6.225   157.956    72.485  1024.127  1379.593    31.304     9.806     0.020    36.243
       510    72.918     3.136     0.000     3.260    -6.213   158.579    72.918  1024.127  1371.409    31.304     9.805     0.020    36.459
       511    73.316     3.156     0.000     3.272    -6.201   159.183    73.316  1024.127  1363.959    31.303     9.804     0.020    36.658
       512    73.694     3.175     0.000     3.284    -6.190   159.776    73.694  1024.127  1356.958    31.303     9.803     0.020    36.847
       513    74.046     3.194     0.000     3.295    -6.179   160.353    74.046  1024.127  1350.520    31.303     9.803     0.020    37.023
       514    74.377     3.212     0.000     3.307    -6.169   160.917    74.377  1024.127  1344.501    31.302     9.802     0.020    37.189
       515    74.687     3.229     0.000     3.318    -6.159   161.466    74.687  1024.126  1338.923    31.302     9.802     0.020    37.343
       516    74.979     3.246     0.000     3.328    -6.149   162.004    74.979  1024.126  1333.713    31.302     9.801     0.020    37.489
       517    75.252     3.263     0.000     3.339    -6.140   162.528    75.252  1024.126  1328.861    31.301     9.801     0.020    37.626
       518    75.510     3.279     0.000     3.349    -6.131   163.040    75.510  1024.126  1324.324    31.301     9.800     0.020    37.755
       519    75.753     3.295     0.000     3.359    -6.122   163.541    75.753  1024.126  1320.083    31.301     9.800     0.020    37.876
       520    75.982     3.310     0.000     3.369    -6.114   164.030    75.982  1024.126  1316.108    31.301     9.800     0.020    37.991
       521    76.197     3.325     0.000     3.379    -6.106   164.508    76.197  1024.126  1312.380    31.300     9.799     0.020    38.099
       522    76.401     3.339     0.000     3.388    -6.098   164.975    76.401  1024.126  1308.879    31.300     9.799     0.020    38.201
       523    76.594     3.353     0.000     3.397    -6.090   165.432    76.594  1024.125  1305.586    31.300     9.799     0.020    38.297
       524    76.776     3.367     0.000     3.406    -6.083   165.880    76.776  1024.125  1302.485    31.300     9.798     0.020    38.388
       525    76.949     3.381     0.000     3.415    -6.076   166.318    76.949  1024.125  1299.560    31.300     9.798     0.020    38.475
       526    77.113     3.394     0.000     3.424    -6.070   166.747    77.113  1024.125  1296.799    31.299     9.798     0.020    38.556
       527    77.268     3.407     0.000     3.432    -6.063   167.167    77.268  1024.125  1294.189    31.299     9.798     0.020    38.634
       528    77.416     3.419     0.000     3.440    -6.057   167.579    77.416  1024.125  1291.719    31.299     9.797     0.020    38.708
       529    77.557     3.432     0.000     3.449    -6.051   167.983    77.557  1024.125  1289.378    31.299     9.797     0.020    38.778
       530    77.691     3.444     0.000     3.457    -6.045   168.380    77.691  1024.125  1287.158    31.299     9.797     0.020    38.845
       531    77.818     3.456     0.000     3.464    -6.040   168.768    77.818  1024.125  1285.050    31.299     9.797     0.020    38.909
       532    77.940     3.467     0.000     3.472    -6.034   169.150    77.940  1024.125  1283.046    31.298     9.797     0.020    38.970
       533    78.056     3.479     0.000     3.480    -6.029   169.525    78.056  1024.124  1281.139    31.298     9.796     0.020    39.028
       534    78.166     3.490     0.000     3.487    -6.024   169.893    78.166  1024.124  1279.323    31.298     9.796     0.020    39.083
       535    78.272     3.501     0.000     3.494    -6.019   170.255    78.272  1024.124  1277.592    31.298     9.796     0.020    39.136
       536    78.374     3.512     0.000     3.501    -6.014   170.611    78.374  1024.124  1275.940    31.298     9.796     0.020    39.187
       537    78.471     3.523     0.000     3.508    -6.009   170.961    78.471  1024.124  1274.363    31.298     9.796     0.020    39.235
       538    78.563     3.533     0.000     3.515    -6.005   171.305    78.563  1024.124  1272.856    31.298     9.796     0.020    39.282
       539    78.653     3.543     0.000     3.522    -6.001   171.644    78.653  1024.124  1271.414    31.298     9.796     0.020    39.326
       540    78.738     3.553     0.000     3.529    -5.996   171.977    78.738  1024.124  1270.034    31.297     9.796     0.020    39.369
       541    78.820     3.563     0.000     3.535    -5.992   172.306    78.820  1024.124  1268.712    31.297     9.795     0.020    39.410
       542    78.899     3.573     0.000     3.542    -5.988   172.630    78.899  1024.124  1267.446    31.297     9.795     0.020    39.449
       543    78.975     3.582     0.000     3.548    -5.985   172.950    78.975  1024.124  1266.216    31.297     9.795     0.020    39.488
       544    79.050     3.591     0.000     3.555    -5.981   173.269    79.050  1024.124  1265.027    31.297     9.795     0.020    39.525
       545    79.122     3.601     0.000     3.561    -5.977   173.585    79.122  1024.124  1263.873    31.297     9.795     0.020    39.561
       546    79.192     3.610     0.000     3.567    -5.974   173.898    79.192  1024.124  1262.755    31.297     9.795     0.020    39.596
       547    79.260     3.619     0.000     3.574    -5.970   174.210    79.260  1024.124  1261.670    31.297     9.795     0.020    39.630
       548    79.326     3.627     0.000     3.580    -5.967   174.518    79.326  1024.124  1260.617    31.297     9.795     0.020    39.663
       549    79.391     3.636     0.000     3.586    -5.963   174.825    79.391  1024.123  1259.596    31.297     9.795     0.020    39.695
       550    79.453     3.644     0.000     3.592    -5.960   175.130    79.453  1024.123  1258.604    31.297     9.795     0.020    39.727
       551    79.514     3.653     0.000     3.598    -5.957   175.432    79.514  1024.123  1257.642    31.297     9.795     0.020    39.757
       552    79.573     3.661     0.000     3.604    -5.954   175.732    79.573  1024.123  1256.708    31.296     9.794     0.020    39.786
       553    79.630     3.669     0.000     3.610    -5.951   176.030    79.630  1024.123  1255.801    31.296     9.794     0.020    39.815
       554    79.686     3.677     0.000     3.616    -5.948   176.326    79.686  1024.123  1254.920    31.296     9.794     0.020    39.843
       555    79.741     3.684     0.000     3.622    -5.945   176.621    79.741  1024.123  1254.066    31.296     9.794     0.020    39.870
       556    79.793     3.692     0.000     3.628    -5.942   176.913    79.793  1024.123  1253.236    31.296     9.794     0.020    39.897
       557    79.845     3.700     0.000     3.634    -5.939   177.203    79.845  1024.123  1252.430    31.296     9.794     0.020    39.922
       558    79.895     3.707     0.000     3.640    -5.937   177.492    79.895  1024.123  1251.647    31.296     9.794     0.020    39.947
       559    79.943     3.714     0.000     3.645    -5.934   177.778    79.943  1024.123  1250.887    31.296     9.794     0.020    39.972
       560    79.990     3.721     0.000     3.651    -5.932   178.063    79.990  1024.123  1250.149    31.296     9.794     0.020    39.995
       561    80.036     3.728     0.000     3.657    -5.929   178.346    80.036  1024.123  1249.432    31.296     9.794     0.020    40.018
       562    80.081     3.735     0.000     3.663    -5.927   178.627    80.081  1024.123  1248.736    31.296     9.794     0.020    40.040
       563    80.124     3.742     0.000     3.668    -5.924   178.907    80.124  1024.123  1248.060    31.296     9.794     0.020    40.062
       564    80.167     3.748     0.000     3.674    -5.922   179.185    80.167  1024.123  1247.403    31.296     9.794     0.020    40.083
       565    80.208     3.755     0.000     3.679    -5.920   179.462    80.208  1024.123  1246.766    31.296     9.794     0.020    40.104
       566    80.247     3.761     0.000     3.685    -5.918   179.737    80.247  1024.123  1246.147    31.296     9.794     0.020    40.124
       567    80.286     3.767     0.000     3.690    -5.915   180.010    80.286  1024.123  1245.546    31.296     9.794     0.020    40.143
       568    80.324     3.773     0.000     3.696    -5.913   180.282    80.324  1024.123  1244.962    31.296     9.794     0.020    40.162
       569    80.360     3.779     0.000     3.701    -5.911   180.553    80.360  1024.123  1244.396    31.296     9.794     0.020    40.180
       570    80.396     3.785     0.000     3.707    -5.909   180.822    80.396  1024.123  1243.846    31.295     9.794     0.020    40.198
       571    80.430     3.791     0.000     3.712    -5.907   181.090    80.430  1024.123  1243.313    31.295     9.794     0.020    40.215
       572    80.464     3.796     0.000     3.717    -5.906   181.356    80.464  1024.123  1242.795    31.295     9.794     0.020    40.232
       573    80.496     3.802     0.000     3.723    -5.904   181.621    80.496  1024.123  1242.293    31.295     9.793     0.020    40.248
       574    80.528     3.807     0.000     3.728    -5.902   181.885    80.528  1024.123  1241.805    31.295     9.793     0.020    40.264
       575    80.559     3.812     0.000     3.733    -5.900   182.148    80.559  1024.123  1241.333    31.295     9.793     0.020    40.279
       576    80.588     3.818     0.000     3.739    -5.899   182.409    80.588  1024.123  1240.875    31.295     9.793     0.020    40.294
       577    80.617     3.823     0.000     3.744    -5.897   182.670    80.617  1024.123  1240.430    31.295     9.793     0.020    40.309
       578    80.645     3.827     0.000     3.749    -5.895   182.929    80.645  1024.123  1240.000    31.295     9.793     0.020    40.323
       579    80.672     3.832     0.000     3.754    -5.894   183.187    80.672  1024.123  1239.583    31.295     9.793     0.020    40.336
       580    80.699     3.837     0.000     3.759    -5.892   183.444    80.699  1024.122  1239.179    31.295     9.793     0.020    40.349
       581    80.724     3.841     0.000     3.764    -5.891   183.700    80.724  1024.122  1238.788    31.295     9.793     0.020    40.362
       582    80.749     3.846     0.000     3.770    -5.890   183.955    80.749  1024.122  1238.409    31.295     9.793     0.020    40.374
       583    80.773     3.850     0.000     3.775    -5.888   184.208    80.773  1024.122  1238.043    31.295     9.793     0.020    40.386
       584    80.796     3.854     0.000     3.780    -5.887   184.461    80.796  1024.122  1237.689    31.295     9.793     0.020    40.398
       585    80.818     3.858     0.000     3.785    -5.886   184.713    80.818  1024.122  1237.347    31.295     9.793     0.020    40.409
       586    80.840     3.862     0.000     3.790    -5.885   184.965    80.840  1024.122  1237.016    31.295     9.793     0.020    40.420
       587    80.861     3.866     0.000     3.795    -5.883   185.215    80.861  1024.122  1236.697    31.295     9.793     0.020    40.430
       588    80.881     3.870     0.000     3.800    -5.882   185.464    80.881  1024.122  1236.389    31.295     9.793     0.020    40.440
       589    80.900     3.873     0.000     3.805    -5.881   185.713    80.900  1024.122  1236.092    31.295     9.793     0.020    40.450
       590    80.919     3.877     0.000     3.810    -5.880   185.961    80.919  1024.122  1235.806    31.295     9.793     0.020    40.459
       591    80.937     3.880     0.000     3.815    -5.879   186.208    80.937  1024.122  1235.531    31.295     9.793     0.020    40.468
       592    80.954     3.883     0.000     3.820    -5.878   186.454    80.954  1024.122  1235.266    31.295     9.793     0.020    40.477
       593    80.971     3.886     0.000     3.825    -5.877   186.700    80.971  1024.122  1235.012    31.295     9.793     0.020    40.485
       594    80.987     3.889     0.000     3.830    -5.876   186.945    80.987  1024.122  1234.767    31.295     9.793     0.020    40.493
       595    81.002     3.892     0.000     3.835    -5.875   187.189    81.002  1024.122  1234.533    31.295     9.793     0.020    40.501
       596    81.017     3.895     0.000     3.839    -5.875   187.433    81.017  1024.122  1234.308    31.295     9.793     0.020    40.509
       597    81.031     3.898     0.000     3.844    -5.874   187.676    81.031  1024.122  1234.094    31.295     9.793     0.020    40.516
       598    81.045     3.900     0.000     3.849    -5.873   187.919    81.045  1024.122  1233.888    31.295     9.793     0.020    40.522
       599    81.057     3.903     0.000     3.854    -5.872   188.161    81.057  1024.122  1233.693    31.295     9.793     0.020    40.529
       600    81.070     3.905     0.000     3.859    -5.872   188.402    81.070  1024.122  1233.507    31.295     9.793     0.020    40.535
       601    81.081     3.907     0.000     3.864    -5.871   188.643    81.081  1024.122  1233.330    31.295     9.793     0.020    40.541
       602    81.092     3.909     0.000     3.869    -5.871   188.884    81.092  1024.122  1233.162    31.295     9.793     0.020    40.546
       603    81.103     3.911     0.000     3.873    -5.870   189.124    81.103  1024.122  1233.003    31.295     9.793     0.020    40.551
       604    81.113     3.913     0.000     3.878    -5.869   189.364    81.113  1024.122  1232.853    31.295     9.793     0.020    40.556
       605    81.122     3.915     0.000     3.883    -5.869   189.603    81.122  1024.122  1232.712    31.295     9.793     0.020    40.561
       606    81.131     3.917     0.000     3.888    -5.868   189.842    81.131  1024.122  1232.580    31.295     9.793     0.020    40.565
       607    81.139     3.918     0.000     3.893    -5.868   190.080    81.139  1024.122  1232.457    31.295     9.793     0.020    40.569
       608    81.146     3.920     0.000     3.897    -5.868   190.319    81.146  1024.122  1232.342    31.295     9.793     0.020    40.573
       609    81.153     3.921     0.000     3.902    -5.867   190.557    81.153  1024.122  1232.236    31.295     9.793     0.020    40.577
       610    81.160     3.922     0.000     3.907    -5.867   190.794    81.160  1024.122  1232.139    31.295     9.793     0.020    40.580
       611    81.166     3.923     0.000     3.912    -5.867   191.032    81.166  1024.122  1232.050    31.295     9.793     0.020    40.583
       612    81.171     3.924     0.000     3.917    -5.866   191.269    81.171  1024.122  1231.969    31.295     9.793     0.020    40.585
       613    81.176     3.925     0.000     3.921    -5.866   191.506    81.176  1024.122  1231.897    31.295     9.793     0.020    40.588
       614    81.180     3.926     0.000     3.926    -5.866   191.743    81.180  1024.122  1231.833    31.295     9.793     0.020    40.590
       615    81.184     3.927     0.000     3.931    -5.866   191.980    81.184  1024.122  1231.777    31.295     9.793     0.020    40.592
       616    81.187     3.927     0.000     3.936    -5.866   192.216    81.187  1024.122  1231.730    31.295     9.793     0.020    40.593
       617    81.189     3.928     0.000     3.940    -5.866   192.453    81.189  1024.122  1231.691    31.295     9.793     0.020    40.595
       618    81.191     3.928     0.000     3.945    -5.866   192.689    81.191  1024.122  1231.660    31.295     9.793     0.020    40.596
       619    81.193     3.928     0.000     3.950    -5.866   192.925    81.193  1024.122  1231.637    31.295     9.793     0.020    40.596
---------------------- Local maximum rise or fall --------------------
       620    81.194     3.929     0.000     3.955    -5.866   193.161    81.194  1024.122  1231.622    31.295     9.793     0.020    40.597
-------------------- Starting Farfield Calculations --------------------
Farfield dispersion based on wastefield width of :       3.93 (m)
4/3 Power Law based Eddy Diffusivity is used:
  Dilution     Width  Distance      Time     Conc.    Bckgrd
        ()       (m)       (m)    (hrs.)    (mg/L)    (mg/L)
    81.194     3.934     3.955     0.000  1231.622     0.000
    81.194     3.947     4.000     0.001  1235.053     0.000
    81.195     4.235     5.000     0.015  1235.053     0.000
    81.401     4.530     6.000     0.029  1235.053     0.000
    82.471     4.831     7.000     0.043  1235.053     0.000
    84.568     5.138     8.000     0.056  1187.924     0.000
    87.478     5.452     9.000     0.070  1187.924     0.000
    90.979     5.772    10.000     0.084  1187.924     0.000
    94.910     6.097    11.000     0.098  1187.924     0.000
    99.165     6.429    12.000     0.112  1014.453     0.000
   103.673     6.767    13.000     0.126  1014.453     0.000
   108.387     7.110    14.000     0.140  1014.453     0.000
   113.274     7.459    15.000     0.154  1014.453     0.000
   118.309     7.814    16.000     0.168   850.605     0.000
   123.476     8.173    17.000     0.181   850.605     0.000
   128.763     8.539    18.000     0.195   850.605     0.000
   134.159     8.909    19.000     0.209   850.605     0.000
   139.657     9.285    20.000     0.223   720.659     0.000
   145.252     9.666    21.000     0.237   720.659     0.000
   150.938    10.052    22.000     0.251   720.659     0.000
   156.712    10.443    23.000     0.265   720.659     0.000
   162.571    10.839    24.000     0.279   619.112     0.000
   168.511    11.239    25.000     0.293   619.112     0.000
   174.531    11.645    26.000     0.306   619.112     0.000
   180.628    12.055    27.000     0.320   619.112     0.000
   186.800    12.470    28.000     0.334   538.819     0.000
   193.047    12.890    29.000     0.348   538.819     0.000
   199.366    13.315    30.000     0.362   538.819     0.000
   205.757    13.743    31.000     0.376   538.819     0.000
   212.218    14.177    32.000     0.390   474.292     0.000
   218.748    14.615    33.000     0.404   474.292     0.000
   225.346    15.057    34.000     0.418   474.292     0.000
   232.011    15.504    35.000     0.431   474.292     0.000
   238.742    15.955    36.000     0.445   421.603     0.000
   245.539    16.410    37.000     0.459   421.603     0.000
   252.401    16.869    38.000     0.473   421.603     0.000
   259.327    17.333    39.000     0.487   421.603     0.000
   266.316    17.801    40.000     0.501   377.956     0.000
   273.368    18.273    41.000     0.515   377.956     0.000
   280.482    18.749    42.000     0.529   377.956     0.000
   287.657    19.230    43.000     0.543   377.956     0.000
   294.893    19.714    44.000     0.556   341.333     0.000
   302.190    20.202    45.000     0.570   341.333     0.000
   309.546    20.694    46.000     0.584   341.333     0.000
   316.962    21.190    47.000     0.598   341.333     0.000
   324.436    21.690    48.000     0.612   310.256     0.000
   331.968    22.194    49.000     0.626   310.256     0.000
   339.559    22.702    50.000     0.640   310.256     0.000
   347.206    23.214    51.000     0.654   310.256     0.000
   354.911    23.729    52.000     0.668   283.619     0.000
   362.672    24.248    53.000     0.681   283.619     0.000
   370.489    24.771    54.000     0.695   283.619     0.000
   378.361    25.298    55.000     0.709   283.619     0.000
   386.289    25.828    56.000     0.723   260.584     0.000
   394.271    26.362    57.000     0.737   260.584     0.000
   402.308    26.899    58.000     0.751   260.584     0.000
   410.399    27.440    59.000     0.765   260.584     0.000
   418.544    27.985    60.000     0.779   240.505     0.000
   426.742    28.533    61.000     0.793   240.505     0.000
   434.993    29.085    62.000     0.806   240.505     0.000
   443.296    29.640    63.000     0.820   240.505     0.000
   451.652    30.199    64.000     0.834   222.878     0.000
   460.059    30.762    65.000     0.848   222.878     0.000
   468.519    31.327    66.000     0.862   222.878     0.000
   477.029    31.896    67.000     0.876   222.878     0.000
   485.591    32.469    68.000     0.890   207.303     0.000
   494.203    33.045    69.000     0.904   207.303     0.000
   502.866    33.624    70.000     0.918   207.303     0.000
   511.579    34.207    71.000     0.931   207.303     0.000
   520.341    34.793    72.000     0.945   193.460     0.000
   529.153    35.382    73.000     0.959   193.460     0.000
   538.014    35.975    74.000     0.973   193.460     0.000
   546.925    36.570    75.000     0.987   193.460     0.000
   555.884    37.170    76.000     1.001   181.093     0.000
   564.891    37.772    77.000     1.015   181.093     0.000
   573.947    38.377    78.000     1.029   181.093     0.000
   583.050    38.986    79.000     1.043   181.093     0.000
   592.201    39.598    80.000     1.056   169.989     0.000
   601.400    40.213    81.000     1.070   169.989     0.000
   610.645    40.831    82.000     1.084   169.989     0.000
   619.938    41.453    83.000     1.098   169.989     0.000
   629.277    42.077    84.000     1.112   159.975     0.000
   638.663    42.705    85.000     1.126   159.975     0.000
   648.095    43.336    86.000     1.140   159.975     0.000
   657.573    43.969    87.000     1.154   159.975     0.000
   667.097    44.606    88.000     1.168   150.907     0.000
   676.666    45.246    89.000     1.181   150.907     0.000
   686.281    45.889    90.000     1.195   150.907     0.000
   695.941    46.535    91.000     1.209   150.907     0.000
   705.645    47.184    92.000     1.223   142.664     0.000
   715.395    47.836    93.000     1.237   142.664     0.000
   725.189    48.491    94.000     1.251   142.664     0.000
   735.027    49.149    95.000     1.265   142.664     0.000
   744.909    49.810    96.000     1.279   135.146     0.000
   754.835    50.473    97.000     1.293   135.146     0.000
   764.805    51.140    98.000     1.306   135.146     0.000
   774.819    51.810    99.000     1.320   135.146     0.000
   784.875    52.482   100.000     1.334   128.265     0.000
   794.975    53.157   101.000     1.348   128.265     0.000
   805.118    53.836   102.000     1.362   128.265     0.000
   815.304    54.517   103.000     1.376   128.265     0.000
   825.532    55.201   104.000     1.390   121.949     0.000
   835.803    55.887   105.000     1.404   121.949     0.000
   846.116    56.577   106.000     1.418   121.949     0.000
   856.471    57.269   107.000     1.431   121.949     0.000
   866.868    57.965   108.000     1.445   116.135     0.000
   877.306    58.663   109.000     1.459   116.135     0.000
   887.787    59.363   110.000     1.473   116.135     0.000
   898.308    60.067   111.000     1.487   116.135     0.000
   908.871    60.773   112.000     1.501   110.769     0.000
   919.475    61.482   113.000     1.515   110.769     0.000
   930.120    62.194   114.000     1.529   110.769     0.000
   940.806    62.909   115.000     1.543   110.769     0.000
   951.532    63.626   116.000     1.556   105.803     0.000
   962.299    64.346   117.000     1.570   105.803     0.000
   973.106    65.069   118.000     1.584   105.803     0.000
   983.953    65.794   119.000     1.598   105.803     0.000
   994.840    66.522   120.000     1.612   101.198     0.000
  1005.767    67.253   121.000     1.626   101.198     0.000
  1016.734    67.986   122.000     1.640   101.198     0.000
  1027.740    68.722   123.000     1.654   101.198     0.000
  1038.786    69.460   124.000     1.668    96.918     0.000
  1049.871    70.202   125.000     1.681    96.918     0.000
  1060.996    70.946   126.000     1.695    96.918     0.000
  1072.159    71.692   127.000     1.709    96.918     0.000
  1083.361    72.441   128.000     1.723    92.931     0.000
  1094.602    73.193   129.000     1.737    92.931     0.000
  1105.881    73.947   130.000     1.751    92.931     0.000
  1117.199    74.704   131.000     1.765    92.931     0.000
  1128.556    75.463   132.000     1.779    89.210     0.000
  1139.950    76.225   133.000     1.793    89.210     0.000
  1151.383    76.989   134.000     1.806    89.210     0.000
  1162.854    77.756   135.000     1.820    89.210     0.000
  1174.362    78.526   136.000     1.834    85.731     0.000
  1185.908    79.298   137.000     1.848    85.731     0.000
  1197.492    80.073   138.000     1.862    85.731     0.000
  1209.113    80.850   139.000     1.876    85.731     0.000
  1220.772    81.629   140.000     1.890    82.472     0.000
  1232.468    82.411   141.000     1.904    82.472     0.000
  1244.201    83.196   142.000     1.918    82.472     0.000
  1255.971    83.983   143.000     1.931    82.472     0.000
  1267.778    84.772   144.000     1.945    79.414     0.000
  1279.621    85.564   145.000     1.959    79.414     0.000
  1291.501    86.359   146.000     1.973    79.414     0.000
  1303.418    87.156   147.000     1.987    79.414     0.000
  1315.372    87.955   148.000     2.001    76.541     0.000
  1327.361    88.757   149.000     2.015    76.541     0.000
  1339.387    89.561   150.000     2.029    76.541     0.000
  1351.449    90.367   151.000     2.043    76.541     0.000
  1363.547    91.176   152.000     2.056    73.838     0.000
  1375.680    91.988   153.000     2.070    73.838     0.000
  1387.850    92.801   154.000     2.084    73.838     0.000
  1400.055    93.618   155.000     2.098    73.838     0.000
  1412.296    94.436   156.000     2.112    71.289     0.000
  1424.572    95.257   157.000     2.126    71.289     0.000
  1436.884    96.080   158.000     2.140    71.289     0.000
  1449.231    96.906   159.000     2.154    71.289     0.000
  1461.613    97.734   160.000     2.168    68.884     0.000
  1474.030    98.564   161.000     2.181    68.884     0.000
  1486.482    99.397   162.000     2.195    68.884     0.000
  1498.969   100.232   163.000     2.209    68.884     0.000
  1511.490   101.069   164.000     2.223    66.611     0.000
  1524.047   101.908   165.000     2.237    66.611     0.000
  1536.638   102.750   166.000     2.251    66.611     0.000
  1549.263   103.595   167.000     2.265    66.611     0.000
  1561.923   104.441   168.000     2.279    64.461     0.000
  1574.617   105.290   169.000     2.293    64.461     0.000
  1587.345   106.141   170.000     2.306    64.461     0.000
  1600.108   106.994   171.000     2.320    64.461     0.000
  1612.904   107.850   172.000     2.334    62.424     0.000
  1625.735   108.708   173.000     2.348    62.424     0.000
  1638.599   109.568   174.000     2.362    62.424     0.000
  1651.497   110.431   175.000     2.376    62.424     0.000
  1664.429   111.295   176.000     2.390    60.492     0.000
  1677.394   112.162   177.000     2.404    60.492     0.000
  1690.393   113.032   178.000     2.418    60.492     0.000
  1703.425   113.903   179.000     2.431    60.492     0.000
  1716.490   114.777   180.000     2.445    58.657     0.000
  1729.589   115.653   181.000     2.459    58.657     0.000
  1742.721   116.531   182.000     2.473    58.657     0.000
  1755.886   117.411   183.000     2.487    58.657     0.000
  1769.083   118.293   184.000     2.501    56.913     0.000
  1782.314   119.178   185.000     2.515    56.913     0.000
  1795.578   120.065   186.000     2.529    56.913     0.000
  1808.874   120.954   187.000     2.543    56.913     0.000
  1822.203   121.845   188.000     2.556    55.255     0.000
  1835.565   122.739   189.000     2.570    55.255     0.000
  1848.959   123.634   190.000     2.584    55.255     0.000
  1862.385   124.532   191.000     2.598    55.255     0.000
  1875.844   125.432   192.000     2.612    53.675     0.000
  1889.335   126.334   193.000     2.626    53.675     0.000
  1902.859   127.239   194.000     2.640    53.675     0.000
  1916.414   128.145   195.000     2.654    53.675     0.000
  1930.002   129.054   196.000     2.668    52.169     0.000
  1943.621   129.964   197.000     2.681    52.169     0.000
  1957.272   130.877   198.000     2.695    52.169     0.000
  1970.955   131.792   199.000     2.709    52.169     0.000
  1984.670   132.709   200.000     2.723    50.732     0.000
  1998.417   133.628   201.000     2.737    50.732     0.000
  2012.195   134.550   202.000     2.751    50.732     0.000
  2026.005   135.473   203.000     2.765    50.732     0.000
  2039.846   136.399   204.000     2.779    49.360     0.000
  2053.718   137.326   205.000     2.793    49.360     0.000
  2067.622   138.256   206.000     2.806    49.360     0.000
............................. Reached Chronic Mixing Zone ..........................
  2081.557   139.188   207.000     2.820    48.049     0.000
  2095.523   140.122   208.000     2.834    48.049     0.000
  2109.520   141.057   209.000     2.848    48.049     0.000
  2123.549   141.996   210.000     2.862    48.049     0.000
  2137.608   142.936   211.000     2.876    46.794     0.000
  2151.698   143.878   212.000     2.890    46.794     0.000
  2165.819   144.822   213.000     2.904    46.794     0.000
  2179.971   145.768   214.000     2.918    46.794     0.000
  2194.153   146.717   215.000     2.931    45.594     0.000
  2208.366   147.667   216.000     2.945    45.594     0.000
  2222.610   148.619   217.000     2.959    45.594     0.000
  2236.884   149.574   218.000     2.973    45.594     0.000
  2251.188   150.530   219.000     2.987    44.444     0.000
  2265.523   151.489   220.000     3.001    44.444     0.000
  2279.888   152.450   221.000     3.015    44.444     0.000
  2294.284   153.412   222.000     3.029    44.444     0.000
  2308.709   154.377   223.000     3.043    43.341     0.000
  2323.165   155.343   224.000     3.056    43.341     0.000
  2337.651   156.312   225.000     3.070    43.341     0.000
  2352.166   157.283   226.000     3.084    43.341     0.000
  2366.712   158.255   227.000     3.098    42.283     0.000
  2381.288   159.230   228.000     3.112    42.283     0.000
  2395.893   160.206   229.000     3.126    42.283     0.000
  2410.528   161.185   230.000     3.140    42.283     0.000
  2425.193   162.166   231.000     3.154    41.268     0.000
  2439.887   163.148   232.000     3.168    41.268     0.000
  2454.611   164.133   233.000     3.181    41.268     0.000
  2469.364   165.119   234.000     3.195    41.268     0.000
  2484.147   166.108   235.000     3.209    40.292     0.000
  2498.959   167.098   236.000     3.223    40.292     0.000
  2513.801   168.091   237.000     3.237    40.292     0.000
  2528.672   169.085   238.000     3.251    40.292     0.000
  2543.572   170.081   239.000     3.265    39.355     0.000
  2558.501   171.080   240.000     3.279    39.355     0.000
  2573.459   172.080   241.000     3.293    39.355     0.000
  2588.446   173.082   242.000     3.306    39.355     0.000
  2603.463   174.086   243.000     3.320    38.453     0.000
  2618.508   175.092   244.000     3.334    38.453     0.000
  2633.582   176.100   245.000     3.348    38.453     0.000
  2648.685   177.110   246.000     3.362    38.453     0.000
  2663.816   178.122   247.000     3.376    37.585     0.000
  2678.977   179.135   248.000     3.390    37.585     0.000
  2694.166   180.151   249.000     3.404    37.585     0.000
  2709.383   181.169   250.000     3.418    37.585     0.000
  2724.629   182.188   251.000     3.431    36.750     0.000
  2739.904   183.210   252.000     3.445    36.750     0.000
  2755.207   184.233   253.000     3.459    36.750     0.000
  2770.539   185.258   254.000     3.473    36.750     0.000
  2785.898   186.285   255.000     3.487    35.944     0.000
  2801.287   187.314   256.000     3.501    35.944     0.000
  2816.703   188.345   257.000     3.515    35.944     0.000
  2832.147   189.378   258.000     3.529    35.944     0.000
  2847.620   190.412   259.000     3.543    35.168     0.000
  2863.121   191.449   260.000     3.556    35.168     0.000
  2878.649   192.487   261.000     3.570    35.168     0.000
  2894.206   193.527   262.000     3.584    35.168     0.000
  2909.791   194.569   263.000     3.598    34.420     0.000
  2925.403   195.613   264.000     3.612    34.420     0.000
  2941.043   196.659   265.000     3.626    34.420     0.000
  2956.711   197.707   266.000     3.640    34.420     0.000
  2972.407   198.756   267.000     3.654    33.697     0.000
  2988.131   199.808   268.000     3.668    33.697     0.000
  3003.882   200.861   269.000     3.681    33.697     0.000
  3019.660   201.916   270.000     3.695    33.697     0.000
  3035.467   202.973   271.000     3.709    33.000     0.000
  3051.300   204.032   272.000     3.723    33.000     0.000
  3067.162   205.092   273.000     3.737    33.000     0.000
  3083.050   206.155   274.000     3.751    33.000     0.000
  3098.966   207.219   275.000     3.765    32.326     0.000
  3114.909   208.285   276.000     3.779    32.326     0.000
  3130.879   209.353   277.000     3.793    32.326     0.000
  3146.877   210.423   278.000     3.806    32.326     0.000
  3162.902   211.494   279.000     3.820    31.675     0.000
  3178.954   212.568   280.000     3.834    31.675     0.000
  3195.033   213.643   281.000     3.848    31.675     0.000
  3211.139   214.720   282.000     3.862    31.675     0.000
  3227.271   215.798   283.000     3.876    31.045     0.000
  3243.431   216.879   284.000     3.890    31.045     0.000
  3259.618   217.961   285.000     3.904    31.045     0.000
  3275.832   219.045   286.000     3.918    31.045     0.000
  3292.072   220.131   287.000     3.931    30.436     0.000
  3308.339   221.219   288.000     3.945    30.436     0.000
  3324.633   222.309   289.000     3.959    30.436     0.000
  3340.953   223.400   290.000     3.973    30.436     0.000
  3357.300   224.493   291.000     3.987    29.847     0.000
  3373.674   225.588   292.000     4.001    29.847     0.000
  3390.074   226.685   293.000     4.015    29.847     0.000
  3406.501   227.783   294.000     4.029    29.847     0.000
  3422.954   228.883   295.000     4.043    29.276     0.000
  3439.434   229.985   296.000     4.056    29.276     0.000
  3455.940   231.089   297.000     4.070    29.276     0.000
  3472.472   232.194   298.000     4.084    29.276     0.000
  3489.030   233.301   299.000     4.098    28.723     0.000
  3505.615   234.410   300.000     4.112    28.723     0.000
  3522.226   235.521   301.000     4.126    28.723     0.000
  3538.863   236.634   302.000     4.140    28.723     0.000
  3555.526   237.748   303.000     4.154    28.188     0.000
  3572.216   238.864   304.000     4.168    28.188     0.000
  3588.931   239.982   305.000     4.181    28.188     0.000
  3605.672   241.101   306.000     4.195    28.188     0.000
  3622.440   242.222   307.000     4.209    27.669     0.000
  3639.233   243.345   308.000     4.223    27.669     0.000
  3656.052   244.470   309.000     4.237    27.669     0.000
  3672.897   245.596   310.000     4.251    27.669     0.000
  3689.767   246.724   311.000     4.265    27.166     0.000
  3706.664   247.854   312.000     4.279    27.166     0.000
  3723.586   248.986   313.000     4.293    27.166     0.000
  3740.534   250.119   314.000     4.306    27.166     0.000
  3757.507   251.254   315.000     4.320    26.677     0.000
  3774.506   252.390   316.000     4.334    26.677     0.000
  3791.531   253.529   317.000     4.348    26.677     0.000
  3808.581   254.669   318.000     4.362    26.677     0.000
  3825.656   255.811   319.000     4.376    26.204     0.000
  3842.757   256.954   320.000     4.390    26.204     0.000
  3859.884   258.099   321.000     4.404    26.204     0.000
  3877.036   259.246   322.000     4.418    26.204     0.000
  3894.213   260.395   323.000     4.431    25.744     0.000
  3911.415   261.545   324.000     4.445    25.744     0.000
  3928.643   262.697   325.000     4.459    25.744     0.000
  3945.896   263.851   326.000     4.473    25.744     0.000
  3963.174   265.006   327.000     4.487    25.297     0.000
  3980.477   266.163   328.000     4.501    25.297     0.000
  3997.805   267.322   329.000     4.515    25.297     0.000
  4015.159   268.482   330.000     4.529    25.297     0.000
  4032.537   269.644   331.000     4.543    24.863     0.000
  4049.941   270.808   332.000     4.556    24.863     0.000
  4067.369   271.973   333.000     4.570    24.863     0.000
  4084.822   273.140   334.000     4.584    24.863     0.000
  4102.301   274.309   335.000     4.598    24.442     0.000
  4119.804   275.480   336.000     4.612    24.442     0.000
  4137.332   276.652   337.000     4.626    24.442     0.000
  4154.884   277.825   338.000     4.640    24.442     0.000
  4172.462   279.001   339.000     4.654    24.032     0.000
  4190.064   280.178   340.000     4.668    24.032     0.000
  4207.691   281.356   341.000     4.681    24.032     0.000
  4225.342   282.537   342.000     4.695    24.032     0.000
  4243.018   283.719   343.000     4.709    23.633     0.000
  4260.719   284.902   344.000     4.723    23.633     0.000
  4278.444   286.087   345.000     4.737    23.633     0.000
  4296.194   287.274   346.000     4.751    23.633     0.000
  4313.968   288.463   347.000     4.765    23.246     0.000
  4331.767   289.653   348.000     4.779    23.246     0.000
  4349.590   290.845   349.000     4.793    23.246     0.000
  4367.438   292.038   350.000     4.806    23.246     0.000
  4385.309   293.233   351.000     4.820    22.869     0.000
  4403.205   294.430   352.000     4.834    22.869     0.000
  4421.126   295.628   353.000     4.848    22.869     0.000
  4439.071   296.828   354.000     4.862    22.869     0.000
  4457.039   298.030   355.000     4.876    22.502     0.000
  4475.032   299.233   356.000     4.890    22.502     0.000
  4493.050   300.437   357.000     4.904    22.502     0.000
  4511.091   301.644   358.000     4.918    22.502     0.000
  4529.156   302.852   359.000     4.931    22.144     0.000
  4547.246   304.061   360.000     4.945    22.144     0.000
  4565.359   305.273   361.000     4.959    22.144     0.000
  4583.497   306.485   362.000     4.973    22.144     0.000
  4601.658   307.700   363.000     4.987    21.796     0.000
  4619.843   308.916   364.000     5.001    21.796     0.000
  4638.053   310.133   365.000     5.015    21.796     0.000
  4656.286   311.353   366.000     5.029    21.796     0.000
  4674.543   312.573   367.000     5.043    21.457     0.000
  4692.823   313.796   368.000     5.056    21.457     0.000
  4711.128   315.020   369.000     5.070    21.457     0.000
  4729.456   316.245   370.000     5.084    21.457     0.000
  4747.808   317.472   371.000     5.098    21.127     0.000
  4766.184   318.701   372.000     5.112    21.127     0.000
  4784.583   319.931   373.000     5.126    21.127     0.000
  4803.006   321.163   374.000     5.140    21.127     0.000
  4821.452   322.397   375.000     5.154    20.805     0.000
  4839.922   323.632   376.000     5.168    20.805     0.000
  4858.416   324.868   377.000     5.181    20.805     0.000
  4876.933   326.107   378.000     5.195    20.805     0.000
  4895.473   327.346   379.000     5.209    20.492     0.000
  4914.037   328.588   380.000     5.223    20.492     0.000
  4932.624   329.831   381.000     5.237    20.492     0.000
  4951.235   331.075   382.000     5.251    20.492     0.000
  4969.869   332.321   383.000     5.265    20.186     0.000
  4988.526   333.569   384.000     5.279    20.186     0.000
  5007.207   334.818   385.000     5.293    20.186     0.000
  5025.911   336.068   386.000     5.306    20.186     0.000
  5044.638   337.321   387.000     5.320    19.887     0.000
  5063.389   338.574   388.000     5.334    19.887     0.000
  5082.162   339.830   389.000     5.348    19.887     0.000
  5100.959   341.087   390.000     5.362    19.887     0.000
  5119.779   342.345   391.000     5.376    19.596     0.000
  5138.621   343.605   392.000     5.390    19.596     0.000
  5157.487   344.866   393.000     5.404    19.596     0.000
  5176.376   346.130   394.000     5.418    19.596     0.000
  5195.288   347.394   395.000     5.431    19.312     0.000
  5214.223   348.660   396.000     5.445    19.312     0.000
  5233.181   349.928   397.000     5.459    19.312     0.000
  5252.162   351.197   398.000     5.473    19.312     0.000
  5271.166   352.468   399.000     5.487    19.035     0.000
  5290.192   353.740   400.000     5.501    19.035     0.000
  5309.242   355.014   401.000     5.515    19.035     0.000
  5328.314   356.289   402.000     5.529    19.035     0.000
  5347.409   357.566   403.000     5.543    18.764     0.000
  5366.527   358.844   404.000     5.556    18.764     0.000
  5385.667   360.124   405.000     5.570    18.764     0.000
  5404.830   361.406   406.000     5.584    18.764     0.000
  5424.016   362.688   407.000     5.598    18.500     0.000
  5443.225   363.973   408.000     5.612    18.500     0.000
  5462.456   365.259   409.000     5.626    18.500     0.000
  5481.710   366.546   410.000     5.640    18.500     0.000
  5500.986   367.835   411.000     5.654    18.241     0.000
  5520.285   369.126   412.000     5.668    18.241     0.000
  5539.606   370.418   413.000     5.681    18.241     0.000
  5558.950   371.711   414.000     5.695    18.241     0.000
  5578.316   373.006   415.000     5.709    17.989     0.000
  5597.705   374.303   416.000     5.723    17.989     0.000
  5617.116   375.601   417.000     5.737    17.989     0.000
  5636.550   376.900   418.000     5.751    17.743     0.000
  5656.006   378.201   419.000     5.765    17.743     0.000
  5675.484   379.503   420.000     5.779    17.743     0.000
  5694.985   380.807   421.000     5.793    17.743     0.000
  5714.507   382.113   422.000     5.806    17.502     0.000
  5734.053   383.420   423.000     5.820    17.502     0.000
  5753.620   384.728   424.000     5.834    17.502     0.000
  5773.209   386.038   425.000     5.848    17.502     0.000
  5792.821   387.349   426.000     5.862    17.266     0.000
  5812.455   388.662   427.000     5.876    17.266     0.000
  5832.111   389.977   428.000     5.890    17.266     0.000
  5851.789   391.292   429.000     5.904    17.266     0.000
  5871.489   392.610   430.000     5.918    17.036     0.000
  5891.212   393.928   431.000     5.931    17.036     0.000
  5910.956   395.249   432.000     5.945    17.036     0.000
  5930.722   396.570   433.000     5.959    17.036     0.000
  5950.510   397.894   434.000     5.973    16.811     0.000
  5970.321   399.218   435.000     5.987    16.811     0.000
  5990.153   400.544   436.000     6.001    16.811     0.000
  6010.007   401.872   437.000     6.015    16.811     0.000
  6029.883   403.201   438.000     6.029    16.590     0.000
  6049.781   404.532   439.000     6.043    16.590     0.000
  6069.700   405.863   440.000     6.056    16.590     0.000
  6089.642   407.197   441.000     6.070    16.590     0.000
  6109.605   408.532   442.000     6.084    16.375     0.000
  6129.590   409.868   443.000     6.098    16.375     0.000
  6149.597   411.206   444.000     6.112    16.375     0.000
  6169.626   412.545   445.000     6.126    16.375     0.000
  6189.676   413.886   446.000     6.140    16.164     0.000
  6209.748   415.228   447.000     6.154    16.164     0.000
  6229.841   416.572   448.000     6.168    16.164     0.000
  6249.956   417.917   449.000     6.181    16.164     0.000
  6270.093   419.263   450.000     6.195    15.957     0.000
  6290.252   420.611   451.000     6.209    15.957     0.000
  6310.431   421.960   452.000     6.223    15.957     0.000
  6330.633   423.311   453.000     6.237    15.957     0.000
  6350.856   424.664   454.000     6.251    15.755     0.000
  6371.100   426.017   455.000     6.265    15.755     0.000
  6391.366   427.372   456.000     6.279    15.755     0.000
  6411.653   428.729   457.000     6.293    15.755     0.000
  6431.962   430.087   458.000     6.306    15.558     0.000
  6452.292   431.446   459.000     6.320    15.558     0.000
  6472.644   432.807   460.000     6.334    15.558     0.000
  6493.017   434.169   461.000     6.348    15.558     0.000
  6513.411   435.533   462.000     6.362    15.364     0.000
  6533.827   436.898   463.000     6.376    15.364     0.000
  6554.263   438.265   464.000     6.390    15.364     0.000
  6574.722   439.633   465.000     6.404    15.364     0.000
  6595.201   441.002   466.000     6.418    15.174     0.000
  6615.701   442.373   467.000     6.431    15.174     0.000
  6636.223   443.745   468.000     6.445    15.174     0.000
  6656.766   445.119   469.000     6.459    15.174     0.000
  6677.330   446.494   470.000     6.473    14.988     0.000
  6697.915   447.870   471.000     6.487    14.988     0.000
  6718.522   449.248   472.000     6.501    14.988     0.000
  6739.149   450.628   473.000     6.515    14.988     0.000
  6759.797   452.008   474.000     6.529    14.806     0.000
  6780.467   453.390   475.000     6.543    14.806     0.000
  6801.158   454.774   476.000     6.556    14.806     0.000
  6821.869   456.159   477.000     6.570    14.806     0.000
  6842.602   457.545   478.000     6.584    14.628     0.000
  6863.355   458.933   479.000     6.598    14.628     0.000
  6884.129   460.322   480.000     6.612    14.628     0.000
  6904.925   461.712   481.000     6.626    14.628     0.000
  6925.741   463.104   482.000     6.640    14.453     0.000
  6946.578   464.498   483.000     6.654    14.453     0.000
  6967.436   465.892   484.000     6.668    14.453     0.000
  6988.315   467.289   485.000     6.681    14.453     0.000
  7009.215   468.686   486.000     6.695    14.281     0.000
  7030.135   470.085   487.000     6.709    14.281     0.000
  7051.076   471.485   488.000     6.723    14.281     0.000
  7072.038   472.887   489.000     6.737    14.281     0.000
  7093.021   474.290   490.000     6.751    14.113     0.000
  7114.024   475.694   491.000     6.765    14.113     0.000
  7135.048   477.100   492.000     6.779    14.113     0.000
  7156.093   478.507   493.000     6.793    14.113     0.000
  7177.158   479.916   494.000     6.806    13.949     0.000
  7198.244   481.326   495.000     6.820    13.949     0.000
  7219.351   482.737   496.000     6.834    13.949     0.000
  7240.478   484.150   497.000     6.848    13.949     0.000
  7261.626   485.564   498.000     6.862    13.787     0.000
  7282.794   486.980   499.000     6.876    13.787     0.000
  7303.983   488.396   500.000     6.890    13.787     0.000
  7325.193   489.815   501.000     6.904    13.787     0.000
  7337.852   490.661   501.596     6.912    13.628     0.000
