****************************************************************************************************
----------------------------------------------------------------------------------------------------
Ambient Table:
     Depth   Amb-cur   Amb-dir   Amb-sal   Amb-tem   Amb-pol     Decay   Far-spd   Far-dir   Disprsn
       (m)     (m/s)     (deg)     (psu)       (C)    (mg/L)   (1/day)     (m/s)     (deg)(m0.67/s2)
     0.000     0.020    90.000    30.900    11.200     0.000     0.000     0.020    90.000   0.00030
     3.000     0.020    90.000    31.200    10.400     0.000     0.000     0.020    90.000   0.00030
     6.000     0.020    90.000    31.200     9.690     0.000     0.000     0.020    90.000   0.00030
     9.000     0.020    90.000    31.700     9.440     0.000     0.000     0.020    90.000   0.00030
    12.000     0.020    90.000    31.800     9.340     0.000     0.000     0.020    90.000   0.00030
    15.000     0.050    90.000    31.900     9.220     0.000     0.000     0.020    90.000   0.00030
----------------------------------------------------------------------------------------------------
Diffuser Table:
     P-dia    P-elev   V-angle   H-angle     Ports   Spacing   AcuteMZ   ChrncMZ   P-depth   Ttl-flo   Eff-sal      Temp   Polutnt
       (m)       (m)     (deg)     (deg)       ( )       (m)       (m)       (m)       (m)     (cms)     (psu)       (C)    (mg/L)
      0.50     15.00    -45.00     90.00      1.00      0.00     20.70    207.00      2.40      0.01     35.00     10.00 100000.00
----------------------------------------------------------------------------------------------------
Simulation Results:
              Dilutn     P-dia    x-posn    y-posn     Depth      Time   Net-Dil     P-Den    P-Con.     P-Sal    P-Temp  Amb-Curr    CL-Dil
      Step (FluxAvg)       (m)       (m)       (m)       (m)       (s)        ()   (kg/m3)    (mg/L)     (psu)       (C)     (m/s)        ()
         1     1.003     0.391     0.000     0.010    -2.413     0.336     1.003  1026.965 99686.455    34.988    10.002     0.020     1.000
         2     1.004     0.360     0.000     0.010    -2.414     0.353     1.004  1026.963 99644.944    34.986    10.002     0.020     1.000
         3     1.004     0.359     0.000     0.011    -2.415     0.373     1.004  1026.961 99583.585    34.984    10.002     0.020     1.000
         4     1.005     0.358     0.000     0.012    -2.416     0.394     1.005  1026.959 99517.649    34.981    10.003     0.020     1.000
         5     1.006     0.356     0.000     0.012    -2.416     0.415     1.006  1026.957 99447.110    34.979    10.003     0.020     1.000
         6     1.006     0.355     0.000     0.013    -2.417     0.436     1.006  1026.955 99371.577    34.976    10.003     0.020     1.000
         7     1.007     0.353     0.000     0.014    -2.418     0.458     1.007  1026.952 99290.611    34.973    10.004     0.020     1.000
         8     1.008     0.352     0.000     0.014    -2.419     0.480     1.008  1026.950 99203.726    34.969    10.004     0.020     1.000
         9     1.009     0.350     0.000     0.015    -2.420     0.503     1.009  1026.947 99110.384    34.966    10.005     0.020     1.000
        10     1.010     0.348     0.000     0.016    -2.421     0.527     1.010  1026.944 99009.986    34.962    10.005     0.020     1.000
        11     1.011     0.347     0.000     0.016    -2.422     0.551     1.011  1026.940 98901.864    34.958    10.006     0.020     1.000
        12     1.012     0.345     0.000     0.017    -2.424     0.576     1.012  1026.937 98785.275    34.953    10.007     0.020     1.000
        13     1.014     0.344     0.000     0.018    -2.425     0.601     1.014  1026.933 98659.385    34.948    10.007     0.020     1.000
        14     1.015     0.342     0.000     0.018    -2.426     0.627     1.015  1026.929 98523.259    34.943    10.008     0.020     1.000
        15     1.017     0.341     0.000     0.019    -2.427     0.653     1.017  1026.924 98375.843    34.938    10.009     0.020     1.000
        16     1.018     0.339     0.000     0.020    -2.429     0.681     1.018  1026.919 98215.950    34.931    10.010     0.020     1.000
        17     1.020     0.338     0.000     0.021    -2.430     0.709     1.020  1026.914 98042.232    34.925    10.011     0.020     1.000
        18     1.022     0.336     0.000     0.022    -2.431     0.738     1.022  1026.908 97853.158    34.917    10.012     0.020     1.000
        19     1.024     0.335     0.000     0.023    -2.433     0.768     1.024  1026.902 97646.979    34.909    10.013     0.020     1.000
        20     1.026     0.333     0.000     0.024    -2.435     0.799     1.026  1026.895 97421.690    34.901    10.014     0.020     1.000
        21     1.029     0.332     0.000     0.024    -2.436     0.831     1.029  1026.887 97174.978    34.891    10.016     0.020     1.000
        22     1.032     0.330     0.000     0.025    -2.438     0.864     1.032  1026.879 96904.161    34.881    10.017     0.020     1.000
        23     1.035     0.329     0.000     0.026    -2.440     0.898     1.035  1026.869 96606.112    34.869    10.019     0.020     1.000
        24     1.039     0.328     0.000     0.027    -2.442     0.934     1.039  1026.859 96277.153    34.857    10.021     0.020     1.000
        25     1.043     0.327     0.000     0.029    -2.444     0.970     1.043  1026.848 95913.362    34.843    10.023     0.020     1.000
        26     1.047     0.325     0.000     0.030    -2.446     1.009     1.047  1026.836 95531.304    34.828    10.025     0.020     1.000
        27     1.051     0.324     0.000     0.031    -2.448     1.049     1.051  1026.824 95132.831    34.813    10.027     0.020     1.000
        28     1.056     0.323     0.000     0.032    -2.451     1.090     1.056  1026.811 94716.926    34.797    10.029     0.020     1.000
        29     1.061     0.322     0.000     0.033    -2.453     1.132     1.061  1026.797 94282.541    34.780    10.031     0.020     1.000
        30     1.066     0.320     0.000     0.035    -2.456     1.177     1.066  1026.783 93828.539    34.763    10.034     0.020     1.000
        31     1.071     0.319     0.000     0.036    -2.459     1.223     1.071  1026.769 93353.698    34.744    10.036     0.020     1.000
        32     1.077     0.318     0.000     0.037    -2.462     1.270     1.077  1026.753 92856.692    34.725    10.039     0.020     1.000
        33     1.083     0.317     0.000     0.039    -2.465     1.320     1.083  1026.737 92336.089    34.705    10.042     0.020     1.000
        34     1.089     0.316     0.000     0.040    -2.468     1.372     1.089  1026.720 91790.334    34.684    10.045     0.020     1.000
        35     1.096     0.315     0.000     0.042    -2.472     1.426     1.096  1026.703 91217.741    34.662    10.048     0.020     1.000
        36     1.104     0.314     0.000     0.043    -2.475     1.482     1.104  1026.684 90616.475    34.639    10.051     0.020     1.000
        37     1.111     0.313     0.000     0.045    -2.479     1.541     1.111  1026.665 89984.537    34.615    10.055     0.020     1.000
        38     1.120     0.312     0.000     0.047    -2.484     1.602     1.120  1026.644 89319.749    34.589    10.058     0.020     1.000
        39     1.128     0.311     0.000     0.049    -2.488     1.667     1.128  1026.623 88619.726    34.562    10.062     0.020     1.000
        40     1.138     0.310     0.000     0.050    -2.493     1.735     1.138  1026.600 87881.857    34.534    10.066     0.020     1.000
        41     1.148     0.309     0.000     0.052    -2.498     1.806     1.148  1026.576 87103.279    34.504    10.070     0.020     1.000
        42     1.159     0.308     0.000     0.055    -2.504     1.881     1.159  1026.550 86280.840    34.473    10.075     0.020     1.000
        43     1.171     0.308     0.000     0.057    -2.510     1.960     1.171  1026.524 85411.065    34.439    10.079     0.020     1.000
        44     1.184     0.307     0.000     0.059    -2.516     2.044     1.184  1026.495 84490.114    34.404    10.084     0.020     1.000
        45     1.197     0.307     0.000     0.062    -2.523     2.133     1.197  1026.465 83513.730    34.366    10.089     0.020     1.000
        46     1.212     0.306     0.000     0.064    -2.530     2.228     1.212  1026.433 82477.179    34.327    10.095     0.020     1.000
        47     1.229     0.306     0.000     0.067    -2.538     2.328     1.229  1026.399 81375.184    34.284    10.100     0.020     1.000
        48     1.247     0.306     0.000     0.070    -2.547     2.436     1.247  1026.363 80201.835    34.239    10.107     0.020     1.000
        49     1.267     0.306     0.000     0.073    -2.557     2.552     1.267  1026.324 78950.490    34.191    10.113     0.020     1.000
        50     1.288     0.307     0.000     0.077    -2.567     2.676     1.288  1026.283 77611.460    34.140    10.120     0.020     1.000
        51     1.313     0.307     0.000     0.080    -2.579     2.810     1.313  1026.239 76173.548    34.085    10.127     0.020     1.000
        52     1.339     0.308     0.000     0.084    -2.591     2.951     1.339  1026.193 74676.600    34.027    10.135     0.020     1.000
        53     1.366     0.309     0.000     0.088    -2.603     3.091     1.366  1026.148 73209.136    33.971    10.142     0.020     1.000
        54     1.393     0.310     0.000     0.092    -2.616     3.231     1.393  1026.104 71770.573    33.916    10.149     0.020     1.000
        55     1.421     0.311     0.000     0.095    -2.628     3.369     1.421  1026.060 70360.339    33.862    10.156     0.020     1.000
        56     1.450     0.312     0.000     0.099    -2.641     3.507     1.450  1026.018 68977.875    33.809    10.163     0.020     1.000
        57     1.479     0.314     0.000     0.103    -2.654     3.645     1.479  1025.977 67622.630    33.757    10.170     0.020     1.000
        58     1.508     0.316     0.000     0.106    -2.667     3.782     1.508  1025.936 66294.068    33.706    10.176     0.020     1.000
        59     1.539     0.318     0.000     0.110    -2.680     3.919     1.539  1025.896 64991.659    33.656    10.182     0.020     1.000
        60     1.569     0.320     0.000     0.113    -2.693     4.057     1.569  1025.857 63714.889    33.607    10.188     0.020     1.000
        61     1.601     0.322     0.000     0.117    -2.706     4.194     1.601  1025.819 62463.249    33.560    10.194     0.020     1.000
        62     1.633     0.324     0.000     0.121    -2.719     4.332     1.633  1025.781 61236.243    33.513    10.200     0.020     1.000
        63     1.666     0.326     0.000     0.124    -2.732     4.471     1.666  1025.745 60033.386    33.467    10.205     0.020     1.000
        64     1.699     0.329     0.000     0.128    -2.746     4.610     1.699  1025.709 58854.199    33.422    10.211     0.020     1.000
        65     1.733     0.331     0.000     0.131    -2.760     4.749     1.733  1025.674 57698.215    33.378    10.216     0.020     1.000
        66     1.768     0.334     0.000     0.135    -2.773     4.889     1.768  1025.639 56564.977    33.335    10.221     0.020     1.000
        67     1.803     0.337     0.000     0.138    -2.787     5.030     1.803  1025.605 55454.034    33.292    10.225     0.020     1.000
        68     1.839     0.339     0.000     0.142    -2.801     5.172     1.839  1025.572 54364.948    33.251    10.230     0.020     1.000
        69     1.876     0.342     0.000     0.146    -2.815     5.315     1.876  1025.540 53297.286    33.210    10.235     0.020     1.000
        70     1.914     0.345     0.000     0.149    -2.830     5.459     1.914  1025.508 52250.625    33.170    10.239     0.020     1.000
        71     1.952     0.348     0.000     0.153    -2.844     5.603     1.952  1025.477 51224.552    33.131    10.243     0.020     1.000
        72     1.991     0.352     0.000     0.156    -2.859     5.749     1.991  1025.447 50218.660    33.093    10.247     0.020     1.000
        73     2.031     0.355     0.000     0.160    -2.873     5.896     2.031  1025.417 49232.551    33.056    10.251     0.020     1.016
        74     2.072     0.358     0.000     0.164    -2.888     6.045     2.072  1025.388 48265.835    33.019    10.254     0.020     1.036
        75     2.113     0.362     0.000     0.167    -2.903     6.194     2.113  1025.359 47318.128    32.983    10.258     0.020     1.057
        76     2.156     0.365     0.000     0.171    -2.918     6.345     2.156  1025.331 46389.057    32.948    10.261     0.020     1.078
        77     2.199     0.369     0.000     0.175    -2.933     6.497     2.199  1025.304 45478.254    32.913    10.264     0.020     1.099
        78     2.243     0.372     0.000     0.178    -2.949     6.651     2.243  1025.277 44585.359    32.880    10.268     0.020     1.121
        79     2.288     0.376     0.000     0.182    -2.964     6.806     2.288  1025.251 43710.018    32.847    10.271     0.020     1.144
        80     2.334     0.380     0.000     0.186    -2.980     6.963     2.334  1025.225 42851.886    32.814    10.273     0.020     1.167
        81     2.380     0.384     0.000     0.190    -2.996     7.122     2.380  1025.200 42010.623    32.783    10.276     0.020     1.190
        82     2.428     0.388     0.000     0.194    -3.012     7.282     2.428  1025.175 41185.897    32.751    10.279     0.020     1.214
        83     2.477     0.392     0.000     0.197    -3.028     7.444     2.477  1025.151 40377.382    32.721    10.281     0.020     1.238
        84     2.526     0.396     0.000     0.201    -3.044     7.607     2.526  1025.128 39584.757    32.691    10.283     0.020     1.263
        85     2.577     0.400     0.000     0.205    -3.061     7.773     2.577  1025.105 38807.711    32.662    10.285     0.020     1.288
        86     2.628     0.404     0.000     0.209    -3.077     7.940     2.628  1025.082 38045.935    32.633    10.287     0.020     1.314
        87     2.681     0.409     0.000     0.213    -3.094     8.109     2.681  1025.060 37299.129    32.605    10.289     0.020     1.341
        88     2.735     0.413     0.000     0.217    -3.111     8.280     2.735  1025.038 36566.998    32.578    10.291     0.020     1.367
        89     2.789     0.418     0.000     0.221    -3.128     8.454     2.789  1025.017 35849.253    32.551    10.293     0.020     1.395
        90     2.845     0.422     0.000     0.225    -3.145     8.629     2.845  1024.996 35145.611    32.524    10.294     0.020     1.423
        91     2.902     0.427     0.000     0.229    -3.163     8.806     2.902  1024.976 34455.794    32.498    10.296     0.020     1.451
        92     2.960     0.432     0.000     0.234    -3.181     8.985     2.960  1024.955 33779.530    32.473    10.297     0.020     1.480
        93     3.020     0.436     0.000     0.238    -3.198     9.167     3.020  1024.936 33116.552    32.448    10.299     0.020     1.510
        94     3.080     0.441     0.000     0.242    -3.216     9.351     3.080  1024.917 32466.599    32.423    10.300     0.020     1.540
        95     3.142     0.446     0.000     0.246    -3.235     9.537     3.142  1024.898 31829.414    32.399    10.301     0.020     1.571
        96     3.205     0.451     0.000     0.251    -3.253     9.726     3.205  1024.879 31204.746    32.376    10.302     0.020     1.602
        97     3.269     0.456     0.000     0.255    -3.271     9.917     3.269  1024.861 30592.349    32.353    10.303     0.020     1.634
        98     3.334     0.461     0.000     0.260    -3.290    10.110     3.334  1024.844 29991.981    32.330    10.303     0.020     1.667
        99     3.401     0.467     0.000     0.264    -3.309    10.306     3.401  1024.826 29403.406    32.308    10.304     0.020     1.700
       100     3.469     0.472     0.000     0.269    -3.328    10.504     3.469  1024.809 28826.390    32.286    10.304     0.020     1.735
       101     3.538     0.477     0.000     0.273    -3.347    10.705     3.538  1024.793 28260.708    32.265    10.305     0.020     1.769
       102     3.609     0.483     0.000     0.278    -3.367    10.909     3.609  1024.776 27706.136    32.244    10.305     0.020     1.805
       103     3.682     0.488     0.000     0.282    -3.387    11.115     3.682  1024.760 27162.455    32.224    10.305     0.020     1.841
       104     3.755     0.494     0.000     0.287    -3.406    11.324     3.755  1024.745 26629.452    32.204    10.306     0.020     1.878
       105     3.830     0.500     0.000     0.292    -3.427    11.535     3.830  1024.729 26106.916    32.184    10.306     0.020     1.915
       106     3.907     0.505     0.000     0.297    -3.447    11.750     3.907  1024.714 25594.641    32.165    10.306     0.020     1.954
       107     3.985     0.511     0.000     0.301    -3.467    11.967     3.985  1024.700 25092.426    32.146    10.306     0.020     1.993
       108     4.065     0.517     0.000     0.306    -3.488    12.188     4.065  1024.685 24600.072    32.127    10.305     0.020     2.033
       109     4.146     0.523     0.000     0.311    -3.509    12.411     4.146  1024.671 24117.386    32.109    10.305     0.020     2.073
       110     4.229     0.529     0.000     0.316    -3.530    12.638     4.229  1024.657 23644.178    32.091    10.305     0.020     2.115
       111     4.314     0.536     0.000     0.322    -3.551    12.867     4.314  1024.644 23180.261    32.074    10.304     0.020     2.157
       112     4.400     0.542     0.000     0.327    -3.573    13.100     4.400  1024.631 22725.453    32.057    10.304     0.020     2.200
       113     4.488     0.548     0.000     0.332    -3.594    13.335     4.488  1024.618 22279.574    32.040    10.303     0.020     2.244
       114     4.578     0.555     0.000     0.337    -3.616    13.575     4.578  1024.605 21842.450    32.023    10.302     0.020     2.289
       115     4.670     0.561     0.000     0.343    -3.638    13.817     4.670  1024.593 21413.907    32.007    10.301     0.020     2.335
       116     4.763     0.568     0.000     0.348    -3.661    14.063     4.763  1024.581 20993.778    31.991    10.300     0.020     2.382
       117     4.859     0.575     0.000     0.353    -3.683    14.312     4.859  1024.569 20581.896    31.976    10.299     0.020     2.429
       118     4.956     0.582     0.000     0.359    -3.706    14.565     4.956  1024.557 20178.100    31.961    10.298     0.020     2.478
       119     5.055     0.589     0.000     0.365    -3.729    14.821     5.055  1024.546 19782.231    31.946    10.297     0.020     2.528
       120     5.156     0.596     0.000     0.370    -3.752    15.081     5.156  1024.534 19394.133    31.931    10.296     0.020     2.578
       121     5.259     0.603     0.000     0.376    -3.776    15.345     5.259  1024.524 19013.653    31.917    10.294     0.020     2.630
       122     5.365     0.610     0.000     0.382    -3.800    15.612     5.365  1024.513 18640.642    31.903    10.293     0.020     2.682
       123     5.472     0.617     0.000     0.388    -3.824    15.883     5.472  1024.502 18274.953    31.889    10.292     0.020     2.736
       124     5.581     0.625     0.000     0.394    -3.848    16.158     5.581  1024.492 17916.441    31.875    10.290     0.020     2.791
       125     5.693     0.632     0.000     0.400    -3.872    16.437     5.693  1024.482 17564.967    31.862    10.288     0.020     2.847
       126     5.807     0.640     0.000     0.406    -3.897    16.720     5.807  1024.472 17220.391    31.849    10.287     0.020     2.904
       127     5.923     0.648     0.000     0.412    -3.922    17.007     5.923  1024.463 16882.578    31.836    10.285     0.020     2.962
       128     6.042     0.656     0.000     0.418    -3.947    17.298     6.042  1024.453 16551.395    31.824    10.283     0.020     3.021
       129     6.163     0.664     0.000     0.425    -3.972    17.593     6.163  1024.444 16226.713    31.812    10.281     0.020     3.081
       130     6.286     0.672     0.000     0.431    -3.998    17.893     6.286  1024.435 15908.403    31.800    10.279     0.020     3.143
       131     6.412     0.680     0.000     0.438    -4.024    18.197     6.412  1024.426 15596.339    31.788    10.277     0.020     3.206
       132     6.540     0.688     0.000     0.444    -4.050    18.505     6.540  1024.418 15290.401    31.776    10.274     0.020     3.270
       133     6.671     0.697     0.000     0.451    -4.077    18.818     6.671  1024.409 14990.466    31.765    10.272     0.020     3.335
       134     6.804     0.705     0.000     0.458    -4.103    19.136     6.804  1024.401 14696.417    31.754    10.270     0.020     3.402
       135     6.941     0.714     0.000     0.465    -4.130    19.458     6.941  1024.393 14408.139    31.743    10.267     0.020     3.470
       136     7.079     0.723     0.000     0.472    -4.157    19.785     7.079  1024.385 14125.518    31.733    10.265     0.020     3.540
       137     7.221     0.732     0.000     0.479    -4.185    20.116     7.221  1024.378 13848.443    31.722    10.262     0.020     3.611
       138     7.366     0.741     0.000     0.486    -4.213    20.453     7.366  1024.370 13576.806    31.712    10.260     0.020     3.683
       139     7.513     0.750     0.000     0.493    -4.241    20.794     7.513  1024.363 13310.498    31.702    10.257     0.020     3.756
       140     7.663     0.759     0.000     0.501    -4.269    21.141     7.663  1024.356 13049.417    31.692    10.254     0.020     3.832
       141     7.816     0.768     0.000     0.508    -4.297    21.493     7.816  1024.349 12793.458    31.682    10.251     0.020     3.908
       142     7.973     0.778     0.000     0.516    -4.326    21.850     7.973  1024.342 12542.522    31.673    10.248     0.020     3.986
       143     8.132     0.788     0.000     0.523    -4.355    22.212     8.132  1024.335 12296.510    31.664    10.245     0.020     4.066
       144     8.295     0.797     0.000     0.531    -4.385    22.579     8.295  1024.328 12055.325    31.654    10.242     0.020     4.148
       145     8.461     0.807     0.000     0.539    -4.414    22.953     8.461  1024.322 11818.872    31.646    10.239     0.020     4.231
       146     8.630     0.818     0.000     0.547    -4.444    23.331     8.630  1024.316 11587.059    31.637    10.236     0.020     4.315
       147     8.803     0.828     0.000     0.555    -4.474    23.716     8.803  1024.310 11359.794    31.628    10.232     0.020     4.401
       148     8.979     0.838     0.000     0.563    -4.505    24.106     8.979  1024.304 11136.988    31.620    10.229     0.020     4.490
       149     9.159     0.849     0.000     0.572    -4.536    24.502     9.159  1024.298 10918.554    31.612    10.225     0.020     4.579
       150     9.342     0.859     0.000     0.580    -4.567    24.904     9.342  1024.292 10704.405    31.604    10.222     0.020     4.671
       151     9.529     0.870     0.000     0.589    -4.598    25.312     9.529  1024.287 10494.458    31.596    10.218     0.020     4.764
       152     9.719     0.881     0.000     0.597    -4.630    25.726     9.719  1024.281 10288.630    31.588    10.214     0.020     4.860
       153     9.914     0.892     0.000     0.606    -4.662    26.147     9.914  1024.276 10086.840    31.580    10.211     0.020     4.957
       154    10.112     0.904     0.000     0.615    -4.694    26.574    10.112  1024.271  9889.009    31.573    10.207     0.020     5.056
       155    10.315     0.915     0.000     0.624    -4.727    27.007    10.315  1024.266  9695.059    31.566    10.203     0.020     5.157
       156    10.521     0.927     0.000     0.633    -4.759    27.447    10.521  1024.261  9504.914    31.558    10.199     0.020     5.260
       157    10.731     0.938     0.000     0.643    -4.793    27.894    10.731  1024.256  9318.500    31.551    10.195     0.020     5.366
       158    10.946     0.950     0.000     0.652    -4.826    28.348    10.946  1024.251  9135.743    31.544    10.191     0.020     5.473
       159    11.165     0.963     0.000     0.662    -4.860    28.808    11.165  1024.247  8956.570    31.538    10.186     0.020     5.582
       160    11.388     0.975     0.000     0.671    -4.894    29.276    11.388  1024.242  8780.913    31.531    10.182     0.020     5.694
       161    11.616     0.987     0.000     0.681    -4.928    29.751    11.616  1024.238  8608.702    31.525    10.178     0.020     5.808
       162    11.849     1.000     0.000     0.691    -4.963    30.233    11.849  1024.234  8439.869    31.518    10.173     0.020     5.924
       163    12.086     1.013     0.000     0.702    -4.998    30.723    12.086  1024.230  8274.349    31.512    10.169     0.020     6.043
       164    12.327     1.026     0.000     0.712    -5.034    31.220    12.327  1024.226  8112.075    31.506    10.164     0.020     6.164
       165    12.574     1.039     0.000     0.722    -5.069    31.725    12.574  1024.222  7952.984    31.500    10.160     0.020     6.287
       166    12.825     1.053     0.000     0.733    -5.105    32.238    12.825  1024.218  7797.015    31.494    10.155     0.020     6.413
       167    13.082     1.066     0.000     0.744    -5.142    32.759    13.082  1024.214  7644.104    31.488    10.150     0.020     6.541
       168    13.344     1.080     0.000     0.755    -5.178    33.288    13.344  1024.211  7494.194    31.483    10.145     0.020     6.672
       169    13.611     1.094     0.000     0.766    -5.215    33.825    13.611  1024.207  7347.224    31.477    10.140     0.020     6.805
       170    13.883     1.109     0.000     0.777    -5.253    34.371    13.883  1024.204  7203.137    31.472    10.135     0.020     6.941
       171    14.161     1.123     0.000     0.789    -5.290    34.925    14.161  1024.201  7061.876    31.466    10.130     0.020     7.080
       172    14.444     1.138     0.000     0.800    -5.328    35.488    14.444  1024.197  6923.386    31.461    10.125     0.020     7.222
       173    14.733     1.153     0.000     0.812    -5.367    36.061    14.733  1024.194  6787.613    31.456    10.120     0.020     7.366
       174    15.027     1.168     0.000     0.824    -5.405    36.642    15.027  1024.191  6654.503    31.451    10.114     0.020     7.514
       175    15.328     1.183     0.000     0.836    -5.445    37.232    15.328  1024.188  6524.004    31.446    10.109     0.020     7.664
       176    15.635     1.199     0.000     0.849    -5.484    37.832    15.635  1024.186  6396.064    31.441    10.104     0.020     7.817
       177    15.947     1.215     0.000     0.861    -5.524    38.441    15.947  1024.183  6270.634    31.436    10.098     0.020     7.974
       178    16.266     1.231     0.000     0.874    -5.564    39.061    16.266  1024.180  6147.664    31.432    10.092     0.020     8.133
       179    16.592     1.248     0.000     0.887    -5.604    39.690    16.592  1024.177  6027.107    31.427    10.087     0.020     8.296
       180    16.924     1.264     0.000     0.900    -5.645    40.329    16.924  1024.175  5908.914    31.423    10.081     0.020     8.462
       181    17.262     1.281     0.000     0.913    -5.686    40.979    17.262  1024.173  5793.039    31.418    10.075     0.020     8.631
       182    17.607     1.299     0.000     0.927    -5.727    41.639    17.607  1024.170  5679.437    31.414    10.069     0.020     8.804
       183    17.960     1.316     0.000     0.941    -5.769    42.310    17.960  1024.168  5568.063    31.410    10.063     0.020     8.980
       184    18.319     1.334     0.000     0.955    -5.811    42.992    18.319  1024.166  5458.873    31.406    10.057     0.020     9.159
       185    18.685     1.352     0.000     0.969    -5.853    43.685    18.685  1024.164  5351.825    31.402    10.051     0.020     9.343
       186    19.059     1.371     0.000     0.983    -5.896    44.390    19.059  1024.161  5246.877    31.398    10.045     0.020     9.529
       187    19.440     1.390     0.000     0.998    -5.939    45.106    19.440  1024.159  5143.987    31.394    10.039     0.020     9.720
       188    19.829     1.409     0.000     1.013    -5.983    45.834    19.829  1024.158  5043.115    31.390    10.032     0.020     9.915
       189    20.226     1.428     0.000     1.028    -6.027    46.574    20.226  1024.156  4944.222    31.386    10.026     0.020    10.113
       190    20.630     1.448     0.000     1.043    -6.071    47.326    20.630  1024.154  4847.268    31.383    10.019     0.020    10.315
       191    21.043     1.468     0.000     1.059    -6.115    48.091    21.043  1024.152  4752.216    31.379    10.013     0.020    10.521
       192    21.464     1.489     0.000     1.075    -6.160    48.870    21.464  1024.151  4659.028    31.376    10.006     0.020    10.732
       193    21.893     1.510     0.000     1.091    -6.205    49.661    21.893  1024.149  4567.669    31.373    10.000     0.020    10.947
       194    22.331     1.533     0.000     1.108    -6.250    50.466    22.331  1024.148  4478.101    31.370     9.994     0.020    11.165
       195    22.778     1.556     0.000     1.124    -6.296    51.284    22.778  1024.147  4390.291    31.367     9.987     0.020    11.389
       196    23.233     1.580     0.000     1.141    -6.342    52.117    23.233  1024.146  4304.203    31.365     9.981     0.020    11.617
       197    23.698     1.605     0.000     1.159    -6.388    52.965    23.698  1024.146  4219.804    31.363     9.975     0.020    11.849
       198    24.172     1.631     0.000     1.176    -6.434    53.828    24.172  1024.145  4137.060    31.361     9.969     0.020    12.086
       199    24.655     1.658     0.000     1.194    -6.480    54.708    24.655  1024.144  4055.939    31.359     9.963     0.020    12.328
       200    25.148     1.686     0.000     1.212    -6.526    55.605    25.148  1024.144  3976.410    31.357     9.957     0.020    12.574
       201    25.651     1.716     0.000     1.231    -6.572    56.519    25.651  1024.144  3898.440    31.355     9.951     0.020    12.826
       202    26.164     1.746     0.000     1.250    -6.619    57.451    26.164  1024.144  3822.000    31.354     9.945     0.020    13.082
---------------------------- Plume traps -----------------------------
       203    26.688     1.778     0.000     1.269    -6.665    58.401    26.688  1024.144  3747.059    31.353     9.939     0.020    13.344
       204    27.206     1.811     0.000     1.289    -6.710    59.343    27.206  1024.144  3675.684    31.352     9.933     0.020    13.603
       205    27.696     1.844     0.000     1.307    -6.751    60.233    27.696  1024.144  3610.567    31.351     9.928     0.020    13.848
       206    28.161     1.876     0.000     1.324    -6.790    61.071    28.161  1024.145  3551.008    31.351     9.923     0.020    14.081
       207    28.600     1.907     0.000     1.340    -6.825    61.861    28.600  1024.145  3496.565    31.350     9.918     0.020    14.300
       208    29.016     1.937     0.000     1.355    -6.858    62.608    29.016  1024.146  3446.386    31.350     9.914     0.020    14.508
       209    29.412     1.966     0.000     1.369    -6.889    63.319    29.412  1024.146  3399.927    31.350     9.910     0.020    14.706
       210    29.791     1.994     0.000     1.383    -6.917    63.997    29.791  1024.147  3356.668    31.350     9.906     0.020    14.896
       211    30.155     2.022     0.000     1.396    -6.944    64.645    30.155  1024.147  3316.230    31.350     9.903     0.020    15.077
       212    30.504     2.049     0.000     1.409    -6.970    65.266    30.504  1024.148  3278.280    31.350     9.900     0.020    15.252
       213    30.840     2.076     0.000     1.421    -6.994    65.863    30.840  1024.148  3242.551    31.350     9.896     0.020    15.420
       214    31.164     2.102     0.000     1.433    -7.016    66.436    31.164  1024.149  3208.810    31.350     9.893     0.020    15.582
       215    31.478     2.128     0.000     1.444    -7.037    66.989    31.478  1024.150  3176.860    31.350     9.891     0.020    15.739
       216    31.781     2.153     0.000     1.455    -7.058    67.522    31.781  1024.150  3146.530    31.350     9.888     0.020    15.891
       217    32.075     2.178     0.000     1.465    -7.077    68.036    32.075  1024.151  3117.672    31.351     9.885     0.020    16.038
       218    32.361     2.203     0.000     1.475    -7.095    68.533    32.361  1024.151  3090.154    31.351     9.883     0.020    16.180
       219    32.639     2.227     0.000     1.485    -7.112    69.015    32.639  1024.152  3063.861    31.351     9.880     0.020    16.319
       220    32.909     2.251     0.000     1.495    -7.129    69.481    32.909  1024.153  3038.692    31.351     9.878     0.020    16.454
       221    33.172     2.274     0.000     1.504    -7.145    69.933    33.172  1024.153  3014.555    31.352     9.876     0.020    16.586
       222    33.429     2.298     0.000     1.513    -7.160    70.372    33.429  1024.154  2991.370    31.352     9.874     0.020    16.715
       223    33.681     2.321     0.000     1.521    -7.174    70.798    33.681  1024.154  2969.064    31.352     9.872     0.020    16.840
       224    33.926     2.343     0.000     1.530    -7.188    71.212    33.926  1024.155  2947.571    31.352     9.870     0.020    16.963
       225    34.156     2.365     0.000     1.538    -7.201    71.614    34.156  1024.155  2927.783    31.353     9.868     0.020    17.078
       226    34.377     2.387     0.000     1.546    -7.214    72.014    34.377  1024.156  2908.915    31.353     9.866     0.020    17.189
       227    34.587     2.408     0.000     1.554    -7.226    72.409    34.587  1024.156  2891.260    31.353     9.864     0.020    17.293
       228    34.789     2.428     0.000     1.562    -7.238    72.800    34.789  1024.157  2874.457    31.354     9.863     0.020    17.395
       229    34.982     2.448     0.000     1.570    -7.250    73.186    34.982  1024.157  2858.651    31.354     9.861     0.020    17.491
       230    35.166     2.468     0.000     1.577    -7.262    73.568    35.166  1024.158  2843.663    31.354     9.860     0.020    17.583
       231    35.342     2.488     0.000     1.585    -7.273    73.945    35.342  1024.158  2829.532    31.354     9.858     0.020    17.671
       232    35.509     2.507     0.000     1.593    -7.284    74.317    35.509  1024.159  2816.156    31.355     9.857     0.020    17.755
       233    35.669     2.525     0.000     1.600    -7.294    74.684    35.669  1024.159  2803.526    31.355     9.856     0.020    17.835
       234    35.822     2.544     0.000     1.607    -7.305    75.046    35.822  1024.159  2791.578    31.355     9.855     0.020    17.911
       235    35.968     2.562     0.000     1.615    -7.315    75.402    35.968  1024.160  2780.286    31.355     9.854     0.020    17.984
       236    36.106     2.580     0.000     1.622    -7.324    75.754    36.106  1024.160  2769.602    31.356     9.853     0.020    18.053
       237    36.239     2.597     0.000     1.629    -7.334    76.100    36.239  1024.160  2759.496    31.356     9.852     0.020    18.119
       238    36.365     2.614     0.000     1.636    -7.343    76.440    36.365  1024.161  2749.930    31.356     9.851     0.020    18.182
       239    36.485     2.631     0.000     1.642    -7.352    76.776    36.485  1024.161  2740.873    31.356     9.850     0.020    18.242
       240    36.599     2.647     0.000     1.649    -7.360    77.106    36.599  1024.161  2732.295    31.357     9.849     0.020    18.300
       241    36.708     2.664     0.000     1.656    -7.369    77.431    36.708  1024.162  2724.166    31.357     9.848     0.020    18.354
       242    36.813     2.680     0.000     1.662    -7.377    77.751    36.813  1024.162  2716.460    31.357     9.847     0.020    18.406
       243    36.912     2.695     0.000     1.669    -7.385    78.065    36.912  1024.162  2709.150    31.357     9.847     0.020    18.456
       244    37.007     2.711     0.000     1.675    -7.392    78.375    37.007  1024.162  2702.212    31.357     9.846     0.020    18.503
       245    37.097     2.726     0.000     1.681    -7.399    78.680    37.097  1024.163  2695.625    31.358     9.845     0.020    18.549
       246    37.183     2.741     0.000     1.687    -7.407    78.979    37.183  1024.163  2689.366    31.358     9.845     0.020    18.592
       247    37.266     2.755     0.000     1.693    -7.413    79.274    37.266  1024.163  2683.416    31.358     9.844     0.020    18.633
       248    37.345     2.770     0.000     1.699    -7.420    79.564    37.345  1024.163  2677.757    31.358     9.843     0.020    18.672
       249    37.420     2.784     0.000     1.705    -7.427    79.849    37.420  1024.164  2672.370    31.358     9.843     0.020    18.710
       250    37.492     2.798     0.000     1.710    -7.433    80.130    37.492  1024.164  2667.240    31.358     9.842     0.020    18.746
       251    37.561     2.812     0.000     1.716    -7.439    80.406    37.561  1024.164  2662.352    31.359     9.842     0.020    18.780
       252    37.627     2.825     0.000     1.721    -7.445    80.678    37.627  1024.164  2657.690    31.359     9.841     0.020    18.813
       253    37.690     2.838     0.000     1.727    -7.451    80.946    37.690  1024.164  2653.243    31.359     9.841     0.020    18.845
       254    37.750     2.852     0.000     1.732    -7.456    81.209    37.750  1024.165  2648.997    31.359     9.840     0.020    18.875
       255    37.808     2.865     0.000     1.737    -7.462    81.468    37.808  1024.165  2644.940    31.359     9.840     0.020    18.904
       256    37.864     2.877     0.000     1.743    -7.467    81.723    37.864  1024.165  2641.063    31.359     9.840     0.020    18.932
       257    37.917     2.890     0.000     1.748    -7.472    81.974    37.917  1024.165  2637.355    31.359     9.839     0.020    18.958
       258    37.968     2.902     0.000     1.753    -7.477    82.221    37.968  1024.165  2633.805    31.359     9.839     0.020    18.984
       259    38.017     2.914     0.000     1.758    -7.482    82.465    38.017  1024.165  2630.407    31.360     9.839     0.020    19.008
       260    38.064     2.926     0.000     1.763    -7.487    82.705    38.064  1024.165  2627.150    31.360     9.838     0.020    19.032
       261    38.109     2.938     0.000     1.767    -7.491    82.941    38.109  1024.166  2624.028    31.360     9.838     0.020    19.055
       262    38.153     2.950     0.000     1.772    -7.496    83.174    38.153  1024.166  2621.033    31.360     9.838     0.020    19.076
       263    38.195     2.962     0.000     1.777    -7.500    83.403    38.195  1024.166  2618.159    31.360     9.837     0.020    19.097
       264    38.235     2.973     0.000     1.781    -7.504    83.629    38.235  1024.166  2615.398    31.360     9.837     0.020    19.118
       265    38.274     2.984     0.000     1.786    -7.508    83.852    38.274  1024.166  2612.746    31.360     9.837     0.020    19.137
       266    38.311     2.995     0.000     1.790    -7.512    84.072    38.311  1024.166  2610.196    31.360     9.836     0.020    19.156
       267    38.347     3.006     0.000     1.795    -7.516    84.289    38.347  1024.166  2607.744    31.360     9.836     0.020    19.174
       268    38.382     3.017     0.000     1.799    -7.520    84.502    38.382  1024.166  2605.384    31.360     9.836     0.020    19.191
       269    38.416     3.027     0.000     1.803    -7.523    84.713    38.416  1024.166  2603.111    31.360     9.836     0.020    19.208
       270    38.448     3.038     0.000     1.807    -7.527    84.921    38.448  1024.167  2600.923    31.361     9.835     0.020    19.224
       271    38.479     3.048     0.000     1.812    -7.530    85.126    38.479  1024.167  2598.813    31.361     9.835     0.020    19.240
       272    38.509     3.058     0.000     1.816    -7.533    85.329    38.509  1024.167  2596.780    31.361     9.835     0.020    19.255
       273    38.538     3.068     0.000     1.820    -7.537    85.529    38.538  1024.167  2594.818    31.361     9.835     0.020    19.269
       274    38.566     3.078     0.000     1.824    -7.540    85.726    38.566  1024.167  2592.925    31.361     9.835     0.020    19.283
       275    38.594     3.088     0.000     1.828    -7.543    85.921    38.594  1024.167  2591.098    31.361     9.834     0.020    19.297
       276    38.620     3.098     0.000     1.832    -7.546    86.113    38.620  1024.167  2589.334    31.361     9.834     0.020    19.310
       277    38.645     3.107     0.000     1.835    -7.549    86.304    38.645  1024.167  2587.629    31.361     9.834     0.020    19.323
       278    38.670     3.117     0.000     1.839    -7.552    86.491    38.670  1024.167  2585.981    31.361     9.834     0.020    19.335
       279    38.694     3.126     0.000     1.843    -7.554    86.677    38.694  1024.167  2584.388    31.361     9.834     0.020    19.347
       280    38.717     3.135     0.000     1.847    -7.557    86.861    38.717  1024.167  2582.847    31.361     9.834     0.020    19.358
       281    38.739     3.144     0.000     1.850    -7.560    87.042    38.739  1024.167  2581.356    31.361     9.833     0.020    19.370
       282    38.761     3.153     0.000     1.854    -7.562    87.221    38.761  1024.168  2579.914    31.361     9.833     0.020    19.380
       283    38.782     3.162     0.000     1.858    -7.565    87.398    38.782  1024.168  2578.517    31.361     9.833     0.020    19.391
       284    38.802     3.170     0.000     1.861    -7.567    87.574    38.802  1024.168  2577.164    31.361     9.833     0.020    19.401
       285    38.822     3.179     0.000     1.865    -7.569    87.747    38.822  1024.168  2575.854    31.361     9.833     0.020    19.411
       286    38.841     3.187     0.000     1.868    -7.572    87.919    38.841  1024.168  2574.584    31.362     9.833     0.020    19.421
       287    38.860     3.195     0.000     1.872    -7.574    88.089    38.860  1024.168  2573.353    31.362     9.833     0.020    19.430
       288    38.878     3.203     0.000     1.875    -7.576    88.257    38.878  1024.168  2572.160    31.362     9.832     0.020    19.439
       289    38.895     3.211     0.000     1.878    -7.578    88.423    38.895  1024.168  2571.003    31.362     9.832     0.020    19.448
       290    38.912     3.219     0.000     1.882    -7.580    88.588    38.912  1024.168  2569.880    31.362     9.832     0.020    19.456
       291    38.929     3.227     0.000     1.885    -7.582    88.751    38.929  1024.168  2568.792    31.362     9.832     0.020    19.464
       292    38.945     3.235     0.000     1.888    -7.584    88.912    38.945  1024.168  2567.735    31.362     9.832     0.020    19.472
       293    38.960     3.242     0.000     1.891    -7.586    89.072    38.960  1024.168  2566.709    31.362     9.832     0.020    19.480
       294    38.976     3.250     0.000     1.895    -7.588    89.230    38.976  1024.168  2565.714    31.362     9.832     0.020    19.488
       295    38.990     3.257     0.000     1.898    -7.590    89.387    38.990  1024.168  2564.747    31.362     9.832     0.020    19.495
       296    39.004     3.264     0.000     1.901    -7.591    89.543    39.004  1024.168  2563.809    31.362     9.832     0.020    19.502
       297    39.018     3.271     0.000     1.904    -7.593    89.697    39.018  1024.168  2562.897    31.362     9.831     0.020    19.509
       298    39.032     3.278     0.000     1.907    -7.595    89.850    39.032  1024.168  2562.011    31.362     9.831     0.020    19.516
       299    39.045     3.285     0.000     1.910    -7.596    90.001    39.045  1024.168  2561.151    31.362     9.831     0.020    19.522
       300    39.058     3.292     0.000     1.913    -7.598    90.151    39.058  1024.168  2560.315    31.362     9.831     0.020    19.529
       301    39.070     3.299     0.000     1.916    -7.600    90.300    39.070  1024.169  2559.502    31.362     9.831     0.020    19.535
       302    39.082     3.305     0.000     1.919    -7.601    90.448    39.082  1024.169  2558.713    31.362     9.831     0.020    19.541
       303    39.094     3.312     0.000     1.922    -7.603    90.594    39.094  1024.169  2557.945    31.362     9.831     0.020    19.547
       304    39.105     3.318     0.000     1.925    -7.604    90.740    39.105  1024.169  2557.199    31.362     9.831     0.020    19.553
       305    39.116     3.324     0.000     1.928    -7.605    90.884    39.116  1024.169  2556.474    31.362     9.831     0.020    19.558
       306    39.127     3.331     0.000     1.931    -7.607    91.027    39.127  1024.169  2555.769    31.362     9.831     0.020    19.564
       307    39.138     3.337     0.000     1.934    -7.608    91.169    39.138  1024.169  2555.084    31.362     9.831     0.020    19.569
       308    39.148     3.343     0.000     1.937    -7.609    91.310    39.148  1024.169  2554.417    31.362     9.831     0.020    19.574
       309    39.158     3.348     0.000     1.940    -7.611    91.450    39.158  1024.169  2553.770    31.362     9.830     0.020    19.579
       310    39.167     3.354     0.000     1.942    -7.612    91.589    39.167  1024.169  2553.140    31.362     9.830     0.020    19.584
       311    39.177     3.360     0.000     1.945    -7.613    91.727    39.177  1024.169  2552.527    31.362     9.830     0.020    19.588
       312    39.186     3.365     0.000     1.948    -7.614    91.864    39.186  1024.169  2551.932    31.362     9.830     0.020    19.593
       313    39.195     3.371     0.000     1.951    -7.615    92.000    39.195  1024.169  2551.353    31.362     9.830     0.020    19.597
       314    39.204     3.376     0.000     1.953    -7.617    92.135    39.204  1024.169  2550.790    31.362     9.830     0.020    19.602
       315    39.212     3.381     0.000     1.956    -7.618    92.270    39.212  1024.169  2550.243    31.362     9.830     0.020    19.606
       316    39.220     3.386     0.000     1.959    -7.619    92.403    39.220  1024.169  2549.712    31.363     9.830     0.020    19.610
       317    39.228     3.391     0.000     1.962    -7.620    92.536    39.228  1024.169  2549.195    31.363     9.830     0.020    19.614
       318    39.236     3.396     0.000     1.964    -7.621    92.668    39.236  1024.169  2548.693    31.363     9.830     0.020    19.618
       319    39.243     3.401     0.000     1.967    -7.622    92.799    39.243  1024.169  2548.205    31.363     9.830     0.020    19.622
       320    39.251     3.406     0.000     1.970    -7.623    92.929    39.251  1024.169  2547.731    31.363     9.830     0.020    19.625
       321    39.258     3.411     0.000     1.972    -7.624    93.059    39.258  1024.169  2547.270    31.363     9.830     0.020    19.629
       322    39.265     3.415     0.000     1.975    -7.624    93.188    39.265  1024.169  2546.823    31.363     9.830     0.020    19.632
       323    39.271     3.419     0.000     1.977    -7.625    93.316    39.271  1024.169  2546.388    31.363     9.830     0.020    19.636
       324    39.278     3.424     0.000     1.980    -7.626    93.444    39.278  1024.169  2545.967    31.363     9.830     0.020    19.639
       325    39.284     3.428     0.000     1.983    -7.627    93.571    39.284  1024.169  2545.557    31.363     9.830     0.020    19.642
       326    39.290     3.432     0.000     1.985    -7.628    93.697    39.290  1024.169  2545.160    31.363     9.830     0.020    19.645
       327    39.296     3.436     0.000     1.988    -7.628    93.823    39.296  1024.169  2544.775    31.363     9.830     0.020    19.648
       328    39.302     3.440     0.000     1.990    -7.629    93.948    39.302  1024.169  2544.401    31.363     9.829     0.020    19.651
       329    39.308     3.444     0.000     1.993    -7.630    94.072    39.308  1024.169  2544.039    31.363     9.829     0.020    19.654
       330    39.313     3.448     0.000     1.995    -7.631    94.196    39.313  1024.169  2543.688    31.363     9.829     0.020    19.656
       331    39.318     3.451     0.000     1.998    -7.631    94.319    39.318  1024.169  2543.348    31.363     9.829     0.020    19.659
       332    39.323     3.455     0.000     2.000    -7.632    94.442    39.323  1024.169  2543.019    31.363     9.829     0.020    19.662
       333    39.328     3.458     0.000     2.003    -7.633    94.565    39.328  1024.169  2542.700    31.363     9.829     0.020    19.664
       334    39.333     3.462     0.000     2.005    -7.633    94.686    39.333  1024.169  2542.391    31.363     9.829     0.020    19.667
       335    39.338     3.465     0.000     2.008    -7.634    94.808    39.338  1024.169  2542.093    31.363     9.829     0.020    19.669
       336    39.342     3.468     0.000     2.010    -7.634    94.929    39.342  1024.169  2541.805    31.363     9.829     0.020    19.671
       337    39.346     3.471     0.000     2.012    -7.635    95.049    39.346  1024.169  2541.527    31.363     9.829     0.020    19.673
       338    39.351     3.474     0.000     2.015    -7.635    95.169    39.351  1024.169  2541.259    31.363     9.829     0.020    19.675
       339    39.355     3.477     0.000     2.017    -7.636    95.289    39.355  1024.169  2541.000    31.363     9.829     0.020    19.677
       340    39.358     3.480     0.000     2.020    -7.636    95.408    39.358  1024.169  2540.750    31.363     9.829     0.020    19.679
       341    39.362     3.483     0.000     2.022    -7.637    95.527    39.362  1024.169  2540.510    31.363     9.829     0.020    19.681
       342    39.366     3.485     0.000     2.025    -7.637    95.645    39.366  1024.169  2540.279    31.363     9.829     0.020    19.683
       343    39.369     3.488     0.000     2.027    -7.638    95.763    39.369  1024.169  2540.057    31.363     9.829     0.020    19.685
       344    39.372     3.490     0.000     2.029    -7.638    95.881    39.372  1024.170  2539.844    31.363     9.829     0.020    19.686
       345    39.376     3.493     0.000     2.032    -7.639    95.998    39.376  1024.170  2539.640    31.363     9.829     0.020    19.688
       346    39.379     3.495     0.000     2.034    -7.639    96.115    39.379  1024.170  2539.444    31.363     9.829     0.020    19.689
       347    39.382     3.497     0.000     2.036    -7.639    96.232    39.382  1024.170  2539.257    31.363     9.829     0.020    19.691
       348    39.384     3.499     0.000     2.039    -7.640    96.348    39.384  1024.170  2539.079    31.363     9.829     0.020    19.692
       349    39.387     3.501     0.000     2.041    -7.640    96.465    39.387  1024.170  2538.909    31.363     9.829     0.020    19.694
       350    39.390     3.503     0.000     2.043    -7.640    96.581    39.390  1024.170  2538.747    31.363     9.829     0.020    19.695
       351    39.392     3.505     0.000     2.046    -7.641    96.696    39.392  1024.170  2538.593    31.363     9.829     0.020    19.696
       352    39.394     3.506     0.000     2.048    -7.641    96.812    39.394  1024.170  2538.448    31.363     9.829     0.020    19.697
       353    39.396     3.508     0.000     2.050    -7.641    96.927    39.396  1024.170  2538.311    31.363     9.829     0.020    19.698
       354    39.398     3.509     0.000     2.053    -7.641    97.042    39.398  1024.170  2538.181    31.363     9.829     0.020    19.699
       355    39.400     3.511     0.000     2.055    -7.642    97.157    39.400  1024.170  2538.060    31.363     9.829     0.020    19.700
       356    39.402     3.512     0.000     2.057    -7.642    97.271    39.402  1024.170  2537.947    31.363     9.829     0.020    19.701
       357    39.404     3.513     0.000     2.060    -7.642    97.386    39.404  1024.170  2537.841    31.363     9.829     0.020    19.702
       358    39.405     3.514     0.000     2.062    -7.642    97.500    39.405  1024.170  2537.743    31.363     9.829     0.020    19.703
       359    39.406     3.515     0.000     2.064    -7.642    97.614    39.406  1024.170  2537.653    31.363     9.829     0.020    19.703
       360    39.408     3.516     0.000     2.067    -7.643    97.729    39.408  1024.170  2537.570    31.363     9.829     0.020    19.704
       361    39.409     3.517     0.000     2.069    -7.643    97.842    39.409  1024.170  2537.495    31.363     9.829     0.020    19.704
       362    39.410     3.518     0.000     2.071    -7.643    97.956    39.410  1024.170  2537.428    31.363     9.829     0.020    19.705
       363    39.411     3.519     0.000     2.074    -7.643    98.070    39.411  1024.170  2537.368    31.363     9.829     0.020    19.705
       364    39.412     3.519     0.000     2.076    -7.643    98.184    39.412  1024.170  2537.316    31.363     9.829     0.020    19.706
       365    39.412     3.520     0.000     2.078    -7.643    98.297    39.412  1024.170  2537.271    31.363     9.829     0.020    19.706
       366    39.413     3.520     0.000     2.081    -7.643    98.411    39.413  1024.170  2537.234    31.363     9.829     0.020    19.706
       367    39.413     3.520     0.000     2.083    -7.643    98.524    39.413  1024.170  2537.205    31.363     9.829     0.020    19.707
       368    39.414     3.521     0.000     2.085    -7.643    98.638    39.414  1024.170  2537.182    31.363     9.829     0.020    19.707
---------------------- Local maximum rise or fall --------------------
------------------------- merging happened ---------------------------
       369    39.414     3.521     0.000     2.087    -7.643    98.751    39.414  1024.170  2537.167    31.363     9.829     0.020    19.707
       370    39.414     3.521     0.000     2.090    -7.643    98.864    39.414  1024.170  2537.159    31.363     9.829     0.020    19.707
       371    39.414     3.521     0.000     2.092    -7.643    98.978    39.414  1024.170  2537.155    31.363     9.829     0.020    19.707
       372    39.414     3.521     0.000     2.094    -7.643    99.091    39.414  1024.170  2537.152    31.363     9.829     0.020    19.707
       373    39.414     3.520     0.000     2.097    -7.643    99.205    39.414  1024.170  2537.147    31.363     9.829     0.020    19.707
       374    39.414     3.520     0.000     2.099    -7.643    99.318    39.414  1024.170  2537.141    31.363     9.829     0.020    19.707
       375    39.415     3.520     0.000     2.101    -7.643    99.432    39.415  1024.170  2537.133    31.363     9.829     0.020    19.707
       376    39.415     3.519     0.000     2.103    -7.643    99.545    39.415  1024.170  2537.124    31.363     9.829     0.020    19.707
       377    39.415     3.519     0.000     2.106    -7.642    99.659    39.415  1024.170  2537.114    31.363     9.829     0.020    19.707
       378    39.415     3.518     0.000     2.108    -7.642    99.773    39.415  1024.170  2537.102    31.363     9.829     0.020    19.708
       379    39.415     3.517     0.000     2.110    -7.642    99.887    39.415  1024.170  2537.089    31.363     9.829     0.020    19.708
       380    39.415     3.516     0.000     2.113    -7.642   100.001    39.415  1024.170  2537.074    31.363     9.829     0.020    19.708
       381    39.416     3.515     0.000     2.115    -7.642   100.115    39.416  1024.170  2537.058    31.363     9.829     0.020    19.708
       382    39.416     3.514     0.000     2.117    -7.642   100.229    39.416  1024.170  2537.041    31.363     9.829     0.020    19.708
       383    39.416     3.513     0.000     2.120    -7.641   100.344    39.416  1024.170  2537.022    31.363     9.829     0.020    19.708
       384    39.417     3.512     0.000     2.122    -7.641   100.458    39.417  1024.170  2537.001    31.363     9.829     0.020    19.708
       385    39.417     3.511     0.000     2.124    -7.641   100.573    39.417  1024.170  2536.979    31.363     9.829     0.020    19.708
       386    39.417     3.509     0.000     2.127    -7.640   100.688    39.417  1024.170  2536.956    31.363     9.829     0.020    19.709
       387    39.418     3.508     0.000     2.129    -7.640   100.804    39.418  1024.170  2536.931    31.363     9.829     0.020    19.709
       388    39.418     3.507     0.000     2.131    -7.640   100.919    39.418  1024.170  2536.904    31.363     9.829     0.020    19.709
       389    39.419     3.505     0.000     2.134    -7.640   101.035    39.419  1024.170  2536.875    31.363     9.829     0.020    19.709
       390    39.419     3.503     0.000     2.136    -7.639   101.151    39.419  1024.170  2536.845    31.363     9.829     0.020    19.710
       391    39.420     3.501     0.000     2.138    -7.639   101.267    39.420  1024.170  2536.813    31.363     9.829     0.020    19.710
       392    39.420     3.500     0.000     2.141    -7.638   101.384    39.420  1024.170  2536.780    31.363     9.829     0.020    19.710
       393    39.421     3.498     0.000     2.143    -7.638   101.501    39.421  1024.170  2536.745    31.363     9.829     0.020    19.710
       394    39.421     3.496     0.000     2.145    -7.638   101.618    39.421  1024.170  2536.707    31.363     9.829     0.020    19.711
       395    39.422     3.494     0.000     2.148    -7.637   101.735    39.422  1024.170  2536.669    31.363     9.829     0.020    19.711
       396    39.422     3.491     0.000     2.150    -7.637   101.853    39.422  1024.170  2536.628    31.363     9.829     0.020    19.711
       397    39.423     3.489     0.000     2.153    -7.636   101.971    39.423  1024.170  2536.585    31.363     9.829     0.020    19.712
       398    39.424     3.487     0.000     2.155    -7.636   102.090    39.424  1024.170  2536.540    31.363     9.829     0.020    19.712
       399    39.425     3.484     0.000     2.157    -7.635   102.209    39.425  1024.170  2536.493    31.363     9.829     0.020    19.712
       400    39.425     3.482     0.000     2.160    -7.635   102.329    39.425  1024.170  2536.445    31.363     9.829     0.020    19.713
       401    39.426     3.479     0.000     2.162    -7.634   102.448    39.426  1024.170  2536.394    31.363     9.829     0.020    19.713
       402    39.427     3.476     0.000     2.165    -7.634   102.569    39.427  1024.170  2536.340    31.363     9.829     0.020    19.713
       403    39.428     3.474     0.000     2.167    -7.633   102.690    39.428  1024.170  2536.285    31.363     9.829     0.020    19.714
       404    39.429     3.471     0.000     2.170    -7.632   102.811    39.429  1024.170  2536.227    31.363     9.829     0.020    19.714
       405    39.430     3.468     0.000     2.172    -7.632   102.933    39.430  1024.170  2536.167    31.363     9.829     0.020    19.715
       406    39.431     3.465     0.000     2.175    -7.631   103.055    39.431  1024.170  2536.104    31.363     9.829     0.020    19.715
       407    39.432     3.462     0.000     2.177    -7.630   103.178    39.432  1024.170  2536.039    31.363     9.829     0.020    19.716
       408    39.433     3.458     0.000     2.179    -7.630   103.301    39.433  1024.170  2535.971    31.363     9.829     0.020    19.716
       409    39.434     3.455     0.000     2.182    -7.629   103.425    39.434  1024.170  2535.901    31.363     9.829     0.020    19.717
       410    39.435     3.452     0.000     2.185    -7.628   103.550    39.435  1024.170  2535.828    31.363     9.829     0.020    19.717
       411    39.436     3.448     0.000     2.187    -7.627   103.675    39.436  1024.170  2535.751    31.363     9.829     0.020    19.718
       412    39.437     3.445     0.000     2.190    -7.627   103.801    39.437  1024.170  2535.672    31.363     9.829     0.020    19.719
       413    39.439     3.441     0.000     2.192    -7.626   103.927    39.439  1024.170  2535.590    31.363     9.829     0.020    19.719
       414    39.440     3.437     0.000     2.195    -7.625   104.054    39.440  1024.170  2535.505    31.363     9.829     0.020    19.720
       415    39.441     3.434     0.000     2.197    -7.624   104.182    39.441  1024.170  2535.416    31.363     9.829     0.020    19.721
       416    39.443     3.430     0.000     2.200    -7.623   104.311    39.443  1024.170  2535.324    31.363     9.829     0.020    19.721
       417    39.444     3.426     0.000     2.203    -7.622   104.440    39.444  1024.170  2535.229    31.363     9.828     0.020    19.722
       418    39.446     3.422     0.000     2.205    -7.621   104.570    39.446  1024.170  2535.129    31.363     9.828     0.020    19.723
       419    39.447     3.417     0.000     2.208    -7.620   104.701    39.447  1024.170  2535.027    31.363     9.828     0.020    19.724
       420    39.449     3.413     0.000     2.210    -7.619   104.833    39.449  1024.170  2534.920    31.363     9.828     0.020    19.724
       421    39.451     3.409     0.000     2.213    -7.618   104.965    39.451  1024.170  2534.809    31.363     9.828     0.020    19.725
       422    39.453     3.405     0.000     2.216    -7.617   105.098    39.453  1024.170  2534.693    31.363     9.828     0.020    19.726
       423    39.454     3.400     0.000     2.219    -7.616   105.233    39.454  1024.170  2534.574    31.363     9.828     0.020    19.727
       424    39.456     3.395     0.000     2.221    -7.615   105.368    39.456  1024.170  2534.450    31.363     9.828     0.020    19.728
       425    39.458     3.391     0.000     2.224    -7.614   105.504    39.458  1024.170  2534.321    31.363     9.828     0.020    19.729
       426    39.460     3.386     0.000     2.227    -7.613   105.641    39.460  1024.170  2534.187    31.363     9.828     0.020    19.730
       427    39.463     3.381     0.000     2.230    -7.612   105.779    39.463  1024.170  2534.048    31.363     9.828     0.020    19.731
       428    39.465     3.376     0.000     2.232    -7.610   105.918    39.465  1024.170  2533.904    31.363     9.828     0.020    19.732
       429    39.467     3.371     0.000     2.235    -7.609   106.058    39.467  1024.170  2533.754    31.363     9.828     0.020    19.734
       430    39.470     3.366     0.000     2.238    -7.608   106.199    39.470  1024.170  2533.598    31.363     9.828     0.020    19.735
       431    39.472     3.361     0.000     2.241    -7.606   106.341    39.472  1024.170  2533.436    31.363     9.828     0.020    19.736
       432    39.475     3.356     0.000     2.244    -7.605   106.485    39.475  1024.170  2533.268    31.363     9.828     0.020    19.737
       433    39.477     3.350     0.000     2.247    -7.604   106.629    39.477  1024.170  2533.093    31.363     9.828     0.020    19.739
       434    39.480     3.345     0.000     2.250    -7.602   106.775    39.480  1024.170  2532.911    31.363     9.828     0.020    19.740
       435    39.483     3.340     0.000     2.253    -7.601   106.922    39.483  1024.170  2532.722    31.363     9.828     0.020    19.742
       436    39.486     3.334     0.000     2.256    -7.599   107.070    39.486  1024.170  2532.526    31.363     9.828     0.020    19.743
       437    39.489     3.328     0.000     2.259    -7.598   107.220    39.489  1024.170  2532.321    31.363     9.828     0.020    19.745
       438    39.493     3.323     0.000     2.262    -7.596   107.371    39.493  1024.170  2532.109    31.363     9.828     0.020    19.746
       439    39.496     3.317     0.000     2.265    -7.594   107.523    39.496  1024.170  2531.887    31.363     9.828     0.020    19.748
       440    39.500     3.311     0.000     2.268    -7.593   107.677    39.500  1024.170  2531.657    31.363     9.828     0.020    19.750
       441    39.504     3.305     0.000     2.271    -7.591   107.833    39.504  1024.170  2531.417    31.363     9.828     0.020    19.752
       442    39.507     3.299     0.000     2.274    -7.589   107.989    39.507  1024.170  2531.167    31.363     9.828     0.020    19.754
       443    39.512     3.293     0.000     2.278    -7.587   108.148    39.512  1024.170  2530.906    31.363     9.828     0.020    19.756
       444    39.516     3.286     0.000     2.281    -7.585   108.308    39.516  1024.170  2530.635    31.363     9.828     0.020    19.758
       445    39.520     3.280     0.000     2.284    -7.584   108.470    39.520  1024.170  2530.352    31.363     9.828     0.020    19.760
       446    39.525     3.273     0.000     2.287    -7.582   108.633    39.525  1024.170  2530.056    31.363     9.828     0.020    19.762
       447    39.530     3.267     0.000     2.291    -7.580   108.798    39.530  1024.170  2529.748    31.363     9.828     0.020    19.765
       448    39.535     3.260     0.000     2.294    -7.577   108.965    39.535  1024.170  2529.427    31.363     9.828     0.020    19.767
       449    39.540     3.254     0.000     2.298    -7.575   109.134    39.540  1024.170  2529.091    31.363     9.828     0.020    19.770
       450    39.545     3.247     0.000     2.301    -7.573   109.305    39.545  1024.170  2528.740    31.363     9.828     0.020    19.773
       451    39.551     3.240     0.000     2.305    -7.571   109.478    39.551  1024.170  2528.374    31.363     9.828     0.020    19.776
       452    39.557     3.233     0.000     2.308    -7.569   109.653    39.557  1024.170  2527.990    31.363     9.828     0.020    19.779
       453    39.563     3.226     0.000     2.312    -7.566   109.830    39.563  1024.170  2527.590    31.363     9.828     0.020    19.782
       454    39.570     3.219     0.000     2.315    -7.564   110.010    39.570  1024.170  2527.170    31.363     9.828     0.020    19.785
       455    39.577     3.212     0.000     2.319    -7.561   110.191    39.577  1024.170  2526.731    31.363     9.828     0.020    19.788
       456    39.584     3.205     0.000     2.323    -7.559   110.375    39.584  1024.170  2526.271    31.363     9.828     0.020    19.792
       457    39.592     3.197     0.000     2.326    -7.556   110.562    39.592  1024.170  2525.789    31.364     9.827     0.020    19.796
       458    39.600     3.190     0.000     2.330    -7.553   110.751    39.600  1024.170  2525.283    31.364     9.827     0.020    19.800
       459    39.608     3.182     0.000     2.334    -7.550   110.942    39.608  1024.170  2524.752    31.364     9.827     0.020    19.804
       460    39.617     3.175     0.000     2.338    -7.547   111.137    39.617  1024.170  2524.195    31.364     9.827     0.020    19.808
       461    39.626     3.167     0.000     2.342    -7.544   111.334    39.626  1024.170  2523.610    31.364     9.827     0.020    19.813
       462    39.635     3.160     0.000     2.346    -7.541   111.534    39.635  1024.170  2522.996    31.364     9.827     0.020    19.818
       463    39.646     3.152     0.000     2.350    -7.538   111.737    39.646  1024.170  2522.349    31.364     9.827     0.020    19.823
       464    39.656     3.144     0.000     2.354    -7.535   111.943    39.656  1024.170  2521.668    31.364     9.827     0.020    19.828
       465    39.668     3.136     0.000     2.359    -7.532   112.153    39.668  1024.170  2520.951    31.364     9.827     0.020    19.834
       466    39.679     3.128     0.000     2.363    -7.528   112.365    39.679  1024.170  2520.196    31.364     9.827     0.020    19.840
       467    39.692     3.120     0.000     2.367    -7.525   112.582    39.692  1024.170  2519.399    31.364     9.827     0.020    19.846
       468    39.705     3.112     0.000     2.372    -7.521   112.802    39.705  1024.171  2518.558    31.364     9.827     0.020    19.853
       469    39.719     3.104     0.000     2.376    -7.517   113.026    39.719  1024.171  2517.669    31.364     9.827     0.020    19.860
       470    39.734     3.095     0.000     2.381    -7.513   113.253    39.734  1024.171  2516.730    31.364     9.827     0.020    19.867
       471    39.750     3.087     0.000     2.386    -7.509   113.485    39.750  1024.171  2515.736    31.364     9.826     0.020    19.875
       472    39.766     3.079     0.000     2.390    -7.505   113.722    39.766  1024.171  2514.682    31.364     9.826     0.020    19.883
       473    39.784     3.070     0.000     2.395    -7.501   113.962    39.784  1024.171  2513.566    31.364     9.826     0.020    19.892
       474    39.803     3.062     0.000     2.400    -7.496   114.208    39.803  1024.171  2512.381    31.364     9.826     0.020    19.901
       475    39.823     3.053     0.000     2.405    -7.492   114.459    39.823  1024.171  2511.121    31.364     9.826     0.020    19.911
       476    39.844     3.044     0.000     2.411    -7.487   114.714    39.844  1024.171  2509.782    31.364     9.826     0.020    19.922
       477    39.867     3.036     0.000     2.416    -7.482   114.975    39.867  1024.171  2508.356    31.364     9.826     0.020    19.933
       478    39.891     3.027     0.000     2.421    -7.477   115.242    39.891  1024.171  2506.834    31.364     9.826     0.020    19.945
       479    39.917     3.018     0.000     2.427    -7.471   115.515    39.917  1024.171  2505.210    31.364     9.825     0.020    19.958
       480    39.945     3.009     0.000     2.432    -7.466   115.795    39.945  1024.171  2503.474    31.364     9.825     0.020    19.972
       481    39.974     3.001     0.000     2.438    -7.460   116.081    39.974  1024.171  2501.614    31.364     9.825     0.020    19.987
       482    40.006     2.992     0.000     2.444    -7.454   116.374    40.006  1024.171  2499.619    31.364     9.825     0.020    20.003
       483    40.040     2.983     0.000     2.450    -7.448   116.675    40.040  1024.171  2497.475    31.364     9.825     0.020    20.020
       484    40.077     2.974     0.000     2.456    -7.442   116.984    40.077  1024.172  2495.167    31.365     9.824     0.020    20.039
       485    40.117     2.965     0.000     2.463    -7.435   117.302    40.117  1024.172  2492.678    31.365     9.824     0.020    20.059
       486    40.161     2.956     0.000     2.470    -7.428   117.629    40.161  1024.172  2489.986    31.365     9.824     0.020    20.080
       487    40.208     2.948     0.000     2.476    -7.421   117.966    40.208  1024.172  2487.070    31.365     9.823     0.020    20.104
       488    40.259     2.939     0.000     2.483    -7.413   118.314    40.259  1024.172  2483.900    31.365     9.823     0.020    20.130
       489    40.315     2.930     0.000     2.491    -7.405   118.673    40.315  1024.172  2480.446    31.365     9.823     0.020    20.158
       490    40.377     2.922     0.000     2.498    -7.397   119.045    40.377  1024.172  2476.669    31.365     9.822     0.020    20.188
       491    40.444     2.913     0.000     2.506    -7.388   119.431    40.444  1024.172  2472.525    31.365     9.822     0.020    20.222
       492    40.519     2.905     0.000     2.514    -7.378   119.833    40.519  1024.173  2467.958    31.365     9.822     0.020    20.260
       493    40.603     2.897     0.000     2.523    -7.369   120.251    40.603  1024.173  2462.901    31.365     9.821     0.020    20.301
       494    40.696     2.889     0.000     2.531    -7.358   120.687    40.696  1024.173  2457.271    31.366     9.820     0.020    20.348
       495    40.800     2.881     0.000     2.541    -7.347   121.146    40.800  1024.173  2450.962    31.366     9.820     0.020    20.400
       496    40.919     2.874     0.000     2.550    -7.335   121.628    40.919  1024.173  2443.836    31.366     9.819     0.020    20.460
       497    41.056     2.868     0.000     2.561    -7.322   122.139    41.056  1024.174  2435.710    31.366     9.818     0.020    20.528
       498    41.214     2.862     0.000     2.572    -7.309   122.684    41.214  1024.174  2426.331    31.366     9.817     0.020    20.607
       499    41.402     2.857     0.000     2.584    -7.294   123.269    41.402  1024.174  2415.333    31.367     9.816     0.020    20.701
       500    41.621     2.853     0.000     2.596    -7.277   123.905    41.621  1024.175  2402.610    31.367     9.815     0.020    20.811
       501    41.864     2.850     0.000     2.611    -7.259   124.599    41.864  1024.175  2388.698    31.367     9.814     0.020    20.932
       502    42.128     2.847     0.000     2.626    -7.239   125.345    42.128  1024.176  2373.700    31.367     9.812     0.020    21.064
       503    42.419     2.845     0.000     2.642    -7.218   126.154    42.419  1024.176  2357.406    31.368     9.811     0.020    21.210
       504    42.743     2.844     0.000     2.660    -7.194   127.041    42.743  1024.177  2339.541    31.368     9.809     0.020    21.372
       505    43.108     2.844     0.000     2.680    -7.166   128.025    43.108  1024.177  2319.740    31.368     9.807     0.020    21.554
       506    43.527     2.846     0.000     2.702    -7.135   129.135    43.527  1024.178  2297.412    31.369     9.805     0.020    21.764
       507    44.029     2.850     0.000     2.728    -7.099   130.417    44.029  1024.178  2271.214    31.369     9.803     0.020    22.015
       508    44.664     2.860     0.000     2.760    -7.054   131.976    44.664  1024.179  2238.923    31.369     9.800     0.020    22.332
       509    45.528     2.876     0.000     2.801    -6.996   134.006    45.528  1024.180  2196.439    31.369     9.796     0.020    22.764
       510    46.439     2.896     0.000     2.842    -6.936   136.052    46.439  1024.181  2153.373    31.370     9.792     0.020    23.219
       511    47.368     2.920     0.000     2.883    -6.877   138.090    47.368  1024.181  2111.152    31.370     9.788     0.020    23.684
       512    48.315     2.951     0.000     2.924    -6.820   140.094    48.315  1024.182  2069.757    31.369     9.785     0.020    24.157
       513    49.281     2.989     0.000     2.963    -6.764   142.056    49.281  1024.182  2029.174    31.369     9.782     0.020    24.641
       514    50.267     3.033     0.000     3.002    -6.711   143.980    50.267  1024.182  1989.386    31.368     9.779     0.020    25.133
---------------------------- Plume traps -----------------------------
       515    51.054     3.076     0.000     3.032    -6.671   145.459    51.054  1024.182  1958.721    31.368     9.776     0.020    25.527
       516    51.700     3.115     0.000     3.055    -6.640   146.592    51.700  1024.181  1934.253    31.367     9.774     0.020    25.850
       517    52.239     3.150     0.000     3.073    -6.617   147.491    52.239  1024.181  1914.281    31.366     9.773     0.020    26.119
       518    52.724     3.182     0.000     3.089    -6.597   148.265    52.724  1024.181  1896.655    31.366     9.772     0.020    26.362
       519    53.170     3.212     0.000     3.103    -6.579   148.959    53.170  1024.181  1880.747    31.365     9.771     0.020    26.585
       520    53.565     3.239     0.000     3.116    -6.563   149.604    53.565  1024.181  1866.908    31.365     9.770     0.020    26.782
       521    53.933     3.265     0.000     3.128    -6.547   150.233    53.933  1024.180  1854.141    31.364     9.769     0.020    26.967
       522    54.273     3.290     0.000     3.141    -6.532   150.847    54.273  1024.180  1842.521    31.364     9.768     0.020    27.137
       523    54.595     3.314     0.000     3.153    -6.518   151.450    54.595  1024.180  1831.667    31.363     9.767     0.020    27.298
       524    54.894     3.337     0.000     3.165    -6.504   152.037    54.894  1024.180  1821.686    31.363     9.767     0.020    27.447
       525    55.176     3.360     0.000     3.176    -6.490   152.611    55.176  1024.179  1812.394    31.363     9.766     0.020    27.588
       526    55.438     3.382     0.000     3.188    -6.477   153.171    55.438  1024.179  1803.811    31.362     9.765     0.020    27.719
       527    55.685     3.404     0.000     3.199    -6.465   153.717    55.685  1024.179  1795.828    31.362     9.765     0.020    27.842
       528    55.915     3.425     0.000     3.209    -6.453   154.249    55.915  1024.179  1788.425    31.362     9.764     0.020    27.958
       529    56.131     3.445     0.000     3.220    -6.442   154.768    56.131  1024.179  1781.532    31.361     9.764     0.020    28.066
       530    56.334     3.465     0.000     3.230    -6.431   155.275    56.334  1024.179  1775.117    31.361     9.764     0.020    28.167
       531    56.525     3.485     0.000     3.240    -6.420   155.769    56.525  1024.178  1769.134    31.361     9.763     0.020    28.262
       532    56.704     3.504     0.000     3.250    -6.410   156.252    56.704  1024.178  1763.548    31.360     9.763     0.020    28.352
       533    56.872     3.522     0.000     3.259    -6.400   156.723    56.872  1024.178  1758.325    31.360     9.763     0.020    28.436
       534    57.031     3.540     0.000     3.269    -6.391   157.183    57.031  1024.178  1753.436    31.360     9.762     0.020    28.515
       535    57.180     3.558     0.000     3.278    -6.382   157.632    57.180  1024.178  1748.852    31.360     9.762     0.020    28.590
       536    57.321     3.575     0.000     3.286    -6.373   158.070    57.321  1024.178  1744.550    31.359     9.762     0.020    28.661
       537    57.455     3.592     0.000     3.295    -6.365   158.499    57.455  1024.177  1740.506    31.359     9.761     0.020    28.727
       538    57.580     3.609     0.000     3.304    -6.356   158.918    57.580  1024.177  1736.699    31.359     9.761     0.020    28.790
       539    57.700     3.625     0.000     3.312    -6.349   159.328    57.700  1024.177  1733.112    31.359     9.761     0.020    28.850
       540    57.813     3.641     0.000     3.320    -6.341   159.729    57.813  1024.177  1729.728    31.359     9.761     0.020    28.906
       541    57.920     3.657     0.000     3.328    -6.334   160.122    57.920  1024.177  1726.530    31.358     9.761     0.020    28.960
       542    58.021     3.672     0.000     3.336    -6.327   160.506    58.021  1024.177  1723.506    31.358     9.760     0.020    29.011
       543    58.118     3.687     0.000     3.343    -6.320   160.882    58.118  1024.177  1720.642    31.358     9.760     0.020    29.059
       544    58.210     3.702     0.000     3.351    -6.313   161.251    58.210  1024.177  1717.927    31.358     9.760     0.020    29.105
       545    58.297     3.717     0.000     3.358    -6.307   161.612    58.297  1024.177  1715.351    31.358     9.760     0.020    29.149
       546    58.380     3.731     0.000     3.365    -6.301   161.967    58.380  1024.176  1712.903    31.358     9.760     0.020    29.190
       547    58.460     3.745     0.000     3.372    -6.295   162.314    58.460  1024.176  1710.575    31.357     9.760     0.020    29.230
       548    58.536     3.759     0.000     3.379    -6.289   162.655    58.536  1024.176  1708.359    31.357     9.760     0.020    29.268
       549    58.608     3.773     0.000     3.386    -6.284   162.990    58.608  1024.176  1706.247    31.357     9.760     0.020    29.304
       550    58.677     3.786     0.000     3.392    -6.279   163.319    58.677  1024.176  1704.233    31.357     9.759     0.020    29.339
       551    58.744     3.799     0.000     3.399    -6.273   163.641    58.744  1024.176  1702.311    31.357     9.759     0.020    29.372
       552    58.807     3.812     0.000     3.405    -6.268   163.959    58.807  1024.176  1700.474    31.357     9.759     0.020    29.404
       553    58.868     3.825     0.000     3.411    -6.263   164.271    58.868  1024.176  1698.718    31.357     9.759     0.020    29.434
       554    58.926     3.837     0.000     3.418    -6.259   164.577    58.926  1024.176  1697.037    31.357     9.759     0.020    29.463
       555    58.982     3.850     0.000     3.424    -6.254   164.879    58.982  1024.176  1695.428    31.356     9.759     0.020    29.491
       556    59.036     3.862     0.000     3.430    -6.250   165.175    59.036  1024.176  1693.886    31.356     9.759     0.020    29.518
       557    59.087     3.874     0.000     3.436    -6.246   165.467    59.087  1024.176  1692.406    31.356     9.759     0.020    29.544
       558    59.137     3.885     0.000     3.441    -6.241   165.755    59.137  1024.176  1690.987    31.356     9.759     0.020    29.569
       559    59.185     3.897     0.000     3.447    -6.237   166.038    59.185  1024.176  1689.624    31.356     9.759     0.020    29.592
       560    59.231     3.908     0.000     3.453    -6.233   166.317    59.231  1024.175  1688.314    31.356     9.759     0.020    29.615
       561    59.275     3.920     0.000     3.458    -6.230   166.592    59.275  1024.175  1687.054    31.356     9.758     0.020    29.637
       562    59.318     3.931     0.000     3.464    -6.226   166.863    59.318  1024.175  1685.842    31.356     9.758     0.020    29.659
       563    59.359     3.942     0.000     3.469    -6.222   167.130    59.359  1024.175  1684.676    31.356     9.758     0.020    29.679
       564    59.398     3.952     0.000     3.474    -6.219   167.393    59.398  1024.175  1683.553    31.356     9.758     0.020    29.699
       565    59.436     3.963     0.000     3.480    -6.216   167.653    59.436  1024.175  1682.471    31.356     9.758     0.020    29.718
       566    59.473     3.973     0.000     3.485    -6.212   167.910    59.473  1024.175  1681.428    31.355     9.758     0.020    29.737
       567    59.509     3.983     0.000     3.490    -6.209   168.163    59.509  1024.175  1680.421    31.355     9.758     0.020    29.754
       568    59.543     3.993     0.000     3.495    -6.206   168.413    59.543  1024.175  1679.451    31.355     9.758     0.020    29.772
       569    59.577     4.003     0.000     3.500    -6.203   168.660    59.577  1024.175  1678.514    31.355     9.758     0.020    29.788
       570    59.609     4.013     0.000     3.505    -6.200   168.903    59.609  1024.175  1677.609    31.355     9.758     0.020    29.804
       571    59.640     4.023     0.000     3.510    -6.197   169.144    59.640  1024.175  1676.734    31.355     9.758     0.020    29.820
       572    59.670     4.032     0.000     3.515    -6.194   169.382    59.670  1024.175  1675.890    31.355     9.758     0.020    29.835
       573    59.699     4.041     0.000     3.519    -6.192   169.617    59.699  1024.175  1675.073    31.355     9.758     0.020    29.849
       574    59.727     4.051     0.000     3.524    -6.189   169.850    59.727  1024.175  1674.284    31.355     9.758     0.020    29.864
       575    59.754     4.060     0.000     3.529    -6.187   170.080    59.754  1024.175  1673.520    31.355     9.758     0.020    29.877
       576    59.781     4.068     0.000     3.533    -6.184   170.307    59.781  1024.175  1672.781    31.355     9.758     0.020    29.890
       577    59.806     4.077     0.000     3.538    -6.182   170.532    59.806  1024.175  1672.065    31.355     9.758     0.020    29.903
       578    59.831     4.086     0.000     3.542    -6.179   170.755    59.831  1024.175  1671.373    31.355     9.758     0.020    29.916
       579    59.855     4.094     0.000     3.547    -6.177   170.975    59.855  1024.175  1670.702    31.355     9.758     0.020    29.928
       580    59.878     4.102     0.000     3.551    -6.175   171.194    59.878  1024.175  1670.053    31.355     9.758     0.020    29.939
       581    59.901     4.111     0.000     3.555    -6.173   171.410    59.901  1024.175  1669.424    31.355     9.758     0.020    29.950
       582    59.923     4.119     0.000     3.560    -6.171   171.624    59.923  1024.175  1668.814    31.355     9.758     0.020    29.961
       583    59.944     4.126     0.000     3.564    -6.169   171.836    59.944  1024.174  1668.224    31.355     9.758     0.020    29.972
       584    59.965     4.134     0.000     3.568    -6.167   172.046    59.965  1024.174  1667.651    31.354     9.758     0.020    29.982
       585    59.985     4.142     0.000     3.572    -6.165   172.254    59.985  1024.174  1667.096    31.354     9.757     0.020    29.992
       586    60.004     4.149     0.000     3.577    -6.163   172.460    60.004  1024.174  1666.558    31.354     9.757     0.020    30.002
       587    60.023     4.157     0.000     3.581    -6.161   172.664    60.023  1024.174  1666.036    31.354     9.757     0.020    30.011
       588    60.041     4.164     0.000     3.585    -6.159   172.867    60.041  1024.174  1665.531    31.354     9.757     0.020    30.020
       589    60.059     4.171     0.000     3.589    -6.157   173.068    60.059  1024.174  1665.040    31.354     9.757     0.020    30.029
       590    60.076     4.178     0.000     3.593    -6.156   173.267    60.076  1024.174  1664.564    31.354     9.757     0.020    30.038
       591    60.092     4.185     0.000     3.597    -6.154   173.465    60.092  1024.174  1664.103    31.354     9.757     0.020    30.046
       592    60.109     4.191     0.000     3.601    -6.153   173.662    60.109  1024.174  1663.655    31.354     9.757     0.020    30.054
       593    60.124     4.198     0.000     3.605    -6.151   173.856    60.124  1024.174  1663.221    31.354     9.757     0.020    30.062
       594    60.140     4.204     0.000     3.609    -6.149   174.050    60.140  1024.174  1662.800    31.354     9.757     0.020    30.070
       595    60.154     4.211     0.000     3.612    -6.148   174.241    60.154  1024.174  1662.392    31.354     9.757     0.020    30.077
       596    60.169     4.217     0.000     3.616    -6.147   174.432    60.169  1024.174  1661.996    31.354     9.757     0.020    30.084
       597    60.183     4.223     0.000     3.620    -6.145   174.621    60.183  1024.174  1661.612    31.354     9.757     0.020    30.091
       598    60.196     4.229     0.000     3.624    -6.144   174.809    60.196  1024.174  1661.240    31.354     9.757     0.020    30.098
       599    60.209     4.234     0.000     3.628    -6.143   174.996    60.209  1024.174  1660.879    31.354     9.757     0.020    30.105
       600    60.222     4.240     0.000     3.631    -6.141   175.181    60.222  1024.174  1660.529    31.354     9.757     0.020    30.111
       601    60.234     4.246     0.000     3.635    -6.140   175.365    60.234  1024.174  1660.190    31.354     9.757     0.020    30.117
       602    60.246     4.251     0.000     3.639    -6.139   175.548    60.246  1024.174  1659.861    31.354     9.757     0.020    30.123
       603    60.258     4.256     0.000     3.643    -6.138   175.730    60.258  1024.174  1659.542    31.354     9.757     0.020    30.129
       604    60.269     4.262     0.000     3.646    -6.137   175.911    60.269  1024.174  1659.234    31.354     9.757     0.020    30.134
       605    60.280     4.267     0.000     3.650    -6.136   176.091    60.280  1024.174  1658.935    31.354     9.757     0.020    30.140
       606    60.290     4.271     0.000     3.653    -6.135   176.270    60.290  1024.174  1658.645    31.354     9.757     0.020    30.145
       607    60.300     4.276     0.000     3.657    -6.134   176.448    60.300  1024.174  1658.365    31.354     9.757     0.020    30.150
       608    60.310     4.281     0.000     3.661    -6.133   176.625    60.310  1024.174  1658.094    31.354     9.757     0.020    30.155
       609    60.320     4.285     0.000     3.664    -6.132   176.801    60.320  1024.174  1657.832    31.354     9.757     0.020    30.160
       610    60.329     4.290     0.000     3.668    -6.131   176.976    60.329  1024.174  1657.578    31.354     9.757     0.020    30.164
       611    60.338     4.294     0.000     3.671    -6.130   177.151    60.338  1024.174  1657.333    31.354     9.757     0.020    30.169
       612    60.347     4.298     0.000     3.675    -6.129   177.324    60.347  1024.174  1657.097    31.354     9.757     0.020    30.173
       613    60.355     4.302     0.000     3.678    -6.128   177.497    60.355  1024.174  1656.868    31.354     9.757     0.020    30.177
       614    60.363     4.306     0.000     3.682    -6.127   177.669    60.363  1024.174  1656.647    31.354     9.757     0.020    30.181
       615    60.371     4.310     0.000     3.685    -6.127   177.840    60.371  1024.174  1656.435    31.354     9.757     0.020    30.185
       616    60.378     4.314     0.000     3.688    -6.126   178.011    60.378  1024.174  1656.230    31.354     9.757     0.020    30.189
       617    60.385     4.318     0.000     3.692    -6.125   178.181    60.385  1024.174  1656.032    31.354     9.757     0.020    30.193
       618    60.392     4.321     0.000     3.695    -6.124   178.350    60.392  1024.174  1655.842    31.354     9.757     0.020    30.196
       619    60.399     4.324     0.000     3.699    -6.124   178.518    60.399  1024.174  1655.659    31.354     9.757     0.020    30.199
       620    60.405     4.328     0.000     3.702    -6.123   178.686    60.405  1024.174  1655.484    31.354     9.757     0.020    30.203
       621    60.411     4.331     0.000     3.705    -6.122   178.854    60.411  1024.174  1655.316    31.354     9.757     0.020    30.206
       622    60.417     4.334     0.000     3.709    -6.122   179.020    60.417  1024.174  1655.154    31.354     9.757     0.020    30.209
       623    60.423     4.337     0.000     3.712    -6.121   179.187    60.423  1024.174  1654.999    31.353     9.757     0.020    30.211
       624    60.428     4.339     0.000     3.716    -6.121   179.352    60.428  1024.174  1654.852    31.353     9.757     0.020    30.214
       625    60.434     4.342     0.000     3.719    -6.120   179.518    60.434  1024.174  1654.711    31.353     9.757     0.020    30.217
       626    60.438     4.345     0.000     3.722    -6.120   179.682    60.438  1024.174  1654.576    31.353     9.757     0.020    30.219
       627    60.443     4.347     0.000     3.725    -6.119   179.847    60.443  1024.174  1654.448    31.353     9.757     0.020    30.222
       628    60.448     4.349     0.000     3.729    -6.119   180.011    60.448  1024.174  1654.326    31.353     9.757     0.020    30.224
       629    60.452     4.351     0.000     3.732    -6.119   180.174    60.452  1024.174  1654.211    31.353     9.757     0.020    30.226
       630    60.456     4.353     0.000     3.735    -6.118   180.337    60.456  1024.174  1654.102    31.353     9.757     0.020    30.228
       631    60.460     4.355     0.000     3.739    -6.118   180.500    60.460  1024.174  1654.000    31.353     9.757     0.020    30.230
       632    60.463     4.357     0.000     3.742    -6.118   180.663    60.463  1024.174  1653.903    31.353     9.757     0.020    30.232
       633    60.466     4.359     0.000     3.745    -6.117   180.825    60.466  1024.174  1653.813    31.353     9.757     0.020    30.233
       634    60.469     4.361     0.000     3.748    -6.117   180.987    60.469  1024.174  1653.728    31.353     9.757     0.020    30.235
       635    60.472     4.362     0.000     3.752    -6.117   181.148    60.472  1024.174  1653.650    31.353     9.757     0.020    30.236
       636    60.475     4.363     0.000     3.755    -6.116   181.310    60.475  1024.174  1653.577    31.353     9.757     0.020    30.237
       637    60.477     4.365     0.000     3.758    -6.116   181.471    60.477  1024.174  1653.511    31.353     9.757     0.020    30.239
       638    60.480     4.366     0.000     3.761    -6.116   181.632    60.480  1024.174  1653.450    31.353     9.757     0.020    30.240
       639    60.482     4.367     0.000     3.765    -6.116   181.792    60.482  1024.174  1653.396    31.353     9.757     0.020    30.241
       640    60.483     4.368     0.000     3.768    -6.116   181.953    60.483  1024.174  1653.347    31.353     9.757     0.020    30.242
       641    60.485     4.368     0.000     3.771    -6.116   182.113    60.485  1024.174  1653.303    31.353     9.757     0.020    30.242
       642    60.486     4.369     0.000     3.774    -6.116   182.274    60.486  1024.174  1653.266    31.353     9.757     0.020    30.243
       643    60.487     4.370     0.000     3.778    -6.115   182.434    60.487  1024.174  1653.234    31.353     9.757     0.020    30.244
       644    60.488     4.370     0.000     3.781    -6.115   182.594    60.488  1024.174  1653.208    31.353     9.757     0.020    30.244
       645    60.489     4.370     0.000     3.784    -6.115   182.754    60.489  1024.174  1653.188    31.353     9.757     0.020    30.245
       646    60.490     4.371     0.000     3.787    -6.115   182.914    60.490  1024.174  1653.173    31.353     9.757     0.020    30.245
---------------------- Local maximum rise or fall --------------------
       647    60.490     4.371     0.000     3.791    -6.115   183.074    60.490  1024.174  1653.164    31.353     9.757     0.020    30.245
-------------------- Starting Farfield Calculations --------------------
Farfield dispersion based on wastefield width of :       4.37 (m)
4/3 Power Law based Eddy Diffusivity is used:
  Dilution     Width  Distance      Time     Conc.    Bckgrd
        ()       (m)       (m)    (hrs.)    (mg/L)    (mg/L)
    60.490     4.377     3.791     0.000  1653.164     0.000
    60.490     4.438     4.000     0.003  1657.685     0.000
    60.492     4.738     5.000     0.017  1657.685     0.000
    60.649     5.043     6.000     0.031  1657.685     0.000
    61.374     5.355     7.000     0.045  1657.685     0.000
    62.769     5.673     8.000     0.059  1607.388     0.000
    64.710     5.997     9.000     0.073  1607.388     0.000
    67.057     6.327    10.000     0.087  1607.388     0.000
    69.706     6.663    11.000     0.100  1607.388     0.000
    72.583     7.004    12.000     0.114  1396.343     0.000
    75.640     7.351    13.000     0.128  1396.343     0.000
    78.842     7.704    14.000     0.142  1396.343     0.000
    82.167     8.062    15.000     0.156  1396.343     0.000
    85.596     8.426    16.000     0.170  1185.111     0.000
    89.117     8.795    17.000     0.184  1185.111     0.000
    92.722     9.169    18.000     0.198  1185.111     0.000
    96.402     9.548    19.000     0.212  1185.111     0.000
   100.153     9.933    20.000     0.225  1012.917     0.000
   103.969    10.322    21.000     0.239  1012.917     0.000
   107.847    10.717    22.000     0.253  1012.917     0.000
   111.785    11.116    23.000     0.267  1012.917     0.000
   115.781    11.520    24.000     0.281   876.065     0.000
   119.831    11.929    25.000     0.295   876.065     0.000
   123.934    12.343    26.000     0.309   876.065     0.000
   128.089    12.761    27.000     0.323   876.065     0.000
   132.295    13.184    28.000     0.337   766.560     0.000
   136.550    13.611    29.000     0.350   766.560     0.000
   140.854    14.043    30.000     0.364   766.560     0.000
   145.205    14.480    31.000     0.378   766.560     0.000
   149.602    14.921    32.000     0.392   677.752     0.000
   154.046    15.366    33.000     0.406   677.752     0.000
   158.535    15.816    34.000     0.420   677.752     0.000
   163.068    16.270    35.000     0.434   677.752     0.000
   167.646    16.728    36.000     0.448   604.705     0.000
   172.267    17.191    37.000     0.462   604.705     0.000
   176.931    17.657    38.000     0.475   604.705     0.000
   181.637    18.128    39.000     0.489   604.705     0.000
   186.385    18.603    40.000     0.503   543.826     0.000
   191.175    19.082    41.000     0.517   543.826     0.000
   196.006    19.565    42.000     0.531   543.826     0.000
   200.878    20.052    43.000     0.545   543.826     0.000
   205.789    20.543    44.000     0.559   492.483     0.000
   210.741    21.038    45.000     0.573   492.483     0.000
   215.733    21.537    46.000     0.587   492.483     0.000
   220.763    22.039    47.000     0.600   492.483     0.000
   225.833    22.546    48.000     0.614   448.722     0.000
   230.941    23.056    49.000     0.628   448.722     0.000
   236.088    23.571    50.000     0.642   448.722     0.000
   241.272    24.089    51.000     0.656   448.722     0.000
   246.494    24.610    52.000     0.670   411.068     0.000
   251.753    25.136    53.000     0.684   411.068     0.000
   257.050    25.665    54.000     0.698   411.068     0.000
   262.383    26.198    55.000     0.712   411.068     0.000
   267.753    26.734    56.000     0.725   378.396     0.000
   273.160    27.274    57.000     0.739   378.396     0.000
   278.602    27.818    58.000     0.753   378.396     0.000
   284.080    28.365    59.000     0.767   378.396     0.000
   289.594    28.916    60.000     0.781   349.830     0.000
   295.143    29.470    61.000     0.795   349.830     0.000
   300.727    30.027    62.000     0.809   349.830     0.000
   306.346    30.589    63.000     0.823   349.830     0.000
   311.999    31.153    64.000     0.837   324.685     0.000
   317.687    31.721    65.000     0.850   324.685     0.000
   323.410    32.293    66.000     0.864   324.685     0.000
   329.166    32.868    67.000     0.878   324.685     0.000
   334.956    33.446    68.000     0.892   302.412     0.000
   340.780    34.028    69.000     0.906   302.412     0.000
   346.637    34.613    70.000     0.920   302.412     0.000
   352.528    35.201    71.000     0.934   302.412     0.000
   358.451    35.793    72.000     0.948   282.574     0.000
   364.408    36.387    73.000     0.962   282.574     0.000
   370.397    36.985    74.000     0.975   282.574     0.000
   376.418    37.587    75.000     0.989   282.574     0.000
   382.472    38.191    76.000     1.003   264.814     0.000
   388.558    38.799    77.000     1.017   264.814     0.000
   394.676    39.410    78.000     1.031   264.814     0.000
   400.826    40.024    79.000     1.045   264.814     0.000
   407.007    40.642    80.000     1.059   248.838     0.000
   413.220    41.262    81.000     1.073   248.838     0.000
   419.464    41.885    82.000     1.087   248.838     0.000
   425.739    42.512    83.000     1.100   248.838     0.000
   432.046    43.142    84.000     1.114   234.407     0.000
   438.383    43.775    85.000     1.128   234.407     0.000
   444.751    44.411    86.000     1.142   234.407     0.000
   451.149    45.050    87.000     1.156   234.407     0.000
   457.578    45.692    88.000     1.170   221.318     0.000
   464.037    46.337    89.000     1.184   221.318     0.000
   470.527    46.985    90.000     1.198   221.318     0.000
   477.046    47.636    91.000     1.212   221.318     0.000
   483.595    48.290    92.000     1.225   209.404     0.000
   490.174    48.947    93.000     1.239   209.404     0.000
   496.782    49.607    94.000     1.253   209.404     0.000
   503.420    50.269    95.000     1.267   209.404     0.000
   510.087    50.935    96.000     1.281   198.522     0.000
   516.783    51.604    97.000     1.295   198.522     0.000
   523.509    52.275    98.000     1.309   198.522     0.000
   530.263    52.950    99.000     1.323   198.522     0.000
   537.046    53.627   100.000     1.337   188.550     0.000
   543.858    54.307   101.000     1.350   188.550     0.000
   550.698    54.991   102.000     1.364   188.550     0.000
   557.567    55.676   103.000     1.378   188.550     0.000
   564.464    56.365   104.000     1.392   179.386     0.000
   571.390    57.057   105.000     1.406   179.386     0.000
   578.343    57.751   106.000     1.420   179.386     0.000
   585.325    58.448   107.000     1.434   170.942     0.000
   592.334    59.148   108.000     1.448   170.942     0.000
   599.371    59.851   109.000     1.462   170.942     0.000
   606.436    60.556   110.000     1.475   170.942     0.000
   613.528    61.265   111.000     1.489   163.139     0.000
   620.648    61.976   112.000     1.503   163.139     0.000
   627.795    62.689   113.000     1.517   163.139     0.000
   634.969    63.406   114.000     1.531   163.139     0.000
   642.170    64.125   115.000     1.545   155.913     0.000
   649.399    64.847   116.000     1.559   155.913     0.000
   656.654    65.571   117.000     1.573   155.913     0.000
   663.936    66.298   118.000     1.587   155.913     0.000
   671.245    67.028   119.000     1.600   149.205     0.000
   678.581    67.761   120.000     1.614   149.205     0.000
   685.943    68.496   121.000     1.628   149.205     0.000
   693.331    69.234   122.000     1.642   149.205     0.000
   700.746    69.974   123.000     1.656   142.964     0.000
   708.187    70.717   124.000     1.670   142.964     0.000
   715.655    71.463   125.000     1.684   142.964     0.000
   723.148    72.211   126.000     1.698   142.964     0.000
   730.667    72.962   127.000     1.712   137.147     0.000
   738.212    73.715   128.000     1.725   137.147     0.000
   745.783    74.471   129.000     1.739   137.147     0.000
   753.380    75.230   130.000     1.753   137.147     0.000
   761.002    75.991   131.000     1.767   131.713     0.000
   768.650    76.755   132.000     1.781   131.713     0.000
   776.323    77.521   133.000     1.795   131.713     0.000
   784.022    78.290   134.000     1.809   131.713     0.000
   791.746    79.061   135.000     1.823   126.630     0.000
   799.495    79.835   136.000     1.837   126.630     0.000
   807.269    80.611   137.000     1.850   126.630     0.000
   815.069    81.390   138.000     1.864   126.630     0.000
   822.893    82.171   139.000     1.878   121.865     0.000
   830.742    82.955   140.000     1.892   121.865     0.000
   838.616    83.741   141.000     1.906   121.865     0.000
   846.514    84.530   142.000     1.920   121.865     0.000
   854.438    85.321   143.000     1.934   117.391     0.000
   862.386    86.115   144.000     1.948   117.391     0.000
   870.358    86.911   145.000     1.962   117.391     0.000
   878.355    87.710   146.000     1.975   117.391     0.000
   886.376    88.510   147.000     1.989   113.185     0.000
   894.421    89.314   148.000     2.003   113.185     0.000
   902.491    90.120   149.000     2.017   113.185     0.000
   910.584    90.928   150.000     2.031   113.185     0.000
   918.702    91.739   151.000     2.045   109.224     0.000
   926.844    92.552   152.000     2.059   109.224     0.000
   935.010    93.367   153.000     2.073   109.224     0.000
   943.199    94.185   154.000     2.087   109.224     0.000
   951.412    95.005   155.000     2.100   105.489     0.000
   959.649    95.827   156.000     2.114   105.489     0.000
   967.910    96.652   157.000     2.128   105.489     0.000
   976.194    97.479   158.000     2.142   105.489     0.000
   984.502    98.309   159.000     2.156   101.962     0.000
   992.833    99.141   160.000     2.170   101.962     0.000
  1001.187    99.975   161.000     2.184   101.962     0.000
  1009.565   100.812   162.000     2.198   101.962     0.000
  1017.966   101.651   163.000     2.212    98.627     0.000
  1026.390   102.492   164.000     2.225    98.627     0.000
  1034.837   103.335   165.000     2.239    98.627     0.000
  1043.308   104.181   166.000     2.253    98.627     0.000
  1051.801   105.029   167.000     2.267    95.470     0.000
  1060.317   105.880   168.000     2.281    95.470     0.000
  1068.857   106.732   169.000     2.295    95.470     0.000
  1077.418   107.587   170.000     2.309    95.470     0.000
  1086.003   108.445   171.000     2.323    92.478     0.000
  1094.610   109.304   172.000     2.337    92.478     0.000
  1103.240   110.166   173.000     2.350    92.478     0.000
  1111.893   111.030   174.000     2.364    92.478     0.000
  1120.568   111.896   175.000     2.378    89.640     0.000
  1129.265   112.765   176.000     2.392    89.640     0.000
  1137.985   113.635   177.000     2.406    89.640     0.000
  1146.727   114.508   178.000     2.420    89.640     0.000
  1155.492   115.384   179.000     2.434    86.943     0.000
  1164.278   116.261   180.000     2.448    86.943     0.000
  1173.087   117.141   181.000     2.462    86.943     0.000
  1181.918   118.023   182.000     2.475    86.943     0.000
  1190.771   118.907   183.000     2.489    84.379     0.000
  1199.646   119.793   184.000     2.503    84.379     0.000
  1208.543   120.681   185.000     2.517    84.379     0.000
  1217.462   121.572   186.000     2.531    84.379     0.000
  1226.403   122.465   187.000     2.545    81.939     0.000
  1235.365   123.360   188.000     2.559    81.939     0.000
  1244.349   124.257   189.000     2.573    81.939     0.000
  1253.355   125.156   190.000     2.587    81.939     0.000
  1262.382   126.057   191.000     2.600    79.614     0.000
  1271.431   126.961   192.000     2.614    79.614     0.000
  1280.502   127.867   193.000     2.628    79.614     0.000
  1289.594   128.775   194.000     2.642    79.614     0.000
  1298.707   129.685   195.000     2.656    77.397     0.000
  1307.842   130.597   196.000     2.670    77.397     0.000
  1316.998   131.511   197.000     2.684    77.397     0.000
  1326.175   132.428   198.000     2.698    77.397     0.000
  1335.374   133.346   199.000     2.712    75.280     0.000
  1344.594   134.267   200.000     2.725    75.280     0.000
  1353.835   135.190   201.000     2.739    75.280     0.000
  1363.097   136.114   202.000     2.753    75.280     0.000
  1372.380   137.041   203.000     2.767    73.259     0.000
  1381.684   137.970   204.000     2.781    73.259     0.000
  1391.008   138.902   205.000     2.795    73.259     0.000
  1400.354   139.835   206.000     2.809    73.259     0.000
............................. Reached Chronic Mixing Zone ..........................
  1409.721   140.770   207.000     2.823    71.327     0.000
  1419.108   141.708   208.000     2.837    71.327     0.000
  1428.516   142.647   209.000     2.850    71.327     0.000
  1437.945   143.589   210.000     2.864    71.327     0.000
  1447.395   144.532   211.000     2.878    69.478     0.000
  1456.865   145.478   212.000     2.892    69.478     0.000
  1466.355   146.426   213.000     2.906    69.478     0.000
  1475.867   147.375   214.000     2.920    69.478     0.000
  1485.398   148.327   215.000     2.934    67.707     0.000
  1494.950   149.281   216.000     2.948    67.707     0.000
  1504.523   150.237   217.000     2.962    67.707     0.000
  1514.116   151.195   218.000     2.975    67.707     0.000
  1523.729   152.155   219.000     2.989    66.011     0.000
  1533.362   153.117   220.000     3.003    66.011     0.000
  1543.016   154.081   221.000     3.017    66.011     0.000
  1552.690   155.047   222.000     3.031    66.011     0.000
  1562.383   156.015   223.000     3.045    64.384     0.000
  1572.097   156.985   224.000     3.059    64.384     0.000
  1581.832   157.957   225.000     3.073    64.384     0.000
  1591.586   158.931   226.000     3.087    64.384     0.000
  1601.360   159.907   227.000     3.100    62.823     0.000
  1611.154   160.885   228.000     3.114    62.823     0.000
  1620.967   161.865   229.000     3.128    62.823     0.000
  1630.801   162.847   230.000     3.142    62.823     0.000
  1640.655   163.831   231.000     3.156    61.324     0.000
  1650.528   164.816   232.000     3.170    61.324     0.000
  1660.421   165.804   233.000     3.184    61.324     0.000
  1670.333   166.794   234.000     3.198    59.883     0.000
  1680.266   167.786   235.000     3.212    59.883     0.000
  1690.218   168.780   236.000     3.225    59.883     0.000
  1700.189   169.775   237.000     3.239    59.883     0.000
  1710.180   170.773   238.000     3.253    58.498     0.000
  1720.191   171.773   239.000     3.267    58.498     0.000
  1730.221   172.774   240.000     3.281    58.498     0.000
  1740.270   173.778   241.000     3.295    58.498     0.000
  1750.339   174.783   242.000     3.309    57.166     0.000
  1760.427   175.791   243.000     3.323    57.166     0.000
  1770.534   176.800   244.000     3.337    57.166     0.000
  1780.661   177.811   245.000     3.350    57.166     0.000
  1790.807   178.824   246.000     3.364    55.884     0.000
  1800.972   179.839   247.000     3.378    55.884     0.000
  1811.156   180.856   248.000     3.392    55.884     0.000
  1821.360   181.875   249.000     3.406    55.884     0.000
  1831.582   182.896   250.000     3.420    54.649     0.000
  1841.824   183.919   251.000     3.434    54.649     0.000
  1852.085   184.943   252.000     3.448    54.649     0.000
  1862.364   185.970   253.000     3.462    54.649     0.000
  1872.663   186.998   254.000     3.475    53.458     0.000
  1882.980   188.028   255.000     3.489    53.458     0.000
  1893.316   189.061   256.000     3.503    53.458     0.000
  1903.671   190.095   257.000     3.517    53.458     0.000
  1914.045   191.131   258.000     3.531    52.310     0.000
  1924.438   192.168   259.000     3.545    52.310     0.000
  1934.850   193.208   260.000     3.559    52.310     0.000
  1945.280   194.250   261.000     3.573    52.310     0.000
  1955.729   195.293   262.000     3.587    51.203     0.000
  1966.196   196.338   263.000     3.600    51.203     0.000
  1976.682   197.385   264.000     3.614    51.203     0.000
  1987.187   198.434   265.000     3.628    51.203     0.000
  1997.710   199.485   266.000     3.642    50.134     0.000
  2008.252   200.538   267.000     3.656    50.134     0.000
  2018.812   201.592   268.000     3.670    50.134     0.000
  2029.391   202.649   269.000     3.684    50.134     0.000
  2039.988   203.707   270.000     3.698    49.102     0.000
  2050.603   204.767   271.000     3.712    49.102     0.000
  2061.237   205.829   272.000     3.725    49.102     0.000
  2071.889   206.892   273.000     3.739    49.102     0.000
  2082.560   207.958   274.000     3.753    48.105     0.000
  2093.248   209.025   275.000     3.767    48.105     0.000
  2103.955   210.094   276.000     3.781    48.105     0.000
  2114.680   211.165   277.000     3.795    48.105     0.000
  2125.423   212.238   278.000     3.809    47.141     0.000
  2136.185   213.313   279.000     3.823    47.141     0.000
  2146.964   214.389   280.000     3.837    47.141     0.000
  2157.762   215.467   281.000     3.850    47.141     0.000
  2168.577   216.547   282.000     3.864    46.209     0.000
  2179.411   217.629   283.000     3.878    46.209     0.000
  2190.263   218.713   284.000     3.892    46.209     0.000
  2201.132   219.798   285.000     3.906    46.209     0.000
  2212.020   220.885   286.000     3.920    45.307     0.000
  2222.925   221.974   287.000     3.934    45.307     0.000
  2233.848   223.065   288.000     3.948    45.307     0.000
  2244.789   224.158   289.000     3.962    45.307     0.000
  2255.748   225.252   290.000     3.975    44.435     0.000
  2266.725   226.348   291.000     3.989    44.435     0.000
  2277.719   227.446   292.000     4.003    44.435     0.000
  2288.731   228.546   293.000     4.017    44.435     0.000
  2299.761   229.647   294.000     4.031    43.589     0.000
  2310.808   230.750   295.000     4.045    43.589     0.000
  2321.873   231.855   296.000     4.059    43.589     0.000
  2332.956   232.962   297.000     4.073    43.589     0.000
  2344.056   234.070   298.000     4.087    42.771     0.000
  2355.174   235.180   299.000     4.100    42.771     0.000
  2366.309   236.292   300.000     4.114    42.771     0.000
  2377.462   237.406   301.000     4.128    42.771     0.000
  2388.633   238.521   302.000     4.142    41.977     0.000
  2399.820   239.639   303.000     4.156    41.977     0.000
  2411.025   240.757   304.000     4.170    41.977     0.000
  2422.248   241.878   305.000     4.184    41.977     0.000
  2433.488   243.000   306.000     4.198    41.208     0.000
  2444.745   244.125   307.000     4.212    41.208     0.000
  2456.019   245.250   308.000     4.225    41.208     0.000
  2467.311   246.378   309.000     4.239    41.208     0.000
  2478.620   247.507   310.000     4.253    40.462     0.000
  2489.947   248.638   311.000     4.267    40.462     0.000
  2501.290   249.771   312.000     4.281    40.462     0.000
  2512.651   250.905   313.000     4.295    40.462     0.000
  2524.029   252.042   314.000     4.309    39.739     0.000
  2535.423   253.179   315.000     4.323    39.739     0.000
  2546.835   254.319   316.000     4.337    39.739     0.000
  2558.265   255.460   317.000     4.350    39.739     0.000
  2569.711   256.603   318.000     4.364    39.036     0.000
  2581.174   257.748   319.000     4.378    39.036     0.000
  2592.654   258.894   320.000     4.392    39.036     0.000
  2604.151   260.042   321.000     4.406    39.036     0.000
  2615.665   261.192   322.000     4.420    38.354     0.000
  2627.196   262.344   323.000     4.434    38.354     0.000
  2638.744   263.497   324.000     4.448    38.354     0.000
  2650.309   264.652   325.000     4.462    38.354     0.000
  2661.890   265.808   326.000     4.475    37.692     0.000
  2673.489   266.966   327.000     4.489    37.692     0.000
  2685.104   268.126   328.000     4.503    37.692     0.000
  2696.736   269.288   329.000     4.517    37.692     0.000
  2708.385   270.451   330.000     4.531    37.048     0.000
  2720.050   271.616   331.000     4.545    37.048     0.000
  2731.732   272.782   332.000     4.559    37.048     0.000
  2743.431   273.950   333.000     4.573    37.048     0.000
  2755.147   275.120   334.000     4.587    36.423     0.000
  2766.879   276.292   335.000     4.600    36.423     0.000
  2778.627   277.465   336.000     4.614    36.423     0.000
  2790.393   278.640   337.000     4.628    36.423     0.000
  2802.175   279.816   338.000     4.642    35.815     0.000
  2813.973   280.995   339.000     4.656    35.815     0.000
  2825.788   282.174   340.000     4.670    35.815     0.000
  2837.619   283.356   341.000     4.684    35.815     0.000
  2849.467   284.539   342.000     4.698    35.224     0.000
  2861.331   285.724   343.000     4.712    35.224     0.000
  2873.212   286.910   344.000     4.725    35.224     0.000
  2885.109   288.098   345.000     4.739    35.224     0.000
  2897.023   289.288   346.000     4.753    34.649     0.000
  2908.953   290.479   347.000     4.767    34.649     0.000
  2920.899   291.672   348.000     4.781    34.649     0.000
  2932.861   292.866   349.000     4.795    34.649     0.000
  2944.840   294.063   350.000     4.809    34.089     0.000
  2956.835   295.260   351.000     4.823    34.089     0.000
  2968.847   296.460   352.000     4.837    34.089     0.000
  2980.874   297.661   353.000     4.850    34.089     0.000
  2992.918   298.863   354.000     4.864    33.544     0.000
  3004.978   300.068   355.000     4.878    33.544     0.000
  3017.054   301.274   356.000     4.892    33.544     0.000
  3029.146   302.481   357.000     4.906    33.544     0.000
  3041.254   303.690   358.000     4.920    33.014     0.000
  3053.378   304.901   359.000     4.934    33.014     0.000
  3065.519   306.113   360.000     4.948    33.014     0.000
  3077.675   307.327   361.000     4.962    32.497     0.000
  3089.848   308.543   362.000     4.975    32.497     0.000
  3102.036   309.760   363.000     4.989    32.497     0.000
  3114.241   310.978   364.000     5.003    32.497     0.000
  3126.461   312.199   365.000     5.017    31.994     0.000
  3138.698   313.421   366.000     5.031    31.994     0.000
  3150.950   314.644   367.000     5.045    31.994     0.000
  3163.218   315.869   368.000     5.059    31.994     0.000
  3175.503   317.096   369.000     5.073    31.504     0.000
  3187.803   318.324   370.000     5.087    31.504     0.000
  3200.118   319.554   371.000     5.100    31.504     0.000
  3212.450   320.785   372.000     5.114    31.504     0.000
  3224.797   322.018   373.000     5.128    31.026     0.000
  3237.161   323.253   374.000     5.142    31.026     0.000
  3249.540   324.489   375.000     5.156    31.026     0.000
  3261.934   325.727   376.000     5.170    31.026     0.000
  3274.345   326.966   377.000     5.184    30.560     0.000
  3286.771   328.207   378.000     5.198    30.560     0.000
  3299.213   329.449   379.000     5.212    30.560     0.000
  3311.670   330.693   380.000     5.225    30.560     0.000
  3324.143   331.939   381.000     5.239    30.105     0.000
  3336.632   333.186   382.000     5.253    30.105     0.000
  3349.137   334.434   383.000     5.267    30.105     0.000
  3361.656   335.685   384.000     5.281    30.105     0.000
  3374.192   336.936   385.000     5.295    29.662     0.000
  3386.743   338.190   386.000     5.309    29.662     0.000
  3399.309   339.444   387.000     5.323    29.662     0.000
  3411.892   340.701   388.000     5.337    29.662     0.000
  3424.489   341.959   389.000     5.350    29.229     0.000
  3437.102   343.218   390.000     5.364    29.229     0.000
  3449.731   344.479   391.000     5.378    29.229     0.000
  3462.374   345.742   392.000     5.392    29.229     0.000
  3475.034   347.006   393.000     5.406    28.807     0.000
  3487.708   348.272   394.000     5.420    28.807     0.000
  3500.398   349.539   395.000     5.434    28.807     0.000
  3513.104   350.808   396.000     5.448    28.807     0.000
  3525.825   352.078   397.000     5.462    28.395     0.000
  3538.561   353.350   398.000     5.475    28.395     0.000
  3551.312   354.623   399.000     5.489    28.395     0.000
  3564.079   355.898   400.000     5.503    28.395     0.000
  3576.861   357.174   401.000     5.517    27.993     0.000
  3589.658   358.452   402.000     5.531    27.993     0.000
  3602.470   359.731   403.000     5.545    27.993     0.000
  3615.298   361.012   404.000     5.559    27.993     0.000
  3628.141   362.295   405.000     5.573    27.600     0.000
  3640.998   363.579   406.000     5.587    27.600     0.000
  3653.872   364.864   407.000     5.600    27.600     0.000
  3666.760   366.151   408.000     5.614    27.600     0.000
  3679.663   367.440   409.000     5.628    27.216     0.000
  3692.582   368.730   410.000     5.642    27.216     0.000
  3705.515   370.021   411.000     5.656    27.216     0.000
  3718.464   371.314   412.000     5.670    27.216     0.000
  3731.427   372.609   413.000     5.684    26.841     0.000
  3744.406   373.905   414.000     5.698    26.841     0.000
  3757.400   375.202   415.000     5.712    26.841     0.000
  3770.408   376.501   416.000     5.725    26.841     0.000
  3783.432   377.802   417.000     5.739    26.475     0.000
  3796.471   379.104   418.000     5.753    26.475     0.000
  3809.524   380.407   419.000     5.767    26.475     0.000
  3822.593   381.712   420.000     5.781    26.475     0.000
  3835.676   383.019   421.000     5.795    26.116     0.000
  3848.774   384.327   422.000     5.809    26.116     0.000
  3861.888   385.636   423.000     5.823    26.116     0.000
  3875.016   386.947   424.000     5.837    26.116     0.000
  3888.159   388.259   425.000     5.850    25.766     0.000
  3901.316   389.573   426.000     5.864    25.766     0.000
  3914.489   390.889   427.000     5.878    25.766     0.000
  3927.676   392.205   428.000     5.892    25.766     0.000
  3940.878   393.524   429.000     5.906    25.424     0.000
  3954.095   394.844   430.000     5.920    25.424     0.000
  3967.327   396.165   431.000     5.934    25.424     0.000
  3980.573   397.488   432.000     5.948    25.424     0.000
  3993.834   398.812   433.000     5.962    25.089     0.000
  4007.110   400.137   434.000     5.975    25.089     0.000
  4020.400   401.465   435.000     5.989    25.089     0.000
  4033.705   402.793   436.000     6.003    25.089     0.000
  4047.025   404.123   437.000     6.017    24.761     0.000
  4060.359   405.455   438.000     6.031    24.761     0.000
  4073.708   406.788   439.000     6.045    24.761     0.000
  4087.071   408.122   440.000     6.059    24.761     0.000
  4100.450   409.458   441.000     6.073    24.441     0.000
  4113.842   410.795   442.000     6.087    24.441     0.000
  4127.250   412.134   443.000     6.100    24.441     0.000
  4140.671   413.475   444.000     6.114    24.441     0.000
  4154.108   414.816   445.000     6.128    24.127     0.000
  4167.558   416.159   446.000     6.142    24.127     0.000
  4181.024   417.504   447.000     6.156    24.127     0.000
  4194.503   418.850   448.000     6.170    24.127     0.000
  4207.998   420.197   449.000     6.184    23.820     0.000
  4221.506   421.546   450.000     6.198    23.820     0.000
  4235.029   422.897   451.000     6.212    23.820     0.000
  4248.567   424.249   452.000     6.225    23.820     0.000
  4262.119   425.602   453.000     6.239    23.519     0.000
  4275.685   426.957   454.000     6.253    23.519     0.000
  4289.265   428.313   455.000     6.267    23.519     0.000
  4302.860   429.670   456.000     6.281    23.519     0.000
  4316.470   431.029   457.000     6.295    23.225     0.000
  4330.093   432.390   458.000     6.309    23.225     0.000
  4343.731   433.751   459.000     6.323    23.225     0.000
  4357.383   435.115   460.000     6.337    23.225     0.000
  4371.050   436.479   461.000     6.350    22.937     0.000
  4384.731   437.845   462.000     6.364    22.937     0.000
  4398.425   439.213   463.000     6.378    22.937     0.000
  4412.135   440.582   464.000     6.392    22.937     0.000
  4425.858   441.952   465.000     6.406    22.654     0.000
  4439.596   443.324   466.000     6.420    22.654     0.000
  4453.347   444.697   467.000     6.434    22.654     0.000
  4467.113   446.072   468.000     6.448    22.654     0.000
  4480.894   447.448   469.000     6.462    22.378     0.000
  4494.688   448.825   470.000     6.475    22.378     0.000
  4508.496   450.204   471.000     6.489    22.378     0.000
  4522.319   451.585   472.000     6.503    22.378     0.000
  4536.155   452.966   473.000     6.517    22.107     0.000
  4550.006   454.349   474.000     6.531    22.107     0.000
  4563.871   455.734   475.000     6.545    22.107     0.000
  4577.750   457.120   476.000     6.559    22.107     0.000
  4591.642   458.507   477.000     6.573    21.841     0.000
  4605.549   459.896   478.000     6.587    21.841     0.000
  4619.470   461.286   479.000     6.600    21.841     0.000
  4633.405   462.677   480.000     6.614    21.841     0.000
  4647.354   464.070   481.000     6.628    21.581     0.000
  4661.317   465.464   482.000     6.642    21.581     0.000
  4675.293   466.860   483.000     6.656    21.581     0.000
  4689.284   468.257   484.000     6.670    21.581     0.000
  4703.289   469.656   485.000     6.684    21.326     0.000
  4717.307   471.056   486.000     6.698    21.326     0.000
  4731.340   472.457   487.000     6.712    21.326     0.000
  4745.386   473.859   488.000     6.725    21.076     0.000
  4759.446   475.263   489.000     6.739    21.076     0.000
  4773.521   476.669   490.000     6.753    21.076     0.000
  4787.609   478.076   491.000     6.767    21.076     0.000
  4801.710   479.484   492.000     6.781    20.830     0.000
  4815.826   480.893   493.000     6.795    20.830     0.000
  4829.955   482.304   494.000     6.809    20.830     0.000
  4844.098   483.716   495.000     6.823    20.830     0.000
  4858.255   485.130   496.000     6.837    20.590     0.000
  4872.426   486.545   497.000     6.850    20.590     0.000
  4886.611   487.962   498.000     6.864    20.590     0.000
  4900.809   489.379   499.000     6.878    20.590     0.000
  4915.021   490.799   500.000     6.892    20.354     0.000
  4929.246   492.219   501.000     6.906    20.354     0.000
  4943.486   493.641   502.000     6.920    20.354     0.000
  4957.739   495.064   503.000     6.934    20.354     0.000
  4969.799   496.269   503.845     6.945    20.122     0.000
