****************************************************************************************************
----------------------------------------------------------------------------------------------------
Ambient Table:
     Depth   Amb-cur   Amb-dir   Amb-sal   Amb-tem   Amb-pol     Decay   Far-spd   Far-dir   Disprsn
       (m)     (m/s)     (deg)     (psu)       (C)    (mg/L)   (1/day)     (m/s)     (deg)(m0.67/s2)
     0.000     0.020    90.000    30.900    11.200     0.000     0.000     0.020    90.000   0.00030
     3.000     0.020    90.000    31.200    10.400     0.000     0.000     0.020    90.000   0.00030
     6.000     0.020    90.000    31.200     9.690     0.000     0.000     0.020    90.000   0.00030
     9.000     0.020    90.000    31.700     9.440     0.000     0.000     0.020    90.000   0.00030
    12.000     0.020    90.000    31.800     9.340     0.000     0.000     0.020    90.000   0.00030
    15.000     0.050    90.000    31.900     9.220     0.000     0.000     0.020    90.000   0.00030
----------------------------------------------------------------------------------------------------
Diffuser Table:
     P-dia    P-elev   V-angle   H-angle     Ports   Spacing   AcuteMZ   ChrncMZ   P-depth   Ttl-flo   Eff-sal      Temp   Polutnt
       (m)       (m)     (deg)     (deg)       ( )       (m)       (m)       (m)       (m)     (cms)     (psu)       (C)    (mg/L)
      0.60     15.00    -45.00     90.00      1.00      0.00     20.70    207.00      2.40      0.01     35.00     10.00 100000.00
----------------------------------------------------------------------------------------------------
Simulation Results:
              Dilutn     P-dia    x-posn    y-posn     Depth      Time   Net-Dil     P-Den    P-Con.     P-Sal    P-Temp  Amb-Curr    CL-Dil
      Step (FluxAvg)       (m)       (m)       (m)       (m)       (s)        ()   (kg/m3)    (mg/L)     (psu)       (C)     (m/s)        ()
         1     1.001     0.469     0.000     0.009    -2.415     0.456     1.001  1026.970 99873.004    34.995    10.001     0.020     1.000
         2     1.001     0.401     0.000     0.010    -2.416     0.469     1.001  1026.970 99856.223    34.994    10.001     0.020     1.000
         3     1.002     0.399     0.000     0.010    -2.417     0.487     1.002  1026.969 99822.324    34.993    10.001     0.020     1.000
         4     1.002     0.397     0.000     0.010    -2.417     0.507     1.002  1026.968 99785.444    34.992    10.001     0.020     1.000
         5     1.003     0.395     0.000     0.011    -2.418     0.526     1.003  1026.966 99745.468    34.990    10.001     0.020     1.000
         6     1.003     0.393     0.000     0.011    -2.419     0.546     1.003  1026.965 99702.078    34.989    10.002     0.020     1.000
         7     1.003     0.390     0.000     0.012    -2.419     0.567     1.003  1026.964 99654.916    34.987    10.002     0.020     1.000
         8     1.004     0.388     0.000     0.012    -2.420     0.588     1.004  1026.962 99603.577    34.985    10.002     0.020     1.000
         9     1.005     0.386     0.000     0.013    -2.421     0.610     1.005  1026.960 99547.607    34.983    10.003     0.020     1.000
        10     1.005     0.384     0.000     0.013    -2.422     0.632     1.005  1026.958 99486.486    34.980    10.003     0.020     1.000
        11     1.006     0.381     0.000     0.013    -2.423     0.655     1.006  1026.956 99419.628    34.978    10.003     0.020     1.000
        12     1.007     0.379     0.000     0.014    -2.424     0.679     1.007  1026.954 99346.362    34.975    10.004     0.020     1.000
        13     1.007     0.377     0.000     0.014    -2.425     0.704     1.007  1026.952 99265.923    34.972    10.004     0.020     1.000
        14     1.008     0.374     0.000     0.015    -2.426     0.729     1.008  1026.949 99177.431    34.968    10.005     0.020     1.000
        15     1.009     0.372     0.000     0.015    -2.427     0.755     1.009  1026.946 99079.873    34.965    10.005     0.020     1.000
        16     1.010     0.369     0.000     0.016    -2.428     0.782     1.010  1026.943 98972.075    34.960    10.006     0.020     1.000
        17     1.012     0.367     0.000     0.017    -2.429     0.810     1.012  1026.939 98852.673    34.956    10.006     0.020     1.000
        18     1.013     0.365     0.000     0.017    -2.431     0.839     1.013  1026.935 98720.074    34.951    10.007     0.020     1.000
        19     1.014     0.362     0.000     0.018    -2.432     0.869     1.014  1026.930 98572.401    34.945    10.008     0.020     1.000
        20     1.016     0.360     0.000     0.018    -2.433     0.900     1.016  1026.925 98407.438    34.939    10.009     0.020     1.000
        21     1.018     0.358     0.000     0.019    -2.435     0.932     1.018  1026.919 98222.540    34.932    10.010     0.020     1.000
        22     1.020     0.355     0.000     0.020    -2.437     0.966     1.020  1026.913 98014.527    34.924    10.011     0.020     1.000
        23     1.023     0.353     0.000     0.021    -2.438     1.001     1.023  1026.906 97779.543    34.915    10.012     0.020     1.000
        24     1.026     0.351     0.000     0.021    -2.440     1.038     1.026  1026.897 97512.855    34.904    10.014     0.020     1.000
        25     1.029     0.348     0.000     0.022    -2.442     1.077     1.029  1026.888 97208.579    34.893    10.015     0.020     1.000
        26     1.032     0.346     0.000     0.023    -2.444     1.117     1.032  1026.877 96859.284    34.879    10.017     0.020     1.000
        27     1.037     0.344     0.000     0.024    -2.447     1.160     1.037  1026.865 96455.409    34.864    10.020     0.020     1.000
        28     1.041     0.342     0.000     0.025    -2.449     1.206     1.041  1026.851 96018.186    34.847    10.022     0.020     1.000
        29     1.047     0.340     0.000     0.026    -2.452     1.254     1.047  1026.837 95553.936    34.829    10.024     0.020     1.000
        30     1.052     0.338     0.000     0.027    -2.455     1.305     1.052  1026.822 95061.003    34.810    10.027     0.020     1.000
        31     1.058     0.336     0.000     0.028    -2.458     1.358     1.058  1026.805 94536.852    34.790    10.030     0.020     1.000
        32     1.064     0.334     0.000     0.029    -2.461     1.414     1.064  1026.788 93978.653    34.768    10.033     0.020     1.000
        33     1.071     0.332     0.000     0.030    -2.464     1.473     1.071  1026.770 93383.232    34.746    10.036     0.020     1.000
        34     1.078     0.329     0.000     0.031    -2.468     1.535     1.078  1026.750 92747.015    34.721    10.040     0.020     1.000
        35     1.086     0.328     0.000     0.033    -2.472     1.602     1.086  1026.729 92065.967    34.695    10.043     0.020     1.000
        36     1.095     0.326     0.000     0.034    -2.477     1.672     1.095  1026.706 91335.511    34.667    10.047     0.020     1.000
        37     1.104     0.324     0.000     0.036    -2.482     1.747     1.104  1026.682 90550.434    34.637    10.052     0.020     1.000
        38     1.115     0.322     0.000     0.037    -2.487     1.827     1.115  1026.656 89704.774    34.604    10.056     0.020     1.000
        39     1.126     0.320     0.000     0.039    -2.493     1.913     1.126  1026.628 88791.671    34.569    10.061     0.020     1.000
        40     1.139     0.319     0.000     0.041    -2.499     2.006     1.139  1026.597 87803.196    34.531    10.066     0.020     1.000
        41     1.153     0.317     0.000     0.043    -2.507     2.106     1.153  1026.564 86730.118    34.490    10.072     0.020     1.000
        42     1.169     0.316     0.000     0.045    -2.515     2.214     1.169  1026.528 85561.622    34.445    10.078     0.020     1.000
        43     1.186     0.315     0.000     0.048    -2.524     2.332     1.186  1026.489 84284.933    34.396    10.085     0.020     1.000
        44     1.206     0.314     0.000     0.050    -2.534     2.462     1.206  1026.446 82884.828    34.342    10.092     0.020     1.000
        45     1.229     0.313     0.000     0.053    -2.545     2.605     1.229  1026.398 81342.974    34.283    10.100     0.020     1.000
        46     1.254     0.312     0.000     0.056    -2.557     2.753     1.254  1026.349 79744.188    34.222    10.109     0.020     1.000
        47     1.279     0.312     0.000     0.059    -2.569     2.900     1.279  1026.301 78176.902    34.162    10.117     0.020     1.000
        48     1.305     0.312     0.000     0.062    -2.581     3.045     1.305  1026.254 76640.492    34.103    10.125     0.020     1.000
        49     1.331     0.312     0.000     0.065    -2.594     3.189     1.331  1026.207 75134.347    34.045    10.132     0.020     1.000
        50     1.358     0.312     0.000     0.068    -2.606     3.331     1.358  1026.162 73657.868    33.988    10.140     0.020     1.000
        51     1.385     0.313     0.000     0.071    -2.619     3.472     1.385  1026.117 72210.469    33.933    10.147     0.020     1.000
        52     1.413     0.314     0.000     0.074    -2.631     3.612     1.413  1026.074 70791.574    33.878    10.154     0.020     1.000
        53     1.441     0.315     0.000     0.077    -2.644     3.752     1.441  1026.031 69400.619    33.825    10.161     0.020     1.000
        54     1.470     0.317     0.000     0.080    -2.657     3.891     1.470  1025.989 68037.052    33.773    10.167     0.020     1.000
        55     1.499     0.318     0.000     0.082    -2.670     4.030     1.499  1025.949 66700.331    33.722    10.174     0.020     1.000
        56     1.529     0.320     0.000     0.085    -2.683     4.169     1.529  1025.908 65389.926    33.672    10.180     0.020     1.000
        57     1.560     0.322     0.000     0.088    -2.696     4.307     1.560  1025.869 64105.317    33.623    10.186     0.020     1.000
        58     1.591     0.324     0.000     0.091    -2.709     4.446     1.591  1025.831 62845.993    33.574    10.192     0.020     1.000
        59     1.623     0.326     0.000     0.094    -2.722     4.585     1.623  1025.793 61611.456    33.527    10.198     0.020     1.000
        60     1.656     0.328     0.000     0.096    -2.736     4.725     1.656  1025.756 60401.215    33.481    10.203     0.020     1.000
        61     1.689     0.330     0.000     0.099    -2.749     4.864     1.689  1025.720 59214.790    33.436    10.208     0.020     1.000
        62     1.723     0.333     0.000     0.102    -2.763     5.005     1.723  1025.685 58051.712    33.391    10.214     0.020     1.000
        63     1.757     0.335     0.000     0.105    -2.777     5.146     1.757  1025.650 56911.519    33.348    10.219     0.020     1.000
        64     1.792     0.338     0.000     0.108    -2.791     5.288     1.792  1025.616 55793.759    33.305    10.223     0.020     1.000
        65     1.828     0.341     0.000     0.111    -2.805     5.430     1.828  1025.583 54697.990    33.264    10.228     0.020     1.000
        66     1.865     0.343     0.000     0.114    -2.819     5.574     1.865  1025.550 53623.777    33.223    10.232     0.020     1.000
        67     1.902     0.346     0.000     0.117    -2.833     5.718     1.902  1025.518 52570.696    33.183    10.237     0.020     1.000
        68     1.940     0.349     0.000     0.120    -2.848     5.863     1.940  1025.487 51538.328    33.144    10.241     0.020     1.000
        69     1.979     0.352     0.000     0.122    -2.862     6.010     1.979  1025.456 50526.265    33.105    10.245     0.020     1.000
        70     2.019     0.356     0.000     0.125    -2.877     6.157     2.019  1025.426 49534.107    33.067    10.249     0.020     1.009
        71     2.059     0.359     0.000     0.128    -2.892     6.306     2.059  1025.397 48561.461    33.031    10.252     0.020     1.030
        72     2.100     0.362     0.000     0.132    -2.907     6.456     2.100  1025.368 47607.942    32.994    10.256     0.020     1.050
        73     2.143     0.366     0.000     0.135    -2.922     6.607     2.143  1025.340 46673.173    32.959    10.259     0.020     1.071
        74     2.185     0.369     0.000     0.138    -2.937     6.760     2.185  1025.313 45756.784    32.924    10.263     0.020     1.093
        75     2.229     0.373     0.000     0.141    -2.953     6.914     2.229  1025.286 44858.413    32.890    10.266     0.020     1.115
        76     2.274     0.377     0.000     0.144    -2.968     7.069     2.274  1025.259 43977.704    32.857    10.269     0.020     1.137
        77     2.319     0.380     0.000     0.147    -2.984     7.226     2.319  1025.234 43114.310    32.825    10.271     0.020     1.160
        78     2.366     0.384     0.000     0.150    -3.000     7.385     2.366  1025.208 42267.889    32.793    10.274     0.020     1.183
        79     2.413     0.388     0.000     0.154    -3.016     7.545     2.413  1025.183 41438.106    32.761    10.277     0.020     1.207
        80     2.462     0.392     0.000     0.157    -3.032     7.707     2.462  1025.159 40624.634    32.731    10.279     0.020     1.231
        81     2.511     0.396     0.000     0.160    -3.048     7.871     2.511  1025.136 39827.151    32.701    10.281     0.020     1.255
        82     2.561     0.400     0.000     0.163    -3.065     8.036     2.561  1025.112 39045.340    32.671    10.284     0.020     1.281
        83     2.612     0.404     0.000     0.167    -3.082     8.204     2.612  1025.089 38278.894    32.642    10.286     0.020     1.306
        84     2.665     0.409     0.000     0.170    -3.098     8.373     2.665  1025.067 37527.510    32.614    10.288     0.020     1.332
        85     2.718     0.413     0.000     0.174    -3.115     8.544     2.718  1025.045 36790.891    32.586    10.289     0.020     1.359
        86     2.772     0.418     0.000     0.177    -3.133     8.717     2.772  1025.024 36068.747    32.559    10.291     0.020     1.386
        87     2.828     0.422     0.000     0.181    -3.150     8.892     2.828  1025.003 35360.792    32.533    10.293     0.020     1.414
        88     2.885     0.427     0.000     0.184    -3.167     9.069     2.885  1024.982 34666.747    32.506    10.294     0.020     1.442
        89     2.942     0.431     0.000     0.188    -3.185     9.249     2.942  1024.962 33986.339    32.481    10.296     0.020     1.471
        90     3.001     0.436     0.000     0.192    -3.203     9.430     3.001  1024.942 33319.298    32.456    10.297     0.020     1.501
        91     3.061     0.441     0.000     0.195    -3.221     9.614     3.061  1024.923 32665.362    32.431    10.298     0.020     1.531
        92     3.123     0.446     0.000     0.199    -3.239     9.800     3.123  1024.904 32024.272    32.407    10.299     0.020     1.561
        93     3.185     0.451     0.000     0.203    -3.257     9.988     3.185  1024.885 31395.777    32.383    10.300     0.020     1.593
        94     3.249     0.456     0.000     0.207    -3.276    10.179     3.249  1024.867 30779.627    32.360    10.301     0.020     1.624
        95     3.314     0.461     0.000     0.211    -3.295    10.372     3.314  1024.849 30175.580    32.337    10.302     0.020     1.657
        96     3.380     0.466     0.000     0.215    -3.314    10.567     3.380  1024.832 29583.398    32.315    10.302     0.020     1.690
        97     3.448     0.471     0.000     0.219    -3.333    10.765     3.448  1024.815 29002.848    32.293    10.303     0.020     1.724
        98     3.517     0.477     0.000     0.223    -3.352    10.966     3.517  1024.798 28433.700    32.272    10.303     0.020     1.758
        99     3.587     0.482     0.000     0.227    -3.372    11.169     3.587  1024.782 27875.730    32.251    10.304     0.020     1.794
       100     3.659     0.488     0.000     0.231    -3.391    11.375     3.659  1024.766 27328.719    32.230    10.304     0.020     1.830
       101     3.732     0.493     0.000     0.235    -3.411    11.583     3.732  1024.750 26792.450    32.210    10.304     0.020     1.866
       102     3.807     0.499     0.000     0.239    -3.431    11.795     3.807  1024.735 26266.713    32.190    10.304     0.020     1.904
       103     3.883     0.505     0.000     0.244    -3.451    12.009     3.883  1024.719 25751.300    32.171    10.304     0.020     1.942
       104     3.961     0.510     0.000     0.248    -3.472    12.226     3.961  1024.705 25246.009    32.152    10.304     0.020     1.981
       105     4.040     0.516     0.000     0.252    -3.493    12.446     4.040  1024.690 24750.639    32.133    10.304     0.020     2.020
       106     4.121     0.522     0.000     0.257    -3.513    12.668     4.121  1024.676 24264.997    32.115    10.303     0.020     2.061
       107     4.204     0.528     0.000     0.261    -3.534    12.894     4.204  1024.662 23788.890    32.097    10.303     0.020     2.102
       108     4.288     0.535     0.000     0.266    -3.556    13.123     4.288  1024.649 23322.132    32.079    10.303     0.020     2.144
       109     4.374     0.541     0.000     0.271    -3.577    13.355     4.374  1024.635 22864.538    32.062    10.302     0.020     2.187
       110     4.461     0.547     0.000     0.275    -3.599    13.590     4.461  1024.622 22415.929    32.045    10.301     0.020     2.231
       111     4.550     0.554     0.000     0.280    -3.621    13.829     4.550  1024.609 21976.127    32.029    10.301     0.020     2.275
       112     4.641     0.560     0.000     0.285    -3.643    14.071     4.641  1024.597 21544.960    32.012    10.300     0.020     2.321
       113     4.734     0.567     0.000     0.290    -3.665    14.316     4.734  1024.585 21122.258    31.996    10.299     0.020     2.367
       114     4.829     0.574     0.000     0.295    -3.688    14.564     4.829  1024.573 20707.854    31.981    10.298     0.020     2.415
       115     4.926     0.580     0.000     0.300    -3.711    14.816     4.926  1024.561 20301.585    31.965    10.297     0.020     2.463
       116     5.024     0.587     0.000     0.305    -3.734    15.072     5.024  1024.550 19903.292    31.950    10.296     0.020     2.512
       117     5.125     0.594     0.000     0.310    -3.757    15.331     5.125  1024.538 19512.818    31.936    10.294     0.020     2.562
       118     5.227     0.602     0.000     0.316    -3.781    15.594     5.227  1024.527 19130.008    31.921    10.293     0.020     2.614
       119     5.332     0.609     0.000     0.321    -3.804    15.860     5.332  1024.517 18754.713    31.907    10.292     0.020     2.666
       120     5.439     0.616     0.000     0.326    -3.828    16.130     5.439  1024.506 18386.785    31.893    10.290     0.020     2.719
       121     5.548     0.623     0.000     0.332    -3.852    16.405     5.548  1024.496 18026.078    31.880    10.289     0.020     2.774
       122     5.659     0.631     0.000     0.338    -3.877    16.683     5.659  1024.486 17672.452    31.866    10.287     0.020     2.829
       123     5.772     0.639     0.000     0.343    -3.902    16.965     5.772  1024.476 17325.766    31.853    10.285     0.020     2.886
       124     5.887     0.646     0.000     0.349    -3.926    17.251     5.887  1024.466 16985.885    31.840    10.283     0.020     2.944
       125     6.005     0.654     0.000     0.355    -3.952    17.541     6.005  1024.457 16652.675    31.828    10.281     0.020     3.003
       126     6.125     0.662     0.000     0.361    -3.977    17.835     6.125  1024.447 16326.005    31.816    10.279     0.020     3.063
       127     6.248     0.670     0.000     0.367    -4.003    18.134     6.248  1024.438 16005.746    31.804    10.277     0.020     3.124
       128     6.373     0.678     0.000     0.373    -4.028    18.437     6.373  1024.430 15691.772    31.792    10.275     0.020     3.186
       129     6.500     0.687     0.000     0.379    -4.055    18.744     6.500  1024.421 15383.960    31.780    10.273     0.020     3.250
       130     6.630     0.695     0.000     0.385    -4.081    19.056     6.630  1024.412 15082.189    31.769    10.271     0.020     3.315
       131     6.763     0.703     0.000     0.392    -4.108    19.372     6.763  1024.404 14786.341    31.758    10.268     0.020     3.381
       132     6.898     0.712     0.000     0.398    -4.135    19.693     6.898  1024.396 14496.298    31.747    10.266     0.020     3.449
       133     7.036     0.721     0.000     0.405    -4.162    20.019     7.036  1024.388 14211.947    31.736    10.263     0.020     3.518
       134     7.177     0.730     0.000     0.411    -4.189    20.349     7.177  1024.380 13933.176    31.725    10.261     0.020     3.589
       135     7.321     0.739     0.000     0.418    -4.217    20.685     7.321  1024.373 13659.876    31.715    10.258     0.020     3.660
       136     7.467     0.748     0.000     0.425    -4.245    21.025     7.467  1024.365 13391.938    31.705    10.255     0.020     3.734
       137     7.617     0.757     0.000     0.432    -4.273    21.370     7.617  1024.358 13129.259    31.695    10.253     0.020     3.808
       138     7.769     0.766     0.000     0.439    -4.302    21.720     7.769  1024.351 12871.733    31.685    10.250     0.020     3.884
       139     7.924     0.776     0.000     0.446    -4.330    22.076     7.924  1024.344 12619.261    31.676    10.247     0.020     3.962
       140     8.083     0.786     0.000     0.453    -4.359    22.437     8.083  1024.338 12371.743    31.667    10.244     0.020     4.041
       141     8.245     0.795     0.000     0.460    -4.389    22.803     8.245  1024.331 12129.082    31.657    10.241     0.020     4.122
       142     8.410     0.805     0.000     0.468    -4.418    23.175     8.410  1024.325 11891.182    31.648    10.237     0.020     4.205
       143     8.578     0.815     0.000     0.475    -4.448    23.552     8.578  1024.318 11657.950    31.640    10.234     0.020     4.289
       144     8.749     0.825     0.000     0.483    -4.478    23.935     8.749  1024.312 11429.294    31.631    10.231     0.020     4.375
       145     8.924     0.836     0.000     0.491    -4.509    24.324     8.924  1024.306 11205.125    31.623    10.227     0.020     4.462
       146     9.103     0.846     0.000     0.499    -4.540    24.718     9.103  1024.300 10985.354    31.614    10.224     0.020     4.552
       147     9.285     0.857     0.000     0.507    -4.571    25.119     9.285  1024.294 10769.894    31.606    10.220     0.020     4.643
       148     9.471     0.868     0.000     0.515    -4.602    25.525     9.471  1024.289 10558.662    31.598    10.217     0.020     4.735
       149     9.660     0.879     0.000     0.523    -4.634    25.938     9.660  1024.283 10351.575    31.590    10.213     0.020     4.830
       150     9.854     0.890     0.000     0.532    -4.666    26.357     9.854  1024.278 10148.550    31.583    10.209     0.020     4.927
       151    10.051     0.901     0.000     0.540    -4.698    26.782    10.051  1024.273  9949.508    31.575    10.206     0.020     5.025
       152    10.252     0.912     0.000     0.549    -4.730    27.213    10.252  1024.268  9754.371    31.568    10.202     0.020     5.126
       153    10.457     0.924     0.000     0.558    -4.763    27.652    10.457  1024.263  9563.063    31.561    10.198     0.020     5.228
       154    10.666     0.936     0.000     0.567    -4.796    28.097    10.666  1024.258  9375.508    31.554    10.194     0.020     5.333
       155    10.879     0.948     0.000     0.576    -4.830    28.549    10.879  1024.253  9191.632    31.547    10.189     0.020     5.440
       156    11.097     0.960     0.000     0.585    -4.864    29.007    11.097  1024.249  9011.364    31.540    10.185     0.020     5.549
       157    11.319     0.972     0.000     0.594    -4.898    29.473    11.319  1024.244  8834.632    31.533    10.181     0.020     5.660
       158    11.546     0.984     0.000     0.604    -4.932    29.946    11.546  1024.240  8661.367    31.527    10.177     0.020     5.773
       159    11.776     0.997     0.000     0.613    -4.967    30.426    11.776  1024.236  8491.501    31.520    10.172     0.020     5.888
       160    12.012     1.010     0.000     0.623    -5.002    30.914    12.012  1024.232  8324.967    31.514    10.168     0.020     6.006
       161    12.252     1.023     0.000     0.633    -5.037    31.409    12.252  1024.228  8161.701    31.508    10.163     0.020     6.126
       162    12.497     1.036     0.000     0.643    -5.073    31.912    12.497  1024.224  8001.637    31.502    10.158     0.020     6.249
       163    12.747     1.049     0.000     0.653    -5.109    32.423    12.747  1024.220  7844.712    31.496    10.154     0.020     6.374
       164    13.002     1.063     0.000     0.664    -5.145    32.941    13.002  1024.216  7690.867    31.490    10.149     0.020     6.501
       165    13.263     1.077     0.000     0.674    -5.182    33.468    13.263  1024.212  7540.039    31.484    10.144     0.020     6.631
       166    13.528     1.091     0.000     0.685    -5.219    34.003    13.528  1024.209  7392.169    31.479    10.139     0.020     6.764
       167    13.798     1.105     0.000     0.696    -5.256    34.547    13.798  1024.205  7247.201    31.473    10.134     0.020     6.899
       168    14.074     1.120     0.000     0.707    -5.294    35.099    14.074  1024.202  7105.076    31.468    10.129     0.020     7.037
       169    14.356     1.134     0.000     0.718    -5.332    35.659    14.356  1024.199  6965.738    31.463    10.124     0.020     7.178
       170    14.643     1.149     0.000     0.729    -5.370    36.229    14.643  1024.196  6829.134    31.458    10.119     0.020     7.322
       171    14.936     1.164     0.000     0.741    -5.409    36.808    14.936  1024.193  6695.210    31.453    10.113     0.020     7.468
       172    15.235     1.180     0.000     0.753    -5.448    37.396    15.235  1024.190  6563.912    31.448    10.108     0.020     7.617
       173    15.540     1.195     0.000     0.765    -5.487    37.993    15.540  1024.187  6435.190    31.443    10.103     0.020     7.770
       174    15.850     1.211     0.000     0.777    -5.526    38.600    15.850  1024.184  6308.993    31.438    10.097     0.020     7.925
       175    16.167     1.227     0.000     0.789    -5.566    39.216    16.167  1024.181  6185.270    31.433    10.091     0.020     8.084
       176    16.491     1.244     0.000     0.802    -5.607    39.843    16.491  1024.179  6063.975    31.429    10.086     0.020     8.245
       177    16.821     1.260     0.000     0.815    -5.647    40.479    16.821  1024.176  5945.059    31.424    10.080     0.020     8.410
       178    17.157     1.277     0.000     0.828    -5.688    41.126    17.157  1024.174  5828.475    31.420    10.074     0.020     8.579
       179    17.500     1.294     0.000     0.841    -5.730    41.783    17.500  1024.171  5714.178    31.416    10.068     0.020     8.750
       180    17.850     1.312     0.000     0.854    -5.772    42.451    17.850  1024.169  5602.123    31.411    10.062     0.020     8.925
       181    18.207     1.330     0.000     0.868    -5.814    43.130    18.207  1024.167  5492.265    31.407    10.056     0.020     9.104
       182    18.572     1.348     0.000     0.882    -5.856    43.820    18.572  1024.165  5384.562    31.403    10.050     0.020     9.286
       183    18.943     1.366     0.000     0.896    -5.899    44.522    18.943  1024.163  5278.972    31.399    10.044     0.020     9.472
       184    19.322     1.385     0.000     0.910    -5.942    45.234    19.322  1024.161  5175.453    31.395    10.038     0.020     9.661
       185    19.708     1.404     0.000     0.924    -5.985    45.959    19.708  1024.159  5073.964    31.391    10.031     0.020     9.854
       186    20.103     1.423     0.000     0.939    -6.029    46.696    20.103  1024.157  4974.465    31.388    10.025     0.020    10.051
       187    20.505     1.443     0.000     0.954    -6.073    47.445    20.505  1024.155  4876.918    31.384    10.018     0.020    10.252
       188    20.915     1.463     0.000     0.969    -6.117    48.206    20.915  1024.153  4781.284    31.380    10.012     0.020    10.457
       189    21.333     1.484     0.000     0.985    -6.162    48.981    21.333  1024.152  4687.527    31.377    10.005     0.020    10.667
       190    21.760     1.505     0.000     1.001    -6.207    49.769    21.760  1024.150  4595.608    31.374     9.999     0.020    10.880
       191    22.195     1.527     0.000     1.017    -6.253    50.570    22.195  1024.149  4505.493    31.371     9.993     0.020    11.098
       192    22.639     1.551     0.000     1.033    -6.298    51.385    22.639  1024.148  4417.145    31.368     9.986     0.020    11.320
       193    23.092     1.575     0.000     1.050    -6.344    52.214    23.092  1024.147  4330.531    31.366     9.980     0.020    11.546
       194    23.554     1.600     0.000     1.067    -6.390    53.058    23.554  1024.147  4245.615    31.364     9.974     0.020    11.777
       195    24.025     1.625     0.000     1.084    -6.436    53.918    24.025  1024.146  4162.365    31.362     9.968     0.020    12.012
       196    24.505     1.652     0.000     1.101    -6.482    54.794    24.505  1024.145  4080.749    31.360     9.962     0.020    12.253
       197    24.995     1.680     0.000     1.119    -6.528    55.686    24.995  1024.145  4000.732    31.358     9.956     0.020    12.498
       198    25.495     1.710     0.000     1.137    -6.574    56.596    25.495  1024.145  3922.286    31.357     9.950     0.020    12.748
       199    26.005     1.740     0.000     1.156    -6.621    57.524    26.005  1024.145  3845.378    31.355     9.944     0.020    13.003
---------------------------- Plume traps -----------------------------
       200    26.525     1.772     0.000     1.175    -6.667    58.471    26.525  1024.145  3769.979    31.354     9.938     0.020    13.263
       201    27.043     1.805     0.000     1.194    -6.712    59.413    27.043  1024.145  3697.855    31.353     9.932     0.020    13.521
       202    27.533     1.838     0.000     1.212    -6.754    60.304    27.533  1024.145  3632.014    31.352     9.927     0.020    13.766
       203    27.998     1.869     0.000     1.228    -6.792    61.145    27.998  1024.146  3571.718    31.352     9.922     0.020    13.999
       204    28.437     1.900     0.000     1.244    -6.828    61.937    28.437  1024.146  3516.587    31.351     9.917     0.020    14.218
       205    28.854     1.930     0.000     1.259    -6.861    62.688    28.854  1024.147  3465.759    31.351     9.913     0.020    14.427
       206    29.251     1.960     0.000     1.274    -6.892    63.402    29.251  1024.147  3418.697    31.351     9.909     0.020    14.625
       207    29.631     1.988     0.000     1.287    -6.921    64.083    29.631  1024.148  3374.878    31.351     9.906     0.020    14.815
       208    29.995     2.016     0.000     1.300    -6.948    64.735    29.995  1024.148  3333.921    31.351     9.902     0.020    14.997
       209    30.345     2.043     0.000     1.313    -6.974    65.359    30.345  1024.149  3295.490    31.351     9.899     0.020    15.172
       210    30.681     2.070     0.000     1.325    -6.998    65.959    30.681  1024.149  3259.315    31.351     9.896     0.020    15.341
       211    31.006     2.097     0.000     1.336    -7.021    66.535    31.006  1024.150  3225.160    31.351     9.893     0.020    15.503
       212    31.320     2.123     0.000     1.347    -7.042    67.090    31.320  1024.150  3192.827    31.351     9.890     0.020    15.660
       213    31.624     2.148     0.000     1.358    -7.063    67.626    31.624  1024.151  3162.140    31.351     9.887     0.020    15.812
       214    31.919     2.173     0.000     1.368    -7.082    68.143    31.919  1024.152  3132.949    31.352     9.884     0.020    15.959
       215    32.205     2.198     0.000     1.378    -7.100    68.643    32.205  1024.152  3105.122    31.352     9.882     0.020    16.102
       216    32.483     2.222     0.000     1.388    -7.118    69.126    32.483  1024.153  3078.541    31.352     9.879     0.020    16.241
       217    32.754     2.246     0.000     1.398    -7.135    69.595    32.754  1024.153  3053.102    31.352     9.877     0.020    16.377
       218    33.017     2.270     0.000     1.407    -7.150    70.049    33.017  1024.154  3028.713    31.353     9.875     0.020    16.509
       219    33.275     2.293     0.000     1.415    -7.166    70.489    33.275  1024.155  3005.292    31.353     9.873     0.020    16.637
       220    33.526     2.316     0.000     1.424    -7.180    70.917    33.526  1024.155  2982.764    31.353     9.871     0.020    16.763
       221    33.772     2.339     0.000     1.432    -7.194    71.333    33.772  1024.156  2961.063    31.353     9.869     0.020    16.886
       222    34.002     2.361     0.000     1.440    -7.207    71.737    34.002  1024.156  2940.993    31.354     9.867     0.020    17.001
       223    34.224     2.383     0.000     1.448    -7.220    72.137    34.224  1024.157  2921.925    31.354     9.865     0.020    17.112
       224    34.435     2.404     0.000     1.456    -7.233    72.533    34.435  1024.157  2904.049    31.354     9.863     0.020    17.217
       225    34.637     2.424     0.000     1.464    -7.245    72.925    34.637  1024.158  2887.063    31.355     9.862     0.020    17.319
       226    34.830     2.445     0.000     1.472    -7.257    73.312    34.830  1024.158  2871.067    31.355     9.860     0.020    17.415
       227    35.015     2.465     0.000     1.480    -7.268    73.695    35.015  1024.159  2855.912    31.355     9.859     0.020    17.508
       228    35.191     2.484     0.000     1.487    -7.280    74.073    35.191  1024.159  2841.615    31.355     9.857     0.020    17.596
       229    35.360     2.504     0.000     1.495    -7.291    74.446    35.360  1024.159  2828.088    31.356     9.856     0.020    17.680
       230    35.520     2.522     0.000     1.502    -7.301    74.814    35.520  1024.160  2815.314    31.356     9.855     0.020    17.760
       231    35.673     2.541     0.000     1.509    -7.311    75.176    35.673  1024.160  2803.233    31.356     9.854     0.020    17.837
       232    35.819     2.559     0.000     1.516    -7.322    75.534    35.819  1024.161  2791.814    31.356     9.852     0.020    17.910
       233    35.958     2.577     0.000     1.523    -7.331    75.886    35.958  1024.161  2781.012    31.357     9.851     0.020    17.979
       234    36.091     2.595     0.000     1.530    -7.341    76.233    36.091  1024.161  2770.796    31.357     9.850     0.020    18.045
       235    36.217     2.612     0.000     1.537    -7.350    76.575    36.217  1024.162  2761.127    31.357     9.849     0.020    18.109
       236    36.338     2.629     0.000     1.544    -7.359    76.911    36.338  1024.162  2751.975    31.357     9.849     0.020    18.169
       237    36.452     2.645     0.000     1.551    -7.367    77.242    36.452  1024.162  2743.308    31.358     9.848     0.020    18.226
       238    36.562     2.662     0.000     1.557    -7.376    77.568    36.562  1024.163  2735.096    31.358     9.847     0.020    18.281
       239    36.666     2.678     0.000     1.564    -7.384    77.888    36.666  1024.163  2727.312    31.358     9.846     0.020    18.333
       240    36.766     2.694     0.000     1.570    -7.392    78.204    36.766  1024.163  2719.930    31.358     9.845     0.020    18.383
       241    36.861     2.709     0.000     1.576    -7.399    78.514    36.861  1024.163  2712.925    31.358     9.845     0.020    18.430
       242    36.951     2.725     0.000     1.582    -7.407    78.819    36.951  1024.164  2706.275    31.359     9.844     0.020    18.476
       243    37.038     2.740     0.000     1.588    -7.414    79.119    37.038  1024.164  2699.959    31.359     9.843     0.020    18.519
       244    37.120     2.754     0.000     1.594    -7.421    79.415    37.120  1024.164  2693.955    31.359     9.843     0.020    18.560
       245    37.199     2.769     0.000     1.600    -7.428    79.705    37.199  1024.164  2688.245    31.359     9.842     0.020    18.599
       246    37.274     2.783     0.000     1.606    -7.434    79.991    37.274  1024.165  2682.812    31.359     9.842     0.020    18.637
       247    37.346     2.797     0.000     1.611    -7.440    80.272    37.346  1024.165  2677.639    31.359     9.841     0.020    18.673
       248    37.415     2.811     0.000     1.617    -7.447    80.549    37.415  1024.165  2672.710    31.359     9.841     0.020    18.708
       249    37.481     2.825     0.000     1.622    -7.453    80.821    37.481  1024.165  2668.012    31.360     9.840     0.020    18.741
       250    37.544     2.838     0.000     1.628    -7.458    81.089    37.544  1024.165  2663.529    31.360     9.840     0.020    18.772
       251    37.605     2.852     0.000     1.633    -7.464    81.352    37.605  1024.165  2659.251    31.360     9.839     0.020    18.802
       252    37.662     2.865     0.000     1.638    -7.469    81.612    37.662  1024.166  2655.165    31.360     9.839     0.020    18.831
       253    37.718     2.878     0.000     1.643    -7.475    81.867    37.718  1024.166  2651.259    31.360     9.838     0.020    18.859
       254    37.771     2.890     0.000     1.648    -7.480    82.118    37.771  1024.166  2647.525    31.360     9.838     0.020    18.886
       255    37.822     2.903     0.000     1.653    -7.485    82.365    37.822  1024.166  2643.951    31.360     9.838     0.020    18.911
       256    37.871     2.915     0.000     1.658    -7.490    82.609    37.871  1024.166  2640.530    31.360     9.837     0.020    18.936
       257    37.918     2.927     0.000     1.663    -7.494    82.849    37.918  1024.166  2637.253    31.361     9.837     0.020    18.959
       258    37.963     2.939     0.000     1.668    -7.499    83.085    37.963  1024.167  2634.111    31.361     9.837     0.020    18.982
       259    38.007     2.951     0.000     1.672    -7.503    83.318    38.007  1024.167  2631.097    31.361     9.836     0.020    19.003
       260    38.049     2.963     0.000     1.677    -7.508    83.547    38.049  1024.167  2628.206    31.361     9.836     0.020    19.024
       261    38.089     2.974     0.000     1.681    -7.512    83.773    38.089  1024.167  2625.429    31.361     9.836     0.020    19.045
       262    38.128     2.986     0.000     1.686    -7.516    83.996    38.128  1024.167  2622.762    31.361     9.836     0.020    19.064
       263    38.165     2.997     0.000     1.690    -7.520    84.216    38.165  1024.167  2620.198    31.361     9.835     0.020    19.083
       264    38.201     3.008     0.000     1.694    -7.524    84.432    38.201  1024.167  2617.732    31.361     9.835     0.020    19.101
       265    38.236     3.019     0.000     1.699    -7.527    84.646    38.236  1024.167  2615.360    31.361     9.835     0.020    19.118
       266    38.269     3.030     0.000     1.703    -7.531    84.856    38.269  1024.167  2613.076    31.361     9.835     0.020    19.135
       267    38.301     3.040     0.000     1.707    -7.534    85.064    38.301  1024.168  2610.876    31.362     9.834     0.020    19.151
       268    38.332     3.051     0.000     1.711    -7.538    85.269    38.332  1024.168  2608.757    31.362     9.834     0.020    19.166
       269    38.362     3.061     0.000     1.715    -7.541    85.471    38.362  1024.168  2606.714    31.362     9.834     0.020    19.181
       270    38.392     3.071     0.000     1.719    -7.544    85.670    38.392  1024.168  2604.743    31.362     9.834     0.020    19.196
       271    38.420     3.081     0.000     1.723    -7.548    85.867    38.420  1024.168  2602.841    31.362     9.833     0.020    19.210
       272    38.447     3.091     0.000     1.727    -7.551    86.062    38.447  1024.168  2601.006    31.362     9.833     0.020    19.223
       273    38.473     3.101     0.000     1.731    -7.554    86.254    38.473  1024.168  2599.234    31.362     9.833     0.020    19.236
       274    38.498     3.110     0.000     1.735    -7.557    86.444    38.498  1024.168  2597.522    31.362     9.833     0.020    19.249
       275    38.523     3.120     0.000     1.739    -7.559    86.631    38.523  1024.168  2595.867    31.362     9.833     0.020    19.261
       276    38.547     3.129     0.000     1.742    -7.562    86.816    38.547  1024.168  2594.267    31.362     9.833     0.020    19.273
       277    38.570     3.139     0.000     1.746    -7.565    86.999    38.570  1024.168  2592.720    31.362     9.832     0.020    19.285
       278    38.592     3.148     0.000     1.749    -7.567    87.180    38.592  1024.168  2591.223    31.362     9.832     0.020    19.296
       279    38.613     3.157     0.000     1.753    -7.570    87.359    38.613  1024.168  2589.775    31.362     9.832     0.020    19.307
       280    38.634     3.166     0.000     1.757    -7.572    87.536    38.634  1024.169  2588.373    31.362     9.832     0.020    19.317
       281    38.655     3.174     0.000     1.760    -7.575    87.710    38.655  1024.169  2587.015    31.362     9.832     0.020    19.327
       282    38.674     3.183     0.000     1.764    -7.577    87.883    38.674  1024.169  2585.699    31.362     9.832     0.020    19.337
       283    38.693     3.191     0.000     1.767    -7.579    88.054    38.693  1024.169  2584.425    31.362     9.832     0.020    19.347
       284    38.712     3.200     0.000     1.770    -7.582    88.223    38.712  1024.169  2583.189    31.363     9.831     0.020    19.356
       285    38.730     3.208     0.000     1.774    -7.584    88.391    38.730  1024.169  2581.992    31.363     9.831     0.020    19.365
       286    38.747     3.216     0.000     1.777    -7.586    88.557    38.747  1024.169  2580.830    31.363     9.831     0.020    19.374
       287    38.764     3.224     0.000     1.780    -7.588    88.721    38.764  1024.169  2579.704    31.363     9.831     0.020    19.382
       288    38.781     3.232     0.000     1.784    -7.590    88.883    38.781  1024.169  2578.611    31.363     9.831     0.020    19.390
       289    38.797     3.240     0.000     1.787    -7.592    89.044    38.797  1024.169  2577.550    31.363     9.831     0.020    19.398
       290    38.812     3.248     0.000     1.790    -7.594    89.203    38.812  1024.169  2576.521    31.363     9.831     0.020    19.406
       291    38.827     3.255     0.000     1.793    -7.596    89.361    38.827  1024.169  2575.522    31.363     9.831     0.020    19.414
       292    38.842     3.263     0.000     1.796    -7.598    89.517    38.842  1024.169  2574.551    31.363     9.830     0.020    19.421
       293    38.856     3.270     0.000     1.799    -7.599    89.671    38.856  1024.169  2573.609    31.363     9.830     0.020    19.428
       294    38.870     3.277     0.000     1.802    -7.601    89.825    38.870  1024.169  2572.694    31.363     9.830     0.020    19.435
       295    38.883     3.284     0.000     1.805    -7.603    89.977    38.883  1024.169  2571.805    31.363     9.830     0.020    19.442
       296    38.896     3.291     0.000     1.808    -7.604    90.127    38.896  1024.169  2570.941    31.363     9.830     0.020    19.448
       297    38.909     3.298     0.000     1.811    -7.606    90.277    38.909  1024.169  2570.102    31.363     9.830     0.020    19.454
       298    38.921     3.305     0.000     1.814    -7.608    90.425    38.921  1024.169  2569.286    31.363     9.830     0.020    19.461
       299    38.933     3.312     0.000     1.817    -7.609    90.572    38.933  1024.170  2568.493    31.363     9.830     0.020    19.467
       300    38.945     3.318     0.000     1.820    -7.610    90.717    38.945  1024.170  2567.722    31.363     9.830     0.020    19.473
       301    38.956     3.325     0.000     1.823    -7.612    90.862    38.956  1024.170  2566.973    31.363     9.830     0.020    19.478
       302    38.967     3.331     0.000     1.826    -7.613    91.005    38.967  1024.170  2566.245    31.363     9.830     0.020    19.484
       303    38.978     3.337     0.000     1.829    -7.615    91.148    38.978  1024.170  2565.537    31.363     9.830     0.020    19.489
       304    38.989     3.344     0.000     1.832    -7.616    91.289    38.989  1024.170  2564.848    31.363     9.829     0.020    19.494
       305    38.999     3.350     0.000     1.835    -7.617    91.429    38.999  1024.170  2564.179    31.363     9.829     0.020    19.499
       306    39.009     3.356     0.000     1.837    -7.619    91.568    39.009  1024.170  2563.528    31.363     9.829     0.020    19.504
       307    39.018     3.361     0.000     1.840    -7.620    91.706    39.018  1024.170  2562.895    31.363     9.829     0.020    19.509
       308    39.028     3.367     0.000     1.843    -7.621    91.843    39.028  1024.170  2562.280    31.363     9.829     0.020    19.514
       309    39.037     3.373     0.000     1.846    -7.622    91.979    39.037  1024.170  2561.681    31.363     9.829     0.020    19.518
       310    39.046     3.378     0.000     1.848    -7.623    92.114    39.046  1024.170  2561.099    31.363     9.829     0.020    19.523
       311    39.054     3.384     0.000     1.851    -7.624    92.249    39.054  1024.170  2560.533    31.363     9.829     0.020    19.527
       312    39.063     3.389     0.000     1.854    -7.626    92.382    39.063  1024.170  2559.983    31.363     9.829     0.020    19.531
       313    39.071     3.394     0.000     1.856    -7.627    92.515    39.071  1024.170  2559.449    31.364     9.829     0.020    19.535
       314    39.079     3.399     0.000     1.859    -7.628    92.647    39.079  1024.170  2558.929    31.364     9.829     0.020    19.539
       315    39.087     3.405     0.000     1.862    -7.629    92.778    39.087  1024.170  2558.423    31.364     9.829     0.020    19.543
       316    39.094     3.409     0.000     1.864    -7.630    92.908    39.094  1024.170  2557.932    31.364     9.829     0.020    19.547
       317    39.101     3.414     0.000     1.867    -7.631    93.037    39.101  1024.170  2557.455    31.364     9.829     0.020    19.551
       318    39.108     3.419     0.000     1.869    -7.631    93.166    39.108  1024.170  2556.991    31.364     9.829     0.020    19.554
       319    39.115     3.424     0.000     1.872    -7.632    93.294    39.115  1024.170  2556.540    31.364     9.829     0.020    19.558
       320    39.122     3.428     0.000     1.874    -7.633    93.421    39.122  1024.170  2556.103    31.364     9.828     0.020    19.561
       321    39.129     3.433     0.000     1.877    -7.634    93.547    39.129  1024.170  2555.678    31.364     9.828     0.020    19.564
       322    39.135     3.437     0.000     1.879    -7.635    93.673    39.135  1024.170  2555.265    31.364     9.828     0.020    19.567
       323    39.141     3.441     0.000     1.882    -7.636    93.799    39.141  1024.170  2554.864    31.364     9.828     0.020    19.571
       324    39.147     3.445     0.000     1.884    -7.636    93.923    39.147  1024.170  2554.476    31.364     9.828     0.020    19.573
       325    39.153     3.449     0.000     1.887    -7.637    94.047    39.153  1024.170  2554.098    31.364     9.828     0.020    19.576
       326    39.158     3.453     0.000     1.889    -7.638    94.171    39.158  1024.170  2553.733    31.364     9.828     0.020    19.579
       327    39.164     3.457     0.000     1.892    -7.639    94.293    39.164  1024.170  2553.378    31.364     9.828     0.020    19.582
       328    39.169     3.461     0.000     1.894    -7.639    94.416    39.169  1024.170  2553.034    31.364     9.828     0.020    19.585
       329    39.174     3.465     0.000     1.897    -7.640    94.537    39.174  1024.170  2552.701    31.364     9.828     0.020    19.587
       330    39.179     3.468     0.000     1.899    -7.641    94.659    39.179  1024.170  2552.379    31.364     9.828     0.020    19.590
       331    39.184     3.472     0.000     1.902    -7.641    94.779    39.184  1024.170  2552.066    31.364     9.828     0.020    19.592
       332    39.189     3.475     0.000     1.904    -7.642    94.900    39.189  1024.170  2551.764    31.364     9.828     0.020    19.594
       333    39.193     3.478     0.000     1.906    -7.642    95.019    39.193  1024.170  2551.472    31.364     9.828     0.020    19.597
       334    39.197     3.482     0.000     1.909    -7.643    95.139    39.197  1024.170  2551.190    31.364     9.828     0.020    19.599
       335    39.202     3.485     0.000     1.911    -7.643    95.258    39.202  1024.170  2550.918    31.364     9.828     0.020    19.601
       336    39.206     3.488     0.000     1.914    -7.644    95.376    39.206  1024.170  2550.655    31.364     9.828     0.020    19.603
       337    39.210     3.491     0.000     1.916    -7.644    95.494    39.210  1024.170  2550.401    31.364     9.828     0.020    19.605
       338    39.213     3.493     0.000     1.918    -7.645    95.612    39.213  1024.170  2550.156    31.364     9.828     0.020    19.607
       339    39.217     3.496     0.000     1.921    -7.645    95.729    39.217  1024.170  2549.921    31.364     9.828     0.020    19.608
       340    39.220     3.499     0.000     1.923    -7.646    95.846    39.220  1024.170  2549.695    31.364     9.828     0.020    19.610
       341    39.224     3.501     0.000     1.925    -7.646    95.962    39.224  1024.170  2549.477    31.364     9.828     0.020    19.612
       342    39.227     3.504     0.000     1.928    -7.647    96.078    39.227  1024.170  2549.268    31.364     9.828     0.020    19.613
       343    39.230     3.506     0.000     1.930    -7.647    96.194    39.230  1024.170  2549.068    31.364     9.828     0.020    19.615
       344    39.233     3.508     0.000     1.932    -7.647    96.310    39.233  1024.170  2548.876    31.364     9.828     0.020    19.616
       345    39.236     3.510     0.000     1.935    -7.648    96.425    39.236  1024.171  2548.693    31.364     9.828     0.020    19.618
       346    39.238     3.512     0.000     1.937    -7.648    96.540    39.238  1024.171  2548.518    31.364     9.828     0.020    19.619
       347    39.241     3.514     0.000     1.939    -7.648    96.655    39.241  1024.171  2548.351    31.364     9.828     0.020    19.621
       348    39.243     3.516     0.000     1.941    -7.649    96.769    39.243  1024.171  2548.193    31.364     9.828     0.020    19.622
       349    39.246     3.518     0.000     1.944    -7.649    96.883    39.246  1024.171  2548.042    31.364     9.828     0.020    19.623
       350    39.248     3.520     0.000     1.946    -7.649    96.997    39.248  1024.171  2547.900    31.364     9.828     0.020    19.624
       351    39.250     3.521     0.000     1.948    -7.650    97.111    39.250  1024.171  2547.765    31.364     9.828     0.020    19.625
       352    39.252     3.523     0.000     1.951    -7.650    97.224    39.252  1024.171  2547.638    31.364     9.828     0.020    19.626
       353    39.254     3.524     0.000     1.953    -7.650    97.338    39.254  1024.171  2547.519    31.364     9.828     0.020    19.627
       354    39.256     3.526     0.000     1.955    -7.650    97.451    39.256  1024.171  2547.408    31.364     9.828     0.020    19.628
       355    39.257     3.527     0.000     1.957    -7.650    97.564    39.257  1024.171  2547.304    31.364     9.828     0.020    19.629
       356    39.259     3.528     0.000     1.960    -7.651    97.677    39.259  1024.171  2547.208    31.364     9.828     0.020    19.629
       357    39.260     3.529     0.000     1.962    -7.651    97.789    39.260  1024.171  2547.120    31.364     9.828     0.020    19.630
       358    39.261     3.530     0.000     1.964    -7.651    97.902    39.261  1024.171  2547.039    31.364     9.828     0.020    19.631
       359    39.262     3.531     0.000     1.966    -7.651    98.014    39.262  1024.171  2546.965    31.364     9.828     0.020    19.631
       360    39.263     3.532     0.000     1.969    -7.651    98.127    39.263  1024.171  2546.899    31.364     9.828     0.020    19.632
       361    39.264     3.532     0.000     1.971    -7.651    98.239    39.264  1024.171  2546.841    31.364     9.827     0.020    19.632
       362    39.265     3.533     0.000     1.973    -7.651    98.351    39.265  1024.171  2546.789    31.364     9.827     0.020    19.633
       363    39.266     3.533     0.000     1.975    -7.651    98.463    39.266  1024.171  2546.745    31.364     9.827     0.020    19.633
       364    39.266     3.534     0.000     1.978    -7.651    98.575    39.266  1024.171  2546.709    31.364     9.827     0.020    19.633
       365    39.267     3.534     0.000     1.980    -7.651    98.687    39.267  1024.171  2546.680    31.364     9.827     0.020    19.633
       366    39.267     3.534     0.000     1.982    -7.651    98.799    39.267  1024.171  2546.658    31.364     9.827     0.020    19.634
---------------------- Local maximum rise or fall --------------------
------------------------- merging happened ---------------------------
       367    39.267     3.534     0.000     1.984    -7.651    98.911    39.267  1024.171  2546.643    31.364     9.827     0.020    19.634
       368    39.268     3.534     0.000     1.987    -7.651    99.023    39.268  1024.171  2546.635    31.364     9.827     0.020    19.634
       369    39.268     3.534     0.000     1.989    -7.651    99.135    39.268  1024.171  2546.632    31.364     9.827     0.020    19.634
       370    39.268     3.534     0.000     1.991    -7.651    99.247    39.268  1024.171  2546.629    31.364     9.827     0.020    19.634
       371    39.268     3.534     0.000     1.993    -7.651    99.359    39.268  1024.171  2546.624    31.364     9.827     0.020    19.634
       372    39.268     3.534     0.000     1.995    -7.651    99.471    39.268  1024.171  2546.619    31.364     9.827     0.020    19.634
       373    39.268     3.533     0.000     1.998    -7.651    99.583    39.268  1024.171  2546.612    31.364     9.827     0.020    19.634
       374    39.268     3.533     0.000     2.000    -7.651    99.695    39.268  1024.171  2546.604    31.364     9.827     0.020    19.634
       375    39.268     3.532     0.000     2.002    -7.651    99.807    39.268  1024.171  2546.594    31.364     9.827     0.020    19.634
       376    39.268     3.531     0.000     2.004    -7.651    99.920    39.268  1024.171  2546.583    31.364     9.827     0.020    19.634
       377    39.268     3.531     0.000     2.007    -7.651   100.032    39.268  1024.171  2546.571    31.364     9.827     0.020    19.634
       378    39.269     3.530     0.000     2.009    -7.650   100.145    39.269  1024.171  2546.557    31.364     9.827     0.020    19.634
       379    39.269     3.529     0.000     2.011    -7.650   100.257    39.269  1024.171  2546.542    31.364     9.827     0.020    19.634
       380    39.269     3.528     0.000     2.013    -7.650   100.370    39.269  1024.171  2546.526    31.364     9.827     0.020    19.635
       381    39.269     3.527     0.000     2.016    -7.650   100.483    39.269  1024.171  2546.508    31.364     9.827     0.020    19.635
       382    39.270     3.526     0.000     2.018    -7.649   100.596    39.270  1024.171  2546.488    31.364     9.827     0.020    19.635
       383    39.270     3.524     0.000     2.020    -7.649   100.710    39.270  1024.171  2546.468    31.364     9.827     0.020    19.635
       384    39.270     3.523     0.000     2.023    -7.649   100.823    39.270  1024.171  2546.445    31.364     9.827     0.020    19.635
       385    39.271     3.522     0.000     2.025    -7.649   100.937    39.271  1024.171  2546.422    31.364     9.827     0.020    19.635
       386    39.271     3.520     0.000     2.027    -7.648   101.051    39.271  1024.171  2546.396    31.364     9.827     0.020    19.636
       387    39.272     3.518     0.000     2.029    -7.648   101.165    39.272  1024.171  2546.369    31.364     9.827     0.020    19.636
       388    39.272     3.517     0.000     2.032    -7.648   101.279    39.272  1024.171  2546.341    31.364     9.827     0.020    19.636
       389    39.273     3.515     0.000     2.034    -7.647   101.394    39.273  1024.171  2546.311    31.364     9.827     0.020    19.636
       390    39.273     3.513     0.000     2.036    -7.647   101.509    39.273  1024.171  2546.279    31.364     9.827     0.020    19.636
       391    39.274     3.511     0.000     2.039    -7.647   101.625    39.274  1024.171  2546.245    31.364     9.827     0.020    19.637
       392    39.274     3.509     0.000     2.041    -7.646   101.740    39.274  1024.171  2546.210    31.364     9.827     0.020    19.637
       393    39.275     3.507     0.000     2.043    -7.646   101.856    39.275  1024.171  2546.173    31.364     9.827     0.020    19.637
       394    39.275     3.505     0.000     2.046    -7.645   101.972    39.275  1024.171  2546.135    31.364     9.827     0.020    19.638
       395    39.276     3.503     0.000     2.048    -7.645   102.089    39.276  1024.171  2546.094    31.364     9.827     0.020    19.638
       396    39.277     3.500     0.000     2.050    -7.644   102.206    39.277  1024.171  2546.051    31.364     9.827     0.020    19.638
       397    39.277     3.498     0.000     2.053    -7.644   102.324    39.277  1024.171  2546.007    31.364     9.827     0.020    19.639
       398    39.278     3.495     0.000     2.055    -7.643   102.442    39.278  1024.171  2545.961    31.364     9.827     0.020    19.639
       399    39.279     3.493     0.000     2.057    -7.643   102.560    39.279  1024.171  2545.912    31.364     9.827     0.020    19.639
       400    39.279     3.490     0.000     2.060    -7.642   102.679    39.279  1024.171  2545.862    31.364     9.827     0.020    19.640
       401    39.280     3.487     0.000     2.062    -7.642   102.798    39.280  1024.171  2545.809    31.364     9.827     0.020    19.640
       402    39.281     3.484     0.000     2.064    -7.641   102.917    39.281  1024.171  2545.754    31.364     9.827     0.020    19.641
       403    39.282     3.481     0.000     2.067    -7.640   103.037    39.282  1024.171  2545.697    31.364     9.827     0.020    19.641
       404    39.283     3.478     0.000     2.069    -7.640   103.158    39.283  1024.171  2545.637    31.364     9.827     0.020    19.641
       405    39.284     3.475     0.000     2.072    -7.639   103.279    39.284  1024.171  2545.575    31.364     9.827     0.020    19.642
       406    39.285     3.472     0.000     2.074    -7.638   103.401    39.285  1024.171  2545.511    31.364     9.827     0.020    19.642
       407    39.286     3.468     0.000     2.077    -7.638   103.523    39.286  1024.171  2545.444    31.364     9.827     0.020    19.643
       408    39.287     3.465     0.000     2.079    -7.637   103.646    39.287  1024.171  2545.374    31.364     9.827     0.020    19.643
       409    39.288     3.462     0.000     2.081    -7.636   103.770    39.288  1024.171  2545.301    31.364     9.827     0.020    19.644
       410    39.289     3.458     0.000     2.084    -7.635   103.894    39.289  1024.171  2545.226    31.364     9.827     0.020    19.645
       411    39.290     3.454     0.000     2.086    -7.635   104.018    39.290  1024.171  2545.148    31.364     9.827     0.020    19.645
       412    39.292     3.451     0.000     2.089    -7.634   104.144    39.292  1024.171  2545.067    31.364     9.827     0.020    19.646
       413    39.293     3.447     0.000     2.092    -7.633   104.270    39.293  1024.171  2544.982    31.364     9.827     0.020    19.647
       414    39.294     3.443     0.000     2.094    -7.632   104.397    39.294  1024.171  2544.895    31.364     9.827     0.020    19.647
       415    39.296     3.439     0.000     2.097    -7.631   104.524    39.296  1024.171  2544.804    31.364     9.827     0.020    19.648
       416    39.297     3.435     0.000     2.099    -7.630   104.652    39.297  1024.171  2544.709    31.364     9.827     0.020    19.649
       417    39.299     3.431     0.000     2.102    -7.629   104.781    39.299  1024.171  2544.611    31.364     9.827     0.020    19.649
       418    39.300     3.426     0.000     2.104    -7.628   104.911    39.300  1024.171  2544.510    31.364     9.827     0.020    19.650
       419    39.302     3.422     0.000     2.107    -7.627   105.042    39.302  1024.171  2544.404    31.364     9.827     0.020    19.651
       420    39.304     3.418     0.000     2.110    -7.626   105.173    39.304  1024.171  2544.294    31.364     9.827     0.020    19.652
       421    39.305     3.413     0.000     2.112    -7.625   105.305    39.305  1024.171  2544.181    31.364     9.827     0.020    19.653
       422    39.307     3.409     0.000     2.115    -7.624   105.439    39.307  1024.171  2544.062    31.364     9.827     0.020    19.654
       423    39.309     3.404     0.000     2.118    -7.623   105.573    39.309  1024.171  2543.940    31.364     9.827     0.020    19.655
       424    39.311     3.399     0.000     2.120    -7.622   105.708    39.311  1024.171  2543.812    31.364     9.827     0.020    19.656
       425    39.313     3.394     0.000     2.123    -7.621   105.844    39.313  1024.171  2543.680    31.364     9.827     0.020    19.657
       426    39.315     3.389     0.000     2.126    -7.620   105.981    39.315  1024.171  2543.543    31.364     9.827     0.020    19.658
       427    39.317     3.384     0.000     2.129    -7.618   106.119    39.317  1024.171  2543.400    31.364     9.827     0.020    19.659
       428    39.320     3.379     0.000     2.131    -7.617   106.258    39.320  1024.171  2543.252    31.364     9.827     0.020    19.660
       429    39.322     3.374     0.000     2.134    -7.616   106.398    39.322  1024.171  2543.098    31.364     9.827     0.020    19.661
       430    39.325     3.369     0.000     2.137    -7.614   106.539    39.325  1024.171  2542.937    31.364     9.827     0.020    19.662
       431    39.327     3.363     0.000     2.140    -7.613   106.682    39.327  1024.171  2542.771    31.364     9.827     0.020    19.664
       432    39.330     3.358     0.000     2.143    -7.612   106.826    39.330  1024.171  2542.598    31.364     9.827     0.020    19.665
       433    39.333     3.352     0.000     2.146    -7.610   106.970    39.333  1024.171  2542.418    31.364     9.827     0.020    19.666
       434    39.336     3.347     0.000     2.148    -7.609   107.117    39.336  1024.171  2542.231    31.364     9.827     0.020    19.668
       435    39.339     3.341     0.000     2.151    -7.607   107.264    39.339  1024.171  2542.037    31.364     9.827     0.020    19.669
       436    39.342     3.335     0.000     2.154    -7.606   107.413    39.342  1024.171  2541.835    31.364     9.827     0.020    19.671
       437    39.345     3.330     0.000     2.157    -7.604   107.563    39.345  1024.171  2541.624    31.364     9.827     0.020    19.672
       438    39.348     3.324     0.000     2.160    -7.602   107.714    39.348  1024.171  2541.405    31.364     9.827     0.020    19.674
       439    39.352     3.318     0.000     2.163    -7.601   107.867    39.352  1024.171  2541.177    31.364     9.827     0.020    19.676
       440    39.356     3.311     0.000     2.167    -7.599   108.022    39.356  1024.171  2540.939    31.364     9.827     0.020    19.678
       441    39.359     3.305     0.000     2.170    -7.597   108.178    39.359  1024.171  2540.691    31.364     9.827     0.020    19.680
       442    39.363     3.299     0.000     2.173    -7.595   108.335    39.363  1024.171  2540.433    31.364     9.827     0.020    19.682
       443    39.368     3.293     0.000     2.176    -7.594   108.495    39.368  1024.171  2540.164    31.364     9.827     0.020    19.684
       444    39.372     3.286     0.000     2.179    -7.592   108.655    39.372  1024.171  2539.884    31.364     9.827     0.020    19.686
       445    39.376     3.280     0.000     2.183    -7.590   108.818    39.376  1024.171  2539.591    31.364     9.827     0.020    19.688
       446    39.381     3.273     0.000     2.186    -7.588   108.982    39.381  1024.171  2539.285    31.364     9.827     0.020    19.691
       447    39.386     3.266     0.000     2.189    -7.585   109.149    39.386  1024.171  2538.966    31.364     9.827     0.020    19.693
       448    39.391     3.259     0.000     2.193    -7.583   109.317    39.391  1024.171  2538.633    31.364     9.827     0.020    19.696
       449    39.397     3.253     0.000     2.196    -7.581   109.487    39.397  1024.171  2538.285    31.364     9.827     0.020    19.698
       450    39.402     3.246     0.000     2.199    -7.579   109.659    39.402  1024.171  2537.921    31.364     9.827     0.020    19.701
       451    39.408     3.239     0.000     2.203    -7.577   109.833    39.408  1024.171  2537.541    31.364     9.827     0.020    19.704
       452    39.414     3.231     0.000     2.206    -7.574   110.010    39.414  1024.171  2537.143    31.364     9.826     0.020    19.707
       453    39.421     3.224     0.000     2.210    -7.572   110.188    39.421  1024.171  2536.726    31.364     9.826     0.020    19.710
       454    39.428     3.217     0.000     2.214    -7.569   110.369    39.428  1024.171  2536.290    31.364     9.826     0.020    19.714
       455    39.435     3.210     0.000     2.217    -7.567   110.553    39.435  1024.171  2535.832    31.364     9.826     0.020    19.717
       456    39.442     3.202     0.000     2.221    -7.564   110.738    39.442  1024.171  2535.353    31.365     9.826     0.020    19.721
       457    39.450     3.195     0.000     2.225    -7.561   110.927    39.450  1024.171  2534.850    31.365     9.826     0.020    19.725
       458    39.458     3.187     0.000     2.229    -7.558   111.118    39.458  1024.171  2534.322    31.365     9.826     0.020    19.729
       459    39.467     3.179     0.000     2.232    -7.556   111.311    39.467  1024.171  2533.768    31.365     9.826     0.020    19.733
       460    39.476     3.172     0.000     2.236    -7.553   111.508    39.476  1024.171  2533.186    31.365     9.826     0.020    19.738
       461    39.486     3.164     0.000     2.240    -7.549   111.707    39.486  1024.171  2532.573    31.365     9.826     0.020    19.743
       462    39.496     3.156     0.000     2.244    -7.546   111.910    39.496  1024.171  2531.929    31.365     9.826     0.020    19.748
       463    39.506     3.148     0.000     2.249    -7.543   112.115    39.506  1024.171  2531.251    31.365     9.826     0.020    19.753
       464    39.517     3.140     0.000     2.253    -7.540   112.324    39.517  1024.171  2530.536    31.365     9.826     0.020    19.759
       465    39.529     3.132     0.000     2.257    -7.536   112.537    39.529  1024.171  2529.783    31.365     9.826     0.020    19.765
       466    39.542     3.123     0.000     2.261    -7.533   112.753    39.542  1024.171  2528.988    31.365     9.826     0.020    19.771
       467    39.555     3.115     0.000     2.266    -7.529   112.972    39.555  1024.171  2528.149    31.365     9.826     0.020    19.777
       468    39.569     3.107     0.000     2.270    -7.525   113.195    39.569  1024.172  2527.262    31.365     9.825     0.020    19.784
       469    39.583     3.098     0.000     2.275    -7.521   113.423    39.583  1024.172  2526.323    31.365     9.825     0.020    19.792
       470    39.599     3.090     0.000     2.279    -7.517   113.654    39.599  1024.172  2525.330    31.365     9.825     0.020    19.799
       471    39.615     3.081     0.000     2.284    -7.513   113.890    39.615  1024.172  2524.277    31.365     9.825     0.020    19.808
       472    39.633     3.073     0.000     2.289    -7.509   114.131    39.633  1024.172  2523.161    31.365     9.825     0.020    19.816
       473    39.651     3.064     0.000     2.294    -7.504   114.376    39.651  1024.172  2521.975    31.365     9.825     0.020    19.826
       474    39.671     3.055     0.000     2.299    -7.500   114.626    39.671  1024.172  2520.715    31.365     9.825     0.020    19.836
       475    39.692     3.047     0.000     2.304    -7.495   114.882    39.692  1024.172  2519.373    31.365     9.825     0.020    19.846
       476    39.715     3.038     0.000     2.309    -7.490   115.143    39.715  1024.172  2517.944    31.365     9.824     0.020    19.857
       477    39.739     3.029     0.000     2.314    -7.485   115.410    39.739  1024.172  2516.419    31.365     9.824     0.020    19.870
       478    39.765     3.020     0.000     2.320    -7.479   115.683    39.765  1024.172  2514.791    31.365     9.824     0.020    19.882
       479    39.792     3.011     0.000     2.326    -7.474   115.962    39.792  1024.172  2513.048    31.365     9.824     0.020    19.896
       480    39.822     3.002     0.000     2.331    -7.468   116.249    39.822  1024.172  2511.180    31.365     9.824     0.020    19.911
       481    39.854     2.993     0.000     2.337    -7.462   116.542    39.854  1024.172  2509.176    31.365     9.824     0.020    19.927
       482    39.888     2.984     0.000     2.343    -7.456   116.843    39.888  1024.172  2507.021    31.365     9.823     0.020    19.944
       483    39.925     2.975     0.000     2.349    -7.450   117.153    39.925  1024.172  2504.700    31.366     9.823     0.020    19.962
       484    39.965     2.966     0.000     2.356    -7.443   117.471    39.965  1024.173  2502.194    31.366     9.823     0.020    19.982
       485    40.008     2.957     0.000     2.362    -7.436   117.799    40.008  1024.173  2499.482    31.366     9.823     0.020    20.004
       486    40.055     2.948     0.000     2.369    -7.428   118.136    40.055  1024.173  2496.541    31.366     9.822     0.020    20.028
       487    40.107     2.939     0.000     2.376    -7.421   118.485    40.107  1024.173  2493.343    31.366     9.822     0.020    20.053
       488    40.163     2.930     0.000     2.383    -7.413   118.845    40.163  1024.173  2489.855    31.366     9.822     0.020    20.081
       489    40.225     2.922     0.000     2.391    -7.404   119.218    40.225  1024.173  2486.037    31.366     9.821     0.020    20.112
       490    40.293     2.913     0.000     2.398    -7.395   119.606    40.293  1024.173  2481.842    31.366     9.821     0.020    20.146
       491    40.368     2.905     0.000     2.406    -7.386   120.008    40.368  1024.174  2477.215    31.366     9.820     0.020    20.184
       492    40.452     2.896     0.000     2.415    -7.376   120.428    40.452  1024.174  2472.084    31.366     9.820     0.020    20.226
       493    40.546     2.889     0.000     2.424    -7.366   120.868    40.546  1024.174  2466.364    31.367     9.819     0.020    20.273
       494    40.651     2.881     0.000     2.433    -7.354   121.329    40.651  1024.174  2459.942    31.367     9.819     0.020    20.326
       495    40.772     2.874     0.000     2.443    -7.343   121.815    40.772  1024.174  2452.673    31.367     9.818     0.020    20.386
       496    40.910     2.867     0.000     2.453    -7.330   122.330    40.910  1024.175  2444.365    31.367     9.817     0.020    20.455
       497    41.072     2.861     0.000     2.464    -7.316   122.880    41.072  1024.175  2434.746    31.367     9.816     0.020    20.536
       498    41.264     2.856     0.000     2.476    -7.301   123.472    41.264  1024.175  2423.422    31.368     9.815     0.020    20.632
       499    41.487     2.852     0.000     2.489    -7.284   124.118    41.487  1024.176  2410.408    31.368     9.814     0.020    20.743
       500    41.733     2.849     0.000     2.503    -7.265   124.820    41.733  1024.176  2396.199    31.368     9.812     0.020    20.866
       501    42.002     2.846     0.000     2.518    -7.245   125.577    42.002  1024.177  2380.858    31.369     9.811     0.020    21.001
       502    42.298     2.844     0.000     2.534    -7.223   126.400    42.298  1024.177  2364.161    31.369     9.809     0.020    21.149
       503    42.629     2.843     0.000     2.552    -7.198   127.304    42.629  1024.178  2345.812    31.369     9.808     0.020    21.315
       504    43.003     2.843     0.000     2.573    -7.171   128.311    43.003  1024.178  2325.419    31.369     9.806     0.020    21.502
       505    43.435     2.845     0.000     2.595    -7.139   129.450    43.435  1024.179  2302.310    31.370     9.804     0.020    21.717
       506    43.956     2.850     0.000     2.622    -7.101   130.776    43.956  1024.180  2275.015    31.370     9.801     0.020    21.978
       507    44.622     2.860     0.000     2.655    -7.054   132.405    44.622  1024.180  2241.030    31.370     9.798     0.020    22.311
       508    45.515     2.878     0.000     2.696    -6.994   134.490    45.515  1024.181  2197.090    31.371     9.794     0.020    22.757
       509    46.425     2.897     0.000     2.737    -6.935   136.529    46.425  1024.182  2154.012    31.371     9.790     0.020    23.213
       510    47.353     2.923     0.000     2.778    -6.876   138.560    47.353  1024.182  2111.777    31.371     9.787     0.020    23.677
       511    48.301     2.955     0.000     2.818    -6.818   140.554    48.301  1024.183  2070.370    31.370     9.783     0.020    24.150
       512    49.267     2.993     0.000     2.857    -6.763   142.506    49.267  1024.183  2029.775    31.370     9.780     0.020    24.633
---------------------------- Plume traps -----------------------------
       513    50.252     3.038     0.000     2.895    -6.710   144.420    50.252  1024.183  1989.976    31.369     9.777     0.020    25.126
       514    51.002     3.081     0.000     2.923    -6.672   145.823    51.002  1024.183  1960.703    31.369     9.775     0.020    25.501
       515    51.631     3.120     0.000     2.945    -6.643   146.912    51.631  1024.182  1936.831    31.368     9.773     0.020    25.815
       516    52.153     3.154     0.000     2.962    -6.620   147.779    52.153  1024.182  1917.430    31.367     9.772     0.020    26.077
       517    52.631     3.185     0.000     2.977    -6.601   148.535    52.631  1024.182  1900.030    31.367     9.770     0.020    26.315
       518    53.069     3.215     0.000     2.991    -6.583   149.216    53.069  1024.182  1884.349    31.366     9.769     0.020    26.534
       519    53.452     3.242     0.000     3.004    -6.567   149.853    53.452  1024.182  1870.829    31.366     9.768     0.020    26.726
       520    53.816     3.267     0.000     3.016    -6.552   150.481    53.816  1024.181  1858.179    31.365     9.767     0.020    26.908
       521    54.150     3.292     0.000     3.028    -6.537   151.092    54.150  1024.181  1846.723    31.365     9.767     0.020    27.075
       522    54.468     3.316     0.000     3.041    -6.522   151.693    54.468  1024.181  1835.952    31.364     9.766     0.020    27.234
       523    54.762     3.340     0.000     3.052    -6.509   152.277    54.762  1024.181  1826.087    31.364     9.765     0.020    27.381
       524    55.040     3.363     0.000     3.064    -6.495   152.849    55.040  1024.180  1816.872    31.364     9.765     0.020    27.520
       525    55.298     3.385     0.000     3.075    -6.482   153.406    55.298  1024.180  1808.376    31.363     9.764     0.020    27.649
       526    55.541     3.406     0.000     3.086    -6.470   153.950    55.541  1024.180  1800.461    31.363     9.764     0.020    27.771
       527    55.769     3.427     0.000     3.096    -6.458   154.480    55.769  1024.180  1793.125    31.363     9.763     0.020    27.884
       528    55.982     3.448     0.000     3.107    -6.447   154.997    55.982  1024.180  1786.288    31.362     9.763     0.020    27.991
       529    56.182     3.468     0.000     3.117    -6.436   155.502    56.182  1024.180  1779.926    31.362     9.762     0.020    28.091
       530    56.370     3.487     0.000     3.127    -6.425   155.994    56.370  1024.179  1773.988    31.362     9.762     0.020    28.185
       531    56.547     3.506     0.000     3.136    -6.415   156.475    56.547  1024.179  1768.445    31.361     9.762     0.020    28.273
       532    56.713     3.525     0.000     3.146    -6.406   156.944    56.713  1024.179  1763.260    31.361     9.761     0.020    28.357
       533    56.870     3.543     0.000     3.155    -6.396   157.401    56.870  1024.179  1758.406    31.361     9.761     0.020    28.435
       534    57.017     3.560     0.000     3.164    -6.387   157.849    57.017  1024.179  1753.853    31.361     9.761     0.020    28.509
       535    57.157     3.578     0.000     3.172    -6.378   158.285    57.157  1024.179  1749.579    31.360     9.761     0.020    28.578
       536    57.288     3.595     0.000     3.181    -6.370   158.712    57.288  1024.178  1745.560    31.360     9.760     0.020    28.644
       537    57.413     3.611     0.000     3.189    -6.362   159.130    57.413  1024.178  1741.777    31.360     9.760     0.020    28.706
       538    57.530     3.628     0.000     3.197    -6.354   159.538    57.530  1024.178  1738.211    31.360     9.760     0.020    28.765
       539    57.642     3.644     0.000     3.205    -6.347   159.937    57.642  1024.178  1734.846    31.360     9.760     0.020    28.821
       540    57.748     3.659     0.000     3.213    -6.339   160.328    57.748  1024.178  1731.667    31.359     9.760     0.020    28.874
       541    57.848     3.675     0.000     3.221    -6.332   160.711    57.848  1024.178  1728.659    31.359     9.759     0.020    28.924
       542    57.944     3.690     0.000     3.228    -6.326   161.086    57.944  1024.178  1725.810    31.359     9.759     0.020    28.972
       543    58.035     3.705     0.000     3.236    -6.319   161.453    58.035  1024.178  1723.109    31.359     9.759     0.020    29.017
       544    58.121     3.719     0.000     3.243    -6.313   161.813    58.121  1024.178  1720.545    31.359     9.759     0.020    29.061
       545    58.204     3.734     0.000     3.250    -6.307   162.166    58.204  1024.177  1718.109    31.359     9.759     0.020    29.102
       546    58.282     3.748     0.000     3.257    -6.301   162.512    58.282  1024.177  1715.792    31.358     9.759     0.020    29.141
       547    58.357     3.762     0.000     3.264    -6.295   162.851    58.357  1024.177  1713.586    31.358     9.759     0.020    29.179
       548    58.429     3.775     0.000     3.270    -6.290   163.185    58.429  1024.177  1711.484    31.358     9.758     0.020    29.214
       549    58.497     3.789     0.000     3.277    -6.284   163.512    58.497  1024.177  1709.479    31.358     9.758     0.020    29.249
       550    58.563     3.802     0.000     3.283    -6.279   163.834    58.563  1024.177  1707.564    31.358     9.758     0.020    29.281
       551    58.626     3.815     0.000     3.290    -6.274   164.149    58.626  1024.177  1705.735    31.358     9.758     0.020    29.313
       552    58.686     3.828     0.000     3.296    -6.269   164.460    58.686  1024.177  1703.986    31.358     9.758     0.020    29.343
       553    58.744     3.840     0.000     3.302    -6.265   164.765    58.744  1024.177  1702.312    31.358     9.758     0.020    29.372
       554    58.799     3.853     0.000     3.308    -6.260   165.066    58.799  1024.177  1700.708    31.358     9.758     0.020    29.400
       555    58.852     3.865     0.000     3.314    -6.256   165.361    58.852  1024.177  1699.172    31.357     9.758     0.020    29.426
       556    58.903     3.877     0.000     3.320    -6.252   165.652    58.903  1024.177  1697.698    31.357     9.758     0.020    29.452
       557    58.952     3.889     0.000     3.326    -6.247   165.938    58.952  1024.177  1696.283    31.357     9.758     0.020    29.476
       558    59.000     3.900     0.000     3.331    -6.243   166.220    59.000  1024.177  1694.925    31.357     9.758     0.020    29.500
       559    59.045     3.912     0.000     3.337    -6.239   166.498    59.045  1024.176  1693.619    31.357     9.757     0.020    29.523
       560    59.089     3.923     0.000     3.342    -6.236   166.771    59.089  1024.176  1692.363    31.357     9.757     0.020    29.544
       561    59.131     3.934     0.000     3.348    -6.232   167.041    59.131  1024.176  1691.156    31.357     9.757     0.020    29.566
       562    59.172     3.945     0.000     3.353    -6.228   167.307    59.172  1024.176  1689.993    31.357     9.757     0.020    29.586
       563    59.211     3.956     0.000     3.358    -6.225   167.569    59.211  1024.176  1688.873    31.357     9.757     0.020    29.606
       564    59.249     3.967     0.000     3.363    -6.222   167.828    59.249  1024.176  1687.794    31.357     9.757     0.020    29.624
       565    59.285     3.977     0.000     3.368    -6.218   168.083    59.285  1024.176  1686.754    31.357     9.757     0.020    29.643
       566    59.321     3.987     0.000     3.373    -6.215   168.335    59.321  1024.176  1685.750    31.356     9.757     0.020    29.660
       567    59.355     3.998     0.000     3.378    -6.212   168.584    59.355  1024.176  1684.782    31.356     9.757     0.020    29.677
       568    59.388     4.008     0.000     3.383    -6.209   168.829    59.388  1024.176  1683.847    31.356     9.757     0.020    29.694
       569    59.420     4.017     0.000     3.388    -6.206   169.072    59.420  1024.176  1682.945    31.356     9.757     0.020    29.710
       570    59.450     4.027     0.000     3.393    -6.203   169.311    59.450  1024.176  1682.073    31.356     9.757     0.020    29.725
       571    59.480     4.037     0.000     3.398    -6.201   169.548    59.480  1024.176  1681.230    31.356     9.757     0.020    29.740
       572    59.509     4.046     0.000     3.402    -6.198   169.782    59.509  1024.176  1680.415    31.356     9.757     0.020    29.755
       573    59.537     4.055     0.000     3.407    -6.195   170.014    59.537  1024.176  1679.627    31.356     9.757     0.020    29.769
       574    59.564     4.064     0.000     3.412    -6.193   170.243    59.564  1024.176  1678.865    31.356     9.757     0.020    29.782
       575    59.590     4.073     0.000     3.416    -6.190   170.469    59.590  1024.176  1678.128    31.356     9.757     0.020    29.795
       576    59.616     4.082     0.000     3.421    -6.188   170.693    59.616  1024.176  1677.414    31.356     9.757     0.020    29.808
       577    59.640     4.091     0.000     3.425    -6.186   170.914    59.640  1024.176  1676.722    31.356     9.757     0.020    29.820
       578    59.664     4.099     0.000     3.429    -6.183   171.134    59.664  1024.176  1676.053    31.356     9.757     0.020    29.832
       579    59.687     4.107     0.000     3.434    -6.181   171.351    59.687  1024.176  1675.405    31.356     9.757     0.020    29.844
       580    59.709     4.116     0.000     3.438    -6.179   171.566    59.709  1024.176  1674.777    31.356     9.757     0.020    29.855
       581    59.731     4.124     0.000     3.442    -6.177   171.778    59.731  1024.176  1674.168    31.356     9.756     0.020    29.866
       582    59.752     4.132     0.000     3.447    -6.175   171.989    59.752  1024.175  1673.578    31.356     9.756     0.020    29.876
       583    59.773     4.139     0.000     3.451    -6.173   172.198    59.773  1024.175  1673.006    31.356     9.756     0.020    29.886
       584    59.792     4.147     0.000     3.455    -6.171   172.405    59.792  1024.175  1672.452    31.356     9.756     0.020    29.896
       585    59.812     4.155     0.000     3.459    -6.169   172.610    59.812  1024.175  1671.915    31.355     9.756     0.020    29.906
       586    59.830     4.162     0.000     3.463    -6.167   172.813    59.830  1024.175  1671.393    31.355     9.756     0.020    29.915
       587    59.848     4.169     0.000     3.467    -6.166   173.015    59.848  1024.175  1670.888    31.355     9.756     0.020    29.924
       588    59.866     4.176     0.000     3.471    -6.164   173.215    59.866  1024.175  1670.398    31.355     9.756     0.020    29.933
       589    59.883     4.183     0.000     3.475    -6.162   173.413    59.883  1024.175  1669.922    31.355     9.756     0.020    29.942
       590    59.900     4.190     0.000     3.479    -6.160   173.610    59.900  1024.175  1669.461    31.355     9.756     0.020    29.950
       591    59.916     4.197     0.000     3.483    -6.159   173.805    59.916  1024.175  1669.014    31.355     9.756     0.020    29.958
       592    59.931     4.204     0.000     3.487    -6.157   173.998    59.931  1024.175  1668.580    31.355     9.756     0.020    29.966
       593    59.946     4.210     0.000     3.491    -6.156   174.191    59.946  1024.175  1668.159    31.355     9.756     0.020    29.973
       594    59.961     4.217     0.000     3.494    -6.154   174.381    59.961  1024.175  1667.751    31.355     9.756     0.020    29.980
       595    59.975     4.223     0.000     3.498    -6.153   174.571    59.975  1024.175  1667.355    31.355     9.756     0.020    29.988
       596    59.989     4.229     0.000     3.502    -6.152   174.759    59.989  1024.175  1666.971    31.355     9.756     0.020    29.995
       597    60.002     4.235     0.000     3.506    -6.150   174.946    60.002  1024.175  1666.598    31.355     9.756     0.020    30.001
       598    60.015     4.241     0.000     3.509    -6.149   175.131    60.015  1024.175  1666.237    31.355     9.756     0.020    30.008
       599    60.028     4.246     0.000     3.513    -6.148   175.315    60.028  1024.175  1665.887    31.355     9.756     0.020    30.014
       600    60.040     4.252     0.000     3.517    -6.147   175.498    60.040  1024.175  1665.547    31.355     9.756     0.020    30.020
       601    60.052     4.258     0.000     3.520    -6.145   175.680    60.052  1024.175  1665.218    31.355     9.756     0.020    30.026
       602    60.064     4.263     0.000     3.524    -6.144   175.861    60.064  1024.175  1664.899    31.355     9.756     0.020    30.032
       603    60.075     4.268     0.000     3.528    -6.143   176.041    60.075  1024.175  1664.590    31.355     9.756     0.020    30.037
       604    60.086     4.273     0.000     3.531    -6.142   176.220    60.086  1024.175  1664.291    31.355     9.756     0.020    30.043
       605    60.096     4.278     0.000     3.535    -6.141   176.398    60.096  1024.175  1664.001    31.355     9.756     0.020    30.048
       606    60.106     4.283     0.000     3.538    -6.140   176.574    60.106  1024.175  1663.720    31.355     9.756     0.020    30.053
       607    60.116     4.288     0.000     3.542    -6.139   176.750    60.116  1024.175  1663.448    31.355     9.756     0.020    30.058
       608    60.126     4.292     0.000     3.545    -6.138   176.925    60.126  1024.175  1663.185    31.355     9.756     0.020    30.063
       609    60.135     4.297     0.000     3.549    -6.137   177.099    60.135  1024.175  1662.931    31.355     9.756     0.020    30.067
       610    60.144     4.301     0.000     3.552    -6.136   177.272    60.144  1024.175  1662.685    31.355     9.756     0.020    30.072
       611    60.152     4.306     0.000     3.556    -6.135   177.445    60.152  1024.175  1662.448    31.355     9.756     0.020    30.076
       612    60.161     4.310     0.000     3.559    -6.134   177.616    60.161  1024.175  1662.218    31.355     9.756     0.020    30.080
       613    60.169     4.314     0.000     3.563    -6.134   177.787    60.169  1024.175  1661.997    31.355     9.756     0.020    30.084
       614    60.176     4.318     0.000     3.566    -6.133   177.957    60.176  1024.175  1661.783    31.355     9.756     0.020    30.088
       615    60.184     4.321     0.000     3.569    -6.132   178.126    60.184  1024.175  1661.577    31.355     9.756     0.020    30.092
       616    60.191     4.325     0.000     3.573    -6.131   178.295    60.191  1024.175  1661.378    31.355     9.756     0.020    30.095
       617    60.198     4.328     0.000     3.576    -6.131   178.463    60.198  1024.175  1661.187    31.355     9.756     0.020    30.099
       618    60.205     4.332     0.000     3.579    -6.130   178.630    60.205  1024.175  1661.003    31.355     9.756     0.020    30.102
       619    60.211     4.335     0.000     3.583    -6.129   178.797    60.211  1024.175  1660.827    31.355     9.756     0.020    30.105
       620    60.217     4.338     0.000     3.586    -6.129   178.963    60.217  1024.175  1660.657    31.355     9.756     0.020    30.109
       621    60.223     4.341     0.000     3.589    -6.128   179.129    60.223  1024.175  1660.494    31.355     9.756     0.020    30.112
       622    60.229     4.344     0.000     3.593    -6.128   179.294    60.229  1024.175  1660.338    31.355     9.756     0.020    30.114
       623    60.234     4.347     0.000     3.596    -6.127   179.458    60.234  1024.175  1660.189    31.355     9.756     0.020    30.117
       624    60.239     4.350     0.000     3.599    -6.127   179.623    60.239  1024.175  1660.046    31.355     9.756     0.020    30.120
       625    60.244     4.353     0.000     3.603    -6.126   179.786    60.244  1024.175  1659.910    31.355     9.756     0.020    30.122
       626    60.249     4.355     0.000     3.606    -6.126   179.949    60.249  1024.175  1659.781    31.355     9.756     0.020    30.124
       627    60.253     4.357     0.000     3.609    -6.125   180.112    60.253  1024.175  1659.658    31.355     9.756     0.020    30.127
       628    60.258     4.360     0.000     3.612    -6.125   180.274    60.258  1024.175  1659.541    31.355     9.756     0.020    30.129
       629    60.262     4.362     0.000     3.616    -6.125   180.436    60.262  1024.175  1659.430    31.354     9.756     0.020    30.131
       630    60.265     4.364     0.000     3.619    -6.124   180.598    60.265  1024.175  1659.326    31.354     9.756     0.020    30.133
       631    60.269     4.366     0.000     3.622    -6.124   180.759    60.269  1024.175  1659.227    31.354     9.756     0.020    30.135
       632    60.272     4.367     0.000     3.625    -6.124   180.920    60.272  1024.175  1659.135    31.354     9.756     0.020    30.136
       633    60.276     4.369     0.000     3.629    -6.123   181.080    60.276  1024.175  1659.049    31.354     9.756     0.020    30.138
       634    60.278     4.371     0.000     3.632    -6.123   181.241    60.278  1024.175  1658.968    31.354     9.756     0.020    30.139
       635    60.281     4.372     0.000     3.635    -6.123   181.401    60.281  1024.175  1658.894    31.354     9.756     0.020    30.141
       636    60.284     4.373     0.000     3.638    -6.122   181.560    60.284  1024.175  1658.825    31.354     9.756     0.020    30.142
       637    60.286     4.374     0.000     3.641    -6.122   181.720    60.286  1024.175  1658.762    31.354     9.756     0.020    30.143
       638    60.288     4.376     0.000     3.644    -6.122   181.879    60.288  1024.175  1658.705    31.354     9.756     0.020    30.144
       639    60.290     4.377     0.000     3.648    -6.122   182.039    60.290  1024.175  1658.654    31.354     9.756     0.020    30.145
       640    60.291     4.377     0.000     3.651    -6.122   182.198    60.291  1024.175  1658.609    31.354     9.756     0.020    30.146
       641    60.293     4.378     0.000     3.654    -6.122   182.357    60.293  1024.175  1658.569    31.354     9.756     0.020    30.146
       642    60.294     4.379     0.000     3.657    -6.122   182.515    60.294  1024.175  1658.535    31.354     9.756     0.020    30.147
       643    60.295     4.379     0.000     3.660    -6.122   182.674    60.295  1024.175  1658.506    31.354     9.756     0.020    30.148
       644    60.296     4.380     0.000     3.664    -6.122   182.833    60.296  1024.175  1658.483    31.354     9.756     0.020    30.148
       645    60.297     4.380     0.000     3.667    -6.122   182.991    60.297  1024.175  1658.466    31.354     9.756     0.020    30.148
---------------------- Local maximum rise or fall --------------------
       646    60.297     4.380     0.000     3.670    -6.122   183.150    60.297  1024.175  1658.455    31.354     9.756     0.020    30.149
-------------------- Starting Farfield Calculations --------------------
Farfield dispersion based on wastefield width of :       4.38 (m)
4/3 Power Law based Eddy Diffusivity is used:
  Dilution     Width  Distance      Time     Conc.    Bckgrd
        ()       (m)       (m)    (hrs.)    (mg/L)    (mg/L)
    60.297     4.386     3.670     0.000  1658.455     0.000
    60.297     4.484     4.000     0.005  1662.988     0.000
    60.302     4.784     5.000     0.019  1662.988     0.000
    60.505     5.090     6.000     0.033  1662.988     0.000
    61.307     5.403     7.000     0.047  1662.988     0.000
    62.766     5.722     8.000     0.060  1611.558     0.000
    64.750     6.047     9.000     0.074  1611.558     0.000
    67.125     6.378    10.000     0.088  1611.558     0.000
    69.789     6.714    11.000     0.102  1611.558     0.000
    72.675     7.057    12.000     0.116  1398.067     0.000
    75.735     7.405    13.000     0.130  1398.067     0.000
    78.937     7.758    14.000     0.144  1398.067     0.000
    82.258     8.117    15.000     0.158  1398.067     0.000
    85.681     8.482    16.000     0.172  1185.410     0.000
    89.195     8.852    17.000     0.185  1185.410     0.000
    92.791     9.226    18.000     0.199  1185.410     0.000
    96.462     9.607    19.000     0.213  1185.410     0.000
   100.201     9.992    20.000     0.227  1012.450     0.000
   104.006    10.382    21.000     0.241  1012.450     0.000
   107.873    10.777    22.000     0.255  1012.450     0.000
   111.798    11.177    23.000     0.269  1012.450     0.000
   115.780    11.582    24.000     0.283   875.181     0.000
   119.816    11.992    25.000     0.297   875.181     0.000
   123.906    12.406    26.000     0.310   875.181     0.000
   128.046    12.825    27.000     0.324   875.181     0.000
   132.237    13.249    28.000     0.338   765.451     0.000
   136.477    13.677    29.000     0.352   765.451     0.000
   140.764    14.110    30.000     0.366   765.451     0.000
   145.099    14.547    31.000     0.380   765.451     0.000
   149.481    14.988    32.000     0.394   676.526     0.000
   153.907    15.434    33.000     0.408   676.526     0.000
   158.379    15.885    34.000     0.422   676.526     0.000
   162.895    16.339    35.000     0.435   676.526     0.000
   167.455    16.798    36.000     0.449   603.427     0.000
   172.058    17.261    37.000     0.463   603.427     0.000
   176.703    17.728    38.000     0.477   603.427     0.000
   181.391    18.200    39.000     0.491   603.427     0.000
   186.120    18.675    40.000     0.505   542.536     0.000
   190.891    19.155    41.000     0.519   542.536     0.000
   195.703    19.639    42.000     0.533   542.536     0.000
   200.554    20.126    43.000     0.547   542.536     0.000
   205.446    20.618    44.000     0.560   491.204     0.000
   210.378    21.113    45.000     0.574   491.204     0.000
   215.349    21.613    46.000     0.588   491.204     0.000
   220.359    22.116    47.000     0.602   491.204     0.000
   225.407    22.623    48.000     0.616   447.468     0.000
   230.494    23.134    49.000     0.630   447.468     0.000
   235.619    23.649    50.000     0.644   447.468     0.000
   240.782    24.168    51.000     0.658   447.468     0.000
   245.982    24.690    52.000     0.672   409.848     0.000
   251.219    25.216    53.000     0.685   409.848     0.000
   256.493    25.746    54.000     0.699   409.848     0.000
   261.804    26.279    55.000     0.713   409.848     0.000
   267.151    26.816    56.000     0.727   377.214     0.000
   272.534    27.356    57.000     0.741   377.214     0.000
   277.952    27.901    58.000     0.755   377.214     0.000
   283.407    28.448    59.000     0.769   377.214     0.000
   288.897    29.000    60.000     0.783   348.689     0.000
   294.422    29.554    61.000     0.797   348.689     0.000
   299.981    30.113    62.000     0.810   348.689     0.000
   305.576    30.674    63.000     0.824   348.689     0.000
   311.205    31.240    64.000     0.838   323.584     0.000
   316.868    31.808    65.000     0.852   323.584     0.000
   322.565    32.380    66.000     0.866   323.584     0.000
   328.296    32.956    67.000     0.880   323.584     0.000
   334.061    33.534    68.000     0.894   301.353     0.000
   339.859    34.116    69.000     0.908   301.353     0.000
   345.690    34.702    70.000     0.922   301.353     0.000
   351.554    35.291    71.000     0.935   301.353     0.000
   357.451    35.883    72.000     0.949   281.555     0.000
   363.381    36.478    73.000     0.963   281.555     0.000
   369.343    37.077    74.000     0.977   281.555     0.000
   375.338    37.679    75.000     0.991   281.555     0.000
   381.364    38.284    76.000     1.005   263.833     0.000
   387.423    38.892    77.000     1.019   263.833     0.000
   393.513    39.503    78.000     1.033   263.833     0.000
   399.635    40.118    79.000     1.047   263.833     0.000
   405.789    40.736    80.000     1.060   247.896     0.000
   411.973    41.357    81.000     1.074   247.896     0.000
   418.189    41.981    82.000     1.088   247.896     0.000
   424.436    42.608    83.000     1.102   247.896     0.000
   430.713    43.238    84.000     1.116   233.500     0.000
   437.022    43.871    85.000     1.130   233.500     0.000
   443.361    44.508    86.000     1.144   233.500     0.000
   449.730    45.147    87.000     1.158   233.500     0.000
   456.129    45.790    88.000     1.172   220.446     0.000
   462.559    46.435    89.000     1.185   220.446     0.000
   469.018    47.083    90.000     1.199   220.446     0.000
   475.507    47.735    91.000     1.213   220.446     0.000
   482.026    48.389    92.000     1.227   208.564     0.000
   488.575    49.047    93.000     1.241   208.564     0.000
   495.152    49.707    94.000     1.255   208.564     0.000
   501.760    50.370    95.000     1.269   208.564     0.000
   508.396    51.037    96.000     1.283   197.713     0.000
   515.061    51.706    97.000     1.297   197.713     0.000
   521.755    52.378    98.000     1.310   197.713     0.000
   528.478    53.053    99.000     1.324   197.713     0.000
   535.230    53.731   100.000     1.338   187.771     0.000
   542.010    54.411   101.000     1.352   187.771     0.000
   548.818    55.095   102.000     1.366   187.771     0.000
   555.655    55.781   103.000     1.380   187.771     0.000
   562.520    56.470   104.000     1.394   178.635     0.000
   569.413    57.162   105.000     1.408   178.635     0.000
   576.333    57.857   106.000     1.422   178.635     0.000
   583.282    58.555   107.000     1.435   178.635     0.000
   590.259    59.255   108.000     1.449   170.216     0.000
   597.263    59.958   109.000     1.463   170.216     0.000
   604.294    60.664   110.000     1.477   170.216     0.000
   611.353    61.373   111.000     1.491   170.216     0.000
   618.439    62.084   112.000     1.505   162.439     0.000
   625.552    62.798   113.000     1.519   162.439     0.000
   632.693    63.515   114.000     1.533   162.439     0.000
   639.860    64.234   115.000     1.547   162.439     0.000
   647.054    64.957   116.000     1.560   155.237     0.000
   654.275    65.682   117.000     1.574   155.237     0.000
   661.523    66.409   118.000     1.588   155.237     0.000
   668.797    67.139   119.000     1.602   155.237     0.000
   676.098    67.872   120.000     1.616   148.551     0.000
   683.425    68.608   121.000     1.630   148.551     0.000
   690.778    69.346   122.000     1.644   148.551     0.000
   698.158    70.087   123.000     1.658   148.551     0.000
   705.563    70.830   124.000     1.672   142.332     0.000
   712.995    71.576   125.000     1.685   142.332     0.000
   720.453    72.325   126.000     1.699   142.332     0.000
   727.936    73.076   127.000     1.713   142.332     0.000
   735.445    73.830   128.000     1.727   136.535     0.000
   742.980    74.587   129.000     1.741   136.535     0.000
   750.540    75.345   130.000     1.755   136.535     0.000
   758.126    76.107   131.000     1.769   136.535     0.000
   765.737    76.871   132.000     1.783   131.121     0.000
   773.373    77.638   133.000     1.797   131.121     0.000
   781.035    78.407   134.000     1.810   131.121     0.000
   788.722    79.179   135.000     1.824   131.121     0.000
   796.434    79.953   136.000     1.838   126.056     0.000
   804.171    80.729   137.000     1.852   126.056     0.000
   811.932    81.509   138.000     1.866   126.056     0.000
   819.719    82.290   139.000     1.880   126.056     0.000
   827.530    83.074   140.000     1.894   121.309     0.000
   835.366    83.861   141.000     1.908   121.309     0.000
   843.227    84.650   142.000     1.922   121.309     0.000
   851.112    85.442   143.000     1.935   121.309     0.000
   859.021    86.236   144.000     1.949   116.852     0.000
   866.955    87.032   145.000     1.963   116.852     0.000
   874.913    87.831   146.000     1.977   116.852     0.000
   882.895    88.633   147.000     1.991   116.852     0.000
   890.902    89.436   148.000     2.005   112.662     0.000
   898.932    90.242   149.000     2.019   112.662     0.000
   906.987    91.051   150.000     2.033   112.662     0.000
   915.065    91.862   151.000     2.047   112.662     0.000
   923.167    92.675   152.000     2.060   108.716     0.000
   931.293    93.491   153.000     2.074   108.716     0.000
   939.443    94.309   154.000     2.088   108.716     0.000
   947.616    95.130   155.000     2.102   108.716     0.000
   955.813    95.953   156.000     2.116   104.995     0.000
   964.034    96.778   157.000     2.130   104.995     0.000
   972.278    97.605   158.000     2.144   104.995     0.000
   980.545    98.435   159.000     2.158   104.995     0.000
   988.835    99.268   160.000     2.172   101.482     0.000
   997.149   100.102   161.000     2.185   101.482     0.000
  1005.486   100.939   162.000     2.199   101.482     0.000
  1013.846   101.778   163.000     2.213   101.482     0.000
  1022.229   102.620   164.000     2.227    98.161     0.000
  1030.635   103.464   165.000     2.241    98.161     0.000
  1039.064   104.310   166.000     2.255    98.161     0.000
  1047.516   105.159   167.000     2.269    98.161     0.000
  1055.990   106.009   168.000     2.283    95.016     0.000
  1064.488   106.862   169.000     2.297    95.016     0.000
  1073.008   107.718   170.000     2.310    95.016     0.000
  1081.550   108.575   171.000     2.324    95.016     0.000
  1090.115   109.435   172.000     2.338    92.037     0.000
  1098.703   110.297   173.000     2.352    92.037     0.000
  1107.313   111.162   174.000     2.366    92.037     0.000
  1115.946   112.028   175.000     2.380    92.037     0.000
  1124.600   112.897   176.000     2.394    89.209     0.000
  1133.277   113.768   177.000     2.408    89.209     0.000
  1141.977   114.641   178.000     2.422    89.209     0.000
  1150.698   115.517   179.000     2.435    89.209     0.000
  1159.441   116.395   180.000     2.449    86.524     0.000
  1168.207   117.275   181.000     2.463    86.524     0.000
  1176.994   118.157   182.000     2.477    86.524     0.000
  1185.804   119.041   183.000     2.491    86.524     0.000
  1194.635   119.928   184.000     2.505    83.971     0.000
  1203.488   120.816   185.000     2.519    83.971     0.000
  1212.363   121.707   186.000     2.533    83.971     0.000
  1221.260   122.601   187.000     2.547    83.971     0.000
  1230.178   123.496   188.000     2.560    81.540     0.000
  1239.118   124.393   189.000     2.574    81.540     0.000
  1248.079   125.293   190.000     2.588    81.540     0.000
  1257.062   126.195   191.000     2.602    81.540     0.000
  1266.066   127.099   192.000     2.616    79.225     0.000
  1275.092   128.005   193.000     2.630    79.225     0.000
  1284.139   128.913   194.000     2.644    79.225     0.000
  1293.207   129.823   195.000     2.658    79.225     0.000
  1302.297   130.736   196.000     2.672    77.018     0.000
  1311.408   131.650   197.000     2.685    77.018     0.000
  1320.540   132.567   198.000     2.699    77.018     0.000
  1329.693   133.486   199.000     2.713    77.018     0.000
  1338.867   134.407   200.000     2.727    74.911     0.000
  1348.062   135.330   201.000     2.741    74.911     0.000
  1357.278   136.255   202.000     2.755    74.911     0.000
  1366.515   137.183   203.000     2.769    74.911     0.000
  1375.773   138.112   204.000     2.783    72.898     0.000
  1385.052   139.043   205.000     2.797    72.898     0.000
  1394.351   139.977   206.000     2.810    72.898     0.000
............................. Reached Chronic Mixing Zone ..........................
  1403.671   140.913   207.000     2.824    72.898     0.000
  1413.012   141.850   208.000     2.838    70.974     0.000
  1422.373   142.790   209.000     2.852    70.974     0.000
  1431.755   143.732   210.000     2.866    70.974     0.000
  1441.158   144.676   211.000     2.880    70.974     0.000
  1450.581   145.622   212.000     2.894    69.133     0.000
  1460.024   146.570   213.000     2.908    69.133     0.000
  1469.488   147.520   214.000     2.922    69.133     0.000
  1478.973   148.472   215.000     2.935    69.133     0.000
  1488.477   149.426   216.000     2.949    67.370     0.000
  1498.002   150.382   217.000     2.963    67.370     0.000
  1507.547   151.341   218.000     2.977    67.370     0.000
  1517.112   152.301   219.000     2.991    67.370     0.000
  1526.698   153.263   220.000     3.005    65.681     0.000
  1536.303   154.227   221.000     3.019    65.681     0.000
  1545.929   155.194   222.000     3.033    65.681     0.000
  1555.574   156.162   223.000     3.047    65.681     0.000
  1565.240   157.132   224.000     3.060    64.061     0.000
  1574.925   158.105   225.000     3.074    64.061     0.000
  1584.631   159.079   226.000     3.088    64.061     0.000
  1594.356   160.055   227.000     3.102    64.061     0.000
  1604.101   161.034   228.000     3.116    62.507     0.000
  1613.866   162.014   229.000     3.130    62.507     0.000
  1623.651   162.996   230.000     3.144    62.507     0.000
  1633.455   163.980   231.000     3.158    62.507     0.000
  1643.279   164.967   232.000     3.172    61.015     0.000
  1653.122   165.955   233.000     3.185    61.015     0.000
  1662.986   166.945   234.000     3.199    61.015     0.000
  1672.868   167.937   235.000     3.213    61.015     0.000
  1682.770   168.931   236.000     3.227    59.581     0.000
  1692.692   169.927   237.000     3.241    59.581     0.000
  1702.633   170.925   238.000     3.255    59.581     0.000
  1712.593   171.925   239.000     3.269    59.581     0.000
  1722.573   172.927   240.000     3.283    58.203     0.000
  1732.572   173.931   241.000     3.297    58.203     0.000
  1742.591   174.936   242.000     3.310    58.203     0.000
  1752.628   175.944   243.000     3.324    58.203     0.000
  1762.685   176.954   244.000     3.338    56.876     0.000
  1772.761   177.965   245.000     3.352    56.876     0.000
  1782.856   178.979   246.000     3.366    56.876     0.000
  1792.970   179.994   247.000     3.380    56.876     0.000
  1803.104   181.011   248.000     3.394    55.600     0.000
  1813.256   182.030   249.000     3.408    55.600     0.000
  1823.427   183.051   250.000     3.422    55.600     0.000
  1833.617   184.074   251.000     3.435    55.600     0.000
  1843.826   185.099   252.000     3.449    54.370     0.000
  1854.054   186.126   253.000     3.463    54.370     0.000
  1864.301   187.155   254.000     3.477    54.370     0.000
  1874.567   188.185   255.000     3.491    54.370     0.000
  1884.851   189.218   256.000     3.505    53.185     0.000
  1895.154   190.252   257.000     3.519    53.185     0.000
  1905.476   191.288   258.000     3.533    53.185     0.000
  1915.817   192.326   259.000     3.547    53.185     0.000
  1926.176   193.366   260.000     3.560    52.043     0.000
  1936.553   194.408   261.000     3.574    52.043     0.000
  1946.950   195.452   262.000     3.588    52.043     0.000
  1957.365   196.497   263.000     3.602    52.043     0.000
  1967.798   197.545   264.000     3.616    50.941     0.000
  1978.250   198.594   265.000     3.630    50.941     0.000
  1988.720   199.645   266.000     3.644    50.941     0.000
  1999.209   200.698   267.000     3.658    50.941     0.000
  2009.716   201.753   268.000     3.672    49.877     0.000
  2020.241   202.809   269.000     3.685    49.877     0.000
  2030.785   203.868   270.000     3.699    49.877     0.000
  2041.347   204.928   271.000     3.713    49.877     0.000
  2051.927   205.990   272.000     3.727    48.850     0.000
  2062.526   207.054   273.000     3.741    48.850     0.000
  2073.142   208.120   274.000     3.755    48.850     0.000
  2083.777   209.188   275.000     3.769    48.850     0.000
  2094.430   210.257   276.000     3.783    47.857     0.000
  2105.101   211.328   277.000     3.797    47.857     0.000
  2115.790   212.401   278.000     3.810    47.857     0.000
  2126.497   213.476   279.000     3.824    47.857     0.000
  2137.222   214.553   280.000     3.838    46.898     0.000
  2147.965   215.631   281.000     3.852    46.898     0.000
  2158.726   216.712   282.000     3.866    46.898     0.000
  2169.505   217.794   283.000     3.880    46.898     0.000
  2180.302   218.878   284.000     3.894    45.970     0.000
  2191.117   219.963   285.000     3.908    45.970     0.000
  2201.949   221.051   286.000     3.922    45.970     0.000
  2212.799   222.140   287.000     3.935    45.970     0.000
  2223.668   223.231   288.000     3.949    45.073     0.000
  2234.553   224.324   289.000     3.963    45.073     0.000
  2245.457   225.419   290.000     3.977    45.073     0.000
  2256.378   226.515   291.000     3.991    45.073     0.000
  2267.317   227.613   292.000     4.005    44.204     0.000
  2278.273   228.713   293.000     4.019    44.204     0.000
  2289.247   229.815   294.000     4.033    44.204     0.000
  2300.239   230.918   295.000     4.047    44.204     0.000
  2311.248   232.023   296.000     4.060    43.363     0.000
  2322.274   233.130   297.000     4.074    43.363     0.000
  2333.319   234.239   298.000     4.088    43.363     0.000
  2344.380   235.349   299.000     4.102    43.363     0.000
  2355.459   236.462   300.000     4.116    42.548     0.000
  2366.555   237.575   301.000     4.130    42.548     0.000
  2377.669   238.691   302.000     4.144    42.548     0.000
  2388.800   239.809   303.000     4.158    42.548     0.000
  2399.949   240.928   304.000     4.172    41.759     0.000
  2411.114   242.049   305.000     4.185    41.759     0.000
  2422.297   243.171   306.000     4.199    41.759     0.000
  2433.498   244.296   307.000     4.213    41.759     0.000
  2444.715   245.422   308.000     4.227    40.993     0.000
  2455.950   246.550   309.000     4.241    40.993     0.000
  2467.201   247.679   310.000     4.255    40.993     0.000
  2478.470   248.810   311.000     4.269    40.993     0.000
  2489.756   249.943   312.000     4.283    40.251     0.000
  2501.059   251.078   313.000     4.297    40.251     0.000
  2512.379   252.215   314.000     4.310    40.251     0.000
  2523.716   253.353   315.000     4.324    40.251     0.000
  2535.071   254.492   316.000     4.338    39.531     0.000
  2546.442   255.634   317.000     4.352    39.531     0.000
  2557.830   256.777   318.000     4.366    39.531     0.000
  2569.235   257.922   319.000     4.380    39.531     0.000
  2580.657   259.069   320.000     4.394    38.832     0.000
  2592.095   260.217   321.000     4.408    38.832     0.000
  2603.551   261.367   322.000     4.422    38.832     0.000
  2615.023   262.519   323.000     4.435    38.832     0.000
  2626.513   263.672   324.000     4.449    38.153     0.000
  2638.019   264.827   325.000     4.463    38.153     0.000
  2649.542   265.984   326.000     4.477    38.153     0.000
  2661.081   267.143   327.000     4.491    38.153     0.000
  2672.637   268.303   328.000     4.505    37.494     0.000
  2684.210   269.464   329.000     4.519    37.494     0.000
  2695.800   270.628   330.000     4.533    37.494     0.000
  2707.406   271.793   331.000     4.547    37.494     0.000
  2719.029   272.960   332.000     4.560    36.854     0.000
  2730.668   274.128   333.000     4.574    36.854     0.000
  2742.324   275.298   334.000     4.588    36.854     0.000
  2753.996   276.470   335.000     4.602    36.854     0.000
  2765.685   277.644   336.000     4.616    36.231     0.000
  2777.391   278.819   337.000     4.630    36.231     0.000
  2789.113   279.995   338.000     4.644    36.231     0.000
  2800.851   281.174   339.000     4.658    36.231     0.000
  2812.606   282.354   340.000     4.672    35.626     0.000
  2824.377   283.536   341.000     4.685    35.626     0.000
  2836.165   284.719   342.000     4.699    35.626     0.000
  2847.969   285.904   343.000     4.713    35.626     0.000
  2859.789   287.091   344.000     4.727    35.038     0.000
  2871.626   288.279   345.000     4.741    35.038     0.000
  2883.478   289.469   346.000     4.755    35.038     0.000
  2895.348   290.660   347.000     4.769    35.038     0.000
  2907.233   291.853   348.000     4.783    34.466     0.000
  2919.135   293.048   349.000     4.797    34.466     0.000
  2931.052   294.245   350.000     4.810    34.466     0.000
  2942.986   295.443   351.000     4.824    34.466     0.000
  2954.936   296.642   352.000     4.838    33.909     0.000
  2966.903   297.844   353.000     4.852    33.909     0.000
  2978.885   299.046   354.000     4.866    33.909     0.000
  2990.883   300.251   355.000     4.880    33.909     0.000
  3002.898   301.457   356.000     4.894    33.367     0.000
  3014.929   302.665   357.000     4.908    33.367     0.000
  3026.975   303.874   358.000     4.922    33.367     0.000
  3039.038   305.085   359.000     4.935    33.367     0.000
  3051.116   306.298   360.000     4.949    32.839     0.000
  3063.211   307.512   361.000     4.963    32.839     0.000
  3075.321   308.728   362.000     4.977    32.839     0.000
  3087.448   309.945   363.000     4.991    32.839     0.000
  3099.590   311.164   364.000     5.005    32.325     0.000
  3111.748   312.384   365.000     5.019    32.325     0.000
  3123.922   313.607   366.000     5.033    32.325     0.000
  3136.112   314.830   367.000     5.047    32.325     0.000
  3148.317   316.056   368.000     5.060    31.824     0.000
  3160.539   317.282   369.000     5.074    31.824     0.000
  3172.776   318.511   370.000     5.088    31.824     0.000
  3185.029   319.741   371.000     5.102    31.824     0.000
  3197.298   320.973   372.000     5.116    31.336     0.000
  3209.582   322.206   373.000     5.130    31.336     0.000
  3221.882   323.441   374.000     5.144    31.336     0.000
  3234.198   324.677   375.000     5.158    31.336     0.000
  3246.530   325.915   376.000     5.172    30.860     0.000
  3258.877   327.154   377.000     5.185    30.860     0.000
  3271.239   328.396   378.000     5.199    30.860     0.000
  3283.618   329.638   379.000     5.213    30.860     0.000
  3296.011   330.882   380.000     5.227    30.397     0.000
  3308.421   332.128   381.000     5.241    30.397     0.000
  3320.846   333.375   382.000     5.255    30.397     0.000
  3333.286   334.624   383.000     5.269    30.397     0.000
  3345.742   335.875   384.000     5.283    29.945     0.000
  3358.214   337.127   385.000     5.297    29.945     0.000
  3370.700   338.380   386.000     5.310    29.945     0.000
  3383.203   339.635   387.000     5.324    29.945     0.000
  3395.721   340.892   388.000     5.338    29.503     0.000
  3408.254   342.150   389.000     5.352    29.503     0.000
  3420.802   343.410   390.000     5.366    29.503     0.000
  3433.366   344.671   391.000     5.380    29.503     0.000
  3445.945   345.934   392.000     5.394    29.073     0.000
  3458.540   347.198   393.000     5.408    29.073     0.000
  3471.150   348.464   394.000     5.422    29.073     0.000
  3483.775   349.732   395.000     5.435    29.073     0.000
  3496.415   351.001   396.000     5.449    28.653     0.000
  3509.071   352.271   397.000     5.463    28.653     0.000
  3521.742   353.543   398.000     5.477    28.653     0.000
  3534.428   354.817   399.000     5.491    28.653     0.000
  3547.129   356.092   400.000     5.505    28.243     0.000
  3559.846   357.368   401.000     5.519    28.243     0.000
  3572.578   358.647   402.000     5.533    28.243     0.000
  3585.324   359.926   403.000     5.547    28.243     0.000
  3598.086   361.207   404.000     5.560    27.843     0.000
  3610.863   362.490   405.000     5.574    27.843     0.000
  3623.655   363.774   406.000     5.588    27.843     0.000
  3636.463   365.060   407.000     5.602    27.843     0.000
  3649.285   366.347   408.000     5.616    27.452     0.000
  3662.122   367.636   409.000     5.630    27.452     0.000
  3674.974   368.926   410.000     5.644    27.452     0.000
  3687.842   370.218   411.000     5.658    27.452     0.000
  3700.724   371.511   412.000     5.672    27.070     0.000
  3713.621   372.806   413.000     5.685    27.070     0.000
  3726.533   374.102   414.000     5.699    27.070     0.000
  3739.461   375.400   415.000     5.713    27.070     0.000
  3752.403   376.699   416.000     5.727    26.697     0.000
  3765.359   378.000   417.000     5.741    26.697     0.000
  3778.331   379.302   418.000     5.755    26.697     0.000
  3791.318   380.606   419.000     5.769    26.697     0.000
  3804.319   381.911   420.000     5.783    26.332     0.000
  3817.336   383.217   421.000     5.797    26.332     0.000
  3830.367   384.526   422.000     5.810    26.332     0.000
  3843.413   385.835   423.000     5.824    26.332     0.000
  3856.474   387.146   424.000     5.838    25.976     0.000
  3869.549   388.459   425.000     5.852    25.976     0.000
  3882.639   389.773   426.000     5.866    25.976     0.000
  3895.744   391.089   427.000     5.880    25.976     0.000
  3908.864   392.406   428.000     5.894    25.627     0.000
  3921.998   393.724   429.000     5.908    25.627     0.000
  3935.147   395.044   430.000     5.922    25.627     0.000
  3948.311   396.366   431.000     5.935    25.627     0.000
  3961.489   397.689   432.000     5.949    25.287     0.000
  3974.682   399.013   433.000     5.963    25.287     0.000
  3987.890   400.339   434.000     5.977    25.287     0.000
  4001.112   401.667   435.000     5.991    25.287     0.000
  4014.349   402.995   436.000     6.005    24.954     0.000
  4027.600   404.326   437.000     6.019    24.954     0.000
  4040.866   405.657   438.000     6.033    24.954     0.000
  4054.147   406.991   439.000     6.047    24.954     0.000
  4067.442   408.325   440.000     6.060    24.628     0.000
  4080.751   409.661   441.000     6.074    24.628     0.000
  4094.075   410.999   442.000     6.088    24.628     0.000
  4107.413   412.338   443.000     6.102    24.628     0.000
  4120.766   413.678   444.000     6.116    24.309     0.000
  4134.134   415.020   445.000     6.130    24.309     0.000
  4147.515   416.364   446.000     6.144    24.309     0.000
  4160.911   417.709   447.000     6.158    24.309     0.000
  4174.322   419.055   448.000     6.172    23.997     0.000
  4187.747   420.403   449.000     6.185    23.997     0.000
  4201.186   421.752   450.000     6.199    23.997     0.000
  4214.640   423.102   451.000     6.213    23.997     0.000
  4228.108   424.454   452.000     6.227    23.691     0.000
  4241.590   425.808   453.000     6.241    23.691     0.000
  4255.086   427.163   454.000     6.255    23.691     0.000
  4268.597   428.519   455.000     6.269    23.691     0.000
  4282.122   429.877   456.000     6.283    23.392     0.000
  4295.662   431.236   457.000     6.297    23.392     0.000
  4309.215   432.597   458.000     6.310    23.392     0.000
  4322.783   433.959   459.000     6.324    23.392     0.000
  4336.365   435.322   460.000     6.338    23.099     0.000
  4349.961   436.687   461.000     6.352    23.099     0.000
  4363.572   438.053   462.000     6.366    23.099     0.000
  4377.196   439.421   463.000     6.380    23.099     0.000
  4390.835   440.790   464.000     6.394    22.812     0.000
  4404.488   442.161   465.000     6.408    22.812     0.000
  4418.155   443.533   466.000     6.422    22.812     0.000
  4431.836   444.906   467.000     6.435    22.812     0.000
  4445.531   446.281   468.000     6.449    22.532     0.000
  4459.240   447.657   469.000     6.463    22.532     0.000
  4472.964   449.035   470.000     6.477    22.532     0.000
  4486.701   450.414   471.000     6.491    22.532     0.000
  4500.452   451.795   472.000     6.505    22.256     0.000
  4514.218   453.177   473.000     6.519    22.256     0.000
  4527.997   454.560   474.000     6.533    22.256     0.000
  4541.791   455.945   475.000     6.547    22.256     0.000
  4555.598   457.331   476.000     6.560    21.987     0.000
  4569.419   458.718   477.000     6.574    21.987     0.000
  4583.255   460.107   478.000     6.588    21.987     0.000
  4597.104   461.497   479.000     6.602    21.987     0.000
  4610.967   462.889   480.000     6.616    21.723     0.000
  4624.844   464.282   481.000     6.630    21.723     0.000
  4638.735   465.677   482.000     6.644    21.723     0.000
  4652.640   467.073   483.000     6.658    21.723     0.000
  4666.559   468.470   484.000     6.672    21.464     0.000
  4680.491   469.868   485.000     6.685    21.464     0.000
  4694.438   471.269   486.000     6.699    21.464     0.000
  4708.398   472.670   487.000     6.713    21.464     0.000
  4722.372   474.073   488.000     6.727    21.210     0.000
  4736.360   475.477   489.000     6.741    21.210     0.000
  4750.361   476.883   490.000     6.755    21.210     0.000
  4764.377   478.290   491.000     6.769    21.210     0.000
  4778.406   479.698   492.000     6.783    20.961     0.000
  4792.449   481.108   493.000     6.797    20.961     0.000
  4806.506   482.519   494.000     6.810    20.961     0.000
  4820.576   483.931   495.000     6.824    20.961     0.000
  4834.660   485.345   496.000     6.838    20.717     0.000
  4848.758   486.761   497.000     6.852    20.717     0.000
  4862.869   488.177   498.000     6.866    20.717     0.000
  4876.994   489.595   499.000     6.880    20.717     0.000
  4891.133   491.015   500.000     6.894    20.478     0.000
  4905.285   492.435   501.000     6.908    20.478     0.000
  4919.451   493.857   502.000     6.922    20.478     0.000
  4933.631   495.281   503.000     6.935    20.478     0.000
  4940.194   495.940   503.463     6.942    20.243     0.000
