****************************************************************************************************
----------------------------------------------------------------------------------------------------
Ambient Table:
     Depth   Amb-cur   Amb-dir   Amb-sal   Amb-tem   Amb-pol     Decay   Far-spd   Far-dir   Disprsn
       (m)     (m/s)     (deg)     (psu)       (C)    (mg/L)   (1/day)     (m/s)     (deg)(m0.67/s2)
     0.000     0.090     0.000    32.000    14.000     0.000     0.000     0.050     0.000   0.00030
     2.000     0.085     0.000    32.000    12.000     0.000     0.000     0.050     0.000   0.00030
     4.000     0.070     0.000    32.000     8.000     0.000     0.000     0.050     0.000   0.00030
     6.000     0.065     0.000    32.000     8.000     0.000     0.000     0.050     0.000   0.00030
     8.000     0.060     0.000    32.000     8.000     0.000     0.000     0.050     0.000   0.00030
    10.000     0.055     0.000    32.000     8.000     0.000     0.000     0.050     0.000   0.00030
    12.000     0.050     0.000    32.000     8.000     0.000     0.000     0.050     0.000   0.00030
----------------------------------------------------------------------------------------------------
Diffuser Table:
     P-dia    P-elev   V-angle   H-angle     Ports   Spacing   AcuteMZ   ChrncMZ   P-depth   Ttl-flo   Eff-sal      Temp   Polutnt
       (m)       (m)     (deg)     (deg)       ( )       (m)       (m)       (m)       (m)     (MGD)     (psu)       (C)    (mg/L)
      0.08      0.31     45.00     30.00     18.00      6.10     10.20    102.00     11.00      8.00      0.00      2.63    100.00
----------------------------------------------------------------------------------------------------
Simulation Results:
              Dilutn     P-dia    x-posn    y-posn     Depth        TA       DIC        pH    OmegaC    OmegaA     R_cal     R_arg
      Step (FluxAvg)       (m)       (m)       (m)       (m) (mmol/m3) (mmol/m3)   (total)        ()        () (umol/hr) (umol/hr)
         1     1.019     0.077     0.002     0.001   -10.997  3956.958  1992.204    10.843    27.622    15.962 11076.910  2524.752
         2     1.039     0.078     0.004     0.003   -10.995  3914.664  1984.514    10.763    36.566    20.589 25434.570  4730.078
         3     1.060     0.080     0.007     0.004   -10.992  3873.200  1976.975    10.692    40.704    22.598 34882.613  5937.884
         4     1.080     0.081     0.009     0.005   -10.990  3832.549  1969.583    10.627    42.693    23.503 40137.760  6534.058
         5     1.101     0.083     0.011     0.007   -10.987  3792.695  1962.336    10.567    43.547    23.852 42543.440  6772.535
         6     1.123     0.085     0.014     0.008   -10.984  3753.623  1955.232    10.510    43.746    23.892 43116.099  6800.184
         7     1.145     0.086     0.016     0.009   -10.981  3715.317  1948.266    10.456    43.546    23.750 42538.465  6702.570
         8     1.167     0.088     0.019     0.011   -10.978  3677.761  1941.437    10.405    43.095    23.498 41256.664  6530.779
         9     1.190     0.090     0.022     0.012   -10.975  3640.943  1934.743    10.357    42.483    23.177 39560.822  6316.062
        10     1.213     0.091     0.024     0.014   -10.972  3604.846  1928.179    10.310    41.770    22.815 37639.750  6077.915
        11     1.237     0.093     0.027     0.015   -10.969  3569.456  1921.744    10.266    40.993    22.426 35616.345  5828.680
        12     1.261     0.095     0.030     0.017   -10.966  3534.761  1915.435    10.223    40.177    22.023 33570.305  5576.236
        13     1.286     0.097     0.032     0.019   -10.963  3500.746  1909.250    10.182    39.340    21.612 31552.789  5325.623
        14     1.311     0.099     0.035     0.020   -10.959  3467.398  1903.187    10.143    38.494    21.199 29595.966  5080.039
        15     1.337     0.101     0.038     0.022   -10.956  3434.704  1897.242    10.105    37.648    20.786 27719.304  4841.481
        16     1.363     0.103     0.041     0.024   -10.953  3402.651  1891.414    10.069    36.807    20.376 25933.753  4611.145
        17     1.390     0.105     0.044     0.025   -10.949  3371.227  1885.700    10.034    35.977    19.971 24244.557  4389.692
        18     1.417     0.107     0.047     0.027   -10.946  3340.418  1880.098    10.000    35.159    19.572 22653.155  4177.431
        19     1.445     0.109     0.050     0.029   -10.942  3310.214  1874.606     9.967    34.356    19.179 21158.480  3974.430
        20     1.474     0.111     0.054     0.031   -10.938  3280.602  1869.221     9.935    33.570    18.793 19757.846  3780.600
        21     1.503     0.113     0.057     0.033   -10.935  3251.571  1863.942     9.904    32.800    18.414 18447.558  3595.747
        22     1.532     0.116     0.060     0.035   -10.931  3223.108  1858.767     9.873    32.048    18.043 17223.331  3419.612
        23     1.562     0.118     0.064     0.036   -10.927  3195.204  1853.693     9.844    31.315    17.679 16080.576  3251.896
        24     1.593     0.120     0.067     0.038   -10.923  3167.847  1848.719     9.816    30.599    17.323 15014.598  3092.276
        25     1.624     0.122     0.071     0.040   -10.919  3141.027  1843.842     9.788    29.901    16.974 14020.723  2940.419
        26     1.656     0.125     0.074     0.043   -10.915  3114.732  1839.061     9.761    29.220    16.632 13094.390  2795.988
        27     1.689     0.127     0.078     0.045   -10.911  3088.953  1834.373     9.735    28.558    16.298 12231.202  2658.652
        28     1.722     0.130     0.082     0.047   -10.906  3063.680  1829.778     9.709    27.912    15.971 11426.964  2528.085
        29     1.756     0.132     0.085     0.049   -10.902  3038.902  1825.272     9.684    27.284    15.651 10677.695  2403.969
        30     1.791     0.135     0.089     0.051   -10.898  3014.609  1820.855     9.659    26.672    15.338  9979.645  2286.000
        31     1.826     0.138     0.093     0.053   -10.893  2990.793  1816.525     9.635    26.076    15.032  9329.289  2173.883
        32     1.862     0.140     0.097     0.056   -10.888  2967.445  1812.279     9.612    25.496    14.732  8723.323  2067.336
        33     1.899     0.143     0.101     0.058   -10.884  2944.554  1808.117     9.589    24.932    14.439  8158.661  1966.088
        34     1.937     0.146     0.106     0.060   -10.879  2922.111  1804.036     9.567    24.382    14.153  7632.424  1869.881
        35     1.975     0.149     0.110     0.063   -10.874  2900.109  1800.035     9.545    23.847    13.873  7141.928  1778.470
        36     2.014     0.152     0.114     0.065   -10.869  2878.538  1796.113     9.524    23.327    13.600  6684.673  1691.618
        37     2.054     0.155     0.119     0.068   -10.864  2857.391  1792.268     9.503    22.820    13.332  6258.337  1609.102
        38     2.094     0.158     0.123     0.070   -10.859  2836.657  1788.498     9.482    22.326    13.071  5860.757  1530.707
        39     2.136     0.161     0.128     0.073   -10.854  2816.331  1784.802     9.462    21.846    12.815  5489.926  1456.230
        40     2.178     0.164     0.133     0.076   -10.848  2796.403  1781.178     9.442    21.379    12.565  5143.976  1385.478
        41     2.221     0.167     0.138     0.078   -10.843  2776.865  1777.626     9.423    20.924    12.321  4821.175  1318.266
        42     2.265     0.171     0.142     0.081   -10.837  2757.711  1774.143     9.404    20.481    12.082  4519.911  1254.417
        43     2.310     0.174     0.148     0.084   -10.831  2738.933  1770.728     9.385    20.050    11.849  4238.690  1193.766
        44     2.355     0.177     0.153     0.087   -10.826  2720.522  1767.381     9.367    19.630    11.621  3976.121  1136.151
        45     2.402     0.181     0.158     0.090   -10.820  2702.473  1764.099     9.349    19.221    11.398  3730.915  1081.422
        46     2.450     0.184     0.163     0.093   -10.814  2684.777  1760.881     9.331    18.823    11.181  3501.872  1029.434
        47     2.498     0.188     0.169     0.096   -10.808  2667.429  1757.726     9.314    18.436    10.968  3287.880   980.051
        48     2.548     0.192     0.174     0.099   -10.801  2650.420  1754.634     9.297    18.059    10.761  3087.904   933.140
        49     2.598     0.195     0.180     0.102   -10.795  2633.745  1751.602     9.280    17.692    10.558  2900.982   888.579
        50     2.650     0.199     0.185     0.105   -10.789  2617.397  1748.629     9.264    17.334    10.360  2726.222   846.249
        51     2.702     0.203     0.191     0.109   -10.782  2601.370  1745.715     9.247    16.986    10.166  2562.794   806.037
        52     2.756     0.207     0.197     0.112   -10.775  2585.657  1742.858     9.231    16.647     9.977  2409.925   767.836
        53     2.810     0.211     0.203     0.115   -10.768  2570.252  1740.057     9.216    16.317     9.792  2266.900   731.545
        54     2.866     0.215     0.209     0.119   -10.761  2555.149  1737.310     9.200    15.996     9.612  2133.052   697.067
        55     2.923     0.220     0.216     0.122   -10.754  2540.342  1734.618     9.185    15.683     9.436  2007.760   664.311
        56     2.981     0.224     0.222     0.126   -10.747  2525.825  1731.978     9.170    15.378     9.264  1890.448   633.188
        57     3.040     0.228     0.229     0.129   -10.740  2511.594  1729.391     9.156    15.081     9.096  1780.579   603.615
        58     3.100     0.233     0.235     0.133   -10.732  2497.641  1726.854     9.141    14.792     8.932  1677.656   575.515
        59     3.162     0.237     0.242     0.137   -10.725  2483.961  1724.366     9.127    14.510     8.772  1581.214   548.812
        60     3.225     0.242     0.249     0.141   -10.717  2470.550  1721.928     9.113    14.236     8.616  1490.821   523.435
        61     3.289     0.247     0.256     0.145   -10.709  2457.402  1719.537     9.099    13.969     8.463  1406.075   499.316
        62     3.354     0.251     0.263     0.148   -10.701  2444.512  1717.193     9.086    13.709     8.314  1326.602   476.391
        63     3.421     0.256     0.271     0.153   -10.693  2431.875  1714.895     9.073    13.455     8.169  1252.054   454.600
        64     3.489     0.261     0.278     0.157   -10.684  2419.485  1712.642     9.059    13.208     8.027  1182.107   433.884
        65     3.558     0.266     0.286     0.161   -10.676  2407.338  1710.434     9.047    12.968     7.888  1116.458   414.189
        66     3.629     0.272     0.294     0.165   -10.667  2395.430  1708.268     9.034    12.733     7.752  1054.826   395.462
        67     3.701     0.277     0.302     0.169   -10.658  2383.755  1706.145     9.021    12.505     7.620   996.950   377.655
        68     3.774     0.282     0.310     0.174   -10.649  2372.308  1704.064     9.009    12.282     7.491   942.586   360.719
        69     3.849     0.288     0.318     0.178   -10.640  2361.087  1702.024     8.997    12.065     7.365   891.504   344.612
        70     3.926     0.293     0.326     0.183   -10.631  2350.085  1700.023     8.985    11.854     7.242   843.495   329.290
        71     4.004     0.299     0.335     0.187   -10.621  2339.299  1698.062     8.973    11.648     7.122   798.359   314.713
        72     4.083     0.305     0.343     0.192   -10.612  2328.724  1696.139     8.961    11.447     7.005   755.913   300.844
        73     4.164     0.311     0.352     0.197   -10.602  2318.357  1694.254     8.950    11.251     6.890   715.985   287.647
        74     4.247     0.317     0.361     0.202   -10.592  2308.193  1692.406     8.939    11.061     6.778   678.414   275.087
        75     4.332     0.323     0.370     0.207   -10.582  2298.229  1690.594     8.927    10.875     6.669   643.051   263.133
        76     4.418     0.329     0.380     0.212   -10.571  2288.460  1688.818     8.917    10.693     6.563   609.756   251.752
        77     4.506     0.335     0.389     0.217   -10.561  2278.882  1687.076     8.906    10.517     6.459   578.400     0.000
        78     4.595     0.342     0.399     0.222   -10.550  2269.492  1685.369     8.895    10.345     6.357   548.859     0.000
        79     4.687     0.349     0.409     0.227   -10.539  2260.286  1683.695     8.885    10.177     6.258   521.021     0.000
        80     4.780     0.355     0.419     0.233   -10.528  2251.261  1682.054     8.874    10.013     6.161   494.780     0.000
        81     4.875     0.362     0.429     0.238   -10.517  2242.413  1680.445     8.864     9.853     6.066   470.037     0.000
        82     4.972     0.369     0.440     0.244   -10.505  2233.738  1678.868     8.854     9.697     5.974   446.698     0.000
        83     5.071     0.376     0.450     0.249   -10.493  2225.234  1677.321     8.844     9.546     5.884   424.679     0.000
        84     5.172     0.383     0.461     0.255   -10.481  2216.896  1675.805     8.834     9.397     5.796   403.897     0.000
        85     5.275     0.391     0.472     0.261   -10.469  2208.721  1674.319     8.825     9.253     5.710   384.277     0.000
        86     5.380     0.398     0.483     0.267   -10.457  2200.707  1672.861     8.815     9.112     5.626   365.749     0.000
        87     5.487     0.406     0.495     0.273   -10.444  2192.850  1671.433     8.806     8.975     5.544   348.247     0.000
        88     5.597     0.414     0.506     0.279   -10.431  2185.147  1670.032     8.797     8.841     5.464   331.708     0.000
        89     5.708     0.422     0.518     0.285   -10.418  2177.595  1668.659     8.787     8.710     5.386   316.075     0.000
        90     5.822     0.430     0.530     0.292   -10.405  2170.191  1667.313     8.778     8.582     5.309   301.294     0.000
        91     5.938     0.438     0.542     0.298   -10.392  2162.933  1665.993     8.770     8.458     5.235   287.313     0.000
        92     6.056     0.446     0.555     0.305   -10.378  2155.816  1664.699     8.761     8.336     5.162   274.086     0.000
        93     6.177     0.455     0.567     0.311   -10.364  2148.840  1663.430     8.752     8.218     5.091   261.568     0.000
        94     6.300     0.463     0.580     0.318   -10.350  2142.000  1662.187     8.744     8.102     5.021   249.718     0.000
        95     6.425     0.472     0.594     0.325   -10.335  2135.294  1660.967     8.736     7.989     4.953   238.496     0.000
        96     6.553     0.481     0.607     0.332   -10.320  2128.719  1659.772     8.727     7.879     4.887   227.865     0.000
        97     6.684     0.490     0.620     0.339   -10.305  2122.274  1658.600     8.719     7.772     4.822   217.792     0.000
        98     6.817     0.499     0.634     0.346   -10.290  2115.955  1657.451     8.711     7.667     4.759   208.244     0.000
        99     6.953     0.509     0.648     0.353   -10.275  2109.760  1656.324     8.703     7.564     4.697   199.192     0.000
       100     7.092     0.518     0.663     0.360   -10.259  2103.686  1655.220     8.695     7.464     4.637   190.606     0.000
       101     7.233     0.528     0.677     0.368   -10.243  2097.731  1654.137     8.688     7.367     4.578   182.460     0.000
       102     7.377     0.538     0.692     0.375   -10.226  2091.893  1653.076     8.680     7.271     4.520   174.730     0.000
       103     7.524     0.548     0.707     0.383   -10.210  2086.170  1652.035     8.673     7.178     4.464   167.391     0.000
       104     7.674     0.558     0.723     0.391   -10.193  2080.559  1651.015     8.665     7.087     4.409   160.422     0.000
       105     7.827     0.569     0.738     0.399   -10.176  2075.058  1650.014     8.658     6.999     4.355   153.803     0.000
       106     7.983     0.579     0.754     0.407   -10.158  2069.664  1649.034     8.651     6.912     4.302   147.513     0.000
       107     8.143     0.590     0.770     0.415   -10.140  2064.377  1648.072     8.644     6.827     4.251   141.534     0.000
       108     8.305     0.601     0.787     0.423   -10.122  2059.193  1647.130     8.637     6.745     4.201   135.850     0.000
       109     8.471     0.612     0.803     0.432   -10.104  2054.111  1646.206     8.630     6.664     4.152   130.445     0.000
       110     8.640     0.624     0.820     0.440   -10.085  2049.128  1645.300     8.624     6.585     4.104   125.302     0.000
       111     8.812     0.635     0.838     0.449   -10.066  2044.243  1644.411     8.617     6.508     4.057   120.408     0.000
       112     8.988     0.647     0.855     0.457   -10.047  2039.454  1643.540     8.610     6.433     4.011   115.750     0.000
       113     9.167     0.659     0.873     0.466   -10.027  2034.759  1642.687     8.604     6.359     3.966   111.314     0.000
       114     9.350     0.671     0.891     0.475   -10.007  2030.156  1641.850     8.597     6.288     3.922   107.089     0.000
       115     9.536     0.683     0.910     0.484    -9.987  2025.643  1641.029     8.591     6.218     3.880   103.063     0.000
       116     9.727     0.696     0.928     0.493    -9.966  2021.219  1640.225     8.585     6.149     3.838    99.227     0.000
       117     9.921     0.708     0.948     0.502    -9.945  2016.881  1639.436     8.579     6.082     3.797    95.570     0.000
       118    10.119     0.721     0.967     0.512    -9.923  2012.629  1638.663     8.573     6.017     3.757    92.082     0.000
       119    10.321     0.734     0.987     0.521    -9.902  2008.459  1637.905     8.567     5.953     3.718    88.755     0.000
       120    10.527     0.747     1.007     0.531    -9.879  2004.372  1637.161     8.561     5.890     3.680    85.580     0.000
       121    10.737     0.761     1.027     0.541    -9.857  2000.365  1636.433     8.555     5.829     3.642    82.550     0.000
       122    10.951     0.775     1.047     0.550    -9.834  1996.436  1635.718     8.550     5.770     3.606    79.658     0.000
       123    11.169     0.789     1.068     0.560    -9.811  1992.584  1635.018     8.544     5.711     3.570    76.895     0.000
       124    11.392     0.803     1.090     0.571    -9.787  1988.808  1634.331     8.539     5.654     3.535    74.256     0.000
       125    11.620     0.817     1.111     0.581    -9.763  1985.106  1633.658     8.533     5.599     3.501    71.734     0.000
       126    11.852     0.832     1.133     0.591    -9.738  1981.476  1632.998     8.528     5.544     3.468    69.323     0.000
       127    12.088     0.846     1.156     0.601    -9.713  1977.918  1632.351     8.523     5.491     3.435    67.019     0.000
       128    12.330     0.861     1.178     0.612    -9.688  1974.429  1631.717     8.518     5.439     3.403    64.815     0.000
       129    12.576     0.877     1.201     0.623    -9.662  1971.009  1631.095     8.512     5.388     3.372    62.706     0.000
       130    12.827     0.892     1.225     0.633    -9.636  1967.656  1630.485     8.507     5.338     3.341    60.688     0.000
       131    13.083     0.908     1.248     0.644    -9.609  1964.369  1629.888     8.503     5.290     3.311    58.757     0.000
       132    13.344     0.923     1.272     0.655    -9.582  1961.146  1629.301     8.498     5.242     3.282    56.908     0.000
       133    13.610     0.940     1.297     0.666    -9.555  1957.986  1628.727     8.493     5.196     3.254    55.137     0.000
       134    13.882     0.956     1.321     0.678    -9.527  1954.888  1628.164     8.488     5.150     3.226    53.440     0.000
       135    14.159     0.972     1.346     0.689    -9.499  1951.851  1627.611     8.483     5.106     3.198    51.814     0.000
       136    14.442     0.989     1.372     0.700    -9.470  1948.874  1627.070     8.479     5.062     3.172    50.256     0.000
       137    14.730     1.006     1.397     0.712    -9.441  1945.955  1626.539     8.474     5.020     3.145    48.762     0.000
       138    15.025     1.024     1.423     0.723    -9.411  1943.093  1626.019     8.470     4.978     3.120    47.329     0.000
       139    15.325     1.041     1.450     0.735    -9.381  1940.287  1625.509     8.466     4.938     3.095    45.955     0.000
       140    15.631     1.059     1.476     0.747    -9.351  1937.536  1625.009     8.461     4.898     3.070    44.636     0.000
       141    15.943     1.077     1.503     0.758    -9.320  1934.840  1624.518     8.457     4.859     3.046    43.370     0.000
       142    16.261     1.095     1.530     0.770    -9.289  1932.196  1624.037     8.453     4.821     3.023    42.154     0.000
       143    16.586     1.114     1.558     0.782    -9.257  1929.604  1623.566     8.449     4.784     3.000    40.987     0.000
       144    16.917     1.132     1.586     0.794    -9.225  1927.062  1623.104     8.445     4.748     2.977    39.866     0.000
       145    17.255     1.151     1.614     0.806    -9.192  1924.571  1622.651     8.441     4.712     2.955    38.789     0.000
       146    17.600     1.170     1.642     0.818    -9.160  1922.128  1622.207     8.437     4.677     2.934    37.754     0.000
       147    17.951     1.190     1.671     0.830    -9.126  1919.734  1621.771     8.433     4.643     2.913    36.759     0.000
       148    18.310     1.210     1.700     0.843    -9.092  1917.386  1621.345     8.429     4.610     2.892    35.802     0.000
       149    18.676     1.230     1.729     0.855    -9.058  1915.084  1620.926     8.425     4.577     2.872    34.882     0.000
       150    19.049     1.250     1.758     0.867    -9.024  1912.828  1620.516     8.422     4.545     2.852    33.996     0.000
       151    19.429     1.270     1.788     0.880    -8.989  1910.615  1620.113     8.418     4.514     2.833    33.145     0.000
       152    19.817     1.291     1.818     0.892    -8.953  1908.447  1619.719     8.415     4.483     2.814    32.325     0.000
       153    20.213     1.312     1.849     0.904    -8.917  1906.320  1619.332     8.411     4.454     2.796    31.535     0.000
       154    20.617     1.334     1.879     0.917    -8.881  1904.235  1618.953     8.408     4.424     2.778    30.775     0.000
       155    21.029     1.355     1.910     0.929    -8.844  1902.192  1618.582     8.404     4.396     2.760    30.043     0.000
       156    21.449     1.377     1.942     0.942    -8.807  1900.188  1618.217     8.401     4.368     2.743    29.338     0.000
       157    21.877     1.399     1.973     0.954    -8.769  1898.223  1617.860     8.398     4.340     2.726    28.658     0.000
       158    22.315     1.422     2.005     0.967    -8.731  1896.297  1617.510     8.394     4.314     2.709    28.003     0.000
       159    22.760     1.444     2.037     0.979    -8.693  1894.409  1617.167     8.391     4.287     2.693    27.371     0.000
       160    23.215     1.467     2.069     0.992    -8.654  1892.558  1616.830     8.388     4.262     2.677    26.762     0.000
       161    23.679     1.490     2.102     1.005    -8.615  1890.743  1616.500     8.385     4.236     2.661    26.174     0.000
       162    24.152     1.514     2.135     1.017    -8.575  1888.964  1616.177     8.382     4.212     2.646    25.608     0.000
       163    24.635     1.538     2.168     1.030    -8.535  1887.220  1615.859     8.379     4.188     2.631    25.061     0.000
       164    25.127     1.562     2.201     1.042    -8.494  1885.509  1615.548     8.376     4.164     2.617    24.533     0.000
       165    25.629     1.586     2.235     1.055    -8.453  1883.833  1615.243     8.373     4.141     2.602    24.023     0.000
       166    26.141     1.611     2.269     1.068    -8.411  1882.189  1614.945     8.370     4.119     2.588    23.531     0.000
       167    26.663     1.636     2.303     1.080    -8.369  1880.577  1614.652     8.368     4.097     2.575    23.056     0.000
       168    27.196     1.661     2.337     1.093    -8.327  1878.997  1614.364     8.365     4.075     2.561    22.596     0.000
       169    27.740     1.687     2.372     1.106    -8.284  1877.448  1614.083     8.362     4.054     2.548    22.153     0.000
       170    28.294     1.713     2.407     1.118    -8.241  1875.930  1613.806     8.360     4.033     2.535    21.724     0.000
       171    28.859     1.739     2.442     1.131    -8.197  1874.441  1613.536     8.357     4.013     2.523    21.309     0.000
       172    29.436     1.765     2.478     1.144    -8.153  1872.981  1613.270     8.354     3.993     2.510    20.909     0.000
       173    30.024     1.792     2.513     1.156    -8.108  1871.550  1613.010     8.352     3.973     2.498    20.521     0.000
       174    30.624     1.819     2.549     1.169    -8.063  1870.147  1612.755     8.349     3.954     2.487    20.146     0.000
       175    31.236     1.847     2.586     1.181    -8.017  1868.772  1612.505     8.347     3.936     2.475    19.784     0.000
       176    31.861     1.874     2.622     1.194    -7.971  1867.424  1612.260     8.345     3.917     2.464    19.433     0.000
       177    32.497     1.902     2.659     1.206    -7.925  1866.102  1612.019     8.342     3.900     2.453    19.093     0.000
       178    33.147     1.931     2.696     1.219    -7.878  1864.805  1611.784     8.340     3.882     2.442    18.765     0.000
       179    33.809     1.959     2.733     1.231    -7.830  1863.535  1611.553     8.338     3.865     2.431    18.446     0.000
       180    34.485     1.988     2.771     1.244    -7.782  1862.289  1611.326     8.335     3.848     2.421    18.138     0.000
       181    35.174     2.018     2.809     1.256    -7.734  1861.068  1611.104     8.333     3.832     2.410    17.840     0.000
       182    35.877     2.048     2.847     1.269    -7.685  1859.870  1610.886     8.331     3.816     2.400    17.550     0.000
       183    36.594     2.078     2.885     1.281    -7.636  1858.696  1610.673     8.329     3.800     2.391    17.270     0.000
       184    37.326     2.108     2.924     1.294    -7.586  1857.545  1610.464     8.327     3.785     2.381    16.999     0.000
       185    38.072     2.139     2.963     1.306    -7.536  1856.417  1610.258     8.325     3.769     2.372    16.736     0.000
       186    38.833     2.170     3.002     1.318    -7.485  1855.311  1610.057     8.323     3.755     2.363    16.481     0.000
       187    39.609     2.201     3.042     1.330    -7.434  1854.226  1609.860     8.321     3.740     2.354    16.233     0.000
       188    40.401     2.233     3.082     1.343    -7.383  1853.163  1609.667     8.319     3.726     2.345    15.993     0.000
       189    41.208     2.265     3.122     1.355    -7.330  1852.121  1609.477     8.317     3.712     2.336    15.761     0.000
       190    42.032     2.298     3.162     1.367    -7.278  1851.099  1609.291     8.315     3.699     2.328    15.535     0.000
       191    42.872     2.331     3.203     1.379    -7.225  1850.097  1609.109     8.313     3.685     2.319    15.316     0.000
       192    43.729     2.364     3.244     1.391    -7.171  1849.114  1608.931     8.312     3.672     2.311    15.104     0.000
       193    44.603     2.398     3.285     1.403    -7.117  1848.151  1608.755     8.310     3.659     2.303    14.897     0.000
       194    45.495     2.432     3.327     1.415    -7.063  1847.207  1608.584     8.308     3.647     2.295    14.697     0.000
       195    46.404     2.466     3.369     1.427    -7.008  1846.282  1608.415     8.306     3.635     2.288    14.503     0.000
       196    47.332     2.501     3.411     1.439    -6.953  1845.374  1608.250     8.305     3.623     2.280    14.314     0.000
       197    48.278     2.536     3.453     1.451    -6.897  1844.484  1608.089     8.303     3.611     2.273    14.131     0.000
       198    49.243     2.572     3.496     1.462    -6.840  1843.612  1607.930     8.301     3.599     2.266    13.953     0.000
       199    50.228     2.607     3.539     1.474    -6.783  1842.757  1607.775     8.300     3.588     2.259    13.780     0.000
       200    51.232     2.644     3.583     1.486    -6.726  1841.919  1607.622     8.298     3.577     2.252    13.612     0.000
       201    52.256     2.681     3.626     1.498    -6.668  1841.097  1607.473     8.297     3.566     2.245    13.449     0.000
       202    53.301     2.718     3.670     1.509    -6.610  1840.291  1607.326     8.295     3.556     2.239    13.290     0.000
       203    54.366     2.755     3.715     1.521    -6.551  1839.501  1607.183     8.294     3.545     2.232    13.136     0.000
       204    55.453     2.794     3.759     1.532    -6.492  1838.726  1607.042     8.292     3.535     2.226    12.986     0.000
       205    56.562     2.832     3.805     1.544    -6.432  1837.967  1606.904     8.291     3.525     2.220    12.840     0.000
       206    57.692     2.871     3.850     1.555    -6.372  1837.223  1606.768     8.289     3.515     2.214    12.698     0.000
       207    58.846     2.910     3.896     1.566    -6.311  1836.493  1606.636     8.288     3.506     2.208    12.560     0.000
       208    60.022     2.950     3.942     1.578    -6.250  1835.777  1606.505     8.287     3.497     2.202    12.426     0.000
       209    61.222     2.990     3.988     1.589    -6.188  1835.076  1606.378     8.285     3.487     2.196    12.296     0.000
       210    62.446     3.031     4.035     1.600    -6.126  1834.388  1606.253     8.284     3.478     2.191    12.169     0.000
       211    63.695     3.072     4.082     1.611    -6.063  1833.714  1606.130     8.283     3.470     2.185    12.046     0.000
       212    64.968     3.114     4.130     1.622    -6.000  1833.053  1606.010     8.282     3.461     2.180    11.925     0.000
       213    66.267     3.156     4.178     1.633    -5.936  1832.404  1605.892     8.280     3.453     2.175    11.808     0.000
       214    67.592     3.198     4.226     1.644    -5.872  1831.769  1605.777     8.279     3.444     2.169    11.695     0.000
       215    68.943     3.241     4.275     1.655    -5.807  1831.146  1605.663     8.278     3.436     2.164    11.584     0.000
       216    70.322     3.285     4.324     1.666    -5.742  1830.535  1605.552     8.277     3.428     2.159    11.476     0.000
       217    71.728     3.329     4.374     1.676    -5.676  1829.937  1605.443     8.276     3.421     2.155    11.371     0.000
       218    73.162     3.373     4.423     1.687    -5.610  1829.350  1605.337     8.274     3.413     2.150    11.268     0.000
       219    74.625     3.418     4.474     1.698    -5.543  1828.774  1605.232     8.273     3.405     2.145    11.169     0.000
       220    76.117     3.463     4.525     1.708    -5.475  1828.210  1605.129     8.272     3.398     2.141    11.072     0.000
       221    77.638     3.509     4.576     1.719    -5.408  1827.657  1605.029     8.271     3.391     2.136    10.977     0.000
       222    79.191     3.556     4.627     1.729    -5.339  1827.115  1604.930     8.270     3.384     2.132    10.885     0.000
       223    80.774     3.603     4.679     1.740    -5.271  1826.583  1604.834     8.269     3.377     2.127    10.795     0.000
       224    82.389     3.650     4.732     1.750    -5.201  1826.062  1604.739     8.268     3.370     2.123    10.708     0.000
       225    84.036     3.698     4.785     1.760    -5.132  1825.551  1604.646     8.267     3.364     2.119    10.622     0.000
       226    85.717     3.747     4.838     1.770    -5.061  1825.050  1604.555     8.266     3.357     2.115    10.539     0.000
       227    87.431     3.796     4.892     1.781    -4.990  1824.559  1604.466     8.265     3.351     2.111    10.458     0.000
       228    89.179     3.846     4.947     1.791    -4.919  1824.077  1604.378     8.264     3.345     2.107    10.379     0.000
       229    90.962     3.896     5.001     1.801    -4.847  1823.605  1604.292     8.263     3.339     2.104    10.302     0.000
       230    92.781     3.947     5.057     1.811    -4.775  1823.142  1604.208     8.262     3.333     2.100    10.227     0.000
       231    94.636     3.998     5.113     1.821    -4.702  1822.688  1604.125     8.262     3.327     2.096    10.154     0.000
       232    96.528     4.050     5.169     1.830    -4.629  1822.243  1604.045     8.261     3.321     2.093    10.083     0.000
       233    98.458     4.102     5.226     1.840    -4.555  1821.807  1603.965     8.260     3.316     2.089    10.013     0.000
       234   100.427     4.155     5.283     1.850    -4.480  1821.380  1603.888     8.259     3.310     2.086     9.945     0.000
       235   102.435     4.209     5.341     1.860    -4.406  1820.960  1603.811     8.258     3.305     2.082     9.879     0.000
       236   104.483     4.263     5.399     1.869    -4.330  1820.549  1603.737     8.257     3.300     2.079     9.814     0.000
       237   106.572     4.318     5.458     1.879    -4.254  1820.147  1603.663     8.257     3.294     2.076     9.751     0.000
       238   108.703     4.373     5.518     1.888    -4.178  1819.752  1603.591     8.256     3.289     2.073     9.690     0.000
       239   110.877     4.429     5.578     1.898    -4.101  1819.364  1603.521     8.255     3.284     2.070     9.630     0.000
       240   113.094     4.486     5.639     1.907    -4.024  1818.985  1603.452     8.254     3.279     2.067     9.571     0.000
       241   115.355     4.543     5.700     1.916    -3.946  1818.612  1603.384     8.254     3.275     2.064     9.514     0.000
       242   117.662     4.601     5.762     1.925    -3.867  1818.247  1603.318     8.253     3.270     2.061     9.458     0.000
       243   120.015     4.660     5.824     1.934    -3.789  1817.890  1603.253     8.252     3.266     2.058     9.404     0.000
       244   122.415     4.720     5.886     1.943    -3.710  1817.539  1603.189     8.251     3.261     2.055     9.351     0.000
       245   124.863     4.784     5.949     1.952    -3.632  1817.195  1603.127     8.251     3.257     2.053     9.301     0.000
       246   127.360     4.850     6.012     1.961    -3.555  1816.858  1603.065     8.250     3.253     2.050     9.251     0.000
       247   129.907     4.920     6.074     1.970    -3.479  1816.527  1603.005     8.249     3.249     2.047     9.203     0.000
       248   132.505     4.993     6.137     1.978    -3.404  1816.203  1602.946     8.248     3.245     2.045     9.157     0.000
       249   135.155     5.069     6.199     1.986    -3.330  1815.885  1602.888     8.247     3.241     2.043     9.112     0.000
       250   137.648     5.144     6.256     1.994    -3.263  1815.598  1602.836     8.246     3.237     2.041     9.072     0.000
---------------------------- Plume traps -----------------------------
       251   139.931     5.216     6.307     2.000    -3.205  1815.343  1602.790     8.245     3.234     2.039     9.036     0.000
       252   142.017     5.283     6.352     2.006    -3.154  1815.118  1602.749     8.244     3.232     2.037     9.006     0.000
       253   143.952     5.346     6.393     2.011    -3.108  1814.915  1602.712     8.244     3.229     2.036     8.978     0.000
       254   145.770     5.405     6.431     2.016    -3.067  1814.729  1602.678     8.243     3.227     2.034     8.953     0.000
       255   147.499     5.462     6.466     2.020    -3.029  1814.556  1602.647     8.242     3.225     2.033     8.930     0.000
       256   149.157     5.517     6.500     2.024    -2.993  1814.394  1602.617     8.242     3.223     2.032     8.908     0.000
       257   150.757     5.571     6.532     2.028    -2.960  1814.241  1602.590     8.241     3.221     2.031     8.888     0.000
------------------------- merging happened ---------------------------
       258   152.306     5.623     6.562     2.031    -2.928  1814.097  1602.563     8.241     3.220     2.030     8.869     0.000
       259   153.668     5.672     6.591     2.035    -2.899  1813.972  1602.540     8.240     3.218     2.029     8.853     0.000
       260   155.017     5.722     6.621     2.038    -2.869  1813.850  1602.518     8.240     3.217     2.029     8.837     0.000
       261   156.331     5.774     6.651     2.042    -2.839  1813.734  1602.497     8.239     3.216     2.028     8.822     0.000
       262   157.626     5.828     6.680     2.045    -2.811  1813.621  1602.477     8.239     3.214     2.027     8.808     0.000
       263   158.845     5.881     6.708     2.048    -2.784  1813.516  1602.458     8.238     3.213     2.026     8.794     0.000
       264   160.015     5.935     6.736     2.051    -2.758  1813.418  1602.440     8.238     3.212     2.026     8.782     0.000
       265   161.123     5.987     6.763     2.055    -2.732  1813.325  1602.423     8.237     3.211     2.025     8.770     0.000
       266   162.186     6.039     6.790     2.058    -2.707  1813.238  1602.407     8.237     3.210     2.025     8.759     0.000
       267   163.197     6.091     6.816     2.060    -2.683  1813.156  1602.392     8.237     3.209     2.024     8.749     0.000
       268   164.164     6.142     6.843     2.063    -2.659  1813.079  1602.378     8.236     3.208     2.024     8.739     0.000
       269   165.084     6.193     6.869     2.066    -2.637  1813.006  1602.365     8.236     3.208     2.023     8.730     0.000
       270   165.961     6.243     6.894     2.069    -2.614  1812.937  1602.352     8.236     3.207     2.023     8.722     0.000
       271   166.796     6.292     6.920     2.072    -2.593  1812.872  1602.341     8.235     3.206     2.022     8.714     0.000
       272   167.592     6.340     6.945     2.074    -2.571  1812.811  1602.329     8.235     3.206     2.022     8.706     0.000
       273   168.349     6.388     6.969     2.077    -2.551  1812.754  1602.319     8.235     3.205     2.022     8.699     0.000
       274   169.069     6.435     6.993     2.080    -2.531  1812.699  1602.309     8.234     3.204     2.021     8.693     0.000
---------------------------- Plume surfaces --------------------------
       275   169.754     6.481     7.017     2.082    -2.512  1812.648  1602.300     8.234     3.204     2.021     8.687     0.000
       276   170.407     6.527     7.041     2.085    -2.493  1812.600  1602.291     8.234     3.203     2.021     8.681     0.000
       277   171.027     6.572     7.064     2.087    -2.475  1812.554  1602.283     8.234     3.203     2.020     8.675     0.000
       278   171.618     6.616     7.087     2.090    -2.457  1812.511  1602.275     8.233     3.202     2.020     8.670     0.000
       279   172.180     6.660     7.109     2.092    -2.440  1812.470  1602.267     8.233     3.202     2.020     8.665     0.000
       280   172.716     6.702     7.131     2.094    -2.423  1812.431  1602.260     8.233     3.201     2.020     8.661     0.000
       281   173.226     6.744     7.153     2.097    -2.407  1812.394  1602.254     8.233     3.201     2.019     8.656     0.000
       282   173.712     6.786     7.174     2.099    -2.392  1812.360  1602.247     8.233     3.201     2.019     8.652     0.000
       283   174.175     6.826     7.195     2.101    -2.377  1812.327  1602.241     8.232     3.200     2.019     8.649     0.000
       284   174.617     6.866     7.216     2.103    -2.362  1812.296  1602.236     8.232     3.200     2.019     8.645     0.000
       285   175.038     6.906     7.237     2.105    -2.348  1812.266  1602.230     8.232     3.200     2.019     8.642     0.000
       286   175.441     6.945     7.257     2.107    -2.334  1812.238  1602.225     8.232     3.199     2.018     8.638     0.000
       287   175.825     6.983     7.276     2.109    -2.320  1812.211  1602.220     8.232     3.199     2.018     8.635     0.000
       288   176.192     7.020     7.296     2.111    -2.307  1812.186  1602.216     8.232     3.199     2.018     8.632     0.000
       289   176.542     7.057     7.315     2.113    -2.295  1812.162  1602.211     8.232     3.199     2.018     8.629     0.000
       290   176.878     7.094     7.334     2.115    -2.282  1812.139  1602.207     8.231     3.198     2.018     8.627     0.000
       291   177.199     7.129     7.353     2.117    -2.271  1812.117  1602.203     8.231     3.198     2.018     8.624     0.000
       292   177.506     7.165     7.371     2.119    -2.259  1812.096  1602.199     8.231     3.198     2.018     8.622     0.000
       293   177.800     7.199     7.389     2.121    -2.248  1812.076  1602.196     8.231     3.198     2.018     8.620     0.000
       294   178.082     7.233     7.407     2.123    -2.237  1812.057  1602.192     8.231     3.198     2.017     8.618     0.000
       295   178.352     7.267     7.425     2.124    -2.226  1812.038  1602.189     8.231     3.197     2.017     8.615     0.000
       296   178.611     7.300     7.443     2.126    -2.216  1812.021  1602.186     8.231     3.197     2.017     8.613     0.000
       297   178.860     7.332     7.460     2.128    -2.206  1812.004  1602.183     8.231     3.197     2.017     8.612     0.000
       298   179.099     7.364     7.477     2.130    -2.197  1811.988  1602.180     8.231     3.197     2.017     8.610     0.000
       299   179.328     7.396     7.493     2.131    -2.187  1811.973  1602.177     8.230     3.197     2.017     8.608     0.000
       300   179.548     7.427     7.510     2.133    -2.178  1811.958  1602.174     8.230     3.197     2.017     8.606     0.000
       301   179.760     7.457     7.526     2.135    -2.169  1811.944  1602.172     8.230     3.197     2.017     8.605     0.000
       302   179.964     7.487     7.543     2.136    -2.161  1811.931  1602.169     8.230     3.196     2.017     8.603     0.000
       303   180.160     7.517     7.559     2.138    -2.152  1811.918  1602.167     8.230     3.196     2.017     8.602     0.000
       304   180.349     7.546     7.574     2.140    -2.144  1811.905  1602.165     8.230     3.196     2.017     8.601     0.000
       305   180.530     7.575     7.590     2.141    -2.136  1811.893  1602.163     8.230     3.196     2.017     8.599     0.000
       306   180.705     7.603     7.605     2.143    -2.129  1811.882  1602.160     8.230     3.196     2.017     8.598     0.000
       307   180.874     7.631     7.621     2.144    -2.121  1811.871  1602.158     8.230     3.196     2.016     8.597     0.000
       308   181.036     7.658     7.636     2.146    -2.114  1811.860  1602.157     8.230     3.196     2.016     8.596     0.000
       309   181.193     7.685     7.651     2.147    -2.107  1811.850  1602.155     8.230     3.196     2.016     8.594     0.000
       310   181.344     7.711     7.665     2.149    -2.100  1811.840  1602.153     8.230     3.195     2.016     8.593     0.000
       311   181.489     7.737     7.680     2.150    -2.094  1811.830  1602.151     8.230     3.195     2.016     8.592     0.000
       312   181.630     7.762     7.694     2.152    -2.087  1811.821  1602.149     8.229     3.195     2.016     8.591     0.000
       313   181.765     7.787     7.709     2.153    -2.081  1811.812  1602.148     8.229     3.195     2.016     8.590     0.000
       314   181.896     7.812     7.723     2.154    -2.075  1811.804  1602.146     8.229     3.195     2.016     8.589     0.000
       315   182.023     7.836     7.737     2.156    -2.069  1811.796  1602.145     8.229     3.195     2.016     8.589     0.000
       316   182.145     7.860     7.751     2.157    -2.063  1811.788  1602.143     8.229     3.195     2.016     8.588     0.000
       317   182.262     7.883     7.765     2.159    -2.058  1811.780  1602.142     8.229     3.195     2.016     8.587     0.000
       318   182.376     7.906     7.778     2.160    -2.053  1811.773  1602.141     8.229     3.195     2.016     8.586     0.000
       319   182.486     7.928     7.792     2.161    -2.047  1811.766  1602.139     8.229     3.195     2.016     8.585     0.000
       320   182.592     7.950     7.805     2.163    -2.042  1811.759  1602.138     8.229     3.195     2.016     8.585     0.000
       321   182.695     7.972     7.819     2.164    -2.037  1811.752  1602.137     8.229     3.195     2.016     8.584     0.000
       322   182.794     7.993     7.832     2.165    -2.033  1811.746  1602.136     8.229     3.195     2.016     8.583     0.000
       323   182.890     8.014     7.845     2.166    -2.028  1811.740  1602.135     8.229     3.195     2.016     8.583     0.000
       324   182.982     8.034     7.858     2.168    -2.023  1811.734  1602.134     8.229     3.194     2.016     8.582     0.000
       325   183.072     8.054     7.871     2.169    -2.019  1811.728  1602.133     8.229     3.194     2.016     8.581     0.000
       326   183.158     8.073     7.884     2.170    -2.015  1811.723  1602.132     8.229     3.194     2.016     8.581     0.000
       327   183.242     8.092     7.897     2.172    -2.011  1811.717  1602.131     8.229     3.194     2.016     8.580     0.000
       328   183.322     8.111     7.909     2.173    -2.007  1811.712  1602.130     8.229     3.194     2.016     8.580     0.000
       329   183.400     8.129     7.922     2.174    -2.003  1811.707  1602.129     8.229     3.194     2.016     8.579     0.000
       330   183.475     8.147     7.935     2.175    -1.999  1811.702  1602.128     8.229     3.194     2.016     8.579     0.000
       331   183.548     8.164     7.947     2.177    -1.996  1811.698  1602.127     8.229     3.194     2.016     8.578     0.000
       332   183.618     8.181     7.959     2.178    -1.992  1811.693  1602.126     8.229     3.194     2.016     8.578     0.000
       333   183.686     8.198     7.972     2.179    -1.989  1811.689  1602.125     8.229     3.194     2.016     8.577     0.000
       334   183.751     8.214     7.984     2.180    -1.985  1811.685  1602.125     8.229     3.194     2.016     8.577     0.000
       335   183.815     8.230     7.996     2.181    -1.982  1811.681  1602.124     8.229     3.194     2.016     8.576     0.000
       336   183.876     8.245     8.008     2.183    -1.979  1811.677  1602.123     8.229     3.194     2.015     8.576     0.000
       337   183.935     8.260     8.020     2.184    -1.976  1811.673  1602.123     8.229     3.194     2.015     8.575     0.000
       338   183.992     8.274     8.032     2.185    -1.973  1811.669  1602.122     8.229     3.194     2.015     8.575     0.000
       339   184.047     8.288     8.044     2.186    -1.971  1811.666  1602.121     8.229     3.194     2.015     8.575     0.000
       340   184.100     8.302     8.056     2.187    -1.968  1811.663  1602.121     8.228     3.194     2.015     8.574     0.000
       341   184.151     8.315     8.068     2.188    -1.965  1811.659  1602.120     8.228     3.194     2.015     8.574     0.000
       342   184.201     8.328     8.080     2.190    -1.963  1811.656  1602.119     8.228     3.194     2.015     8.574     0.000
       343   184.248     8.341     8.092     2.191    -1.961  1811.653  1602.119     8.228     3.194     2.015     8.573     0.000
       344   184.294     8.353     8.103     2.192    -1.958  1811.650  1602.118     8.228     3.194     2.015     8.573     0.000
       345   184.337     8.364     8.115     2.193    -1.956  1811.648  1602.118     8.228     3.194     2.015     8.573     0.000
       346   184.379     8.376     8.127     2.194    -1.954  1811.645  1602.117     8.228     3.194     2.015     8.572     0.000
       347   184.420     8.386     8.138     2.195    -1.952  1811.642  1602.117     8.228     3.194     2.015     8.572     0.000
       348   184.458     8.397     8.150     2.196    -1.950  1811.640  1602.117     8.228     3.194     2.015     8.572     0.000
       349   184.495     8.407     8.162     2.198    -1.948  1811.638  1602.116     8.228     3.194     2.015     8.572     0.000
       350   184.531     8.416     8.173     2.199    -1.947  1811.635  1602.116     8.228     3.194     2.015     8.571     0.000
       351   184.564     8.426     8.185     2.200    -1.945  1811.633  1602.115     8.228     3.194     2.015     8.571     0.000
       352   184.597     8.434     8.196     2.201    -1.943  1811.631  1602.115     8.228     3.194     2.015     8.571     0.000
       353   184.627     8.443     8.208     2.202    -1.942  1811.629  1602.115     8.228     3.193     2.015     8.571     0.000
       354   184.656     8.451     8.219     2.203    -1.941  1811.628  1602.114     8.228     3.193     2.015     8.571     0.000
       355   184.684     8.458     8.231     2.204    -1.939  1811.626  1602.114     8.228     3.193     2.015     8.570     0.000
       356   184.710     8.466     8.242     2.205    -1.938  1811.624  1602.114     8.228     3.193     2.015     8.570     0.000
       357   184.734     8.472     8.254     2.207    -1.937  1811.623  1602.113     8.228     3.193     2.015     8.570     0.000
       358   184.757     8.479     8.265     2.208    -1.936  1811.621  1602.113     8.228     3.193     2.015     8.570     0.000
       359   184.779     8.485     8.276     2.209    -1.935  1811.620  1602.113     8.228     3.193     2.015     8.570     0.000
       360   184.799     8.490     8.288     2.210    -1.934  1811.619  1602.113     8.228     3.193     2.015     8.570     0.000
       361   184.817     8.495     8.299     2.211    -1.933  1811.617  1602.112     8.228     3.193     2.015     8.570     0.000
       362   184.834     8.500     8.310     2.212    -1.932  1811.616  1602.112     8.228     3.193     2.015     8.569     0.000
       363   184.850     8.504     8.322     2.213    -1.932  1811.615  1602.112     8.228     3.193     2.015     8.569     0.000
       364   184.865     8.508     8.333     2.214    -1.931  1811.614  1602.112     8.228     3.193     2.015     8.569     0.000
       365   184.878     8.512     8.344     2.215    -1.931  1811.614  1602.112     8.228     3.193     2.015     8.569     0.000
       366   184.889     8.515     8.355     2.217    -1.930  1811.613  1602.112     8.228     3.193     2.015     8.569     0.000
       367   184.899     8.517     8.367     2.218    -1.930  1811.612  1602.111     8.228     3.193     2.015     8.569     0.000
       368   184.908     8.520     8.378     2.219    -1.930  1811.612  1602.111     8.228     3.193     2.015     8.569     0.000
       369   184.915     8.522     8.389     2.220    -1.930  1811.611  1602.111     8.228     3.193     2.015     8.569     0.000
       370   184.921     8.523     8.401     2.221    -1.930  1811.611  1602.111     8.228     3.193     2.015     8.569     0.000
       371   184.926     8.524     8.412     2.222    -1.930  1811.611  1602.111     8.228     3.193     2.015     8.569     0.000
---------------------- Local maximum rise or fall --------------------
       372   184.929     8.525     8.423     2.223    -1.930  1811.610  1602.111     8.228     3.193     2.015     8.569     0.000
       373   184.932     8.525     8.434     2.224    -1.930  1811.610  1602.111     8.228     3.193     2.015     8.569     0.000
       374   184.934     8.525     8.446     2.225    -1.930  1811.610  1602.111     8.228     3.193     2.015     8.569     0.000
       375   184.935     8.524     8.457     2.226    -1.930  1811.610  1602.111     8.228     3.193     2.015     8.569     0.000
       376   184.937     8.523     8.468     2.228    -1.931  1811.610  1602.111     8.228     3.193     2.015     8.569     0.000
       377   184.940     8.522     8.479     2.229    -1.931  1811.610  1602.111     8.228     3.193     2.015     8.569     0.000
       378   184.942     8.521     8.491     2.230    -1.932  1811.610  1602.111     8.228     3.193     2.015     8.569     0.000
       379   184.945     8.519     8.502     2.231    -1.932  1811.609  1602.111     8.228     3.193     2.015     8.569     0.000
       380   184.949     8.516     8.513     2.232    -1.933  1811.609  1602.111     8.228     3.193     2.015     8.569     0.000
       381   184.953     8.514     8.525     2.233    -1.934  1811.609  1602.111     8.228     3.193     2.015     8.569     0.000
       382   184.957     8.511     8.536     2.234    -1.935  1811.609  1602.111     8.228     3.193     2.015     8.569     0.000
       383   184.961     8.508     8.547     2.235    -1.936  1811.608  1602.111     8.228     3.193     2.015     8.569     0.000
       384   184.966     8.504     8.559     2.236    -1.937  1811.608  1602.111     8.228     3.193     2.015     8.569     0.000
       385   184.972     8.500     8.570     2.238    -1.938  1811.608  1602.111     8.228     3.193     2.015     8.568     0.000
       386   184.977     8.496     8.581     2.239    -1.939  1811.607  1602.111     8.228     3.193     2.015     8.568     0.000
       387   184.984     8.491     8.593     2.240    -1.940  1811.607  1602.111     8.228     3.193     2.015     8.568     0.000
       388   184.990     8.486     8.604     2.241    -1.942  1811.607  1602.110     8.228     3.193     2.015     8.568     0.000
       389   184.997     8.481     8.616     2.242    -1.943  1811.606  1602.110     8.228     3.193     2.015     8.568     0.000
       390   185.005     8.475     8.627     2.243    -1.945  1811.606  1602.110     8.228     3.193     2.015     8.568     0.000
       391   185.012     8.469     8.639     2.244    -1.946  1811.605  1602.110     8.228     3.193     2.015     8.568     0.000
       392   185.021     8.463     8.650     2.245    -1.948  1811.605  1602.110     8.228     3.193     2.015     8.568     0.000
       393   185.029     8.457     8.662     2.247    -1.950  1811.604  1602.110     8.228     3.193     2.015     8.568     0.000
       394   185.038     8.450     8.673     2.248    -1.952  1811.603  1602.110     8.228     3.193     2.015     8.568     0.000
       395   185.048     8.442     8.685     2.249    -1.954  1811.603  1602.110     8.228     3.193     2.015     8.568     0.000
       396   185.058     8.435     8.697     2.250    -1.956  1811.602  1602.110     8.228     3.193     2.015     8.568     0.000
       397   185.069     8.427     8.708     2.251    -1.958  1811.602  1602.110     8.228     3.193     2.015     8.568     0.000
       398   185.080     8.419     8.720     2.252    -1.960  1811.601  1602.109     8.228     3.193     2.015     8.568     0.000
       399   185.092     8.410     8.732     2.253    -1.962  1811.600  1602.109     8.228     3.193     2.015     8.567     0.000
       400   185.104     8.401     8.744     2.255    -1.965  1811.599  1602.109     8.228     3.193     2.015     8.567     0.000
       401   185.117     8.392     8.756     2.256    -1.967  1811.599  1602.109     8.228     3.193     2.015     8.567     0.000
       402   185.130     8.382     8.768     2.257    -1.970  1811.598  1602.109     8.228     3.193     2.015     8.567     0.000
       403   185.144     8.373     8.780     2.258    -1.973  1811.597  1602.109     8.228     3.193     2.015     8.567     0.000
       404   185.159     8.362     8.792     2.259    -1.976  1811.596  1602.109     8.228     3.193     2.015     8.567     0.000
       405   185.174     8.352     8.804     2.260    -1.978  1811.595  1602.108     8.228     3.193     2.015     8.567     0.000
       406   185.190     8.341     8.816     2.262    -1.981  1811.594  1602.108     8.228     3.193     2.015     8.567     0.000
       407   185.207     8.330     8.828     2.263    -1.985  1811.593  1602.108     8.228     3.193     2.015     8.567     0.000
       408   185.224     8.319     8.840     2.264    -1.988  1811.592  1602.108     8.228     3.193     2.015     8.566     0.000
       409   185.242     8.307     8.853     2.265    -1.991  1811.591  1602.108     8.228     3.193     2.015     8.566     0.000
       410   185.261     8.295     8.865     2.266    -1.995  1811.590  1602.107     8.228     3.193     2.015     8.566     0.000
       411   185.281     8.283     8.878     2.268    -1.998  1811.588  1602.107     8.228     3.193     2.015     8.566     0.000
       412   185.302     8.270     8.890     2.269    -2.002  1811.587  1602.107     8.228     3.193     2.015     8.566     0.000
       413   185.323     8.257     8.903     2.270    -2.006  1811.586  1602.107     8.228     3.193     2.015     8.566     0.000
       414   185.345     8.244     8.916     2.271    -2.010  1811.584  1602.106     8.228     3.193     2.015     8.565     0.000
       415   185.369     8.230     8.928     2.273    -2.014  1811.583  1602.106     8.228     3.193     2.015     8.565     0.000
       416   185.393     8.216     8.941     2.274    -2.018  1811.581  1602.106     8.228     3.193     2.015     8.565     0.000
       417   185.418     8.202     8.954     2.275    -2.022  1811.580  1602.106     8.228     3.193     2.015     8.565     0.000
       418   185.445     8.188     8.967     2.276    -2.027  1811.578  1602.105     8.228     3.193     2.015     8.565     0.000
       419   185.473     8.173     8.981     2.278    -2.031  1811.576  1602.105     8.228     3.193     2.015     8.564     0.000
       420   185.502     8.158     8.994     2.279    -2.036  1811.575  1602.105     8.228     3.193     2.015     8.564     0.000
       421   185.533     8.143     9.007     2.280    -2.041  1811.573  1602.104     8.228     3.193     2.015     8.564     0.000
       422   185.564     8.128     9.021     2.282    -2.046  1811.571  1602.104     8.228     3.193     2.015     8.564     0.000
       423   185.598     8.112     9.035     2.283    -2.051  1811.569  1602.104     8.228     3.193     2.015     8.563     0.000
       424   185.633     8.096     9.049     2.284    -2.057  1811.566  1602.103     8.228     3.193     2.015     8.563     0.000
       425   185.669     8.080     9.063     2.286    -2.062  1811.564  1602.103     8.228     3.193     2.015     8.563     0.000
       426   185.708     8.063     9.077     2.287    -2.068  1811.562  1602.102     8.228     3.193     2.015     8.563     0.000
       427   185.748     8.046     9.091     2.288    -2.074  1811.559  1602.102     8.228     3.193     2.015     8.562     0.000
       428   185.790     8.029     9.106     2.290    -2.080  1811.557  1602.101     8.228     3.193     2.015     8.562     0.000
       429   185.835     8.012     9.120     2.291    -2.086  1811.554  1602.101     8.228     3.193     2.015     8.562     0.000
       430   185.881     7.995     9.135     2.293    -2.093  1811.551  1602.100     8.228     3.193     2.015     8.561     0.000
       431   185.930     7.977     9.150     2.294    -2.100  1811.548  1602.100     8.228     3.193     2.015     8.561     0.000
       432   185.981     7.959     9.166     2.296    -2.107  1811.545  1602.099     8.228     3.193     2.015     8.560     0.000
       433   186.035     7.941     9.181     2.297    -2.114  1811.541  1602.099     8.228     3.193     2.015     8.560     0.000
       434   186.092     7.923     9.197     2.299    -2.121  1811.538  1602.098     8.228     3.192     2.015     8.560     0.000
       435   186.152     7.904     9.213     2.300    -2.129  1811.534  1602.097     8.228     3.192     2.015     8.559     0.000
       436   186.216     7.885     9.229     2.302    -2.137  1811.530  1602.097     8.228     3.192     2.015     8.559     0.000
       437   186.282     7.866     9.245     2.303    -2.145  1811.526  1602.096     8.228     3.192     2.015     8.558     0.000
       438   186.353     7.847     9.262     2.305    -2.153  1811.522  1602.095     8.228     3.192     2.015     8.558     0.000
       439   186.427     7.828     9.279     2.307    -2.162  1811.517  1602.094     8.228     3.192     2.015     8.557     0.000
       440   186.506     7.809     9.296     2.308    -2.171  1811.512  1602.093     8.228     3.192     2.015     8.556     0.000
       441   186.589     7.789     9.313     2.310    -2.180  1811.507  1602.092     8.227     3.192     2.015     8.556     0.000
       442   186.678     7.769     9.331     2.312    -2.190  1811.502  1602.091     8.227     3.192     2.014     8.555     0.000
       443   186.772     7.750     9.349     2.313    -2.200  1811.496  1602.090     8.227     3.192     2.014     8.554     0.000
       444   186.872     7.730     9.368     2.315    -2.210  1811.490  1602.089     8.227     3.192     2.014     8.554     0.000
       445   186.978     7.710     9.387     2.317    -2.221  1811.483  1602.088     8.227     3.192     2.014     8.553     0.000
       446   187.091     7.690     9.406     2.319    -2.232  1811.476  1602.087     8.227     3.192     2.014     8.552     0.000
       447   187.213     7.670     9.426     2.321    -2.243  1811.469  1602.085     8.227     3.192     2.014     8.551     0.000
       448   187.342     7.650     9.446     2.323    -2.255  1811.461  1602.084     8.227     3.192     2.014     8.550     0.000
       449   187.481     7.630     9.466     2.325    -2.268  1811.452  1602.082     8.227     3.192     2.014     8.549     0.000
       450   187.630     7.610     9.487     2.327    -2.280  1811.443  1602.081     8.227     3.191     2.014     8.548     0.000
       451   187.790     7.590     9.509     2.329    -2.294  1811.434  1602.079     8.227     3.191     2.014     8.546     0.000
       452   187.963     7.570     9.531     2.331    -2.308  1811.423  1602.077     8.227     3.191     2.014     8.545     0.000
       453   188.150     7.550     9.554     2.333    -2.323  1811.412  1602.075     8.227     3.191     2.014     8.544     0.000
       454   188.352     7.531     9.578     2.335    -2.338  1811.399  1602.073     8.227     3.191     2.014     8.542     0.000
       455   188.573     7.512     9.602     2.338    -2.354  1811.386  1602.070     8.227     3.191     2.014     8.541     0.000
       456   188.814     7.493     9.627     2.340    -2.371  1811.372  1602.068     8.227     3.191     2.014     8.539     0.000
       457   189.078     7.474     9.653     2.343    -2.389  1811.356  1602.065     8.227     3.190     2.014     8.537     0.000
       458   189.369     7.457     9.681     2.345    -2.407  1811.338  1602.062     8.227     3.190     2.013     8.535     0.000
       459   189.692     7.439     9.709     2.348    -2.427  1811.319  1602.058     8.226     3.190     2.013     8.532     0.000
       460   190.051     7.423     9.738     2.351    -2.448  1811.298  1602.054     8.226     3.190     2.013     8.530     0.000
       461   190.454     7.408     9.769     2.354    -2.470  1811.274  1602.050     8.226     3.190     2.013     8.527     0.000
       462   190.911     7.394     9.802     2.357    -2.494  1811.247  1602.045     8.226     3.189     2.013     8.523     0.000
       463   191.435     7.382     9.836     2.360    -2.520  1811.216  1602.039     8.226     3.189     2.013     8.519     0.000
       464   192.043     7.372     9.873     2.364    -2.547  1811.180  1602.033     8.226     3.188     2.012     8.515     0.000
       465   192.761     7.365     9.913     2.367    -2.578  1811.139  1602.025     8.226     3.188     2.012     8.510     0.000
       466   193.583     7.361     9.956     2.371    -2.611  1811.091  1602.017     8.225     3.187     2.012     8.504     0.000
       467   194.489     7.359    10.003     2.376    -2.648  1811.040  1602.007     8.225     3.187     2.012     8.497     0.000
       468   195.489     7.360    10.055     2.380    -2.688  1810.983  1601.997     8.225     3.186     2.011     8.490     0.000
       469   196.619     7.365    10.112     2.386    -2.734  1810.920  1601.986     8.224     3.186     2.011     8.482     0.000
       470   197.947     7.374    10.176     2.392    -2.786  1810.847  1601.972     8.224     3.185     2.010     8.473     0.000
       471   199.567     7.392    10.251     2.398    -2.848  1810.759  1601.956     8.224     3.184     2.010     8.461     0.000
       472   201.641     7.422    10.343     2.407    -2.924  1810.648  1601.936     8.223     3.182     2.009     8.447     0.000
       473   204.504     7.472    10.465     2.417    -3.026  1810.499  1601.909     8.223     3.181     2.008     8.427     0.000
       474   208.594     7.556    10.633     2.432    -3.167  1810.293  1601.872     8.222     3.178     2.006     8.400     0.000
       475   212.766     7.662    10.800     2.446    -3.307  1810.092  1601.835     8.221     3.176     2.005     8.373     0.000
---------------------------- Plume traps -----------------------------
       476   217.021     7.796    10.965     2.460    -3.441  1809.894  1601.799     8.221     3.173     2.004     8.346     0.000
       477   220.337     7.946    11.089     2.470    -3.541  1809.745  1601.772     8.220     3.171     2.002     8.325     0.000
       478   222.520     8.090    11.162     2.476    -3.598  1809.649  1601.755     8.220     3.170     2.002     8.311     0.000
       479   224.345     8.219    11.214     2.480    -3.638  1809.571  1601.740     8.220     3.169     2.001     8.300     0.000
       480   225.757     8.330    11.254     2.484    -3.668  1809.511  1601.729     8.220     3.168     2.000     8.291     0.000
       481   226.991     8.426    11.291     2.487    -3.696  1809.459  1601.720     8.220     3.168     2.000     8.284     0.000
       482   228.063     8.512    11.326     2.489    -3.722  1809.415  1601.712     8.220     3.167     2.000     8.277     0.000
       483   229.040     8.591    11.361     2.492    -3.747  1809.374  1601.705     8.220     3.166     1.999     8.271     0.000
       484   229.925     8.666    11.395     2.495    -3.771  1809.338  1601.698     8.219     3.166     1.999     8.266     0.000
       485   230.739     8.737    11.429     2.498    -3.795  1809.305  1601.692     8.219     3.166     1.999     8.261     0.000
       486   231.487     8.806    11.462     2.500    -3.818  1809.275  1601.687     8.219     3.165     1.998     8.256     0.000
       487   232.180     8.872    11.494     2.503    -3.839  1809.248  1601.682     8.219     3.165     1.998     8.252     0.000
       488   232.821     8.936    11.525     2.505    -3.860  1809.222  1601.677     8.219     3.164     1.998     8.248     0.000
       489   233.416     8.999    11.555     2.508    -3.880  1809.199  1601.673     8.219     3.164     1.998     8.245     0.000
       490   233.970     9.059    11.585     2.510    -3.900  1809.177  1601.669     8.219     3.164     1.998     8.241     0.000
       491   234.486     9.118    11.614     2.512    -3.918  1809.157  1601.665     8.219     3.163     1.997     8.238     0.000
       492   234.968     9.175    11.642     2.514    -3.936  1809.138  1601.662     8.219     3.163     1.997     8.235     0.000
       493   235.419     9.231    11.670     2.516    -3.953  1809.120  1601.658     8.219     3.163     1.997     8.233     0.000
       494   235.841     9.285    11.697     2.519    -3.969  1809.104  1601.655     8.219     3.163     1.997     8.230     0.000
       495   236.239     9.338    11.723     2.521    -3.985  1809.089  1601.653     8.219     3.162     1.997     8.228     0.000
       496   236.612     9.390    11.749     2.523    -4.001  1809.074  1601.650     8.219     3.162     1.997     8.225     0.000
       497   236.964     9.441    11.774     2.525    -4.015  1809.061  1601.648     8.219     3.162     1.996     8.223     0.000
       498   237.296     9.490    11.799     2.527    -4.029  1809.048  1601.645     8.219     3.162     1.996     8.221     0.000
       499   237.611     9.538    11.823     2.528    -4.043  1809.036  1601.643     8.219     3.162     1.996     8.219     0.000
       500   237.918     9.586    11.847     2.530    -4.056  1809.025  1601.641     8.219     3.162     1.996     8.217     0.000
       501   238.215     9.632    11.872     2.532    -4.069  1809.013  1601.639     8.219     3.161     1.996     8.216     0.000
       502   238.503     9.678    11.896     2.534    -4.082  1809.002  1601.637     8.219     3.161     1.996     8.214     0.000
       503   238.783     9.723    11.920     2.536    -4.095  1808.992  1601.635     8.219     3.161     1.996     8.212     0.000
       504   239.055     9.767    11.943     2.538    -4.107  1808.982  1601.633     8.219     3.161     1.996     8.211     0.000
       505   239.319     9.811    11.967     2.539    -4.119  1808.972  1601.631     8.219     3.161     1.996     8.209     0.000
       506   239.576     9.854    11.991     2.541    -4.131  1808.962  1601.630     8.219     3.161     1.996     8.208     0.000
       507   239.826     9.896    12.014     2.543    -4.142  1808.953  1601.628     8.219     3.161     1.995     8.206     0.000
       508   240.069     9.938    12.038     2.545    -4.154  1808.944  1601.626     8.219     3.160     1.995     8.205     0.000
       509   240.305     9.979    12.061     2.547    -4.165  1808.935  1601.625     8.219     3.160     1.995     8.203     0.000
       510   240.534    10.019    12.084     2.548    -4.176  1808.926  1601.623     8.219     3.160     1.995     8.202     0.000
       511   240.758    10.059    12.108     2.550    -4.186  1808.918  1601.622     8.219     3.160     1.995     8.201     0.000
       512   240.975    10.098    12.131     2.552    -4.196  1808.910  1601.620     8.219     3.160     1.995     8.199     0.000
       513   241.186    10.137    12.154     2.554    -4.207  1808.902  1601.619     8.219     3.160     1.995     8.198     0.000
       514   241.391    10.175    12.177     2.555    -4.216  1808.895  1601.617     8.219     3.160     1.995     8.197     0.000
       515   241.591    10.212    12.199     2.557    -4.226  1808.887  1601.616     8.219     3.160     1.995     8.196     0.000
       516   241.785    10.249    12.222     2.559    -4.235  1808.880  1601.615     8.219     3.159     1.995     8.195     0.000
       517   241.973    10.285    12.245     2.561    -4.245  1808.873  1601.613     8.219     3.159     1.995     8.193     0.000
       518   242.157    10.321    12.267     2.562    -4.254  1808.867  1601.612     8.219     3.159     1.995     8.192     0.000
       519   242.335    10.355    12.290     2.564    -4.262  1808.860  1601.611     8.219     3.159     1.995     8.191     0.000
       520   242.508    10.390    12.312     2.566    -4.271  1808.854  1601.610     8.219     3.159     1.995     8.190     0.000
       521   242.676    10.423    12.334     2.567    -4.279  1808.848  1601.609     8.219     3.159     1.994     8.189     0.000
       522   242.840    10.456    12.357     2.569    -4.287  1808.842  1601.608     8.219     3.159     1.994     8.188     0.000
       523   242.999    10.488    12.379     2.571    -4.295  1808.836  1601.607     8.219     3.159     1.994     8.188     0.000
       524   243.153    10.520    12.401     2.572    -4.303  1808.830  1601.606     8.219     3.159     1.994     8.187     0.000
       525   243.303    10.551    12.423     2.574    -4.310  1808.825  1601.605     8.219     3.159     1.994     8.186     0.000
       526   243.448    10.582    12.445     2.576    -4.318  1808.820  1601.604     8.219     3.159     1.994     8.185     0.000
       527   243.589    10.611    12.467     2.577    -4.325  1808.814  1601.603     8.219     3.158     1.994     8.184     0.000
       528   243.726    10.641    12.489     2.579    -4.332  1808.809  1601.602     8.219     3.158     1.994     8.183     0.000
       529   243.859    10.669    12.510     2.581    -4.338  1808.805  1601.601     8.219     3.158     1.994     8.183     0.000
       530   243.988    10.697    12.532     2.582    -4.345  1808.800  1601.600     8.219     3.158     1.994     8.182     0.000
       531   244.114    10.724    12.554     2.584    -4.351  1808.795  1601.599     8.219     3.158     1.994     8.181     0.000
       532   244.235    10.751    12.575     2.586    -4.358  1808.791  1601.599     8.219     3.158     1.994     8.180     0.000
       533   244.353    10.777    12.597     2.587    -4.364  1808.787  1601.598     8.219     3.158     1.994     8.180     0.000
       534   244.466    10.802    12.618     2.589    -4.369  1808.783  1601.597     8.219     3.158     1.994     8.179     0.000
       535   244.577    10.827    12.640     2.590    -4.375  1808.779  1601.596     8.219     3.158     1.994     8.178     0.000
       536   244.684    10.851    12.661     2.592    -4.381  1808.775  1601.596     8.219     3.158     1.994     8.178     0.000
       537   244.787    10.875    12.682     2.594    -4.386  1808.771  1601.595     8.219     3.158     1.994     8.177     0.000
       538   244.887    10.898    12.703     2.595    -4.391  1808.768  1601.594     8.219     3.158     1.994     8.177     0.000
       539   244.984    10.920    12.724     2.597    -4.396  1808.764  1601.594     8.219     3.158     1.994     8.176     0.000
       540   245.077    10.942    12.746     2.598    -4.401  1808.761  1601.593     8.219     3.158     1.994     8.176     0.000
       541   245.168    10.963    12.767     2.600    -4.405  1808.758  1601.592     8.219     3.158     1.994     8.175     0.000
       542   245.255    10.983    12.788     2.602    -4.410  1808.755  1601.592     8.219     3.158     1.994     8.175     0.000
       543   245.339    11.003    12.809     2.603    -4.414  1808.752  1601.591     8.219     3.158     1.994     8.174     0.000
       544   245.420    11.022    12.830     2.605    -4.418  1808.749  1601.591     8.219     3.158     1.994     8.174     0.000
       545   245.498    11.041    12.850     2.606    -4.422  1808.746  1601.590     8.219     3.157     1.994     8.173     0.000
       546   245.573    11.058    12.871     2.608    -4.426  1808.743  1601.590     8.219     3.157     1.993     8.173     0.000
       547   245.645    11.076    12.892     2.609    -4.430  1808.741  1601.589     8.219     3.157     1.993     8.172     0.000
       548   245.715    11.092    12.913     2.611    -4.433  1808.738  1601.589     8.219     3.157     1.993     8.172     0.000
       549   245.781    11.108    12.934     2.613    -4.436  1808.736  1601.588     8.219     3.157     1.993     8.172     0.000
       550   245.845    11.124    12.954     2.614    -4.440  1808.734  1601.588     8.219     3.157     1.993     8.171     0.000
       551   245.906    11.138    12.975     2.616    -4.443  1808.731  1601.588     8.219     3.157     1.993     8.171     0.000
       552   245.964    11.153    12.995     2.617    -4.446  1808.729  1601.587     8.219     3.157     1.993     8.171     0.000
       553   246.020    11.166    13.016     2.619    -4.448  1808.727  1601.587     8.219     3.157     1.993     8.170     0.000
       554   246.073    11.179    13.037     2.620    -4.451  1808.725  1601.587     8.219     3.157     1.993     8.170     0.000
       555   246.123    11.191    13.057     2.622    -4.453  1808.724  1601.586     8.219     3.157     1.993     8.170     0.000
       556   246.171    11.203    13.078     2.623    -4.456  1808.722  1601.586     8.219     3.157     1.993     8.169     0.000
       557   246.216    11.214    13.098     2.625    -4.458  1808.720  1601.586     8.219     3.157     1.993     8.169     0.000
       558   246.259    11.224    13.119     2.626    -4.460  1808.719  1601.585     8.219     3.157     1.993     8.169     0.000
       559   246.299    11.234    13.139     2.628    -4.462  1808.717  1601.585     8.219     3.157     1.993     8.169     0.000
       560   246.337    11.243    13.159     2.629    -4.463  1808.716  1601.585     8.219     3.157     1.993     8.169     0.000
       561   246.372    11.252    13.180     2.631    -4.465  1808.715  1601.585     8.219     3.157     1.993     8.168     0.000
       562   246.405    11.260    13.200     2.632    -4.466  1808.714  1601.584     8.219     3.157     1.993     8.168     0.000
       563   246.436    11.267    13.221     2.634    -4.467  1808.713  1601.584     8.219     3.157     1.993     8.168     0.000
       564   246.464    11.273    13.241     2.636    -4.469  1808.712  1601.584     8.219     3.157     1.993     8.168     0.000
       565   246.489    11.279    13.261     2.637    -4.469  1808.711  1601.584     8.219     3.157     1.993     8.168     0.000
       566   246.513    11.285    13.282     2.639    -4.470  1808.710  1601.584     8.219     3.157     1.993     8.168     0.000
       567   246.534    11.290    13.302     2.640    -4.471  1808.709  1601.584     8.219     3.157     1.993     8.167     0.000
       568   246.553    11.294    13.322     2.642    -4.472  1808.708  1601.583     8.219     3.157     1.993     8.167     0.000
       569   246.569    11.297    13.343     2.643    -4.472  1808.708  1601.583     8.219     3.157     1.993     8.167     0.000
       570   246.584    11.300    13.363     2.645    -4.472  1808.707  1601.583     8.219     3.157     1.993     8.167     0.000
       571   246.596    11.302    13.383     2.646    -4.472  1808.707  1601.583     8.219     3.157     1.993     8.167     0.000
---------------------- Local maximum rise or fall --------------------
       572   246.607    11.304    13.403     2.648    -4.472  1808.707  1601.583     8.219     3.157     1.993     8.167     0.000
-------------------- Starting Farfield Calculations --------------------
Farfield dispersion based on wastefield width of :     101.11 (m)
4/3 Power Law based Eddy Diffusivity is used:
  Dilution     Width  Distance      Time        TA       DIC        pH    OmegaC    OmegaA
        ()       (m)       (m)    (hrs.) (mmol/m3) (mmol/m3)   (total)        ()        ()
   246.607   103.402    13.662     0.038  1808.707  1601.583     8.219     3.157     1.993
   246.607   103.518    14.000     0.040  1808.707  1601.583     8.219     3.153     1.991
   246.607   103.860    15.000     0.045  1808.707  1601.583     8.219     3.153     1.991
   246.607   104.203    16.000     0.051  1808.707  1601.583     8.219     3.153     1.991
   246.607   104.546    17.000     0.057  1808.707  1601.583     8.219     3.153     1.991
   246.607   104.889    18.000     0.062  1808.707  1601.583     8.219     3.153     1.991
   246.607   105.233    19.000     0.068  1808.707  1601.583     8.219     3.153     1.991
   246.607   105.577    20.000     0.073  1808.707  1601.583     8.219     3.153     1.991
   246.607   105.921    21.000     0.079  1808.707  1601.583     8.219     3.153     1.991
   246.607   106.266    22.000     0.085  1808.707  1601.583     8.219     3.153     1.991
   246.607   106.610    23.000     0.090  1808.706  1601.583     8.219     3.153     1.991
   246.607   106.953    24.000     0.096  1808.706  1601.583     8.219     3.153     1.991
   246.607   107.297    25.000     0.101  1808.706  1601.583     8.219     3.153     1.991
   246.607   107.641    26.000     0.107  1808.706  1601.583     8.219     3.153     1.991
   246.608   107.985    27.000     0.113  1808.706  1601.583     8.219     3.153     1.991
   246.609   108.330    28.000     0.118  1808.706  1601.583     8.219     3.153     1.991
   246.610   108.675    29.000     0.124  1808.706  1601.583     8.219     3.153     1.991
   246.611   109.021    30.000     0.129  1808.706  1601.583     8.219     3.153     1.991
   246.613   109.367    31.000     0.135  1808.704  1601.583     8.219     3.153     1.991
   246.617   109.712    32.000     0.141  1808.704  1601.583     8.219     3.153     1.991
   246.621   110.058    33.000     0.146  1808.704  1601.583     8.219     3.153     1.991
   246.626   110.404    34.000     0.152  1808.704  1601.583     8.219     3.153     1.991
   246.633   110.751    35.000     0.157  1808.704  1601.583     8.219     3.153     1.991
   246.642   111.098    36.000     0.163  1808.704  1601.583     8.219     3.153     1.991
   246.653   111.445    37.000     0.168  1808.704  1601.583     8.219     3.153     1.991
   246.666   111.792    38.000     0.174  1808.704  1601.583     8.219     3.153     1.991
   246.682   112.140    39.000     0.180  1808.704  1601.583     8.219     3.153     1.991
   246.701   112.489    40.000     0.185  1808.693  1601.581     8.219     3.153     1.991
   246.723   112.837    41.000     0.191  1808.693  1601.581     8.219     3.153     1.991
   246.749   113.185    42.000     0.196  1808.693  1601.581     8.219     3.153     1.991
   246.778   113.534    43.000     0.202  1808.693  1601.581     8.219     3.153     1.991
   246.812   113.884    44.000     0.207  1808.693  1601.581     8.219     3.153     1.991
   246.850   114.233    45.000     0.213  1808.693  1601.581     8.219     3.153     1.991
   246.893   114.583    46.000     0.218  1808.693  1601.581     8.219     3.153     1.991
   246.941   114.934    47.000     0.224  1808.693  1601.581     8.219     3.153     1.991
   246.994   115.284    48.000     0.230  1808.693  1601.581     8.219     3.153     1.991
   247.052   115.635    49.000     0.235  1808.668  1601.576     8.219     3.153     1.991
   247.115   115.986    50.000     0.241  1808.668  1601.576     8.219     3.153     1.991
   247.185   116.338    51.000     0.246  1808.668  1601.576     8.219     3.153     1.991
   247.260   116.689    52.000     0.252  1808.668  1601.576     8.219     3.153     1.991
   247.342   117.041    53.000     0.257  1808.668  1601.576     8.219     3.153     1.991
   247.429   117.394    54.000     0.263  1808.668  1601.576     8.219     3.153     1.991
   247.524   117.747    55.000     0.268  1808.668  1601.576     8.219     3.153     1.991
   247.624   118.100    56.000     0.274  1808.668  1601.576     8.219     3.153     1.991
   247.731   118.453    57.000     0.280  1808.627  1601.569     8.219     3.152     1.990
   247.845   118.807    58.000     0.285  1808.627  1601.569     8.219     3.152     1.990
   247.965   119.161    59.000     0.291  1808.627  1601.569     8.219     3.152     1.990
   248.093   119.515    60.000     0.296  1808.627  1601.569     8.219     3.152     1.990
   248.227   119.869    61.000     0.302  1808.627  1601.569     8.219     3.152     1.990
   248.368   120.224    62.000     0.307  1808.627  1601.569     8.219     3.152     1.990
   248.516   120.579    63.000     0.313  1808.627  1601.569     8.219     3.152     1.990
   248.671   120.935    64.000     0.318  1808.627  1601.569     8.219     3.152     1.990
   248.833   121.291    65.000     0.324  1808.627  1601.569     8.219     3.152     1.990
   249.002   121.647    66.000     0.330  1808.568  1601.558     8.219     3.151     1.990
   249.177   122.003    67.000     0.335  1808.568  1601.558     8.219     3.151     1.990
   249.360   122.360    68.000     0.341  1808.568  1601.558     8.219     3.151     1.990
   249.549   122.717    69.000     0.346  1808.568  1601.558     8.219     3.151     1.990
   249.746   123.074    70.000     0.352  1808.568  1601.558     8.219     3.151     1.990
   249.949   123.432    71.000     0.357  1808.568  1601.558     8.219     3.151     1.990
   250.159   123.790    72.000     0.363  1808.568  1601.558     8.219     3.151     1.990
   250.376   124.148    73.000     0.368  1808.568  1601.558     8.219     3.151     1.990
   250.599   124.507    74.000     0.374  1808.568  1601.558     8.219     3.151     1.990
   250.830   124.866    75.000     0.379  1808.493  1601.544     8.219     3.150     1.989
   251.066   125.225    76.000     0.385  1808.493  1601.544     8.219     3.150     1.989
   251.310   125.584    77.000     0.391  1808.493  1601.544     8.219     3.150     1.989
   251.559   125.944    78.000     0.396  1808.493  1601.544     8.219     3.150     1.989
   251.815   126.304    79.000     0.402  1808.493  1601.544     8.219     3.150     1.989
   252.078   126.665    80.000     0.407  1808.493  1601.544     8.219     3.150     1.989
   252.347   127.025    81.000     0.413  1808.493  1601.544     8.219     3.150     1.989
   252.622   127.387    82.000     0.418  1808.493  1601.544     8.219     3.150     1.989
   252.903   127.748    83.000     0.424  1808.493  1601.544     8.219     3.150     1.989
   253.190   128.110    84.000     0.429  1808.403  1601.528     8.219     3.149     1.988
   253.483   128.471    85.000     0.435  1808.403  1601.528     8.219     3.149     1.988
   253.782   128.834    86.000     0.440  1808.403  1601.528     8.219     3.149     1.988
   254.087   129.196    87.000     0.446  1808.403  1601.528     8.219     3.149     1.988
   254.398   129.559    88.000     0.451  1808.403  1601.528     8.219     3.149     1.988
   254.715   129.922    89.000     0.457  1808.403  1601.528     8.219     3.149     1.988
   255.037   130.286    90.000     0.463  1808.403  1601.528     8.219     3.149     1.988
   255.364   130.650    91.000     0.468  1808.403  1601.528     8.219     3.149     1.988
   255.697   131.014    92.000     0.474  1808.301  1601.509     8.219     3.148     1.987
   256.035   131.379    93.000     0.479  1808.301  1601.509     8.219     3.148     1.987
   256.379   131.743    94.000     0.485  1808.301  1601.509     8.219     3.148     1.987
   256.728   132.108    95.000     0.490  1808.301  1601.509     8.219     3.148     1.987
   257.082   132.474    96.000     0.496  1808.301  1601.509     8.219     3.148     1.987
   257.441   132.839    97.000     0.501  1808.301  1601.509     8.219     3.148     1.987
   257.805   133.205    98.000     0.507  1808.301  1601.509     8.219     3.148     1.987
   258.174   133.572    99.000     0.512  1808.301  1601.509     8.219     3.148     1.987
   258.548   133.939   100.000     0.518  1808.301  1601.509     8.219     3.148     1.987
   258.927   134.306   101.000     0.523  1808.188  1601.489     8.219     3.146     1.986
............................. Reached Chronic Mixing Zone ..........................
   259.310   134.673   102.000     0.529  1808.188  1601.489     8.219     3.146     1.986
   259.698   135.040   103.000     0.534  1808.188  1601.489     8.219     3.146     1.986
   260.090   135.408   104.000     0.540  1808.188  1601.489     8.219     3.146     1.986
   260.488   135.776   105.000     0.546  1808.188  1601.489     8.219     3.146     1.986
   260.889   136.145   106.000     0.551  1808.188  1601.489     8.219     3.146     1.986
   261.295   136.514   107.000     0.557  1808.188  1601.489     8.219     3.146     1.986
   261.705   136.883   108.000     0.562  1808.188  1601.489     8.219     3.146     1.986
   262.120   137.253   109.000     0.568  1808.188  1601.489     8.219     3.146     1.986
   262.538   137.622   110.000     0.573  1808.067  1601.467     8.219     3.145     1.985
   262.961   137.992   111.000     0.579  1808.067  1601.467     8.219     3.145     1.985
   263.388   138.363   112.000     0.584  1808.067  1601.467     8.219     3.145     1.985
   263.818   138.734   113.000     0.590  1808.067  1601.467     8.219     3.145     1.985
   264.253   139.105   114.000     0.595  1808.067  1601.467     8.219     3.145     1.985
   264.692   139.476   115.000     0.601  1808.067  1601.467     8.219     3.145     1.985
   265.134   139.848   116.000     0.606  1808.067  1601.467     8.219     3.145     1.985
   265.580   140.220   117.000     0.612  1808.067  1601.467     8.219     3.145     1.985
   266.030   140.592   118.000     0.617  1807.939  1601.444     8.219     3.143     1.984
   266.483   140.965   119.000     0.623  1807.939  1601.444     8.219     3.143     1.984
   266.940   141.338   120.000     0.628  1807.939  1601.444     8.219     3.143     1.984
   267.401   141.711   121.000     0.634  1807.939  1601.444     8.219     3.143     1.984
   267.865   142.084   122.000     0.640  1807.939  1601.444     8.219     3.143     1.984
   268.332   142.458   123.000     0.645  1807.939  1601.444     8.219     3.143     1.984
   268.803   142.832   124.000     0.651  1807.939  1601.444     8.219     3.143     1.984
   269.278   143.207   125.000     0.656  1807.939  1601.444     8.219     3.143     1.984
   269.755   143.582   126.000     0.662  1807.939  1601.444     8.219     3.143     1.984
   270.236   143.957   127.000     0.667  1807.806  1601.419     8.219     3.141     1.983
   270.720   144.332   128.000     0.673  1807.806  1601.419     8.219     3.141     1.983
   271.207   144.708   129.000     0.678  1807.806  1601.419     8.219     3.141     1.983
   271.697   145.084   130.000     0.684  1807.806  1601.419     8.219     3.141     1.983
   272.190   145.461   131.000     0.689  1807.806  1601.419     8.219     3.141     1.983
   272.686   145.837   132.000     0.695  1807.806  1601.419     8.219     3.141     1.983
   273.185   146.214   133.000     0.700  1807.806  1601.419     8.219     3.141     1.983
   273.687   146.592   134.000     0.706  1807.806  1601.419     8.219     3.141     1.983
   274.192   146.969   135.000     0.711  1807.806  1601.419     8.219     3.141     1.983
   274.700   147.347   136.000     0.717  1807.668  1601.394     8.219     3.139     1.982
   275.211   147.726   137.000     0.722  1807.668  1601.394     8.219     3.139     1.982
   275.724   148.104   138.000     0.728  1807.668  1601.394     8.219     3.139     1.982
   276.240   148.483   139.000     0.733  1807.668  1601.394     8.219     3.139     1.982
   276.759   148.862   140.000     0.739  1807.668  1601.394     8.219     3.139     1.982
   277.280   149.242   141.000     0.744  1807.668  1601.394     8.219     3.139     1.982
   277.804   149.622   142.000     0.750  1807.668  1601.394     8.219     3.139     1.982
   278.331   150.002   143.000     0.756  1807.668  1601.394     8.219     3.139     1.982
   278.860   150.382   144.000     0.761  1807.668  1601.394     8.219     3.139     1.982
   279.392   150.763   145.000     0.767  1807.527  1601.369     8.219     3.137     1.980
   279.926   151.144   146.000     0.772  1807.527  1601.369     8.219     3.137     1.980
   280.463   151.526   147.000     0.778  1807.527  1601.369     8.219     3.137     1.980
   281.002   151.907   148.000     0.783  1807.527  1601.369     8.219     3.137     1.980
   281.543   152.289   149.000     0.789  1807.527  1601.369     8.219     3.137     1.980
   282.087   152.672   150.000     0.794  1807.527  1601.369     8.219     3.137     1.980
   282.633   153.055   151.000     0.800  1807.527  1601.369     8.219     3.137     1.980
   283.181   153.438   152.000     0.805  1807.527  1601.369     8.219     3.137     1.980
   283.732   153.821   153.000     0.811  1807.384  1601.343     8.219     3.135     1.979
   284.285   154.204   154.000     0.816  1807.384  1601.343     8.219     3.135     1.979
   284.840   154.588   155.000     0.822  1807.384  1601.343     8.219     3.135     1.979
   285.397   154.973   156.000     0.827  1807.384  1601.343     8.219     3.135     1.979
   285.956   155.357   157.000     0.833  1807.384  1601.343     8.219     3.135     1.979
   286.518   155.742   158.000     0.838  1807.384  1601.343     8.219     3.135     1.979
   287.081   156.127   159.000     0.844  1807.384  1601.343     8.219     3.135     1.979
   287.647   156.513   160.000     0.849  1807.384  1601.343     8.219     3.135     1.979
   288.215   156.898   161.000     0.855  1807.384  1601.343     8.219     3.135     1.979
   288.785   157.285   162.000     0.860  1807.239  1601.316     8.219     3.133     1.978
   289.356   157.671   163.000     0.866  1807.239  1601.316     8.219     3.133     1.978
   289.930   158.058   164.000     0.871  1807.239  1601.316     8.219     3.133     1.978
   290.506   158.445   165.000     0.877  1807.239  1601.316     8.219     3.133     1.978
   291.083   158.832   166.000     0.883  1807.239  1601.316     8.219     3.133     1.978
   291.663   159.220   167.000     0.888  1807.239  1601.316     8.219     3.133     1.978
   292.244   159.608   168.000     0.894  1807.239  1601.316     8.219     3.133     1.978
   292.828   159.996   169.000     0.899  1807.239  1601.316     8.219     3.133     1.978
   293.413   160.385   170.000     0.905  1807.239  1601.316     8.219     3.133     1.978
   294.000   160.774   171.000     0.910  1807.093  1601.290     8.219     3.131     1.977
   294.588   161.163   172.000     0.916  1807.093  1601.290     8.219     3.131     1.977
   295.179   161.552   173.000     0.921  1807.093  1601.290     8.219     3.131     1.977
   295.771   161.942   174.000     0.927  1807.093  1601.290     8.219     3.131     1.977
   296.365   162.332   175.000     0.932  1807.093  1601.290     8.219     3.131     1.977
   296.961   162.723   176.000     0.938  1807.093  1601.290     8.219     3.131     1.977
   297.559   163.114   177.000     0.943  1807.093  1601.290     8.219     3.131     1.977
   298.158   163.505   178.000     0.949  1807.093  1601.290     8.219     3.131     1.977
   298.759   163.896   179.000     0.954  1807.093  1601.290     8.219     3.131     1.977
   299.361   164.288   180.000     0.960  1806.947  1601.263     8.219     3.129     1.975
   299.965   164.680   181.000     0.965  1806.947  1601.263     8.219     3.129     1.975
   300.571   165.072   182.000     0.971  1806.947  1601.263     8.219     3.129     1.975
   301.178   165.465   183.000     0.976  1806.947  1601.263     8.219     3.129     1.975
   301.787   165.858   184.000     0.982  1806.947  1601.263     8.219     3.129     1.975
   302.397   166.251   185.000     0.987  1806.947  1601.263     8.219     3.129     1.975
   303.010   166.644   186.000     0.993  1806.947  1601.263     8.219     3.129     1.975
   303.623   167.038   187.000     0.998  1806.947  1601.263     8.219     3.129     1.975
   304.238   167.432   188.000     1.004  1806.801  1601.237     8.219     3.127     1.974
   304.855   167.827   189.000     1.010  1806.801  1601.237     8.219     3.127     1.974
   305.473   168.222   190.000     1.015  1806.801  1601.237     8.219     3.127     1.974
   306.092   168.617   191.000     1.021  1806.801  1601.237     8.219     3.127     1.974
   306.713   169.012   192.000     1.026  1806.801  1601.237     8.219     3.127     1.974
   307.336   169.408   193.000     1.032  1806.801  1601.237     8.219     3.127     1.974
   307.960   169.804   194.000     1.037  1806.801  1601.237     8.219     3.127     1.974
   308.585   170.200   195.000     1.043  1806.801  1601.237     8.219     3.127     1.974
   309.212   170.597   196.000     1.048  1806.801  1601.237     8.219     3.127     1.974
   309.840   170.994   197.000     1.054  1806.655  1601.210     8.219     3.125     1.973
   310.470   171.391   198.000     1.059  1806.655  1601.210     8.219     3.125     1.973
   311.100   171.789   199.000     1.065  1806.655  1601.210     8.219     3.125     1.973
   311.733   172.186   200.000     1.070  1806.655  1601.210     8.219     3.125     1.973
   312.366   172.585   201.000     1.076  1806.655  1601.210     8.219     3.125     1.973
   313.001   172.983   202.000     1.081  1806.655  1601.210     8.219     3.125     1.973
   313.638   173.382   203.000     1.087  1806.655  1601.210     8.219     3.125     1.973
   314.275   173.781   204.000     1.092  1806.655  1601.210     8.219     3.125     1.973
   314.914   174.180   205.000     1.098  1806.655  1601.210     8.219     3.125     1.973
   315.554   174.580   206.000     1.103  1806.509  1601.184     8.219     3.123     1.971
   316.196   174.980   207.000     1.109  1806.509  1601.184     8.219     3.123     1.971
   316.838   175.380   208.000     1.114  1806.509  1601.184     8.219     3.123     1.971
   317.482   175.781   209.000     1.120  1806.509  1601.184     8.219     3.123     1.971
   318.127   176.182   210.000     1.125  1806.509  1601.184     8.219     3.123     1.971
   318.774   176.583   211.000     1.131  1806.509  1601.184     8.219     3.123     1.971
   319.422   176.985   212.000     1.136  1806.509  1601.184     8.219     3.123     1.971
   320.070   177.386   213.000     1.142  1806.509  1601.184     8.219     3.123     1.971
   320.721   177.788   214.000     1.148  1806.509  1601.184     8.219     3.123     1.971
   321.372   178.191   215.000     1.153  1806.365  1601.157     8.219     3.121     1.970
   322.024   178.594   216.000     1.159  1806.365  1601.157     8.219     3.121     1.970
   322.678   178.997   217.000     1.164  1806.365  1601.157     8.219     3.121     1.970
   323.333   179.400   218.000     1.170  1806.365  1601.157     8.219     3.121     1.970
   323.989   179.804   219.000     1.175  1806.365  1601.157     8.219     3.121     1.970
   324.646   180.208   220.000     1.181  1806.365  1601.157     8.219     3.121     1.970
   325.304   180.612   221.000     1.186  1806.365  1601.157     8.219     3.121     1.970
   325.964   181.016   222.000     1.192  1806.365  1601.157     8.219     3.121     1.970
   326.624   181.421   223.000     1.197  1806.222  1601.131     8.219     3.119     1.969
   327.286   181.826   224.000     1.203  1806.222  1601.131     8.219     3.119     1.969
   327.948   182.232   225.000     1.208  1806.222  1601.131     8.219     3.119     1.969
   328.612   182.638   226.000     1.214  1806.222  1601.131     8.219     3.119     1.969
   329.277   183.044   227.000     1.219  1806.222  1601.131     8.219     3.119     1.969
   329.943   183.450   228.000     1.225  1806.222  1601.131     8.219     3.119     1.969
   330.610   183.857   229.000     1.230  1806.222  1601.131     8.219     3.119     1.969
   331.279   184.264   230.000     1.236  1806.222  1601.131     8.219     3.119     1.969
   331.948   184.671   231.000     1.241  1806.222  1601.131     8.219     3.119     1.969
   332.618   185.078   232.000     1.247  1806.080  1601.105     8.219     3.117     1.967
   333.289   185.486   233.000     1.252  1806.080  1601.105     8.219     3.117     1.967
   333.962   185.894   234.000     1.258  1806.080  1601.105     8.219     3.117     1.967
   334.635   186.303   235.000     1.263  1806.080  1601.105     8.219     3.117     1.967
   335.310   186.712   236.000     1.269  1806.080  1601.105     8.219     3.117     1.967
   335.985   187.121   237.000     1.274  1806.080  1601.105     8.219     3.117     1.967
   336.661   187.530   238.000     1.280  1806.080  1601.105     8.219     3.117     1.967
   337.339   187.940   239.000     1.286  1806.080  1601.105     8.219     3.117     1.967
   338.017   188.350   240.000     1.291  1806.080  1601.105     8.219     3.117     1.967
   338.697   188.760   241.000     1.297  1805.939  1601.080     8.219     3.115     1.966
   339.377   189.170   242.000     1.302  1805.939  1601.080     8.219     3.115     1.966
   340.059   189.581   243.000     1.308  1805.939  1601.080     8.219     3.115     1.966
   340.741   189.992   244.000     1.313  1805.939  1601.080     8.219     3.115     1.966
   341.424   190.404   245.000     1.319  1805.939  1601.080     8.219     3.115     1.966
   342.109   190.816   246.000     1.324  1805.939  1601.080     8.219     3.115     1.966
   342.794   191.228   247.000     1.330  1805.939  1601.080     8.219     3.115     1.966
   343.480   191.640   248.000     1.335  1805.939  1601.080     8.219     3.115     1.966
   344.167   192.053   249.000     1.341  1805.939  1601.080     8.219     3.115     1.966
   344.856   192.466   250.000     1.346  1805.800  1601.055     8.218     3.113     1.965
   345.545   192.879   251.000     1.352  1805.800  1601.055     8.218     3.113     1.965
   346.235   193.292   252.000     1.357  1805.800  1601.055     8.218     3.113     1.965
   346.926   193.706   253.000     1.363  1805.800  1601.055     8.218     3.113     1.965
   347.617   194.120   254.000     1.368  1805.800  1601.055     8.218     3.113     1.965
   348.310   194.535   255.000     1.374  1805.800  1601.055     8.218     3.113     1.965
   349.004   194.949   256.000     1.379  1805.800  1601.055     8.218     3.113     1.965
   349.698   195.364   257.000     1.385  1805.800  1601.055     8.218     3.113     1.965
   350.394   195.780   258.000     1.390  1805.663  1601.030     8.218     3.111     1.964
   351.090   196.195   259.000     1.396  1805.663  1601.030     8.218     3.111     1.964
   351.787   196.611   260.000     1.401  1805.663  1601.030     8.218     3.111     1.964
   352.485   197.027   261.000     1.407  1805.663  1601.030     8.218     3.111     1.964
   353.184   197.444   262.000     1.412  1805.663  1601.030     8.218     3.111     1.964
   353.884   197.861   263.000     1.418  1805.663  1601.030     8.218     3.111     1.964
   354.585   198.278   264.000     1.424  1805.663  1601.030     8.218     3.111     1.964
   355.286   198.695   265.000     1.429  1805.663  1601.030     8.218     3.111     1.964
   355.989   199.113   266.000     1.435  1805.663  1601.030     8.218     3.111     1.964
   356.692   199.531   267.000     1.440  1805.528  1601.005     8.218     3.109     1.963
   357.396   199.949   268.000     1.446  1805.528  1601.005     8.218     3.109     1.963
   358.101   200.368   269.000     1.451  1805.528  1601.005     8.218     3.109     1.963
   358.807   200.786   270.000     1.457  1805.528  1601.005     8.218     3.109     1.963
   359.514   201.206   271.000     1.462  1805.528  1601.005     8.218     3.109     1.963
   360.221   201.625   272.000     1.468  1805.528  1601.005     8.218     3.109     1.963
   360.930   202.045   273.000     1.473  1805.528  1601.005     8.218     3.109     1.963
   361.639   202.465   274.000     1.479  1805.528  1601.005     8.218     3.109     1.963
   362.349   202.885   275.000     1.484  1805.528  1601.005     8.218     3.109     1.963
   363.059   203.306   276.000     1.490  1805.395  1600.981     8.218     3.108     1.961
   363.771   203.727   277.000     1.495  1805.395  1600.981     8.218     3.108     1.961
   364.483   204.148   278.000     1.501  1805.395  1600.981     8.218     3.108     1.961
   365.197   204.569   279.000     1.506  1805.395  1600.981     8.218     3.108     1.961
   365.911   204.991   280.000     1.512  1805.395  1600.981     8.218     3.108     1.961
   366.625   205.413   281.000     1.517  1805.395  1600.981     8.218     3.108     1.961
   367.341   205.835   282.000     1.523  1805.395  1600.981     8.218     3.108     1.961
   368.057   206.258   283.000     1.528  1805.395  1600.981     8.218     3.108     1.961
   368.775   206.681   284.000     1.534  1805.264  1600.957     8.218     3.106     1.960
   369.493   207.104   285.000     1.539  1805.264  1600.957     8.218     3.106     1.960
   370.211   207.528   286.000     1.545  1805.264  1600.957     8.218     3.106     1.960
   370.931   207.951   287.000     1.551  1805.264  1600.957     8.218     3.106     1.960
   371.651   208.375   288.000     1.556  1805.264  1600.957     8.218     3.106     1.960
   372.372   208.800   289.000     1.562  1805.264  1600.957     8.218     3.106     1.960
   373.094   209.225   290.000     1.567  1805.264  1600.957     8.218     3.106     1.960
   373.817   209.649   291.000     1.573  1805.264  1600.957     8.218     3.106     1.960
   374.540   210.075   292.000     1.578  1805.264  1600.957     8.218     3.106     1.960
   375.264   210.500   293.000     1.584  1805.135  1600.934     8.218     3.104     1.959
   375.989   210.926   294.000     1.589  1805.135  1600.934     8.218     3.104     1.959
   376.715   211.352   295.000     1.595  1805.135  1600.934     8.218     3.104     1.959
   377.441   211.779   296.000     1.600  1805.135  1600.934     8.218     3.104     1.959
   378.168   212.205   297.000     1.606  1805.135  1600.934     8.218     3.104     1.959
   378.896   212.632   298.000     1.611  1805.135  1600.934     8.218     3.104     1.959
   379.625   213.060   299.000     1.617  1805.135  1600.934     8.218     3.104     1.959
   380.354   213.487   300.000     1.622  1805.135  1600.934     8.218     3.104     1.959
   381.084   213.915   301.000     1.628  1805.135  1600.934     8.218     3.104     1.959
   381.815   214.343   302.000     1.633  1805.007  1600.911     8.218     3.102     1.958
   382.547   214.772   303.000     1.639  1805.007  1600.911     8.218     3.102     1.958
   383.279   215.200   304.000     1.644  1805.007  1600.911     8.218     3.102     1.958
   384.012   215.629   305.000     1.650  1805.007  1600.911     8.218     3.102     1.958
   384.746   216.059   306.000     1.655  1805.007  1600.911     8.218     3.102     1.958
   385.480   216.488   307.000     1.661  1805.007  1600.911     8.218     3.102     1.958
   386.215   216.918   308.000     1.666  1805.007  1600.911     8.218     3.102     1.958
   386.951   217.348   309.000     1.672  1805.007  1600.911     8.218     3.102     1.958
   387.687   217.778   310.000     1.678  1805.007  1600.911     8.218     3.102     1.958
   388.425   218.209   311.000     1.683  1804.882  1600.888     8.218     3.101     1.957
   389.163   218.640   312.000     1.689  1804.882  1600.888     8.218     3.101     1.957
   389.901   219.071   313.000     1.694  1804.882  1600.888     8.218     3.101     1.957
   390.641   219.503   314.000     1.700  1804.882  1600.888     8.218     3.101     1.957
   391.381   219.935   315.000     1.705  1804.882  1600.888     8.218     3.101     1.957
   392.122   220.367   316.000     1.711  1804.882  1600.888     8.218     3.101     1.957
   392.863   220.799   317.000     1.716  1804.882  1600.888     8.218     3.101     1.957
   393.605   221.232   318.000     1.722  1804.882  1600.888     8.218     3.101     1.957
   394.348   221.665   319.000     1.727  1804.760  1600.865     8.218     3.099     1.956
   395.092   222.098   320.000     1.733  1804.760  1600.865     8.218     3.099     1.956
   395.836   222.532   321.000     1.738  1804.760  1600.865     8.218     3.099     1.956
   396.581   222.966   322.000     1.744  1804.760  1600.865     8.218     3.099     1.956
   397.326   223.400   323.000     1.749  1804.760  1600.865     8.218     3.099     1.956
   398.073   223.834   324.000     1.755  1804.760  1600.865     8.218     3.099     1.956
   398.819   224.269   325.000     1.760  1804.760  1600.865     8.218     3.099     1.956
   399.567   224.704   326.000     1.766  1804.760  1600.865     8.218     3.099     1.956
   400.315   225.139   327.000     1.771  1804.760  1600.865     8.218     3.099     1.956
   401.064   225.575   328.000     1.777  1804.639  1600.844     8.218     3.097     1.955
   401.814   226.011   329.000     1.782  1804.639  1600.844     8.218     3.097     1.955
   402.564   226.447   330.000     1.788  1804.639  1600.844     8.218     3.097     1.955
   403.315   226.883   331.000     1.793  1804.639  1600.844     8.218     3.097     1.955
   404.067   227.320   332.000     1.799  1804.639  1600.844     8.218     3.097     1.955
   404.819   227.757   333.000     1.805  1804.639  1600.844     8.218     3.097     1.955
   405.572   228.194   334.000     1.810  1804.639  1600.844     8.218     3.097     1.955
   406.325   228.632   335.000     1.816  1804.639  1600.844     8.218     3.097     1.955
   407.079   229.069   336.000     1.821  1804.639  1600.844     8.218     3.097     1.955
   407.834   229.508   337.000     1.827  1804.521  1600.822     8.218     3.096     1.954
   408.590   229.946   338.000     1.832  1804.521  1600.822     8.218     3.096     1.954
   409.346   230.385   339.000     1.838  1804.521  1600.822     8.218     3.096     1.954
   410.103   230.824   340.000     1.843  1804.521  1600.822     8.218     3.096     1.954
   410.860   231.263   341.000     1.849  1804.521  1600.822     8.218     3.096     1.954
   411.618   231.702   342.000     1.854  1804.521  1600.822     8.218     3.096     1.954
   412.377   232.142   343.000     1.860  1804.521  1600.822     8.218     3.096     1.954
   413.136   232.582   344.000     1.865  1804.521  1600.822     8.218     3.096     1.954
   413.896   233.022   345.000     1.871  1804.521  1600.822     8.218     3.096     1.954
   414.657   233.463   346.000     1.876  1804.404  1600.801     8.218     3.094     1.952
   415.418   233.904   347.000     1.882  1804.404  1600.801     8.218     3.094     1.952
   416.180   234.345   348.000     1.887  1804.404  1600.801     8.218     3.094     1.952
   416.943   234.787   349.000     1.893  1804.404  1600.801     8.218     3.094     1.952
   417.706   235.228   350.000     1.898  1804.404  1600.801     8.218     3.094     1.952
   418.470   235.670   351.000     1.904  1804.404  1600.801     8.218     3.094     1.952
   419.234   236.113   352.000     1.909  1804.404  1600.801     8.218     3.094     1.952
   419.999   236.555   353.000     1.915  1804.404  1600.801     8.218     3.094     1.952
   420.765   236.998   354.000     1.921  1804.290  1600.780     8.218     3.092     1.951
   421.531   237.441   355.000     1.926  1804.290  1600.780     8.218     3.092     1.951
   422.298   237.884   356.000     1.932  1804.290  1600.780     8.218     3.092     1.951
   423.065   238.328   357.000     1.937  1804.290  1600.780     8.218     3.092     1.951
   423.833   238.772   358.000     1.943  1804.290  1600.780     8.218     3.092     1.951
   424.602   239.216   359.000     1.948  1804.290  1600.780     8.218     3.092     1.951
   425.371   239.661   360.000     1.954  1804.290  1600.780     8.218     3.092     1.951
   426.141   240.106   361.000     1.959  1804.290  1600.780     8.218     3.092     1.951
   426.912   240.551   362.000     1.965  1804.290  1600.780     8.218     3.092     1.951
   427.683   240.996   363.000     1.970  1804.179  1600.760     8.218     3.091     1.950
   428.455   241.442   364.000     1.976  1804.179  1600.760     8.218     3.091     1.950
   429.227   241.888   365.000     1.981  1804.179  1600.760     8.218     3.091     1.950
   430.000   242.334   366.000     1.987  1804.179  1600.760     8.218     3.091     1.950
   430.774   242.780   367.000     1.992  1804.179  1600.760     8.218     3.091     1.950
   431.548   243.227   368.000     1.998  1804.179  1600.760     8.218     3.091     1.950
   432.323   243.674   369.000     2.003  1804.179  1600.760     8.218     3.091     1.950
   433.098   244.121   370.000     2.009  1804.179  1600.760     8.218     3.091     1.950
   433.874   244.569   371.000     2.014  1804.179  1600.760     8.218     3.091     1.950
   434.651   245.017   372.000     2.020  1804.069  1600.740     8.218     3.089     1.950
   435.428   245.465   373.000     2.025  1804.069  1600.740     8.218     3.089     1.950
   436.205   245.913   374.000     2.031  1804.069  1600.740     8.218     3.089     1.950
   436.984   246.362   375.000     2.037  1804.069  1600.740     8.218     3.089     1.950
   437.763   246.811   376.000     2.042  1804.069  1600.740     8.218     3.089     1.950
   438.542   247.260   377.000     2.048  1804.069  1600.740     8.218     3.089     1.950
   439.322   247.709   378.000     2.053  1804.069  1600.740     8.218     3.089     1.950
   440.103   248.159   379.000     2.059  1804.069  1600.740     8.218     3.089     1.950
   440.884   248.609   380.000     2.064  1804.069  1600.740     8.218     3.089     1.950
   441.666   249.060   381.000     2.070  1803.962  1600.720     8.218     3.088     1.949
   442.449   249.510   382.000     2.075  1803.962  1600.720     8.218     3.088     1.949
   443.232   249.961   383.000     2.081  1803.962  1600.720     8.218     3.088     1.949
   444.015   250.412   384.000     2.086  1803.962  1600.720     8.218     3.088     1.949
   444.799   250.864   385.000     2.092  1803.962  1600.720     8.218     3.088     1.949
   445.584   251.315   386.000     2.097  1803.962  1600.720     8.218     3.088     1.949
   446.369   251.767   387.000     2.103  1803.962  1600.720     8.218     3.088     1.949
   447.155   252.219   388.000     2.108  1803.962  1600.720     8.218     3.088     1.949
   447.942   252.672   389.000     2.114  1803.856  1600.701     8.218     3.087     1.948
   448.729   253.125   390.000     2.119  1803.856  1600.701     8.218     3.087     1.948
   449.517   253.578   391.000     2.125  1803.856  1600.701     8.218     3.087     1.948
   450.305   254.031   392.000     2.130  1803.856  1600.701     8.218     3.087     1.948
   451.093   254.485   393.000     2.136  1803.856  1600.701     8.218     3.087     1.948
   451.883   254.938   394.000     2.141  1803.856  1600.701     8.218     3.087     1.948
   452.673   255.393   395.000     2.147  1803.856  1600.701     8.218     3.087     1.948
   453.463   255.847   396.000     2.153  1803.856  1600.701     8.218     3.087     1.948
   454.254   256.302   397.000     2.158  1803.856  1600.701     8.218     3.087     1.948
   455.046   256.757   398.000     2.164  1803.753  1600.682     8.218     3.085     1.947
   455.838   257.212   399.000     2.169  1803.753  1600.682     8.218     3.085     1.947
   456.631   257.667   400.000     2.175  1803.753  1600.682     8.218     3.085     1.947
   457.424   258.123   401.000     2.180  1803.753  1600.682     8.218     3.085     1.947
   458.218   258.579   402.000     2.186  1803.753  1600.682     8.218     3.085     1.947
   459.012   259.035   403.000     2.191  1803.753  1600.682     8.218     3.085     1.947
   459.807   259.492   404.000     2.197  1803.753  1600.682     8.218     3.085     1.947
   460.603   259.949   405.000     2.202  1803.753  1600.682     8.218     3.085     1.947
   461.399   260.406   406.000     2.208  1803.753  1600.682     8.218     3.085     1.947
   462.195   260.863   407.000     2.213  1803.653  1600.664     8.218     3.084     1.946
   462.993   261.321   408.000     2.219  1803.653  1600.664     8.218     3.084     1.946
   463.790   261.779   409.000     2.224  1803.653  1600.664     8.218     3.084     1.946
   464.589   262.237   410.000     2.230  1803.653  1600.664     8.218     3.084     1.946
   465.387   262.696   411.000     2.235  1803.653  1600.664     8.218     3.084     1.946
   466.187   263.154   412.000     2.241  1803.653  1600.664     8.218     3.084     1.946
   466.987   263.613   413.000     2.246  1803.653  1600.664     8.218     3.084     1.946
   467.787   264.073   414.000     2.252  1803.653  1600.664     8.218     3.084     1.946
   468.588   264.532   415.000     2.257  1803.653  1600.664     8.218     3.084     1.946
   469.390   264.992   416.000     2.263  1803.554  1600.646     8.218     3.082     1.945
   470.192   265.452   417.000     2.269  1803.554  1600.646     8.218     3.082     1.945
   470.995   265.912   418.000     2.274  1803.554  1600.646     8.218     3.082     1.945
   471.798   266.373   419.000     2.280  1803.554  1600.646     8.218     3.082     1.945
   472.602   266.834   420.000     2.285  1803.554  1600.646     8.218     3.082     1.945
   473.406   267.295   421.000     2.291  1803.554  1600.646     8.218     3.082     1.945
   474.211   267.756   422.000     2.296  1803.554  1600.646     8.218     3.082     1.945
   475.016   268.218   423.000     2.302  1803.554  1600.646     8.218     3.082     1.945
   475.822   268.680   424.000     2.307  1803.457  1600.629     8.218     3.081     1.944
   476.628   269.142   425.000     2.313  1803.457  1600.629     8.218     3.081     1.944
   477.435   269.605   426.000     2.318  1803.457  1600.629     8.218     3.081     1.944
   478.243   270.067   427.000     2.324  1803.457  1600.629     8.218     3.081     1.944
   479.051   270.530   428.000     2.329  1803.457  1600.629     8.218     3.081     1.944
   479.860   270.994   429.000     2.335  1803.457  1600.629     8.218     3.081     1.944
   480.669   271.457   430.000     2.340  1803.457  1600.629     8.218     3.081     1.944
   481.478   271.921   431.000     2.346  1803.457  1600.629     8.218     3.081     1.944
   482.289   272.385   432.000     2.351  1803.457  1600.629     8.218     3.081     1.944
   483.099   272.850   433.000     2.357  1803.363  1600.611     8.218     3.080     1.943
   483.911   273.314   434.000     2.362  1803.363  1600.611     8.218     3.080     1.943
   484.722   273.779   435.000     2.368  1803.363  1600.611     8.218     3.080     1.943
   485.535   274.244   436.000     2.374  1803.363  1600.611     8.218     3.080     1.943
   486.348   274.710   437.000     2.379  1803.363  1600.611     8.218     3.080     1.943
   487.161   275.175   438.000     2.385  1803.363  1600.611     8.218     3.080     1.943
   487.975   275.641   439.000     2.390  1803.363  1600.611     8.218     3.080     1.943
   488.789   276.107   440.000     2.396  1803.363  1600.611     8.218     3.080     1.943
   489.604   276.574   441.000     2.401  1803.363  1600.611     8.218     3.080     1.943
   490.420   277.041   442.000     2.407  1803.270  1600.595     8.218     3.078     1.942
   491.236   277.508   443.000     2.412  1803.270  1600.595     8.218     3.078     1.942
   492.052   277.975   444.000     2.418  1803.270  1600.595     8.218     3.078     1.942
   492.869   278.442   445.000     2.423  1803.270  1600.595     8.218     3.078     1.942
   493.687   278.910   446.000     2.429  1803.270  1600.595     8.218     3.078     1.942
   494.505   279.378   447.000     2.434  1803.270  1600.595     8.218     3.078     1.942
   495.324   279.847   448.000     2.440  1803.270  1600.595     8.218     3.078     1.942
   496.143   280.315   449.000     2.445  1803.270  1600.595     8.218     3.078     1.942
   496.963   280.784   450.000     2.451  1803.180  1600.578     8.218     3.077     1.942
   497.783   281.253   451.000     2.456  1803.180  1600.578     8.218     3.077     1.942
   498.603   281.723   452.000     2.462  1803.180  1600.578     8.218     3.077     1.942
   499.425   282.192   453.000     2.467  1803.180  1600.578     8.218     3.077     1.942
   500.246   282.662   454.000     2.473  1803.180  1600.578     8.218     3.077     1.942
   501.069   283.132   455.000     2.479  1803.180  1600.578     8.218     3.077     1.942
   501.891   283.603   456.000     2.484  1803.180  1600.578     8.218     3.077     1.942
   502.715   284.073   457.000     2.490  1803.180  1600.578     8.218     3.077     1.942
   503.538   284.544   458.000     2.495  1803.180  1600.578     8.218     3.077     1.942
   504.363   285.016   459.000     2.501  1803.092  1600.562     8.218     3.076     1.941
   505.188   285.487   460.000     2.506  1803.092  1600.562     8.218     3.076     1.941
   506.013   285.959   461.000     2.512  1803.092  1600.562     8.218     3.076     1.941
   506.839   286.431   462.000     2.517  1803.092  1600.562     8.218     3.076     1.941
   507.665   286.903   463.000     2.523  1803.092  1600.562     8.218     3.076     1.941
   508.492   287.376   464.000     2.528  1803.092  1600.562     8.218     3.076     1.941
   509.319   287.848   465.000     2.534  1803.092  1600.562     8.218     3.076     1.941
   510.147   288.322   466.000     2.539  1803.092  1600.562     8.218     3.076     1.941
   510.976   288.795   467.000     2.545  1803.092  1600.562     8.218     3.076     1.941
   511.804   289.268   468.000     2.550  1803.005  1600.546     8.218     3.075     1.940
   512.634   289.742   469.000     2.556  1803.005  1600.546     8.218     3.075     1.940
   513.464   290.216   470.000     2.561  1803.005  1600.546     8.218     3.075     1.940
   514.294   290.691   471.000     2.567  1803.005  1600.546     8.218     3.075     1.940
   515.125   291.165   472.000     2.572  1803.005  1600.546     8.218     3.075     1.940
   515.956   291.640   473.000     2.578  1803.005  1600.546     8.218     3.075     1.940
   516.788   292.115   474.000     2.584  1803.005  1600.546     8.218     3.075     1.940
   517.621   292.591   475.000     2.589  1803.005  1600.546     8.218     3.075     1.940
   518.454   293.066   476.000     2.595  1803.005  1600.546     8.218     3.075     1.940
   519.287   293.542   477.000     2.600  1802.921  1600.531     8.218     3.074     1.939
   520.121   294.019   478.000     2.606  1802.921  1600.531     8.218     3.074     1.939
   520.956   294.495   479.000     2.611  1802.921  1600.531     8.218     3.074     1.939
   521.790   294.972   480.000     2.617  1802.921  1600.531     8.218     3.074     1.939
   522.626   295.449   481.000     2.622  1802.921  1600.531     8.218     3.074     1.939
   523.462   295.926   482.000     2.628  1802.921  1600.531     8.218     3.074     1.939
   524.298   296.403   483.000     2.633  1802.921  1600.531     8.218     3.074     1.939
   525.135   296.881   484.000     2.639  1802.921  1600.531     8.218     3.074     1.939
   525.973   297.359   485.000     2.644  1802.839  1600.516     8.217     3.073     1.939
   526.811   297.837   486.000     2.650  1802.839  1600.516     8.217     3.073     1.939
   527.649   298.316   487.000     2.655  1802.839  1600.516     8.217     3.073     1.939
   528.488   298.795   488.000     2.661  1802.839  1600.516     8.217     3.073     1.939
   529.327   299.274   489.000     2.666  1802.839  1600.516     8.217     3.073     1.939
   530.167   299.753   490.000     2.672  1802.839  1600.516     8.217     3.073     1.939
   531.008   300.232   491.000     2.677  1802.839  1600.516     8.217     3.073     1.939
   531.848   300.712   492.000     2.683  1802.839  1600.516     8.217     3.073     1.939
   532.690   301.192   493.000     2.689  1802.839  1600.516     8.217     3.073     1.939
   533.532   301.673   494.000     2.694  1802.758  1600.502     8.217     3.071     1.938
   534.374   302.153   495.000     2.700  1802.758  1600.502     8.217     3.071     1.938
   535.217   302.634   496.000     2.705  1802.758  1600.502     8.217     3.071     1.938
   536.060   303.115   497.000     2.711  1802.758  1600.502     8.217     3.071     1.938
   536.904   303.596   498.000     2.716  1802.758  1600.502     8.217     3.071     1.938
   537.748   304.078   499.000     2.722  1802.758  1600.502     8.217     3.071     1.938
   538.593   304.560   500.000     2.727  1802.758  1600.502     8.217     3.071     1.938
   539.438   305.042   501.000     2.733  1802.758  1600.502     8.217     3.071     1.938
   540.284   305.524   502.000     2.738  1802.758  1600.502     8.217     3.071     1.938
   540.574   305.689   502.342     2.740  1802.758  1600.502     8.217     3.071     1.938
