****************************************************************************************************
----------------------------------------------------------------------------------------------------
Ambient Table:
     Depth   Amb-cur   Amb-dir   Amb-sal   Amb-tem   Amb-pol     Decay   Far-spd   Far-dir   Disprsn
       (m)     (m/s)     (deg)     (psu)       (C)    (mg/L)   (1/day)     (m/s)     (deg)(m0.67/s2)
     0.000     0.090     0.000    32.000    14.000     0.000     0.000     0.050     0.000   0.00030
     2.000     0.085     0.000    32.000    12.000     0.000     0.000     0.050     0.000   0.00030
     4.000     0.070     0.000    32.000     8.000     0.000     0.000     0.050     0.000   0.00030
     6.000     0.065     0.000    32.000     8.000     0.000     0.000     0.050     0.000   0.00030
     8.000     0.060     0.000    32.000     8.000     0.000     0.000     0.050     0.000   0.00030
    10.000     0.055     0.000    32.000     8.000     0.000     0.000     0.050     0.000   0.00030
    12.000     0.050     0.000    32.000     8.000     0.000     0.000     0.050     0.000   0.00030
----------------------------------------------------------------------------------------------------
Diffuser Table:
     P-dia    P-elev   V-angle   H-angle     Ports   Spacing   AcuteMZ   ChrncMZ   P-depth   Ttl-flo   Eff-sal      Temp   Polutnt
       (m)       (m)     (deg)     (deg)       ( )       (m)       (m)       (m)       (m)     (MGD)     (psu)       (C)    (mg/L)
      0.08      0.31     45.00     30.00     18.00      6.10     10.20    102.00     11.00      8.00      0.00      2.63    100.00
----------------------------------------------------------------------------------------------------
Simulation Results:
              Dilutn     P-dia    x-posn    y-posn     Depth        TA       DIC        pH    OmegaC    OmegaA     R_cal     R_arg
      Step (FluxAvg)       (m)       (m)       (m)       (m) (mmol/m3) (mmol/m3)   (total)        ()        () (umol/hr) (umol/hr)
         1     1.019     0.077     0.002     0.001   -10.997  3956.958  2155.583    10.438    26.401    15.257  9680.359  2255.954
         2     1.039     0.078     0.004     0.003   -10.995  3914.664  2144.689    10.387    34.806    19.598 21987.576  4191.273
         3     1.060     0.080     0.007     0.004   -10.992  3873.200  2134.009    10.341    38.599    21.429 29835.218  5216.227
         4     1.080     0.081     0.009     0.005   -10.990  3832.549  2123.538    10.297    40.350    22.213 33998.550  5694.432
         5     1.101     0.083     0.011     0.007   -10.987  3792.695  2113.273    10.255    41.035    22.476 35725.820  5860.234
         6     1.123     0.085     0.014     0.008   -10.984  3753.623  2103.209    10.215    41.115    22.455 35930.478  5846.890
         7     1.145     0.086     0.016     0.009   -10.981  3715.317  2093.342    10.177    40.833    22.271 35210.404  5730.627
         8     1.167     0.088     0.019     0.011   -10.978  3677.761  2083.669    10.140    40.329    21.990 33946.707  5556.040
         9     1.190     0.090     0.022     0.012   -10.975  3640.943  2074.185    10.104    39.687    21.652 32381.022  5349.788
        10     1.213     0.091     0.024     0.014   -10.972  3604.846  2064.887    10.070    38.961    21.280 30666.438  5128.080
        11     1.237     0.093     0.027     0.015   -10.969  3569.456  2055.772    10.037    38.184    20.890 28899.705  4900.872
        12     1.261     0.095     0.030     0.017   -10.966  3534.761  2046.835    10.004    37.380    20.490 27141.480  4674.300
        13     1.286     0.097     0.032     0.019   -10.963  3500.746  2038.074     9.973    36.563    20.087 25429.127  4452.116
        14     1.311     0.099     0.035     0.020   -10.959  3467.398  2029.484     9.942    35.744    19.684 23784.881  4236.569
        15     1.337     0.101     0.038     0.022   -10.956  3434.704  2021.063     9.912    34.931    19.286 22221.121  4028.949
        16     1.363     0.103     0.041     0.024   -10.953  3402.651  2012.806     9.883    34.127    18.892 20743.803  3829.925
        17     1.390     0.105     0.044     0.025   -10.949  3371.227  2004.712     9.855    33.337    18.506 19354.718  3639.770
        18     1.417     0.107     0.047     0.027   -10.946  3340.418  1996.777     9.827    32.562    18.126 18052.988  3458.500
        19     1.445     0.109     0.050     0.029   -10.942  3310.214  1988.997     9.800    31.803    17.754 16836.063  3285.973
        20     1.474     0.111     0.054     0.031   -10.938  3280.602  1981.369     9.774    31.063    17.390 15700.383  3121.943
        21     1.503     0.113     0.057     0.033   -10.935  3251.571  1973.892     9.749    30.340    17.034 14641.828  2966.106
        22     1.532     0.116     0.060     0.035   -10.931  3223.108  1966.560     9.723    29.636    16.685 13656.008  2818.126
        23     1.562     0.118     0.064     0.036   -10.927  3195.204  1959.373     9.699    28.951    16.345 12738.463  2677.650
        24     1.593     0.120     0.067     0.038   -10.923  3167.847  1952.326     9.675    28.283    16.012 11884.788  2544.326
        25     1.624     0.122     0.071     0.040   -10.919  3141.027  1945.418     9.651    27.634    15.687 11090.713  2417.802
        26     1.656     0.125     0.074     0.043   -10.915  3114.732  1938.645     9.628    27.002    15.369 10352.154  2297.738
        27     1.689     0.127     0.078     0.045   -10.911  3088.953  1932.005     9.606    26.387    15.059  9665.239  2183.806
        28     1.722     0.130     0.082     0.047   -10.906  3063.680  1925.495     9.584    25.789    14.756  9026.320  2075.691
        29     1.756     0.132     0.085     0.049   -10.902  3038.902  1919.113     9.562    25.208    14.460  8431.982  1973.092
        30     1.791     0.135     0.089     0.051   -10.898  3014.609  1912.856     9.541    24.643    14.171  7879.031  1875.724
        31     1.826     0.138     0.093     0.053   -10.893  2990.793  1906.721     9.520    24.093    13.888  7364.495  1783.315
        32     1.862     0.140     0.097     0.056   -10.888  2967.445  1900.707     9.500    23.558    13.612  6885.607  1695.609
        33     1.899     0.143     0.101     0.058   -10.884  2944.554  1894.811     9.480    23.038    13.343  6439.801  1612.361
        34     1.937     0.146     0.106     0.060   -10.879  2922.111  1889.030     9.460    22.532    13.079  6024.696  1533.341
        35     1.975     0.149     0.110     0.063   -10.874  2900.109  1883.363     9.440    22.040    12.822  5638.084  1458.330
        36     2.014     0.152     0.114     0.065   -10.869  2878.538  1877.807     9.422    21.562    12.571  5277.919  1387.122
        37     2.054     0.155     0.119     0.068   -10.864  2857.391  1872.360     9.403    21.097    12.325  4942.307  1319.521
        38     2.094     0.158     0.123     0.070   -10.859  2836.657  1867.019     9.385    20.644    12.086  4629.494  1255.341
        39     2.136     0.161     0.128     0.073   -10.854  2816.331  1861.784     9.367    20.204    11.851  4337.853  1194.406
        40     2.178     0.164     0.133     0.076   -10.848  2796.403  1856.651     9.349    19.775    11.623  4065.881  1136.551
        41     2.221     0.167     0.138     0.078   -10.843  2776.865  1851.618     9.331    19.358    11.399  3812.184  1081.617
        42     2.265     0.171     0.142     0.081   -10.837  2757.711  1846.685     9.314    18.953    11.181  3575.470  1029.455
        43     2.310     0.174     0.148     0.084   -10.831  2738.933  1841.848     9.298    18.558    10.968  3354.543   979.922
        44     2.355     0.177     0.153     0.087   -10.826  2720.522  1837.106     9.281    18.174    10.759  3148.295   932.885
        45     2.402     0.181     0.158     0.090   -10.820  2702.473  1832.456     9.265    17.801    10.556  2955.698   888.216
        46     2.450     0.184     0.163     0.093   -10.814  2684.777  1827.898     9.249    17.437    10.357  2775.801   845.794
        47     2.498     0.188     0.169     0.096   -10.808  2667.429  1823.430     9.233    17.083    10.163  2607.720   805.504
        48     2.548     0.192     0.174     0.099   -10.801  2650.420  1819.049     9.218    16.739     9.974  2450.637   767.237
        49     2.598     0.195     0.180     0.102   -10.795  2633.745  1814.754     9.202    16.404     9.789  2303.790   730.890
        50     2.650     0.199     0.185     0.105   -10.789  2617.397  1810.543     9.187    16.077     9.608  2166.477   696.365
        51     2.702     0.203     0.191     0.109   -10.782  2601.370  1806.415     9.172    15.760     9.432  2038.042   663.568
        52     2.756     0.207     0.197     0.112   -10.775  2585.657  1802.367     9.158    15.450     9.260  1917.878   632.411
        53     2.810     0.211     0.203     0.115   -10.768  2570.252  1798.399     9.144    15.149     9.092  1805.421   602.811
        54     2.866     0.215     0.209     0.119   -10.761  2555.149  1794.509     9.130    14.856     8.927  1700.147   574.687
        55     2.923     0.220     0.216     0.122   -10.754  2540.342  1790.695     9.116    14.571     8.767  1601.570   547.965
        56     2.981     0.224     0.222     0.126   -10.747  2525.825  1786.956     9.102    14.293     8.610  1509.238   522.572
        57     3.040     0.228     0.229     0.129   -10.740  2511.594  1783.290     9.088    14.022     8.458  1422.731   498.441
        58     3.100     0.233     0.235     0.133   -10.732  2497.641  1779.696     9.075    13.759     8.308  1341.658   475.507
        59     3.162     0.237     0.242     0.137   -10.725  2483.961  1776.173     9.062    13.502     8.163  1265.655   453.709
        60     3.225     0.242     0.249     0.141   -10.717  2470.550  1772.719     9.049    13.252     8.020  1194.386   432.988
        61     3.289     0.247     0.256     0.145   -10.709  2457.402  1769.332     9.037    13.009     7.881  1127.536   413.290
        62     3.354     0.251     0.263     0.148   -10.701  2444.512  1766.012     9.024    12.772     7.746  1064.812   394.562
        63     3.421     0.256     0.271     0.153   -10.693  2431.875  1762.757     9.012    12.541     7.613  1005.944   376.756
        64     3.489     0.261     0.278     0.157   -10.684  2419.485  1759.565     9.000    12.316     7.484   950.677   359.822
        65     3.558     0.266     0.286     0.161   -10.676  2407.338  1756.436     8.988    12.097     7.358   898.776   343.718
        66     3.629     0.272     0.294     0.165   -10.667  2395.430  1753.369     8.976    11.883     7.235   850.022   328.401
        67     3.701     0.277     0.302     0.169   -10.658  2383.755  1750.362     8.964    11.675     7.115   804.209   313.830
        68     3.774     0.282     0.310     0.174   -10.649  2372.308  1747.414     8.953    11.472     6.997   761.148   299.967
        69     3.849     0.288     0.318     0.178   -10.640  2361.087  1744.523     8.941    11.275     6.882   720.662   286.778
        70     3.926     0.293     0.326     0.183   -10.631  2350.085  1741.689     8.930    11.082     6.771   682.584   274.226
        71     4.004     0.299     0.335     0.187   -10.621  2339.299  1738.911     8.919    10.894     6.661   646.761   262.281
        72     4.083     0.305     0.343     0.192   -10.612  2328.724  1736.187     8.909    10.712     6.555   613.048   250.910
        73     4.164     0.311     0.352     0.197   -10.602  2318.357  1733.517     8.898    10.533     6.450   581.313   240.085
        74     4.247     0.317     0.361     0.202   -10.592  2308.193  1730.899     8.887    10.360     6.349   551.429   229.779
        75     4.332     0.323     0.370     0.207   -10.582  2298.229  1728.332     8.877    10.190     6.250   523.280   219.964
        76     4.418     0.329     0.380     0.212   -10.571  2288.460  1725.816     8.867    10.025     6.153   496.757   210.617
        77     4.506     0.335     0.389     0.217   -10.561  2278.882  1723.349     8.857     9.864     6.058   471.759     0.000
        78     4.595     0.342     0.399     0.222   -10.550  2269.492  1720.930     8.847     9.708     5.966   448.190     0.000
        79     4.687     0.349     0.409     0.227   -10.539  2260.286  1718.559     8.837     9.555     5.875   425.962     0.000
        80     4.780     0.355     0.419     0.233   -10.528  2251.261  1716.235     8.827     9.405     5.787   404.991     0.000
        81     4.875     0.362     0.429     0.238   -10.517  2242.413  1713.956     8.818     9.260     5.701   385.202     0.000
        82     4.972     0.369     0.440     0.244   -10.505  2233.738  1711.721     8.809     9.118     5.617   366.521     0.000
        83     5.071     0.376     0.450     0.249   -10.493  2225.234  1709.530     8.799     8.980     5.535   348.881     0.000
        84     5.172     0.383     0.461     0.255   -10.481  2216.896  1707.383     8.790     8.845     5.455   332.218     0.000
        85     5.275     0.391     0.472     0.261   -10.469  2208.721  1705.277     8.781     8.713     5.377   316.474     0.000
        86     5.380     0.398     0.483     0.267   -10.457  2200.707  1703.213     8.772     8.585     5.300   301.593     0.000
        87     5.487     0.406     0.495     0.273   -10.444  2192.850  1701.189     8.764     8.460     5.226   287.523     0.000
        88     5.597     0.414     0.506     0.279   -10.431  2185.147  1699.205     8.755     8.338     5.153   274.216     0.000
        89     5.708     0.422     0.518     0.285   -10.418  2177.595  1697.260     8.746     8.218     5.082   261.627     0.000
        90     5.822     0.430     0.530     0.292   -10.405  2170.191  1695.353     8.738     8.102     5.012   249.714     0.000
        91     5.938     0.438     0.542     0.298   -10.392  2162.933  1693.483     8.730     7.989     4.944   238.435     0.000
        92     6.056     0.446     0.555     0.305   -10.378  2155.816  1691.650     8.722     7.878     4.878   227.755     0.000
        93     6.177     0.455     0.567     0.311   -10.364  2148.840  1689.853     8.714     7.770     4.813   217.638     0.000
        94     6.300     0.463     0.580     0.318   -10.350  2142.000  1688.091     8.706     7.664     4.750   208.052     0.000
        95     6.425     0.472     0.594     0.325   -10.335  2135.294  1686.364     8.698     7.562     4.688   198.966     0.000
        96     6.553     0.481     0.607     0.332   -10.320  2128.719  1684.671     8.690     7.461     4.628   190.350     0.000
        97     6.684     0.490     0.620     0.339   -10.305  2122.274  1683.010     8.683     7.363     4.569   182.179     0.000
        98     6.817     0.499     0.634     0.346   -10.290  2115.955  1681.383     8.675     7.267     4.511   174.427     0.000
        99     6.953     0.509     0.648     0.353   -10.275  2109.760  1679.787     8.668     7.174     4.455   167.070     0.000
       100     7.092     0.518     0.663     0.360   -10.259  2103.686  1678.223     8.660     7.083     4.400   160.086     0.000
       101     7.233     0.528     0.677     0.368   -10.243  2097.731  1676.689     8.653     6.994     4.346   153.453     0.000
       102     7.377     0.538     0.692     0.375   -10.226  2091.893  1675.185     8.646     6.907     4.294   147.153     0.000
       103     7.524     0.548     0.707     0.383   -10.210  2086.170  1673.711     8.639     6.822     4.242   141.166     0.000
       104     7.674     0.558     0.723     0.391   -10.193  2080.559  1672.266     8.632     6.739     4.192   135.475     0.000
       105     7.827     0.569     0.738     0.399   -10.176  2075.058  1670.849     8.626     6.658     4.143   130.065     0.000
       106     7.983     0.579     0.754     0.407   -10.158  2069.664  1669.459     8.619     6.579     4.095   124.919     0.000
       107     8.143     0.590     0.770     0.415   -10.140  2064.377  1668.097     8.612     6.502     4.048   120.023     0.000
       108     8.305     0.601     0.787     0.423   -10.122  2059.193  1666.762     8.606     6.427     4.003   115.364     0.000
       109     8.471     0.612     0.803     0.432   -10.104  2054.111  1665.453     8.599     6.353     3.958   110.928     0.000
       110     8.640     0.624     0.820     0.440   -10.085  2049.128  1664.170     8.593     6.281     3.914   106.704     0.000
       111     8.812     0.635     0.838     0.449   -10.066  2044.243  1662.912     8.587     6.211     3.871   102.681     0.000
       112     8.988     0.647     0.855     0.457   -10.047  2039.454  1661.678     8.581     6.142     3.830    98.847     0.000
       113     9.167     0.659     0.873     0.466   -10.027  2034.759  1660.469     8.575     6.075     3.789    95.193     0.000
       114     9.350     0.671     0.891     0.475   -10.007  2030.156  1659.283     8.569     6.010     3.749    91.709     0.000
       115     9.536     0.683     0.910     0.484    -9.987  2025.643  1658.121     8.563     5.946     3.710    88.387     0.000
       116     9.727     0.696     0.928     0.493    -9.966  2021.219  1656.981     8.557     5.883     3.672    85.217     0.000
       117     9.921     0.708     0.948     0.502    -9.945  2016.881  1655.864     8.552     5.822     3.635    82.193     0.000
       118    10.119     0.721     0.967     0.512    -9.923  2012.629  1654.768     8.546     5.762     3.598    79.306     0.000
       119    10.321     0.734     0.987     0.521    -9.902  2008.459  1653.694     8.540     5.704     3.562    76.549     0.000
       120    10.527     0.747     1.007     0.531    -9.879  2004.372  1652.642     8.535     5.647     3.528    73.916     0.000
       121    10.737     0.761     1.027     0.541    -9.857  2000.365  1651.609     8.530     5.591     3.494    71.400     0.000
       122    10.951     0.775     1.047     0.550    -9.834  1996.436  1650.597     8.524     5.537     3.460    68.996     0.000
       123    11.169     0.789     1.068     0.560    -9.811  1992.584  1649.605     8.519     5.484     3.428    66.698     0.000
       124    11.392     0.803     1.090     0.571    -9.787  1988.808  1648.633     8.514     5.431     3.396    64.501     0.000
       125    11.620     0.817     1.111     0.581    -9.763  1985.106  1647.679     8.509     5.381     3.365    62.399     0.000
       126    11.852     0.832     1.133     0.591    -9.738  1981.476  1646.744     8.504     5.331     3.334    60.388     0.000
       127    12.088     0.846     1.156     0.601    -9.713  1977.918  1645.828     8.499     5.282     3.304    58.463     0.000
       128    12.330     0.861     1.178     0.612    -9.688  1974.429  1644.929     8.494     5.235     3.275    56.620     0.000
       129    12.576     0.877     1.201     0.623    -9.662  1971.009  1644.048     8.490     5.188     3.247    54.856     0.000
       130    12.827     0.892     1.225     0.633    -9.636  1967.656  1643.184     8.485     5.143     3.219    53.166     0.000
       131    13.083     0.908     1.248     0.644    -9.609  1964.369  1642.338     8.480     5.099     3.192    51.547     0.000
       132    13.344     0.923     1.272     0.655    -9.582  1961.146  1641.507     8.476     5.055     3.165    49.995     0.000
       133    13.610     0.940     1.297     0.666    -9.555  1957.986  1640.694     8.471     5.013     3.139    48.507     0.000
       134    13.882     0.956     1.321     0.678    -9.527  1954.888  1639.896     8.467     4.971     3.113    47.080     0.000
       135    14.159     0.972     1.346     0.689    -9.499  1951.851  1639.113     8.463     4.931     3.088    45.712     0.000
       136    14.442     0.989     1.372     0.700    -9.470  1948.874  1638.347     8.458     4.891     3.064    44.399     0.000
       137    14.730     1.006     1.397     0.712    -9.441  1945.955  1637.595     8.454     4.852     3.040    43.139     0.000
       138    15.025     1.024     1.423     0.723    -9.411  1943.093  1636.857     8.450     4.814     3.017    41.930     0.000
       139    15.325     1.041     1.450     0.735    -9.381  1940.287  1636.135     8.446     4.777     2.994    40.768     0.000
       140    15.631     1.059     1.476     0.747    -9.351  1937.536  1635.426     8.442     4.741     2.972    39.653     0.000
       141    15.943     1.077     1.503     0.758    -9.320  1934.840  1634.732     8.438     4.705     2.950    38.582     0.000
       142    16.261     1.095     1.530     0.770    -9.289  1932.196  1634.051     8.434     4.670     2.928    37.552     0.000
       143    16.586     1.114     1.558     0.782    -9.257  1929.604  1633.383     8.430     4.636     2.907    36.562     0.000
       144    16.917     1.132     1.586     0.794    -9.225  1927.062  1632.728     8.427     4.603     2.887    35.610     0.000
       145    17.255     1.151     1.614     0.806    -9.192  1924.571  1632.087     8.423     4.570     2.867    34.695     0.000
       146    17.600     1.170     1.642     0.818    -9.160  1922.128  1631.457     8.419     4.539     2.847    33.815     0.000
       147    17.951     1.190     1.671     0.830    -9.126  1919.734  1630.841     8.416     4.507     2.828    32.968     0.000
       148    18.310     1.210     1.700     0.843    -9.092  1917.386  1630.236     8.412     4.477     2.809    32.153     0.000
       149    18.676     1.230     1.729     0.855    -9.058  1915.084  1629.643     8.409     4.447     2.791    31.368     0.000
       150    19.049     1.250     1.758     0.867    -9.024  1912.828  1629.062     8.405     4.418     2.773    30.612     0.000
       151    19.429     1.270     1.788     0.880    -8.989  1910.615  1628.492     8.402     4.389     2.755    29.884     0.000
       152    19.817     1.291     1.818     0.892    -8.953  1908.447  1627.933     8.399     4.362     2.738    29.183     0.000
       153    20.213     1.312     1.849     0.904    -8.917  1906.320  1627.386     8.395     4.334     2.721    28.508     0.000
       154    20.617     1.334     1.879     0.917    -8.881  1904.235  1626.849     8.392     4.307     2.704    27.856     0.000
       155    21.029     1.355     1.910     0.929    -8.844  1902.192  1626.322     8.389     4.281     2.688    27.229     0.000
       156    21.449     1.377     1.942     0.942    -8.807  1900.188  1625.806     8.386     4.256     2.672    26.623     0.000
       157    21.877     1.399     1.973     0.954    -8.769  1898.223  1625.300     8.383     4.231     2.657    26.040     0.000
       158    22.315     1.422     2.005     0.967    -8.731  1896.297  1624.804     8.380     4.206     2.642    25.476     0.000
       159    22.760     1.444     2.037     0.979    -8.693  1894.409  1624.318     8.377     4.182     2.627    24.933     0.000
       160    23.215     1.467     2.069     0.992    -8.654  1892.558  1623.841     8.374     4.159     2.612    24.408     0.000
       161    23.679     1.490     2.102     1.005    -8.615  1890.743  1623.373     8.371     4.136     2.598    23.902     0.000
       162    24.152     1.514     2.135     1.017    -8.575  1888.964  1622.915     8.368     4.113     2.584    23.413     0.000
       163    24.635     1.538     2.168     1.030    -8.535  1887.220  1622.466     8.366     4.091     2.571    22.941     0.000
       164    25.127     1.562     2.201     1.042    -8.494  1885.509  1622.025     8.363     4.070     2.557    22.485     0.000
       165    25.629     1.586     2.235     1.055    -8.453  1883.833  1621.593     8.360     4.048     2.544    22.044     0.000
       166    26.141     1.611     2.269     1.068    -8.411  1882.189  1621.170     8.358     4.028     2.531    21.618     0.000
       167    26.663     1.636     2.303     1.080    -8.369  1880.577  1620.755     8.355     4.008     2.519    21.206     0.000
       168    27.196     1.661     2.337     1.093    -8.327  1878.997  1620.348     8.353     3.988     2.507    20.808     0.000
       169    27.740     1.687     2.372     1.106    -8.284  1877.448  1619.949     8.350     3.968     2.495    20.423     0.000
       170    28.294     1.713     2.407     1.118    -8.241  1875.930  1619.558     8.348     3.949     2.483    20.051     0.000
       171    28.859     1.739     2.442     1.131    -8.197  1874.441  1619.174     8.345     3.931     2.471    19.691     0.000
       172    29.436     1.765     2.478     1.144    -8.153  1872.981  1618.798     8.343     3.913     2.460    19.343     0.000
       173    30.024     1.792     2.513     1.156    -8.108  1871.550  1618.430     8.341     3.895     2.449    19.005     0.000
       174    30.624     1.819     2.549     1.169    -8.063  1870.147  1618.068     8.338     3.878     2.438    18.679     0.000
       175    31.236     1.847     2.586     1.181    -8.017  1868.772  1617.714     8.336     3.860     2.428    18.363     0.000
       176    31.861     1.874     2.622     1.194    -7.971  1867.424  1617.367     8.334     3.844     2.417    18.057     0.000
       177    32.497     1.902     2.659     1.206    -7.925  1866.102  1617.026     8.332     3.827     2.407    17.760     0.000
       178    33.147     1.931     2.696     1.219    -7.878  1864.805  1616.692     8.330     3.811     2.397    17.473     0.000
       179    33.809     1.959     2.733     1.231    -7.830  1863.535  1616.365     8.328     3.796     2.387    17.195     0.000
       180    34.485     1.988     2.771     1.244    -7.782  1862.289  1616.044     8.326     3.780     2.378    16.926     0.000
       181    35.174     2.018     2.809     1.256    -7.734  1861.068  1615.730     8.324     3.765     2.369    16.664     0.000
       182    35.877     2.048     2.847     1.269    -7.685  1859.870  1615.421     8.322     3.751     2.359    16.411     0.000
       183    36.594     2.078     2.885     1.281    -7.636  1858.696  1615.119     8.320     3.736     2.351    16.165     0.000
       184    37.326     2.108     2.924     1.294    -7.586  1857.545  1614.822     8.318     3.722     2.342    15.927     0.000
       185    38.072     2.139     2.963     1.306    -7.536  1856.417  1614.532     8.316     3.708     2.333    15.696     0.000
       186    38.833     2.170     3.002     1.318    -7.485  1855.311  1614.247     8.314     3.695     2.325    15.472     0.000
       187    39.609     2.201     3.042     1.330    -7.434  1854.226  1613.967     8.312     3.681     2.317    15.255     0.000
       188    40.401     2.233     3.082     1.343    -7.383  1853.163  1613.694     8.310     3.669     2.308    15.044     0.000
       189    41.208     2.265     3.122     1.355    -7.330  1852.121  1613.425     8.309     3.656     2.301    14.839     0.000
       190    42.032     2.298     3.162     1.367    -7.278  1851.099  1613.162     8.307     3.643     2.293    14.640     0.000
       191    42.872     2.331     3.203     1.379    -7.225  1850.097  1612.904     8.305     3.631     2.285    14.447     0.000
       192    43.729     2.364     3.244     1.391    -7.171  1849.114  1612.651     8.304     3.619     2.278    14.260     0.000
       193    44.603     2.398     3.285     1.403    -7.117  1848.151  1612.403     8.302     3.608     2.271    14.078     0.000
       194    45.495     2.432     3.327     1.415    -7.063  1847.207  1612.160     8.300     3.596     2.263    13.901     0.000
       195    46.404     2.466     3.369     1.427    -7.008  1846.282  1611.921     8.299     3.585     2.257    13.730     0.000
       196    47.332     2.501     3.411     1.439    -6.953  1845.374  1611.687     8.297     3.574     2.250    13.563     0.000
       197    48.278     2.536     3.453     1.451    -6.897  1844.484  1611.458     8.296     3.563     2.243    13.401     0.000
       198    49.243     2.572     3.496     1.462    -6.840  1843.612  1611.234     8.294     3.553     2.236    13.243     0.000
       199    50.228     2.607     3.539     1.474    -6.783  1842.757  1611.013     8.293     3.542     2.230    13.090     0.000
       200    51.232     2.644     3.583     1.486    -6.726  1841.919  1610.797     8.291     3.532     2.224    12.941     0.000
       201    52.256     2.681     3.626     1.498    -6.668  1841.097  1610.586     8.290     3.522     2.218    12.797     0.000
       202    53.301     2.718     3.670     1.509    -6.610  1840.291  1610.378     8.288     3.513     2.212    12.656     0.000
       203    54.366     2.755     3.715     1.521    -6.551  1839.501  1610.175     8.287     3.503     2.206    12.519     0.000
       204    55.453     2.794     3.759     1.532    -6.492  1838.726  1609.975     8.286     3.494     2.200    12.386     0.000
       205    56.562     2.832     3.805     1.544    -6.432  1837.967  1609.779     8.284     3.485     2.194    12.256     0.000
       206    57.692     2.871     3.850     1.555    -6.372  1837.223  1609.588     8.283     3.476     2.189    12.130     0.000
       207    58.846     2.910     3.896     1.566    -6.311  1836.493  1609.400     8.282     3.467     2.183    12.008     0.000
       208    60.022     2.950     3.942     1.578    -6.250  1835.777  1609.215     8.281     3.458     2.178    11.888     0.000
       209    61.222     2.990     3.988     1.589    -6.188  1835.076  1609.035     8.279     3.450     2.173    11.772     0.000
       210    62.446     3.031     4.035     1.600    -6.126  1834.388  1608.858     8.278     3.442     2.168    11.659     0.000
       211    63.695     3.072     4.082     1.611    -6.063  1833.714  1608.684     8.277     3.434     2.163    11.549     0.000
       212    64.968     3.114     4.130     1.622    -6.000  1833.053  1608.514     8.276     3.426     2.158    11.442     0.000
       213    66.267     3.156     4.178     1.633    -5.936  1832.404  1608.347     8.275     3.418     2.153    11.338     0.000
       214    67.592     3.198     4.226     1.644    -5.872  1831.769  1608.183     8.274     3.411     2.148    11.236     0.000
       215    68.943     3.241     4.275     1.655    -5.807  1831.146  1608.023     8.273     3.403     2.143    11.137     0.000
       216    70.322     3.285     4.324     1.666    -5.742  1830.535  1607.865     8.272     3.396     2.139    11.041     0.000
       217    71.728     3.329     4.374     1.676    -5.676  1829.937  1607.711     8.270     3.389     2.134    10.947     0.000
       218    73.162     3.373     4.423     1.687    -5.610  1829.350  1607.560     8.269     3.382     2.130    10.855     0.000
       219    74.625     3.418     4.474     1.698    -5.543  1828.774  1607.412     8.268     3.375     2.126    10.766     0.000
       220    76.117     3.463     4.525     1.708    -5.475  1828.210  1607.266     8.267     3.368     2.122    10.679     0.000
       221    77.638     3.509     4.576     1.719    -5.408  1827.657  1607.124     8.266     3.362     2.118    10.595     0.000
       222    79.191     3.556     4.627     1.729    -5.339  1827.115  1606.984     8.265     3.355     2.114    10.512     0.000
       223    80.774     3.603     4.679     1.740    -5.271  1826.583  1606.847     8.265     3.349     2.110    10.432     0.000
       224    82.389     3.650     4.732     1.750    -5.201  1826.062  1606.713     8.264     3.343     2.106    10.353     0.000
       225    84.036     3.698     4.785     1.760    -5.132  1825.551  1606.581     8.263     3.337     2.102    10.277     0.000
       226    85.717     3.747     4.838     1.770    -5.061  1825.050  1606.452     8.262     3.331     2.098    10.202     0.000
       227    87.431     3.796     4.892     1.781    -4.990  1824.559  1606.326     8.261     3.325     2.095    10.130     0.000
       228    89.179     3.846     4.947     1.791    -4.919  1824.077  1606.202     8.260     3.319     2.091    10.059     0.000
       229    90.962     3.896     5.001     1.801    -4.847  1823.605  1606.080     8.259     3.314     2.088     9.990     0.000
       230    92.781     3.947     5.057     1.811    -4.775  1823.142  1605.961     8.258     3.308     2.084     9.922     0.000
       231    94.636     3.998     5.113     1.821    -4.702  1822.688  1605.844     8.258     3.303     2.081     9.857     0.000
       232    96.528     4.050     5.169     1.830    -4.629  1822.243  1605.729     8.257     3.298     2.078     9.792     0.000
       233    98.458     4.102     5.226     1.840    -4.555  1821.807  1605.617     8.256     3.293     2.075     9.730     0.000
       234   100.427     4.155     5.283     1.850    -4.480  1821.380  1605.507     8.255     3.288     2.071     9.669     0.000
       235   102.435     4.209     5.341     1.860    -4.406  1820.960  1605.399     8.255     3.283     2.068     9.609     0.000
       236   104.483     4.263     5.399     1.869    -4.330  1820.549  1605.293     8.254     3.278     2.065     9.551     0.000
       237   106.572     4.318     5.458     1.879    -4.254  1820.147  1605.189     8.253     3.273     2.062     9.494     0.000
       238   108.703     4.373     5.518     1.888    -4.178  1819.752  1605.088     8.252     3.268     2.060     9.439     0.000
       239   110.877     4.429     5.578     1.898    -4.101  1819.364  1604.988     8.252     3.264     2.057     9.385     0.000
       240   113.094     4.486     5.639     1.907    -4.024  1818.985  1604.890     8.251     3.259     2.054     9.332     0.000
       241   115.355     4.543     5.700     1.916    -3.946  1818.612  1604.794     8.250     3.255     2.051     9.280     0.000
       242   117.662     4.601     5.762     1.925    -3.867  1818.247  1604.700     8.250     3.251     2.049     9.230     0.000
       243   120.015     4.660     5.824     1.934    -3.789  1817.890  1604.608     8.249     3.247     2.046     9.181     0.000
       244   122.415     4.720     5.886     1.943    -3.710  1817.539  1604.518     8.248     3.243     2.044     9.134     0.000
       245   124.863     4.784     5.949     1.952    -3.632  1817.195  1604.429     8.248     3.239     2.041     9.088     0.000
       246   127.360     4.850     6.012     1.961    -3.555  1816.858  1604.342     8.247     3.235     2.039     9.044     0.000
       247   129.907     4.920     6.074     1.970    -3.479  1816.527  1604.257     8.246     3.231     2.036     9.001     0.000
       248   132.505     4.993     6.137     1.978    -3.404  1816.203  1604.174     8.245     3.228     2.034     8.959     0.000
       249   135.155     5.069     6.199     1.986    -3.330  1815.885  1604.092     8.244     3.224     2.032     8.918     0.000
       250   137.648     5.144     6.256     1.994    -3.263  1815.598  1604.018     8.243     3.221     2.030     8.882     0.000
---------------------------- Plume traps -----------------------------
       251   139.931     5.216     6.307     2.000    -3.205  1815.343  1603.952     8.243     3.218     2.029     8.851     0.000
       252   142.017     5.283     6.352     2.006    -3.154  1815.118  1603.894     8.242     3.216     2.027     8.823     0.000
       253   143.952     5.346     6.393     2.011    -3.108  1814.915  1603.842     8.241     3.214     2.026     8.798     0.000
       254   145.770     5.405     6.431     2.016    -3.067  1814.729  1603.794     8.240     3.212     2.025     8.776     0.000
       255   147.499     5.462     6.466     2.020    -3.029  1814.556  1603.749     8.240     3.210     2.024     8.755     0.000
       256   149.157     5.517     6.500     2.024    -2.993  1814.394  1603.708     8.239     3.208     2.023     8.736     0.000
       257   150.757     5.571     6.532     2.028    -2.960  1814.241  1603.668     8.239     3.206     2.022     8.718     0.000
------------------------- merging happened ---------------------------
       258   152.306     5.623     6.562     2.031    -2.928  1814.097  1603.631     8.238     3.205     2.021     8.701     0.000
       259   153.668     5.672     6.591     2.035    -2.899  1813.972  1603.599     8.238     3.204     2.020     8.686     0.000
       260   155.017     5.722     6.621     2.038    -2.869  1813.850  1603.567     8.237     3.202     2.019     8.672     0.000
       261   156.331     5.774     6.651     2.042    -2.839  1813.734  1603.538     8.237     3.201     2.019     8.658     0.000
       262   157.626     5.828     6.680     2.045    -2.811  1813.621  1603.508     8.236     3.200     2.018     8.645     0.000
       263   158.845     5.881     6.708     2.048    -2.784  1813.516  1603.482     8.236     3.199     2.017     8.634     0.000
       264   160.015     5.935     6.736     2.051    -2.758  1813.418  1603.456     8.235     3.198     2.017     8.622     0.000
       265   161.123     5.987     6.763     2.055    -2.732  1813.325  1603.432     8.235     3.197     2.016     8.612     0.000
       266   162.186     6.039     6.790     2.058    -2.707  1813.238  1603.410     8.235     3.196     2.016     8.602     0.000
       267   163.197     6.091     6.816     2.060    -2.683  1813.156  1603.389     8.234     3.195     2.015     8.593     0.000
       268   164.164     6.142     6.843     2.063    -2.659  1813.079  1603.369     8.234     3.195     2.015     8.584     0.000
       269   165.084     6.193     6.869     2.066    -2.637  1813.006  1603.350     8.234     3.194     2.014     8.576     0.000
       270   165.961     6.243     6.894     2.069    -2.614  1812.937  1603.332     8.233     3.193     2.014     8.569     0.000
       271   166.796     6.292     6.920     2.072    -2.593  1812.872  1603.316     8.233     3.193     2.014     8.562     0.000
       272   167.592     6.340     6.945     2.074    -2.571  1812.811  1603.300     8.233     3.192     2.013     8.555     0.000
       273   168.349     6.388     6.969     2.077    -2.551  1812.754  1603.285     8.232     3.192     2.013     8.549     0.000
       274   169.069     6.435     6.993     2.080    -2.531  1812.699  1603.271     8.232     3.191     2.013     8.543     0.000
---------------------------- Plume surfaces --------------------------
       275   169.754     6.481     7.017     2.082    -2.512  1812.648  1603.258     8.232     3.191     2.013     8.537     0.000
       276   170.407     6.527     7.041     2.085    -2.493  1812.600  1603.245     8.232     3.190     2.012     8.532     0.000
       277   171.027     6.572     7.064     2.087    -2.475  1812.554  1603.234     8.231     3.190     2.012     8.527     0.000
       278   171.618     6.616     7.087     2.090    -2.457  1812.511  1603.222     8.231     3.189     2.012     8.523     0.000
       279   172.180     6.660     7.109     2.092    -2.440  1812.470  1603.212     8.231     3.189     2.012     8.518     0.000
       280   172.716     6.702     7.131     2.094    -2.423  1812.431  1603.202     8.231     3.188     2.011     8.514     0.000
       281   173.226     6.744     7.153     2.097    -2.407  1812.394  1603.193     8.231     3.188     2.011     8.511     0.000
       282   173.712     6.786     7.174     2.099    -2.392  1812.360  1603.184     8.230     3.188     2.011     8.507     0.000
       283   174.175     6.826     7.195     2.101    -2.377  1812.327  1603.175     8.230     3.187     2.011     8.504     0.000
       284   174.617     6.866     7.216     2.103    -2.362  1812.296  1603.167     8.230     3.187     2.011     8.500     0.000
       285   175.038     6.906     7.237     2.105    -2.348  1812.266  1603.159     8.230     3.187     2.011     8.497     0.000
       286   175.441     6.945     7.257     2.107    -2.334  1812.238  1603.152     8.230     3.187     2.010     8.494     0.000
       287   175.825     6.983     7.276     2.109    -2.320  1812.211  1603.145     8.230     3.186     2.010     8.492     0.000
       288   176.192     7.020     7.296     2.111    -2.307  1812.186  1603.139     8.229     3.186     2.010     8.489     0.000
       289   176.542     7.057     7.315     2.113    -2.295  1812.162  1603.133     8.229     3.186     2.010     8.487     0.000
       290   176.878     7.094     7.334     2.115    -2.282  1812.139  1603.127     8.229     3.186     2.010     8.484     0.000
       291   177.199     7.129     7.353     2.117    -2.271  1812.117  1603.121     8.229     3.186     2.010     8.482     0.000
       292   177.506     7.165     7.371     2.119    -2.259  1812.096  1603.116     8.229     3.185     2.010     8.480     0.000
       293   177.800     7.199     7.389     2.121    -2.248  1812.076  1603.110     8.229     3.185     2.010     8.478     0.000
       294   178.082     7.233     7.407     2.123    -2.237  1812.057  1603.106     8.229     3.185     2.009     8.476     0.000
       295   178.352     7.267     7.425     2.124    -2.226  1812.038  1603.101     8.229     3.185     2.009     8.474     0.000
       296   178.611     7.300     7.443     2.126    -2.216  1812.021  1603.096     8.229     3.185     2.009     8.472     0.000
       297   178.860     7.332     7.460     2.128    -2.206  1812.004  1603.092     8.228     3.185     2.009     8.471     0.000
       298   179.099     7.364     7.477     2.130    -2.197  1811.988  1603.088     8.228     3.184     2.009     8.469     0.000
       299   179.328     7.396     7.493     2.131    -2.187  1811.973  1603.084     8.228     3.184     2.009     8.468     0.000
       300   179.548     7.427     7.510     2.133    -2.178  1811.958  1603.080     8.228     3.184     2.009     8.466     0.000
       301   179.760     7.457     7.526     2.135    -2.169  1811.944  1603.077     8.228     3.184     2.009     8.465     0.000
       302   179.964     7.487     7.543     2.136    -2.161  1811.931  1603.073     8.228     3.184     2.009     8.463     0.000
       303   180.160     7.517     7.559     2.138    -2.152  1811.918  1603.070     8.228     3.184     2.009     8.462     0.000
       304   180.349     7.546     7.574     2.140    -2.144  1811.905  1603.066     8.228     3.184     2.009     8.461     0.000
       305   180.530     7.575     7.590     2.141    -2.136  1811.893  1603.063     8.228     3.184     2.009     8.460     0.000
       306   180.705     7.603     7.605     2.143    -2.129  1811.882  1603.060     8.228     3.183     2.009     8.459     0.000
       307   180.874     7.631     7.621     2.144    -2.121  1811.871  1603.058     8.228     3.183     2.009     8.458     0.000
       308   181.036     7.658     7.636     2.146    -2.114  1811.860  1603.055     8.228     3.183     2.009     8.457     0.000
       309   181.193     7.685     7.651     2.147    -2.107  1811.850  1603.052     8.228     3.183     2.009     8.456     0.000
       310   181.344     7.711     7.665     2.149    -2.100  1811.840  1603.050     8.228     3.183     2.008     8.455     0.000
       311   181.489     7.737     7.680     2.150    -2.094  1811.830  1603.047     8.227     3.183     2.008     8.454     0.000
       312   181.630     7.762     7.694     2.152    -2.087  1811.821  1603.045     8.227     3.183     2.008     8.453     0.000
       313   181.765     7.787     7.709     2.153    -2.081  1811.812  1603.043     8.227     3.183     2.008     8.452     0.000
       314   181.896     7.812     7.723     2.154    -2.075  1811.804  1603.040     8.227     3.183     2.008     8.451     0.000
       315   182.023     7.836     7.737     2.156    -2.069  1811.796  1603.038     8.227     3.183     2.008     8.450     0.000
       316   182.145     7.860     7.751     2.157    -2.063  1811.788  1603.036     8.227     3.183     2.008     8.450     0.000
       317   182.262     7.883     7.765     2.159    -2.058  1811.780  1603.034     8.227     3.183     2.008     8.449     0.000
       318   182.376     7.906     7.778     2.160    -2.053  1811.773  1603.032     8.227     3.183     2.008     8.448     0.000
       319   182.486     7.928     7.792     2.161    -2.047  1811.766  1603.031     8.227     3.182     2.008     8.448     0.000
       320   182.592     7.950     7.805     2.163    -2.042  1811.759  1603.029     8.227     3.182     2.008     8.447     0.000
       321   182.695     7.972     7.819     2.164    -2.037  1811.752  1603.027     8.227     3.182     2.008     8.446     0.000
       322   182.794     7.993     7.832     2.165    -2.033  1811.746  1603.025     8.227     3.182     2.008     8.446     0.000
       323   182.890     8.014     7.845     2.166    -2.028  1811.740  1603.024     8.227     3.182     2.008     8.445     0.000
       324   182.982     8.034     7.858     2.168    -2.023  1811.734  1603.022     8.227     3.182     2.008     8.445     0.000
       325   183.072     8.054     7.871     2.169    -2.019  1811.728  1603.021     8.227     3.182     2.008     8.444     0.000
       326   183.158     8.073     7.884     2.170    -2.015  1811.723  1603.019     8.227     3.182     2.008     8.444     0.000
       327   183.242     8.092     7.897     2.172    -2.011  1811.717  1603.018     8.227     3.182     2.008     8.443     0.000
       328   183.322     8.111     7.909     2.173    -2.007  1811.712  1603.017     8.227     3.182     2.008     8.443     0.000
       329   183.400     8.129     7.922     2.174    -2.003  1811.707  1603.015     8.227     3.182     2.008     8.442     0.000
       330   183.475     8.147     7.935     2.175    -1.999  1811.702  1603.014     8.227     3.182     2.008     8.442     0.000
       331   183.548     8.164     7.947     2.177    -1.996  1811.698  1603.013     8.227     3.182     2.008     8.441     0.000
       332   183.618     8.181     7.959     2.178    -1.992  1811.693  1603.012     8.227     3.182     2.008     8.441     0.000
       333   183.686     8.198     7.972     2.179    -1.989  1811.689  1603.011     8.227     3.182     2.008     8.440     0.000
       334   183.751     8.214     7.984     2.180    -1.985  1811.685  1603.010     8.227     3.182     2.008     8.440     0.000
       335   183.815     8.230     7.996     2.181    -1.982  1811.681  1603.009     8.227     3.182     2.008     8.440     0.000
       336   183.876     8.245     8.008     2.183    -1.979  1811.677  1603.008     8.227     3.182     2.008     8.439     0.000
       337   183.935     8.260     8.020     2.184    -1.976  1811.673  1603.007     8.226     3.182     2.008     8.439     0.000
       338   183.992     8.274     8.032     2.185    -1.973  1811.669  1603.006     8.226     3.182     2.008     8.439     0.000
       339   184.047     8.288     8.044     2.186    -1.971  1811.666  1603.005     8.226     3.182     2.008     8.438     0.000
       340   184.100     8.302     8.056     2.187    -1.968  1811.663  1603.004     8.226     3.182     2.008     8.438     0.000
       341   184.151     8.315     8.068     2.188    -1.965  1811.659  1603.003     8.226     3.182     2.008     8.438     0.000
       342   184.201     8.328     8.080     2.190    -1.963  1811.656  1603.002     8.226     3.182     2.008     8.437     0.000
       343   184.248     8.341     8.092     2.191    -1.961  1811.653  1603.002     8.226     3.181     2.008     8.437     0.000
       344   184.294     8.353     8.103     2.192    -1.958  1811.650  1603.001     8.226     3.181     2.008     8.437     0.000
       345   184.337     8.364     8.115     2.193    -1.956  1811.648  1603.000     8.226     3.181     2.008     8.436     0.000
       346   184.379     8.376     8.127     2.194    -1.954  1811.645  1602.999     8.226     3.181     2.008     8.436     0.000
       347   184.420     8.386     8.138     2.195    -1.952  1811.642  1602.999     8.226     3.181     2.008     8.436     0.000
       348   184.458     8.397     8.150     2.196    -1.950  1811.640  1602.998     8.226     3.181     2.008     8.436     0.000
       349   184.495     8.407     8.162     2.198    -1.948  1811.638  1602.998     8.226     3.181     2.008     8.436     0.000
       350   184.531     8.416     8.173     2.199    -1.947  1811.635  1602.997     8.226     3.181     2.008     8.435     0.000
       351   184.564     8.426     8.185     2.200    -1.945  1811.633  1602.996     8.226     3.181     2.008     8.435     0.000
       352   184.597     8.434     8.196     2.201    -1.943  1811.631  1602.996     8.226     3.181     2.008     8.435     0.000
       353   184.627     8.443     8.208     2.202    -1.942  1811.629  1602.995     8.226     3.181     2.008     8.435     0.000
       354   184.656     8.451     8.219     2.203    -1.941  1811.628  1602.995     8.226     3.181     2.008     8.435     0.000
       355   184.684     8.458     8.231     2.204    -1.939  1811.626  1602.995     8.226     3.181     2.008     8.434     0.000
       356   184.710     8.466     8.242     2.205    -1.938  1811.624  1602.994     8.226     3.181     2.008     8.434     0.000
       357   184.734     8.472     8.254     2.207    -1.937  1811.623  1602.994     8.226     3.181     2.008     8.434     0.000
       358   184.757     8.479     8.265     2.208    -1.936  1811.621  1602.993     8.226     3.181     2.008     8.434     0.000
       359   184.779     8.485     8.276     2.209    -1.935  1811.620  1602.993     8.226     3.181     2.008     8.434     0.000
       360   184.799     8.490     8.288     2.210    -1.934  1811.619  1602.993     8.226     3.181     2.008     8.434     0.000
       361   184.817     8.495     8.299     2.211    -1.933  1811.617  1602.992     8.226     3.181     2.007     8.434     0.000
       362   184.834     8.500     8.310     2.212    -1.932  1811.616  1602.992     8.226     3.181     2.007     8.434     0.000
       363   184.850     8.504     8.322     2.213    -1.932  1811.615  1602.992     8.226     3.181     2.007     8.433     0.000
       364   184.865     8.508     8.333     2.214    -1.931  1811.614  1602.992     8.226     3.181     2.007     8.433     0.000
       365   184.878     8.512     8.344     2.215    -1.931  1811.614  1602.991     8.226     3.181     2.007     8.433     0.000
       366   184.889     8.515     8.355     2.217    -1.930  1811.613  1602.991     8.226     3.181     2.007     8.433     0.000
       367   184.899     8.517     8.367     2.218    -1.930  1811.612  1602.991     8.226     3.181     2.007     8.433     0.000
       368   184.908     8.520     8.378     2.219    -1.930  1811.612  1602.991     8.226     3.181     2.007     8.433     0.000
       369   184.915     8.522     8.389     2.220    -1.930  1811.611  1602.991     8.226     3.181     2.007     8.433     0.000
       370   184.921     8.523     8.401     2.221    -1.930  1811.611  1602.991     8.226     3.181     2.007     8.433     0.000
       371   184.926     8.524     8.412     2.222    -1.930  1811.611  1602.991     8.226     3.181     2.007     8.433     0.000
---------------------- Local maximum rise or fall --------------------
       372   184.929     8.525     8.423     2.223    -1.930  1811.610  1602.991     8.226     3.181     2.007     8.433     0.000
       373   184.932     8.525     8.434     2.224    -1.930  1811.610  1602.991     8.226     3.181     2.007     8.433     0.000
       374   184.934     8.525     8.446     2.225    -1.930  1811.610  1602.990     8.226     3.181     2.007     8.433     0.000
       375   184.935     8.524     8.457     2.226    -1.930  1811.610  1602.990     8.226     3.181     2.007     8.433     0.000
       376   184.937     8.523     8.468     2.228    -1.931  1811.610  1602.990     8.226     3.181     2.007     8.433     0.000
       377   184.940     8.522     8.479     2.229    -1.931  1811.610  1602.990     8.226     3.181     2.007     8.433     0.000
       378   184.942     8.521     8.491     2.230    -1.932  1811.610  1602.990     8.226     3.181     2.007     8.433     0.000
       379   184.945     8.519     8.502     2.231    -1.932  1811.609  1602.990     8.226     3.181     2.007     8.433     0.000
       380   184.949     8.516     8.513     2.232    -1.933  1811.609  1602.990     8.226     3.181     2.007     8.433     0.000
       381   184.953     8.514     8.525     2.233    -1.934  1811.609  1602.990     8.226     3.181     2.007     8.433     0.000
       382   184.957     8.511     8.536     2.234    -1.935  1811.609  1602.990     8.226     3.181     2.007     8.433     0.000
       383   184.961     8.508     8.547     2.235    -1.936  1811.608  1602.990     8.226     3.181     2.007     8.433     0.000
       384   184.966     8.504     8.559     2.236    -1.937  1811.608  1602.990     8.226     3.181     2.007     8.433     0.000
       385   184.972     8.500     8.570     2.238    -1.938  1811.608  1602.990     8.226     3.181     2.007     8.433     0.000
       386   184.977     8.496     8.581     2.239    -1.939  1811.607  1602.990     8.226     3.181     2.007     8.433     0.000
       387   184.984     8.491     8.593     2.240    -1.940  1811.607  1602.990     8.226     3.181     2.007     8.433     0.000
       388   184.990     8.486     8.604     2.241    -1.942  1811.607  1602.990     8.226     3.181     2.007     8.433     0.000
       389   184.997     8.481     8.616     2.242    -1.943  1811.606  1602.989     8.226     3.181     2.007     8.433     0.000
       390   185.005     8.475     8.627     2.243    -1.945  1811.606  1602.989     8.226     3.181     2.007     8.432     0.000
       391   185.012     8.469     8.639     2.244    -1.946  1811.605  1602.989     8.226     3.181     2.007     8.432     0.000
       392   185.021     8.463     8.650     2.245    -1.948  1811.605  1602.989     8.226     3.181     2.007     8.432     0.000
       393   185.029     8.457     8.662     2.247    -1.950  1811.604  1602.989     8.226     3.181     2.007     8.432     0.000
       394   185.038     8.450     8.673     2.248    -1.952  1811.603  1602.989     8.226     3.181     2.007     8.432     0.000
       395   185.048     8.442     8.685     2.249    -1.954  1811.603  1602.989     8.226     3.181     2.007     8.432     0.000
       396   185.058     8.435     8.697     2.250    -1.956  1811.602  1602.988     8.226     3.181     2.007     8.432     0.000
       397   185.069     8.427     8.708     2.251    -1.958  1811.602  1602.988     8.226     3.181     2.007     8.432     0.000
       398   185.080     8.419     8.720     2.252    -1.960  1811.601  1602.988     8.226     3.181     2.007     8.432     0.000
       399   185.092     8.410     8.732     2.253    -1.962  1811.600  1602.988     8.226     3.181     2.007     8.432     0.000
       400   185.104     8.401     8.744     2.255    -1.965  1811.599  1602.988     8.226     3.181     2.007     8.432     0.000
       401   185.117     8.392     8.756     2.256    -1.967  1811.599  1602.988     8.226     3.181     2.007     8.432     0.000
       402   185.130     8.382     8.768     2.257    -1.970  1811.598  1602.987     8.226     3.181     2.007     8.432     0.000
       403   185.144     8.373     8.780     2.258    -1.973  1811.597  1602.987     8.226     3.181     2.007     8.431     0.000
       404   185.159     8.362     8.792     2.259    -1.976  1811.596  1602.987     8.226     3.181     2.007     8.431     0.000
       405   185.174     8.352     8.804     2.260    -1.978  1811.595  1602.987     8.226     3.181     2.007     8.431     0.000
       406   185.190     8.341     8.816     2.262    -1.981  1811.594  1602.986     8.226     3.181     2.007     8.431     0.000
       407   185.207     8.330     8.828     2.263    -1.985  1811.593  1602.986     8.226     3.181     2.007     8.431     0.000
       408   185.224     8.319     8.840     2.264    -1.988  1811.592  1602.986     8.226     3.181     2.007     8.431     0.000
       409   185.242     8.307     8.853     2.265    -1.991  1811.591  1602.986     8.226     3.181     2.007     8.431     0.000
       410   185.261     8.295     8.865     2.266    -1.995  1811.590  1602.985     8.226     3.181     2.007     8.431     0.000
       411   185.281     8.283     8.878     2.268    -1.998  1811.588  1602.985     8.226     3.181     2.007     8.430     0.000
       412   185.302     8.270     8.890     2.269    -2.002  1811.587  1602.985     8.226     3.181     2.007     8.430     0.000
       413   185.323     8.257     8.903     2.270    -2.006  1811.586  1602.984     8.226     3.181     2.007     8.430     0.000
       414   185.345     8.244     8.916     2.271    -2.010  1811.584  1602.984     8.226     3.181     2.007     8.430     0.000
       415   185.369     8.230     8.928     2.273    -2.014  1811.583  1602.983     8.226     3.181     2.007     8.430     0.000
       416   185.393     8.216     8.941     2.274    -2.018  1811.581  1602.983     8.226     3.181     2.007     8.430     0.000
       417   185.418     8.202     8.954     2.275    -2.022  1811.580  1602.983     8.226     3.181     2.007     8.429     0.000
       418   185.445     8.188     8.967     2.276    -2.027  1811.578  1602.982     8.226     3.181     2.007     8.429     0.000
       419   185.473     8.173     8.981     2.278    -2.031  1811.576  1602.982     8.226     3.181     2.007     8.429     0.000
       420   185.502     8.158     8.994     2.279    -2.036  1811.575  1602.981     8.226     3.181     2.007     8.429     0.000
       421   185.533     8.143     9.007     2.280    -2.041  1811.573  1602.981     8.226     3.181     2.007     8.429     0.000
       422   185.564     8.128     9.021     2.282    -2.046  1811.571  1602.980     8.226     3.181     2.007     8.428     0.000
       423   185.598     8.112     9.035     2.283    -2.051  1811.569  1602.980     8.226     3.181     2.007     8.428     0.000
       424   185.633     8.096     9.049     2.284    -2.057  1811.566  1602.979     8.226     3.181     2.007     8.428     0.000
       425   185.669     8.080     9.063     2.286    -2.062  1811.564  1602.979     8.226     3.181     2.007     8.428     0.000
       426   185.708     8.063     9.077     2.287    -2.068  1811.562  1602.978     8.226     3.181     2.007     8.427     0.000
       427   185.748     8.046     9.091     2.288    -2.074  1811.559  1602.977     8.226     3.181     2.007     8.427     0.000
       428   185.790     8.029     9.106     2.290    -2.080  1811.557  1602.977     8.226     3.181     2.007     8.427     0.000
       429   185.835     8.012     9.120     2.291    -2.086  1811.554  1602.976     8.226     3.181     2.007     8.426     0.000
       430   185.881     7.995     9.135     2.293    -2.093  1811.551  1602.975     8.226     3.181     2.007     8.426     0.000
       431   185.930     7.977     9.150     2.294    -2.100  1811.548  1602.974     8.226     3.180     2.007     8.426     0.000
       432   185.981     7.959     9.166     2.296    -2.107  1811.545  1602.974     8.226     3.180     2.007     8.425     0.000
       433   186.035     7.941     9.181     2.297    -2.114  1811.541  1602.973     8.226     3.180     2.007     8.425     0.000
       434   186.092     7.923     9.197     2.299    -2.121  1811.538  1602.972     8.226     3.180     2.007     8.425     0.000
       435   186.152     7.904     9.213     2.300    -2.129  1811.534  1602.971     8.226     3.180     2.007     8.424     0.000
       436   186.216     7.885     9.229     2.302    -2.137  1811.530  1602.970     8.226     3.180     2.007     8.424     0.000
       437   186.282     7.866     9.245     2.303    -2.145  1811.526  1602.969     8.226     3.180     2.007     8.423     0.000
       438   186.353     7.847     9.262     2.305    -2.153  1811.522  1602.968     8.226     3.180     2.007     8.423     0.000
       439   186.427     7.828     9.279     2.307    -2.162  1811.517  1602.967     8.226     3.180     2.007     8.422     0.000
       440   186.506     7.809     9.296     2.308    -2.171  1811.512  1602.965     8.225     3.180     2.007     8.422     0.000
       441   186.589     7.789     9.313     2.310    -2.180  1811.507  1602.964     8.225     3.180     2.007     8.421     0.000
       442   186.678     7.769     9.331     2.312    -2.190  1811.502  1602.963     8.225     3.180     2.007     8.421     0.000
       443   186.772     7.750     9.349     2.313    -2.200  1811.496  1602.961     8.225     3.180     2.007     8.420     0.000
       444   186.872     7.730     9.368     2.315    -2.210  1811.490  1602.959     8.225     3.180     2.007     8.419     0.000
       445   186.978     7.710     9.387     2.317    -2.221  1811.483  1602.958     8.225     3.180     2.007     8.419     0.000
       446   187.091     7.690     9.406     2.319    -2.232  1811.476  1602.956     8.225     3.180     2.007     8.418     0.000
       447   187.213     7.670     9.426     2.321    -2.243  1811.469  1602.954     8.225     3.180     2.007     8.417     0.000
       448   187.342     7.650     9.446     2.323    -2.255  1811.461  1602.952     8.225     3.180     2.007     8.416     0.000
       449   187.481     7.630     9.466     2.325    -2.268  1811.452  1602.950     8.225     3.180     2.007     8.415     0.000
       450   187.630     7.610     9.487     2.327    -2.280  1811.443  1602.948     8.225     3.179     2.007     8.414     0.000
       451   187.790     7.590     9.509     2.329    -2.294  1811.434  1602.945     8.225     3.179     2.007     8.413     0.000
       452   187.963     7.570     9.531     2.331    -2.308  1811.423  1602.942     8.225     3.179     2.006     8.412     0.000
       453   188.150     7.550     9.554     2.333    -2.323  1811.412  1602.939     8.225     3.179     2.006     8.411     0.000
       454   188.352     7.531     9.578     2.335    -2.338  1811.399  1602.936     8.225     3.179     2.006     8.409     0.000
       455   188.573     7.512     9.602     2.338    -2.354  1811.386  1602.933     8.225     3.179     2.006     8.408     0.000
       456   188.814     7.493     9.627     2.340    -2.371  1811.372  1602.929     8.225     3.179     2.006     8.406     0.000
       457   189.078     7.474     9.653     2.343    -2.389  1811.356  1602.925     8.225     3.179     2.006     8.404     0.000
       458   189.369     7.457     9.681     2.345    -2.407  1811.338  1602.920     8.225     3.178     2.006     8.402     0.000
       459   189.692     7.439     9.709     2.348    -2.427  1811.319  1602.916     8.224     3.178     2.006     8.400     0.000
       460   190.051     7.423     9.738     2.351    -2.448  1811.298  1602.910     8.224     3.178     2.006     8.398     0.000
       461   190.454     7.408     9.769     2.354    -2.470  1811.274  1602.904     8.224     3.178     2.006     8.395     0.000
       462   190.911     7.394     9.802     2.357    -2.494  1811.247  1602.897     8.224     3.177     2.005     8.392     0.000
       463   191.435     7.382     9.836     2.360    -2.520  1811.216  1602.889     8.224     3.177     2.005     8.389     0.000
       464   192.043     7.372     9.873     2.364    -2.547  1811.180  1602.880     8.224     3.177     2.005     8.385     0.000
       465   192.761     7.365     9.913     2.367    -2.578  1811.139  1602.869     8.224     3.176     2.005     8.380     0.000
       466   193.583     7.361     9.956     2.371    -2.611  1811.091  1602.857     8.223     3.176     2.005     8.375     0.000
       467   194.489     7.359    10.003     2.376    -2.648  1811.040  1602.844     8.223     3.175     2.004     8.369     0.000
       468   195.489     7.360    10.055     2.380    -2.688  1810.983  1602.829     8.223     3.175     2.004     8.362     0.000
       469   196.619     7.365    10.112     2.386    -2.734  1810.920  1602.813     8.223     3.174     2.004     8.355     0.000
       470   197.947     7.374    10.176     2.392    -2.786  1810.847  1602.794     8.222     3.173     2.003     8.347     0.000
       471   199.567     7.392    10.251     2.398    -2.848  1810.759  1602.771     8.222     3.172     2.003     8.336     0.000
       472   201.641     7.422    10.343     2.407    -2.924  1810.648  1602.743     8.221     3.171     2.002     8.323     0.000
       473   204.504     7.472    10.465     2.417    -3.026  1810.499  1602.704     8.221     3.170     2.001     8.306     0.000
       474   208.594     7.556    10.633     2.432    -3.167  1810.293  1602.651     8.220     3.167     2.000     8.281     0.000
       475   212.766     7.662    10.800     2.446    -3.307  1810.092  1602.599     8.219     3.165     1.998     8.257     0.000
---------------------------- Plume traps -----------------------------
       476   217.021     7.796    10.965     2.460    -3.441  1809.894  1602.548     8.219     3.163     1.997     8.232     0.000
       477   220.337     7.946    11.089     2.470    -3.541  1809.745  1602.510     8.218     3.161     1.996     8.213     0.000
       478   222.520     8.090    11.162     2.476    -3.598  1809.649  1602.485     8.218     3.160     1.995     8.201     0.000
       479   224.345     8.219    11.214     2.480    -3.638  1809.571  1602.465     8.218     3.159     1.995     8.190     0.000
       480   225.757     8.330    11.254     2.484    -3.668  1809.511  1602.450     8.218     3.158     1.994     8.182     0.000
       481   226.991     8.426    11.291     2.487    -3.696  1809.459  1602.436     8.218     3.158     1.994     8.175     0.000
       482   228.063     8.512    11.326     2.489    -3.722  1809.415  1602.425     8.218     3.157     1.993     8.170     0.000
       483   229.040     8.591    11.361     2.492    -3.747  1809.374  1602.415     8.218     3.157     1.993     8.164     0.000
       484   229.925     8.666    11.395     2.495    -3.771  1809.338  1602.405     8.218     3.156     1.993     8.159     0.000
       485   230.739     8.737    11.429     2.498    -3.795  1809.305  1602.397     8.218     3.156     1.993     8.155     0.000
       486   231.487     8.806    11.462     2.500    -3.818  1809.275  1602.389     8.218     3.155     1.992     8.150     0.000
       487   232.180     8.872    11.494     2.503    -3.839  1809.248  1602.382     8.218     3.155     1.992     8.147     0.000
       488   232.821     8.936    11.525     2.505    -3.860  1809.222  1602.375     8.218     3.155     1.992     8.143     0.000
       489   233.416     8.999    11.555     2.508    -3.880  1809.199  1602.369     8.218     3.154     1.992     8.140     0.000
       490   233.970     9.059    11.585     2.510    -3.900  1809.177  1602.364     8.218     3.154     1.991     8.137     0.000
       491   234.486     9.118    11.614     2.512    -3.918  1809.157  1602.359     8.218     3.154     1.991     8.134     0.000
       492   234.968     9.175    11.642     2.514    -3.936  1809.138  1602.354     8.218     3.154     1.991     8.131     0.000
       493   235.419     9.231    11.670     2.516    -3.953  1809.120  1602.349     8.218     3.153     1.991     8.129     0.000
       494   235.841     9.285    11.697     2.519    -3.969  1809.104  1602.345     8.218     3.153     1.991     8.126     0.000
       495   236.239     9.338    11.723     2.521    -3.985  1809.089  1602.341     8.218     3.153     1.991     8.124     0.000
       496   236.612     9.390    11.749     2.523    -4.001  1809.074  1602.337     8.218     3.153     1.991     8.122     0.000
       497   236.964     9.441    11.774     2.525    -4.015  1809.061  1602.334     8.218     3.153     1.990     8.120     0.000
       498   237.296     9.490    11.799     2.527    -4.029  1809.048  1602.331     8.218     3.152     1.990     8.118     0.000
       499   237.611     9.538    11.823     2.528    -4.043  1809.036  1602.328     8.218     3.152     1.990     8.117     0.000
       500   237.918     9.586    11.847     2.530    -4.056  1809.025  1602.325     8.218     3.152     1.990     8.115     0.000
       501   238.215     9.632    11.872     2.532    -4.069  1809.013  1602.322     8.218     3.152     1.990     8.113     0.000
       502   238.503     9.678    11.896     2.534    -4.082  1809.002  1602.319     8.218     3.152     1.990     8.112     0.000
       503   238.783     9.723    11.920     2.536    -4.095  1808.992  1602.316     8.218     3.152     1.990     8.110     0.000
       504   239.055     9.767    11.943     2.538    -4.107  1808.982  1602.313     8.218     3.152     1.990     8.109     0.000
       505   239.319     9.811    11.967     2.539    -4.119  1808.972  1602.311     8.218     3.151     1.990     8.107     0.000
       506   239.576     9.854    11.991     2.541    -4.131  1808.962  1602.308     8.218     3.151     1.990     8.106     0.000
       507   239.826     9.896    12.014     2.543    -4.142  1808.953  1602.306     8.218     3.151     1.990     8.104     0.000
       508   240.069     9.938    12.038     2.545    -4.154  1808.944  1602.304     8.218     3.151     1.989     8.103     0.000
       509   240.305     9.979    12.061     2.547    -4.165  1808.935  1602.301     8.218     3.151     1.989     8.102     0.000
       510   240.534    10.019    12.084     2.548    -4.176  1808.926  1602.299     8.218     3.151     1.989     8.101     0.000
       511   240.758    10.059    12.108     2.550    -4.186  1808.918  1602.297     8.218     3.151     1.989     8.099     0.000
       512   240.975    10.098    12.131     2.552    -4.196  1808.910  1602.295     8.218     3.151     1.989     8.098     0.000
       513   241.186    10.137    12.154     2.554    -4.207  1808.902  1602.293     8.218     3.150     1.989     8.097     0.000
       514   241.391    10.175    12.177     2.555    -4.216  1808.895  1602.291     8.218     3.150     1.989     8.096     0.000
       515   241.591    10.212    12.199     2.557    -4.226  1808.887  1602.289     8.218     3.150     1.989     8.095     0.000
       516   241.785    10.249    12.222     2.559    -4.235  1808.880  1602.287     8.218     3.150     1.989     8.094     0.000
       517   241.973    10.285    12.245     2.561    -4.245  1808.873  1602.286     8.218     3.150     1.989     8.093     0.000
       518   242.157    10.321    12.267     2.562    -4.254  1808.867  1602.284     8.218     3.150     1.989     8.092     0.000
       519   242.335    10.355    12.290     2.564    -4.262  1808.860  1602.282     8.218     3.150     1.989     8.091     0.000
       520   242.508    10.390    12.312     2.566    -4.271  1808.854  1602.281     8.218     3.150     1.989     8.090     0.000
       521   242.676    10.423    12.334     2.567    -4.279  1808.848  1602.279     8.218     3.150     1.989     8.089     0.000
       522   242.840    10.456    12.357     2.569    -4.287  1808.842  1602.277     8.218     3.150     1.989     8.088     0.000
       523   242.999    10.488    12.379     2.571    -4.295  1808.836  1602.276     8.218     3.150     1.989     8.087     0.000
       524   243.153    10.520    12.401     2.572    -4.303  1808.830  1602.274     8.218     3.149     1.988     8.087     0.000
       525   243.303    10.551    12.423     2.574    -4.310  1808.825  1602.273     8.218     3.149     1.988     8.086     0.000
       526   243.448    10.582    12.445     2.576    -4.318  1808.820  1602.272     8.218     3.149     1.988     8.085     0.000
       527   243.589    10.611    12.467     2.577    -4.325  1808.814  1602.270     8.218     3.149     1.988     8.084     0.000
       528   243.726    10.641    12.489     2.579    -4.332  1808.809  1602.269     8.218     3.149     1.988     8.083     0.000
       529   243.859    10.669    12.510     2.581    -4.338  1808.805  1602.268     8.218     3.149     1.988     8.083     0.000
       530   243.988    10.697    12.532     2.582    -4.345  1808.800  1602.267     8.218     3.149     1.988     8.082     0.000
       531   244.114    10.724    12.554     2.584    -4.351  1808.795  1602.266     8.218     3.149     1.988     8.081     0.000
       532   244.235    10.751    12.575     2.586    -4.358  1808.791  1602.264     8.218     3.149     1.988     8.081     0.000
       533   244.353    10.777    12.597     2.587    -4.364  1808.787  1602.263     8.218     3.149     1.988     8.080     0.000
       534   244.466    10.802    12.618     2.589    -4.369  1808.783  1602.262     8.218     3.149     1.988     8.080     0.000
       535   244.577    10.827    12.640     2.590    -4.375  1808.779  1602.261     8.218     3.149     1.988     8.079     0.000
       536   244.684    10.851    12.661     2.592    -4.381  1808.775  1602.260     8.218     3.149     1.988     8.078     0.000
       537   244.787    10.875    12.682     2.594    -4.386  1808.771  1602.259     8.218     3.149     1.988     8.078     0.000
       538   244.887    10.898    12.703     2.595    -4.391  1808.768  1602.258     8.218     3.149     1.988     8.077     0.000
       539   244.984    10.920    12.724     2.597    -4.396  1808.764  1602.257     8.218     3.149     1.988     8.077     0.000
       540   245.077    10.942    12.746     2.598    -4.401  1808.761  1602.257     8.218     3.149     1.988     8.076     0.000
       541   245.168    10.963    12.767     2.600    -4.405  1808.758  1602.256     8.218     3.148     1.988     8.076     0.000
       542   245.255    10.983    12.788     2.602    -4.410  1808.755  1602.255     8.218     3.148     1.988     8.075     0.000
       543   245.339    11.003    12.809     2.603    -4.414  1808.752  1602.254     8.218     3.148     1.988     8.075     0.000
       544   245.420    11.022    12.830     2.605    -4.418  1808.749  1602.253     8.218     3.148     1.988     8.075     0.000
       545   245.498    11.041    12.850     2.606    -4.422  1808.746  1602.253     8.218     3.148     1.988     8.074     0.000
       546   245.573    11.058    12.871     2.608    -4.426  1808.743  1602.252     8.218     3.148     1.988     8.074     0.000
       547   245.645    11.076    12.892     2.609    -4.430  1808.741  1602.251     8.218     3.148     1.988     8.073     0.000
       548   245.715    11.092    12.913     2.611    -4.433  1808.738  1602.251     8.218     3.148     1.988     8.073     0.000
       549   245.781    11.108    12.934     2.613    -4.436  1808.736  1602.250     8.218     3.148     1.988     8.073     0.000
       550   245.845    11.124    12.954     2.614    -4.440  1808.734  1602.250     8.218     3.148     1.988     8.072     0.000
       551   245.906    11.138    12.975     2.616    -4.443  1808.731  1602.249     8.218     3.148     1.988     8.072     0.000
       552   245.964    11.153    12.995     2.617    -4.446  1808.729  1602.248     8.218     3.148     1.988     8.072     0.000
       553   246.020    11.166    13.016     2.619    -4.448  1808.727  1602.248     8.218     3.148     1.988     8.071     0.000
       554   246.073    11.179    13.037     2.620    -4.451  1808.725  1602.247     8.218     3.148     1.988     8.071     0.000
       555   246.123    11.191    13.057     2.622    -4.453  1808.724  1602.247     8.218     3.148     1.988     8.071     0.000
       556   246.171    11.203    13.078     2.623    -4.456  1808.722  1602.247     8.218     3.148     1.988     8.071     0.000
       557   246.216    11.214    13.098     2.625    -4.458  1808.720  1602.246     8.218     3.148     1.988     8.070     0.000
       558   246.259    11.224    13.119     2.626    -4.460  1808.719  1602.246     8.218     3.148     1.988     8.070     0.000
       559   246.299    11.234    13.139     2.628    -4.462  1808.717  1602.245     8.218     3.148     1.987     8.070     0.000
       560   246.337    11.243    13.159     2.629    -4.463  1808.716  1602.245     8.218     3.148     1.987     8.070     0.000
       561   246.372    11.252    13.180     2.631    -4.465  1808.715  1602.245     8.218     3.148     1.987     8.070     0.000
       562   246.405    11.260    13.200     2.632    -4.466  1808.714  1602.244     8.218     3.148     1.987     8.069     0.000
       563   246.436    11.267    13.221     2.634    -4.467  1808.713  1602.244     8.218     3.148     1.987     8.069     0.000
       564   246.464    11.273    13.241     2.636    -4.469  1808.712  1602.244     8.218     3.148     1.987     8.069     0.000
       565   246.489    11.279    13.261     2.637    -4.469  1808.711  1602.244     8.218     3.148     1.987     8.069     0.000
       566   246.513    11.285    13.282     2.639    -4.470  1808.710  1602.243     8.218     3.148     1.987     8.069     0.000
       567   246.534    11.290    13.302     2.640    -4.471  1808.709  1602.243     8.218     3.148     1.987     8.069     0.000
       568   246.553    11.294    13.322     2.642    -4.472  1808.708  1602.243     8.218     3.148     1.987     8.069     0.000
       569   246.569    11.297    13.343     2.643    -4.472  1808.708  1602.243     8.218     3.148     1.987     8.069     0.000
       570   246.584    11.300    13.363     2.645    -4.472  1808.707  1602.243     8.218     3.148     1.987     8.069     0.000
       571   246.596    11.302    13.383     2.646    -4.472  1808.707  1602.243     8.218     3.148     1.987     8.069     0.000
---------------------- Local maximum rise or fall --------------------
       572   246.607    11.304    13.403     2.648    -4.472  1808.707  1602.243     8.218     3.148     1.987     8.068     0.000
-------------------- Starting Farfield Calculations --------------------
Farfield dispersion based on wastefield width of :     101.11 (m)
4/3 Power Law based Eddy Diffusivity is used:
  Dilution     Width  Distance      Time        TA       DIC        pH    OmegaC    OmegaA
        ()       (m)       (m)    (hrs.) (mmol/m3) (mmol/m3)   (total)        ()        ()
   246.607   103.402    13.662     0.038  1808.707  1602.243     8.218     3.148     1.987
   246.607   103.518    14.000     0.040  1808.707  1602.243     8.218     3.144     1.985
   246.607   103.860    15.000     0.045  1808.707  1602.243     8.218     3.144     1.985
   246.607   104.203    16.000     0.051  1808.707  1602.243     8.218     3.144     1.985
   246.607   104.546    17.000     0.057  1808.707  1602.243     8.218     3.144     1.985
   246.607   104.889    18.000     0.062  1808.707  1602.243     8.218     3.144     1.985
   246.607   105.233    19.000     0.068  1808.707  1602.243     8.218     3.144     1.985
   246.607   105.577    20.000     0.073  1808.707  1602.243     8.218     3.144     1.985
   246.607   105.921    21.000     0.079  1808.707  1602.243     8.218     3.144     1.985
   246.607   106.266    22.000     0.085  1808.707  1602.243     8.218     3.144     1.985
   246.607   106.610    23.000     0.090  1808.706  1602.243     8.218     3.144     1.985
   246.607   106.953    24.000     0.096  1808.706  1602.243     8.218     3.144     1.985
   246.607   107.297    25.000     0.101  1808.706  1602.243     8.218     3.144     1.985
   246.607   107.641    26.000     0.107  1808.706  1602.243     8.218     3.144     1.985
   246.608   107.985    27.000     0.113  1808.706  1602.243     8.218     3.144     1.985
   246.609   108.330    28.000     0.118  1808.706  1602.243     8.218     3.144     1.985
   246.610   108.675    29.000     0.124  1808.706  1602.243     8.218     3.144     1.985
   246.611   109.021    30.000     0.129  1808.706  1602.243     8.218     3.144     1.985
   246.613   109.367    31.000     0.135  1808.704  1602.242     8.218     3.144     1.985
   246.617   109.712    32.000     0.141  1808.704  1602.242     8.218     3.144     1.985
   246.621   110.058    33.000     0.146  1808.704  1602.242     8.218     3.144     1.985
   246.626   110.404    34.000     0.152  1808.704  1602.242     8.218     3.144     1.985
   246.633   110.751    35.000     0.157  1808.704  1602.242     8.218     3.144     1.985
   246.642   111.098    36.000     0.163  1808.704  1602.242     8.218     3.144     1.985
   246.653   111.445    37.000     0.168  1808.704  1602.242     8.218     3.144     1.985
   246.666   111.792    38.000     0.174  1808.704  1602.242     8.218     3.144     1.985
   246.682   112.140    39.000     0.180  1808.704  1602.242     8.218     3.144     1.985
   246.701   112.489    40.000     0.185  1808.693  1602.239     8.218     3.144     1.985
   246.723   112.837    41.000     0.191  1808.693  1602.239     8.218     3.144     1.985
   246.749   113.185    42.000     0.196  1808.693  1602.239     8.218     3.144     1.985
   246.778   113.534    43.000     0.202  1808.693  1602.239     8.218     3.144     1.985
   246.812   113.884    44.000     0.207  1808.693  1602.239     8.218     3.144     1.985
   246.850   114.233    45.000     0.213  1808.693  1602.239     8.218     3.144     1.985
   246.893   114.583    46.000     0.218  1808.693  1602.239     8.218     3.144     1.985
   246.941   114.934    47.000     0.224  1808.693  1602.239     8.218     3.144     1.985
   246.994   115.284    48.000     0.230  1808.693  1602.239     8.218     3.144     1.985
   247.052   115.635    49.000     0.235  1808.668  1602.233     8.218     3.144     1.985
   247.115   115.986    50.000     0.241  1808.668  1602.233     8.218     3.144     1.985
   247.185   116.338    51.000     0.246  1808.668  1602.233     8.218     3.144     1.985
   247.260   116.689    52.000     0.252  1808.668  1602.233     8.218     3.144     1.985
   247.342   117.041    53.000     0.257  1808.668  1602.233     8.218     3.144     1.985
   247.429   117.394    54.000     0.263  1808.668  1602.233     8.218     3.144     1.985
   247.524   117.747    55.000     0.268  1808.668  1602.233     8.218     3.144     1.985
   247.624   118.100    56.000     0.274  1808.668  1602.233     8.218     3.144     1.985
   247.731   118.453    57.000     0.280  1808.627  1602.222     8.218     3.143     1.985
   247.845   118.807    58.000     0.285  1808.627  1602.222     8.218     3.143     1.985
   247.965   119.161    59.000     0.291  1808.627  1602.222     8.218     3.143     1.985
   248.093   119.515    60.000     0.296  1808.627  1602.222     8.218     3.143     1.985
   248.227   119.869    61.000     0.302  1808.627  1602.222     8.218     3.143     1.985
   248.368   120.224    62.000     0.307  1808.627  1602.222     8.218     3.143     1.985
   248.516   120.579    63.000     0.313  1808.627  1602.222     8.218     3.143     1.985
   248.671   120.935    64.000     0.318  1808.627  1602.222     8.218     3.143     1.985
   248.833   121.291    65.000     0.324  1808.627  1602.222     8.218     3.143     1.985
   249.002   121.647    66.000     0.330  1808.568  1602.207     8.218     3.143     1.984
   249.177   122.003    67.000     0.335  1808.568  1602.207     8.218     3.143     1.984
   249.360   122.360    68.000     0.341  1808.568  1602.207     8.218     3.143     1.984
   249.549   122.717    69.000     0.346  1808.568  1602.207     8.218     3.143     1.984
   249.746   123.074    70.000     0.352  1808.568  1602.207     8.218     3.143     1.984
   249.949   123.432    71.000     0.357  1808.568  1602.207     8.218     3.143     1.984
   250.159   123.790    72.000     0.363  1808.568  1602.207     8.218     3.143     1.984
   250.376   124.148    73.000     0.368  1808.568  1602.207     8.218     3.143     1.984
   250.599   124.507    74.000     0.374  1808.568  1602.207     8.218     3.143     1.984
   250.830   124.866    75.000     0.379  1808.493  1602.188     8.218     3.142     1.984
   251.066   125.225    76.000     0.385  1808.493  1602.188     8.218     3.142     1.984
   251.310   125.584    77.000     0.391  1808.493  1602.188     8.218     3.142     1.984
   251.559   125.944    78.000     0.396  1808.493  1602.188     8.218     3.142     1.984
   251.815   126.304    79.000     0.402  1808.493  1602.188     8.218     3.142     1.984
   252.078   126.665    80.000     0.407  1808.493  1602.188     8.218     3.142     1.984
   252.347   127.025    81.000     0.413  1808.493  1602.188     8.218     3.142     1.984
   252.622   127.387    82.000     0.418  1808.493  1602.188     8.218     3.142     1.984
   252.903   127.748    83.000     0.424  1808.493  1602.188     8.218     3.142     1.984
   253.190   128.110    84.000     0.429  1808.403  1602.164     8.218     3.140     1.983
   253.483   128.471    85.000     0.435  1808.403  1602.164     8.218     3.140     1.983
   253.782   128.834    86.000     0.440  1808.403  1602.164     8.218     3.140     1.983
   254.087   129.196    87.000     0.446  1808.403  1602.164     8.218     3.140     1.983
   254.398   129.559    88.000     0.451  1808.403  1602.164     8.218     3.140     1.983
   254.715   129.922    89.000     0.457  1808.403  1602.164     8.218     3.140     1.983
   255.037   130.286    90.000     0.463  1808.403  1602.164     8.218     3.140     1.983
   255.364   130.650    91.000     0.468  1808.403  1602.164     8.218     3.140     1.983
   255.697   131.014    92.000     0.474  1808.301  1602.138     8.218     3.139     1.982
   256.035   131.379    93.000     0.479  1808.301  1602.138     8.218     3.139     1.982
   256.379   131.743    94.000     0.485  1808.301  1602.138     8.218     3.139     1.982
   256.728   132.108    95.000     0.490  1808.301  1602.138     8.218     3.139     1.982
   257.082   132.474    96.000     0.496  1808.301  1602.138     8.218     3.139     1.982
   257.441   132.839    97.000     0.501  1808.301  1602.138     8.218     3.139     1.982
   257.805   133.205    98.000     0.507  1808.301  1602.138     8.218     3.139     1.982
   258.174   133.572    99.000     0.512  1808.301  1602.138     8.218     3.139     1.982
   258.548   133.939   100.000     0.518  1808.301  1602.138     8.218     3.139     1.982
   258.927   134.306   101.000     0.523  1808.188  1602.109     8.218     3.138     1.981
............................. Reached Chronic Mixing Zone ..........................
   259.310   134.673   102.000     0.529  1808.188  1602.109     8.218     3.138     1.981
   259.698   135.040   103.000     0.534  1808.188  1602.109     8.218     3.138     1.981
   260.090   135.408   104.000     0.540  1808.188  1602.109     8.218     3.138     1.981
   260.488   135.776   105.000     0.546  1808.188  1602.109     8.218     3.138     1.981
   260.889   136.145   106.000     0.551  1808.188  1602.109     8.218     3.138     1.981
   261.295   136.514   107.000     0.557  1808.188  1602.109     8.218     3.138     1.981
   261.705   136.883   108.000     0.562  1808.188  1602.109     8.218     3.138     1.981
   262.120   137.253   109.000     0.568  1808.188  1602.109     8.218     3.138     1.981
   262.538   137.622   110.000     0.573  1808.067  1602.078     8.218     3.136     1.980
   262.961   137.992   111.000     0.579  1808.067  1602.078     8.218     3.136     1.980
   263.388   138.363   112.000     0.584  1808.067  1602.078     8.218     3.136     1.980
   263.818   138.734   113.000     0.590  1808.067  1602.078     8.218     3.136     1.980
   264.253   139.105   114.000     0.595  1808.067  1602.078     8.218     3.136     1.980
   264.692   139.476   115.000     0.601  1808.067  1602.078     8.218     3.136     1.980
   265.134   139.848   116.000     0.606  1808.067  1602.078     8.218     3.136     1.980
   265.580   140.220   117.000     0.612  1808.067  1602.078     8.218     3.136     1.980
   266.030   140.592   118.000     0.617  1807.939  1602.045     8.218     3.134     1.979
   266.483   140.965   119.000     0.623  1807.939  1602.045     8.218     3.134     1.979
   266.940   141.338   120.000     0.628  1807.939  1602.045     8.218     3.134     1.979
   267.401   141.711   121.000     0.634  1807.939  1602.045     8.218     3.134     1.979
   267.865   142.084   122.000     0.640  1807.939  1602.045     8.218     3.134     1.979
   268.332   142.458   123.000     0.645  1807.939  1602.045     8.218     3.134     1.979
   268.803   142.832   124.000     0.651  1807.939  1602.045     8.218     3.134     1.979
   269.278   143.207   125.000     0.656  1807.939  1602.045     8.218     3.134     1.979
   269.755   143.582   126.000     0.662  1807.939  1602.045     8.218     3.134     1.979
   270.236   143.957   127.000     0.667  1807.806  1602.011     8.218     3.133     1.978
   270.720   144.332   128.000     0.673  1807.806  1602.011     8.218     3.133     1.978
   271.207   144.708   129.000     0.678  1807.806  1602.011     8.218     3.133     1.978
   271.697   145.084   130.000     0.684  1807.806  1602.011     8.218     3.133     1.978
   272.190   145.461   131.000     0.689  1807.806  1602.011     8.218     3.133     1.978
   272.686   145.837   132.000     0.695  1807.806  1602.011     8.218     3.133     1.978
   273.185   146.214   133.000     0.700  1807.806  1602.011     8.218     3.133     1.978
   273.687   146.592   134.000     0.706  1807.806  1602.011     8.218     3.133     1.978
   274.192   146.969   135.000     0.711  1807.806  1602.011     8.218     3.133     1.978
   274.700   147.347   136.000     0.717  1807.668  1601.975     8.218     3.131     1.977
   275.211   147.726   137.000     0.722  1807.668  1601.975     8.218     3.131     1.977
   275.724   148.104   138.000     0.728  1807.668  1601.975     8.218     3.131     1.977
   276.240   148.483   139.000     0.733  1807.668  1601.975     8.218     3.131     1.977
   276.759   148.862   140.000     0.739  1807.668  1601.975     8.218     3.131     1.977
   277.280   149.242   141.000     0.744  1807.668  1601.975     8.218     3.131     1.977
   277.804   149.622   142.000     0.750  1807.668  1601.975     8.218     3.131     1.977
   278.331   150.002   143.000     0.756  1807.668  1601.975     8.218     3.131     1.977
   278.860   150.382   144.000     0.761  1807.668  1601.975     8.218     3.131     1.977
   279.392   150.763   145.000     0.767  1807.527  1601.939     8.218     3.129     1.976
   279.926   151.144   146.000     0.772  1807.527  1601.939     8.218     3.129     1.976
   280.463   151.526   147.000     0.778  1807.527  1601.939     8.218     3.129     1.976
   281.002   151.907   148.000     0.783  1807.527  1601.939     8.218     3.129     1.976
   281.543   152.289   149.000     0.789  1807.527  1601.939     8.218     3.129     1.976
   282.087   152.672   150.000     0.794  1807.527  1601.939     8.218     3.129     1.976
   282.633   153.055   151.000     0.800  1807.527  1601.939     8.218     3.129     1.976
   283.181   153.438   152.000     0.805  1807.527  1601.939     8.218     3.129     1.976
   283.732   153.821   153.000     0.811  1807.384  1601.902     8.218     3.127     1.974
   284.285   154.204   154.000     0.816  1807.384  1601.902     8.218     3.127     1.974
   284.840   154.588   155.000     0.822  1807.384  1601.902     8.218     3.127     1.974
   285.397   154.973   156.000     0.827  1807.384  1601.902     8.218     3.127     1.974
   285.956   155.357   157.000     0.833  1807.384  1601.902     8.218     3.127     1.974
   286.518   155.742   158.000     0.838  1807.384  1601.902     8.218     3.127     1.974
   287.081   156.127   159.000     0.844  1807.384  1601.902     8.218     3.127     1.974
   287.647   156.513   160.000     0.849  1807.384  1601.902     8.218     3.127     1.974
   288.215   156.898   161.000     0.855  1807.384  1601.902     8.218     3.127     1.974
   288.785   157.285   162.000     0.860  1807.239  1601.865     8.218     3.126     1.973
   289.356   157.671   163.000     0.866  1807.239  1601.865     8.218     3.126     1.973
   289.930   158.058   164.000     0.871  1807.239  1601.865     8.218     3.126     1.973
   290.506   158.445   165.000     0.877  1807.239  1601.865     8.218     3.126     1.973
   291.083   158.832   166.000     0.883  1807.239  1601.865     8.218     3.126     1.973
   291.663   159.220   167.000     0.888  1807.239  1601.865     8.218     3.126     1.973
   292.244   159.608   168.000     0.894  1807.239  1601.865     8.218     3.126     1.973
   292.828   159.996   169.000     0.899  1807.239  1601.865     8.218     3.126     1.973
   293.413   160.385   170.000     0.905  1807.239  1601.865     8.218     3.126     1.973
   294.000   160.774   171.000     0.910  1807.093  1601.827     8.218     3.124     1.972
   294.588   161.163   172.000     0.916  1807.093  1601.827     8.218     3.124     1.972
   295.179   161.552   173.000     0.921  1807.093  1601.827     8.218     3.124     1.972
   295.771   161.942   174.000     0.927  1807.093  1601.827     8.218     3.124     1.972
   296.365   162.332   175.000     0.932  1807.093  1601.827     8.218     3.124     1.972
   296.961   162.723   176.000     0.938  1807.093  1601.827     8.218     3.124     1.972
   297.559   163.114   177.000     0.943  1807.093  1601.827     8.218     3.124     1.972
   298.158   163.505   178.000     0.949  1807.093  1601.827     8.218     3.124     1.972
   298.759   163.896   179.000     0.954  1807.093  1601.827     8.218     3.124     1.972
   299.361   164.288   180.000     0.960  1806.947  1601.789     8.218     3.122     1.971
   299.965   164.680   181.000     0.965  1806.947  1601.789     8.218     3.122     1.971
   300.571   165.072   182.000     0.971  1806.947  1601.789     8.218     3.122     1.971
   301.178   165.465   183.000     0.976  1806.947  1601.789     8.218     3.122     1.971
   301.787   165.858   184.000     0.982  1806.947  1601.789     8.218     3.122     1.971
   302.397   166.251   185.000     0.987  1806.947  1601.789     8.218     3.122     1.971
   303.010   166.644   186.000     0.993  1806.947  1601.789     8.218     3.122     1.971
   303.623   167.038   187.000     0.998  1806.947  1601.789     8.218     3.122     1.971
   304.238   167.432   188.000     1.004  1806.801  1601.752     8.218     3.120     1.969
   304.855   167.827   189.000     1.010  1806.801  1601.752     8.218     3.120     1.969
   305.473   168.222   190.000     1.015  1806.801  1601.752     8.218     3.120     1.969
   306.092   168.617   191.000     1.021  1806.801  1601.752     8.218     3.120     1.969
   306.713   169.012   192.000     1.026  1806.801  1601.752     8.218     3.120     1.969
   307.336   169.408   193.000     1.032  1806.801  1601.752     8.218     3.120     1.969
   307.960   169.804   194.000     1.037  1806.801  1601.752     8.218     3.120     1.969
   308.585   170.200   195.000     1.043  1806.801  1601.752     8.218     3.120     1.969
   309.212   170.597   196.000     1.048  1806.801  1601.752     8.218     3.120     1.969
   309.840   170.994   197.000     1.054  1806.655  1601.714     8.218     3.118     1.968
   310.470   171.391   198.000     1.059  1806.655  1601.714     8.218     3.118     1.968
   311.100   171.789   199.000     1.065  1806.655  1601.714     8.218     3.118     1.968
   311.733   172.186   200.000     1.070  1806.655  1601.714     8.218     3.118     1.968
   312.366   172.585   201.000     1.076  1806.655  1601.714     8.218     3.118     1.968
   313.001   172.983   202.000     1.081  1806.655  1601.714     8.218     3.118     1.968
   313.638   173.382   203.000     1.087  1806.655  1601.714     8.218     3.118     1.968
   314.275   173.781   204.000     1.092  1806.655  1601.714     8.218     3.118     1.968
   314.914   174.180   205.000     1.098  1806.655  1601.714     8.218     3.118     1.968
   315.554   174.580   206.000     1.103  1806.509  1601.677     8.218     3.116     1.967
   316.196   174.980   207.000     1.109  1806.509  1601.677     8.218     3.116     1.967
   316.838   175.380   208.000     1.114  1806.509  1601.677     8.218     3.116     1.967
   317.482   175.781   209.000     1.120  1806.509  1601.677     8.218     3.116     1.967
   318.127   176.182   210.000     1.125  1806.509  1601.677     8.218     3.116     1.967
   318.774   176.583   211.000     1.131  1806.509  1601.677     8.218     3.116     1.967
   319.422   176.985   212.000     1.136  1806.509  1601.677     8.218     3.116     1.967
   320.070   177.386   213.000     1.142  1806.509  1601.677     8.218     3.116     1.967
   320.721   177.788   214.000     1.148  1806.509  1601.677     8.218     3.116     1.967
   321.372   178.191   215.000     1.153  1806.365  1601.639     8.218     3.114     1.966
   322.024   178.594   216.000     1.159  1806.365  1601.639     8.218     3.114     1.966
   322.678   178.997   217.000     1.164  1806.365  1601.639     8.218     3.114     1.966
   323.333   179.400   218.000     1.170  1806.365  1601.639     8.218     3.114     1.966
   323.989   179.804   219.000     1.175  1806.365  1601.639     8.218     3.114     1.966
   324.646   180.208   220.000     1.181  1806.365  1601.639     8.218     3.114     1.966
   325.304   180.612   221.000     1.186  1806.365  1601.639     8.218     3.114     1.966
   325.964   181.016   222.000     1.192  1806.365  1601.639     8.218     3.114     1.966
   326.624   181.421   223.000     1.197  1806.222  1601.603     8.218     3.113     1.965
   327.286   181.826   224.000     1.203  1806.222  1601.603     8.218     3.113     1.965
   327.948   182.232   225.000     1.208  1806.222  1601.603     8.218     3.113     1.965
   328.612   182.638   226.000     1.214  1806.222  1601.603     8.218     3.113     1.965
   329.277   183.044   227.000     1.219  1806.222  1601.603     8.218     3.113     1.965
   329.943   183.450   228.000     1.225  1806.222  1601.603     8.218     3.113     1.965
   330.610   183.857   229.000     1.230  1806.222  1601.603     8.218     3.113     1.965
   331.279   184.264   230.000     1.236  1806.222  1601.603     8.218     3.113     1.965
   331.948   184.671   231.000     1.241  1806.222  1601.603     8.218     3.113     1.965
   332.618   185.078   232.000     1.247  1806.080  1601.566     8.217     3.111     1.963
   333.289   185.486   233.000     1.252  1806.080  1601.566     8.217     3.111     1.963
   333.962   185.894   234.000     1.258  1806.080  1601.566     8.217     3.111     1.963
   334.635   186.303   235.000     1.263  1806.080  1601.566     8.217     3.111     1.963
   335.310   186.712   236.000     1.269  1806.080  1601.566     8.217     3.111     1.963
   335.985   187.121   237.000     1.274  1806.080  1601.566     8.217     3.111     1.963
   336.661   187.530   238.000     1.280  1806.080  1601.566     8.217     3.111     1.963
   337.339   187.940   239.000     1.286  1806.080  1601.566     8.217     3.111     1.963
   338.017   188.350   240.000     1.291  1806.080  1601.566     8.217     3.111     1.963
   338.697   188.760   241.000     1.297  1805.939  1601.530     8.217     3.109     1.962
   339.377   189.170   242.000     1.302  1805.939  1601.530     8.217     3.109     1.962
   340.059   189.581   243.000     1.308  1805.939  1601.530     8.217     3.109     1.962
   340.741   189.992   244.000     1.313  1805.939  1601.530     8.217     3.109     1.962
   341.424   190.404   245.000     1.319  1805.939  1601.530     8.217     3.109     1.962
   342.109   190.816   246.000     1.324  1805.939  1601.530     8.217     3.109     1.962
   342.794   191.228   247.000     1.330  1805.939  1601.530     8.217     3.109     1.962
   343.480   191.640   248.000     1.335  1805.939  1601.530     8.217     3.109     1.962
   344.167   192.053   249.000     1.341  1805.939  1601.530     8.217     3.109     1.962
   344.856   192.466   250.000     1.346  1805.800  1601.494     8.217     3.107     1.961
   345.545   192.879   251.000     1.352  1805.800  1601.494     8.217     3.107     1.961
   346.235   193.292   252.000     1.357  1805.800  1601.494     8.217     3.107     1.961
   346.926   193.706   253.000     1.363  1805.800  1601.494     8.217     3.107     1.961
   347.617   194.120   254.000     1.368  1805.800  1601.494     8.217     3.107     1.961
   348.310   194.535   255.000     1.374  1805.800  1601.494     8.217     3.107     1.961
   349.004   194.949   256.000     1.379  1805.800  1601.494     8.217     3.107     1.961
   349.698   195.364   257.000     1.385  1805.800  1601.494     8.217     3.107     1.961
   350.394   195.780   258.000     1.390  1805.663  1601.459     8.217     3.105     1.960
   351.090   196.195   259.000     1.396  1805.663  1601.459     8.217     3.105     1.960
   351.787   196.611   260.000     1.401  1805.663  1601.459     8.217     3.105     1.960
   352.485   197.027   261.000     1.407  1805.663  1601.459     8.217     3.105     1.960
   353.184   197.444   262.000     1.412  1805.663  1601.459     8.217     3.105     1.960
   353.884   197.861   263.000     1.418  1805.663  1601.459     8.217     3.105     1.960
   354.585   198.278   264.000     1.424  1805.663  1601.459     8.217     3.105     1.960
   355.286   198.695   265.000     1.429  1805.663  1601.459     8.217     3.105     1.960
   355.989   199.113   266.000     1.435  1805.663  1601.459     8.217     3.105     1.960
   356.692   199.531   267.000     1.440  1805.528  1601.424     8.217     3.104     1.959
   357.396   199.949   268.000     1.446  1805.528  1601.424     8.217     3.104     1.959
   358.101   200.368   269.000     1.451  1805.528  1601.424     8.217     3.104     1.959
   358.807   200.786   270.000     1.457  1805.528  1601.424     8.217     3.104     1.959
   359.514   201.206   271.000     1.462  1805.528  1601.424     8.217     3.104     1.959
   360.221   201.625   272.000     1.468  1805.528  1601.424     8.217     3.104     1.959
   360.930   202.045   273.000     1.473  1805.528  1601.424     8.217     3.104     1.959
   361.639   202.465   274.000     1.479  1805.528  1601.424     8.217     3.104     1.959
   362.349   202.885   275.000     1.484  1805.528  1601.424     8.217     3.104     1.959
   363.059   203.306   276.000     1.490  1805.395  1601.390     8.217     3.102     1.958
   363.771   203.727   277.000     1.495  1805.395  1601.390     8.217     3.102     1.958
   364.483   204.148   278.000     1.501  1805.395  1601.390     8.217     3.102     1.958
   365.197   204.569   279.000     1.506  1805.395  1601.390     8.217     3.102     1.958
   365.911   204.991   280.000     1.512  1805.395  1601.390     8.217     3.102     1.958
   366.625   205.413   281.000     1.517  1805.395  1601.390     8.217     3.102     1.958
   367.341   205.835   282.000     1.523  1805.395  1601.390     8.217     3.102     1.958
   368.057   206.258   283.000     1.528  1805.395  1601.390     8.217     3.102     1.958
   368.775   206.681   284.000     1.534  1805.264  1601.356     8.217     3.100     1.957
   369.493   207.104   285.000     1.539  1805.264  1601.356     8.217     3.100     1.957
   370.211   207.528   286.000     1.545  1805.264  1601.356     8.217     3.100     1.957
   370.931   207.951   287.000     1.551  1805.264  1601.356     8.217     3.100     1.957
   371.651   208.375   288.000     1.556  1805.264  1601.356     8.217     3.100     1.957
   372.372   208.800   289.000     1.562  1805.264  1601.356     8.217     3.100     1.957
   373.094   209.225   290.000     1.567  1805.264  1601.356     8.217     3.100     1.957
   373.817   209.649   291.000     1.573  1805.264  1601.356     8.217     3.100     1.957
   374.540   210.075   292.000     1.578  1805.264  1601.356     8.217     3.100     1.957
   375.264   210.500   293.000     1.584  1805.135  1601.323     8.217     3.099     1.956
   375.989   210.926   294.000     1.589  1805.135  1601.323     8.217     3.099     1.956
   376.715   211.352   295.000     1.595  1805.135  1601.323     8.217     3.099     1.956
   377.441   211.779   296.000     1.600  1805.135  1601.323     8.217     3.099     1.956
   378.168   212.205   297.000     1.606  1805.135  1601.323     8.217     3.099     1.956
   378.896   212.632   298.000     1.611  1805.135  1601.323     8.217     3.099     1.956
   379.625   213.060   299.000     1.617  1805.135  1601.323     8.217     3.099     1.956
   380.354   213.487   300.000     1.622  1805.135  1601.323     8.217     3.099     1.956
   381.084   213.915   301.000     1.628  1805.135  1601.323     8.217     3.099     1.956
   381.815   214.343   302.000     1.633  1805.007  1601.290     8.217     3.097     1.955
   382.547   214.772   303.000     1.639  1805.007  1601.290     8.217     3.097     1.955
   383.279   215.200   304.000     1.644  1805.007  1601.290     8.217     3.097     1.955
   384.012   215.629   305.000     1.650  1805.007  1601.290     8.217     3.097     1.955
   384.746   216.059   306.000     1.655  1805.007  1601.290     8.217     3.097     1.955
   385.480   216.488   307.000     1.661  1805.007  1601.290     8.217     3.097     1.955
   386.215   216.918   308.000     1.666  1805.007  1601.290     8.217     3.097     1.955
   386.951   217.348   309.000     1.672  1805.007  1601.290     8.217     3.097     1.955
   387.687   217.778   310.000     1.678  1805.007  1601.290     8.217     3.097     1.955
   388.425   218.209   311.000     1.683  1804.882  1601.258     8.217     3.096     1.954
   389.163   218.640   312.000     1.689  1804.882  1601.258     8.217     3.096     1.954
   389.901   219.071   313.000     1.694  1804.882  1601.258     8.217     3.096     1.954
   390.641   219.503   314.000     1.700  1804.882  1601.258     8.217     3.096     1.954
   391.381   219.935   315.000     1.705  1804.882  1601.258     8.217     3.096     1.954
   392.122   220.367   316.000     1.711  1804.882  1601.258     8.217     3.096     1.954
   392.863   220.799   317.000     1.716  1804.882  1601.258     8.217     3.096     1.954
   393.605   221.232   318.000     1.722  1804.882  1601.258     8.217     3.096     1.954
   394.348   221.665   319.000     1.727  1804.760  1601.226     8.217     3.094     1.953
   395.092   222.098   320.000     1.733  1804.760  1601.226     8.217     3.094     1.953
   395.836   222.532   321.000     1.738  1804.760  1601.226     8.217     3.094     1.953
   396.581   222.966   322.000     1.744  1804.760  1601.226     8.217     3.094     1.953
   397.326   223.400   323.000     1.749  1804.760  1601.226     8.217     3.094     1.953
   398.073   223.834   324.000     1.755  1804.760  1601.226     8.217     3.094     1.953
   398.819   224.269   325.000     1.760  1804.760  1601.226     8.217     3.094     1.953
   399.567   224.704   326.000     1.766  1804.760  1601.226     8.217     3.094     1.953
   400.315   225.139   327.000     1.771  1804.760  1601.226     8.217     3.094     1.953
   401.064   225.575   328.000     1.777  1804.639  1601.195     8.217     3.092     1.952
   401.814   226.011   329.000     1.782  1804.639  1601.195     8.217     3.092     1.952
   402.564   226.447   330.000     1.788  1804.639  1601.195     8.217     3.092     1.952
   403.315   226.883   331.000     1.793  1804.639  1601.195     8.217     3.092     1.952
   404.067   227.320   332.000     1.799  1804.639  1601.195     8.217     3.092     1.952
   404.819   227.757   333.000     1.805  1804.639  1601.195     8.217     3.092     1.952
   405.572   228.194   334.000     1.810  1804.639  1601.195     8.217     3.092     1.952
   406.325   228.632   335.000     1.816  1804.639  1601.195     8.217     3.092     1.952
   407.079   229.069   336.000     1.821  1804.639  1601.195     8.217     3.092     1.952
   407.834   229.508   337.000     1.827  1804.521  1601.164     8.217     3.091     1.951
   408.590   229.946   338.000     1.832  1804.521  1601.164     8.217     3.091     1.951
   409.346   230.385   339.000     1.838  1804.521  1601.164     8.217     3.091     1.951
   410.103   230.824   340.000     1.843  1804.521  1601.164     8.217     3.091     1.951
   410.860   231.263   341.000     1.849  1804.521  1601.164     8.217     3.091     1.951
   411.618   231.702   342.000     1.854  1804.521  1601.164     8.217     3.091     1.951
   412.377   232.142   343.000     1.860  1804.521  1601.164     8.217     3.091     1.951
   413.136   232.582   344.000     1.865  1804.521  1601.164     8.217     3.091     1.951
   413.896   233.022   345.000     1.871  1804.521  1601.164     8.217     3.091     1.951
   414.657   233.463   346.000     1.876  1804.404  1601.134     8.217     3.089     1.950
   415.418   233.904   347.000     1.882  1804.404  1601.134     8.217     3.089     1.950
   416.180   234.345   348.000     1.887  1804.404  1601.134     8.217     3.089     1.950
   416.943   234.787   349.000     1.893  1804.404  1601.134     8.217     3.089     1.950
   417.706   235.228   350.000     1.898  1804.404  1601.134     8.217     3.089     1.950
   418.470   235.670   351.000     1.904  1804.404  1601.134     8.217     3.089     1.950
   419.234   236.113   352.000     1.909  1804.404  1601.134     8.217     3.089     1.950
   419.999   236.555   353.000     1.915  1804.404  1601.134     8.217     3.089     1.950
   420.765   236.998   354.000     1.921  1804.290  1601.105     8.217     3.088     1.949
   421.531   237.441   355.000     1.926  1804.290  1601.105     8.217     3.088     1.949
   422.298   237.884   356.000     1.932  1804.290  1601.105     8.217     3.088     1.949
   423.065   238.328   357.000     1.937  1804.290  1601.105     8.217     3.088     1.949
   423.833   238.772   358.000     1.943  1804.290  1601.105     8.217     3.088     1.949
   424.602   239.216   359.000     1.948  1804.290  1601.105     8.217     3.088     1.949
   425.371   239.661   360.000     1.954  1804.290  1601.105     8.217     3.088     1.949
   426.141   240.106   361.000     1.959  1804.290  1601.105     8.217     3.088     1.949
   426.912   240.551   362.000     1.965  1804.290  1601.105     8.217     3.088     1.949
   427.683   240.996   363.000     1.970  1804.179  1601.076     8.217     3.087     1.948
   428.455   241.442   364.000     1.976  1804.179  1601.076     8.217     3.087     1.948
   429.227   241.888   365.000     1.981  1804.179  1601.076     8.217     3.087     1.948
   430.000   242.334   366.000     1.987  1804.179  1601.076     8.217     3.087     1.948
   430.774   242.780   367.000     1.992  1804.179  1601.076     8.217     3.087     1.948
   431.548   243.227   368.000     1.998  1804.179  1601.076     8.217     3.087     1.948
   432.323   243.674   369.000     2.003  1804.179  1601.076     8.217     3.087     1.948
   433.098   244.121   370.000     2.009  1804.179  1601.076     8.217     3.087     1.948
   433.874   244.569   371.000     2.014  1804.179  1601.076     8.217     3.087     1.948
   434.651   245.017   372.000     2.020  1804.069  1601.048     8.217     3.085     1.947
   435.428   245.465   373.000     2.025  1804.069  1601.048     8.217     3.085     1.947
   436.205   245.913   374.000     2.031  1804.069  1601.048     8.217     3.085     1.947
   436.984   246.362   375.000     2.037  1804.069  1601.048     8.217     3.085     1.947
   437.763   246.811   376.000     2.042  1804.069  1601.048     8.217     3.085     1.947
   438.542   247.260   377.000     2.048  1804.069  1601.048     8.217     3.085     1.947
   439.322   247.709   378.000     2.053  1804.069  1601.048     8.217     3.085     1.947
   440.103   248.159   379.000     2.059  1804.069  1601.048     8.217     3.085     1.947
   440.884   248.609   380.000     2.064  1804.069  1601.048     8.217     3.085     1.947
   441.666   249.060   381.000     2.070  1803.962  1601.020     8.217     3.084     1.946
   442.449   249.510   382.000     2.075  1803.962  1601.020     8.217     3.084     1.946
   443.232   249.961   383.000     2.081  1803.962  1601.020     8.217     3.084     1.946
   444.015   250.412   384.000     2.086  1803.962  1601.020     8.217     3.084     1.946
   444.799   250.864   385.000     2.092  1803.962  1601.020     8.217     3.084     1.946
   445.584   251.315   386.000     2.097  1803.962  1601.020     8.217     3.084     1.946
   446.369   251.767   387.000     2.103  1803.962  1601.020     8.217     3.084     1.946
   447.155   252.219   388.000     2.108  1803.962  1601.020     8.217     3.084     1.946
   447.942   252.672   389.000     2.114  1803.856  1600.993     8.217     3.083     1.945
   448.729   253.125   390.000     2.119  1803.856  1600.993     8.217     3.083     1.945
   449.517   253.578   391.000     2.125  1803.856  1600.993     8.217     3.083     1.945
   450.305   254.031   392.000     2.130  1803.856  1600.993     8.217     3.083     1.945
   451.093   254.485   393.000     2.136  1803.856  1600.993     8.217     3.083     1.945
   451.883   254.938   394.000     2.141  1803.856  1600.993     8.217     3.083     1.945
   452.673   255.393   395.000     2.147  1803.856  1600.993     8.217     3.083     1.945
   453.463   255.847   396.000     2.153  1803.856  1600.993     8.217     3.083     1.945
   454.254   256.302   397.000     2.158  1803.856  1600.993     8.217     3.083     1.945
   455.046   256.757   398.000     2.164  1803.753  1600.967     8.217     3.081     1.944
   455.838   257.212   399.000     2.169  1803.753  1600.967     8.217     3.081     1.944
   456.631   257.667   400.000     2.175  1803.753  1600.967     8.217     3.081     1.944
   457.424   258.123   401.000     2.180  1803.753  1600.967     8.217     3.081     1.944
   458.218   258.579   402.000     2.186  1803.753  1600.967     8.217     3.081     1.944
   459.012   259.035   403.000     2.191  1803.753  1600.967     8.217     3.081     1.944
   459.807   259.492   404.000     2.197  1803.753  1600.967     8.217     3.081     1.944
   460.603   259.949   405.000     2.202  1803.753  1600.967     8.217     3.081     1.944
   461.399   260.406   406.000     2.208  1803.753  1600.967     8.217     3.081     1.944
   462.195   260.863   407.000     2.213  1803.653  1600.941     8.217     3.080     1.943
   462.993   261.321   408.000     2.219  1803.653  1600.941     8.217     3.080     1.943
   463.790   261.779   409.000     2.224  1803.653  1600.941     8.217     3.080     1.943
   464.589   262.237   410.000     2.230  1803.653  1600.941     8.217     3.080     1.943
   465.387   262.696   411.000     2.235  1803.653  1600.941     8.217     3.080     1.943
   466.187   263.154   412.000     2.241  1803.653  1600.941     8.217     3.080     1.943
   466.987   263.613   413.000     2.246  1803.653  1600.941     8.217     3.080     1.943
   467.787   264.073   414.000     2.252  1803.653  1600.941     8.217     3.080     1.943
   468.588   264.532   415.000     2.257  1803.653  1600.941     8.217     3.080     1.943
   469.390   264.992   416.000     2.263  1803.554  1600.915     8.217     3.079     1.943
   470.192   265.452   417.000     2.269  1803.554  1600.915     8.217     3.079     1.943
   470.995   265.912   418.000     2.274  1803.554  1600.915     8.217     3.079     1.943
   471.798   266.373   419.000     2.280  1803.554  1600.915     8.217     3.079     1.943
   472.602   266.834   420.000     2.285  1803.554  1600.915     8.217     3.079     1.943
   473.406   267.295   421.000     2.291  1803.554  1600.915     8.217     3.079     1.943
   474.211   267.756   422.000     2.296  1803.554  1600.915     8.217     3.079     1.943
   475.016   268.218   423.000     2.302  1803.554  1600.915     8.217     3.079     1.943
   475.822   268.680   424.000     2.307  1803.457  1600.891     8.217     3.077     1.942
   476.628   269.142   425.000     2.313  1803.457  1600.891     8.217     3.077     1.942
   477.435   269.605   426.000     2.318  1803.457  1600.891     8.217     3.077     1.942
   478.243   270.067   427.000     2.324  1803.457  1600.891     8.217     3.077     1.942
   479.051   270.530   428.000     2.329  1803.457  1600.891     8.217     3.077     1.942
   479.860   270.994   429.000     2.335  1803.457  1600.891     8.217     3.077     1.942
   480.669   271.457   430.000     2.340  1803.457  1600.891     8.217     3.077     1.942
   481.478   271.921   431.000     2.346  1803.457  1600.891     8.217     3.077     1.942
   482.289   272.385   432.000     2.351  1803.457  1600.891     8.217     3.077     1.942
   483.099   272.850   433.000     2.357  1803.363  1600.866     8.217     3.076     1.941
   483.911   273.314   434.000     2.362  1803.363  1600.866     8.217     3.076     1.941
   484.722   273.779   435.000     2.368  1803.363  1600.866     8.217     3.076     1.941
   485.535   274.244   436.000     2.374  1803.363  1600.866     8.217     3.076     1.941
   486.348   274.710   437.000     2.379  1803.363  1600.866     8.217     3.076     1.941
   487.161   275.175   438.000     2.385  1803.363  1600.866     8.217     3.076     1.941
   487.975   275.641   439.000     2.390  1803.363  1600.866     8.217     3.076     1.941
   488.789   276.107   440.000     2.396  1803.363  1600.866     8.217     3.076     1.941
   489.604   276.574   441.000     2.401  1803.363  1600.866     8.217     3.076     1.941
   490.420   277.041   442.000     2.407  1803.270  1600.842     8.217     3.075     1.940
   491.236   277.508   443.000     2.412  1803.270  1600.842     8.217     3.075     1.940
   492.052   277.975   444.000     2.418  1803.270  1600.842     8.217     3.075     1.940
   492.869   278.442   445.000     2.423  1803.270  1600.842     8.217     3.075     1.940
   493.687   278.910   446.000     2.429  1803.270  1600.842     8.217     3.075     1.940
   494.505   279.378   447.000     2.434  1803.270  1600.842     8.217     3.075     1.940
   495.324   279.847   448.000     2.440  1803.270  1600.842     8.217     3.075     1.940
   496.143   280.315   449.000     2.445  1803.270  1600.842     8.217     3.075     1.940
   496.963   280.784   450.000     2.451  1803.180  1600.819     8.217     3.074     1.939
   497.783   281.253   451.000     2.456  1803.180  1600.819     8.217     3.074     1.939
   498.603   281.723   452.000     2.462  1803.180  1600.819     8.217     3.074     1.939
   499.425   282.192   453.000     2.467  1803.180  1600.819     8.217     3.074     1.939
   500.246   282.662   454.000     2.473  1803.180  1600.819     8.217     3.074     1.939
   501.069   283.132   455.000     2.479  1803.180  1600.819     8.217     3.074     1.939
   501.891   283.603   456.000     2.484  1803.180  1600.819     8.217     3.074     1.939
   502.715   284.073   457.000     2.490  1803.180  1600.819     8.217     3.074     1.939
   503.538   284.544   458.000     2.495  1803.180  1600.819     8.217     3.074     1.939
   504.363   285.016   459.000     2.501  1803.092  1600.796     8.217     3.073     1.939
   505.188   285.487   460.000     2.506  1803.092  1600.796     8.217     3.073     1.939
   506.013   285.959   461.000     2.512  1803.092  1600.796     8.217     3.073     1.939
   506.839   286.431   462.000     2.517  1803.092  1600.796     8.217     3.073     1.939
   507.665   286.903   463.000     2.523  1803.092  1600.796     8.217     3.073     1.939
   508.492   287.376   464.000     2.528  1803.092  1600.796     8.217     3.073     1.939
   509.319   287.848   465.000     2.534  1803.092  1600.796     8.217     3.073     1.939
   510.147   288.322   466.000     2.539  1803.092  1600.796     8.217     3.073     1.939
   510.976   288.795   467.000     2.545  1803.092  1600.796     8.217     3.073     1.939
   511.804   289.268   468.000     2.550  1803.005  1600.774     8.217     3.072     1.938
   512.634   289.742   469.000     2.556  1803.005  1600.774     8.217     3.072     1.938
   513.464   290.216   470.000     2.561  1803.005  1600.774     8.217     3.072     1.938
   514.294   290.691   471.000     2.567  1803.005  1600.774     8.217     3.072     1.938
   515.125   291.165   472.000     2.572  1803.005  1600.774     8.217     3.072     1.938
   515.956   291.640   473.000     2.578  1803.005  1600.774     8.217     3.072     1.938
   516.788   292.115   474.000     2.584  1803.005  1600.774     8.217     3.072     1.938
   517.621   292.591   475.000     2.589  1803.005  1600.774     8.217     3.072     1.938
   518.454   293.066   476.000     2.595  1803.005  1600.774     8.217     3.072     1.938
   519.287   293.542   477.000     2.600  1802.921  1600.752     8.217     3.071     1.937
   520.121   294.019   478.000     2.606  1802.921  1600.752     8.217     3.071     1.937
   520.956   294.495   479.000     2.611  1802.921  1600.752     8.217     3.071     1.937
   521.790   294.972   480.000     2.617  1802.921  1600.752     8.217     3.071     1.937
   522.626   295.449   481.000     2.622  1802.921  1600.752     8.217     3.071     1.937
   523.462   295.926   482.000     2.628  1802.921  1600.752     8.217     3.071     1.937
   524.298   296.403   483.000     2.633  1802.921  1600.752     8.217     3.071     1.937
   525.135   296.881   484.000     2.639  1802.921  1600.752     8.217     3.071     1.937
   525.973   297.359   485.000     2.644  1802.839  1600.731     8.217     3.070     1.937
   526.811   297.837   486.000     2.650  1802.839  1600.731     8.217     3.070     1.937
   527.649   298.316   487.000     2.655  1802.839  1600.731     8.217     3.070     1.937
   528.488   298.795   488.000     2.661  1802.839  1600.731     8.217     3.070     1.937
   529.327   299.274   489.000     2.666  1802.839  1600.731     8.217     3.070     1.937
   530.167   299.753   490.000     2.672  1802.839  1600.731     8.217     3.070     1.937
   531.008   300.232   491.000     2.677  1802.839  1600.731     8.217     3.070     1.937
   531.848   300.712   492.000     2.683  1802.839  1600.731     8.217     3.070     1.937
   532.690   301.192   493.000     2.689  1802.839  1600.731     8.217     3.070     1.937
   533.532   301.673   494.000     2.694  1802.758  1600.710     8.217     3.069     1.936
   534.374   302.153   495.000     2.700  1802.758  1600.710     8.217     3.069     1.936
   535.217   302.634   496.000     2.705  1802.758  1600.710     8.217     3.069     1.936
   536.060   303.115   497.000     2.711  1802.758  1600.710     8.217     3.069     1.936
   536.904   303.596   498.000     2.716  1802.758  1600.710     8.217     3.069     1.936
   537.748   304.078   499.000     2.722  1802.758  1600.710     8.217     3.069     1.936
   538.593   304.560   500.000     2.727  1802.758  1600.710     8.217     3.069     1.936
   539.438   305.042   501.000     2.733  1802.758  1600.710     8.217     3.069     1.936
   540.284   305.524   502.000     2.738  1802.758  1600.710     8.217     3.069     1.936
   540.574   305.689   502.342     2.740  1802.758  1600.710     8.217     3.069     1.936
