****************************************************************************************************
----------------------------------------------------------------------------------------------------
Ambient Table:
     Depth   Amb-cur   Amb-dir   Amb-sal   Amb-tem   Amb-pol     Decay   Far-spd   Far-dir   Disprsn
       (m)     (m/s)     (deg)     (psu)       (C)    (mg/L)   (1/day)     (m/s)     (deg)(m0.67/s2)
     0.000     0.090     0.000    32.000    14.000     0.000     0.000     0.050     0.000   0.00030
     2.000     0.085     0.000    32.000    12.000     0.000     0.000     0.050     0.000   0.00030
     4.000     0.070     0.000    32.000     8.000     0.000     0.000     0.050     0.000   0.00030
     6.000     0.065     0.000    32.000     8.000     0.000     0.000     0.050     0.000   0.00030
     8.000     0.060     0.000    32.000     8.000     0.000     0.000     0.050     0.000   0.00030
    10.000     0.055     0.000    32.000     8.000     0.000     0.000     0.050     0.000   0.00030
    12.000     0.050     0.000    32.000     8.000     0.000     0.000     0.050     0.000   0.00030
----------------------------------------------------------------------------------------------------
Diffuser Table:
     P-dia    P-elev   V-angle   H-angle     Ports   Spacing   AcuteMZ   ChrncMZ   P-depth   Ttl-flo   Eff-sal      Temp   Polutnt
       (m)       (m)     (deg)     (deg)       ( )       (m)       (m)       (m)       (m)     (MGD)     (psu)       (C)    (mg/L)
      0.08      0.31     45.00     30.00     18.00      6.10     10.20    102.00     11.00      8.00      0.00      2.63    100.00
----------------------------------------------------------------------------------------------------
Simulation Results:
              Dilutn     P-dia    x-posn    y-posn     Depth        TA       DIC        pH    OmegaC    OmegaA     R_cal     R_arg
      Step (FluxAvg)       (m)       (m)       (m)       (m) (mmol/m3) (mmol/m3)   (total)        ()        () (umol/hr) (umol/hr)
         1     1.019     0.077     0.002     0.001   -10.997  4937.373  2692.918    10.446    33.104    19.130 18958.350  3949.591
         2     1.039     0.078     0.004     0.003   -10.995  4875.856  2671.489    10.402    43.647    24.577 42830.843  7283.771
         3     1.060     0.080     0.007     0.004   -10.992  4815.545  2650.479    10.360    48.406    26.873 58022.194  9045.199
         4     1.080     0.081     0.009     0.005   -10.990  4756.417  2629.881    10.321    50.602    27.857 66076.036  9866.384
         5     1.101     0.083     0.011     0.007   -10.987  4698.448  2609.688    10.283    51.462    28.187 69418.613 10151.293
         6     1.123     0.085     0.014     0.008   -10.984  4641.616  2589.890    10.247    51.563    28.161 69819.279 10128.993
         7     1.145     0.086     0.016     0.009   -10.981  4585.898  2570.480    10.212    51.212    27.931 68434.147  9930.308
         8     1.167     0.088     0.019     0.011   -10.978  4531.272  2551.451    10.179    50.582    27.580 65999.283  9631.683
         9     1.190     0.090     0.022     0.012   -10.975  4477.718  2532.795    10.146    49.780    27.158 62980.923  9278.769
        10     1.213     0.091     0.024     0.014   -10.972  4425.214  2514.505    10.114    48.872    26.693 59674.225  8899.293
        11     1.237     0.093     0.027     0.015   -10.969  4373.739  2496.574    10.083    47.900    26.205 56265.609  8510.272
        12     1.261     0.095     0.030     0.017   -10.966  4323.274  2478.994    10.053    46.895    25.705 52871.907  8122.179
        13     1.286     0.097     0.032     0.019   -10.963  4273.798  2461.759    10.023    45.873    25.201 49565.077  7741.417
        14     1.311     0.099     0.035     0.020   -10.959  4225.292  2444.862     9.995    44.850    24.699 46387.965  7371.820
        15     1.337     0.101     0.038     0.022   -10.956  4177.737  2428.296     9.967    43.832    24.200 43364.459  7015.583
        16     1.363     0.103     0.041     0.024   -10.953  4131.115  2412.055     9.940    42.826    23.708 40506.108  6673.848
        17     1.390     0.105     0.044     0.025   -10.949  4085.407  2396.132     9.913    41.837    23.224 37816.462  6347.080
        18     1.417     0.107     0.047     0.027   -10.946  4040.595  2380.521     9.887    40.866    22.749 35293.948  6035.315
        19     1.445     0.109     0.050     0.029   -10.942  3996.661  2365.217     9.861    39.916    22.283 32933.783  5738.311
        20     1.474     0.111     0.054     0.031   -10.938  3953.590  2350.213     9.836    38.988    21.827 30729.250  5455.658
        21     1.503     0.113     0.057     0.033   -10.935  3911.362  2335.503     9.812    38.082    21.380 28672.550  5186.848
        22     1.532     0.116     0.060     0.035   -10.931  3869.963  2321.081     9.788    37.199    20.943 26755.367  4931.317
        23     1.562     0.118     0.064     0.036   -10.927  3829.376  2306.942     9.765    36.338    20.515 24969.243  4688.477
        24     1.593     0.120     0.067     0.038   -10.923  3789.584  2293.081     9.742    35.499    20.097 23305.820  4457.735
        25     1.624     0.122     0.071     0.040   -10.919  3750.572  2279.491     9.719    34.682    19.688 21756.996  4238.508
        26     1.656     0.125     0.074     0.043   -10.915  3712.326  2266.168     9.697    33.887    19.288 20315.015  4030.228
        27     1.689     0.127     0.078     0.045   -10.911  3674.829  2253.105     9.675    33.113    18.897 18972.524  3832.346
        28     1.722     0.130     0.082     0.047   -10.906  3638.068  2240.299     9.654    32.359    18.515 17722.593  3644.340
        29     1.756     0.132     0.085     0.049   -10.902  3602.027  2227.745     9.633    31.626    18.141 16558.724  3465.708
        30     1.791     0.135     0.089     0.051   -10.898  3566.694  2215.436     9.612    30.912    17.776 15474.845  3295.977
        31     1.826     0.138     0.093     0.053   -10.893  3532.053  2203.368     9.592    30.217    17.418 14465.295  3134.694
        32     1.862     0.140     0.097     0.056   -10.888  3498.091  2191.538     9.572    29.540    17.069 13524.808  2981.433
        33     1.899     0.143     0.101     0.058   -10.884  3464.795  2179.939     9.553    28.882    16.727 12648.488  2835.788
        34     1.937     0.146     0.106     0.060   -10.879  3432.152  2168.568     9.534    28.241    16.393 11831.791  2697.376
        35     1.975     0.149     0.110     0.063   -10.874  3400.149  2157.419     9.515    27.617    16.066 11070.502  2565.834
        36     2.014     0.152     0.114     0.065   -10.869  3368.773  2146.489     9.496    27.009    15.747 10360.709  2440.817
        37     2.054     0.155     0.119     0.068   -10.864  3338.013  2135.774     9.478    26.418    15.434  9698.785  2322.000
        38     2.094     0.158     0.123     0.070   -10.859  3307.856  2125.269     9.460    25.842    15.129  9081.369  2209.072
        39     2.136     0.161     0.128     0.073   -10.854  3278.290  2114.969     9.442    25.281    14.830  8505.343  2101.742
        40     2.178     0.164     0.133     0.076   -10.848  3249.304  2104.872     9.425    24.735    14.538  7967.814  1999.731
        41     2.221     0.167     0.138     0.078   -10.843  3220.886  2094.972     9.408    24.203    14.252  7466.102  1902.775
        42     2.265     0.171     0.142     0.081   -10.837  3193.026  2085.267     9.391    23.685    13.973  6997.720  1810.623
        43     2.310     0.174     0.148     0.084   -10.831  3165.712  2075.752     9.374    23.181    13.700  6560.360  1723.038
        44     2.355     0.177     0.153     0.087   -10.826  3138.933  2066.423     9.358    22.690    13.432  6151.880  1639.793
        45     2.402     0.181     0.158     0.090   -10.820  3112.679  2057.278     9.342    22.211    13.171  5770.292  1560.674
        46     2.450     0.184     0.163     0.093   -10.814  3086.941  2048.312     9.326    21.745    12.916  5413.750  1485.477
        47     2.498     0.188     0.169     0.096   -10.808  3061.706  2039.521     9.310    21.291    12.667  5080.541  1414.007
        48     2.548     0.192     0.174     0.099   -10.801  3036.967  2030.903     9.295    20.848    12.423  4769.072  1346.080
        49     2.598     0.195     0.180     0.102   -10.795  3012.713  2022.454     9.280    20.417    12.184  4477.864  1281.520
        50     2.650     0.199     0.185     0.105   -10.789  2988.934  2014.171     9.265    19.997    11.951  4205.542  1220.161
        51     2.702     0.203     0.191     0.109   -10.782  2965.622  2006.050     9.250    19.588    11.723  3950.827  1161.843
        52     2.756     0.207     0.197     0.112   -10.775  2942.766  1998.088     9.235    19.190    11.501  3712.531  1106.416
        53     2.810     0.211     0.203     0.115   -10.768  2920.359  1990.282     9.221    18.801    11.283  3489.549  1053.736
        54     2.866     0.215     0.209     0.119   -10.761  2898.391  1982.630     9.207    18.423    11.071  3280.853  1003.667
        55     2.923     0.220     0.216     0.122   -10.754  2876.854  1975.127     9.193    18.054    10.863  3085.485   956.078
        56     2.981     0.224     0.222     0.126   -10.747  2855.740  1967.772     9.179    17.695    10.660  2902.555   910.845
        57     3.040     0.228     0.229     0.129   -10.740  2835.039  1960.561     9.165    17.345    10.461  2731.236   867.852
        58     3.100     0.233     0.235     0.133   -10.732  2814.744  1953.491     9.152    17.003    10.268  2570.755   826.986
        59     3.162     0.237     0.242     0.137   -10.725  2794.847  1946.559     9.139    16.671    10.078  2420.394   788.141
        60     3.225     0.242     0.249     0.141   -10.717  2775.340  1939.764     9.126    16.347     9.893  2279.483   751.216
        61     3.289     0.247     0.256     0.145   -10.709  2756.216  1933.102     9.113    16.031     9.712  2147.400   716.115
        62     3.354     0.251     0.263     0.148   -10.701  2737.466  1926.571     9.100    15.723     9.536  2023.565   682.745
        63     3.421     0.256     0.271     0.153   -10.693  2719.085  1920.167     9.088    15.423     9.363  1907.435   651.022
        64     3.489     0.261     0.278     0.157   -10.684  2701.063  1913.890     9.075    15.130     9.195  1798.507   620.860
        65     3.558     0.266     0.286     0.161   -10.676  2683.396  1907.735     9.063    14.845     9.030  1696.311   592.184
        66     3.629     0.272     0.294     0.165   -10.667  2666.074  1901.701     9.051    14.567     8.869  1600.409   564.916
        67     3.701     0.277     0.302     0.169   -10.658  2649.092  1895.785     9.039    14.296     8.712  1510.392   538.988
        68     3.774     0.282     0.310     0.174   -10.649  2632.443  1889.985     9.027    14.032     8.559  1425.878   514.331
        69     3.849     0.288     0.318     0.178   -10.640  2616.121  1884.299     9.016    13.775     8.409  1346.514   490.881
        70     3.926     0.293     0.326     0.183   -10.631  2600.119  1878.725     9.004    13.524     8.262  1271.967   468.578
        71     4.004     0.299     0.335     0.187   -10.621  2584.430  1873.260     8.993    13.279     8.119  1201.927   447.364
        72     4.083     0.305     0.343     0.192   -10.612  2569.049  1867.902     8.982    13.041     7.980  1136.107   427.183
        73     4.164     0.311     0.352     0.197   -10.602  2553.970  1862.649     8.971    12.808     7.843  1074.237   407.985
        74     4.247     0.317     0.361     0.202   -10.592  2539.186  1857.499     8.960    12.581     7.710  1016.065   389.720
        75     4.332     0.323     0.370     0.207   -10.582  2524.692  1852.450     8.949    12.360     7.580   961.357   372.339
        76     4.418     0.329     0.380     0.212   -10.571  2510.482  1847.500     8.939    12.144     7.453   909.893   355.800
        77     4.506     0.335     0.389     0.217   -10.561  2496.551  1842.647     8.928    11.934     7.329   861.469     0.000
        78     4.595     0.342     0.399     0.222   -10.550  2482.894  1837.889     8.918    11.729     7.208   815.893     0.000
        79     4.687     0.349     0.409     0.227   -10.539  2469.503  1833.225     8.908    11.529     7.089   772.988     0.000
        80     4.780     0.355     0.419     0.233   -10.528  2456.376  1828.652     8.897    11.334     6.974   732.585     0.000
        81     4.875     0.362     0.429     0.238   -10.517  2443.506  1824.168     8.888    11.143     6.861   694.530     0.000
        82     4.972     0.369     0.440     0.244   -10.505  2430.888  1819.773     8.878    10.958     6.750   658.676     0.000
        83     5.071     0.376     0.450     0.249   -10.493  2418.518  1815.463     8.868    10.777     6.643   624.886     0.000
        84     5.172     0.383     0.461     0.255   -10.481  2406.390  1811.239     8.858    10.600     6.538   593.035     0.000
        85     5.275     0.391     0.472     0.261   -10.469  2394.500  1807.097     8.849    10.428     6.435   563.001     0.000
        86     5.380     0.398     0.483     0.267   -10.457  2382.843  1803.036     8.840    10.260     6.334   534.675     0.000
        87     5.487     0.406     0.495     0.273   -10.444  2371.415  1799.055     8.830    10.096     6.236   507.951     0.000
        88     5.597     0.414     0.506     0.279   -10.431  2360.211  1795.152     8.821     9.936     6.141   482.733     0.000
        89     5.708     0.422     0.518     0.285   -10.418  2349.226  1791.325     8.812     9.780     6.047   458.928     0.000
        90     5.822     0.430     0.530     0.292   -10.405  2338.457  1787.574     8.804     9.627     5.956   436.451     0.000
        91     5.938     0.438     0.542     0.298   -10.392  2327.899  1783.896     8.795     9.479     5.867   415.223     0.000
        92     6.056     0.446     0.555     0.305   -10.378  2317.548  1780.290     8.786     9.334     5.780   395.168     0.000
        93     6.177     0.455     0.567     0.311   -10.364  2307.400  1776.755     8.778     9.192     5.694   376.217     0.000
        94     6.300     0.463     0.580     0.318   -10.350  2297.451  1773.289     8.769     9.054     5.611   358.303     0.000
        95     6.425     0.472     0.594     0.325   -10.335  2287.697  1769.891     8.761     8.919     5.530   341.365     0.000
        96     6.553     0.481     0.607     0.332   -10.320  2278.134  1766.560     8.753     8.788     5.451   325.346     0.000
        97     6.684     0.490     0.620     0.339   -10.305  2268.759  1763.294     8.745     8.660     5.373   310.191     0.000
        98     6.817     0.499     0.634     0.346   -10.290  2259.568  1760.093     8.737     8.534     5.298   295.849     0.000
        99     6.953     0.509     0.648     0.353   -10.275  2250.557  1756.953     8.729     8.412     5.224   282.274     0.000
       100     7.092     0.518     0.663     0.360   -10.259  2241.722  1753.876     8.721     8.293     5.151   269.419     0.000
       101     7.233     0.528     0.677     0.368   -10.243  2233.061  1750.859     8.713     8.176     5.081   257.245     0.000
       102     7.377     0.538     0.692     0.375   -10.226  2224.570  1747.901     8.706     8.062     5.012   245.711     0.000
       103     7.524     0.548     0.707     0.383   -10.210  2216.245  1745.001     8.698     7.951     4.944   234.780     0.000
       104     7.674     0.558     0.723     0.391   -10.193  2208.083  1742.158     8.691     7.843     4.878   224.419     0.000
       105     7.827     0.569     0.738     0.399   -10.176  2200.081  1739.370     8.683     7.737     4.814   214.594     0.000
       106     7.983     0.579     0.754     0.407   -10.158  2192.237  1736.637     8.676     7.633     4.751   205.275     0.000
       107     8.143     0.590     0.770     0.415   -10.140  2184.546  1733.958     8.669     7.532     4.690   196.433     0.000
       108     8.305     0.601     0.787     0.423   -10.122  2177.006  1731.332     8.662     7.434     4.630   188.042     0.000
       109     8.471     0.612     0.803     0.432   -10.104  2169.613  1728.757     8.655     7.337     4.571   180.077     0.000
       110     8.640     0.624     0.820     0.440   -10.085  2162.366  1726.232     8.648     7.243     4.514   172.513     0.000
       111     8.812     0.635     0.838     0.449   -10.066  2155.261  1723.757     8.641     7.152     4.458   165.328     0.000
       112     8.988     0.647     0.855     0.457   -10.047  2148.295  1721.330     8.635     7.062     4.403   158.502     0.000
       113     9.167     0.659     0.873     0.466   -10.027  2141.466  1718.951     8.628     6.974     4.350   152.014     0.000
       114     9.350     0.671     0.891     0.475   -10.007  2134.770  1716.619     8.622     6.889     4.297   145.846     0.000
       115     9.536     0.683     0.910     0.484    -9.987  2128.206  1714.332     8.615     6.805     4.246   139.981     0.000
       116     9.727     0.696     0.928     0.493    -9.966  2121.771  1712.090     8.609     6.723     4.196   134.401     0.000
       117     9.921     0.708     0.948     0.502    -9.945  2115.461  1709.892     8.603     6.643     4.147   129.092     0.000
       118    10.119     0.721     0.967     0.512    -9.923  2109.276  1707.738     8.597     6.565     4.100   124.040     0.000
       119    10.321     0.734     0.987     0.521    -9.902  2103.212  1705.625     8.590     6.489     4.053   119.229     0.000
       120    10.527     0.747     1.007     0.531    -9.879  2097.266  1703.554     8.585     6.415     4.007   114.648     0.000
       121    10.737     0.761     1.027     0.541    -9.857  2091.438  1701.524     8.579     6.342     3.963   110.284     0.000
       122    10.951     0.775     1.047     0.550    -9.834  2085.723  1699.533     8.573     6.271     3.919   106.125     0.000
       123    11.169     0.789     1.068     0.560    -9.811  2080.121  1697.581     8.567     6.202     3.877   102.162     0.000
       124    11.392     0.803     1.090     0.571    -9.787  2074.628  1695.668     8.561     6.134     3.835    98.383     0.000
       125    11.620     0.817     1.111     0.581    -9.763  2069.243  1693.792     8.556     6.067     3.794    94.779     0.000
       126    11.852     0.832     1.133     0.591    -9.738  2063.964  1691.953     8.550     6.003     3.754    91.341     0.000
       127    12.088     0.846     1.156     0.601    -9.713  2058.788  1690.150     8.545     5.939     3.715    88.060     0.000
       128    12.330     0.861     1.178     0.612    -9.688  2053.714  1688.382     8.539     5.877     3.677    84.929     0.000
       129    12.576     0.877     1.201     0.623    -9.662  2048.739  1686.649     8.534     5.817     3.640    81.939     0.000
       130    12.827     0.892     1.225     0.633    -9.636  2043.862  1684.950     8.529     5.758     3.604    79.084     0.000
       131    13.083     0.908     1.248     0.644    -9.609  2039.080  1683.285     8.524     5.700     3.568    76.356     0.000
       132    13.344     0.923     1.272     0.655    -9.582  2034.393  1681.652     8.519     5.643     3.533    73.750     0.000
       133    13.610     0.940     1.297     0.666    -9.555  2029.797  1680.051     8.514     5.588     3.499    71.258     0.000
       134    13.882     0.956     1.321     0.678    -9.527  2025.291  1678.481     8.509     5.534     3.466    68.876     0.000
       135    14.159     0.972     1.346     0.689    -9.499  2020.873  1676.942     8.504     5.481     3.433    66.598     0.000
       136    14.442     0.989     1.372     0.700    -9.470  2016.542  1675.434     8.499     5.430     3.402    64.418     0.000
       137    14.730     1.006     1.397     0.712    -9.441  2012.297  1673.954     8.495     5.379     3.370    62.333     0.000
       138    15.025     1.024     1.423     0.723    -9.411  2008.134  1672.504     8.490     5.330     3.340    60.337     0.000
       139    15.325     1.041     1.450     0.735    -9.381  2004.053  1671.083     8.485     5.281     3.310    58.426     0.000
       140    15.631     1.059     1.476     0.747    -9.351  2000.052  1669.689     8.481     5.234     3.281    56.595     0.000
       141    15.943     1.077     1.503     0.758    -9.320  1996.129  1668.322     8.476     5.188     3.252    54.842     0.000
       142    16.261     1.095     1.530     0.770    -9.289  1992.283  1666.983     8.472     5.143     3.225    53.162     0.000
       143    16.586     1.114     1.558     0.782    -9.257  1988.513  1665.669     8.468     5.099     3.197    51.552     0.000
       144    16.917     1.132     1.586     0.794    -9.225  1984.817  1664.382     8.463     5.055     3.171    50.008     0.000
       145    17.255     1.151     1.614     0.806    -9.192  1981.193  1663.119     8.459     5.013     3.144    48.528     0.000
       146    17.600     1.170     1.642     0.818    -9.160  1977.640  1661.882     8.455     4.972     3.119    47.108     0.000
       147    17.951     1.190     1.671     0.830    -9.126  1974.157  1660.668     8.451     4.931     3.094    45.745     0.000
       148    18.310     1.210     1.700     0.843    -9.092  1970.742  1659.479     8.447     4.892     3.069    44.437     0.000
       149    18.676     1.230     1.729     0.855    -9.058  1967.394  1658.313     8.443     4.853     3.046    43.182     0.000
       150    19.049     1.250     1.758     0.867    -9.024  1964.112  1657.169     8.439     4.815     3.022    41.977     0.000
       151    19.429     1.270     1.788     0.880    -8.989  1960.894  1656.048     8.435     4.778     2.999    40.819     0.000
       152    19.817     1.291     1.818     0.892    -8.953  1957.739  1654.949     8.432     4.742     2.977    39.707     0.000
       153    20.213     1.312     1.849     0.904    -8.917  1954.647  1653.872     8.428     4.707     2.955    38.638     0.000
       154    20.617     1.334     1.879     0.917    -8.881  1951.614  1652.816     8.424     4.672     2.933    37.611     0.000
       155    21.029     1.355     1.910     0.929    -8.844  1948.641  1651.780     8.421     4.638     2.912    36.623     0.000
       156    21.449     1.377     1.942     0.942    -8.807  1945.727  1650.765     8.417     4.605     2.892    35.673     0.000
       157    21.877     1.399     1.973     0.954    -8.769  1942.869  1649.769     8.414     4.573     2.872    34.760     0.000
       158    22.315     1.422     2.005     0.967    -8.731  1940.068  1648.793     8.410     4.541     2.852    33.880     0.000
       159    22.760     1.444     2.037     0.979    -8.693  1937.322  1647.837     8.407     4.510     2.833    33.034     0.000
       160    23.215     1.467     2.069     0.992    -8.654  1934.629  1646.899     8.403     4.480     2.814    32.220     0.000
       161    23.679     1.490     2.102     1.005    -8.615  1931.989  1645.979     8.400     4.450     2.795    31.436     0.000
       162    24.152     1.514     2.135     1.017    -8.575  1929.401  1645.078     8.397     4.421     2.777    30.681     0.000
       163    24.635     1.538     2.168     1.030    -8.535  1926.864  1644.194     8.394     4.392     2.760    29.953     0.000
       164    25.127     1.562     2.201     1.042    -8.494  1924.376  1643.327     8.391     4.364     2.742    29.252     0.000
       165    25.629     1.586     2.235     1.055    -8.453  1921.938  1642.478     8.388     4.337     2.725    28.577     0.000
       166    26.141     1.611     2.269     1.068    -8.411  1919.547  1641.645     8.385     4.310     2.709    27.925     0.000
       167    26.663     1.636     2.303     1.080    -8.369  1917.203  1640.828     8.382     4.284     2.693    27.297     0.000
       168    27.196     1.661     2.337     1.093    -8.327  1914.905  1640.028     8.379     4.259     2.677    26.692     0.000
       169    27.740     1.687     2.372     1.106    -8.284  1912.652  1639.243     8.376     4.234     2.661    26.108     0.000
       170    28.294     1.713     2.407     1.118    -8.241  1910.443  1638.473     8.373     4.209     2.646    25.544     0.000
       171    28.859     1.739     2.442     1.131    -8.197  1908.277  1637.719     8.370     4.185     2.631    25.000     0.000
       172    29.436     1.765     2.478     1.144    -8.153  1906.154  1636.979     8.367     4.162     2.617    24.475     0.000
       173    30.024     1.792     2.513     1.156    -8.108  1904.073  1636.254     8.365     4.139     2.602    23.968     0.000
       174    30.624     1.819     2.549     1.169    -8.063  1902.032  1635.543     8.362     4.116     2.588    23.478     0.000
       175    31.236     1.847     2.586     1.181    -8.017  1900.031  1634.846     8.359     4.094     2.575    23.005     0.000
       176    31.861     1.874     2.622     1.194    -7.971  1898.070  1634.163     8.357     4.073     2.561    22.548     0.000
       177    32.497     1.902     2.659     1.206    -7.925  1896.147  1633.493     8.354     4.052     2.548    22.107     0.000
       178    33.147     1.931     2.696     1.219    -7.878  1894.262  1632.837     8.352     4.031     2.535    21.680     0.000
       179    33.809     1.959     2.733     1.231    -7.830  1892.414  1632.193     8.349     4.011     2.523    21.268     0.000
       180    34.485     1.988     2.771     1.244    -7.782  1890.602  1631.561     8.347     3.991     2.510    20.869     0.000
       181    35.174     2.018     2.809     1.256    -7.734  1888.825  1630.943     8.345     3.971     2.498    20.483     0.000
       182    35.877     2.048     2.847     1.269    -7.685  1887.083  1630.336     8.342     3.953     2.486    20.110     0.000
       183    36.594     2.078     2.885     1.281    -7.636  1885.376  1629.741     8.340     3.934     2.475    19.749     0.000
       184    37.326     2.108     2.924     1.294    -7.586  1883.702  1629.158     8.338     3.916     2.464    19.400     0.000
       185    38.072     2.139     2.963     1.306    -7.536  1882.061  1628.586     8.336     3.898     2.453    19.062     0.000
       186    38.833     2.170     3.002     1.318    -7.485  1880.452  1628.026     8.333     3.881     2.442    18.734     0.000
       187    39.609     2.201     3.042     1.330    -7.434  1878.874  1627.476     8.331     3.863     2.431    18.417     0.000
       188    40.401     2.233     3.082     1.343    -7.383  1877.328  1626.937     8.329     3.847     2.421    18.111     0.000
       189    41.208     2.265     3.122     1.355    -7.330  1875.811  1626.409     8.327     3.830     2.410    17.813     0.000
       190    42.032     2.298     3.162     1.367    -7.278  1874.325  1625.891     8.325     3.814     2.400    17.525     0.000
       191    42.872     2.331     3.203     1.379    -7.225  1872.867  1625.384     8.323     3.799     2.391    17.246     0.000
       192    43.729     2.364     3.244     1.391    -7.171  1871.439  1624.886     8.321     3.783     2.381    16.976     0.000
       193    44.603     2.398     3.285     1.403    -7.117  1870.038  1624.398     8.319     3.768     2.372    16.714     0.000
       194    45.495     2.432     3.327     1.415    -7.063  1868.665  1623.920     8.317     3.753     2.363    16.460     0.000
       195    46.404     2.466     3.369     1.427    -7.008  1867.318  1623.451     8.315     3.739     2.354    16.213     0.000
       196    47.332     2.501     3.411     1.439    -6.953  1865.998  1622.991     8.314     3.725     2.345    15.974     0.000
       197    48.278     2.536     3.453     1.451    -6.897  1864.704  1622.540     8.312     3.711     2.336    15.742     0.000
       198    49.243     2.572     3.496     1.462    -6.840  1863.436  1622.098     8.310     3.697     2.328    15.518     0.000
       199    50.228     2.607     3.539     1.474    -6.783  1862.192  1621.665     8.308     3.684     2.319    15.299     0.000
       200    51.232     2.644     3.583     1.486    -6.726  1860.972  1621.240     8.307     3.671     2.311    15.088     0.000
       201    52.256     2.681     3.626     1.498    -6.668  1859.777  1620.823     8.305     3.658     2.303    14.882     0.000
       202    53.301     2.718     3.670     1.509    -6.610  1858.605  1620.415     8.303     3.646     2.296    14.683     0.000
       203    54.366     2.755     3.715     1.521    -6.551  1857.455  1620.015     8.302     3.634     2.288    14.489     0.000
       204    55.453     2.794     3.759     1.532    -6.492  1856.329  1619.622     8.300     3.622     2.281    14.301     0.000
       205    56.562     2.832     3.805     1.544    -6.432  1855.224  1619.238     8.299     3.610     2.273    14.118     0.000
       206    57.692     2.871     3.850     1.555    -6.372  1854.142  1618.860     8.297     3.599     2.266    13.941     0.000
       207    58.846     2.910     3.896     1.566    -6.311  1853.080  1618.491     8.295     3.587     2.259    13.768     0.000
       208    60.022     2.950     3.942     1.578    -6.250  1852.039  1618.128     8.294     3.576     2.252    13.601     0.000
       209    61.222     2.990     3.988     1.589    -6.188  1851.019  1617.773     8.293     3.566     2.245    13.438     0.000
       210    62.446     3.031     4.035     1.600    -6.126  1850.018  1617.424     8.291     3.555     2.239    13.280     0.000
       211    63.695     3.072     4.082     1.611    -6.063  1849.038  1617.083     8.290     3.545     2.232    13.126     0.000
       212    64.968     3.114     4.130     1.622    -6.000  1848.076  1616.748     8.288     3.535     2.226    12.977     0.000
       213    66.267     3.156     4.178     1.633    -5.936  1847.134  1616.419     8.287     3.525     2.220    12.831     0.000
       214    67.592     3.198     4.226     1.644    -5.872  1846.209  1616.097     8.286     3.515     2.214    12.690     0.000
       215    68.943     3.241     4.275     1.655    -5.807  1845.303  1615.782     8.284     3.505     2.208    12.553     0.000
       216    70.322     3.285     4.324     1.666    -5.742  1844.415  1615.472     8.283     3.496     2.202    12.419     0.000
       217    71.728     3.329     4.374     1.676    -5.676  1843.544  1615.169     8.282     3.487     2.196    12.289     0.000
       218    73.162     3.373     4.423     1.687    -5.610  1842.690  1614.871     8.281     3.478     2.191    12.162     0.000
       219    74.625     3.418     4.474     1.698    -5.543  1841.853  1614.580     8.279     3.469     2.185    12.039     0.000
       220    76.117     3.463     4.525     1.708    -5.475  1841.033  1614.294     8.278     3.461     2.180    11.919     0.000
       221    77.638     3.509     4.576     1.719    -5.408  1840.228  1614.014     8.277     3.452     2.175    11.803     0.000
       222    79.191     3.556     4.627     1.729    -5.339  1839.439  1613.739     8.276     3.444     2.170    11.689     0.000
       223    80.774     3.603     4.679     1.740    -5.271  1838.666  1613.469     8.275     3.436     2.164    11.578     0.000
       224    82.389     3.650     4.732     1.750    -5.201  1837.908  1613.205     8.274     3.428     2.160    11.471     0.000
       225    84.036     3.698     4.785     1.760    -5.132  1837.164  1612.946     8.273     3.420     2.155    11.366     0.000
       226    85.717     3.747     4.838     1.770    -5.061  1836.436  1612.693     8.271     3.413     2.150    11.264     0.000
       227    87.431     3.796     4.892     1.781    -4.990  1835.721  1612.444     8.270     3.405     2.145    11.165     0.000
       228    89.179     3.846     4.947     1.791    -4.919  1835.021  1612.200     8.269     3.398     2.141    11.068     0.000
       229    90.962     3.896     5.001     1.801    -4.847  1834.334  1611.960     8.268     3.391     2.136    10.973     0.000
       230    92.781     3.947     5.057     1.811    -4.775  1833.661  1611.726     8.267     3.384     2.132    10.881     0.000
       231    94.636     3.998     5.113     1.821    -4.702  1833.001  1611.496     8.266     3.377     2.128    10.792     0.000
       232    96.528     4.050     5.169     1.830    -4.629  1832.354  1611.271     8.265     3.370     2.123    10.705     0.000
       233    98.458     4.102     5.226     1.840    -4.555  1831.720  1611.050     8.265     3.364     2.119    10.620     0.000
       234   100.427     4.155     5.283     1.850    -4.480  1831.098  1610.833     8.264     3.357     2.115    10.537     0.000
       235   102.435     4.209     5.341     1.860    -4.406  1830.488  1610.621     8.263     3.351     2.111    10.456     0.000
       236   104.483     4.263     5.399     1.869    -4.330  1829.890  1610.412     8.262     3.345     2.108    10.377     0.000
       237   106.572     4.318     5.458     1.879    -4.254  1829.304  1610.208     8.261     3.339     2.104    10.300     0.000
       238   108.703     4.373     5.518     1.888    -4.178  1828.729  1610.008     8.260     3.333     2.100    10.225     0.000
       239   110.877     4.429     5.578     1.898    -4.101  1828.166  1609.812     8.259     3.327     2.096    10.152     0.000
       240   113.094     4.486     5.639     1.907    -4.024  1827.614  1609.619     8.258     3.321     2.093    10.081     0.000
       241   115.355     4.543     5.700     1.916    -3.946  1827.072  1609.431     8.258     3.316     2.089    10.012     0.000
       242   117.662     4.601     5.762     1.925    -3.867  1826.541  1609.246     8.257     3.310     2.086     9.944     0.000
       243   120.015     4.660     5.824     1.934    -3.789  1826.021  1609.065     8.256     3.305     2.083     9.878     0.000
       244   122.415     4.720     5.886     1.943    -3.710  1825.511  1608.887     8.255     3.300     2.079     9.814     0.000
       245   124.863     4.784     5.949     1.952    -3.632  1825.011  1608.713     8.254     3.294     2.076     9.752     0.000
       246   127.360     4.850     6.012     1.961    -3.555  1824.520  1608.542     8.253     3.290     2.073     9.692     0.000
       247   129.907     4.920     6.074     1.970    -3.479  1824.039  1608.374     8.252     3.285     2.070     9.634     0.000
       248   132.505     4.993     6.137     1.978    -3.404  1823.568  1608.210     8.251     3.280     2.067     9.578     0.000
       249   135.155     5.069     6.199     1.986    -3.330  1823.106  1608.049     8.250     3.275     2.065     9.523     0.000
       250   137.648     5.144     6.256     1.994    -3.263  1822.687  1607.903     8.250     3.271     2.062     9.474     0.000
---------------------------- Plume traps -----------------------------
       251   139.931     5.216     6.307     2.000    -3.205  1822.317  1607.774     8.249     3.268     2.060     9.431     0.000
       252   142.017     5.283     6.352     2.006    -3.154  1821.989  1607.660     8.248     3.265     2.058     9.393     0.000
       253   143.952     5.346     6.393     2.011    -3.108  1821.694  1607.557     8.247     3.262     2.056     9.359     0.000
       254   145.770     5.405     6.431     2.016    -3.067  1821.423  1607.463     8.246     3.259     2.055     9.329     0.000
       255   147.499     5.462     6.466     2.020    -3.029  1821.172  1607.375     8.246     3.257     2.053     9.301     0.000
       256   149.157     5.517     6.500     2.024    -2.993  1820.937  1607.293     8.245     3.255     2.052     9.274     0.000
       257   150.757     5.571     6.532     2.028    -2.960  1820.715  1607.216     8.244     3.253     2.051     9.250     0.000
------------------------- merging happened ---------------------------
       258   152.306     5.623     6.562     2.031    -2.928  1820.504  1607.143     8.244     3.251     2.050     9.226     0.000
       259   153.668     5.672     6.591     2.035    -2.899  1820.322  1607.079     8.243     3.249     2.049     9.206     0.000
       260   155.017     5.722     6.621     2.038    -2.869  1820.146  1607.018     8.243     3.247     2.048     9.187     0.000
       261   156.331     5.774     6.651     2.042    -2.839  1819.976  1606.959     8.242     3.246     2.047     9.169     0.000
       262   157.626     5.828     6.680     2.045    -2.811  1819.812  1606.902     8.242     3.244     2.046     9.151     0.000
       263   158.845     5.881     6.708     2.048    -2.784  1819.660  1606.849     8.241     3.243     2.045     9.135     0.000
       264   160.015     5.935     6.736     2.051    -2.758  1819.516  1606.799     8.241     3.241     2.044     9.119     0.000
       265   161.123     5.987     6.763     2.055    -2.732  1819.382  1606.752     8.240     3.240     2.043     9.105     0.000
       266   162.186     6.039     6.790     2.058    -2.707  1819.255  1606.708     8.240     3.239     2.043     9.091     0.000
       267   163.197     6.091     6.816     2.060    -2.683  1819.136  1606.666     8.240     3.238     2.042     9.079     0.000
       268   164.164     6.142     6.843     2.063    -2.659  1819.023  1606.627     8.239     3.237     2.042     9.067     0.000
       269   165.084     6.193     6.869     2.066    -2.637  1818.917  1606.590     8.239     3.236     2.041     9.056     0.000
       270   165.961     6.243     6.894     2.069    -2.614  1818.817  1606.555     8.238     3.235     2.040     9.045     0.000
       271   166.796     6.292     6.920     2.072    -2.593  1818.723  1606.522     8.238     3.234     2.040     9.036     0.000
       272   167.592     6.340     6.945     2.074    -2.571  1818.634  1606.491     8.238     3.233     2.039     9.026     0.000
       273   168.349     6.388     6.969     2.077    -2.551  1818.550  1606.462     8.238     3.233     2.039     9.018     0.000
       274   169.069     6.435     6.993     2.080    -2.531  1818.471  1606.435     8.237     3.232     2.039     9.010     0.000
---------------------------- Plume surfaces --------------------------
       275   169.754     6.481     7.017     2.082    -2.512  1818.397  1606.409     8.237     3.231     2.038     9.002     0.000
       276   170.407     6.527     7.041     2.085    -2.493  1818.326  1606.384     8.237     3.231     2.038     8.995     0.000
       277   171.027     6.572     7.064     2.087    -2.475  1818.260  1606.361     8.236     3.230     2.038     8.988     0.000
       278   171.618     6.616     7.087     2.090    -2.457  1818.197  1606.339     8.236     3.230     2.037     8.982     0.000
       279   172.180     6.660     7.109     2.092    -2.440  1818.138  1606.318     8.236     3.229     2.037     8.976     0.000
       280   172.716     6.702     7.131     2.094    -2.423  1818.081  1606.299     8.236     3.229     2.037     8.970     0.000
       281   173.226     6.744     7.153     2.097    -2.407  1818.028  1606.280     8.236     3.228     2.036     8.965     0.000
       282   173.712     6.786     7.174     2.099    -2.392  1817.978  1606.263     8.235     3.228     2.036     8.960     0.000
       283   174.175     6.826     7.195     2.101    -2.377  1817.930  1606.246     8.235     3.227     2.036     8.955     0.000
       284   174.617     6.866     7.216     2.103    -2.362  1817.885  1606.230     8.235     3.227     2.036     8.950     0.000
       285   175.038     6.906     7.237     2.105    -2.348  1817.842  1606.215     8.235     3.226     2.036     8.946     0.000
       286   175.441     6.945     7.257     2.107    -2.334  1817.801  1606.201     8.235     3.226     2.035     8.942     0.000
       287   175.825     6.983     7.276     2.109    -2.320  1817.762  1606.187     8.235     3.226     2.035     8.938     0.000
       288   176.192     7.020     7.296     2.111    -2.307  1817.725  1606.175     8.234     3.225     2.035     8.935     0.000
       289   176.542     7.057     7.315     2.113    -2.295  1817.690  1606.162     8.234     3.225     2.035     8.931     0.000
       290   176.878     7.094     7.334     2.115    -2.282  1817.656  1606.151     8.234     3.225     2.035     8.928     0.000
       291   177.199     7.129     7.353     2.117    -2.271  1817.624  1606.139     8.234     3.225     2.034     8.925     0.000
       292   177.506     7.165     7.371     2.119    -2.259  1817.594  1606.129     8.234     3.224     2.034     8.922     0.000
       293   177.800     7.199     7.389     2.121    -2.248  1817.565  1606.119     8.234     3.224     2.034     8.919     0.000
       294   178.082     7.233     7.407     2.123    -2.237  1817.537  1606.109     8.234     3.224     2.034     8.916     0.000
       295   178.352     7.267     7.425     2.124    -2.226  1817.510  1606.100     8.234     3.224     2.034     8.914     0.000
       296   178.611     7.300     7.443     2.126    -2.216  1817.485  1606.091     8.233     3.223     2.034     8.911     0.000
       297   178.860     7.332     7.460     2.128    -2.206  1817.461  1606.082     8.233     3.223     2.034     8.909     0.000
       298   179.099     7.364     7.477     2.130    -2.197  1817.437  1606.074     8.233     3.223     2.034     8.907     0.000
       299   179.328     7.396     7.493     2.131    -2.187  1817.415  1606.067     8.233     3.223     2.033     8.905     0.000
       300   179.548     7.427     7.510     2.133    -2.178  1817.394  1606.059     8.233     3.223     2.033     8.903     0.000
       301   179.760     7.457     7.526     2.135    -2.169  1817.373  1606.052     8.233     3.223     2.033     8.901     0.000
       302   179.964     7.487     7.543     2.136    -2.161  1817.353  1606.045     8.233     3.222     2.033     8.899     0.000
       303   180.160     7.517     7.559     2.138    -2.152  1817.335  1606.039     8.233     3.222     2.033     8.897     0.000
       304   180.349     7.546     7.574     2.140    -2.144  1817.316  1606.032     8.233     3.222     2.033     8.895     0.000
       305   180.530     7.575     7.590     2.141    -2.136  1817.299  1606.026     8.233     3.222     2.033     8.894     0.000
       306   180.705     7.603     7.605     2.143    -2.129  1817.282  1606.020     8.233     3.222     2.033     8.892     0.000
       307   180.874     7.631     7.621     2.144    -2.121  1817.266  1606.015     8.232     3.222     2.033     8.890     0.000
       308   181.036     7.658     7.636     2.146    -2.114  1817.251  1606.009     8.232     3.222     2.033     8.889     0.000
       309   181.193     7.685     7.651     2.147    -2.107  1817.236  1606.004     8.232     3.221     2.033     8.888     0.000
       310   181.344     7.711     7.665     2.149    -2.100  1817.221  1605.999     8.232     3.221     2.033     8.886     0.000
       311   181.489     7.737     7.680     2.150    -2.094  1817.208  1605.994     8.232     3.221     2.033     8.885     0.000
       312   181.630     7.762     7.694     2.152    -2.087  1817.194  1605.990     8.232     3.221     2.032     8.884     0.000
       313   181.765     7.787     7.709     2.153    -2.081  1817.182  1605.985     8.232     3.221     2.032     8.882     0.000
       314   181.896     7.812     7.723     2.154    -2.075  1817.169  1605.981     8.232     3.221     2.032     8.881     0.000
       315   182.023     7.836     7.737     2.156    -2.069  1817.157  1605.977     8.232     3.221     2.032     8.880     0.000
       316   182.145     7.860     7.751     2.157    -2.063  1817.146  1605.973     8.232     3.221     2.032     8.879     0.000
       317   182.262     7.883     7.765     2.159    -2.058  1817.135  1605.969     8.232     3.221     2.032     8.878     0.000
       318   182.376     7.906     7.778     2.160    -2.053  1817.124  1605.965     8.232     3.220     2.032     8.877     0.000
       319   182.486     7.928     7.792     2.161    -2.047  1817.114  1605.962     8.232     3.220     2.032     8.876     0.000
       320   182.592     7.950     7.805     2.163    -2.042  1817.104  1605.958     8.232     3.220     2.032     8.875     0.000
       321   182.695     7.972     7.819     2.164    -2.037  1817.094  1605.955     8.232     3.220     2.032     8.874     0.000
       322   182.794     7.993     7.832     2.165    -2.033  1817.085  1605.952     8.232     3.220     2.032     8.873     0.000
       323   182.890     8.014     7.845     2.166    -2.028  1817.076  1605.948     8.232     3.220     2.032     8.873     0.000
       324   182.982     8.034     7.858     2.168    -2.023  1817.067  1605.945     8.232     3.220     2.032     8.872     0.000
       325   183.072     8.054     7.871     2.169    -2.019  1817.059  1605.943     8.232     3.220     2.032     8.871     0.000
       326   183.158     8.073     7.884     2.170    -2.015  1817.051  1605.940     8.232     3.220     2.032     8.870     0.000
       327   183.242     8.092     7.897     2.172    -2.011  1817.043  1605.937     8.231     3.220     2.032     8.870     0.000
       328   183.322     8.111     7.909     2.173    -2.007  1817.036  1605.934     8.231     3.220     2.032     8.869     0.000
       329   183.400     8.129     7.922     2.174    -2.003  1817.028  1605.932     8.231     3.220     2.032     8.868     0.000
       330   183.475     8.147     7.935     2.175    -1.999  1817.021  1605.929     8.231     3.220     2.032     8.868     0.000
       331   183.548     8.164     7.947     2.177    -1.996  1817.015  1605.927     8.231     3.220     2.032     8.867     0.000
       332   183.618     8.181     7.959     2.178    -1.992  1817.008  1605.925     8.231     3.220     2.032     8.866     0.000
       333   183.686     8.198     7.972     2.179    -1.989  1817.002  1605.923     8.231     3.220     2.032     8.866     0.000
       334   183.751     8.214     7.984     2.180    -1.985  1816.996  1605.921     8.231     3.219     2.032     8.865     0.000
       335   183.815     8.230     7.996     2.181    -1.982  1816.990  1605.919     8.231     3.219     2.032     8.865     0.000
       336   183.876     8.245     8.008     2.183    -1.979  1816.984  1605.917     8.231     3.219     2.032     8.864     0.000
       337   183.935     8.260     8.020     2.184    -1.976  1816.979  1605.915     8.231     3.219     2.032     8.864     0.000
       338   183.992     8.274     8.032     2.185    -1.973  1816.974  1605.913     8.231     3.219     2.031     8.863     0.000
       339   184.047     8.288     8.044     2.186    -1.971  1816.969  1605.911     8.231     3.219     2.031     8.863     0.000
       340   184.100     8.302     8.056     2.187    -1.968  1816.964  1605.909     8.231     3.219     2.031     8.862     0.000
       341   184.151     8.315     8.068     2.188    -1.965  1816.959  1605.908     8.231     3.219     2.031     8.862     0.000
       342   184.201     8.328     8.080     2.190    -1.963  1816.954  1605.906     8.231     3.219     2.031     8.861     0.000
       343   184.248     8.341     8.092     2.191    -1.961  1816.950  1605.905     8.231     3.219     2.031     8.861     0.000
       344   184.294     8.353     8.103     2.192    -1.958  1816.946  1605.903     8.231     3.219     2.031     8.861     0.000
       345   184.337     8.364     8.115     2.193    -1.956  1816.942  1605.902     8.231     3.219     2.031     8.860     0.000
       346   184.379     8.376     8.127     2.194    -1.954  1816.938  1605.900     8.231     3.219     2.031     8.860     0.000
       347   184.420     8.386     8.138     2.195    -1.952  1816.934  1605.899     8.231     3.219     2.031     8.860     0.000
       348   184.458     8.397     8.150     2.196    -1.950  1816.931  1605.898     8.231     3.219     2.031     8.859     0.000
       349   184.495     8.407     8.162     2.198    -1.948  1816.927  1605.897     8.231     3.219     2.031     8.859     0.000
       350   184.531     8.416     8.173     2.199    -1.947  1816.924  1605.896     8.231     3.219     2.031     8.859     0.000
       351   184.564     8.426     8.185     2.200    -1.945  1816.921  1605.895     8.231     3.219     2.031     8.858     0.000
       352   184.597     8.434     8.196     2.201    -1.943  1816.918  1605.893     8.231     3.219     2.031     8.858     0.000
       353   184.627     8.443     8.208     2.202    -1.942  1816.915  1605.893     8.231     3.219     2.031     8.858     0.000
       354   184.656     8.451     8.219     2.203    -1.941  1816.913  1605.892     8.231     3.219     2.031     8.858     0.000
       355   184.684     8.458     8.231     2.204    -1.939  1816.910  1605.891     8.231     3.219     2.031     8.857     0.000
       356   184.710     8.466     8.242     2.205    -1.938  1816.908  1605.890     8.231     3.219     2.031     8.857     0.000
       357   184.734     8.472     8.254     2.207    -1.937  1816.905  1605.889     8.231     3.219     2.031     8.857     0.000
       358   184.757     8.479     8.265     2.208    -1.936  1816.903  1605.888     8.231     3.219     2.031     8.857     0.000
       359   184.779     8.485     8.276     2.209    -1.935  1816.901  1605.888     8.231     3.219     2.031     8.857     0.000
       360   184.799     8.490     8.288     2.210    -1.934  1816.900  1605.887     8.231     3.219     2.031     8.856     0.000
       361   184.817     8.495     8.299     2.211    -1.933  1816.898  1605.886     8.231     3.219     2.031     8.856     0.000
       362   184.834     8.500     8.310     2.212    -1.932  1816.896  1605.886     8.231     3.219     2.031     8.856     0.000
       363   184.850     8.504     8.322     2.213    -1.932  1816.895  1605.885     8.231     3.219     2.031     8.856     0.000
       364   184.865     8.508     8.333     2.214    -1.931  1816.894  1605.885     8.231     3.219     2.031     8.856     0.000
       365   184.878     8.512     8.344     2.215    -1.931  1816.892  1605.885     8.231     3.219     2.031     8.856     0.000
       366   184.889     8.515     8.355     2.217    -1.930  1816.891  1605.884     8.231     3.219     2.031     8.856     0.000
       367   184.899     8.517     8.367     2.218    -1.930  1816.890  1605.884     8.231     3.219     2.031     8.856     0.000
       368   184.908     8.520     8.378     2.219    -1.930  1816.890  1605.884     8.231     3.219     2.031     8.855     0.000
       369   184.915     8.522     8.389     2.220    -1.930  1816.889  1605.883     8.231     3.219     2.031     8.855     0.000
       370   184.921     8.523     8.401     2.221    -1.930  1816.888  1605.883     8.231     3.219     2.031     8.855     0.000
       371   184.926     8.524     8.412     2.222    -1.930  1816.888  1605.883     8.231     3.219     2.031     8.855     0.000
---------------------- Local maximum rise or fall --------------------
       372   184.929     8.525     8.423     2.223    -1.930  1816.888  1605.883     8.231     3.219     2.031     8.855     0.000
       373   184.932     8.525     8.434     2.224    -1.930  1816.887  1605.883     8.231     3.219     2.031     8.855     0.000
       374   184.934     8.525     8.446     2.225    -1.930  1816.887  1605.883     8.231     3.219     2.031     8.855     0.000
       375   184.935     8.524     8.457     2.226    -1.930  1816.887  1605.883     8.231     3.219     2.031     8.855     0.000
       376   184.937     8.523     8.468     2.228    -1.931  1816.887  1605.883     8.231     3.219     2.031     8.855     0.000
       377   184.940     8.522     8.479     2.229    -1.931  1816.887  1605.883     8.231     3.219     2.031     8.855     0.000
       378   184.942     8.521     8.491     2.230    -1.932  1816.886  1605.882     8.231     3.219     2.031     8.855     0.000
       379   184.945     8.519     8.502     2.231    -1.932  1816.886  1605.882     8.231     3.219     2.031     8.855     0.000
       380   184.949     8.516     8.513     2.232    -1.933  1816.886  1605.882     8.231     3.219     2.031     8.855     0.000
       381   184.953     8.514     8.525     2.233    -1.934  1816.886  1605.882     8.231     3.219     2.031     8.855     0.000
       382   184.957     8.511     8.536     2.234    -1.935  1816.885  1605.882     8.231     3.219     2.031     8.855     0.000
       383   184.961     8.508     8.547     2.235    -1.936  1816.885  1605.882     8.231     3.219     2.031     8.855     0.000
       384   184.966     8.504     8.559     2.236    -1.937  1816.884  1605.882     8.231     3.219     2.031     8.855     0.000
       385   184.972     8.500     8.570     2.238    -1.938  1816.884  1605.882     8.231     3.219     2.031     8.855     0.000
       386   184.977     8.496     8.581     2.239    -1.939  1816.883  1605.881     8.231     3.219     2.031     8.855     0.000
       387   184.984     8.491     8.593     2.240    -1.940  1816.883  1605.881     8.231     3.219     2.031     8.855     0.000
       388   184.990     8.486     8.604     2.241    -1.942  1816.882  1605.881     8.231     3.219     2.031     8.855     0.000
       389   184.997     8.481     8.616     2.242    -1.943  1816.881  1605.881     8.231     3.219     2.031     8.855     0.000
       390   185.005     8.475     8.627     2.243    -1.945  1816.881  1605.881     8.231     3.219     2.031     8.855     0.000
       391   185.012     8.469     8.639     2.244    -1.946  1816.880  1605.880     8.231     3.219     2.031     8.854     0.000
       392   185.021     8.463     8.650     2.245    -1.948  1816.879  1605.880     8.231     3.219     2.031     8.854     0.000
       393   185.029     8.457     8.662     2.247    -1.950  1816.879  1605.880     8.231     3.218     2.031     8.854     0.000
       394   185.038     8.450     8.673     2.248    -1.952  1816.878  1605.879     8.231     3.218     2.031     8.854     0.000
       395   185.048     8.442     8.685     2.249    -1.954  1816.877  1605.879     8.231     3.218     2.031     8.854     0.000
       396   185.058     8.435     8.697     2.250    -1.956  1816.876  1605.879     8.231     3.218     2.031     8.854     0.000
       397   185.069     8.427     8.708     2.251    -1.958  1816.875  1605.878     8.231     3.218     2.031     8.854     0.000
       398   185.080     8.419     8.720     2.252    -1.960  1816.874  1605.878     8.231     3.218     2.031     8.854     0.000
       399   185.092     8.410     8.732     2.253    -1.962  1816.873  1605.878     8.231     3.218     2.031     8.854     0.000
       400   185.104     8.401     8.744     2.255    -1.965  1816.872  1605.877     8.231     3.218     2.031     8.854     0.000
       401   185.117     8.392     8.756     2.256    -1.967  1816.871  1605.877     8.231     3.218     2.031     8.853     0.000
       402   185.130     8.382     8.768     2.257    -1.970  1816.869  1605.877     8.231     3.218     2.031     8.853     0.000
       403   185.144     8.373     8.780     2.258    -1.973  1816.868  1605.876     8.231     3.218     2.031     8.853     0.000
       404   185.159     8.362     8.792     2.259    -1.976  1816.867  1605.876     8.231     3.218     2.031     8.853     0.000
       405   185.174     8.352     8.804     2.260    -1.978  1816.865  1605.875     8.231     3.218     2.031     8.853     0.000
       406   185.190     8.341     8.816     2.262    -1.981  1816.864  1605.875     8.231     3.218     2.031     8.853     0.000
       407   185.207     8.330     8.828     2.263    -1.985  1816.862  1605.874     8.231     3.218     2.031     8.853     0.000
       408   185.224     8.319     8.840     2.264    -1.988  1816.861  1605.874     8.231     3.218     2.031     8.852     0.000
       409   185.242     8.307     8.853     2.265    -1.991  1816.859  1605.873     8.231     3.218     2.031     8.852     0.000
       410   185.261     8.295     8.865     2.266    -1.995  1816.857  1605.872     8.231     3.218     2.031     8.852     0.000
       411   185.281     8.283     8.878     2.268    -1.998  1816.856  1605.872     8.231     3.218     2.031     8.852     0.000
       412   185.302     8.270     8.890     2.269    -2.002  1816.854  1605.871     8.231     3.218     2.031     8.852     0.000
       413   185.323     8.257     8.903     2.270    -2.006  1816.852  1605.870     8.231     3.218     2.031     8.851     0.000
       414   185.345     8.244     8.916     2.271    -2.010  1816.850  1605.870     8.231     3.218     2.031     8.851     0.000
       415   185.369     8.230     8.928     2.273    -2.014  1816.848  1605.869     8.231     3.218     2.031     8.851     0.000
       416   185.393     8.216     8.941     2.274    -2.018  1816.845  1605.868     8.231     3.218     2.031     8.851     0.000
       417   185.418     8.202     8.954     2.275    -2.022  1816.843  1605.867     8.231     3.218     2.031     8.850     0.000
       418   185.445     8.188     8.967     2.276    -2.027  1816.841  1605.867     8.231     3.218     2.031     8.850     0.000
       419   185.473     8.173     8.981     2.278    -2.031  1816.838  1605.866     8.231     3.218     2.031     8.850     0.000
       420   185.502     8.158     8.994     2.279    -2.036  1816.836  1605.865     8.231     3.218     2.031     8.850     0.000
       421   185.533     8.143     9.007     2.280    -2.041  1816.833  1605.864     8.230     3.218     2.031     8.849     0.000
       422   185.564     8.128     9.021     2.282    -2.046  1816.830  1605.863     8.230     3.218     2.031     8.849     0.000
       423   185.598     8.112     9.035     2.283    -2.051  1816.827  1605.862     8.230     3.218     2.031     8.849     0.000
       424   185.633     8.096     9.049     2.284    -2.057  1816.824  1605.861     8.230     3.218     2.031     8.848     0.000
       425   185.669     8.080     9.063     2.286    -2.062  1816.820  1605.859     8.230     3.218     2.031     8.848     0.000
       426   185.708     8.063     9.077     2.287    -2.068  1816.817  1605.858     8.230     3.218     2.031     8.848     0.000
       427   185.748     8.046     9.091     2.288    -2.074  1816.813  1605.857     8.230     3.218     2.031     8.847     0.000
       428   185.790     8.029     9.106     2.290    -2.080  1816.809  1605.856     8.230     3.218     2.031     8.847     0.000
       429   185.835     8.012     9.120     2.291    -2.086  1816.805  1605.854     8.230     3.218     2.031     8.846     0.000
       430   185.881     7.995     9.135     2.293    -2.093  1816.801  1605.853     8.230     3.218     2.031     8.846     0.000
       431   185.930     7.977     9.150     2.294    -2.100  1816.797  1605.851     8.230     3.218     2.031     8.846     0.000
       432   185.981     7.959     9.166     2.296    -2.107  1816.792  1605.850     8.230     3.218     2.031     8.845     0.000
       433   186.035     7.941     9.181     2.297    -2.114  1816.787  1605.848     8.230     3.218     2.031     8.845     0.000
       434   186.092     7.923     9.197     2.299    -2.121  1816.782  1605.846     8.230     3.218     2.031     8.844     0.000
       435   186.152     7.904     9.213     2.300    -2.129  1816.777  1605.844     8.230     3.218     2.031     8.843     0.000
       436   186.216     7.885     9.229     2.302    -2.137  1816.771  1605.842     8.230     3.217     2.030     8.843     0.000
       437   186.282     7.866     9.245     2.303    -2.145  1816.765  1605.840     8.230     3.217     2.030     8.842     0.000
       438   186.353     7.847     9.262     2.305    -2.153  1816.759  1605.838     8.230     3.217     2.030     8.842     0.000
       439   186.427     7.828     9.279     2.307    -2.162  1816.752  1605.836     8.230     3.217     2.030     8.841     0.000
       440   186.506     7.809     9.296     2.308    -2.171  1816.745  1605.833     8.230     3.217     2.030     8.840     0.000
       441   186.589     7.789     9.313     2.310    -2.180  1816.737  1605.831     8.230     3.217     2.030     8.839     0.000
       442   186.678     7.769     9.331     2.312    -2.190  1816.730  1605.828     8.230     3.217     2.030     8.838     0.000
       443   186.772     7.750     9.349     2.313    -2.200  1816.721  1605.825     8.230     3.217     2.030     8.838     0.000
       444   186.872     7.730     9.368     2.315    -2.210  1816.712  1605.822     8.230     3.217     2.030     8.837     0.000
       445   186.978     7.710     9.387     2.317    -2.221  1816.703  1605.818     8.230     3.217     2.030     8.836     0.000
       446   187.091     7.690     9.406     2.319    -2.232  1816.693  1605.815     8.230     3.217     2.030     8.835     0.000
       447   187.213     7.670     9.426     2.321    -2.243  1816.682  1605.811     8.230     3.217     2.030     8.833     0.000
       448   187.342     7.650     9.446     2.323    -2.255  1816.670  1605.807     8.230     3.217     2.030     8.832     0.000
       449   187.481     7.630     9.466     2.325    -2.268  1816.658  1605.803     8.230     3.216     2.030     8.831     0.000
       450   187.630     7.610     9.487     2.327    -2.280  1816.645  1605.798     8.230     3.216     2.030     8.830     0.000
       451   187.790     7.590     9.509     2.329    -2.294  1816.630  1605.793     8.230     3.216     2.030     8.828     0.000
       452   187.963     7.570     9.531     2.331    -2.308  1816.615  1605.788     8.230     3.216     2.030     8.826     0.000
       453   188.150     7.550     9.554     2.333    -2.323  1816.599  1605.782     8.230     3.216     2.030     8.825     0.000
       454   188.352     7.531     9.578     2.335    -2.338  1816.581  1605.776     8.229     3.216     2.030     8.823     0.000
       455   188.573     7.512     9.602     2.338    -2.354  1816.561  1605.769     8.229     3.216     2.029     8.821     0.000
       456   188.814     7.493     9.627     2.340    -2.371  1816.540  1605.762     8.229     3.215     2.029     8.819     0.000
       457   189.078     7.474     9.653     2.343    -2.389  1816.517  1605.754     8.229     3.215     2.029     8.816     0.000
       458   189.369     7.457     9.681     2.345    -2.407  1816.492  1605.745     8.229     3.215     2.029     8.814     0.000
       459   189.692     7.439     9.709     2.348    -2.427  1816.464  1605.735     8.229     3.215     2.029     8.811     0.000
       460   190.051     7.423     9.738     2.351    -2.448  1816.433  1605.724     8.229     3.214     2.029     8.807     0.000
       461   190.454     7.408     9.769     2.354    -2.470  1816.398  1605.712     8.229     3.214     2.029     8.804     0.000
       462   190.911     7.394     9.802     2.357    -2.494  1816.359  1605.699     8.229     3.214     2.028     8.800     0.000
       463   191.435     7.382     9.836     2.360    -2.520  1816.314  1605.683     8.228     3.213     2.028     8.795     0.000
       464   192.043     7.372     9.873     2.364    -2.547  1816.262  1605.665     8.228     3.213     2.028     8.789     0.000
       465   192.761     7.365     9.913     2.367    -2.578  1816.202  1605.644     8.228     3.212     2.028     8.783     0.000
       466   193.583     7.361     9.956     2.371    -2.611  1816.133  1605.620     8.228     3.212     2.027     8.776     0.000
       467   194.489     7.359    10.003     2.376    -2.648  1816.058  1605.594     8.228     3.211     2.027     8.768     0.000
       468   195.489     7.360    10.055     2.380    -2.688  1815.976  1605.565     8.227     3.210     2.026     8.759     0.000
       469   196.619     7.365    10.112     2.386    -2.734  1815.884  1605.533     8.227     3.209     2.026     8.749     0.000
       470   197.947     7.374    10.176     2.392    -2.786  1815.777  1605.496     8.227     3.208     2.025     8.738     0.000
       471   199.567     7.392    10.251     2.398    -2.848  1815.649  1605.451     8.226     3.207     2.024     8.724     0.000
       472   201.641     7.422    10.343     2.407    -2.924  1815.488  1605.395     8.226     3.206     2.024     8.707     0.000
       473   204.504     7.472    10.465     2.417    -3.026  1815.272  1605.320     8.225     3.203     2.022     8.683     0.000
       474   208.594     7.556    10.633     2.432    -3.167  1814.972  1605.216     8.224     3.201     2.021     8.650     0.000
       475   212.766     7.662    10.800     2.446    -3.307  1814.678  1605.113     8.223     3.198     2.019     8.617     0.000
---------------------------- Plume traps -----------------------------
       476   217.021     7.796    10.965     2.460    -3.441  1814.391  1605.013     8.223     3.195     2.017     8.585     0.000
       477   220.337     7.946    11.089     2.470    -3.541  1814.174  1604.938     8.222     3.193     2.016     8.560     0.000
       478   222.520     8.090    11.162     2.476    -3.598  1814.035  1604.889     8.222     3.191     2.015     8.544     0.000
       479   224.345     8.219    11.214     2.480    -3.638  1813.921  1604.849     8.222     3.190     2.014     8.530     0.000
       480   225.757     8.330    11.254     2.484    -3.668  1813.834  1604.819     8.222     3.189     2.013     8.520     0.000
       481   226.991     8.426    11.291     2.487    -3.696  1813.759  1604.793     8.222     3.188     2.013     8.511     0.000
       482   228.063     8.512    11.326     2.489    -3.722  1813.694  1604.770     8.222     3.187     2.013     8.503     0.000
       483   229.040     8.591    11.361     2.492    -3.747  1813.635  1604.750     8.222     3.187     2.012     8.496     0.000
       484   229.925     8.666    11.395     2.495    -3.771  1813.583  1604.732     8.222     3.186     2.012     8.490     0.000
       485   230.739     8.737    11.429     2.498    -3.795  1813.535  1604.715     8.222     3.186     2.011     8.484     0.000
       486   231.487     8.806    11.462     2.500    -3.818  1813.491  1604.700     8.222     3.185     2.011     8.479     0.000
       487   232.180     8.872    11.494     2.503    -3.839  1813.451  1604.686     8.221     3.185     2.011     8.474     0.000
       488   232.821     8.936    11.525     2.505    -3.860  1813.414  1604.673     8.221     3.184     2.011     8.469     0.000
       489   233.416     8.999    11.555     2.508    -3.880  1813.380  1604.661     8.221     3.184     2.010     8.465     0.000
       490   233.970     9.059    11.585     2.510    -3.900  1813.348  1604.650     8.221     3.184     2.010     8.461     0.000
       491   234.486     9.118    11.614     2.512    -3.918  1813.319  1604.640     8.221     3.183     2.010     8.457     0.000
       492   234.968     9.175    11.642     2.514    -3.936  1813.291  1604.630     8.221     3.183     2.010     8.454     0.000
       493   235.419     9.231    11.670     2.516    -3.953  1813.266  1604.621     8.221     3.183     2.010     8.451     0.000
       494   235.841     9.285    11.697     2.519    -3.969  1813.242  1604.613     8.221     3.182     2.009     8.448     0.000
       495   236.239     9.338    11.723     2.521    -3.985  1813.220  1604.605     8.221     3.182     2.009     8.445     0.000
       496   236.612     9.390    11.749     2.523    -4.001  1813.199  1604.598     8.221     3.182     2.009     8.442     0.000
       497   236.964     9.441    11.774     2.525    -4.015  1813.179  1604.591     8.221     3.182     2.009     8.440     0.000
       498   237.296     9.490    11.799     2.527    -4.029  1813.161  1604.585     8.221     3.182     2.009     8.437     0.000
       499   237.611     9.538    11.823     2.528    -4.043  1813.144  1604.579     8.221     3.181     2.009     8.435     0.000
       500   237.918     9.586    11.847     2.530    -4.056  1813.127  1604.573     8.221     3.181     2.009     8.433     0.000
       501   238.215     9.632    11.872     2.532    -4.069  1813.110  1604.567     8.221     3.181     2.008     8.431     0.000
       502   238.503     9.678    11.896     2.534    -4.082  1813.094  1604.561     8.221     3.181     2.008     8.429     0.000
       503   238.783     9.723    11.920     2.536    -4.095  1813.079  1604.556     8.221     3.181     2.008     8.427     0.000
       504   239.055     9.767    11.943     2.538    -4.107  1813.064  1604.551     8.221     3.180     2.008     8.425     0.000
       505   239.319     9.811    11.967     2.539    -4.119  1813.050  1604.546     8.221     3.180     2.008     8.423     0.000
       506   239.576     9.854    11.991     2.541    -4.131  1813.036  1604.541     8.221     3.180     2.008     8.421     0.000
       507   239.826     9.896    12.014     2.543    -4.142  1813.022  1604.536     8.221     3.180     2.008     8.420     0.000
       508   240.069     9.938    12.038     2.545    -4.154  1813.009  1604.532     8.221     3.180     2.008     8.418     0.000
       509   240.305     9.979    12.061     2.547    -4.165  1812.996  1604.527     8.221     3.180     2.008     8.416     0.000
       510   240.534    10.019    12.084     2.548    -4.176  1812.984  1604.523     8.221     3.179     2.007     8.415     0.000
       511   240.758    10.059    12.108     2.550    -4.186  1812.972  1604.519     8.221     3.179     2.007     8.413     0.000
       512   240.975    10.098    12.131     2.552    -4.196  1812.960  1604.515     8.221     3.179     2.007     8.412     0.000
       513   241.186    10.137    12.154     2.554    -4.207  1812.949  1604.511     8.221     3.179     2.007     8.410     0.000
       514   241.391    10.175    12.177     2.555    -4.216  1812.938  1604.507     8.221     3.179     2.007     8.409     0.000
       515   241.591    10.212    12.199     2.557    -4.226  1812.927  1604.503     8.221     3.179     2.007     8.408     0.000
       516   241.785    10.249    12.222     2.559    -4.235  1812.917  1604.500     8.221     3.179     2.007     8.406     0.000
       517   241.973    10.285    12.245     2.561    -4.245  1812.907  1604.496     8.221     3.179     2.007     8.405     0.000
       518   242.157    10.321    12.267     2.562    -4.254  1812.897  1604.493     8.221     3.178     2.007     8.404     0.000
       519   242.335    10.355    12.290     2.564    -4.262  1812.887  1604.489     8.221     3.178     2.007     8.403     0.000
       520   242.508    10.390    12.312     2.566    -4.271  1812.878  1604.486     8.221     3.178     2.007     8.401     0.000
       521   242.676    10.423    12.334     2.567    -4.279  1812.869  1604.483     8.221     3.178     2.007     8.400     0.000
       522   242.840    10.456    12.357     2.569    -4.287  1812.860  1604.480     8.221     3.178     2.007     8.399     0.000
       523   242.999    10.488    12.379     2.571    -4.295  1812.852  1604.477     8.221     3.178     2.006     8.398     0.000
       524   243.153    10.520    12.401     2.572    -4.303  1812.844  1604.474     8.221     3.178     2.006     8.397     0.000
       525   243.303    10.551    12.423     2.574    -4.310  1812.836  1604.471     8.221     3.178     2.006     8.396     0.000
       526   243.448    10.582    12.445     2.576    -4.318  1812.828  1604.469     8.221     3.178     2.006     8.395     0.000
       527   243.589    10.611    12.467     2.577    -4.325  1812.821  1604.466     8.221     3.178     2.006     8.394     0.000
       528   243.726    10.641    12.489     2.579    -4.332  1812.814  1604.464     8.221     3.178     2.006     8.393     0.000
       529   243.859    10.669    12.510     2.581    -4.338  1812.807  1604.461     8.221     3.177     2.006     8.392     0.000
       530   243.988    10.697    12.532     2.582    -4.345  1812.800  1604.459     8.221     3.177     2.006     8.391     0.000
       531   244.114    10.724    12.554     2.584    -4.351  1812.793  1604.457     8.221     3.177     2.006     8.390     0.000
       532   244.235    10.751    12.575     2.586    -4.358  1812.787  1604.454     8.221     3.177     2.006     8.390     0.000
       533   244.353    10.777    12.597     2.587    -4.364  1812.781  1604.452     8.221     3.177     2.006     8.389     0.000
       534   244.466    10.802    12.618     2.589    -4.369  1812.775  1604.450     8.221     3.177     2.006     8.388     0.000
       535   244.577    10.827    12.640     2.590    -4.375  1812.769  1604.448     8.221     3.177     2.006     8.387     0.000
       536   244.684    10.851    12.661     2.592    -4.381  1812.764  1604.446     8.221     3.177     2.006     8.387     0.000
       537   244.787    10.875    12.682     2.594    -4.386  1812.758  1604.444     8.221     3.177     2.006     8.386     0.000
       538   244.887    10.898    12.703     2.595    -4.391  1812.753  1604.443     8.221     3.177     2.006     8.385     0.000
       539   244.984    10.920    12.724     2.597    -4.396  1812.748  1604.441     8.221     3.177     2.006     8.385     0.000
       540   245.077    10.942    12.746     2.598    -4.401  1812.743  1604.439     8.221     3.177     2.006     8.384     0.000
       541   245.168    10.963    12.767     2.600    -4.405  1812.738  1604.437     8.221     3.177     2.006     8.383     0.000
       542   245.255    10.983    12.788     2.602    -4.410  1812.734  1604.436     8.221     3.177     2.006     8.383     0.000
       543   245.339    11.003    12.809     2.603    -4.414  1812.729  1604.434     8.221     3.177     2.006     8.382     0.000
       544   245.420    11.022    12.830     2.605    -4.418  1812.725  1604.433     8.221     3.177     2.006     8.382     0.000
       545   245.498    11.041    12.850     2.606    -4.422  1812.721  1604.431     8.221     3.176     2.005     8.381     0.000
       546   245.573    11.058    12.871     2.608    -4.426  1812.717  1604.430     8.221     3.176     2.005     8.381     0.000
       547   245.645    11.076    12.892     2.609    -4.430  1812.714  1604.429     8.221     3.176     2.005     8.380     0.000
       548   245.715    11.092    12.913     2.611    -4.433  1812.710  1604.428     8.221     3.176     2.005     8.380     0.000
       549   245.781    11.108    12.934     2.613    -4.436  1812.707  1604.426     8.221     3.176     2.005     8.379     0.000
       550   245.845    11.124    12.954     2.614    -4.440  1812.703  1604.425     8.221     3.176     2.005     8.379     0.000
       551   245.906    11.138    12.975     2.616    -4.443  1812.700  1604.424     8.221     3.176     2.005     8.379     0.000
       552   245.964    11.153    12.995     2.617    -4.446  1812.697  1604.423     8.221     3.176     2.005     8.378     0.000
       553   246.020    11.166    13.016     2.619    -4.448  1812.694  1604.422     8.221     3.176     2.005     8.378     0.000
       554   246.073    11.179    13.037     2.620    -4.451  1812.691  1604.421     8.221     3.176     2.005     8.377     0.000
       555   246.123    11.191    13.057     2.622    -4.453  1812.689  1604.420     8.221     3.176     2.005     8.377     0.000
       556   246.171    11.203    13.078     2.623    -4.456  1812.686  1604.419     8.221     3.176     2.005     8.377     0.000
       557   246.216    11.214    13.098     2.625    -4.458  1812.684  1604.419     8.221     3.176     2.005     8.377     0.000
       558   246.259    11.224    13.119     2.626    -4.460  1812.682  1604.418     8.221     3.176     2.005     8.376     0.000
       559   246.299    11.234    13.139     2.628    -4.462  1812.680  1604.417     8.221     3.176     2.005     8.376     0.000
       560   246.337    11.243    13.159     2.629    -4.463  1812.678  1604.416     8.221     3.176     2.005     8.376     0.000
       561   246.372    11.252    13.180     2.631    -4.465  1812.676  1604.416     8.221     3.176     2.005     8.376     0.000
       562   246.405    11.260    13.200     2.632    -4.466  1812.674  1604.415     8.221     3.176     2.005     8.375     0.000
       563   246.436    11.267    13.221     2.634    -4.467  1812.673  1604.415     8.221     3.176     2.005     8.375     0.000
       564   246.464    11.273    13.241     2.636    -4.469  1812.671  1604.414     8.221     3.176     2.005     8.375     0.000
       565   246.489    11.279    13.261     2.637    -4.469  1812.670  1604.414     8.221     3.176     2.005     8.375     0.000
       566   246.513    11.285    13.282     2.639    -4.470  1812.669  1604.413     8.221     3.176     2.005     8.375     0.000
       567   246.534    11.290    13.302     2.640    -4.471  1812.668  1604.413     8.221     3.176     2.005     8.374     0.000
       568   246.553    11.294    13.322     2.642    -4.472  1812.667  1604.413     8.221     3.176     2.005     8.374     0.000
       569   246.569    11.297    13.343     2.643    -4.472  1812.666  1604.412     8.221     3.176     2.005     8.374     0.000
       570   246.584    11.300    13.363     2.645    -4.472  1812.665  1604.412     8.221     3.176     2.005     8.374     0.000
       571   246.596    11.302    13.383     2.646    -4.472  1812.665  1604.412     8.221     3.176     2.005     8.374     0.000
---------------------- Local maximum rise or fall --------------------
       572   246.607    11.304    13.403     2.648    -4.472  1812.664  1604.412     8.221     3.176     2.005     8.374     0.000
-------------------- Starting Farfield Calculations --------------------
Farfield dispersion based on wastefield width of :     101.11 (m)
4/3 Power Law based Eddy Diffusivity is used:
  Dilution     Width  Distance      Time        TA       DIC        pH    OmegaC    OmegaA
        ()       (m)       (m)    (hrs.) (mmol/m3) (mmol/m3)   (total)        ()        ()
   246.607   103.402    13.662     0.038  1812.664  1604.412     8.221     3.176     2.005
   246.607   103.518    14.000     0.040  1812.664  1604.412     8.221     3.172     2.003
   246.607   103.860    15.000     0.045  1812.664  1604.412     8.221     3.172     2.003
   246.607   104.203    16.000     0.051  1812.664  1604.412     8.221     3.172     2.003
   246.607   104.546    17.000     0.057  1812.664  1604.412     8.221     3.172     2.003
   246.607   104.889    18.000     0.062  1812.664  1604.412     8.221     3.172     2.003
   246.607   105.233    19.000     0.068  1812.664  1604.412     8.221     3.172     2.003
   246.607   105.577    20.000     0.073  1812.664  1604.412     8.221     3.172     2.003
   246.607   105.921    21.000     0.079  1812.664  1604.412     8.221     3.172     2.003
   246.607   106.266    22.000     0.085  1812.664  1604.412     8.221     3.172     2.003
   246.607   106.610    23.000     0.090  1812.664  1604.411     8.221     3.172     2.003
   246.607   106.953    24.000     0.096  1812.664  1604.411     8.221     3.172     2.003
   246.607   107.297    25.000     0.101  1812.664  1604.411     8.221     3.172     2.003
   246.607   107.641    26.000     0.107  1812.664  1604.411     8.221     3.172     2.003
   246.608   107.985    27.000     0.113  1812.664  1604.411     8.221     3.172     2.003
   246.609   108.330    28.000     0.118  1812.664  1604.411     8.221     3.172     2.003
   246.610   108.675    29.000     0.124  1812.664  1604.411     8.221     3.172     2.003
   246.611   109.021    30.000     0.129  1812.664  1604.411     8.221     3.172     2.003
   246.613   109.367    31.000     0.135  1812.660  1604.410     8.221     3.172     2.003
   246.617   109.712    32.000     0.141  1812.660  1604.410     8.221     3.172     2.003
   246.621   110.058    33.000     0.146  1812.660  1604.410     8.221     3.172     2.003
   246.626   110.404    34.000     0.152  1812.660  1604.410     8.221     3.172     2.003
   246.633   110.751    35.000     0.157  1812.660  1604.410     8.221     3.172     2.003
   246.642   111.098    36.000     0.163  1812.660  1604.410     8.221     3.172     2.003
   246.653   111.445    37.000     0.168  1812.660  1604.410     8.221     3.172     2.003
   246.666   111.792    38.000     0.174  1812.660  1604.410     8.221     3.172     2.003
   246.682   112.140    39.000     0.180  1812.660  1604.410     8.221     3.172     2.003
   246.701   112.489    40.000     0.185  1812.644  1604.405     8.221     3.172     2.003
   246.723   112.837    41.000     0.191  1812.644  1604.405     8.221     3.172     2.003
   246.749   113.185    42.000     0.196  1812.644  1604.405     8.221     3.172     2.003
   246.778   113.534    43.000     0.202  1812.644  1604.405     8.221     3.172     2.003
   246.812   113.884    44.000     0.207  1812.644  1604.405     8.221     3.172     2.003
   246.850   114.233    45.000     0.213  1812.644  1604.405     8.221     3.172     2.003
   246.893   114.583    46.000     0.218  1812.644  1604.405     8.221     3.172     2.003
   246.941   114.934    47.000     0.224  1812.644  1604.405     8.221     3.172     2.003
   246.994   115.284    48.000     0.230  1812.644  1604.405     8.221     3.172     2.003
   247.052   115.635    49.000     0.235  1812.608  1604.392     8.221     3.172     2.003
   247.115   115.986    50.000     0.241  1812.608  1604.392     8.221     3.172     2.003
   247.185   116.338    51.000     0.246  1812.608  1604.392     8.221     3.172     2.003
   247.260   116.689    52.000     0.252  1812.608  1604.392     8.221     3.172     2.003
   247.342   117.041    53.000     0.257  1812.608  1604.392     8.221     3.172     2.003
   247.429   117.394    54.000     0.263  1812.608  1604.392     8.221     3.172     2.003
   247.524   117.747    55.000     0.268  1812.608  1604.392     8.221     3.172     2.003
   247.624   118.100    56.000     0.274  1812.608  1604.392     8.221     3.172     2.003
   247.731   118.453    57.000     0.280  1812.548  1604.371     8.221     3.171     2.002
   247.845   118.807    58.000     0.285  1812.548  1604.371     8.221     3.171     2.002
   247.965   119.161    59.000     0.291  1812.548  1604.371     8.221     3.171     2.002
   248.093   119.515    60.000     0.296  1812.548  1604.371     8.221     3.171     2.002
   248.227   119.869    61.000     0.302  1812.548  1604.371     8.221     3.171     2.002
   248.368   120.224    62.000     0.307  1812.548  1604.371     8.221     3.171     2.002
   248.516   120.579    63.000     0.313  1812.548  1604.371     8.221     3.171     2.002
   248.671   120.935    64.000     0.318  1812.548  1604.371     8.221     3.171     2.002
   248.833   121.291    65.000     0.324  1812.548  1604.371     8.221     3.171     2.002
   249.002   121.647    66.000     0.330  1812.462  1604.341     8.221     3.170     2.002
   249.177   122.003    67.000     0.335  1812.462  1604.341     8.221     3.170     2.002
   249.360   122.360    68.000     0.341  1812.462  1604.341     8.221     3.170     2.002
   249.549   122.717    69.000     0.346  1812.462  1604.341     8.221     3.170     2.002
   249.746   123.074    70.000     0.352  1812.462  1604.341     8.221     3.170     2.002
   249.949   123.432    71.000     0.357  1812.462  1604.341     8.221     3.170     2.002
   250.159   123.790    72.000     0.363  1812.462  1604.341     8.221     3.170     2.002
   250.376   124.148    73.000     0.368  1812.462  1604.341     8.221     3.170     2.002
   250.599   124.507    74.000     0.374  1812.462  1604.341     8.221     3.170     2.002
   250.830   124.866    75.000     0.379  1812.353  1604.303     8.221     3.169     2.001
   251.066   125.225    76.000     0.385  1812.353  1604.303     8.221     3.169     2.001
   251.310   125.584    77.000     0.391  1812.353  1604.303     8.221     3.169     2.001
   251.559   125.944    78.000     0.396  1812.353  1604.303     8.221     3.169     2.001
   251.815   126.304    79.000     0.402  1812.353  1604.303     8.221     3.169     2.001
   252.078   126.665    80.000     0.407  1812.353  1604.303     8.221     3.169     2.001
   252.347   127.025    81.000     0.413  1812.353  1604.303     8.221     3.169     2.001
   252.622   127.387    82.000     0.418  1812.353  1604.303     8.221     3.169     2.001
   252.903   127.748    83.000     0.424  1812.353  1604.303     8.221     3.169     2.001
   253.190   128.110    84.000     0.429  1812.222  1604.258     8.221     3.167     2.000
   253.483   128.471    85.000     0.435  1812.222  1604.258     8.221     3.167     2.000
   253.782   128.834    86.000     0.440  1812.222  1604.258     8.221     3.167     2.000
   254.087   129.196    87.000     0.446  1812.222  1604.258     8.221     3.167     2.000
   254.398   129.559    88.000     0.451  1812.222  1604.258     8.221     3.167     2.000
   254.715   129.922    89.000     0.457  1812.222  1604.258     8.221     3.167     2.000
   255.037   130.286    90.000     0.463  1812.222  1604.258     8.221     3.167     2.000
   255.364   130.650    91.000     0.468  1812.222  1604.258     8.221     3.167     2.000
   255.697   131.014    92.000     0.474  1812.074  1604.206     8.221     3.166     1.999
   256.035   131.379    93.000     0.479  1812.074  1604.206     8.221     3.166     1.999
   256.379   131.743    94.000     0.485  1812.074  1604.206     8.221     3.166     1.999
   256.728   132.108    95.000     0.490  1812.074  1604.206     8.221     3.166     1.999
   257.082   132.474    96.000     0.496  1812.074  1604.206     8.221     3.166     1.999
   257.441   132.839    97.000     0.501  1812.074  1604.206     8.221     3.166     1.999
   257.805   133.205    98.000     0.507  1812.074  1604.206     8.221     3.166     1.999
   258.174   133.572    99.000     0.512  1812.074  1604.206     8.221     3.166     1.999
   258.548   133.939   100.000     0.518  1812.074  1604.206     8.221     3.166     1.999
   258.927   134.306   101.000     0.523  1811.910  1604.149     8.221     3.164     1.998
............................. Reached Chronic Mixing Zone ..........................
   259.310   134.673   102.000     0.529  1811.910  1604.149     8.221     3.164     1.998
   259.698   135.040   103.000     0.534  1811.910  1604.149     8.221     3.164     1.998
   260.090   135.408   104.000     0.540  1811.910  1604.149     8.221     3.164     1.998
   260.488   135.776   105.000     0.546  1811.910  1604.149     8.221     3.164     1.998
   260.889   136.145   106.000     0.551  1811.910  1604.149     8.221     3.164     1.998
   261.295   136.514   107.000     0.557  1811.910  1604.149     8.221     3.164     1.998
   261.705   136.883   108.000     0.562  1811.910  1604.149     8.221     3.164     1.998
   262.120   137.253   109.000     0.568  1811.910  1604.149     8.221     3.164     1.998
   262.538   137.622   110.000     0.573  1811.734  1604.088     8.221     3.162     1.996
   262.961   137.992   111.000     0.579  1811.734  1604.088     8.221     3.162     1.996
   263.388   138.363   112.000     0.584  1811.734  1604.088     8.221     3.162     1.996
   263.818   138.734   113.000     0.590  1811.734  1604.088     8.221     3.162     1.996
   264.253   139.105   114.000     0.595  1811.734  1604.088     8.221     3.162     1.996
   264.692   139.476   115.000     0.601  1811.734  1604.088     8.221     3.162     1.996
   265.134   139.848   116.000     0.606  1811.734  1604.088     8.221     3.162     1.996
   265.580   140.220   117.000     0.612  1811.734  1604.088     8.221     3.162     1.996
   266.030   140.592   118.000     0.617  1811.548  1604.023     8.221     3.160     1.995
   266.483   140.965   119.000     0.623  1811.548  1604.023     8.221     3.160     1.995
   266.940   141.338   120.000     0.628  1811.548  1604.023     8.221     3.160     1.995
   267.401   141.711   121.000     0.634  1811.548  1604.023     8.221     3.160     1.995
   267.865   142.084   122.000     0.640  1811.548  1604.023     8.221     3.160     1.995
   268.332   142.458   123.000     0.645  1811.548  1604.023     8.221     3.160     1.995
   268.803   142.832   124.000     0.651  1811.548  1604.023     8.221     3.160     1.995
   269.278   143.207   125.000     0.656  1811.548  1604.023     8.221     3.160     1.995
   269.755   143.582   126.000     0.662  1811.548  1604.023     8.221     3.160     1.995
   270.236   143.957   127.000     0.667  1811.354  1603.955     8.221     3.158     1.994
   270.720   144.332   128.000     0.673  1811.354  1603.955     8.221     3.158     1.994
   271.207   144.708   129.000     0.678  1811.354  1603.955     8.221     3.158     1.994
   271.697   145.084   130.000     0.684  1811.354  1603.955     8.221     3.158     1.994
   272.190   145.461   131.000     0.689  1811.354  1603.955     8.221     3.158     1.994
   272.686   145.837   132.000     0.695  1811.354  1603.955     8.221     3.158     1.994
   273.185   146.214   133.000     0.700  1811.354  1603.955     8.221     3.158     1.994
   273.687   146.592   134.000     0.706  1811.354  1603.955     8.221     3.158     1.994
   274.192   146.969   135.000     0.711  1811.354  1603.955     8.221     3.158     1.994
   274.700   147.347   136.000     0.717  1811.153  1603.885     8.221     3.156     1.992
   275.211   147.726   137.000     0.722  1811.153  1603.885     8.221     3.156     1.992
   275.724   148.104   138.000     0.728  1811.153  1603.885     8.221     3.156     1.992
   276.240   148.483   139.000     0.733  1811.153  1603.885     8.221     3.156     1.992
   276.759   148.862   140.000     0.739  1811.153  1603.885     8.221     3.156     1.992
   277.280   149.242   141.000     0.744  1811.153  1603.885     8.221     3.156     1.992
   277.804   149.622   142.000     0.750  1811.153  1603.885     8.221     3.156     1.992
   278.331   150.002   143.000     0.756  1811.153  1603.885     8.221     3.156     1.992
   278.860   150.382   144.000     0.761  1811.153  1603.885     8.221     3.156     1.992
   279.392   150.763   145.000     0.767  1810.948  1603.814     8.221     3.153     1.991
   279.926   151.144   146.000     0.772  1810.948  1603.814     8.221     3.153     1.991
   280.463   151.526   147.000     0.778  1810.948  1603.814     8.221     3.153     1.991
   281.002   151.907   148.000     0.783  1810.948  1603.814     8.221     3.153     1.991
   281.543   152.289   149.000     0.789  1810.948  1603.814     8.221     3.153     1.991
   282.087   152.672   150.000     0.794  1810.948  1603.814     8.221     3.153     1.991
   282.633   153.055   151.000     0.800  1810.948  1603.814     8.221     3.153     1.991
   283.181   153.438   152.000     0.805  1810.948  1603.814     8.221     3.153     1.991
   283.732   153.821   153.000     0.811  1810.740  1603.741     8.221     3.151     1.989
   284.285   154.204   154.000     0.816  1810.740  1603.741     8.221     3.151     1.989
   284.840   154.588   155.000     0.822  1810.740  1603.741     8.221     3.151     1.989
   285.397   154.973   156.000     0.827  1810.740  1603.741     8.221     3.151     1.989
   285.956   155.357   157.000     0.833  1810.740  1603.741     8.221     3.151     1.989
   286.518   155.742   158.000     0.838  1810.740  1603.741     8.221     3.151     1.989
   287.081   156.127   159.000     0.844  1810.740  1603.741     8.221     3.151     1.989
   287.647   156.513   160.000     0.849  1810.740  1603.741     8.221     3.151     1.989
   288.215   156.898   161.000     0.855  1810.740  1603.741     8.221     3.151     1.989
   288.785   157.285   162.000     0.860  1810.529  1603.668     8.221     3.149     1.988
   289.356   157.671   163.000     0.866  1810.529  1603.668     8.221     3.149     1.988
   289.930   158.058   164.000     0.871  1810.529  1603.668     8.221     3.149     1.988
   290.506   158.445   165.000     0.877  1810.529  1603.668     8.221     3.149     1.988
   291.083   158.832   166.000     0.883  1810.529  1603.668     8.221     3.149     1.988
   291.663   159.220   167.000     0.888  1810.529  1603.668     8.221     3.149     1.988
   292.244   159.608   168.000     0.894  1810.529  1603.668     8.221     3.149     1.988
   292.828   159.996   169.000     0.899  1810.529  1603.668     8.221     3.149     1.988
   293.413   160.385   170.000     0.905  1810.529  1603.668     8.221     3.149     1.988
   294.000   160.774   171.000     0.910  1810.317  1603.594     8.221     3.146     1.986
   294.588   161.163   172.000     0.916  1810.317  1603.594     8.221     3.146     1.986
   295.179   161.552   173.000     0.921  1810.317  1603.594     8.221     3.146     1.986
   295.771   161.942   174.000     0.927  1810.317  1603.594     8.221     3.146     1.986
   296.365   162.332   175.000     0.932  1810.317  1603.594     8.221     3.146     1.986
   296.961   162.723   176.000     0.938  1810.317  1603.594     8.221     3.146     1.986
   297.559   163.114   177.000     0.943  1810.317  1603.594     8.221     3.146     1.986
   298.158   163.505   178.000     0.949  1810.317  1603.594     8.221     3.146     1.986
   298.759   163.896   179.000     0.954  1810.317  1603.594     8.221     3.146     1.986
   299.361   164.288   180.000     0.960  1810.105  1603.520     8.220     3.144     1.985
   299.965   164.680   181.000     0.965  1810.105  1603.520     8.220     3.144     1.985
   300.571   165.072   182.000     0.971  1810.105  1603.520     8.220     3.144     1.985
   301.178   165.465   183.000     0.976  1810.105  1603.520     8.220     3.144     1.985
   301.787   165.858   184.000     0.982  1810.105  1603.520     8.220     3.144     1.985
   302.397   166.251   185.000     0.987  1810.105  1603.520     8.220     3.144     1.985
   303.010   166.644   186.000     0.993  1810.105  1603.520     8.220     3.144     1.985
   303.623   167.038   187.000     0.998  1810.105  1603.520     8.220     3.144     1.985
   304.238   167.432   188.000     1.004  1809.892  1603.446     8.220     3.142     1.983
   304.855   167.827   189.000     1.010  1809.892  1603.446     8.220     3.142     1.983
   305.473   168.222   190.000     1.015  1809.892  1603.446     8.220     3.142     1.983
   306.092   168.617   191.000     1.021  1809.892  1603.446     8.220     3.142     1.983
   306.713   169.012   192.000     1.026  1809.892  1603.446     8.220     3.142     1.983
   307.336   169.408   193.000     1.032  1809.892  1603.446     8.220     3.142     1.983
   307.960   169.804   194.000     1.037  1809.892  1603.446     8.220     3.142     1.983
   308.585   170.200   195.000     1.043  1809.892  1603.446     8.220     3.142     1.983
   309.212   170.597   196.000     1.048  1809.892  1603.446     8.220     3.142     1.983
   309.840   170.994   197.000     1.054  1809.679  1603.372     8.220     3.139     1.982
   310.470   171.391   198.000     1.059  1809.679  1603.372     8.220     3.139     1.982
   311.100   171.789   199.000     1.065  1809.679  1603.372     8.220     3.139     1.982
   311.733   172.186   200.000     1.070  1809.679  1603.372     8.220     3.139     1.982
   312.366   172.585   201.000     1.076  1809.679  1603.372     8.220     3.139     1.982
   313.001   172.983   202.000     1.081  1809.679  1603.372     8.220     3.139     1.982
   313.638   173.382   203.000     1.087  1809.679  1603.372     8.220     3.139     1.982
   314.275   173.781   204.000     1.092  1809.679  1603.372     8.220     3.139     1.982
   314.914   174.180   205.000     1.098  1809.679  1603.372     8.220     3.139     1.982
   315.554   174.580   206.000     1.103  1809.468  1603.298     8.220     3.137     1.980
   316.196   174.980   207.000     1.109  1809.468  1603.298     8.220     3.137     1.980
   316.838   175.380   208.000     1.114  1809.468  1603.298     8.220     3.137     1.980
   317.482   175.781   209.000     1.120  1809.468  1603.298     8.220     3.137     1.980
   318.127   176.182   210.000     1.125  1809.468  1603.298     8.220     3.137     1.980
   318.774   176.583   211.000     1.131  1809.468  1603.298     8.220     3.137     1.980
   319.422   176.985   212.000     1.136  1809.468  1603.298     8.220     3.137     1.980
   320.070   177.386   213.000     1.142  1809.468  1603.298     8.220     3.137     1.980
   320.721   177.788   214.000     1.148  1809.468  1603.298     8.220     3.137     1.980
   321.372   178.191   215.000     1.153  1809.258  1603.225     8.220     3.135     1.979
   322.024   178.594   216.000     1.159  1809.258  1603.225     8.220     3.135     1.979
   322.678   178.997   217.000     1.164  1809.258  1603.225     8.220     3.135     1.979
   323.333   179.400   218.000     1.170  1809.258  1603.225     8.220     3.135     1.979
   323.989   179.804   219.000     1.175  1809.258  1603.225     8.220     3.135     1.979
   324.646   180.208   220.000     1.181  1809.258  1603.225     8.220     3.135     1.979
   325.304   180.612   221.000     1.186  1809.258  1603.225     8.220     3.135     1.979
   325.964   181.016   222.000     1.192  1809.258  1603.225     8.220     3.135     1.979
   326.624   181.421   223.000     1.197  1809.050  1603.152     8.220     3.132     1.977
   327.286   181.826   224.000     1.203  1809.050  1603.152     8.220     3.132     1.977
   327.948   182.232   225.000     1.208  1809.050  1603.152     8.220     3.132     1.977
   328.612   182.638   226.000     1.214  1809.050  1603.152     8.220     3.132     1.977
   329.277   183.044   227.000     1.219  1809.050  1603.152     8.220     3.132     1.977
   329.943   183.450   228.000     1.225  1809.050  1603.152     8.220     3.132     1.977
   330.610   183.857   229.000     1.230  1809.050  1603.152     8.220     3.132     1.977
   331.279   184.264   230.000     1.236  1809.050  1603.152     8.220     3.132     1.977
   331.948   184.671   231.000     1.241  1809.050  1603.152     8.220     3.132     1.977
   332.618   185.078   232.000     1.247  1808.843  1603.081     8.220     3.130     1.976
   333.289   185.486   233.000     1.252  1808.843  1603.081     8.220     3.130     1.976
   333.962   185.894   234.000     1.258  1808.843  1603.081     8.220     3.130     1.976
   334.635   186.303   235.000     1.263  1808.843  1603.081     8.220     3.130     1.976
   335.310   186.712   236.000     1.269  1808.843  1603.081     8.220     3.130     1.976
   335.985   187.121   237.000     1.274  1808.843  1603.081     8.220     3.130     1.976
   336.661   187.530   238.000     1.280  1808.843  1603.081     8.220     3.130     1.976
   337.339   187.940   239.000     1.286  1808.843  1603.081     8.220     3.130     1.976
   338.017   188.350   240.000     1.291  1808.843  1603.081     8.220     3.130     1.976
   338.697   188.760   241.000     1.297  1808.639  1603.009     8.220     3.128     1.974
   339.377   189.170   242.000     1.302  1808.639  1603.009     8.220     3.128     1.974
   340.059   189.581   243.000     1.308  1808.639  1603.009     8.220     3.128     1.974
   340.741   189.992   244.000     1.313  1808.639  1603.009     8.220     3.128     1.974
   341.424   190.404   245.000     1.319  1808.639  1603.009     8.220     3.128     1.974
   342.109   190.816   246.000     1.324  1808.639  1603.009     8.220     3.128     1.974
   342.794   191.228   247.000     1.330  1808.639  1603.009     8.220     3.128     1.974
   343.480   191.640   248.000     1.335  1808.639  1603.009     8.220     3.128     1.974
   344.167   192.053   249.000     1.341  1808.639  1603.009     8.220     3.128     1.974
   344.856   192.466   250.000     1.346  1808.437  1602.939     8.220     3.126     1.973
   345.545   192.879   251.000     1.352  1808.437  1602.939     8.220     3.126     1.973
   346.235   193.292   252.000     1.357  1808.437  1602.939     8.220     3.126     1.973
   346.926   193.706   253.000     1.363  1808.437  1602.939     8.220     3.126     1.973
   347.617   194.120   254.000     1.368  1808.437  1602.939     8.220     3.126     1.973
   348.310   194.535   255.000     1.374  1808.437  1602.939     8.220     3.126     1.973
   349.004   194.949   256.000     1.379  1808.437  1602.939     8.220     3.126     1.973
   349.698   195.364   257.000     1.385  1808.437  1602.939     8.220     3.126     1.973
   350.394   195.780   258.000     1.390  1808.238  1602.870     8.220     3.124     1.971
   351.090   196.195   259.000     1.396  1808.238  1602.870     8.220     3.124     1.971
   351.787   196.611   260.000     1.401  1808.238  1602.870     8.220     3.124     1.971
   352.485   197.027   261.000     1.407  1808.238  1602.870     8.220     3.124     1.971
   353.184   197.444   262.000     1.412  1808.238  1602.870     8.220     3.124     1.971
   353.884   197.861   263.000     1.418  1808.238  1602.870     8.220     3.124     1.971
   354.585   198.278   264.000     1.424  1808.238  1602.870     8.220     3.124     1.971
   355.286   198.695   265.000     1.429  1808.238  1602.870     8.220     3.124     1.971
   355.989   199.113   266.000     1.435  1808.238  1602.870     8.220     3.124     1.971
   356.692   199.531   267.000     1.440  1808.041  1602.801     8.220     3.121     1.970
   357.396   199.949   268.000     1.446  1808.041  1602.801     8.220     3.121     1.970
   358.101   200.368   269.000     1.451  1808.041  1602.801     8.220     3.121     1.970
   358.807   200.786   270.000     1.457  1808.041  1602.801     8.220     3.121     1.970
   359.514   201.206   271.000     1.462  1808.041  1602.801     8.220     3.121     1.970
   360.221   201.625   272.000     1.468  1808.041  1602.801     8.220     3.121     1.970
   360.930   202.045   273.000     1.473  1808.041  1602.801     8.220     3.121     1.970
   361.639   202.465   274.000     1.479  1808.041  1602.801     8.220     3.121     1.970
   362.349   202.885   275.000     1.484  1808.041  1602.801     8.220     3.121     1.970
   363.059   203.306   276.000     1.490  1807.847  1602.734     8.220     3.119     1.969
   363.771   203.727   277.000     1.495  1807.847  1602.734     8.220     3.119     1.969
   364.483   204.148   278.000     1.501  1807.847  1602.734     8.220     3.119     1.969
   365.197   204.569   279.000     1.506  1807.847  1602.734     8.220     3.119     1.969
   365.911   204.991   280.000     1.512  1807.847  1602.734     8.220     3.119     1.969
   366.625   205.413   281.000     1.517  1807.847  1602.734     8.220     3.119     1.969
   367.341   205.835   282.000     1.523  1807.847  1602.734     8.220     3.119     1.969
   368.057   206.258   283.000     1.528  1807.847  1602.734     8.220     3.119     1.969
   368.775   206.681   284.000     1.534  1807.656  1602.667     8.220     3.117     1.967
   369.493   207.104   285.000     1.539  1807.656  1602.667     8.220     3.117     1.967
   370.211   207.528   286.000     1.545  1807.656  1602.667     8.220     3.117     1.967
   370.931   207.951   287.000     1.551  1807.656  1602.667     8.220     3.117     1.967
   371.651   208.375   288.000     1.556  1807.656  1602.667     8.220     3.117     1.967
   372.372   208.800   289.000     1.562  1807.656  1602.667     8.220     3.117     1.967
   373.094   209.225   290.000     1.567  1807.656  1602.667     8.220     3.117     1.967
   373.817   209.649   291.000     1.573  1807.656  1602.667     8.220     3.117     1.967
   374.540   210.075   292.000     1.578  1807.656  1602.667     8.220     3.117     1.967
   375.264   210.500   293.000     1.584  1807.468  1602.602     8.219     3.115     1.966
   375.989   210.926   294.000     1.589  1807.468  1602.602     8.219     3.115     1.966
   376.715   211.352   295.000     1.595  1807.468  1602.602     8.219     3.115     1.966
   377.441   211.779   296.000     1.600  1807.468  1602.602     8.219     3.115     1.966
   378.168   212.205   297.000     1.606  1807.468  1602.602     8.219     3.115     1.966
   378.896   212.632   298.000     1.611  1807.468  1602.602     8.219     3.115     1.966
   379.625   213.060   299.000     1.617  1807.468  1602.602     8.219     3.115     1.966
   380.354   213.487   300.000     1.622  1807.468  1602.602     8.219     3.115     1.966
   381.084   213.915   301.000     1.628  1807.468  1602.602     8.219     3.115     1.966
   381.815   214.343   302.000     1.633  1807.284  1602.537     8.219     3.113     1.965
   382.547   214.772   303.000     1.639  1807.284  1602.537     8.219     3.113     1.965
   383.279   215.200   304.000     1.644  1807.284  1602.537     8.219     3.113     1.965
   384.012   215.629   305.000     1.650  1807.284  1602.537     8.219     3.113     1.965
   384.746   216.059   306.000     1.655  1807.284  1602.537     8.219     3.113     1.965
   385.480   216.488   307.000     1.661  1807.284  1602.537     8.219     3.113     1.965
   386.215   216.918   308.000     1.666  1807.284  1602.537     8.219     3.113     1.965
   386.951   217.348   309.000     1.672  1807.284  1602.537     8.219     3.113     1.965
   387.687   217.778   310.000     1.678  1807.284  1602.537     8.219     3.113     1.965
   388.425   218.209   311.000     1.683  1807.102  1602.474     8.219     3.111     1.963
   389.163   218.640   312.000     1.689  1807.102  1602.474     8.219     3.111     1.963
   389.901   219.071   313.000     1.694  1807.102  1602.474     8.219     3.111     1.963
   390.641   219.503   314.000     1.700  1807.102  1602.474     8.219     3.111     1.963
   391.381   219.935   315.000     1.705  1807.102  1602.474     8.219     3.111     1.963
   392.122   220.367   316.000     1.711  1807.102  1602.474     8.219     3.111     1.963
   392.863   220.799   317.000     1.716  1807.102  1602.474     8.219     3.111     1.963
   393.605   221.232   318.000     1.722  1807.102  1602.474     8.219     3.111     1.963
   394.348   221.665   319.000     1.727  1806.923  1602.412     8.219     3.109     1.962
   395.092   222.098   320.000     1.733  1806.923  1602.412     8.219     3.109     1.962
   395.836   222.532   321.000     1.738  1806.923  1602.412     8.219     3.109     1.962
   396.581   222.966   322.000     1.744  1806.923  1602.412     8.219     3.109     1.962
   397.326   223.400   323.000     1.749  1806.923  1602.412     8.219     3.109     1.962
   398.073   223.834   324.000     1.755  1806.923  1602.412     8.219     3.109     1.962
   398.819   224.269   325.000     1.760  1806.923  1602.412     8.219     3.109     1.962
   399.567   224.704   326.000     1.766  1806.923  1602.412     8.219     3.109     1.962
   400.315   225.139   327.000     1.771  1806.923  1602.412     8.219     3.109     1.962
   401.064   225.575   328.000     1.777  1806.748  1602.351     8.219     3.107     1.961
   401.814   226.011   329.000     1.782  1806.748  1602.351     8.219     3.107     1.961
   402.564   226.447   330.000     1.788  1806.748  1602.351     8.219     3.107     1.961
   403.315   226.883   331.000     1.793  1806.748  1602.351     8.219     3.107     1.961
   404.067   227.320   332.000     1.799  1806.748  1602.351     8.219     3.107     1.961
   404.819   227.757   333.000     1.805  1806.748  1602.351     8.219     3.107     1.961
   405.572   228.194   334.000     1.810  1806.748  1602.351     8.219     3.107     1.961
   406.325   228.632   335.000     1.816  1806.748  1602.351     8.219     3.107     1.961
   407.079   229.069   336.000     1.821  1806.748  1602.351     8.219     3.107     1.961
   407.834   229.508   337.000     1.827  1806.575  1602.291     8.219     3.105     1.960
   408.590   229.946   338.000     1.832  1806.575  1602.291     8.219     3.105     1.960
   409.346   230.385   339.000     1.838  1806.575  1602.291     8.219     3.105     1.960
   410.103   230.824   340.000     1.843  1806.575  1602.291     8.219     3.105     1.960
   410.860   231.263   341.000     1.849  1806.575  1602.291     8.219     3.105     1.960
   411.618   231.702   342.000     1.854  1806.575  1602.291     8.219     3.105     1.960
   412.377   232.142   343.000     1.860  1806.575  1602.291     8.219     3.105     1.960
   413.136   232.582   344.000     1.865  1806.575  1602.291     8.219     3.105     1.960
   413.896   233.022   345.000     1.871  1806.575  1602.291     8.219     3.105     1.960
   414.657   233.463   346.000     1.876  1806.406  1602.232     8.219     3.104     1.958
   415.418   233.904   347.000     1.882  1806.406  1602.232     8.219     3.104     1.958
   416.180   234.345   348.000     1.887  1806.406  1602.232     8.219     3.104     1.958
   416.943   234.787   349.000     1.893  1806.406  1602.232     8.219     3.104     1.958
   417.706   235.228   350.000     1.898  1806.406  1602.232     8.219     3.104     1.958
   418.470   235.670   351.000     1.904  1806.406  1602.232     8.219     3.104     1.958
   419.234   236.113   352.000     1.909  1806.406  1602.232     8.219     3.104     1.958
   419.999   236.555   353.000     1.915  1806.406  1602.232     8.219     3.104     1.958
   420.765   236.998   354.000     1.921  1806.241  1602.174     8.219     3.102     1.957
   421.531   237.441   355.000     1.926  1806.241  1602.174     8.219     3.102     1.957
   422.298   237.884   356.000     1.932  1806.241  1602.174     8.219     3.102     1.957
   423.065   238.328   357.000     1.937  1806.241  1602.174     8.219     3.102     1.957
   423.833   238.772   358.000     1.943  1806.241  1602.174     8.219     3.102     1.957
   424.602   239.216   359.000     1.948  1806.241  1602.174     8.219     3.102     1.957
   425.371   239.661   360.000     1.954  1806.241  1602.174     8.219     3.102     1.957
   426.141   240.106   361.000     1.959  1806.241  1602.174     8.219     3.102     1.957
   426.912   240.551   362.000     1.965  1806.241  1602.174     8.219     3.102     1.957
   427.683   240.996   363.000     1.970  1806.078  1602.117     8.219     3.100     1.956
   428.455   241.442   364.000     1.976  1806.078  1602.117     8.219     3.100     1.956
   429.227   241.888   365.000     1.981  1806.078  1602.117     8.219     3.100     1.956
   430.000   242.334   366.000     1.987  1806.078  1602.117     8.219     3.100     1.956
   430.774   242.780   367.000     1.992  1806.078  1602.117     8.219     3.100     1.956
   431.548   243.227   368.000     1.998  1806.078  1602.117     8.219     3.100     1.956
   432.323   243.674   369.000     2.003  1806.078  1602.117     8.219     3.100     1.956
   433.098   244.121   370.000     2.009  1806.078  1602.117     8.219     3.100     1.956
   433.874   244.569   371.000     2.014  1806.078  1602.117     8.219     3.100     1.956
   434.651   245.017   372.000     2.020  1805.919  1602.062     8.219     3.098     1.955
   435.428   245.465   373.000     2.025  1805.919  1602.062     8.219     3.098     1.955
   436.205   245.913   374.000     2.031  1805.919  1602.062     8.219     3.098     1.955
   436.984   246.362   375.000     2.037  1805.919  1602.062     8.219     3.098     1.955
   437.763   246.811   376.000     2.042  1805.919  1602.062     8.219     3.098     1.955
   438.542   247.260   377.000     2.048  1805.919  1602.062     8.219     3.098     1.955
   439.322   247.709   378.000     2.053  1805.919  1602.062     8.219     3.098     1.955
   440.103   248.159   379.000     2.059  1805.919  1602.062     8.219     3.098     1.955
   440.884   248.609   380.000     2.064  1805.919  1602.062     8.219     3.098     1.955
   441.666   249.060   381.000     2.070  1805.762  1602.007     8.219     3.096     1.954
   442.449   249.510   382.000     2.075  1805.762  1602.007     8.219     3.096     1.954
   443.232   249.961   383.000     2.081  1805.762  1602.007     8.219     3.096     1.954
   444.015   250.412   384.000     2.086  1805.762  1602.007     8.219     3.096     1.954
   444.799   250.864   385.000     2.092  1805.762  1602.007     8.219     3.096     1.954
   445.584   251.315   386.000     2.097  1805.762  1602.007     8.219     3.096     1.954
   446.369   251.767   387.000     2.103  1805.762  1602.007     8.219     3.096     1.954
   447.155   252.219   388.000     2.108  1805.762  1602.007     8.219     3.096     1.954
   447.942   252.672   389.000     2.114  1805.609  1601.954     8.219     3.095     1.953
   448.729   253.125   390.000     2.119  1805.609  1601.954     8.219     3.095     1.953
   449.517   253.578   391.000     2.125  1805.609  1601.954     8.219     3.095     1.953
   450.305   254.031   392.000     2.130  1805.609  1601.954     8.219     3.095     1.953
   451.093   254.485   393.000     2.136  1805.609  1601.954     8.219     3.095     1.953
   451.883   254.938   394.000     2.141  1805.609  1601.954     8.219     3.095     1.953
   452.673   255.393   395.000     2.147  1805.609  1601.954     8.219     3.095     1.953
   453.463   255.847   396.000     2.153  1805.609  1601.954     8.219     3.095     1.953
   454.254   256.302   397.000     2.158  1805.609  1601.954     8.219     3.095     1.953
   455.046   256.757   398.000     2.164  1805.459  1601.902     8.219     3.093     1.952
   455.838   257.212   399.000     2.169  1805.459  1601.902     8.219     3.093     1.952
   456.631   257.667   400.000     2.175  1805.459  1601.902     8.219     3.093     1.952
   457.424   258.123   401.000     2.180  1805.459  1601.902     8.219     3.093     1.952
   458.218   258.579   402.000     2.186  1805.459  1601.902     8.219     3.093     1.952
   459.012   259.035   403.000     2.191  1805.459  1601.902     8.219     3.093     1.952
   459.807   259.492   404.000     2.197  1805.459  1601.902     8.219     3.093     1.952
   460.603   259.949   405.000     2.202  1805.459  1601.902     8.219     3.093     1.952
   461.399   260.406   406.000     2.208  1805.459  1601.902     8.219     3.093     1.952
   462.195   260.863   407.000     2.213  1805.313  1601.851     8.219     3.092     1.951
   462.993   261.321   408.000     2.219  1805.313  1601.851     8.219     3.092     1.951
   463.790   261.779   409.000     2.224  1805.313  1601.851     8.219     3.092     1.951
   464.589   262.237   410.000     2.230  1805.313  1601.851     8.219     3.092     1.951
   465.387   262.696   411.000     2.235  1805.313  1601.851     8.219     3.092     1.951
   466.187   263.154   412.000     2.241  1805.313  1601.851     8.219     3.092     1.951
   466.987   263.613   413.000     2.246  1805.313  1601.851     8.219     3.092     1.951
   467.787   264.073   414.000     2.252  1805.313  1601.851     8.219     3.092     1.951
   468.588   264.532   415.000     2.257  1805.313  1601.851     8.219     3.092     1.951
   469.390   264.992   416.000     2.263  1805.169  1601.801     8.219     3.090     1.950
   470.192   265.452   417.000     2.269  1805.169  1601.801     8.219     3.090     1.950
   470.995   265.912   418.000     2.274  1805.169  1601.801     8.219     3.090     1.950
   471.798   266.373   419.000     2.280  1805.169  1601.801     8.219     3.090     1.950
   472.602   266.834   420.000     2.285  1805.169  1601.801     8.219     3.090     1.950
   473.406   267.295   421.000     2.291  1805.169  1601.801     8.219     3.090     1.950
   474.211   267.756   422.000     2.296  1805.169  1601.801     8.219     3.090     1.950
   475.016   268.218   423.000     2.302  1805.169  1601.801     8.219     3.090     1.950
   475.822   268.680   424.000     2.307  1805.029  1601.752     8.219     3.088     1.949
   476.628   269.142   425.000     2.313  1805.029  1601.752     8.219     3.088     1.949
   477.435   269.605   426.000     2.318  1805.029  1601.752     8.219     3.088     1.949
   478.243   270.067   427.000     2.324  1805.029  1601.752     8.219     3.088     1.949
   479.051   270.530   428.000     2.329  1805.029  1601.752     8.219     3.088     1.949
   479.860   270.994   429.000     2.335  1805.029  1601.752     8.219     3.088     1.949
   480.669   271.457   430.000     2.340  1805.029  1601.752     8.219     3.088     1.949
   481.478   271.921   431.000     2.346  1805.029  1601.752     8.219     3.088     1.949
   482.289   272.385   432.000     2.351  1805.029  1601.752     8.219     3.088     1.949
   483.099   272.850   433.000     2.357  1804.891  1601.704     8.218     3.087     1.948
   483.911   273.314   434.000     2.362  1804.891  1601.704     8.218     3.087     1.948
   484.722   273.779   435.000     2.368  1804.891  1601.704     8.218     3.087     1.948
   485.535   274.244   436.000     2.374  1804.891  1601.704     8.218     3.087     1.948
   486.348   274.710   437.000     2.379  1804.891  1601.704     8.218     3.087     1.948
   487.161   275.175   438.000     2.385  1804.891  1601.704     8.218     3.087     1.948
   487.975   275.641   439.000     2.390  1804.891  1601.704     8.218     3.087     1.948
   488.789   276.107   440.000     2.396  1804.891  1601.704     8.218     3.087     1.948
   489.604   276.574   441.000     2.401  1804.891  1601.704     8.218     3.087     1.948
   490.420   277.041   442.000     2.407  1804.757  1601.657     8.218     3.086     1.947
   491.236   277.508   443.000     2.412  1804.757  1601.657     8.218     3.086     1.947
   492.052   277.975   444.000     2.418  1804.757  1601.657     8.218     3.086     1.947
   492.869   278.442   445.000     2.423  1804.757  1601.657     8.218     3.086     1.947
   493.687   278.910   446.000     2.429  1804.757  1601.657     8.218     3.086     1.947
   494.505   279.378   447.000     2.434  1804.757  1601.657     8.218     3.086     1.947
   495.324   279.847   448.000     2.440  1804.757  1601.657     8.218     3.086     1.947
   496.143   280.315   449.000     2.445  1804.757  1601.657     8.218     3.086     1.947
   496.963   280.784   450.000     2.451  1804.625  1601.611     8.218     3.084     1.946
   497.783   281.253   451.000     2.456  1804.625  1601.611     8.218     3.084     1.946
   498.603   281.723   452.000     2.462  1804.625  1601.611     8.218     3.084     1.946
   499.425   282.192   453.000     2.467  1804.625  1601.611     8.218     3.084     1.946
   500.246   282.662   454.000     2.473  1804.625  1601.611     8.218     3.084     1.946
   501.069   283.132   455.000     2.479  1804.625  1601.611     8.218     3.084     1.946
   501.891   283.603   456.000     2.484  1804.625  1601.611     8.218     3.084     1.946
   502.715   284.073   457.000     2.490  1804.625  1601.611     8.218     3.084     1.946
   503.538   284.544   458.000     2.495  1804.625  1601.611     8.218     3.084     1.946
   504.363   285.016   459.000     2.501  1804.497  1601.567     8.218     3.083     1.945
   505.188   285.487   460.000     2.506  1804.497  1601.567     8.218     3.083     1.945
   506.013   285.959   461.000     2.512  1804.497  1601.567     8.218     3.083     1.945
   506.839   286.431   462.000     2.517  1804.497  1601.567     8.218     3.083     1.945
   507.665   286.903   463.000     2.523  1804.497  1601.567     8.218     3.083     1.945
   508.492   287.376   464.000     2.528  1804.497  1601.567     8.218     3.083     1.945
   509.319   287.848   465.000     2.534  1804.497  1601.567     8.218     3.083     1.945
   510.147   288.322   466.000     2.539  1804.497  1601.567     8.218     3.083     1.945
   510.976   288.795   467.000     2.545  1804.497  1601.567     8.218     3.083     1.945
   511.804   289.268   468.000     2.550  1804.371  1601.523     8.218     3.081     1.944
   512.634   289.742   469.000     2.556  1804.371  1601.523     8.218     3.081     1.944
   513.464   290.216   470.000     2.561  1804.371  1601.523     8.218     3.081     1.944
   514.294   290.691   471.000     2.567  1804.371  1601.523     8.218     3.081     1.944
   515.125   291.165   472.000     2.572  1804.371  1601.523     8.218     3.081     1.944
   515.956   291.640   473.000     2.578  1804.371  1601.523     8.218     3.081     1.944
   516.788   292.115   474.000     2.584  1804.371  1601.523     8.218     3.081     1.944
   517.621   292.591   475.000     2.589  1804.371  1601.523     8.218     3.081     1.944
   518.454   293.066   476.000     2.595  1804.371  1601.523     8.218     3.081     1.944
   519.287   293.542   477.000     2.600  1804.249  1601.480     8.218     3.080     1.943
   520.121   294.019   478.000     2.606  1804.249  1601.480     8.218     3.080     1.943
   520.956   294.495   479.000     2.611  1804.249  1601.480     8.218     3.080     1.943
   521.790   294.972   480.000     2.617  1804.249  1601.480     8.218     3.080     1.943
   522.626   295.449   481.000     2.622  1804.249  1601.480     8.218     3.080     1.943
   523.462   295.926   482.000     2.628  1804.249  1601.480     8.218     3.080     1.943
   524.298   296.403   483.000     2.633  1804.249  1601.480     8.218     3.080     1.943
   525.135   296.881   484.000     2.639  1804.249  1601.480     8.218     3.080     1.943
   525.973   297.359   485.000     2.644  1804.129  1601.438     8.218     3.079     1.942
   526.811   297.837   486.000     2.650  1804.129  1601.438     8.218     3.079     1.942
   527.649   298.316   487.000     2.655  1804.129  1601.438     8.218     3.079     1.942
   528.488   298.795   488.000     2.661  1804.129  1601.438     8.218     3.079     1.942
   529.327   299.274   489.000     2.666  1804.129  1601.438     8.218     3.079     1.942
   530.167   299.753   490.000     2.672  1804.129  1601.438     8.218     3.079     1.942
   531.008   300.232   491.000     2.677  1804.129  1601.438     8.218     3.079     1.942
   531.848   300.712   492.000     2.683  1804.129  1601.438     8.218     3.079     1.942
   532.690   301.192   493.000     2.689  1804.129  1601.438     8.218     3.079     1.942
   533.532   301.673   494.000     2.694  1804.012  1601.398     8.218     3.077     1.942
   534.374   302.153   495.000     2.700  1804.012  1601.398     8.218     3.077     1.942
   535.217   302.634   496.000     2.705  1804.012  1601.398     8.218     3.077     1.942
   536.060   303.115   497.000     2.711  1804.012  1601.398     8.218     3.077     1.942
   536.904   303.596   498.000     2.716  1804.012  1601.398     8.218     3.077     1.942
   537.748   304.078   499.000     2.722  1804.012  1601.398     8.218     3.077     1.942
   538.593   304.560   500.000     2.727  1804.012  1601.398     8.218     3.077     1.942
   539.438   305.042   501.000     2.733  1804.012  1601.398     8.218     3.077     1.942
   540.284   305.524   502.000     2.738  1804.012  1601.398     8.218     3.077     1.942
   540.574   305.689   502.342     2.740  1804.012  1601.398     8.218     3.077     1.942
