****************************************************************************************************
----------------------------------------------------------------------------------------------------
Ambient Table:
     Depth   Amb-cur   Amb-dir   Amb-sal   Amb-tem   Amb-pol     Decay   Far-spd   Far-dir   Disprsn
       (m)     (m/s)     (deg)     (psu)       (C)    (mg/L)   (1/day)     (m/s)     (deg)(m0.67/s2)
     0.000     0.020    90.000    30.900    11.200     0.000     0.000     0.020    90.000   0.00030
     3.000     0.020    90.000    31.200    10.400     0.000     0.000     0.020    90.000   0.00030
     6.000     0.020    90.000    31.200     9.690     0.000     0.000     0.020    90.000   0.00030
     9.000     0.020    90.000    31.700     9.440     0.000     0.000     0.020    90.000   0.00030
    12.000     0.020    90.000    31.800     9.340     0.000     0.000     0.020    90.000   0.00030
    15.000     0.020    90.000    31.900     9.220     0.000     0.000     0.020    90.000   0.00030
----------------------------------------------------------------------------------------------------
Diffuser Table:
     P-dia    P-elev   V-angle   H-angle     Ports   Spacing   AcuteMZ   ChrncMZ   P-depth   Ttl-flo   Eff-sal      Temp   Polutnt
       (m)       (m)     (deg)     (deg)       ( )       (m)       (m)       (m)       (m)     (MGD)     (psu)       (C)    (mg/L)
      0.01     15.00     45.00     90.00     25.00      2.00     20.70    207.00      2.00      0.01     35.00     10.00 100000.00
----------------------------------------------------------------------------------------------------
Simulation Results:
              Dilutn     P-dia    x-posn    y-posn     Depth      Time   Net-Dil     P-Den    P-Con.     P-Sal    P-Temp  Amb-Curr    CL-Dil        TA       DIC        pH    OmegaC    OmegaA     R_cal     R_arg
      Step (FluxAvg)       (m)       (m)       (m)       (m)       (s)        ()   (kg/m3)    (mg/L)     (psu)       (C)     (m/s)        () (mmol/m3) (mmol/m3)   (total)        ()        () (umol/hr) (umol/hr)
         1     1.020     0.013     0.000     0.000    -2.000     0.009     1.020  1026.912 98033.309    34.924    10.013     0.020     1.000 20193.616  2566.114    11.988    59.293    37.737105022.286     0.000
         2     1.041     0.013     0.000     0.001    -1.999     0.017     1.041  1026.852 96105.410    34.849    10.026     0.020     1.000 19854.525  2564.817    11.978    59.291    37.732105014.261     0.000
         3     1.061     0.013     0.000     0.001    -1.999     0.024     1.061  1026.792 94215.534    34.775    10.038     0.020     1.000 19522.084  2563.546    11.968    59.290    37.728105005.490     0.000
         4     1.083     0.014     0.000     0.002    -1.999     0.032     1.083  1026.734 92362.927    34.703    10.051     0.020     1.000 19196.162  2562.300    11.958    59.288    37.723104995.986     0.000
         5     1.104     0.014     0.000     0.002    -1.998     0.040     1.104  1026.677 90546.849    34.632    10.063     0.020     1.000 18876.632  2561.079    11.947    59.286    37.718104985.758     0.000
         6     1.127     0.014     0.000     0.002    -1.998     0.048     1.127  1026.621 88766.577    34.563    10.075     0.020     1.000 18563.368  2559.881    11.937    59.284    37.713104974.814     0.000
         7     1.149     0.014     0.000     0.003    -1.998     0.056     1.149  1026.566 87023.975    34.495    10.086     0.020     1.000 18256.699  2558.709    11.927    59.281    37.708104963.180     0.000
         8     1.172     0.015     0.000     0.003    -1.997     0.064     1.172  1026.513 85345.077    34.430    10.097     0.020     1.000 17961.212  2557.579    11.917    59.279    37.704104951.064     0.000
         9     1.194     0.015     0.000     0.003    -1.997     0.072     1.194  1026.462 83723.490    34.367    10.108     0.020     1.000 17675.782  2556.488    11.907    59.277    37.699104938.474     0.000
        10     1.217     0.015     0.000     0.004    -1.997     0.081     1.217  1026.413 82160.232    34.306    10.119     0.020     1.000 17400.594  2555.436    11.897    59.274    37.694104925.469     0.000
        11     1.240     0.015     0.000     0.004    -1.996     0.089     1.240  1026.365 80650.463    34.247    10.129     0.020     1.000 17134.797  2554.420    11.887    59.272    37.689104912.057     0.000
        12     1.263     0.016     0.000     0.004    -1.996     0.098     1.263  1026.320 79192.013    34.190    10.138     0.020     1.000 16878.012  2553.438    11.877    59.269    37.684104898.266     0.000
        13     1.286     0.016     0.000     0.005    -1.996     0.107     1.286  1026.275 77781.763    34.136    10.148     0.020     1.000 16629.693  2552.489    11.868    59.266    37.679104884.108     0.000
        14     1.309     0.016     0.000     0.005    -1.995     0.115     1.309  1026.232 76417.419    34.082    10.157     0.020     1.000 16389.436  2551.570    11.858    59.263    37.674104869.602     0.000
        15     1.332     0.016     0.000     0.006    -1.995     0.124     1.332  1026.191 75096.584    34.031    10.166     0.020     1.000 16156.823  2550.681    11.849    59.260    37.670104854.760     0.000
        16     1.355     0.017     0.000     0.006    -1.995     0.133     1.355  1026.150 73817.163    33.981    10.174     0.020     1.000 15931.486  2549.819    11.840    59.258    37.665104839.595     0.000
        17     1.378     0.017     0.000     0.006    -1.994     0.142     1.378  1026.111 72577.133    33.933    10.183     0.020     1.000 15713.070  2548.984    11.831    59.255    37.660104824.116     0.000
        18     1.401     0.017     0.000     0.007    -1.994     0.151     1.401  1026.074 71374.636    33.886    10.191     0.020     1.000 15501.250  2548.174    11.822    59.251    37.656104808.333     0.000
        19     1.424     0.018     0.000     0.007    -1.994     0.160     1.424  1026.037 70207.916    33.841    10.198     0.020     1.000 15295.717  2547.389    11.813    59.248    37.651104792.255     0.000
        20     1.448     0.018     0.000     0.007    -1.994     0.169     1.448  1026.001 69075.334    33.796    10.206     0.020     1.000 15096.185  2546.626    11.804    59.245    37.646104775.887     0.000
        21     1.471     0.018     0.000     0.008    -1.993     0.179     1.471  1025.966 67975.351    33.754    10.213     0.020     1.000 14902.383  2545.885    11.795    59.242    37.642104759.235     0.000
        22     1.495     0.018     0.000     0.008    -1.993     0.188     1.495  1025.933 66906.523    33.712    10.220     0.020     1.000 14714.058  2545.165    11.786    59.239    37.637104742.305     0.000
        23     1.518     0.019     0.000     0.009    -1.993     0.198     1.518  1025.900 65867.492    33.671    10.227     0.020     1.000 14530.972  2544.465    11.778    59.235    37.632104725.099     0.000
        24     1.542     0.019     0.000     0.009    -1.992     0.207     1.542  1025.868 64856.982    33.632    10.234     0.020     1.000 14352.901  2543.784    11.769    59.232    37.628104707.622     0.000
        25     1.566     0.019     0.000     0.009    -1.992     0.217     1.566  1025.837 63873.793    33.594    10.241     0.020     1.000 14179.633  2543.122    11.761    59.229    37.623104689.876     0.000
        26     1.589     0.019     0.000     0.010    -1.992     0.226     1.589  1025.807 62916.793    33.556    10.247     0.020     1.000 14010.972  2542.477    11.752    59.225    37.619104671.862     0.000
        27     1.613     0.020     0.000     0.010    -1.992     0.236     1.613  1025.778 61984.916    33.520    10.253     0.020     1.000 13846.729  2541.849    11.744    59.221    37.614104653.583     0.000
        28     1.637     0.020     0.000     0.010    -1.991     0.246     1.637  1025.749 61077.156    33.485    10.259     0.020     1.000 13686.728  2541.237    11.736    59.218    37.609104635.038     0.000
        29     1.661     0.020     0.000     0.011    -1.991     0.256     1.661  1025.721 60192.564    33.450    10.265     0.020     1.000 13530.803  2540.641    11.727    59.214    37.605104616.229     0.000
        30     1.685     0.020     0.000     0.011    -1.991     0.266     1.685  1025.694 59330.243    33.417    10.271     0.020     1.000 13378.795  2540.060    11.719    59.211    37.600104597.154     0.000
        31     1.710     0.021     0.000     0.011    -1.991     0.276     1.710  1025.668 58489.346    33.384    10.277     0.020     1.000 13230.557  2539.493    11.711    59.207    37.596104577.815     0.000
        32     1.734     0.021     0.000     0.012    -1.990     0.287     1.734  1025.642 57669.073    33.352    10.282     0.020     1.000 13085.947  2538.940    11.703    59.203    37.591104558.209     0.000
        33     1.758     0.021     0.000     0.012    -1.990     0.297     1.758  1025.617 56868.663    33.321    10.288     0.020     1.000 12944.832  2538.401    11.695    59.199    37.587104538.337     0.000
        34     1.783     0.022     0.000     0.013    -1.990     0.307     1.783  1025.592 56087.400    33.290    10.293     0.020     1.000 12807.087  2537.874    11.687    59.195    37.582104518.195     0.000
        35     1.808     0.022     0.000     0.013    -1.990     0.318     1.808  1025.568 55324.604    33.260    10.298     0.020     1.000 12672.591  2537.360    11.679    59.191    37.578104497.784     0.000
        36     1.832     0.022     0.000     0.013    -1.990     0.329     1.832  1025.545 54579.631    33.231    10.303     0.020     1.000 12541.232  2536.858    11.671    59.187    37.573104477.100     0.000
        37     1.857     0.022     0.000     0.014    -1.989     0.339     1.857  1025.522 53851.869    33.203    10.308     0.020     1.000 12412.903  2536.367    11.663    59.183    37.569104456.142     0.000
        38     1.882     0.023     0.000     0.014    -1.989     0.350     1.882  1025.499 53140.739    33.175    10.313     0.020     1.000 12287.501  2535.888    11.655    59.179    37.564104434.908     0.000
        39     1.907     0.023     0.000     0.015    -1.989     0.361     1.907  1025.477 52445.692    33.148    10.317     0.020     1.000 12164.930  2535.419    11.648    59.175    37.560104413.395     0.000
        40     1.932     0.023     0.000     0.015    -1.989     0.372     1.932  1025.456 51766.204    33.122    10.322     0.020     1.000 12045.098  2534.961    11.640    59.171    37.555104391.600     0.000
        41     1.957     0.023     0.000     0.015    -1.988     0.383     1.957  1025.435 51101.782    33.096    10.326     0.020     1.000 11927.919  2534.513    11.632    59.166    37.551104369.521     0.000
        42     1.982     0.024     0.000     0.016    -1.988     0.395     1.982  1025.415 50451.953    33.070    10.331     0.020     1.000 11813.309  2534.075    11.624    59.162    37.547104347.156     0.000
        43     2.007     0.024     0.000     0.016    -1.988     0.406     2.007  1025.395 49816.272    33.046    10.335     0.020     1.004 11701.190  2533.646    11.617    59.158    37.542104324.501     0.000
        44     2.033     0.024     0.000     0.016    -1.988     0.418     2.033  1025.375 49194.311    33.021    10.339     0.020     1.016 11591.487  2533.226    11.609    59.153    37.537104301.554     0.000
        45     2.058     0.024     0.000     0.017    -1.988     0.429     2.058  1025.356 48585.669    32.997    10.343     0.020     1.029 11484.129  2532.816    11.602    59.149    37.533104278.311     0.000
        46     2.084     0.025     0.000     0.017    -1.987     0.441     2.084  1025.337 47989.959    32.974    10.347     0.020     1.042 11379.049  2532.414    11.594    59.144    37.528104254.770     0.000
        47     2.109     0.025     0.000     0.018    -1.987     0.453     2.109  1025.319 47406.818    32.951    10.351     0.020     1.055 11276.183  2532.021    11.587    59.139    37.524104230.928     0.000
        48     2.135     0.025     0.000     0.018    -1.987     0.465     2.135  1025.301 46835.897    32.929    10.355     0.020     1.068 11175.468  2531.636    11.579    59.135    37.519104206.782     0.000
        49     2.161     0.025     0.000     0.018    -1.987     0.477     2.161  1025.283 46276.866    32.907    10.359     0.020     1.080 11076.849  2531.259    11.572    59.130    37.515104182.330     0.000
        50     2.187     0.026     0.000     0.019    -1.987     0.489     2.187  1025.266 45729.410    32.886    10.362     0.020     1.093 10980.268  2530.889    11.564    59.125    37.510104157.569     0.000
        51     2.213     0.026     0.000     0.019    -1.986     0.502     2.213  1025.249 45193.231    32.865    10.366     0.020     1.106 10885.673  2530.528    11.557    59.120    37.506104132.496     0.000
        52     2.239     0.026     0.000     0.020    -1.986     0.514     2.239  1025.232 44668.044    32.845    10.369     0.020     1.119 10793.015  2530.174    11.549    59.115    37.501104107.109     0.000
        53     2.265     0.026     0.000     0.020    -1.986     0.527     2.265  1025.216 44153.579    32.825    10.373     0.020     1.132 10702.246  2529.826    11.542    59.110    37.496104081.406     0.000
        54     2.291     0.027     0.000     0.021    -1.986     0.540     2.291  1025.200 43649.577    32.805    10.376     0.020     1.145 10613.321  2529.486    11.535    59.105    37.492104055.385     0.000
        55     2.317     0.027     0.000     0.021    -1.986     0.553     2.317  1025.185 43155.795    32.786    10.380     0.020     1.159 10526.196  2529.153    11.527    59.100    37.487104029.045     0.000
        56     2.343     0.027     0.000     0.021    -1.986     0.566     2.343  1025.170 42672.000    32.767    10.383     0.020     1.172 10440.831  2528.827    11.520    59.095    37.483104002.383     0.000
        57     2.370     0.027     0.000     0.022    -1.985     0.579     2.370  1025.155 42197.971    32.748    10.386     0.020     1.185 10357.187  2528.507    11.513    59.090    37.478103975.399     0.000
        58     2.396     0.028     0.000     0.022    -1.985     0.592     2.396  1025.140 41733.497    32.730    10.389     0.020     1.198 10275.226  2528.194    11.506    59.084    37.473103948.092     0.000
        59     2.423     0.028     0.000     0.023    -1.985     0.606     2.423  1025.126 41278.378    32.712    10.392     0.020     1.211 10194.915  2527.887    11.498    59.079    37.468103920.461     0.000
        60     2.449     0.028     0.000     0.023    -1.985     0.619     2.449  1025.112 40832.426    32.695    10.395     0.020     1.225 10116.219  2527.586    11.491    59.074    37.464103892.508     0.000
        61     2.476     0.028     0.000     0.024    -1.985     0.633     2.476  1025.098 40395.460    32.678    10.398     0.020     1.238 10039.107  2527.291    11.484    59.068    37.459103864.231     0.000
        62     2.502     0.029     0.000     0.024    -1.985     0.647     2.502  1025.084 39967.309    32.661    10.401     0.020     1.251  9963.549  2527.002    11.477    59.063    37.454103835.633     0.000
        63     2.529     0.029     0.000     0.024    -1.984     0.661     2.529  1025.071 39547.811    32.645    10.404     0.020     1.264  9889.516  2526.719    11.470    59.057    37.449103806.715     0.000
        64     2.555     0.029     0.000     0.025    -1.984     0.676     2.555  1025.058 39136.813    32.629    10.407     0.020     1.278  9816.981  2526.442    11.463    59.051    37.445103777.478     0.000
        65     2.582     0.029     0.000     0.025    -1.984     0.690     2.582  1025.045 38734.168    32.613    10.409     0.020     1.291  9745.919  2526.170    11.456    59.045    37.440103747.927     0.000
        66     2.608     0.030     0.000     0.026    -1.984     0.705     2.608  1025.033 38339.740    32.598    10.412     0.020     1.304  9676.306  2525.904    11.449    59.040    37.435103718.064     0.000
        67     2.635     0.030     0.000     0.026    -1.984     0.720     2.635  1025.021 37953.398    32.582    10.415     0.020     1.317  9608.118  2525.643    11.442    59.034    37.430103687.894     0.000
        68     2.661     0.030     0.000     0.027    -1.984     0.735     2.661  1025.009 37575.019    32.568    10.417     0.020     1.331  9541.334  2525.388    11.435    59.028    37.425103657.422     0.000
        69     2.688     0.030     0.000     0.027    -1.983     0.750     2.688  1024.997 37204.487    32.553    10.420     0.020     1.344  9475.934  2525.138    11.428    59.022    37.420103626.654     0.000
        70     2.714     0.031     0.000     0.028    -1.983     0.765     2.714  1024.986 36841.691    32.539    10.422     0.020     1.357  9411.898  2524.893    11.421    59.016    37.416103595.597     0.000
        71     2.741     0.031     0.000     0.028    -1.983     0.781     2.741  1024.975 36486.528    32.525    10.425     0.020     1.370  9349.208  2524.653    11.415    59.010    37.411103564.259     0.000
        72     2.767     0.031     0.000     0.029    -1.983     0.797     2.767  1024.964 36138.901    32.512    10.427     0.020     1.384  9287.847  2524.418    11.408    59.003    37.406103532.648     0.000
        73     2.793     0.031     0.000     0.029    -1.983     0.813     2.793  1024.953 35798.719    32.498    10.429     0.020     1.397  9227.799  2524.189    11.401    58.997    37.401103500.776     0.000
        74     2.820     0.032     0.000     0.030    -1.983     0.829     2.820  1024.942 35465.894    32.485    10.431     0.020     1.410  9169.049  2523.964    11.395    58.991    37.396103468.652     0.000
        75     2.846     0.032     0.000     0.030    -1.983     0.845     2.846  1024.932 35140.346    32.473    10.434     0.020     1.423  9111.582  2523.744    11.388    58.985    37.391103436.290     0.000
        76     2.872     0.032     0.000     0.031    -1.982     0.862     2.872  1024.922 34821.999    32.460    10.436     0.020     1.436  9055.385  2523.530    11.381    58.978    37.386103403.704     0.000
        77     2.898     0.032     0.000     0.031    -1.982     0.879     2.898  1024.912 34510.782    32.448    10.438     0.020     1.449  9000.446  2523.320    11.375    58.972    37.381103370.907     0.000
        78     2.923     0.032     0.000     0.032    -1.982     0.895     2.923  1024.903 34206.628    32.436    10.440     0.020     1.462  8946.753  2523.114    11.368    58.965    37.376103337.918     0.000
        79     2.949     0.033     0.000     0.032    -1.982     0.913     2.949  1024.893 33909.475    32.424    10.442     0.020     1.475  8894.295  2522.914    11.362    58.959    37.371103304.754     0.000
        80     2.974     0.033     0.000     0.033    -1.982     0.930     2.974  1024.884 33619.265    32.413    10.444     0.020     1.487  8843.062  2522.718    11.356    58.952    37.366103271.433     0.000
        81     3.000     0.033     0.000     0.033    -1.982     0.947     3.000  1024.875 33335.943    32.402    10.446     0.020     1.500  8793.044  2522.526    11.349    58.946    37.361103237.978     0.000
        82     3.025     0.033     0.000     0.034    -1.982     0.965     3.025  1024.867 33059.459    32.391    10.448     0.020     1.512  8744.233  2522.340    11.343    58.939    37.356103204.411     0.000
        83     3.050     0.034     0.000     0.034    -1.982     0.983     3.050  1024.858 32789.765    32.381    10.450     0.020     1.525  8696.619  2522.158    11.337    58.933    37.351103170.756     0.000
        84     3.074     0.034     0.000     0.035    -1.981     1.001     3.074  1024.850 32526.816    32.370    10.451     0.020     1.537  8650.196  2521.980    11.331    58.926    37.346103137.039     0.000
        85     3.099     0.034     0.000     0.035    -1.981     1.020     3.099  1024.842 32270.571    32.360    10.453     0.020     1.549  8604.956  2521.807    11.325    58.920    37.341103103.287     0.000
        86     3.123     0.034     0.000     0.036    -1.981     1.038     3.123  1024.834 32020.990    32.351    10.455     0.020     1.561  8560.891  2521.639    11.319    58.913    37.336103069.530     0.000
        87     3.147     0.034     0.000     0.036    -1.981     1.057     3.147  1024.826 31778.038    32.341    10.456     0.020     1.573  8517.996  2521.475    11.313    58.906    37.331103035.797     0.000
        88     3.170     0.035     0.000     0.037    -1.981     1.076     3.170  1024.819 31541.677    32.332    10.458     0.020     1.585  8476.265  2521.315    11.307    58.900    37.326103002.122     0.000
        89     3.194     0.035     0.000     0.037    -1.981     1.095     3.194  1024.811 31311.875    32.323    10.460     0.020     1.597  8435.691  2521.160    11.302    58.893    37.321102968.539     0.000
        90     3.217     0.035     0.000     0.038    -1.981     1.115     3.217  1024.804 31088.600    32.314    10.461     0.020     1.608  8396.269  2521.009    11.296    58.887    37.317102935.082     0.000
        91     3.239     0.035     0.000     0.039    -1.981     1.134     3.239  1024.798 30871.819    32.306    10.463     0.020     1.620  8357.993  2520.863    11.290    58.880    37.312102901.790     0.000
        92     3.261     0.035     0.000     0.039    -1.981     1.154     3.261  1024.791 30661.501    32.298    10.464     0.020     1.631  8320.858  2520.721    11.285    58.874    37.307102868.699     0.000
        93     3.283     0.035     0.000     0.040    -1.981     1.174     3.283  1024.785 30457.614    32.290    10.465     0.020     1.642  8284.858  2520.583    11.280    58.867    37.302102835.849     0.000
        94     3.305     0.036     0.000     0.040    -1.981     1.194     3.305  1024.778 30260.126    32.282    10.467     0.020     1.652  8249.987  2520.450    11.275    58.861    37.298102803.281     0.000
        95     3.326     0.036     0.000     0.041    -1.980     1.215     3.326  1024.772 30069.002    32.274    10.468     0.020     1.663  8216.240  2520.321    11.269    58.854    37.293102771.036     0.000
        96     3.346     0.036     0.000     0.042    -1.980     1.235     3.346  1024.766 29884.206    32.267    10.469     0.020     1.673  8183.610  2520.196    11.264    58.848    37.289102739.155     0.000
        97     3.366     0.036     0.000     0.042    -1.980     1.256     3.366  1024.761 29705.697    32.260    10.470     0.020     1.683  8152.090  2520.076    11.260    58.842    37.284102707.680     0.000
        98     3.386     0.036     0.000     0.043    -1.980     1.277     3.386  1024.755 29533.432    32.253    10.472     0.020     1.693  8121.672  2519.959    11.255    58.836    37.280102676.652     0.000
        99     3.405     0.036     0.000     0.043    -1.980     1.298     3.405  1024.750 29367.360    32.247    10.473     0.020     1.703  8092.347  2519.847    11.250    58.830    37.275102646.113     0.000
       100     3.424     0.037     0.000     0.044    -1.980     1.320     3.424  1024.745 29207.421    32.241    10.474     0.020     1.712  8064.105  2519.739    11.246    58.824    37.271102616.103     0.000
       101     3.442     0.037     0.000     0.045    -1.980     1.341     3.442  1024.740 29053.547    32.235    10.475     0.020     1.721  8036.933  2519.635    11.241    58.818    37.267102586.658     0.000
       102     3.460     0.037     0.000     0.045    -1.980     1.363     3.460  1024.736 28905.655    32.229    10.476     0.020     1.730  8010.818  2519.535    11.237    58.813    37.263102557.813     0.000
       103     3.477     0.037     0.000     0.046    -1.980     1.385     3.477  1024.731 28763.639    32.223    10.477     0.020     1.738  7985.740  2519.440    11.233    58.807    37.259102529.597     0.000
       104     3.493     0.037     0.000     0.046    -1.980     1.407     3.493  1024.727 28627.373    32.218    10.478     0.020     1.747  7961.677  2519.347    11.229    58.802    37.255102502.035     0.000
       105     3.509     0.037     0.000     0.047    -1.980     1.429     3.509  1024.723 28496.685    32.213    10.479     0.020     1.755  7938.599  2519.259    11.225    58.796    37.252102475.139     0.000
       106     3.525     0.037     0.000     0.048    -1.980     1.452     3.525  1024.719 28371.350    32.208    10.479     0.020     1.762  7916.467  2519.175    11.221    58.791    37.248102448.908     0.000
       107     3.540     0.037     0.000     0.048    -1.980     1.474     3.540  1024.715 28251.043    32.203    10.480     0.020     1.770  7895.222  2519.093    11.218    58.786    37.244102423.318     0.000
       108     3.554     0.037     0.000     0.049    -1.980     1.497     3.554  1024.711 28135.250    32.199    10.481     0.020     1.777  7874.774  2519.015    11.214    58.781    37.241102398.299     0.000
       109     3.569     0.038     0.000     0.050    -1.980     1.520     3.569  1024.708 28022.854    32.194    10.482     0.020     1.784  7854.925  2518.939    11.211    58.776    37.237102373.638     0.000
       110     3.583     0.038     0.000     0.050    -1.980     1.542     3.583  1024.704 27912.917    32.190    10.483     0.020     1.791  7835.511  2518.865    11.207    58.772    37.234102349.153     0.000
       111     3.596     0.038     0.000     0.051    -1.980     1.566     3.596  1024.701 27804.977    32.186    10.483     0.020     1.798  7816.450  2518.792    11.204    58.767    37.231102324.752     0.000
       112     3.610     0.038     0.000     0.052    -1.980     1.589     3.610  1024.698 27698.754    32.182    10.484     0.020     1.805  7797.691  2518.720    11.201    58.762    37.227102300.385     0.000
       113     3.624     0.038     0.000     0.052    -1.980     1.612     3.624  1024.694 27594.081    32.178    10.485     0.020     1.812  7779.206  2518.650    11.198    58.757    37.224102276.021     0.000
---------------------- Local maximum rise or fall --------------------
       114     3.638     0.038     0.000     0.053    -1.980     1.635     3.638  1024.691 27490.848    32.174    10.485     0.020     1.819  7760.975  2518.580    11.194    58.752    37.221102251.641     0.000
       115     3.651     0.038     0.000     0.053    -1.980     1.659     3.651  1024.688 27388.978    32.170    10.486     0.020     1.826  7742.985  2518.511    11.191    58.748    37.217102227.236     0.000
       116     3.665     0.038     0.000     0.054    -1.980     1.683     3.665  1024.685 27288.412    32.166    10.487     0.020     1.832  7725.225  2518.443    11.188    58.743    37.214102202.795     0.000
       117     3.678     0.038     0.000     0.055    -1.980     1.706     3.678  1024.681 27189.098    32.162    10.487     0.020     1.839  7707.686  2518.376    11.185    58.738    37.211102178.314     0.000
       118     3.691     0.038     0.000     0.055    -1.980     1.730     3.691  1024.678 27090.992    32.158    10.488     0.020     1.846  7690.361  2518.310    11.181    58.733    37.207102153.787     0.000
       119     3.705     0.039     0.000     0.056    -1.980     1.754     3.705  1024.675 26994.050    32.154    10.489     0.020     1.852  7673.240  2518.245    11.178    58.728    37.204102129.207     0.000
       120     3.718     0.039     0.000     0.057    -1.980     1.779     3.718  1024.672 26898.232    32.150    10.489     0.020     1.859  7656.318  2518.180    11.175    58.723    37.200102104.570     0.000
       121     3.731     0.039     0.000     0.057    -1.980     1.803     3.731  1024.669 26802.750    32.147    10.490     0.020     1.865  7639.456  2518.115    11.172    58.719    37.197102079.673     0.000
       122     3.744     0.039     0.000     0.058    -1.980     1.827     3.744  1024.666 26706.455    32.143    10.491     0.020     1.872  7622.449  2518.050    11.169    58.713    37.194102054.208     0.000
       123     3.758     0.039     0.000     0.059    -1.980     1.852     3.758  1024.663 26608.468    32.139    10.491     0.020     1.879  7605.144  2517.984    11.165    58.708    37.190102027.919     0.000
       124     3.772     0.039     0.000     0.060    -1.980     1.877     3.772  1024.660 26508.115    32.135    10.492     0.020     1.886  7587.421  2517.916    11.162    58.703    37.186102000.595     0.000
       125     3.787     0.039     0.000     0.060    -1.980     1.902     3.787  1024.657 26404.893    32.131    10.493     0.020     1.894  7569.191  2517.847    11.158    58.697    37.182101972.055     0.000
       126     3.803     0.039     0.000     0.061    -1.980     1.927     3.803  1024.653 26298.418    32.127    10.494     0.020     1.901  7550.386  2517.775    11.155    58.691    37.178101942.145     0.000
       127     3.818     0.039     0.000     0.062    -1.980     1.952     3.818  1024.650 26188.393    32.123    10.494     0.020     1.909  7530.954  2517.700    11.151    58.685    37.174101910.722     0.000
       128     3.835     0.039     0.000     0.062    -1.980     1.978     3.835  1024.646 26074.583    32.118    10.495     0.020     1.918  7510.854  2517.624    11.147    58.679    37.170101877.654     0.000
       129     3.853     0.039     0.000     0.063    -1.980     2.004     3.853  1024.643 25956.793    32.114    10.496     0.020     1.926  7490.050  2517.544    11.143    58.672    37.165101842.807     0.000
       130     3.871     0.039     0.000     0.064    -1.980     2.030     3.871  1024.639 25834.856    32.109    10.497     0.020     1.935  7468.514  2517.462    11.138    58.665    37.160101806.051     0.000
       131     3.890     0.040     0.000     0.064    -1.981     2.056     3.890  1024.635 25708.628    32.104    10.498     0.020     1.945  7446.219  2517.376    11.134    58.657    37.155101767.246     0.000
       132     3.910     0.040     0.000     0.065    -1.981     2.083     3.910  1024.631 25577.977    32.099    10.498     0.020     1.955  7423.143  2517.288    11.129    58.649    37.149101726.249     0.000
       133     3.930     0.040     0.000     0.066    -1.981     2.109     3.930  1024.626 25442.779    32.094    10.499     0.020     1.965  7399.264  2517.197    11.124    58.640    37.143101682.906     0.000
       134     3.952     0.040     0.000     0.067    -1.981     2.137     3.952  1024.622 25302.917    32.088    10.500     0.020     1.976  7374.561  2517.102    11.119    58.631    37.137101637.051     0.000
       135     3.975     0.040     0.000     0.067    -1.981     2.164     3.975  1024.617 25158.280    32.082    10.501     0.020     1.987  7349.015  2517.005    11.113    58.622    37.131101588.504     0.000
       136     3.999     0.040     0.000     0.068    -1.981     2.192     3.999  1024.613 25008.754    32.077    10.502     0.020     1.999  7322.604  2516.904    11.107    58.611    37.124101537.070     0.000
       137     4.023     0.040     0.000     0.069    -1.981     2.220     4.023  1024.608 24854.228    32.071    10.503     0.020     2.012  7295.310  2516.799    11.101    58.601    37.116101482.534     0.000
       138     4.049     0.040     0.000     0.070    -1.981     2.249     4.049  1024.603 24694.589    32.064    10.504     0.020     2.025  7267.112  2516.692    11.095    58.589    37.109101424.659     0.000
       139     4.077     0.041     0.000     0.071    -1.981     2.278     4.077  1024.598 24529.722    32.058    10.506     0.020     2.038  7237.991  2516.580    11.089    58.577    37.100101363.184     0.000
       140     4.105     0.041     0.000     0.071    -1.982     2.307     4.105  1024.592 24359.509    32.051    10.507     0.020     2.053  7207.925  2516.465    11.082    58.564    37.092101297.820     0.000
       141     4.135     0.041     0.000     0.072    -1.982     2.338     4.135  1024.587 24183.827    32.044    10.508     0.020     2.067  7176.893  2516.347    11.074    58.550    37.082101228.243     0.000
       142     4.166     0.041     0.000     0.073    -1.982     2.368     4.166  1024.581 24002.549    32.037    10.509     0.020     2.083  7144.871  2516.224    11.067    58.536    37.073101154.093     0.000
       143     4.199     0.041     0.000     0.074    -1.982     2.399     4.199  1024.575 23815.542    32.030    10.510     0.020     2.099  7111.837  2516.098    11.059    58.520    37.062101074.966     0.000
       144     4.233     0.041     0.000     0.075    -1.982     2.431     4.233  1024.569 23622.665    32.022    10.512     0.020     2.117  7077.766  2515.968    11.050    58.503    37.051100990.406     0.000
       145     4.269     0.042     0.000     0.076    -1.983     2.463     4.269  1024.563 23423.772    32.015    10.513     0.020     2.135  7042.631  2515.833    11.042    58.485    37.039100899.899     0.000
       146     4.307     0.042     0.000     0.076    -1.983     2.496     4.307  1024.556 23218.707    32.007    10.514     0.020     2.153  7006.405  2515.695    11.032    58.466    37.026100802.862     0.000
       147     4.346     0.042     0.000     0.077    -1.983     2.530     4.346  1024.550 23007.304    31.998    10.516     0.020     2.173  6969.060  2515.552    11.023    58.445    37.012100698.630     0.000
       148     4.388     0.042     0.000     0.078    -1.983     2.564     4.388  1024.543 22789.387    31.990    10.517     0.020     2.194  6930.562  2515.405    11.012    58.423    36.997100586.443     0.000
       149     4.432     0.042     0.000     0.079    -1.983     2.600     4.432  1024.536 22564.770    31.981    10.519     0.020     2.216  6890.881  2515.253    11.002    58.399    36.981100465.429     0.000
       150     4.478     0.043     0.000     0.080    -1.984     2.636     4.478  1024.528 22333.251    31.972    10.520     0.020     2.239  6849.979  2515.097    10.990    58.373    36.964100334.580     0.000
       151     4.526     0.043     0.000     0.081    -1.984     2.673     4.526  1024.521 22094.614    31.963    10.522     0.020     2.263  6807.819  2514.935    10.978    58.345    36.945100192.723     0.000
       152     4.577     0.043     0.000     0.082    -1.984     2.711     4.577  1024.513 21848.628    31.953    10.524     0.020     2.288  6764.359  2514.769    10.965    58.314    36.925100038.494     0.000
       153     4.631     0.044     0.000     0.083    -1.984     2.750     4.631  1024.505 21595.042    31.943    10.525     0.020     2.315  6719.556  2514.598    10.952    58.280    36.903 99870.288     0.000
       154     4.687     0.044     0.000     0.084    -1.985     2.790     4.687  1024.497 21333.585    31.933    10.527     0.020     2.344  6673.361  2514.421    10.937    58.243    36.879 99686.209     0.000
       155     4.747     0.044     0.000     0.085    -1.985     2.832     4.747  1024.488 21063.962    31.922    10.529     0.020     2.374  6625.722  2514.239    10.922    58.203    36.853 99483.999     0.000
       156     4.811     0.044     0.000     0.086    -1.985     2.875     4.811  1024.480 20785.851    31.911    10.531     0.020     2.405  6576.583  2514.051    10.906    58.158    36.823 99260.955     0.000
       157     4.878     0.045     0.000     0.088    -1.986     2.919     4.878  1024.470 20498.900    31.900    10.533     0.020     2.439  6525.880  2513.857    10.888    58.108    36.791 99013.808     0.000
       158     4.950     0.045     0.000     0.089    -1.986     2.965     4.950  1024.461 20202.723    31.889    10.535     0.020     2.475  6473.545  2513.657    10.869    58.053    36.755 98738.575     0.000
       159     5.026     0.045     0.000     0.090    -1.987     3.013     5.026  1024.452 19896.892    31.877    10.537     0.020     2.513  6419.503  2513.451    10.849    57.991    36.715 98430.356     0.000
       160     5.107     0.046     0.000     0.091    -1.987     3.063     5.107  1024.442 19580.935    31.864    10.539     0.020     2.554  6363.670  2513.237    10.828    57.921    36.669 98083.064     0.000
       161     5.194     0.046     0.000     0.093    -1.987     3.115     5.194  1024.431 19254.324    31.852    10.541     0.020     2.597  6305.952  2513.017    10.804    57.841    36.618 97689.060     0.000
       162     5.286     0.047     0.000     0.094    -1.988     3.169     5.286  1024.421 18916.469    31.838    10.543     0.020     2.643  6246.246  2512.788    10.778    57.750    36.559 97238.637     0.000
       163     5.386     0.047     0.000     0.095    -1.988     3.225     5.386  1024.410 18566.702    31.825    10.546     0.020     2.693  6184.432  2512.552    10.750    57.644    36.491 96719.324     0.000
       164     5.493     0.048     0.000     0.097    -1.989     3.285     5.493  1024.398 18204.268    31.811    10.548     0.020     2.747  6120.377  2512.307    10.720    57.520    36.411 96114.885     0.000
       165     5.603     0.048     0.000     0.098    -1.989     3.345     5.603  1024.387 17847.126    31.797    10.550     0.020     2.802  6057.256  2512.066    10.688    57.382    36.323 95441.774     0.000
       166     5.715     0.049     0.000     0.100    -1.990     3.404     5.715  1024.376 17496.994    31.783    10.553     0.020     2.858  5995.370  2511.829    10.654    57.228    36.224 94693.917     0.000
       167     5.830     0.049     0.000     0.101    -1.991     3.463     5.830  1024.365 17153.734    31.770    10.555     0.020     2.915  5934.697  2511.597    10.620    57.055    36.113 93861.208     0.000
       168     5.946     0.050     0.000     0.103    -1.991     3.522     5.946  1024.355 16817.213    31.756    10.557     0.020     2.973  5875.213  2511.370    10.584    56.861    35.990 92932.463     0.000
       169     6.065     0.050     0.000     0.104    -1.992     3.581     6.065  1024.344 16487.296    31.744    10.560     0.020     3.033  5816.894  2511.147    10.546    56.643    35.851 91895.589     0.000
       170     6.187     0.051     0.000     0.106    -1.992     3.639     6.187  1024.334 16163.855    31.731    10.562     0.020     3.093  5759.717  2510.928    10.507    56.398    35.694 90737.928     0.000
       171     6.310     0.051     0.000     0.107    -1.993     3.698     6.310  1024.324 15846.763    31.718    10.564     0.020     3.155  5703.661  2510.714    10.466    56.122    35.519 89446.864     0.000
       172     6.437     0.052     0.000     0.109    -1.993     3.757     6.437  1024.314 15535.893    31.706    10.566     0.020     3.218  5648.702  2510.504    10.425    55.812    35.322 88010.721     0.000
       173     6.566     0.053     0.000     0.110    -1.994     3.815     6.566  1024.305 15231.125    31.694    10.568     0.020     3.283  5594.820  2510.298    10.382    55.465    35.101 86419.967     0.000
       174     6.697     0.053     0.000     0.111    -1.995     3.874     6.697  1024.295 14932.339    31.683    10.570     0.020     3.348  5541.993  2510.096    10.338    55.078    34.855 84668.620     0.000
       175     6.831     0.054     0.000     0.113    -1.995     3.933     6.831  1024.286 14639.416    31.671    10.572     0.020     3.415  5490.201  2509.898    10.293    54.649    34.583 82755.658     0.000
       176     6.968     0.054     0.000     0.114    -1.996     3.993     6.968  1024.277 14352.242    31.660    10.574     0.020     3.484  5439.423  2509.704    10.248    54.177    34.284 80686.124     0.000
       177     7.107     0.055     0.000     0.116    -1.997     4.052     7.107  1024.268 14070.704    31.649    10.575     0.020     3.553  5389.640  2509.514    10.203    53.664    33.958 78471.576     0.000
       178     7.249     0.056     0.000     0.117    -1.997     4.112     7.249  1024.259 13794.691    31.638    10.577     0.020     3.625  5340.831  2509.327    10.159    53.111    33.607 76129.695     0.000
       179     7.394     0.056     0.000     0.119    -1.998     4.172     7.394  1024.251 13524.095    31.628    10.579     0.020     3.697  5292.979  2509.144    10.115    52.521    33.233 73683.046     0.000
       180     7.542     0.057     0.000     0.120    -1.998     4.232     7.542  1024.243 13258.808    31.617    10.581     0.020     3.771  5246.063  2508.965    10.072    51.899    32.839 71157.255     0.000
       181     7.693     0.057     0.000     0.121    -1.999     4.293     7.693  1024.234 12998.728    31.607    10.583     0.020     3.847  5200.066  2508.789    10.031    51.249    32.426 68579.009     0.000
       182     7.847     0.058     0.000     0.123    -2.000     4.354     7.847  1024.226 12743.751    31.597    10.584     0.020     3.923  5154.970  2508.617     9.990    50.575    32.000 65974.248     0.000
       183     8.004     0.059     0.000     0.124    -2.000     4.415     8.004  1024.219 12493.778    31.588    10.586     0.020     4.002  5110.757  2508.448     9.952    49.884    31.561 63366.806     0.000
       184     8.164     0.059     0.000     0.126    -2.001     4.477     8.164  1024.211 12248.710    31.578    10.587     0.020     4.082  5067.409  2508.282     9.914    49.178    31.114 60777.570     0.000
       185     8.327     0.060     0.000     0.127    -2.002     4.539     8.327  1024.203 12008.451    31.569    10.589     0.020     4.164  5024.911  2508.120     9.879    48.463    30.661 58224.153     0.000
       186     8.494     0.061     0.000     0.129    -2.002     4.602     8.494  1024.196 11772.906    31.559    10.590     0.020     4.247  4983.246  2507.961     9.844    47.742    30.204 55720.857     0.000
       187     8.664     0.061     0.000     0.130    -2.003     4.665     8.664  1024.189 11541.983    31.550    10.592     0.020     4.332  4942.398  2507.805     9.812    47.018    29.745 53278.846     0.000
       188     8.837     0.062     0.000     0.132    -2.004     4.728     8.837  1024.182 11315.591    31.542    10.593     0.020     4.419  4902.351  2507.652     9.780    46.293    29.286 50906.535     0.000
       189     9.014     0.063     0.000     0.133    -2.004     4.792     9.014  1024.175 11093.641    31.533    10.595     0.020     4.507  4863.090  2507.502     9.750    45.570    28.829 48609.980     0.000
       190     9.195     0.063     0.000     0.135    -2.005     4.857     9.195  1024.168 10876.047    31.524    10.596     0.020     4.597  4824.598  2507.354     9.721    44.851    28.373 46393.271     0.000
       191     9.378     0.064     0.000     0.136    -2.006     4.922     9.378  1024.161 10662.721    31.516    10.598     0.020     4.689  4786.860  2507.210     9.693    44.138    27.921 44258.886     0.000
       192     9.566     0.065     0.000     0.138    -2.006     4.987     9.566  1024.155 10453.581    31.508    10.599     0.020     4.783  4749.863  2507.069     9.667    43.430    27.473 42208.007     0.000
       193     9.757     0.066     0.000     0.139    -2.007     5.054     9.757  1024.148 10248.545    31.500    10.600     0.020     4.879  4713.591  2506.930     9.641    42.730    27.030 40240.787     0.000
       194     9.953     0.066     0.000     0.141    -2.008     5.120     9.953  1024.142 10047.531    31.492    10.601     0.020     4.976  4678.031  2506.794     9.617    42.039    26.592 38356.577     0.000
       195    10.152     0.067     0.000     0.142    -2.008     5.188    10.152  1024.136  9850.461    31.485    10.603     0.020     5.076  4643.167  2506.661     9.593    41.356    26.160 36554.105     0.000
       196    10.355     0.068     0.000     0.144    -2.009     5.256    10.355  1024.130  9657.258    31.477    10.604     0.020     5.177  4608.988  2506.531     9.570    40.683    25.734 34831.630     0.000
       197    10.562     0.068     0.000     0.145    -2.010     5.324    10.562  1024.124  9467.845    31.470    10.605     0.020     5.281  4575.478  2506.403     9.547    40.020    25.314 33187.064     0.000
       198    10.773     0.069     0.000     0.147    -2.011     5.394    10.773  1024.118  9282.148    31.462    10.606     0.020     5.387  4542.625  2506.277     9.526    39.367    24.900 31618.064     0.000
       199    10.989     0.070     0.000     0.149    -2.011     5.464    10.989  1024.112  9100.095    31.455    10.607     0.020     5.494  4510.417  2506.154     9.505    38.725    24.494 30122.118     0.000
       200    11.209     0.071     0.000     0.150    -2.012     5.534    11.209  1024.107  8921.613    31.448    10.608     0.020     5.604  4478.840  2506.033     9.485    38.093    24.093 28696.600     0.000
       201    11.433     0.072     0.000     0.152    -2.013     5.606    11.433  1024.101  8746.633    31.442    10.610     0.020     5.716  4447.883  2505.915     9.465    37.472    23.700 27338.819     0.000
       202    11.662     0.072     0.000     0.153    -2.014     5.678    11.662  1024.096  8575.085    31.435    10.611     0.020     5.831  4417.532  2505.799     9.446    36.861    23.314 26046.064     0.000
       203    11.895     0.073     0.000     0.155    -2.014     5.751    11.895  1024.090  8406.903    31.428    10.612     0.020     5.947  4387.777  2505.685     9.428    36.262    22.934 24815.626     0.000
       204    12.133     0.074     0.000     0.157    -2.015     5.824    12.133  1024.085  8242.020    31.422    10.613     0.020     6.066  4358.604  2505.574     9.410    35.673    22.561 23644.827     0.000
       205    12.376     0.075     0.000     0.158    -2.016     5.899    12.376  1024.080  8080.372    31.416    10.614     0.020     6.188  4330.004  2505.464     9.392    35.095    22.195 22531.035     0.000
       206    12.623     0.076     0.000     0.160    -2.017     5.974    12.623  1024.075  7921.895    31.409    10.615     0.020     6.312  4301.965  2505.357     9.375    34.527    21.836 21471.678     0.000
       207    12.876     0.076     0.000     0.162    -2.017     6.050    12.876  1024.070  7766.527    31.403    10.616     0.020     6.438  4274.476  2505.252     9.359    33.971    21.484 20464.253     0.000
       208    13.133     0.077     0.000     0.163    -2.018     6.127    13.133  1024.066  7614.207    31.398    10.616     0.020     6.567  4247.525  2505.149     9.343    33.425    21.138 19506.336     0.000
       209    13.396     0.078     0.000     0.165    -2.019     6.205    13.396  1024.061  7464.875    31.392    10.617     0.020     6.698  4221.103  2505.048     9.327    32.889    20.799 18595.584     0.000
       210    13.664     0.079     0.000     0.167    -2.020     6.283    13.664  1024.057  7318.472    31.386    10.618     0.020     6.832  4195.199  2504.949     9.311    32.363    20.467 17729.740     0.000
       211    13.937     0.080     0.000     0.169    -2.021     6.363    13.937  1024.052  7174.942    31.380    10.619     0.020     6.969  4169.803  2504.852     9.296    31.848    20.141 16906.633     0.000
       212    14.216     0.081     0.000     0.170    -2.022     6.443    14.216  1024.048  7034.226    31.375    10.620     0.020     7.108  4144.905  2504.757     9.281    31.343    19.821 16124.181     0.000
       213    14.501     0.082     0.000     0.172    -2.022     6.524    14.501  1024.043  6896.271    31.370    10.621     0.020     7.250  4120.495  2504.664     9.267    30.848    19.507 15380.387     0.000
       214    14.791     0.083     0.000     0.174    -2.023     6.607    14.791  1024.039  6761.023    31.364    10.622     0.020     7.395  4096.564  2504.572     9.253    30.362    19.200 14673.343     0.000
       215    15.087     0.083     0.000     0.176    -2.024     6.690    15.087  1024.035  6628.427    31.359    10.622     0.020     7.543  4073.102  2504.483     9.239    29.887    18.899 14001.223     0.000
       216    15.388     0.084     0.000     0.178    -2.025     6.774    15.388  1024.031  6498.432    31.354    10.623     0.020     7.694  4050.100  2504.395     9.225    29.420    18.604 13362.286     0.000
       217    15.696     0.085     0.000     0.180    -2.026     6.859    15.696  1024.027  6370.987    31.349    10.624     0.020     7.848  4027.549  2504.309     9.212    28.963    18.315 12754.870     0.000
       218    16.010     0.086     0.000     0.181    -2.027     6.945    16.010  1024.023  6246.042    31.344    10.624     0.020     8.005  4005.440  2504.224     9.199    28.516    18.031 12177.391     0.000
       219    16.330     0.087     0.000     0.183    -2.027     7.032    16.330  1024.019  6123.548    31.340    10.625     0.020     8.165  3983.765  2504.141     9.186    28.077    17.754 11628.342     0.000
       220    16.657     0.088     0.000     0.185    -2.028     7.121    16.657  1024.016  6003.457    31.335    10.626     0.020     8.329  3962.514  2504.060     9.173    27.647    17.482 11106.287     0.000
       221    16.990     0.089     0.000     0.187    -2.029     7.210    16.990  1024.012  5885.721    31.331    10.626     0.020     8.495  3941.681  2503.981     9.161    27.226    17.215 10609.860     0.000
       222    17.330     0.090     0.000     0.189    -2.030     7.300    17.330  1024.008  5770.295    31.326    10.627     0.020     8.665  3921.256  2503.903     9.149    26.813    16.954 10137.765     0.000
       223    17.677     0.091     0.000     0.191    -2.031     7.392    17.677  1024.005  5657.132    31.322    10.628     0.020     8.838  3901.231  2503.826     9.137    26.409    16.698  9688.766     0.000
       224    18.030     0.092     0.000     0.193    -2.032     7.485    18.030  1024.001  5546.189    31.317    10.628     0.020     9.015  3881.599  2503.751     9.125    26.013    16.448  9261.693     0.000
       225    18.391     0.093     0.000     0.195    -2.033     7.578    18.391  1023.998  5437.423    31.313    10.629     0.020     9.196  3862.352  2503.677     9.114    25.625    16.202  8855.430     0.000
       226    18.759     0.094     0.000     0.197    -2.034     7.673    18.759  1023.995  5330.789    31.309    10.630     0.020     9.379  3843.482  2503.605     9.103    25.245    15.962  8468.921     0.000
       227    19.134     0.095     0.000     0.199    -2.035     7.770    19.134  1023.992  5226.248    31.305    10.630     0.020     9.567  3824.983  2503.535     9.091    24.873    15.726  8101.163     0.000
       228    19.517     0.096     0.000     0.201    -2.036     7.867    19.517  1023.988  5123.756    31.301    10.631     0.020     9.758  3806.846  2503.465     9.081    24.508    15.496  7751.203     0.000
       229    19.907     0.097     0.000     0.203    -2.037     7.966    19.907  1023.985  5023.275    31.297    10.631     0.020     9.954  3789.064  2503.397     9.070    24.151    15.270  7418.137     0.000
       230    20.306     0.098     0.000     0.206    -2.037     8.066    20.306  1023.982  4924.765    31.293    10.632     0.020    10.153  3771.632  2503.331     9.059    23.802    15.049  7101.108     0.000
       231    20.712     0.099     0.000     0.208    -2.038     8.167    20.712  1023.979  4828.187    31.290    10.632     0.020    10.356  3754.541  2503.265     9.049    23.459    14.832  6799.302     0.000
       232    21.126     0.100     0.000     0.210    -2.039     8.269    21.126  1023.976  4733.503    31.286    10.633     0.020    10.563  3737.785  2503.201     9.039    23.124    14.620  6511.949     0.000
       233    21.549     0.101     0.000     0.212    -2.040     8.373    21.549  1023.974  4640.677    31.282    10.633     0.020    10.774  3721.358  2503.139     9.028    22.795    14.412  6238.316     0.000
       234    21.980     0.103     0.000     0.214    -2.041     8.478    21.980  1023.971  4549.671    31.279    10.634     0.020    10.990  3705.253  2503.077     9.019    22.474    14.209  5977.710     0.000
       235    22.419     0.104     0.000     0.217    -2.042     8.585    22.419  1023.968  4460.449    31.276    10.634     0.020    11.210  3689.464  2503.017     9.009    22.159    14.009  5729.472     0.000
       236    22.868     0.105     0.000     0.219    -2.043     8.693    22.868  1023.965  4372.978    31.272    10.634     0.020    11.434  3673.984  2502.958     8.999    21.850    13.814  5492.979     0.000
       237    23.325     0.106     0.000     0.221    -2.044     8.802    23.325  1023.963  4287.222    31.269    10.635     0.020    11.663  3658.808  2502.900     8.990    21.548    13.623  5267.640     0.000
       238    23.792     0.107     0.000     0.224    -2.045     8.913    23.792  1023.960  4203.149    31.266    10.635     0.020    11.896  3643.929  2502.843     8.980    21.252    13.436  5052.893     0.000
       239    24.268     0.108     0.000     0.226    -2.046     9.025    24.268  1023.958  4120.724    31.262    10.636     0.020    12.134  3629.342  2502.787     8.971    20.962    13.253  4848.207     0.000
       240    24.753     0.109     0.000     0.228    -2.047     9.139    24.753  1023.955  4039.916    31.259    10.636     0.020    12.376  3615.042  2502.732     8.962    20.679    13.073  4653.077     0.000
       241    25.248     0.111     0.000     0.231    -2.048     9.254    25.248  1023.953  3960.692    31.256    10.636     0.020    12.624  3601.021  2502.679     8.953    20.401    12.897  4467.027     0.000
       242    25.753     0.112     0.000     0.233    -2.050     9.371    25.753  1023.950  3883.023    31.253    10.637     0.020    12.877  3587.276  2502.626     8.944    20.129    12.725  4289.602     0.000
       243    26.268     0.113     0.000     0.236    -2.051     9.489    26.268  1023.948  3806.876    31.250    10.637     0.020    13.134  3573.800  2502.575     8.936    19.863    12.557  4120.373     0.000
       244    26.794     0.114     0.000     0.238    -2.052     9.609    26.794  1023.946  3732.223    31.248    10.637     0.020    13.397  3560.588  2502.524     8.927    19.602    12.392  3958.933     0.000
       245    27.330     0.115     0.000     0.241    -2.053     9.731    27.330  1023.944  3659.035    31.245    10.638     0.020    13.665  3547.635  2502.475     8.919    19.346    12.230  3804.895     0.000
       246    27.876     0.117     0.000     0.244    -2.054     9.854    27.876  1023.941  3587.281    31.242    10.638     0.020    13.938  3534.937  2502.426     8.910    19.096    12.072  3657.894     0.000
       247    28.434     0.118     0.000     0.246    -2.055     9.979    28.434  1023.939  3516.935    31.239    10.638     0.020    14.217  3522.487  2502.379     8.902    18.851    11.917  3517.581     0.000
       248    29.003     0.119     0.000     0.249    -2.056    10.105    29.003  1023.937  3447.969    31.237    10.639     0.020    14.501  3510.281  2502.332     8.894    18.611    11.765  3383.628     0.000
       249    29.583     0.120     0.000     0.251    -2.057    10.234    29.583  1023.935  3380.355    31.234    10.639     0.020    14.791  3498.315  2502.286     8.886    18.376    11.617  3255.722     0.000
       250    30.174     0.122     0.000     0.254    -2.058    10.364    30.174  1023.933  3314.067    31.232    10.639     0.020    15.087  3486.583  2502.242     8.878    18.146    11.471  3133.567     0.000
       251    30.778     0.123     0.000     0.257    -2.059    10.496    30.778  1023.931  3249.079    31.229    10.639     0.020    15.389  3475.082  2502.198     8.870    17.921    11.329  3016.882     0.000
       252    31.394     0.124     0.000     0.260    -2.061    10.629    31.394  1023.929  3185.365    31.227    10.640     0.020    15.697  3463.805  2502.154     8.863    17.701    11.189  2905.401     0.000
       253    32.022     0.126     0.000     0.263    -2.062    10.765    32.022  1023.927  3122.901    31.224    10.640     0.020    16.011  3452.750  2502.112     8.855    17.485    11.053  2798.870     0.000
       254    32.662     0.127     0.000     0.265    -2.063    10.903    32.662  1023.926  3061.663    31.222    10.640     0.020    16.331  3441.912  2502.071     8.848    17.273    10.919  2697.050     0.000
       255    33.315     0.128     0.000     0.268    -2.064    11.042    33.315  1023.924  3001.625    31.220    10.640     0.020    16.658  3431.286  2502.030     8.840    17.066    10.788  2599.713     0.000
       256    33.982     0.130     0.000     0.271    -2.065    11.183    33.982  1023.922  2942.764    31.218    10.640     0.020    16.991  3420.869  2501.990     8.833    16.863    10.660  2506.644     0.000
       257    34.661     0.131     0.000     0.274    -2.066    11.327    34.661  1023.920  2885.058    31.215    10.641     0.020    17.331  3410.656  2501.951     8.826    16.665    10.534  2417.637     0.000
       258    35.355     0.133     0.000     0.277    -2.068    11.472    35.355  1023.919  2828.484    31.213    10.641     0.020    17.677  3400.643  2501.913     8.819    16.470    10.411  2332.498     0.000
       259    36.062     0.134     0.000     0.280    -2.069    11.619    36.062  1023.917  2773.019    31.211    10.641     0.020    18.031  3390.827  2501.876     8.812    16.280    10.291  2251.042     0.000
       260    36.783     0.135     0.000     0.284    -2.070    11.769    36.783  1023.915  2718.642    31.209    10.641     0.020    18.392  3381.203  2501.839     8.805    16.093    10.173  2173.094     0.000
       261    37.519     0.137     0.000     0.287    -2.071    11.920    37.519  1023.914  2665.331    31.207    10.641     0.020    18.759  3371.767  2501.803     8.798    15.911    10.057  2098.488     0.000
       262    38.269     0.138     0.000     0.290    -2.072    12.074    38.269  1023.912  2613.065    31.205    10.641     0.020    19.135  3362.517  2501.767     8.792    15.732     9.944  2027.065     0.000
       263    39.035     0.140     0.000     0.293    -2.074    12.230    39.035  1023.911  2561.825    31.203    10.641     0.020    19.517  3353.448  2501.733     8.785    15.557     9.834  1958.677     0.000
       264    39.815     0.141     0.000     0.296    -2.075    12.388    39.815  1023.909  2511.590    31.201    10.642     0.020    19.908  3344.557  2501.699     8.779    15.385     9.725  1893.180     0.000
       265    40.612     0.143     0.000     0.300    -2.076    12.549    40.612  1023.908  2462.339    31.200    10.642     0.020    20.306  3335.840  2501.665     8.772    15.217     9.619  1830.439     0.000
       266    41.424     0.144     0.000     0.303    -2.078    12.712    41.424  1023.906  2414.055    31.198    10.642     0.020    20.712  3327.294  2501.633     8.766    15.053     9.515  1770.325     0.000
       267    42.253     0.146     0.000     0.306    -2.079    12.877    42.253  1023.905  2366.717    31.196    10.642     0.020    21.126  3318.916  2501.601     8.760    14.892     9.413  1712.717     0.000
       268    43.098     0.147     0.000     0.310    -2.080    13.044    43.098  1023.904  2320.308    31.194    10.642     0.020    21.549  3310.702  2501.569     8.754    14.734     9.313  1657.498     0.000
       269    43.960     0.149     0.000     0.313    -2.081    13.214    43.960  1023.902  2274.809    31.193    10.642     0.020    21.980  3302.649  2501.539     8.748    14.580     9.216  1604.559     0.000
       270    44.839     0.151     0.000     0.317    -2.083    13.386    44.839  1023.901  2230.202    31.191    10.642     0.020    22.419  3294.754  2501.508     8.742    14.428     9.120  1553.794     0.000
       271    45.736     0.152     0.000     0.321    -2.084    13.561    45.736  1023.900  2186.470    31.189    10.642     0.020    22.868  3287.013  2501.479     8.736    14.280     9.026  1505.104     0.000
       272    46.651     0.154     0.000     0.324    -2.085    13.739    46.651  1023.898  2143.595    31.188    10.642     0.020    23.325  3279.425  2501.450     8.730    14.135     8.935  1458.394     0.000
       273    47.584     0.155     0.000     0.328    -2.087    13.919    47.584  1023.897  2101.561    31.186    10.642     0.020    23.792  3271.985  2501.421     8.724    13.993     8.845  1413.574     0.000
       274    48.535     0.157     0.000     0.332    -2.088    14.101    48.535  1023.896  2060.352    31.185    10.642     0.020    24.268  3264.691  2501.394     8.719    13.854     8.757  1370.559     0.000
       275    49.506     0.159     0.000     0.336    -2.090    14.287    49.506  1023.895  2019.950    31.183    10.642     0.020    24.753  3257.541  2501.366     8.713    13.718     8.671  1329.268     0.000
       276    50.496     0.160     0.000     0.339    -2.091    14.475    50.496  1023.894  1980.341    31.182    10.642     0.020    25.248  3250.530  2501.339     8.708    13.584     8.586  1289.622     0.000
       277    51.506     0.162     0.000     0.343    -2.092    14.666    51.506  1023.893  1941.509    31.180    10.642     0.020    25.753  3243.657  2501.313     8.702    13.453     8.504  1251.548     0.000
       278    52.537     0.164     0.000     0.347    -2.094    14.859    52.537  1023.892  1903.438    31.179    10.642     0.020    26.268  3236.918  2501.287     8.697    13.325     8.423  1214.976     0.000
       279    53.587     0.165     0.000     0.351    -2.095    15.056    53.587  1023.890  1866.114    31.177    10.642     0.020    26.794  3230.312  2501.262     8.692    13.200     8.343  1179.839     0.000
       280    54.659     0.167     0.000     0.355    -2.097    15.255    54.659  1023.889  1829.522    31.176    10.642     0.020    27.330  3223.836  2501.237     8.686    13.077     8.266  1146.075     0.000
       281    55.752     0.169     0.000     0.360    -2.098    15.458    55.752  1023.888  1793.647    31.175    10.642     0.020    27.876  3217.486  2501.213     8.681    12.957     8.190  1113.622     0.000
       282    56.867     0.171     0.000     0.364    -2.100    15.663    56.867  1023.887  1758.476    31.174    10.642     0.020    28.434  3211.261  2501.189     8.676    12.839     8.115  1082.422     0.000
       283    58.005     0.173     0.000     0.368    -2.101    15.872    58.005  1023.886  1723.994    31.172    10.642     0.020    29.002  3205.157  2501.166     8.671    12.724     8.042  1052.422     0.000
       284    59.165     0.174     0.000     0.372    -2.103    16.084    59.165  1023.886  1690.189    31.171    10.642     0.020    29.582  3199.174  2501.143     8.666    12.611     7.971  1023.569     0.000
       285    60.348     0.176     0.000     0.377    -2.104    16.299    60.348  1023.885  1657.046    31.170    10.642     0.020    30.174  3193.308  2501.121     8.661    12.500     7.901   995.814     0.000
       286    61.555     0.178     0.000     0.381    -2.106    16.517    61.555  1023.884  1624.554    31.169    10.642     0.020    30.778  3187.557  2501.099     8.657    12.392     7.832   969.108     0.000
       287    62.787     0.180     0.000     0.386    -2.107    16.738    62.787  1023.883  1592.698    31.168    10.642     0.020    31.393  3181.918  2501.077     8.652    12.285     7.765   943.407     0.000
       288    64.042     0.182     0.000     0.390    -2.109    16.963    64.042  1023.882  1561.468    31.166    10.642     0.020    32.021  3176.390  2501.056     8.647    12.181     7.699   918.668     0.000
       289    65.323     0.184     0.000     0.395    -2.110    17.191    65.323  1023.881  1530.849    31.165    10.642     0.020    32.662  3170.971  2501.035     8.643    12.080     7.635   894.850     0.000
       290    66.630     0.186     0.000     0.400    -2.112    17.423    66.630  1023.880  1500.832    31.164    10.642     0.020    33.315  3165.658  2501.015     8.638    11.980     7.572   871.914     0.000
       291    67.962     0.188     0.000     0.405    -2.114    17.658    67.962  1023.880  1471.402    31.163    10.642     0.020    33.981  3160.449  2500.995     8.634    11.882     7.510   849.822     0.000
       292    69.322     0.190     0.000     0.410    -2.115    17.897    69.322  1023.879  1442.550    31.162    10.642     0.020    34.661  3155.342  2500.976     8.630    11.786     7.449   828.540     0.000
       293    70.708     0.192     0.000     0.414    -2.117    18.140    70.708  1023.878  1414.264    31.161    10.641     0.020    35.354  3150.335  2500.957     8.625    11.693     7.390   808.033     0.000
       294    72.122     0.194     0.000     0.420    -2.118    18.386    72.122  1023.877  1386.532    31.160    10.641     0.020    36.061  3145.427  2500.938     8.621    11.601     7.332   788.269     0.000
       295    73.565     0.196     0.000     0.425    -2.120    18.636    73.565  1023.877  1359.344    31.159    10.641     0.020    36.782  3140.615  2500.919     8.617    11.511     7.275   769.218     0.000
       296    75.036     0.198     0.000     0.430    -2.122    18.890    75.036  1023.876  1332.690    31.158    10.641     0.020    37.518  3135.897  2500.901     8.613    11.423     7.219   750.849     0.000
       297    76.537     0.200     0.000     0.435    -2.123    19.148    76.537  1023.875  1306.558    31.157    10.641     0.020    38.268  3131.271  2500.884     8.609    11.336     7.165   733.135     0.000
       298    78.068     0.202     0.000     0.440    -2.125    19.410    78.068  1023.874  1280.938    31.157    10.641     0.020    39.034  3126.736  2500.866     8.605    11.252     7.111   716.049     0.000
       299    79.629     0.204     0.000     0.446    -2.127    19.676    79.629  1023.874  1255.821    31.156    10.641     0.020    39.815  3122.291  2500.849     8.601    11.169     7.059   699.565     0.000
       300    81.222     0.206     0.000     0.451    -2.129    19.947    81.222  1023.873  1231.196    31.155    10.641     0.020    40.611  3117.932  2500.833     8.597    11.088     7.008   683.660     0.000
       301    82.846     0.208     0.000     0.457    -2.130    20.221    82.846  1023.873  1207.054    31.154    10.640     0.020    41.423  3113.659  2500.816     8.593    11.008     6.957   668.309     0.000
       302    84.503     0.210     0.000     0.463    -2.132    20.500    84.503  1023.872  1183.386    31.153    10.640     0.020    42.252  3109.469  2500.800     8.589    10.930     6.908   653.491     0.000
       303    86.193     0.213     0.000     0.468    -2.134    20.784    86.193  1023.871  1160.182    31.152    10.640     0.020    43.097  3105.362  2500.785     8.586    10.854     6.860   639.183     0.000
       304    87.917     0.215     0.000     0.474    -2.136    21.072    87.917  1023.871  1137.432    31.152    10.640     0.020    43.959  3101.335  2500.769     8.582    10.779     6.813   625.367     0.000
       305    89.676     0.217     0.000     0.480    -2.137    21.364    89.676  1023.870  1115.129    31.151    10.640     0.020    44.838  3097.388  2500.754     8.578    10.706     6.766   612.022     0.000
       306    91.469     0.219     0.000     0.486    -2.139    21.661    91.469  1023.870  1093.263    31.150    10.640     0.020    45.735  3093.517  2500.739     8.575    10.634     6.721   599.130     0.000
       307    93.299     0.221     0.000     0.492    -2.141    21.963    93.299  1023.869  1071.826    31.149    10.639     0.020    46.649  3089.723  2500.725     8.571    10.564     6.677   586.673     0.000
       308    95.165     0.224     0.000     0.499    -2.143    22.270    95.165  1023.869  1050.809    31.149    10.639     0.020    47.582  3086.003  2500.711     8.568    10.495     6.633   574.634     0.000
       309    97.068     0.226     0.000     0.505    -2.145    22.582    97.068  1023.868  1030.205    31.148    10.639     0.020    48.534  3082.356  2500.697     8.564    10.428     6.590   562.996     0.000
       310    99.009     0.228     0.000     0.511    -2.147    22.899    99.009  1023.868  1010.004    31.147    10.639     0.020    49.505  3078.780  2500.683     8.561    10.362     6.549   551.746     0.000
       311   100.990     0.231     0.000     0.518    -2.149    23.222   100.990  1023.867   990.200    31.147    10.639     0.020    50.495  3075.275  2500.670     8.558    10.297     6.508   540.866     0.000
       312   103.010     0.233     0.000     0.524    -2.150    23.549   103.010  1023.867   970.784    31.146    10.638     0.020    51.505  3071.838  2500.657     8.555    10.233     6.468   530.344     0.000
       313   105.070     0.236     0.000     0.531    -2.152    23.882   105.070  1023.866   951.748    31.146    10.638     0.020    52.535  3068.469  2500.644     8.551    10.171     6.428   520.166     0.000
       314   107.171     0.238     0.000     0.538    -2.154    24.221   107.171  1023.866   933.086    31.145    10.638     0.020    53.586  3065.165  2500.631     8.548    10.110     6.390   510.318     0.000
       315   109.315     0.241     0.000     0.545    -2.156    24.565   109.315  1023.866   914.790    31.144    10.638     0.020    54.657  3061.927  2500.619     8.545    10.051     6.352   500.789     0.000
       316   111.501     0.243     0.000     0.552    -2.158    24.915   111.501  1023.865   896.853    31.144    10.637     0.020    55.751  3058.752  2500.607     8.542     9.992     6.315   491.565     0.000
       317   113.731     0.246     0.000     0.559    -2.160    25.271   113.731  1023.865   879.267    31.143    10.637     0.020    56.866  3055.639  2500.595     8.539     9.935     6.279   482.637     0.000
       318   116.006     0.248     0.000     0.567    -2.162    25.632   116.006  1023.864   862.026    31.143    10.637     0.020    58.003  3052.587  2500.583     8.536     9.879     6.244   473.992     0.000
       319   118.326     0.251     0.000     0.574    -2.164    26.000   118.326  1023.864   845.123    31.142    10.637     0.020    59.163  3049.595  2500.572     8.533     9.824     6.209   465.621     0.000
       320   120.692     0.253     0.000     0.582    -2.166    26.375   120.692  1023.864   828.552    31.142    10.636     0.020    60.346  3046.662  2500.560     8.531     9.770     6.175   457.513     0.000
       321   123.106     0.256     0.000     0.589    -2.169    26.756   123.106  1023.863   812.306    31.141    10.636     0.020    61.553  3043.786  2500.549     8.528     9.717     6.141   449.658     0.000
       322   125.569     0.259     0.000     0.597    -2.171    27.143   125.569  1023.863   796.378    31.141    10.636     0.020    62.784  3040.967  2500.539     8.525     9.666     6.109   442.048     0.000
       323   128.080     0.261     0.000     0.605    -2.173    27.537   128.080  1023.863   780.762    31.140    10.636     0.020    64.040  3038.203  2500.528     8.522     9.615     6.077   434.674     0.000
       324   130.642     0.264     0.000     0.613    -2.175    27.938   130.642  1023.862   765.453    31.140    10.635     0.020    65.321  3035.493  2500.518     8.520     9.565     6.045   427.527     0.000
       325   133.254     0.267     0.000     0.622    -2.177    28.346   133.254  1023.862   750.444    31.139    10.635     0.020    66.627  3032.836  2500.508     8.517     9.517     6.015   420.599     0.000
       326   135.920     0.269     0.000     0.630    -2.179    28.762   135.920  1023.862   735.729    31.139    10.635     0.020    67.960  3030.232  2500.498     8.515     9.469     5.984   413.881     0.000
       327   138.638     0.272     0.000     0.639    -2.181    29.184   138.638  1023.862   721.303    31.138    10.634     0.020    69.319  3027.678  2500.488     8.512     9.423     5.955   407.368     0.000
       328   141.411     0.275     0.000     0.647    -2.184    29.615   141.411  1023.861   707.159    31.138    10.634     0.020    70.705  3025.175  2500.478     8.509     9.377     5.926   401.051     0.000
       329   144.239     0.278     0.000     0.656    -2.186    30.053   144.239  1023.861   693.293    31.138    10.634     0.020    72.120  3022.720  2500.469     8.507     9.332     5.898   394.923     0.000
       330   147.124     0.281     0.000     0.665    -2.188    30.499   147.124  1023.861   679.699    31.137    10.634     0.020    73.562  3020.314  2500.460     8.505     9.288     5.870   388.978     0.000
       331   150.066     0.284     0.000     0.674    -2.190    30.954   150.066  1023.861   666.372    31.137    10.633     0.020    75.033  3017.955  2500.451     8.502     9.245     5.843   383.210     0.000
       332   153.068     0.287     0.000     0.684    -2.193    31.417   153.068  1023.860   653.305    31.137    10.633     0.020    76.534  3015.642  2500.442     8.500     9.203     5.816   377.612     0.000
       333   156.129     0.290     0.000     0.693    -2.195    31.888   156.129  1023.860   640.495    31.136    10.633     0.020    78.065  3013.374  2500.433     8.498     9.162     5.790   372.179     0.000
       334   159.252     0.293     0.000     0.703    -2.197    32.369   159.252  1023.860   627.937    31.136    10.632     0.020    79.626  3011.151  2500.425     8.495     9.121     5.764   366.904     0.000
       335   162.437     0.296     0.000     0.713    -2.200    32.858   162.437  1023.860   615.624    31.136    10.632     0.020    81.218  3008.972  2500.416     8.493     9.081     5.739   361.783     0.000
       336   165.686     0.299     0.000     0.723    -2.202    33.358   165.686  1023.860   603.553    31.135    10.632     0.020    82.843  3006.835  2500.408     8.491     9.043     5.715   356.811     0.000
       337   168.999     0.302     0.000     0.733    -2.204    33.866   168.999  1023.859   591.718    31.135    10.631     0.020    84.500  3004.741  2500.400     8.489     9.004     5.691   351.982     0.000
       338   172.379     0.305     0.000     0.744    -2.207    34.385   172.379  1023.859   580.116    31.135    10.631     0.020    86.190  3002.687  2500.392     8.487     8.967     5.667   347.291     0.000
       339   175.827     0.308     0.000     0.754    -2.209    34.914   175.827  1023.859   568.741    31.134    10.630     0.020    87.913  3000.673  2500.385     8.485     8.930     5.644   342.734     0.000
       340   179.344     0.311     0.000     0.765    -2.212    35.454   179.344  1023.859   557.589    31.134    10.630     0.020    89.672  2998.699  2500.377     8.483     8.895     5.621   338.306     0.000
       341   182.930     0.314     0.000     0.776    -2.214    36.004   182.930  1023.859   546.656    31.134    10.630     0.020    91.465  2996.764  2500.370     8.481     8.860     5.599   334.003     0.000
       342   186.589     0.318     0.000     0.787    -2.216    36.566   186.589  1023.859   535.937    31.134    10.629     0.020    93.295  2994.867  2500.363     8.479     8.825     5.577   329.822     0.000
       343   190.321     0.321     0.000     0.799    -2.219    37.139   190.321  1023.859   525.428    31.133    10.629     0.020    95.160  2993.007  2500.355     8.477     8.791     5.556   325.757     0.000
       344   194.127     0.324     0.000     0.811    -2.221    37.725   194.127  1023.858   515.126    31.133    10.629     0.020    97.064  2991.183  2500.348     8.475     8.758     5.535   321.806     0.000
       345   198.010     0.327     0.000     0.823    -2.224    38.323   198.010  1023.858   505.025    31.133    10.628     0.020    99.005  2989.395  2500.342     8.473     8.726     5.515   317.964     0.000
       346   201.970     0.331     0.000     0.835    -2.227    38.933   201.970  1023.858   495.123    31.133    10.628     0.020   100.985  2987.642  2500.335     8.471     8.694     5.494   314.228     0.000
       347   206.009     0.334     0.000     0.848    -2.229    39.557   206.009  1023.858   485.415    31.133    10.627     0.020   103.005  2985.924  2500.328     8.469     8.663     5.475   310.595     0.000
       348   210.130     0.338     0.000     0.861    -2.232    40.195   210.130  1023.858   475.897    31.132    10.627     0.020   105.065  2984.239  2500.322     8.468     8.633     5.456   307.061     0.000
       349   214.332     0.341     0.000     0.874    -2.234    40.848   214.332  1023.858   466.565    31.132    10.626     0.020   107.166  2982.587  2500.316     8.466     8.603     5.437   303.624     0.000
       350   218.619     0.345     0.000     0.887    -2.237    41.515   218.619  1023.858   457.417    31.132    10.626     0.020   109.309  2980.968  2500.309     8.464     8.573     5.418   300.279     0.000
       351   222.991     0.348     0.000     0.901    -2.240    42.198   222.991  1023.858   448.448    31.132    10.626     0.020   111.496  2979.380  2500.303     8.462     8.545     5.400   297.025     0.000
       352   227.451     0.352     0.000     0.915    -2.242    42.897   227.451  1023.858   439.655    31.132    10.625     0.020   113.726  2977.824  2500.297     8.461     8.517     5.382   293.858     0.000
       353   232.000     0.355     0.000     0.929    -2.245    43.613   232.000  1023.858   431.034    31.131    10.625     0.020   116.000  2976.298  2500.292     8.459     8.489     5.365   290.776     0.000
       354   236.640     0.359     0.000     0.944    -2.248    44.347   236.640  1023.858   422.582    31.131    10.624     0.020   118.320  2974.802  2500.286     8.457     8.462     5.348   287.775     0.000
       355   241.373     0.363     0.000     0.959    -2.251    45.099   241.373  1023.858   414.296    31.131    10.624     0.020   120.687  2973.335  2500.280     8.456     8.435     5.331   284.855     0.000
       356   246.201     0.366     0.000     0.975    -2.253    45.870   246.201  1023.858   406.173    31.131    10.623     0.020   123.100  2971.897  2500.275     8.454     8.410     5.315   282.011     0.000
       357   251.125     0.370     0.000     0.991    -2.256    46.661   251.125  1023.858   398.209    31.131    10.623     0.020   125.562  2970.487  2500.269     8.453     8.384     5.298   279.242     0.000
       358   256.147     0.374     0.000     1.007    -2.259    47.474   256.147  1023.858   390.401    31.131    10.622     0.020   128.074  2969.105  2500.264     8.451     8.359     5.283   276.545     0.000
---------------------------- Plume traps -----------------------------
       359   261.270     0.378     0.000     1.024    -2.262    48.309   261.270  1023.858   382.746    31.131    10.622     0.020   130.635  2967.750  2500.259     8.450     8.335     5.267   273.919     0.000
       360   266.495     0.382     0.000     1.041    -2.265    49.168   266.495  1023.858   375.241    31.131    10.622     0.020   133.248  2966.422  2500.254     8.448     8.311     5.252   271.361     0.000
       361   271.825     0.386     0.000     1.059    -2.268    50.052   271.825  1023.858   367.883    31.131    10.621     0.020   135.913  2965.119  2500.249     8.447     8.287     5.237   268.869     0.000
       362   277.262     0.390     0.000     1.077    -2.271    50.962   277.262  1023.858   360.670    31.130    10.621     0.020   138.631  2963.843  2500.244     8.446     8.264     5.223   266.441     0.000
       363   282.807     0.394     0.000     1.096    -2.273    51.901   282.807  1023.858   353.598    31.130    10.620     0.020   141.404  2962.591  2500.239     8.444     8.242     5.209   264.075     0.000
       364   288.463     0.398     0.000     1.116    -2.276    52.869   288.463  1023.858   346.665    31.130    10.620     0.020   144.232  2961.363  2500.234     8.443     8.220     5.195   261.770     0.000
       365   294.232     0.402     0.000     1.136    -2.279    53.870   294.232  1023.858   339.867    31.130    10.619     0.020   147.116  2960.160  2500.230     8.442     8.198     5.181   259.523     0.000
       366   300.117     0.406     0.000     1.156    -2.282    54.904   300.117  1023.858   333.203    31.130    10.619     0.020   150.059  2958.981  2500.225     8.440     8.177     5.167   257.333     0.000
       367   306.119     0.410     0.000     1.178    -2.285    55.976   306.119  1023.858   326.670    31.130    10.618     0.020   153.060  2957.824  2500.221     8.439     8.156     5.154   255.199     0.000
       368   312.242     0.414     0.000     1.200    -2.288    57.087   312.242  1023.858   320.265    31.130    10.617     0.020   156.121  2956.690  2500.217     8.438     8.136     5.141   253.118     0.000
       369   318.487     0.419     0.000     1.224    -2.291    58.242   318.487  1023.858   313.985    31.130    10.617     0.020   159.243  2955.579  2500.212     8.437     8.116     5.129   251.089     0.000
       370   324.856     0.423     0.000     1.248    -2.294    59.444   324.856  1023.858   307.828    31.130    10.616     0.020   162.428  2954.489  2500.208     8.435     8.096     5.116   249.111     0.000
       371   331.353     0.427     0.000     1.273    -2.297    60.698   331.353  1023.858   301.793    31.130    10.616     0.020   165.677  2953.421  2500.204     8.434     8.077     5.104   247.182     0.000
       372   337.980     0.432     0.000     1.299    -2.300    62.008   337.980  1023.858   295.875    31.130    10.615     0.020   168.990  2952.373  2500.200     8.433     8.058     5.092   245.300     0.000
       373   344.740     0.436     0.000     1.327    -2.304    63.383   344.740  1023.858   290.074    31.130    10.615     0.020   172.370  2951.346  2500.196     8.432     8.040     5.081   243.465     0.000
       374   351.635     0.441     0.000     1.356    -2.307    64.829   351.635  1023.858   284.386    31.130    10.614     0.020   175.817  2950.339  2500.192     8.431     8.022     5.069   241.676     0.000
       375   358.667     0.445     0.000     1.386    -2.310    66.356   358.667  1023.859   278.810    31.130    10.614     0.020   179.334  2949.352  2500.189     8.430     8.004     5.058   239.930     0.000
       376   365.841     0.450     0.000     1.419    -2.313    67.975   365.841  1023.859   273.343    31.130    10.613     0.020   182.920  2948.385  2500.185     8.429     7.986     5.047   238.226     0.000
       377   373.157     0.454     0.000     1.454    -2.316    69.703   373.157  1023.859   267.983    31.130    10.613     0.020   186.579  2947.436  2500.181     8.428     7.969     5.036   236.564     0.000
       378   380.621     0.459     0.000     1.491    -2.319    71.557   380.621  1023.859   262.729    31.130    10.612     0.020   190.310  2946.506  2500.178     8.427     7.953     5.026   234.943     0.000
       379   387.907     0.464     0.000     1.530    -2.322    73.480   387.907  1023.859   257.794    31.130    10.611     0.020   193.953  2945.632  2500.174     8.426     7.937     5.016   233.426     0.000
       380   394.727     0.468     0.000     1.568    -2.324    75.407   394.727  1023.859   253.340    31.130    10.611     0.020   197.363  2944.844  2500.171     8.425     7.923     5.007   232.064     0.000
       381   401.035     0.472     0.000     1.607    -2.327    77.334   401.035  1023.859   249.355    31.130    10.610     0.020   200.518  2944.138  2500.169     8.424     7.910     4.999   230.849     0.000
       382   406.801     0.475     0.000     1.646    -2.329    79.259   406.801  1023.859   245.820    31.130    10.610     0.020   203.400  2943.513  2500.166     8.423     7.899     4.992   229.776     0.000
       383   412.007     0.478     0.000     1.684    -2.330    81.182   412.007  1023.859   242.714    31.130    10.610     0.020   206.004  2942.963  2500.164     8.423     7.889     4.986   228.835     0.000
       384   416.640     0.481     0.000     1.723    -2.332    83.104   416.640  1023.859   240.015    31.130    10.609     0.020   208.320  2942.485  2500.162     8.422     7.881     4.980   228.020     0.000
       385   420.689     0.483     0.000     1.761    -2.333    85.025   420.689  1023.860   237.705    31.130    10.609     0.020   210.344  2942.076  2500.161     8.422     7.873     4.976   227.324     0.000
       386   424.143     0.485     0.000     1.800    -2.334    86.945   424.143  1023.860   235.769    31.130    10.609     0.020   212.072  2941.734  2500.159     8.421     7.867     4.972   226.741     0.000
       387   426.996     0.487     0.000     1.838    -2.335    88.864   426.996  1023.860   234.194    31.130    10.609     0.020   213.498  2941.455  2500.158     8.421     7.862     4.969   226.268     0.000
       388   429.239     0.488     0.000     1.877    -2.335    90.784   429.239  1023.860   232.971    31.130    10.608     0.020   214.619  2941.238  2500.158     8.421     7.858     4.966   225.901     0.000
       389   430.867     0.489     0.000     1.915    -2.335    92.703   430.867  1023.860   232.090    31.130    10.608     0.020   215.434  2941.082  2500.157     8.420     7.856     4.964   225.637     0.000
---------------------- Local maximum rise or fall --------------------
       390   431.879     0.490     0.000     1.954    -2.335    94.623   431.879  1023.860   231.546    31.130    10.608     0.020   215.939  2940.986  2500.157     8.420     7.854     4.963   225.475     0.000
       391   432.564     0.490     0.000     1.992    -2.335    96.543   432.564  1023.860   231.180    31.130    10.608     0.020   216.282  2940.921  2500.156     8.420     7.853     4.963   225.365     0.000
       392   433.375     0.491     0.000     2.031    -2.334    98.465   433.375  1023.860   230.747    31.130    10.608     0.020   216.688  2940.845  2500.156     8.420     7.851     4.962   225.236     0.000
       393   434.547     0.491     0.000     2.070    -2.333   100.400   434.547  1023.860   230.125    31.130    10.608     0.020   217.274  2940.735  2500.156     8.420     7.849     4.960   225.050     0.000
       394   436.211     0.492     0.000     2.109    -2.332   102.361   436.211  1023.860   229.247    31.130    10.608     0.020   218.106  2940.579  2500.155     8.420     7.847     4.959   224.788     0.000
       395   438.459     0.494     0.000     2.149    -2.330   104.364   438.459  1023.860   228.072    31.130    10.608     0.020   219.229  2940.371  2500.154     8.420     7.843     4.956   224.437     0.000
       396   441.372     0.495     0.000     2.191    -2.328   106.431   441.372  1023.860   226.566    31.130    10.608     0.020   220.686  2940.105  2500.153     8.419     7.838     4.953   223.988     0.000
       397   445.047     0.497     0.000     2.234    -2.326   108.585   445.047  1023.860   224.695    31.130    10.607     0.020   222.523  2939.773  2500.152     8.419     7.832     4.950   223.432     0.000
       398   449.607     0.500     0.000     2.280    -2.324   110.856   449.607  1023.860   222.416    31.131    10.607     0.020   224.804  2939.370  2500.150     8.419     7.825     4.945   222.755     0.000
       399   455.226     0.503     0.000     2.328    -2.320   113.285   455.226  1023.860   219.671    31.131    10.607     0.020   227.613  2938.884  2500.149     8.418     7.816     4.939   221.942     0.000
       400   462.155     0.506     0.000     2.381    -2.317   115.927   462.155  1023.860   216.377    31.131    10.606     0.020   231.078  2938.301  2500.146     8.417     7.806     4.933   220.969     0.000
       401   470.786     0.511     0.000     2.440    -2.312   118.866   470.786  1023.860   212.411    31.131    10.606     0.020   235.393  2937.599  2500.144     8.417     7.793     4.925   219.801     0.000
       402   480.202     0.516     0.000     2.498    -2.307   121.759   480.202  1023.860   208.246    31.131    10.605     0.020   240.101  2936.862  2500.141     8.416     7.780     4.917   218.579     0.000
       403   489.806     0.521     0.000     2.553    -2.303   124.466   489.806  1023.860   204.162    31.131    10.605     0.020   244.903  2936.139  2500.138     8.415     7.767     4.908   217.386     0.000
       404   499.602     0.526     0.000     2.604    -2.298   127.041   499.602  1023.861   200.159    31.131    10.605     0.020   249.801  2935.430  2500.135     8.414     7.755     4.900   216.221     0.000
       405   509.594     0.531     0.000     2.654    -2.294   129.527   509.594  1023.861   196.235    31.131    10.604     0.020   254.797  2934.736  2500.133     8.413     7.742     4.893   215.084     0.000
       406   519.786     0.537     0.000     2.703    -2.289   131.956   519.786  1023.861   192.387    31.131    10.604     0.020   259.893  2934.055  2500.130     8.413     7.730     4.885   213.972     0.000
       407   530.182     0.542     0.000     2.751    -2.285   134.356   530.182  1023.861   188.615    31.131    10.604     0.020   265.091  2933.387  2500.128     8.412     7.718     4.877   212.887     0.000
       408   540.785     0.547     0.000     2.799    -2.281   136.748   540.785  1023.861   184.916    31.131    10.603     0.020   270.393  2932.732  2500.125     8.411     7.706     4.870   211.826     0.000
       409   551.601     0.553     0.000     2.847    -2.276   139.154   551.601  1023.861   181.290    31.131    10.603     0.020   275.800  2932.090  2500.123     8.410     7.695     4.863   210.790     0.000
---------------------------- Plume traps -----------------------------
       410   562.633     0.558     0.000     2.896    -2.272   141.590   562.633  1023.861   177.736    31.130    10.603     0.020   281.316  2931.461  2500.120     8.410     7.684     4.856   209.778     0.000
-------------------- Starting Farfield Calculations --------------------
Note: Plumes not merged, Brooks method may be overly conservative
Farfield dispersion based on wastefield width of :      48.56 (m)
4/3 Power Law based Eddy Diffusivity is used:
  Dilution     Width  Distance      Time    Bckgrd     Conc.        TA       DIC        pH    OmegaC    OmegaA
        ()       (m)       (m)    (hrs.)    (mg/L)    (mg/L) (mmol/m3) (mmol/m3)   (total)        ()        ()
   562.633    50.430     2.896     0.039     0.000   177.736  2931.461  2500.120     8.410     7.684     4.856
   562.633    50.499     3.000     0.041     0.000   178.276  2931.460  2500.120     8.410     7.684     4.856
   562.633    51.166     4.000     0.055     0.000   178.276  2931.460  2500.120     8.410     7.684     4.856
   562.635    51.835     5.000     0.069     0.000   178.276  2931.460  2500.120     8.410     7.684     4.856
   562.647    52.508     6.000     0.082     0.000   178.272  2931.441  2500.120     8.410     7.684     4.856
   562.692    53.184     7.000     0.096     0.000   178.272  2931.441  2500.120     8.410     7.684     4.856
   562.806    53.862     8.000     0.110     0.000   178.272  2931.441  2500.120     8.410     7.684     4.856
   563.032    54.543     9.000     0.124     0.000   178.160  2931.346  2500.120     8.409     7.682     4.855
   563.416    55.227    10.000     0.138     0.000   178.160  2931.346  2500.120     8.409     7.682     4.855
   563.994    55.914    11.000     0.152     0.000   178.160  2931.346  2500.120     8.409     7.682     4.855
   564.798    56.604    12.000     0.166     0.000   177.627  2931.134  2500.119     8.409     7.678     4.852
   565.849    57.296    13.000     0.180     0.000   177.627  2931.134  2500.119     8.409     7.678     4.852
   567.159    57.992    14.000     0.194     0.000   177.627  2931.134  2500.119     8.409     7.678     4.852
   568.733    58.690    15.000     0.207     0.000   176.429  2930.796  2500.118     8.409     7.672     4.848
   570.570    59.391    16.000     0.221     0.000   176.429  2930.796  2500.118     8.409     7.672     4.848
   572.665    60.094    17.000     0.235     0.000   176.429  2930.796  2500.118     8.409     7.672     4.848
   575.011    60.801    18.000     0.249     0.000   174.533  2930.346  2500.116     8.408     7.664     4.843
   577.597    61.510    19.000     0.263     0.000   174.533  2930.346  2500.116     8.408     7.664     4.843
   580.413    62.222    20.000     0.277     0.000   174.533  2930.346  2500.116     8.408     7.664     4.843
   583.447    62.936    21.000     0.291     0.000   172.037  2929.806  2500.114     8.408     7.655     4.837
   586.686    63.654    22.000     0.305     0.000   172.037  2929.806  2500.114     8.408     7.655     4.837
   590.120    64.374    23.000     0.319     0.000   172.037  2929.806  2500.114     8.408     7.655     4.837
   593.737    65.097    24.000     0.332     0.000   169.076  2929.195  2500.112     8.407     7.644     4.830
   597.526    65.822    25.000     0.346     0.000   169.076  2929.195  2500.112     8.407     7.644     4.830
   601.477    66.550    26.000     0.360     0.000   169.076  2929.195  2500.112     8.407     7.644     4.830
   605.580    67.281    27.000     0.374     0.000   165.787  2928.532  2500.109     8.406     7.632     4.823
   609.827    68.014    28.000     0.388     0.000   165.787  2928.532  2500.109     8.406     7.632     4.823
   614.207    68.750    29.000     0.402     0.000   165.787  2928.532  2500.109     8.406     7.632     4.823
   618.715    69.489    30.000     0.416     0.000   162.280  2927.831  2500.106     8.405     7.619     4.815
   623.341    70.230    31.000     0.430     0.000   162.280  2927.831  2500.106     8.405     7.619     4.815
   628.081    70.974    32.000     0.444     0.000   162.280  2927.831  2500.106     8.405     7.619     4.815
   632.926    71.721    33.000     0.457     0.000   158.646  2927.105  2500.104     8.405     7.606     4.807
   637.872    72.470    34.000     0.471     0.000   158.646  2927.105  2500.104     8.405     7.606     4.807
   642.913    73.222    35.000     0.485     0.000   158.646  2927.105  2500.104     8.405     7.606     4.807
   648.044    73.976    36.000     0.499     0.000   154.952  2926.363  2500.101     8.404     7.593     4.798
   653.260    74.733    37.000     0.513     0.000   154.952  2926.363  2500.101     8.404     7.593     4.798
   658.558    75.492    38.000     0.527     0.000   154.952  2926.363  2500.101     8.404     7.593     4.798
   663.933    76.255    39.000     0.541     0.000   151.248  2925.611  2500.098     8.403     7.580     4.790
   669.381    77.019    40.000     0.555     0.000   151.248  2925.611  2500.098     8.403     7.580     4.790
   674.900    77.786    41.000     0.569     0.000   151.248  2925.611  2500.098     8.403     7.580     4.790
   680.486    78.556    42.000     0.582     0.000   147.572  2924.855  2500.095     8.402     7.566     4.781
   686.136    79.328    43.000     0.596     0.000   147.572  2924.855  2500.095     8.402     7.566     4.781
   691.847    80.103    44.000     0.610     0.000   147.572  2924.855  2500.095     8.402     7.566     4.781
   697.617    80.880    45.000     0.624     0.000   143.950  2924.101  2500.092     8.401     7.553     4.773
   703.444    81.660    46.000     0.638     0.000   143.950  2924.101  2500.092     8.401     7.553     4.773
   709.325    82.442    47.000     0.652     0.000   143.950  2924.101  2500.092     8.401     7.553     4.773
   715.259    83.226    48.000     0.666     0.000   140.401  2923.351  2500.089     8.400     7.540     4.765
   721.243    84.013    49.000     0.680     0.000   140.401  2923.351  2500.089     8.400     7.540     4.765
   727.276    84.803    50.000     0.694     0.000   140.401  2923.351  2500.089     8.400     7.540     4.765
   733.356    85.595    51.000     0.707     0.000   136.937  2922.608  2500.086     8.399     7.526     4.756
   739.481    86.390    52.000     0.721     0.000   136.937  2922.608  2500.086     8.399     7.526     4.756
   745.651    87.187    53.000     0.735     0.000   136.937  2922.608  2500.086     8.399     7.526     4.756
   751.863    87.986    54.000     0.749     0.000   133.566  2921.874  2500.084     8.398     7.513     4.748
   758.117    88.788    55.000     0.763     0.000   133.566  2921.874  2500.084     8.398     7.513     4.748
   764.411    89.592    56.000     0.777     0.000   133.566  2921.874  2500.084     8.398     7.513     4.748
   770.744    90.399    57.000     0.791     0.000   130.294  2921.152  2500.081     8.398     7.500     4.740
   777.115    91.208    58.000     0.805     0.000   130.294  2921.152  2500.081     8.398     7.500     4.740
   783.524    92.019    59.000     0.819     0.000   130.294  2921.152  2500.081     8.398     7.500     4.740
   789.968    92.833    60.000     0.832     0.000   127.122  2920.443  2500.078     8.397     7.488     4.732
   796.448    93.649    61.000     0.846     0.000   127.122  2920.443  2500.078     8.397     7.488     4.732
   802.963    94.468    62.000     0.860     0.000   127.122  2920.443  2500.078     8.397     7.488     4.732
   809.511    95.289    63.000     0.874     0.000   124.052  2919.747  2500.075     8.396     7.475     4.724
   816.092    96.112    64.000     0.888     0.000   124.052  2919.747  2500.075     8.396     7.475     4.724
   822.706    96.938    65.000     0.902     0.000   124.052  2919.747  2500.075     8.396     7.475     4.724
   829.351    97.766    66.000     0.916     0.000   121.084  2919.066  2500.073     8.395     7.463     4.716
   836.027    98.596    67.000     0.930     0.000   121.084  2919.066  2500.073     8.395     7.463     4.716
   842.733    99.429    68.000     0.944     0.000   121.084  2919.066  2500.073     8.395     7.463     4.716
   849.470   100.264    69.000     0.957     0.000   118.215  2918.400  2500.070     8.394     7.452     4.709
   856.235   101.101    70.000     0.971     0.000   118.215  2918.400  2500.070     8.394     7.452     4.709
   863.030   101.941    71.000     0.985     0.000   118.215  2918.400  2500.070     8.394     7.452     4.709
   869.853   102.783    72.000     0.999     0.000   115.443  2917.749  2500.068     8.394     7.440     4.702
   876.704   103.627    73.000     1.013     0.000   115.443  2917.749  2500.068     8.394     7.440     4.702
   883.582   104.474    74.000     1.027     0.000   115.443  2917.749  2500.068     8.394     7.440     4.702
   890.487   105.323    75.000     1.041     0.000   112.767  2917.115  2500.065     8.393     7.429     4.694
   897.419   106.174    76.000     1.055     0.000   112.767  2917.115  2500.065     8.393     7.429     4.694
   904.377   107.028    77.000     1.069     0.000   112.767  2917.115  2500.065     8.393     7.429     4.694
   911.361   107.883    78.000     1.082     0.000   110.183  2916.496  2500.063     8.392     7.418     4.688
   918.371   108.741    79.000     1.096     0.000   110.183  2916.496  2500.063     8.392     7.418     4.688
   925.406   109.602    80.000     1.110     0.000   110.183  2916.496  2500.063     8.392     7.418     4.688
   932.466   110.464    81.000     1.124     0.000   107.688  2915.894  2500.061     8.391     7.407     4.681
   939.550   111.329    82.000     1.138     0.000   107.688  2915.894  2500.061     8.391     7.407     4.681
   946.659   112.196    83.000     1.152     0.000   107.688  2915.894  2500.061     8.391     7.407     4.681
   953.792   113.065    84.000     1.166     0.000   105.279  2915.308  2500.058     8.391     7.397     4.674
   960.949   113.937    85.000     1.180     0.000   105.279  2915.308  2500.058     8.391     7.397     4.674
   968.129   114.810    86.000     1.194     0.000   105.279  2915.308  2500.058     8.391     7.397     4.674
   975.333   115.686    87.000     1.207     0.000   102.953  2914.739  2500.056     8.390     7.387     4.668
   982.559   116.565    88.000     1.221     0.000   102.953  2914.739  2500.056     8.390     7.387     4.668
   989.809   117.445    89.000     1.235     0.000   102.953  2914.739  2500.056     8.390     7.387     4.668
   997.081   118.328    90.000     1.249     0.000   100.706  2914.186  2500.054     8.389     7.377     4.662
  1004.376   119.212    91.000     1.263     0.000   100.706  2914.186  2500.054     8.389     7.377     4.662
  1011.693   120.099    92.000     1.277     0.000   100.706  2914.186  2500.054     8.389     7.377     4.662
  1019.032   120.989    93.000     1.291     0.000    98.536  2913.649  2500.052     8.389     7.367     4.656
  1026.393   121.880    94.000     1.305     0.000    98.536  2913.649  2500.052     8.389     7.367     4.656
  1033.775   122.773    95.000     1.319     0.000    98.536  2913.649  2500.052     8.389     7.367     4.656
  1041.179   123.669    96.000     1.332     0.000    96.438  2913.128  2500.050     8.388     7.358     4.650
  1048.605   124.567    97.000     1.346     0.000    96.438  2913.128  2500.050     8.388     7.358     4.650
  1056.051   125.467    98.000     1.360     0.000    96.438  2913.128  2500.050     8.388     7.358     4.650
  1063.519   126.369    99.000     1.374     0.000    94.412  2912.623  2500.048     8.388     7.349     4.644
  1071.007   127.274   100.000     1.388     0.000    94.412  2912.623  2500.048     8.388     7.349     4.644
  1078.517   128.180   101.000     1.402     0.000    94.412  2912.623  2500.048     8.388     7.349     4.644
  1086.047   129.089   102.000     1.416     0.000    92.452  2912.133  2500.046     8.387     7.340     4.639
  1093.597   130.000   103.000     1.430     0.000    92.452  2912.133  2500.046     8.387     7.340     4.639
  1101.168   130.912   104.000     1.444     0.000    92.452  2912.133  2500.046     8.387     7.340     4.639
  1108.759   131.827   105.000     1.457     0.000    90.557  2911.659  2500.045     8.386     7.332     4.633
  1116.370   132.745   106.000     1.471     0.000    90.557  2911.659  2500.045     8.386     7.332     4.633
  1124.000   133.664   107.000     1.485     0.000    90.557  2911.659  2500.045     8.386     7.332     4.633
  1131.651   134.585   108.000     1.499     0.000    88.725  2911.200  2500.043     8.386     7.324     4.628
  1139.322   135.509   109.000     1.513     0.000    88.725  2911.200  2500.043     8.386     7.324     4.628
  1147.012   136.434   110.000     1.527     0.000    88.725  2911.200  2500.043     8.386     7.324     4.628
  1154.722   137.362   111.000     1.541     0.000    86.951  2910.756  2500.041     8.385     7.316     4.623
  1162.451   138.292   112.000     1.555     0.000    86.951  2910.756  2500.041     8.385     7.316     4.623
  1170.199   139.224   113.000     1.569     0.000    86.951  2910.756  2500.041     8.385     7.316     4.623
  1177.967   140.158   114.000     1.582     0.000    85.234  2910.326  2500.039     8.385     7.308     4.618
  1185.754   141.094   115.000     1.596     0.000    85.234  2910.326  2500.039     8.385     7.308     4.618
  1193.559   142.032   116.000     1.610     0.000    85.234  2910.326  2500.039     8.385     7.308     4.618
  1201.384   142.972   117.000     1.624     0.000    83.572  2909.911  2500.038     8.384     7.301     4.614
  1209.228   143.914   118.000     1.638     0.000    83.572  2909.911  2500.038     8.384     7.301     4.614
  1217.090   144.859   119.000     1.652     0.000    83.572  2909.911  2500.038     8.384     7.301     4.614
  1224.971   145.805   120.000     1.666     0.000    81.962  2909.510  2500.036     8.384     7.294     4.609
  1232.870   146.753   121.000     1.680     0.000    81.962  2909.510  2500.036     8.384     7.294     4.609
  1240.789   147.704   122.000     1.694     0.000    81.962  2909.510  2500.036     8.384     7.294     4.609
  1248.725   148.656   123.000     1.707     0.000    80.402  2909.122  2500.035     8.383     7.287     4.605
  1256.680   149.611   124.000     1.721     0.000    80.402  2909.122  2500.035     8.383     7.287     4.605
  1264.653   150.567   125.000     1.735     0.000    80.402  2909.122  2500.035     8.383     7.287     4.605
  1272.644   151.526   126.000     1.749     0.000    78.891  2908.748  2500.033     8.383     7.280     4.601
  1280.654   152.487   127.000     1.763     0.000    78.891  2908.748  2500.033     8.383     7.280     4.601
  1288.682   153.449   128.000     1.777     0.000    78.891  2908.748  2500.033     8.383     7.280     4.601
  1296.727   154.414   129.000     1.791     0.000    77.425  2908.387  2500.032     8.383     7.274     4.597
  1304.791   155.381   130.000     1.805     0.000    77.425  2908.387  2500.032     8.383     7.274     4.597
  1312.872   156.349   131.000     1.819     0.000    77.425  2908.387  2500.032     8.383     7.274     4.597
  1320.971   157.320   132.000     1.832     0.000    76.003  2908.038  2500.031     8.382     7.268     4.593
  1329.088   158.293   133.000     1.846     0.000    76.003  2908.038  2500.031     8.382     7.268     4.593
  1337.223   159.268   134.000     1.860     0.000    76.003  2908.038  2500.031     8.382     7.268     4.593
  1345.375   160.244   135.000     1.874     0.000    74.624  2907.702  2500.029     8.382     7.262     4.589
  1353.544   161.223   136.000     1.888     0.000    74.624  2907.702  2500.029     8.382     7.262     4.589
  1361.732   162.204   137.000     1.902     0.000    74.624  2907.702  2500.029     8.382     7.262     4.589
  1369.936   163.186   138.000     1.916     0.000    73.285  2907.378  2500.028     8.381     7.256     4.585
  1378.158   164.171   139.000     1.930     0.000    73.285  2907.378  2500.028     8.381     7.256     4.585
  1386.398   165.157   140.000     1.944     0.000    73.285  2907.378  2500.028     8.381     7.256     4.585
  1394.654   166.146   141.000     1.957     0.000    71.986  2907.066  2500.027     8.381     7.251     4.582
  1402.928   167.137   142.000     1.971     0.000    71.986  2907.066  2500.027     8.381     7.251     4.582
  1411.219   168.129   143.000     1.985     0.000    71.986  2907.066  2500.027     8.381     7.251     4.582
  1419.527   169.123   144.000     1.999     0.000    70.724  2906.765  2500.026     8.381     7.245     4.578
  1427.852   170.120   145.000     2.013     0.000    70.724  2906.765  2500.026     8.381     7.245     4.578
  1436.194   171.118   146.000     2.027     0.000    70.724  2906.765  2500.026     8.381     7.245     4.578
  1444.553   172.118   147.000     2.041     0.000    69.498  2906.476  2500.025     8.380     7.240     4.575
  1452.929   173.121   148.000     2.055     0.000    69.498  2906.476  2500.025     8.380     7.240     4.575
  1461.322   174.125   149.000     2.069     0.000    69.498  2906.476  2500.025     8.380     7.240     4.575
  1469.732   175.131   150.000     2.082     0.000    68.307  2906.197  2500.024     8.380     7.235     4.572
  1478.158   176.139   151.000     2.096     0.000    68.307  2906.197  2500.024     8.380     7.235     4.572
  1486.601   177.149   152.000     2.110     0.000    68.307  2906.197  2500.024     8.380     7.235     4.572
  1495.061   178.161   153.000     2.124     0.000    67.150  2905.928  2500.023     8.380     7.230     4.569
  1503.537   179.175   154.000     2.138     0.000    67.150  2905.928  2500.023     8.380     7.230     4.569
  1512.030   180.190   155.000     2.152     0.000    67.150  2905.928  2500.023     8.380     7.230     4.569
  1520.540   181.208   156.000     2.166     0.000    66.024  2905.670  2500.022     8.379     7.226     4.566
  1529.066   182.228   157.000     2.180     0.000    66.024  2905.670  2500.022     8.379     7.226     4.566
  1537.608   183.249   158.000     2.194     0.000    66.024  2905.670  2500.022     8.379     7.226     4.566
  1546.167   184.272   159.000     2.207     0.000    64.929  2905.422  2500.021     8.379     7.221     4.563
  1554.742   185.298   160.000     2.221     0.000    64.929  2905.422  2500.021     8.379     7.221     4.563
  1563.334   186.325   161.000     2.235     0.000    64.929  2905.422  2500.021     8.379     7.221     4.563
  1571.941   187.354   162.000     2.249     0.000    63.864  2905.183  2500.020     8.379     7.217     4.561
  1580.565   188.385   163.000     2.263     0.000    63.864  2905.183  2500.020     8.379     7.217     4.561
  1589.206   189.418   164.000     2.277     0.000    63.864  2905.183  2500.020     8.379     7.217     4.561
  1597.862   190.452   165.000     2.291     0.000    62.828  2904.954  2500.019     8.378     7.213     4.558
  1606.535   191.489   166.000     2.305     0.000    62.828  2904.954  2500.019     8.378     7.213     4.558
  1615.223   192.527   167.000     2.319     0.000    62.828  2904.954  2500.019     8.378     7.213     4.558
  1623.928   193.567   168.000     2.332     0.000    61.819  2904.733  2500.018     8.378     7.209     4.556
  1632.649   194.610   169.000     2.346     0.000    61.819  2904.733  2500.018     8.378     7.209     4.556
  1641.385   195.654   170.000     2.360     0.000    61.819  2904.733  2500.018     8.378     7.209     4.556
  1650.138   196.700   171.000     2.374     0.000    60.837  2904.522  2500.017     8.378     7.205     4.553
  1658.906   197.747   172.000     2.388     0.000    60.837  2904.522  2500.017     8.378     7.205     4.553
  1667.691   198.797   173.000     2.402     0.000    60.837  2904.522  2500.017     8.378     7.205     4.553
  1676.491   199.848   174.000     2.416     0.000    59.880  2904.319  2500.017     8.378     7.202     4.551
  1685.307   200.902   175.000     2.430     0.000    59.880  2904.319  2500.017     8.378     7.202     4.551
  1694.139   201.957   176.000     2.444     0.000    59.880  2904.319  2500.017     8.378     7.202     4.551
  1702.986   203.014   177.000     2.457     0.000    58.948  2904.123  2500.016     8.377     7.198     4.549
  1711.849   204.073   178.000     2.471     0.000    58.948  2904.123  2500.016     8.377     7.198     4.549
  1720.728   205.133   179.000     2.485     0.000    58.948  2904.123  2500.016     8.377     7.198     4.549
  1729.623   206.196   180.000     2.499     0.000    58.040  2903.936  2500.015     8.377     7.195     4.547
  1738.533   207.260   181.000     2.513     0.000    58.040  2903.936  2500.015     8.377     7.195     4.547
  1747.458   208.326   182.000     2.527     0.000    58.040  2903.936  2500.015     8.377     7.195     4.547
  1756.400   209.394   183.000     2.541     0.000    57.155  2903.757  2500.014     8.377     7.192     4.545
  1765.356   210.464   184.000     2.555     0.000    57.155  2903.757  2500.014     8.377     7.192     4.545
  1774.328   211.536   185.000     2.569     0.000    57.155  2903.757  2500.014     8.377     7.192     4.545
  1783.316   212.609   186.000     2.582     0.000    56.292  2903.584  2500.014     8.377     7.189     4.543
  1792.319   213.684   187.000     2.596     0.000    56.292  2903.584  2500.014     8.377     7.189     4.543
  1801.337   214.761   188.000     2.610     0.000    56.292  2903.584  2500.014     8.377     7.189     4.543
  1810.371   215.840   189.000     2.624     0.000    55.451  2903.419  2500.013     8.377     7.186     4.541
  1819.420   216.921   190.000     2.638     0.000    55.451  2903.419  2500.013     8.377     7.186     4.541
  1828.484   218.003   191.000     2.652     0.000    55.451  2903.419  2500.013     8.377     7.186     4.541
  1837.564   219.087   192.000     2.666     0.000    54.630  2903.261  2500.012     8.376     7.183     4.539
  1846.659   220.173   193.000     2.680     0.000    54.630  2903.261  2500.012     8.376     7.183     4.539
  1855.769   221.261   194.000     2.694     0.000    54.630  2903.261  2500.012     8.376     7.183     4.539
  1864.894   222.351   195.000     2.707     0.000    53.829  2903.109  2500.012     8.376     7.180     4.538
  1874.034   223.442   196.000     2.721     0.000    53.829  2903.109  2500.012     8.376     7.180     4.538
  1883.189   224.535   197.000     2.735     0.000    53.829  2903.109  2500.012     8.376     7.180     4.538
  1892.360   225.630   198.000     2.749     0.000    53.048  2902.964  2500.011     8.376     7.178     4.536
  1901.545   226.727   199.000     2.763     0.000    53.048  2902.964  2500.011     8.376     7.178     4.536
  1910.746   227.825   200.000     2.777     0.000    53.048  2902.964  2500.011     8.376     7.178     4.536
  1919.961   228.926   201.000     2.791     0.000    52.285  2902.825  2500.011     8.376     7.175     4.534
  1929.192   230.028   202.000     2.805     0.000    52.285  2902.825  2500.011     8.376     7.175     4.534
  1938.437   231.132   203.000     2.819     0.000    52.285  2902.825  2500.011     8.376     7.175     4.534
  1947.697   232.237   204.000     2.832     0.000    51.540  2902.691  2500.010     8.376     7.173     4.533
  1956.973   233.344   205.000     2.846     0.000    51.540  2902.691  2500.010     8.376     7.173     4.533
  1966.263   234.453   206.000     2.860     0.000    51.540  2902.691  2500.010     8.376     7.173     4.533
............................. Reached Chronic Mixing Zone ..........................
  1975.568   235.564   207.000     2.874     0.000    50.813  2902.564  2500.010     8.376     7.171     4.531
  1984.887   236.677   208.000     2.888     0.000    50.813  2902.564  2500.010     8.376     7.171     4.531
  1994.222   237.791   209.000     2.902     0.000    50.813  2902.564  2500.010     8.376     7.171     4.531
  2003.571   238.907   210.000     2.916     0.000    50.102  2902.442  2500.009     8.375     7.169     4.530
  2012.935   240.025   211.000     2.930     0.000    50.102  2902.442  2500.009     8.375     7.169     4.530
  2022.314   241.144   212.000     2.944     0.000    50.102  2902.442  2500.009     8.375     7.169     4.530
  2031.707   242.266   213.000     2.957     0.000    49.408  2902.325  2500.009     8.375     7.167     4.529
  2041.115   243.389   214.000     2.971     0.000    49.408  2902.325  2500.009     8.375     7.167     4.529
  2050.538   244.513   215.000     2.985     0.000    49.408  2902.325  2500.009     8.375     7.167     4.529
  2059.975   245.640   216.000     2.999     0.000    48.730  2902.213  2500.008     8.375     7.165     4.528
  2069.427   246.768   217.000     3.013     0.000    48.730  2902.213  2500.008     8.375     7.165     4.528
  2078.893   247.898   218.000     3.027     0.000    48.730  2902.213  2500.008     8.375     7.165     4.528
  2088.374   249.029   219.000     3.041     0.000    48.067  2902.107  2500.008     8.375     7.163     4.526
  2097.870   250.163   220.000     3.055     0.000    48.067  2902.107  2500.008     8.375     7.163     4.526
  2107.380   251.298   221.000     3.069     0.000    48.067  2902.107  2500.008     8.375     7.163     4.526
  2116.904   252.434   222.000     3.082     0.000    47.419  2902.005  2500.008     8.375     7.161     4.525
  2126.443   253.573   223.000     3.096     0.000    47.419  2902.005  2500.008     8.375     7.161     4.525
  2135.996   254.713   224.000     3.110     0.000    47.419  2902.005  2500.008     8.375     7.161     4.525
  2145.564   255.855   225.000     3.124     0.000    46.786  2901.907  2500.007     8.375     7.159     4.524
  2155.146   256.998   226.000     3.138     0.000    46.786  2901.907  2500.007     8.375     7.159     4.524
  2164.742   258.144   227.000     3.152     0.000    46.786  2901.907  2500.007     8.375     7.159     4.524
  2174.352   259.291   228.000     3.166     0.000    46.166  2901.814  2500.007     8.375     7.158     4.523
  2183.977   260.439   229.000     3.180     0.000    46.166  2901.814  2500.007     8.375     7.158     4.523
  2193.617   261.590   230.000     3.194     0.000    46.166  2901.814  2500.007     8.375     7.158     4.523
  2203.270   262.742   231.000     3.207     0.000    45.560  2901.725  2500.007     8.375     7.156     4.522
  2212.938   263.895   232.000     3.221     0.000    45.560  2901.725  2500.007     8.375     7.156     4.522
  2222.619   265.051   233.000     3.235     0.000    45.560  2901.725  2500.007     8.375     7.156     4.522
  2232.315   266.208   234.000     3.249     0.000    44.967  2901.640  2500.006     8.374     7.155     4.521
  2242.026   267.367   235.000     3.263     0.000    44.967  2901.640  2500.006     8.374     7.155     4.521
  2251.750   268.527   236.000     3.277     0.000    44.967  2901.640  2500.006     8.374     7.155     4.521
  2261.488   269.689   237.000     3.291     0.000    44.387  2901.559  2500.006     8.374     7.153     4.520
  2271.241   270.853   238.000     3.305     0.000    44.387  2901.559  2500.006     8.374     7.153     4.520
  2281.008   272.018   239.000     3.319     0.000    44.387  2901.559  2500.006     8.374     7.153     4.520
  2290.788   273.186   240.000     3.332     0.000    43.819  2901.481  2500.006     8.374     7.152     4.519
  2300.583   274.354   241.000     3.346     0.000    43.819  2901.481  2500.006     8.374     7.152     4.519
  2310.392   275.525   242.000     3.360     0.000    43.819  2901.481  2500.006     8.374     7.152     4.519
  2320.214   276.697   243.000     3.374     0.000    43.263  2901.407  2500.005     8.374     7.150     4.519
  2330.051   277.871   244.000     3.388     0.000    43.263  2901.407  2500.005     8.374     7.150     4.519
  2339.902   279.046   245.000     3.402     0.000    43.263  2901.407  2500.005     8.374     7.150     4.519
  2349.766   280.223   246.000     3.416     0.000    42.719  2901.337  2500.005     8.374     7.149     4.518
  2359.645   281.402   247.000     3.430     0.000    42.719  2901.337  2500.005     8.374     7.149     4.518
  2369.537   282.582   248.000     3.444     0.000    42.719  2901.337  2500.005     8.374     7.149     4.518
  2379.443   283.764   249.000     3.457     0.000    42.186  2901.270  2500.005     8.374     7.148     4.517
  2389.363   284.948   250.000     3.471     0.000    42.186  2901.270  2500.005     8.374     7.148     4.517
  2399.297   286.133   251.000     3.485     0.000    42.186  2901.270  2500.005     8.374     7.148     4.517
  2409.245   287.320   252.000     3.499     0.000    41.664  2901.206  2500.005     8.374     7.147     4.516
  2419.206   288.509   253.000     3.513     0.000    41.664  2901.206  2500.005     8.374     7.147     4.516
  2429.181   289.699   254.000     3.527     0.000    41.664  2901.206  2500.005     8.374     7.147     4.516
  2439.170   290.891   255.000     3.541     0.000    41.153  2901.145  2500.004     8.374     7.146     4.516
  2449.173   292.084   256.000     3.555     0.000    41.153  2901.145  2500.004     8.374     7.146     4.516
  2459.189   293.279   257.000     3.569     0.000    41.153  2901.145  2500.004     8.374     7.146     4.516
  2469.219   294.476   258.000     3.582     0.000    40.652  2901.086  2500.004     8.374     7.145     4.515
  2479.263   295.674   259.000     3.596     0.000    40.652  2901.086  2500.004     8.374     7.145     4.515
  2489.320   296.874   260.000     3.610     0.000    40.652  2901.086  2500.004     8.374     7.145     4.515
  2499.391   298.076   261.000     3.624     0.000    40.161  2901.031  2500.004     8.374     7.144     4.514
  2509.476   299.279   262.000     3.638     0.000    40.161  2901.031  2500.004     8.374     7.144     4.514
  2519.574   300.484   263.000     3.652     0.000    40.161  2901.031  2500.004     8.374     7.144     4.514
  2529.686   301.690   264.000     3.666     0.000    39.680  2900.978  2500.004     8.374     7.143     4.514
  2539.811   302.898   265.000     3.680     0.000    39.680  2900.978  2500.004     8.374     7.143     4.514
  2549.950   304.108   266.000     3.694     0.000    39.680  2900.978  2500.004     8.374     7.143     4.514
  2560.102   305.319   267.000     3.707     0.000    39.209  2900.928  2500.004     8.374     7.142     4.513
  2570.268   306.532   268.000     3.721     0.000    39.209  2900.928  2500.004     8.374     7.142     4.513
  2580.447   307.747   269.000     3.735     0.000    39.209  2900.928  2500.004     8.374     7.142     4.513
  2590.640   308.963   270.000     3.749     0.000    38.747  2900.880  2500.003     8.374     7.141     4.513
  2600.846   310.180   271.000     3.763     0.000    38.747  2900.880  2500.003     8.374     7.141     4.513
  2611.066   311.400   272.000     3.777     0.000    38.747  2900.880  2500.003     8.374     7.141     4.513
  2621.299   312.621   273.000     3.791     0.000    38.293  2900.834  2500.003     8.373     7.140     4.512
  2631.545   313.843   274.000     3.805     0.000    38.293  2900.834  2500.003     8.373     7.140     4.512
  2641.805   315.067   275.000     3.819     0.000    38.293  2900.834  2500.003     8.373     7.140     4.512
  2652.078   316.293   276.000     3.832     0.000    37.849  2900.791  2500.003     8.373     7.140     4.512
  2662.365   317.520   277.000     3.846     0.000    37.849  2900.791  2500.003     8.373     7.140     4.512
  2672.664   318.749   278.000     3.860     0.000    37.849  2900.791  2500.003     8.373     7.140     4.512
  2682.977   319.979   279.000     3.874     0.000    37.413  2900.749  2500.003     8.373     7.139     4.511
  2693.304   321.211   280.000     3.888     0.000    37.413  2900.749  2500.003     8.373     7.139     4.511
  2703.643   322.444   281.000     3.902     0.000    37.413  2900.749  2500.003     8.373     7.139     4.511
  2713.996   323.680   282.000     3.916     0.000    36.985  2900.710  2500.003     8.373     7.138     4.511
  2724.362   324.916   283.000     3.930     0.000    36.985  2900.710  2500.003     8.373     7.138     4.511
  2734.741   326.154   284.000     3.944     0.000    36.985  2900.710  2500.003     8.373     7.138     4.511
  2745.134   327.394   285.000     3.957     0.000    36.566  2900.673  2500.003     8.373     7.137     4.510
  2755.539   328.636   286.000     3.971     0.000    36.566  2900.673  2500.003     8.373     7.137     4.510
  2765.958   329.879   287.000     3.985     0.000    36.566  2900.673  2500.003     8.373     7.137     4.510
  2776.390   331.123   288.000     3.999     0.000    36.154  2900.637  2500.002     8.373     7.137     4.510
  2786.835   332.369   289.000     4.013     0.000    36.154  2900.637  2500.002     8.373     7.137     4.510
  2797.293   333.617   290.000     4.027     0.000    36.154  2900.637  2500.002     8.373     7.137     4.510
  2807.764   334.866   291.000     4.041     0.000    35.750  2900.604  2500.002     8.373     7.136     4.510
  2818.248   336.117   292.000     4.055     0.000    35.750  2900.604  2500.002     8.373     7.136     4.510
  2828.746   337.369   293.000     4.069     0.000    35.750  2900.604  2500.002     8.373     7.136     4.510
  2839.256   338.623   294.000     4.082     0.000    35.353  2900.571  2500.002     8.373     7.136     4.509
  2849.780   339.878   295.000     4.096     0.000    35.353  2900.571  2500.002     8.373     7.136     4.509
  2860.316   341.135   296.000     4.110     0.000    35.353  2900.571  2500.002     8.373     7.136     4.509
  2870.865   342.394   297.000     4.124     0.000    34.964  2900.541  2500.002     8.373     7.135     4.509
  2881.428   343.654   298.000     4.138     0.000    34.964  2900.541  2500.002     8.373     7.135     4.509
  2892.003   344.915   299.000     4.152     0.000    34.964  2900.541  2500.002     8.373     7.135     4.509
  2902.591   346.178   300.000     4.166     0.000    34.582  2900.512  2500.002     8.373     7.135     4.509
  2913.192   347.443   301.000     4.180     0.000    34.582  2900.512  2500.002     8.373     7.135     4.509
  2923.806   348.709   302.000     4.194     0.000    34.582  2900.512  2500.002     8.373     7.135     4.509
  2934.433   349.977   303.000     4.207     0.000    34.206  2900.485  2500.002     8.373     7.134     4.508
  2945.073   351.246   304.000     4.221     0.000    34.206  2900.485  2500.002     8.373     7.134     4.508
  2955.726   352.517   305.000     4.235     0.000    34.206  2900.485  2500.002     8.373     7.134     4.508
  2966.391   353.789   306.000     4.249     0.000    33.838  2900.458  2500.002     8.373     7.134     4.508
  2977.070   355.063   307.000     4.263     0.000    33.838  2900.458  2500.002     8.373     7.134     4.508
  2987.761   356.338   308.000     4.277     0.000    33.838  2900.458  2500.002     8.373     7.134     4.508
  2998.465   357.615   309.000     4.291     0.000    33.476  2900.434  2500.002     8.373     7.133     4.508
  3009.181   358.894   310.000     4.305     0.000    33.476  2900.434  2500.002     8.373     7.133     4.508
  3019.911   360.174   311.000     4.319     0.000    33.476  2900.434  2500.002     8.373     7.133     4.508
  3030.653   361.455   312.000     4.332     0.000    33.120  2900.410  2500.002     8.373     7.133     4.507
  3041.408   362.738   313.000     4.346     0.000    33.120  2900.410  2500.002     8.373     7.133     4.507
  3052.176   364.023   314.000     4.360     0.000    33.120  2900.410  2500.002     8.373     7.133     4.507
  3062.956   365.309   315.000     4.374     0.000    32.771  2900.388  2500.001     8.373     7.132     4.507
  3073.749   366.596   316.000     4.388     0.000    32.771  2900.388  2500.001     8.373     7.132     4.507
  3084.555   367.885   317.000     4.402     0.000    32.771  2900.388  2500.001     8.373     7.132     4.507
  3095.373   369.176   318.000     4.416     0.000    32.428  2900.367  2500.001     8.373     7.132     4.507
  3106.204   370.468   319.000     4.430     0.000    32.428  2900.367  2500.001     8.373     7.132     4.507
  3117.048   371.761   320.000     4.444     0.000    32.428  2900.367  2500.001     8.373     7.132     4.507
  3127.904   373.056   321.000     4.457     0.000    32.090  2900.346  2500.001     8.373     7.132     4.507
  3138.773   374.353   322.000     4.471     0.000    32.090  2900.346  2500.001     8.373     7.132     4.507
  3149.655   375.651   323.000     4.485     0.000    32.090  2900.346  2500.001     8.373     7.132     4.507
  3160.549   376.950   324.000     4.499     0.000    31.759  2900.327  2500.001     8.373     7.131     4.506
  3171.455   378.251   325.000     4.513     0.000    31.759  2900.327  2500.001     8.373     7.131     4.506
  3182.374   379.554   326.000     4.527     0.000    31.759  2900.327  2500.001     8.373     7.131     4.506
  3193.306   380.858   327.000     4.541     0.000    31.433  2900.309  2500.001     8.373     7.131     4.506
  3204.250   382.163   328.000     4.555     0.000    31.433  2900.309  2500.001     8.373     7.131     4.506
  3215.207   383.470   329.000     4.569     0.000    31.433  2900.309  2500.001     8.373     7.131     4.506
  3226.176   384.779   330.000     4.582     0.000    31.113  2900.292  2500.001     8.373     7.131     4.506
  3237.158   386.089   331.000     4.596     0.000    31.113  2900.292  2500.001     8.373     7.131     4.506
  3248.152   387.400   332.000     4.610     0.000    31.113  2900.292  2500.001     8.373     7.131     4.506
  3259.158   388.713   333.000     4.624     0.000    30.798  2900.276  2500.001     8.373     7.130     4.506
  3270.177   390.027   334.000     4.638     0.000    30.798  2900.276  2500.001     8.373     7.130     4.506
  3281.208   391.343   335.000     4.652     0.000    30.798  2900.276  2500.001     8.373     7.130     4.506
  3292.252   392.661   336.000     4.666     0.000    30.488  2900.261  2500.001     8.373     7.130     4.506
  3303.308   393.979   337.000     4.680     0.000    30.488  2900.261  2500.001     8.373     7.130     4.506
  3314.377   395.300   338.000     4.694     0.000    30.488  2900.261  2500.001     8.373     7.130     4.506
  3325.457   396.622   339.000     4.707     0.000    30.184  2900.246  2500.001     8.373     7.130     4.506
  3336.551   397.945   340.000     4.721     0.000    30.184  2900.246  2500.001     8.373     7.130     4.506
  3347.656   399.269   341.000     4.735     0.000    30.184  2900.246  2500.001     8.373     7.130     4.506
  3358.774   400.596   342.000     4.749     0.000    29.884  2900.232  2500.001     8.373     7.130     4.505
  3369.904   401.923   343.000     4.763     0.000    29.884  2900.232  2500.001     8.373     7.130     4.505
  3381.046   403.252   344.000     4.777     0.000    29.884  2900.232  2500.001     8.373     7.130     4.505
  3392.201   404.583   345.000     4.791     0.000    29.590  2900.219  2500.001     8.373     7.129     4.505
  3403.368   405.915   346.000     4.805     0.000    29.590  2900.219  2500.001     8.373     7.129     4.505
  3414.547   407.249   347.000     4.819     0.000    29.590  2900.219  2500.001     8.373     7.129     4.505
  3425.738   408.583   348.000     4.832     0.000    29.300  2900.207  2500.001     8.373     7.129     4.505
  3436.942   409.920   349.000     4.846     0.000    29.300  2900.207  2500.001     8.373     7.129     4.505
  3448.158   411.258   350.000     4.860     0.000    29.300  2900.207  2500.001     8.373     7.129     4.505
  3459.386   412.597   351.000     4.874     0.000    29.015  2900.195  2500.001     8.373     7.129     4.505
  3470.626   413.938   352.000     4.888     0.000    29.015  2900.195  2500.001     8.373     7.129     4.505
  3481.878   415.280   353.000     4.902     0.000    28.735  2900.184  2500.001     8.373     7.129     4.505
  3493.142   416.624   354.000     4.916     0.000    28.735  2900.184  2500.001     8.373     7.129     4.505
  3504.419   417.969   355.000     4.930     0.000    28.735  2900.184  2500.001     8.373     7.129     4.505
  3515.708   419.315   356.000     4.944     0.000    28.459  2900.174  2500.001     8.373     7.129     4.505
  3527.008   420.663   357.000     4.957     0.000    28.459  2900.174  2500.001     8.373     7.129     4.505
  3538.321   422.013   358.000     4.971     0.000    28.459  2900.174  2500.001     8.373     7.129     4.505
  3549.646   423.364   359.000     4.985     0.000    28.187  2900.164  2500.001     8.373     7.128     4.505
  3560.983   424.716   360.000     4.999     0.000    28.187  2900.164  2500.001     8.373     7.128     4.505
  3572.333   426.070   361.000     5.013     0.000    28.187  2900.164  2500.001     8.373     7.128     4.505
  3583.694   427.425   362.000     5.027     0.000    27.920  2900.154  2500.001     8.373     7.128     4.505
  3595.067   428.781   363.000     5.041     0.000    27.920  2900.154  2500.001     8.373     7.128     4.505
  3606.452   430.139   364.000     5.055     0.000    27.920  2900.154  2500.001     8.373     7.128     4.505
  3617.849   431.499   365.000     5.069     0.000    27.657  2900.145  2500.001     8.373     7.128     4.504
  3629.259   432.860   366.000     5.082     0.000    27.657  2900.145  2500.001     8.373     7.128     4.504
  3640.680   434.222   367.000     5.096     0.000    27.657  2900.145  2500.001     8.373     7.128     4.504
  3652.113   435.586   368.000     5.110     0.000    27.398  2900.137  2500.001     8.373     7.128     4.504
  3663.558   436.951   369.000     5.124     0.000    27.398  2900.137  2500.001     8.373     7.128     4.504
  3675.015   438.318   370.000     5.138     0.000    27.398  2900.137  2500.001     8.373     7.128     4.504
  3686.484   439.686   371.000     5.152     0.000    27.143  2900.129  2500.000     8.373     7.128     4.504
  3697.965   441.055   372.000     5.166     0.000    27.143  2900.129  2500.000     8.373     7.128     4.504
  3709.458   442.426   373.000     5.180     0.000    27.143  2900.129  2500.000     8.373     7.128     4.504
  3720.962   443.798   374.000     5.194     0.000    26.892  2900.122  2500.000     8.373     7.128     4.504
  3732.479   445.172   375.000     5.207     0.000    26.892  2900.122  2500.000     8.373     7.128     4.504
  3744.007   446.547   376.000     5.221     0.000    26.892  2900.122  2500.000     8.373     7.128     4.504
  3755.548   447.924   377.000     5.235     0.000    26.645  2900.115  2500.000     8.373     7.128     4.504
  3767.100   449.302   378.000     5.249     0.000    26.645  2900.115  2500.000     8.373     7.128     4.504
  3778.664   450.681   379.000     5.263     0.000    26.645  2900.115  2500.000     8.373     7.128     4.504
  3790.240   452.062   380.000     5.277     0.000    26.402  2900.108  2500.000     8.373     7.127     4.504
  3801.827   453.444   381.000     5.291     0.000    26.402  2900.108  2500.000     8.373     7.127     4.504
  3813.427   454.827   382.000     5.305     0.000    26.402  2900.108  2500.000     8.373     7.127     4.504
  3825.038   456.212   383.000     5.319     0.000    26.162  2900.102  2500.000     8.373     7.127     4.504
  3836.661   457.599   384.000     5.332     0.000    26.162  2900.102  2500.000     8.373     7.127     4.504
  3848.295   458.987   385.000     5.346     0.000    26.162  2900.102  2500.000     8.373     7.127     4.504
  3859.942   460.376   386.000     5.360     0.000    25.926  2900.096  2500.000     8.373     7.127     4.504
  3871.600   461.766   387.000     5.374     0.000    25.926  2900.096  2500.000     8.373     7.127     4.504
  3883.270   463.158   388.000     5.388     0.000    25.926  2900.096  2500.000     8.373     7.127     4.504
  3894.951   464.552   389.000     5.402     0.000    25.693  2900.090  2500.000     8.373     7.127     4.504
  3906.645   465.946   390.000     5.416     0.000    25.693  2900.090  2500.000     8.373     7.127     4.504
  3918.350   467.343   391.000     5.430     0.000    25.693  2900.090  2500.000     8.373     7.127     4.504
  3930.066   468.740   392.000     5.444     0.000    25.464  2900.085  2500.000     8.373     7.127     4.504
  3941.795   470.139   393.000     5.457     0.000    25.464  2900.085  2500.000     8.373     7.127     4.504
  3953.535   471.539   394.000     5.471     0.000    25.464  2900.085  2500.000     8.373     7.127     4.504
  3965.286   472.941   395.000     5.485     0.000    25.238  2900.080  2500.000     8.373     7.127     4.504
  3977.050   474.344   396.000     5.499     0.000    25.238  2900.080  2500.000     8.373     7.127     4.504
  3988.824   475.749   397.000     5.513     0.000    25.238  2900.080  2500.000     8.373     7.127     4.504
  4000.611   477.155   398.000     5.527     0.000    25.016  2900.075  2500.000     8.373     7.127     4.504
  4012.409   478.562   399.000     5.541     0.000    25.016  2900.075  2500.000     8.373     7.127     4.504
  4024.219   479.970   400.000     5.555     0.000    25.016  2900.075  2500.000     8.373     7.127     4.504
  4036.040   481.380   401.000     5.569     0.000    24.797  2900.071  2500.000     8.373     7.127     4.504
  4047.873   482.792   402.000     5.582     0.000    24.797  2900.071  2500.000     8.373     7.127     4.504
  4059.717   484.205   403.000     5.596     0.000    24.797  2900.071  2500.000     8.373     7.127     4.504
  4071.573   485.619   404.000     5.610     0.000    24.581  2900.066  2500.000     8.373     7.127     4.504
  4083.440   487.034   405.000     5.624     0.000    24.581  2900.066  2500.000     8.373     7.127     4.504
  4095.319   488.451   406.000     5.638     0.000    24.581  2900.066  2500.000     8.373     7.127     4.504
  4107.210   489.869   407.000     5.652     0.000    24.368  2900.062  2500.000     8.373     7.127     4.504
  4119.111   491.289   408.000     5.666     0.000    24.368  2900.062  2500.000     8.373     7.127     4.504
  4131.025   492.710   409.000     5.680     0.000    24.368  2900.062  2500.000     8.373     7.127     4.504
  4142.950   494.132   410.000     5.694     0.000    24.158  2900.059  2500.000     8.373     7.127     4.503
  4154.886   495.556   411.000     5.707     0.000    24.158  2900.059  2500.000     8.373     7.127     4.503
  4166.834   496.981   412.000     5.721     0.000    24.158  2900.059  2500.000     8.373     7.127     4.503
  4178.793   498.408   413.000     5.735     0.000    23.951  2900.055  2500.000     8.373     7.127     4.503
  4190.764   499.836   414.000     5.749     0.000    23.951  2900.055  2500.000     8.373     7.127     4.503
  4202.746   501.265   415.000     5.763     0.000    23.951  2900.055  2500.000     8.373     7.127     4.503
  4214.739   502.695   416.000     5.777     0.000    23.747  2900.052  2500.000     8.373     7.126     4.503
  4226.744   504.127   417.000     5.791     0.000    23.747  2900.052  2500.000     8.373     7.126     4.503
  4238.760   505.560   418.000     5.805     0.000    23.747  2900.052  2500.000     8.373     7.126     4.503
  4250.788   506.995   419.000     5.819     0.000    23.546  2900.049  2500.000     8.373     7.126     4.503
  4262.827   508.431   420.000     5.832     0.000    23.546  2900.049  2500.000     8.373     7.126     4.503
  4274.877   509.868   421.000     5.846     0.000    23.546  2900.049  2500.000     8.373     7.126     4.503
  4286.938   511.307   422.000     5.860     0.000    23.348  2900.046  2500.000     8.373     7.126     4.503
  4299.011   512.747   423.000     5.874     0.000    23.348  2900.046  2500.000     8.373     7.126     4.503
  4311.096   514.188   424.000     5.888     0.000    23.348  2900.046  2500.000     8.373     7.126     4.503
  4323.191   515.631   425.000     5.902     0.000    23.153  2900.043  2500.000     8.373     7.126     4.503
  4335.298   517.075   426.000     5.916     0.000    23.153  2900.043  2500.000     8.373     7.126     4.503
  4347.416   518.521   427.000     5.930     0.000    23.153  2900.043  2500.000     8.373     7.126     4.503
  4359.546   519.967   428.000     5.944     0.000    22.960  2900.040  2500.000     8.373     7.126     4.503
  4371.687   521.415   429.000     5.957     0.000    22.960  2900.040  2500.000     8.373     7.126     4.503
  4383.838   522.865   430.000     5.971     0.000    22.960  2900.040  2500.000     8.373     7.126     4.503
  4396.002   524.316   431.000     5.985     0.000    22.770  2900.038  2500.000     8.373     7.126     4.503
  4408.176   525.768   432.000     5.999     0.000    22.770  2900.038  2500.000     8.373     7.126     4.503
  4420.362   527.221   433.000     6.013     0.000    22.770  2900.038  2500.000     8.373     7.126     4.503
  4432.559   528.676   434.000     6.027     0.000    22.582  2900.036  2500.000     8.373     7.126     4.503
  4444.767   530.132   435.000     6.041     0.000    22.582  2900.036  2500.000     8.373     7.126     4.503
  4456.986   531.590   436.000     6.055     0.000    22.582  2900.036  2500.000     8.373     7.126     4.503
  4469.216   533.048   437.000     6.069     0.000    22.397  2900.033  2500.000     8.373     7.126     4.503
  4481.458   534.509   438.000     6.082     0.000    22.397  2900.033  2500.000     8.373     7.126     4.503
  4493.711   535.970   439.000     6.096     0.000    22.397  2900.033  2500.000     8.373     7.126     4.503
  4505.975   537.433   440.000     6.110     0.000    22.215  2900.031  2500.000     8.373     7.126     4.503
  4518.250   538.897   441.000     6.124     0.000    22.215  2900.031  2500.000     8.373     7.126     4.503
  4530.536   540.362   442.000     6.138     0.000    22.215  2900.031  2500.000     8.373     7.126     4.503
  4542.833   541.829   443.000     6.152     0.000    22.035  2900.029  2500.000     8.373     7.126     4.503
  4555.142   543.297   444.000     6.166     0.000    22.035  2900.029  2500.000     8.373     7.126     4.503
  4567.461   544.767   445.000     6.180     0.000    22.035  2900.029  2500.000     8.373     7.126     4.503
  4579.792   546.237   446.000     6.194     0.000    21.858  2900.028  2500.000     8.373     7.126     4.503
  4592.134   547.710   447.000     6.207     0.000    21.858  2900.028  2500.000     8.373     7.126     4.503
  4604.487   549.183   448.000     6.221     0.000    21.858  2900.028  2500.000     8.373     7.126     4.503
  4616.850   550.658   449.000     6.235     0.000    21.682  2900.026  2500.000     8.373     7.126     4.503
  4629.225   552.134   450.000     6.249     0.000    21.682  2900.026  2500.000     8.373     7.126     4.503
  4641.611   553.611   451.000     6.263     0.000    21.682  2900.026  2500.000     8.373     7.126     4.503
  4654.008   555.090   452.000     6.277     0.000    21.510  2900.024  2500.000     8.373     7.126     4.503
  4666.416   556.570   453.000     6.291     0.000    21.510  2900.024  2500.000     8.373     7.126     4.503
  4678.835   558.051   454.000     6.305     0.000    21.510  2900.024  2500.000     8.373     7.126     4.503
  4691.265   559.534   455.000     6.319     0.000    21.339  2900.023  2500.000     8.373     7.126     4.503
  4703.706   561.017   456.000     6.332     0.000    21.339  2900.023  2500.000     8.373     7.126     4.503
  4716.158   562.503   457.000     6.346     0.000    21.339  2900.023  2500.000     8.373     7.126     4.503
  4728.621   563.989   458.000     6.360     0.000    21.171  2900.021  2500.000     8.373     7.126     4.503
  4741.095   565.477   459.000     6.374     0.000    21.171  2900.021  2500.000     8.373     7.126     4.503
  4753.580   566.966   460.000     6.388     0.000    21.171  2900.021  2500.000     8.373     7.126     4.503
  4766.076   568.457   461.000     6.402     0.000    21.005  2900.020  2500.000     8.373     7.126     4.503
  4778.582   569.948   462.000     6.416     0.000    21.005  2900.020  2500.000     8.373     7.126     4.503
  4791.100   571.441   463.000     6.430     0.000    21.005  2900.020  2500.000     8.373     7.126     4.503
  4803.628   572.936   464.000     6.444     0.000    20.841  2900.019  2500.000     8.373     7.126     4.503
  4816.168   574.431   465.000     6.457     0.000    20.841  2900.019  2500.000     8.373     7.126     4.503
  4828.718   575.928   466.000     6.471     0.000    20.841  2900.019  2500.000     8.373     7.126     4.503
  4841.280   577.427   467.000     6.485     0.000    20.679  2900.018  2500.000     8.373     7.126     4.503
  4853.852   578.926   468.000     6.499     0.000    20.679  2900.018  2500.000     8.373     7.126     4.503
  4866.435   580.427   469.000     6.513     0.000    20.679  2900.018  2500.000     8.373     7.126     4.503
  4879.029   581.929   470.000     6.527     0.000    20.519  2900.016  2500.000     8.373     7.126     4.503
  4891.633   583.433   471.000     6.541     0.000    20.519  2900.016  2500.000     8.373     7.126     4.503
  4904.249   584.937   472.000     6.555     0.000    20.519  2900.016  2500.000     8.373     7.126     4.503
  4916.875   586.443   473.000     6.569     0.000    20.362  2900.015  2500.000     8.373     7.126     4.503
  4929.512   587.951   474.000     6.582     0.000    20.362  2900.015  2500.000     8.373     7.126     4.503
  4942.160   589.459   475.000     6.596     0.000    20.362  2900.015  2500.000     8.373     7.126     4.503
  4954.819   590.969   476.000     6.610     0.000    20.206  2900.014  2500.000     8.373     7.126     4.503
  4967.489   592.480   477.000     6.624     0.000    20.206  2900.014  2500.000     8.373     7.126     4.503
  4980.169   593.993   478.000     6.638     0.000    20.206  2900.014  2500.000     8.373     7.126     4.503
  4992.860   595.506   479.000     6.652     0.000    20.052  2900.014  2500.000     8.373     7.126     4.503
  5005.562   597.021   480.000     6.666     0.000    20.052  2900.014  2500.000     8.373     7.126     4.503
  5018.275   598.538   481.000     6.680     0.000    20.052  2900.014  2500.000     8.373     7.126     4.503
  5026.699   599.542   481.662     6.689     0.000    19.901  2900.014  2500.000     8.373     7.126     4.503
