****************************************************************************************************
----------------------------------------------------------------------------------------------------
Ambient Table:
     Depth   Amb-cur   Amb-dir   Amb-sal   Amb-tem   Amb-pol     Decay   Far-spd   Far-dir   Disprsn
       (m)     (m/s)     (deg)     (psu)       (C)    (mg/L)   (1/day)     (m/s)     (deg)(m0.67/s2)
     0.000     0.020    90.000    30.900    11.200     0.000     0.000     0.020    90.000   0.00030
     3.000     0.020    90.000    31.200    10.400     0.000     0.000     0.020    90.000   0.00030
     6.000     0.020    90.000    31.200     9.690     0.000     0.000     0.020    90.000   0.00030
     9.000     0.020    90.000    31.700     9.440     0.000     0.000     0.020    90.000   0.00030
    12.000     0.020    90.000    31.800     9.340     0.000     0.000     0.020    90.000   0.00030
    15.000     0.020    90.000    31.900     9.220     0.000     0.000     0.020    90.000   0.00030
----------------------------------------------------------------------------------------------------
Diffuser Table:
     P-dia    P-elev   V-angle   H-angle     Ports   Spacing   AcuteMZ   ChrncMZ   P-depth   Ttl-flo   Eff-sal      Temp   Polutnt
       (m)       (m)     (deg)     (deg)       ( )       (m)       (m)       (m)       (m)     (MGD)     (psu)       (C)    (mg/L)
      0.01     15.00     45.00     90.00     25.00      2.00     20.70    207.00      2.00      0.01     35.00     10.00 100000.00
----------------------------------------------------------------------------------------------------
Simulation Results:
              Dilutn     P-dia    x-posn    y-posn     Depth      Time   Net-Dil     P-Den    P-Con.     P-Sal    P-Temp  Amb-Curr    CL-Dil        TA       DIC        pH    OmegaC    OmegaA     R_cal     R_arg
      Step (FluxAvg)       (m)       (m)       (m)       (m)       (s)        ()   (kg/m3)    (mg/L)     (psu)       (C)     (m/s)        () (mmol/m3) (mmol/m3)   (total)        ()        () (umol/hr) (umol/hr)
         1     1.020     0.013     0.000     0.000    -2.000     0.009     1.020  1026.912 98033.309    34.924    10.013     0.020     1.000  6097.889  2566.114    10.628    57.226    36.421 94685.371     0.000
         2     1.041     0.013     0.000     0.001    -1.999     0.017     1.041  1026.852 96105.410    34.849    10.026     0.020     1.000  6035.185  2564.817    10.592    57.044    36.302 93808.736     0.000
         3     1.061     0.013     0.000     0.001    -1.999     0.024     1.061  1026.792 94215.534    34.775    10.038     0.020     1.000  5973.711  2563.546    10.554    56.839    36.168 92827.405     0.000
         4     1.083     0.014     0.000     0.002    -1.999     0.032     1.083  1026.734 92362.927    34.703    10.051     0.020     1.000  5913.444  2562.300    10.515    56.608    36.018 91728.591     0.000
         5     1.104     0.014     0.000     0.002    -1.998     0.040     1.104  1026.677 90546.849    34.632    10.063     0.020     1.000  5854.359  2561.079    10.475    56.347    35.849 90499.281     0.000
         6     1.127     0.014     0.000     0.002    -1.998     0.048     1.127  1026.621 88766.577    34.563    10.075     0.020     1.000  5796.433  2559.881    10.433    56.053    35.658 89127.059     0.000
         7     1.149     0.014     0.000     0.003    -1.998     0.056     1.149  1026.566 87023.975    34.495    10.086     0.020     1.000  5739.728  2558.709    10.390    55.723    35.445 87603.657     0.000
         8     1.172     0.015     0.000     0.003    -1.997     0.064     1.172  1026.513 85345.077    34.430    10.097     0.020     1.000  5685.090  2557.579    10.347    55.361    35.212 85950.344     0.000
         9     1.194     0.015     0.000     0.003    -1.997     0.072     1.194  1026.462 83723.490    34.367    10.108     0.020     1.000  5632.313  2556.488    10.304    54.966    34.957 84168.004     0.000
        10     1.217     0.015     0.000     0.004    -1.997     0.081     1.217  1026.413 82160.232    34.306    10.119     0.020     1.000  5581.430  2555.436    10.261    54.539    34.682 82270.122     0.000
        11     1.240     0.015     0.000     0.004    -1.996     0.089     1.240  1026.365 80650.463    34.247    10.129     0.020     1.000  5532.284  2554.420    10.218    54.081    34.389 80268.305     0.000
        12     1.263     0.016     0.000     0.004    -1.996     0.098     1.263  1026.320 79192.013    34.190    10.138     0.020     1.000  5484.805  2553.438    10.177    53.596    34.077 78180.799     0.000
        13     1.286     0.016     0.000     0.005    -1.996     0.107     1.286  1026.275 77781.763    34.136    10.148     0.020     1.000  5438.891  2552.489    10.137    53.087    33.750 76026.817     0.000
        14     1.309     0.016     0.000     0.005    -1.995     0.115     1.309  1026.232 76417.419    34.082    10.157     0.020     1.000  5394.469  2551.570    10.098    52.557    33.411 73827.513     0.000
        15     1.332     0.016     0.000     0.006    -1.995     0.124     1.332  1026.191 75096.584    34.031    10.166     0.020     1.000  5351.460  2550.681    10.060    52.010    33.061 71603.296     0.000
        16     1.355     0.017     0.000     0.006    -1.995     0.133     1.355  1026.150 73817.163    33.981    10.174     0.020     1.000  5309.797  2549.819    10.024    51.451    32.703 69373.374     0.000
        17     1.378     0.017     0.000     0.006    -1.994     0.142     1.378  1026.111 72577.133    33.933    10.183     0.020     1.000  5269.414  2548.984     9.989    50.882    32.339 67154.657     0.000
        18     1.401     0.017     0.000     0.007    -1.994     0.151     1.401  1026.074 71374.636    33.886    10.191     0.020     1.000  5230.251  2548.174     9.957    50.309    31.972 64961.566     0.000
        19     1.424     0.018     0.000     0.007    -1.994     0.160     1.424  1026.037 70207.916    33.841    10.198     0.020     1.000  5192.251  2547.389     9.925    49.732    31.604 62805.852     0.000
        20     1.448     0.018     0.000     0.007    -1.994     0.169     1.448  1026.001 69075.334    33.796    10.206     0.020     1.000  5155.361  2546.626     9.895    49.156    31.235 60696.778     0.000
        21     1.471     0.018     0.000     0.008    -1.993     0.179     1.471  1025.966 67975.351    33.754    10.213     0.020     1.000  5119.530  2545.885     9.867    48.581    30.868 58641.341     0.000
        22     1.495     0.018     0.000     0.008    -1.993     0.188     1.495  1025.933 66906.523    33.712    10.220     0.020     1.000  5084.712  2545.165     9.840    48.010    30.503 56644.588     0.000
        23     1.518     0.019     0.000     0.009    -1.993     0.198     1.518  1025.900 65867.492    33.671    10.227     0.020     1.000  5050.864  2544.465     9.814    47.444    30.142 54709.927     0.000
        24     1.542     0.019     0.000     0.009    -1.992     0.207     1.542  1025.868 64856.982    33.632    10.234     0.020     1.000  5017.943  2543.784     9.789    46.885    29.784 52839.424     0.000
        25     1.566     0.019     0.000     0.009    -1.992     0.217     1.566  1025.837 63873.793    33.594    10.241     0.020     1.000  4985.910  2543.122     9.765    46.332    29.431 51034.070     0.000
        26     1.589     0.019     0.000     0.010    -1.992     0.226     1.589  1025.807 62916.793    33.556    10.247     0.020     1.000  4954.729  2542.477     9.743    45.788    29.084 49294.006     0.000
        27     1.613     0.020     0.000     0.010    -1.992     0.236     1.613  1025.778 61984.916    33.520    10.253     0.020     1.000  4924.365  2541.849     9.721    45.251    28.741 47618.720     0.000
        28     1.637     0.020     0.000     0.010    -1.991     0.246     1.637  1025.749 61077.156    33.485    10.259     0.020     1.000  4894.786  2541.237     9.700    44.724    28.404 46007.198     0.000
        29     1.661     0.020     0.000     0.011    -1.991     0.256     1.661  1025.721 60192.564    33.450    10.265     0.020     1.000  4865.960  2540.641     9.681    44.205    28.073 44458.058     0.000
        30     1.685     0.020     0.000     0.011    -1.991     0.266     1.685  1025.694 59330.243    33.417    10.271     0.020     1.000  4837.860  2540.060     9.661    43.696    27.748 42969.648     0.000
        31     1.710     0.021     0.000     0.011    -1.991     0.276     1.710  1025.668 58489.346    33.384    10.277     0.020     1.000  4810.456  2539.493     9.643    43.195    27.429 41540.133     0.000
        32     1.734     0.021     0.000     0.012    -1.990     0.287     1.734  1025.642 57669.073    33.352    10.282     0.020     1.000  4783.723  2538.940     9.625    42.704    27.115 40167.552     0.000
        33     1.758     0.021     0.000     0.012    -1.990     0.297     1.758  1025.617 56868.663    33.321    10.288     0.020     1.000  4757.637  2538.401     9.608    42.222    26.808 38849.872     0.000
        34     1.783     0.022     0.000     0.013    -1.990     0.307     1.783  1025.592 56087.400    33.290    10.293     0.020     1.000  4732.173  2537.874     9.592    41.749    26.506 37585.028     0.000
        35     1.808     0.022     0.000     0.013    -1.990     0.318     1.808  1025.568 55324.604    33.260    10.298     0.020     1.000  4707.311  2537.360     9.576    41.286    26.211 36370.951     0.000
        36     1.832     0.022     0.000     0.013    -1.990     0.329     1.832  1025.545 54579.631    33.231    10.303     0.020     1.000  4683.029  2536.858     9.561    40.831    25.921 35205.591     0.000
        37     1.857     0.022     0.000     0.014    -1.989     0.339     1.857  1025.522 53851.869    33.203    10.308     0.020     1.000  4659.307  2536.367     9.546    40.386    25.636 34086.933     0.000
        38     1.882     0.023     0.000     0.014    -1.989     0.350     1.882  1025.499 53140.739    33.175    10.313     0.020     1.000  4636.127  2535.888     9.531    39.949    25.358 33013.010     0.000
        39     1.907     0.023     0.000     0.015    -1.989     0.361     1.907  1025.477 52445.692    33.148    10.317     0.020     1.000  4613.470  2535.419     9.518    39.521    25.085 31981.914     0.000
        40     1.932     0.023     0.000     0.015    -1.989     0.372     1.932  1025.456 51766.204    33.122    10.322     0.020     1.000  4591.319  2534.961     9.504    39.101    24.817 30991.797     0.000
        41     1.957     0.023     0.000     0.015    -1.988     0.383     1.957  1025.435 51101.782    33.096    10.326     0.020     1.000  4569.659  2534.513     9.491    38.689    24.555 30040.881     0.000
        42     1.982     0.024     0.000     0.016    -1.988     0.395     1.982  1025.415 50451.953    33.070    10.331     0.020     1.000  4548.475  2534.075     9.478    38.286    24.298 29127.456     0.000
        43     2.007     0.024     0.000     0.016    -1.988     0.406     2.007  1025.395 49816.272    33.046    10.335     0.020     1.004  4527.751  2533.646     9.466    37.891    24.046 28249.881     0.000
        44     2.033     0.024     0.000     0.016    -1.988     0.418     2.033  1025.375 49194.311    33.021    10.339     0.020     1.016  4507.473  2533.226     9.454    37.503    23.799 27406.588     0.000
        45     2.058     0.024     0.000     0.017    -1.988     0.429     2.058  1025.356 48585.669    32.997    10.343     0.020     1.029  4487.630  2532.816     9.442    37.123    23.557 26596.075     0.000
        46     2.084     0.025     0.000     0.017    -1.987     0.441     2.084  1025.337 47989.959    32.974    10.347     0.020     1.042  4468.207  2532.414     9.431    36.751    23.319 25816.911     0.000
        47     2.109     0.025     0.000     0.018    -1.987     0.453     2.109  1025.319 47406.818    32.951    10.351     0.020     1.055  4449.194  2532.021     9.420    36.386    23.087 25067.730     0.000
        48     2.135     0.025     0.000     0.018    -1.987     0.465     2.135  1025.301 46835.897    32.929    10.355     0.020     1.068  4430.579  2531.636     9.409    36.028    22.859 24347.228     0.000
        49     2.161     0.025     0.000     0.018    -1.987     0.477     2.161  1025.283 46276.866    32.907    10.359     0.020     1.080  4412.352  2531.259     9.398    35.678    22.636 23654.167     0.000
        50     2.187     0.026     0.000     0.019    -1.987     0.489     2.187  1025.266 45729.410    32.886    10.362     0.020     1.093  4394.501  2530.889     9.388    35.334    22.417 22987.366     0.000
        51     2.213     0.026     0.000     0.019    -1.986     0.502     2.213  1025.249 45193.231    32.865    10.366     0.020     1.106  4377.018  2530.528     9.378    34.997    22.202 22345.700     0.000
        52     2.239     0.026     0.000     0.020    -1.986     0.514     2.239  1025.232 44668.044    32.845    10.369     0.020     1.119  4359.892  2530.174     9.368    34.666    21.991 21728.102     0.000
        53     2.265     0.026     0.000     0.020    -1.986     0.527     2.265  1025.216 44153.579    32.825    10.373     0.020     1.132  4343.116  2529.826     9.359    34.343    21.785 21133.554     0.000
        54     2.291     0.027     0.000     0.021    -1.986     0.540     2.291  1025.200 43649.577    32.805    10.376     0.020     1.145  4326.681  2529.486     9.349    34.025    21.583 20561.090     0.000
        55     2.317     0.027     0.000     0.021    -1.986     0.553     2.317  1025.185 43155.795    32.786    10.380     0.020     1.159  4310.579  2529.153     9.340    33.714    21.385 20009.790     0.000
        56     2.343     0.027     0.000     0.021    -1.986     0.566     2.343  1025.170 42672.000    32.767    10.383     0.020     1.172  4294.803  2528.827     9.331    33.409    21.190 19478.779     0.000
        57     2.370     0.027     0.000     0.022    -1.985     0.579     2.370  1025.155 42197.971    32.748    10.386     0.020     1.185  4279.344  2528.507     9.322    33.110    21.000 18967.226     0.000
        58     2.396     0.028     0.000     0.022    -1.985     0.592     2.396  1025.140 41733.497    32.730    10.389     0.020     1.198  4264.197  2528.194     9.314    32.816    20.813 18474.339     0.000
        59     2.423     0.028     0.000     0.023    -1.985     0.606     2.423  1025.126 41278.378    32.712    10.392     0.020     1.211  4249.355  2527.887     9.305    32.529    20.630 17999.366     0.000
        60     2.449     0.028     0.000     0.023    -1.985     0.619     2.449  1025.112 40832.426    32.695    10.395     0.020     1.225  4234.811  2527.586     9.297    32.247    20.451 17541.592     0.000
        61     2.476     0.028     0.000     0.024    -1.985     0.633     2.476  1025.098 40395.460    32.678    10.398     0.020     1.238  4220.561  2527.291     9.289    31.971    20.275 17100.336     0.000
        62     2.502     0.029     0.000     0.024    -1.985     0.647     2.502  1025.084 39967.309    32.661    10.401     0.020     1.251  4206.597  2527.002     9.281    31.700    20.103 16674.949     0.000
        63     2.529     0.029     0.000     0.024    -1.984     0.661     2.529  1025.071 39547.811    32.645    10.404     0.020     1.264  4192.916  2526.719     9.274    31.435    19.934 16264.815     0.000
        64     2.555     0.029     0.000     0.025    -1.984     0.676     2.555  1025.058 39136.813    32.629    10.407     0.020     1.278  4179.511  2526.442     9.266    31.175    19.768 15869.348     0.000
        65     2.582     0.029     0.000     0.025    -1.984     0.690     2.582  1025.045 38734.168    32.613    10.409     0.020     1.291  4166.379  2526.170     9.259    30.920    19.606 15487.988     0.000
        66     2.608     0.030     0.000     0.026    -1.984     0.705     2.608  1025.033 38339.740    32.598    10.412     0.020     1.304  4153.515  2525.904     9.252    30.671    19.447 15120.203     0.000
        67     2.635     0.030     0.000     0.026    -1.984     0.720     2.635  1025.021 37953.398    32.582    10.415     0.020     1.317  4140.915  2525.643     9.245    30.427    19.292 14765.487     0.000
        68     2.661     0.030     0.000     0.027    -1.984     0.735     2.661  1025.009 37575.019    32.568    10.417     0.020     1.331  4128.574  2525.388     9.238    30.187    19.140 14423.357     0.000
        69     2.688     0.030     0.000     0.027    -1.983     0.750     2.688  1024.997 37204.487    32.553    10.420     0.020     1.344  4116.488  2525.138     9.231    29.953    18.990 14093.353     0.000
        70     2.714     0.031     0.000     0.028    -1.983     0.765     2.714  1024.986 36841.691    32.539    10.422     0.020     1.357  4104.655  2524.893     9.225    29.723    18.844 13775.037     0.000
        71     2.741     0.031     0.000     0.028    -1.983     0.781     2.741  1024.975 36486.528    32.525    10.425     0.020     1.370  4093.071  2524.653     9.218    29.498    18.701 13467.991     0.000
        72     2.767     0.031     0.000     0.029    -1.983     0.797     2.767  1024.964 36138.901    32.512    10.427     0.020     1.384  4081.733  2524.418     9.212    29.279    18.561 13171.817     0.000
        73     2.793     0.031     0.000     0.029    -1.983     0.813     2.793  1024.953 35798.719    32.498    10.429     0.020     1.397  4070.637  2524.189     9.206    29.063    18.424 12886.135     0.000
        74     2.820     0.032     0.000     0.030    -1.983     0.829     2.820  1024.942 35465.894    32.485    10.431     0.020     1.410  4059.781  2523.964     9.200    28.853    18.290 12610.583     0.000
        75     2.846     0.032     0.000     0.030    -1.983     0.845     2.846  1024.932 35140.346    32.473    10.434     0.020     1.423  4049.162  2523.744     9.194    28.647    18.159 12344.815     0.000
        76     2.872     0.032     0.000     0.031    -1.982     0.862     2.872  1024.922 34821.999    32.460    10.436     0.020     1.436  4038.778  2523.530     9.188    28.445    18.031 12088.501     0.000
        77     2.898     0.032     0.000     0.031    -1.982     0.879     2.898  1024.912 34510.782    32.448    10.438     0.020     1.449  4028.627  2523.320     9.182    28.249    17.906 11841.327     0.000
        78     2.923     0.032     0.000     0.032    -1.982     0.895     2.923  1024.903 34206.628    32.436    10.440     0.020     1.462  4018.706  2523.114     9.177    28.056    17.784 11602.992     0.000
        79     2.949     0.033     0.000     0.032    -1.982     0.913     2.949  1024.893 33909.475    32.424    10.442     0.020     1.475  4009.013  2522.914     9.171    27.868    17.664 11373.209     0.000
        80     2.974     0.033     0.000     0.033    -1.982     0.930     2.974  1024.884 33619.265    32.413    10.444     0.020     1.487  3999.547  2522.718     9.166    27.685    17.547 11151.704     0.000
        81     3.000     0.033     0.000     0.033    -1.982     0.947     3.000  1024.875 33335.943    32.402    10.446     0.020     1.500  3990.305  2522.526     9.161    27.506    17.434 10938.215     0.000
        82     3.025     0.033     0.000     0.034    -1.982     0.965     3.025  1024.867 33059.459    32.391    10.448     0.020     1.512  3981.287  2522.340     9.156    27.331    17.322 10732.492     0.000
        83     3.050     0.034     0.000     0.034    -1.982     0.983     3.050  1024.858 32789.765    32.381    10.450     0.020     1.525  3972.489  2522.158     9.151    27.160    17.214 10534.296     0.000
        84     3.074     0.034     0.000     0.035    -1.981     1.001     3.074  1024.850 32526.816    32.370    10.451     0.020     1.537  3963.912  2521.980     9.146    26.994    17.108 10343.397     0.000
        85     3.099     0.034     0.000     0.035    -1.981     1.020     3.099  1024.842 32270.571    32.360    10.453     0.020     1.549  3955.553  2521.807     9.141    26.832    17.005 10159.576     0.000
        86     3.123     0.034     0.000     0.036    -1.981     1.038     3.123  1024.834 32020.990    32.351    10.455     0.020     1.561  3947.412  2521.639     9.137    26.675    16.905  9982.625     0.000
        87     3.147     0.034     0.000     0.036    -1.981     1.057     3.147  1024.826 31778.038    32.341    10.456     0.020     1.573  3939.487  2521.475     9.132    26.521    16.808  9812.342     0.000
        88     3.170     0.035     0.000     0.037    -1.981     1.076     3.170  1024.819 31541.677    32.332    10.458     0.020     1.585  3931.777  2521.315     9.128    26.372    16.713  9648.535     0.000
        89     3.194     0.035     0.000     0.037    -1.981     1.095     3.194  1024.811 31311.875    32.323    10.460     0.020     1.597  3924.281  2521.160     9.124    26.227    16.620  9491.019     0.000
        90     3.217     0.035     0.000     0.038    -1.981     1.115     3.217  1024.804 31088.600    32.314    10.461     0.020     1.608  3916.997  2521.009     9.119    26.086    16.531  9339.618     0.000
        91     3.239     0.035     0.000     0.039    -1.981     1.134     3.239  1024.798 30871.819    32.306    10.463     0.020     1.620  3909.926  2520.863     9.115    25.949    16.444  9194.160     0.000
        92     3.261     0.035     0.000     0.039    -1.981     1.154     3.261  1024.791 30661.501    32.298    10.464     0.020     1.631  3903.065  2520.721     9.112    25.816    16.359  9054.483     0.000
        93     3.283     0.035     0.000     0.040    -1.981     1.174     3.283  1024.785 30457.614    32.290    10.465     0.020     1.642  3896.414  2520.583     9.108    25.688    16.278  8920.428     0.000
        94     3.305     0.036     0.000     0.040    -1.981     1.194     3.305  1024.778 30260.126    32.282    10.467     0.020     1.652  3889.972  2520.450     9.104    25.563    16.198  8791.842     0.000
        95     3.326     0.036     0.000     0.041    -1.980     1.215     3.326  1024.772 30069.002    32.274    10.468     0.020     1.663  3883.737  2520.321     9.101    25.443    16.122  8668.578     0.000
        96     3.346     0.036     0.000     0.042    -1.980     1.235     3.346  1024.766 29884.206    32.267    10.469     0.020     1.673  3877.709  2520.196     9.097    25.326    16.048  8550.492     0.000
        97     3.366     0.036     0.000     0.042    -1.980     1.256     3.366  1024.761 29705.697    32.260    10.470     0.020     1.683  3871.886  2520.076     9.094    25.214    15.976  8437.444     0.000
        98     3.386     0.036     0.000     0.043    -1.980     1.277     3.386  1024.755 29533.432    32.253    10.472     0.020     1.693  3866.266  2519.959     9.091    25.105    15.907  8329.296     0.000
        99     3.405     0.036     0.000     0.043    -1.980     1.298     3.405  1024.750 29367.360    32.247    10.473     0.020     1.703  3860.848  2519.847     9.088    25.000    15.841  8225.913     0.000
       100     3.424     0.037     0.000     0.044    -1.980     1.320     3.424  1024.745 29207.421    32.241    10.474     0.020     1.712  3855.631  2519.739     9.085    24.899    15.776  8127.159     0.000
       101     3.442     0.037     0.000     0.045    -1.980     1.341     3.442  1024.740 29053.547    32.235    10.475     0.020     1.721  3850.611  2519.635     9.082    24.803    15.715  8032.897     0.000
       102     3.460     0.037     0.000     0.045    -1.980     1.363     3.460  1024.736 28905.655    32.229    10.476     0.020     1.730  3845.787  2519.535     9.079    24.709    15.656  7942.988     0.000
       103     3.477     0.037     0.000     0.046    -1.980     1.385     3.477  1024.731 28763.639    32.223    10.477     0.020     1.738  3841.154  2519.440     9.076    24.620    15.599  7857.286     0.000
       104     3.493     0.037     0.000     0.046    -1.980     1.407     3.493  1024.727 28627.373    32.218    10.478     0.020     1.747  3836.709  2519.347     9.074    24.534    15.544  7775.634     0.000
       105     3.509     0.037     0.000     0.047    -1.980     1.429     3.509  1024.723 28496.685    32.213    10.479     0.020     1.755  3832.445  2519.259     9.071    24.452    15.492  7697.858     0.000
       106     3.525     0.037     0.000     0.048    -1.980     1.452     3.525  1024.719 28371.350    32.208    10.479     0.020     1.762  3828.357  2519.175     9.069    24.373    15.442  7623.756     0.000
       107     3.540     0.037     0.000     0.048    -1.980     1.474     3.540  1024.715 28251.043    32.203    10.480     0.020     1.770  3824.432  2519.093     9.067    24.297    15.394  7553.075     0.000
       108     3.554     0.037     0.000     0.049    -1.980     1.497     3.554  1024.711 28135.250    32.199    10.481     0.020     1.777  3820.654  2519.015     9.065    24.224    15.347  7485.461     0.000
       109     3.569     0.038     0.000     0.050    -1.980     1.520     3.569  1024.708 28022.854    32.194    10.482     0.020     1.784  3816.988  2518.939     9.063    24.154    15.302  7420.217     0.000
       110     3.583     0.038     0.000     0.050    -1.980     1.542     3.583  1024.704 27912.917    32.190    10.483     0.020     1.791  3813.401  2518.865     9.060    24.084    15.258  7356.769     0.000
       111     3.596     0.038     0.000     0.051    -1.980     1.566     3.596  1024.701 27804.977    32.186    10.483     0.020     1.798  3809.880  2518.792     9.058    24.016    15.215  7294.826     0.000
       112     3.610     0.038     0.000     0.052    -1.980     1.589     3.610  1024.698 27698.754    32.182    10.484     0.020     1.805  3806.415  2518.720     9.056    23.950    15.173  7234.210     0.000
       113     3.624     0.038     0.000     0.052    -1.980     1.612     3.624  1024.694 27594.081    32.178    10.485     0.020     1.812  3803.000  2518.650     9.054    23.884    15.131  7174.807     0.000
---------------------- Local maximum rise or fall --------------------
       114     3.638     0.038     0.000     0.053    -1.980     1.635     3.638  1024.691 27490.848    32.174    10.485     0.020     1.819  3799.632  2518.580     9.053    23.819    15.090  7116.542     0.000
       115     3.651     0.038     0.000     0.053    -1.980     1.659     3.651  1024.688 27388.978    32.170    10.486     0.020     1.826  3796.309  2518.511     9.051    23.755    15.049  7059.356     0.000
       116     3.665     0.038     0.000     0.054    -1.980     1.683     3.665  1024.685 27288.412    32.166    10.487     0.020     1.832  3793.028  2518.443     9.049    23.692    15.009  7003.204     0.000
       117     3.678     0.038     0.000     0.055    -1.980     1.706     3.678  1024.681 27189.098    32.162    10.487     0.020     1.839  3789.788  2518.376     9.047    23.629    14.969  6948.044     0.000
       118     3.691     0.038     0.000     0.055    -1.980     1.730     3.691  1024.678 27090.992    32.158    10.488     0.020     1.846  3786.587  2518.310     9.045    23.567    14.930  6893.841     0.000
       119     3.705     0.039     0.000     0.056    -1.980     1.754     3.705  1024.675 26994.050    32.154    10.489     0.020     1.852  3783.425  2518.245     9.043    23.507    14.891  6840.559     0.000
       120     3.718     0.039     0.000     0.057    -1.980     1.779     3.718  1024.672 26898.232    32.150    10.489     0.020     1.859  3780.298  2518.180     9.041    23.446    14.853  6788.165     0.000
       121     3.731     0.039     0.000     0.057    -1.980     1.803     3.731  1024.669 26802.750    32.147    10.490     0.020     1.865  3777.183  2518.115     9.040    23.386    14.815  6736.222     0.000
       122     3.744     0.039     0.000     0.058    -1.980     1.827     3.744  1024.666 26706.455    32.143    10.491     0.020     1.872  3774.042  2518.050     9.038    23.326    14.776  6684.107     0.000
       123     3.758     0.039     0.000     0.059    -1.980     1.852     3.758  1024.663 26608.468    32.139    10.491     0.020     1.879  3770.845  2517.984     9.036    23.264    14.737  6631.353     0.000
       124     3.772     0.039     0.000     0.060    -1.980     1.877     3.772  1024.660 26508.115    32.135    10.492     0.020     1.886  3767.571  2517.916     9.034    23.201    14.697  6577.614     0.000
       125     3.787     0.039     0.000     0.060    -1.980     1.902     3.787  1024.657 26404.893    32.131    10.493     0.020     1.894  3764.203  2517.847     9.032    23.136    14.656  6522.643     0.000
       126     3.803     0.039     0.000     0.061    -1.980     1.927     3.803  1024.653 26298.418    32.127    10.494     0.020     1.901  3760.729  2517.775     9.030    23.070    14.614  6466.262     0.000
       127     3.818     0.039     0.000     0.062    -1.980     1.952     3.818  1024.650 26188.393    32.123    10.494     0.020     1.909  3757.139  2517.700     9.028    23.000    14.570  6408.344     0.000
       128     3.835     0.039     0.000     0.062    -1.980     1.978     3.835  1024.646 26074.583    32.118    10.495     0.020     1.918  3753.426  2517.624     9.026    22.929    14.524  6348.800     0.000
       129     3.853     0.039     0.000     0.063    -1.980     2.004     3.853  1024.643 25956.793    32.114    10.496     0.020     1.926  3749.582  2517.544     9.023    22.855    14.477  6287.564     0.000
       130     3.871     0.039     0.000     0.064    -1.980     2.030     3.871  1024.639 25834.856    32.109    10.497     0.020     1.935  3745.604  2517.462     9.021    22.779    14.429  6224.589     0.000
       131     3.890     0.040     0.000     0.064    -1.981     2.056     3.890  1024.635 25708.628    32.104    10.498     0.020     1.945  3741.485  2517.376     9.019    22.699    14.378  6159.843     0.000
       132     3.910     0.040     0.000     0.065    -1.981     2.083     3.910  1024.631 25577.977    32.099    10.498     0.020     1.955  3737.222  2517.288     9.016    22.617    14.326  6093.305     0.000
       133     3.930     0.040     0.000     0.066    -1.981     2.109     3.930  1024.626 25442.779    32.094    10.499     0.020     1.965  3732.810  2517.197     9.014    22.533    14.272  6024.958     0.000
       134     3.952     0.040     0.000     0.067    -1.981     2.137     3.952  1024.622 25302.917    32.088    10.500     0.020     1.976  3728.246  2517.102     9.011    22.445    14.217  5954.796     0.000
       135     3.975     0.040     0.000     0.067    -1.981     2.164     3.975  1024.617 25158.280    32.082    10.501     0.020     1.987  3723.527  2517.005     9.008    22.354    14.159  5882.815     0.000
       136     3.999     0.040     0.000     0.068    -1.981     2.192     3.999  1024.613 25008.754    32.077    10.502     0.020     1.999  3718.647  2516.904     9.005    22.261    14.100  5809.015     0.000
       137     4.023     0.040     0.000     0.069    -1.981     2.220     4.023  1024.608 24854.228    32.071    10.503     0.020     2.012  3713.604  2516.799     9.002    22.164    14.038  5733.402     0.000
       138     4.049     0.040     0.000     0.070    -1.981     2.249     4.049  1024.603 24694.589    32.064    10.504     0.020     2.025  3708.395  2516.692     8.999    22.064    13.974  5655.981     0.000
       139     4.077     0.041     0.000     0.071    -1.981     2.278     4.077  1024.598 24529.722    32.058    10.506     0.020     2.038  3703.014  2516.580     8.996    21.960    13.909  5576.763     0.000
       140     4.105     0.041     0.000     0.071    -1.982     2.307     4.105  1024.592 24359.509    32.051    10.507     0.020     2.053  3697.459  2516.465     8.993    21.854    13.841  5495.759     0.000
       141     4.135     0.041     0.000     0.072    -1.982     2.338     4.135  1024.587 24183.827    32.044    10.508     0.020     2.067  3691.726  2516.347     8.989    21.744    13.771  5412.982     0.000
       142     4.166     0.041     0.000     0.073    -1.982     2.368     4.166  1024.581 24002.549    32.037    10.509     0.020     2.083  3685.809  2516.224     8.986    21.630    13.699  5328.449     0.000
       143     4.199     0.041     0.000     0.074    -1.982     2.399     4.199  1024.575 23815.542    32.030    10.510     0.020     2.099  3679.705  2516.098     8.982    21.513    13.625  5242.176     0.000
       144     4.233     0.041     0.000     0.075    -1.982     2.431     4.233  1024.569 23622.665    32.022    10.512     0.020     2.117  3673.410  2515.968     8.978    21.393    13.548  5154.181     0.000
       145     4.269     0.042     0.000     0.076    -1.983     2.463     4.269  1024.563 23423.772    32.015    10.513     0.020     2.135  3666.918  2515.833     8.975    21.268    13.469  5064.484     0.000
       146     4.307     0.042     0.000     0.076    -1.983     2.496     4.307  1024.556 23218.707    32.007    10.514     0.020     2.153  3660.224  2515.695     8.971    21.140    13.388  4973.105     0.000
       147     4.346     0.042     0.000     0.077    -1.983     2.530     4.346  1024.550 23007.304    31.998    10.516     0.020     2.173  3653.323  2515.552     8.966    21.008    13.304  4880.067     0.000
       148     4.388     0.042     0.000     0.078    -1.983     2.564     4.388  1024.543 22789.387    31.990    10.517     0.020     2.194  3646.209  2515.405     8.962    20.872    13.218  4785.392     0.000
       149     4.432     0.042     0.000     0.079    -1.983     2.600     4.432  1024.536 22564.770    31.981    10.519     0.020     2.216  3638.877  2515.253     8.958    20.732    13.128  4689.104     0.000
       150     4.478     0.043     0.000     0.080    -1.984     2.636     4.478  1024.528 22333.251    31.972    10.520     0.020     2.239  3631.318  2515.097     8.953    20.587    13.037  4591.228     0.000
       151     4.526     0.043     0.000     0.081    -1.984     2.673     4.526  1024.521 22094.614    31.963    10.522     0.020     2.263  3623.527  2514.935     8.948    20.438    12.942  4491.788     0.000
       152     4.577     0.043     0.000     0.082    -1.984     2.711     4.577  1024.513 21848.628    31.953    10.524     0.020     2.288  3615.495  2514.769     8.944    20.285    12.845  4390.810     0.000
       153     4.631     0.044     0.000     0.083    -1.984     2.750     4.631  1024.505 21595.042    31.943    10.525     0.020     2.315  3607.215  2514.598     8.938    20.127    12.744  4288.321     0.000
       154     4.687     0.044     0.000     0.084    -1.985     2.790     4.687  1024.497 21333.585    31.933    10.527     0.020     2.344  3598.677  2514.421     8.933    19.964    12.641  4184.346     0.000
       155     4.747     0.044     0.000     0.085    -1.985     2.832     4.747  1024.488 21063.962    31.922    10.529     0.020     2.374  3589.872  2514.239     8.928    19.796    12.534  4078.913     0.000
       156     4.811     0.044     0.000     0.086    -1.985     2.875     4.811  1024.480 20785.851    31.911    10.531     0.020     2.405  3580.790  2514.051     8.922    19.623    12.425  3972.048     0.000
       157     4.878     0.045     0.000     0.088    -1.986     2.919     4.878  1024.470 20498.900    31.900    10.533     0.020     2.439  3571.418  2513.857     8.916    19.445    12.311  3863.776     0.000
       158     4.950     0.045     0.000     0.089    -1.986     2.965     4.950  1024.461 20202.723    31.889    10.535     0.020     2.475  3561.744  2513.657     8.910    19.261    12.194  3754.125     0.000
       159     5.026     0.045     0.000     0.090    -1.987     3.013     5.026  1024.452 19896.892    31.877    10.537     0.020     2.513  3551.754  2513.451     8.904    19.071    12.074  3643.117     0.000
       160     5.107     0.046     0.000     0.091    -1.987     3.063     5.107  1024.442 19580.935    31.864    10.539     0.020     2.554  3541.433  2513.237     8.898    18.874    11.949  3530.777     0.000
       161     5.194     0.046     0.000     0.093    -1.987     3.115     5.194  1024.431 19254.324    31.852    10.541     0.020     2.597  3530.763  2513.017     8.891    18.672    11.821  3417.125     0.000
       162     5.286     0.047     0.000     0.094    -1.988     3.169     5.286  1024.421 18916.469    31.838    10.543     0.020     2.643  3519.724  2512.788     8.884    18.462    11.688  3302.180     0.000
       163     5.386     0.047     0.000     0.095    -1.988     3.225     5.386  1024.410 18566.702    31.825    10.546     0.020     2.693  3508.295  2512.552     8.877    18.246    11.550  3185.957     0.000
       164     5.493     0.048     0.000     0.097    -1.989     3.285     5.493  1024.398 18204.268    31.811    10.548     0.020     2.747  3496.451  2512.307     8.869    18.021    11.408  3068.467     0.000
       165     5.603     0.048     0.000     0.098    -1.989     3.345     5.603  1024.387 17847.126    31.797    10.550     0.020     2.802  3484.779  2512.066     8.861    17.801    11.268  2955.584     0.000
       166     5.715     0.049     0.000     0.100    -1.990     3.404     5.715  1024.376 17496.994    31.783    10.553     0.020     2.858  3473.334  2511.829     8.854    17.584    11.130  2847.667     0.000
       167     5.830     0.049     0.000     0.101    -1.991     3.463     5.830  1024.365 17153.734    31.770    10.555     0.020     2.915  3462.113  2511.597     8.847    17.372    10.996  2744.479     0.000
       168     5.946     0.050     0.000     0.103    -1.991     3.522     5.946  1024.355 16817.213    31.756    10.557     0.020     2.973  3451.111  2511.370     8.839    17.165    10.864  2645.793     0.000
       169     6.065     0.050     0.000     0.104    -1.992     3.581     6.065  1024.344 16487.296    31.744    10.560     0.020     3.033  3440.323  2511.147     8.832    16.961    10.735  2551.395     0.000
       170     6.187     0.051     0.000     0.106    -1.992     3.639     6.187  1024.334 16163.855    31.731    10.562     0.020     3.093  3429.746  2510.928     8.825    16.762    10.609  2461.082     0.000
       171     6.310     0.051     0.000     0.107    -1.993     3.698     6.310  1024.324 15846.763    31.718    10.564     0.020     3.155  3419.375  2510.714     8.818    16.567    10.485  2374.659     0.000
       172     6.437     0.052     0.000     0.109    -1.993     3.757     6.437  1024.314 15535.893    31.706    10.566     0.020     3.218  3409.206  2510.504     8.811    16.376    10.364  2291.944     0.000
       173     6.566     0.053     0.000     0.110    -1.994     3.815     6.566  1024.305 15231.125    31.694    10.568     0.020     3.283  3399.235  2510.298     8.805    16.189    10.245  2212.762     0.000
       174     6.697     0.053     0.000     0.111    -1.995     3.874     6.697  1024.295 14932.339    31.683    10.570     0.020     3.348  3389.459  2510.096     8.798    16.005    10.129  2136.946     0.000
       175     6.831     0.054     0.000     0.113    -1.995     3.933     6.831  1024.286 14639.416    31.671    10.572     0.020     3.415  3379.874  2509.898     8.791    15.826    10.015  2064.339     0.000
       176     6.968     0.054     0.000     0.114    -1.996     3.993     6.968  1024.277 14352.242    31.660    10.574     0.020     3.484  3370.475  2509.704     8.785    15.650     9.903  1994.792     0.000
       177     7.107     0.055     0.000     0.116    -1.997     4.052     7.107  1024.268 14070.704    31.649    10.575     0.020     3.553  3361.259  2509.514     8.778    15.477     9.794  1928.162     0.000
       178     7.249     0.056     0.000     0.117    -1.997     4.112     7.249  1024.259 13794.691    31.638    10.577     0.020     3.625  3352.223  2509.327     8.772    15.308     9.687  1864.314     0.000
       179     7.394     0.056     0.000     0.119    -1.998     4.172     7.394  1024.251 13524.095    31.628    10.579     0.020     3.697  3343.363  2509.144     8.766    15.143     9.582  1803.120     0.000
       180     7.542     0.057     0.000     0.120    -1.998     4.232     7.542  1024.243 13258.808    31.617    10.581     0.020     3.771  3334.675  2508.965     8.760    14.981     9.479  1744.457     0.000
       181     7.693     0.057     0.000     0.121    -1.999     4.293     7.693  1024.234 12998.728    31.607    10.583     0.020     3.847  3326.156  2508.789     8.753    14.822     9.378  1688.209     0.000
       182     7.847     0.058     0.000     0.123    -2.000     4.354     7.847  1024.226 12743.751    31.597    10.584     0.020     3.923  3317.803  2508.617     8.747    14.667     9.280  1634.266     0.000
       183     8.004     0.059     0.000     0.124    -2.000     4.415     8.004  1024.219 12493.778    31.588    10.586     0.020     4.002  3309.613  2508.448     8.742    14.514     9.183  1582.523     0.000
       184     8.164     0.059     0.000     0.126    -2.001     4.477     8.164  1024.211 12248.710    31.578    10.587     0.020     4.082  3301.582  2508.282     8.736    14.365     9.089  1532.879     0.000
       185     8.327     0.060     0.000     0.127    -2.002     4.539     8.327  1024.203 12008.451    31.569    10.589     0.020     4.164  3293.708  2508.120     8.730    14.219     8.996  1485.244     0.000
       186     8.494     0.061     0.000     0.129    -2.002     4.602     8.494  1024.196 11772.906    31.559    10.590     0.020     4.247  3285.988  2507.961     8.724    14.076     8.905  1439.531     0.000
       187     8.664     0.061     0.000     0.130    -2.003     4.665     8.664  1024.189 11541.983    31.550    10.592     0.020     4.332  3278.420  2507.805     8.719    13.935     8.816  1395.653     0.000
       188     8.837     0.062     0.000     0.132    -2.004     4.728     8.837  1024.182 11315.591    31.542    10.593     0.020     4.419  3271.000  2507.652     8.713    13.798     8.729  1353.529     0.000
       189     9.014     0.063     0.000     0.133    -2.004     4.792     9.014  1024.175 11093.641    31.533    10.595     0.020     4.507  3263.725  2507.502     8.708    13.663     8.644  1313.078     0.000
       190     9.195     0.063     0.000     0.135    -2.005     4.857     9.195  1024.168 10876.047    31.524    10.596     0.020     4.597  3256.593  2507.354     8.702    13.532     8.560  1274.228     0.000
       191     9.378     0.064     0.000     0.136    -2.006     4.922     9.378  1024.161 10662.721    31.516    10.598     0.020     4.689  3249.601  2507.210     8.697    13.403     8.478  1236.907     0.000
       192     9.566     0.065     0.000     0.138    -2.006     4.987     9.566  1024.155 10453.581    31.508    10.599     0.020     4.783  3242.746  2507.069     8.692    13.276     8.398  1201.048     0.000
       193     9.757     0.066     0.000     0.139    -2.007     5.054     9.757  1024.148 10248.545    31.500    10.600     0.020     4.879  3236.026  2506.930     8.687    13.152     8.320  1166.586     0.000
       194     9.953     0.066     0.000     0.141    -2.008     5.120     9.953  1024.142 10047.531    31.492    10.601     0.020     4.976  3229.437  2506.794     8.682    13.031     8.243  1133.459     0.000
       195    10.152     0.067     0.000     0.142    -2.008     5.188    10.152  1024.136  9850.461    31.485    10.603     0.020     5.076  3222.978  2506.661     8.676    12.912     8.167  1101.610     0.000
       196    10.355     0.068     0.000     0.144    -2.009     5.256    10.355  1024.130  9657.258    31.477    10.604     0.020     5.177  3216.645  2506.531     8.672    12.795     8.094  1070.983     0.000
       197    10.562     0.068     0.000     0.145    -2.010     5.324    10.562  1024.124  9467.845    31.470    10.605     0.020     5.281  3210.436  2506.403     8.667    12.681     8.021  1041.526     0.000
       198    10.773     0.069     0.000     0.147    -2.011     5.394    10.773  1024.118  9282.148    31.462    10.606     0.020     5.387  3204.349  2506.277     8.662    12.570     7.950  1013.186     0.000
       199    10.989     0.070     0.000     0.149    -2.011     5.464    10.989  1024.112  9100.095    31.455    10.607     0.020     5.494  3198.381  2506.154     8.657    12.460     7.881   985.918     0.000
       200    11.209     0.071     0.000     0.150    -2.012     5.534    11.209  1024.107  8921.613    31.448    10.608     0.020     5.604  3192.531  2506.033     8.652    12.353     7.813   959.674     0.000
       201    11.433     0.072     0.000     0.152    -2.013     5.606    11.433  1024.101  8746.633    31.442    10.610     0.020     5.716  3186.795  2505.915     8.648    12.248     7.747   934.411     0.000
       202    11.662     0.072     0.000     0.153    -2.014     5.678    11.662  1024.096  8575.085    31.435    10.611     0.020     5.831  3181.171  2505.799     8.643    12.145     7.681   910.087     0.000
       203    11.895     0.073     0.000     0.155    -2.014     5.751    11.895  1024.090  8406.903    31.428    10.612     0.020     5.947  3175.658  2505.685     8.639    12.044     7.617   886.663     0.000
       204    12.133     0.074     0.000     0.157    -2.015     5.824    12.133  1024.085  8242.020    31.422    10.613     0.020     6.066  3170.253  2505.574     8.634    11.945     7.555   864.101     0.000
       205    12.376     0.075     0.000     0.158    -2.016     5.899    12.376  1024.080  8080.372    31.416    10.614     0.020     6.188  3164.954  2505.464     8.630    11.849     7.494   842.365     0.000
       206    12.623     0.076     0.000     0.160    -2.017     5.974    12.623  1024.075  7921.895    31.409    10.615     0.020     6.312  3159.759  2505.357     8.626    11.754     7.434   821.420     0.000
       207    12.876     0.076     0.000     0.162    -2.017     6.050    12.876  1024.070  7766.527    31.403    10.616     0.020     6.438  3154.666  2505.252     8.622    11.661     7.375   801.233     0.000
       208    13.133     0.077     0.000     0.163    -2.018     6.127    13.133  1024.066  7614.207    31.398    10.616     0.020     6.567  3149.672  2505.149     8.617    11.570     7.317   781.774     0.000
       209    13.396     0.078     0.000     0.165    -2.019     6.205    13.396  1024.061  7464.875    31.392    10.617     0.020     6.698  3144.777  2505.048     8.613    11.481     7.261   763.012     0.000
       210    13.664     0.079     0.000     0.167    -2.020     6.283    13.664  1024.057  7318.472    31.386    10.618     0.020     6.832  3139.977  2504.949     8.609    11.394     7.205   744.918     0.000
       211    13.937     0.080     0.000     0.169    -2.021     6.363    13.937  1024.052  7174.942    31.380    10.619     0.020     6.969  3135.272  2504.852     8.605    11.308     7.151   727.465     0.000
       212    14.216     0.081     0.000     0.170    -2.022     6.443    14.216  1024.048  7034.226    31.375    10.620     0.020     7.108  3130.659  2504.757     8.601    11.225     7.098   710.628     0.000
       213    14.501     0.082     0.000     0.172    -2.022     6.524    14.501  1024.043  6896.271    31.370    10.621     0.020     7.250  3126.136  2504.664     8.597    11.142     7.046   694.381     0.000
       214    14.791     0.083     0.000     0.174    -2.023     6.607    14.791  1024.039  6761.023    31.364    10.622     0.020     7.395  3121.702  2504.572     8.594    11.062     6.995   678.701     0.000
       215    15.087     0.083     0.000     0.176    -2.024     6.690    15.087  1024.035  6628.427    31.359    10.622     0.020     7.543  3117.355  2504.483     8.590    10.983     6.945   663.564     0.000
       216    15.388     0.084     0.000     0.178    -2.025     6.774    15.388  1024.031  6498.432    31.354    10.623     0.020     7.694  3113.093  2504.395     8.586    10.906     6.896   648.950     0.000
       217    15.696     0.085     0.000     0.180    -2.026     6.859    15.696  1024.027  6370.987    31.349    10.624     0.020     7.848  3108.915  2504.309     8.582    10.831     6.849   634.837     0.000
       218    16.010     0.086     0.000     0.181    -2.027     6.945    16.010  1024.023  6246.042    31.344    10.624     0.020     8.005  3104.818  2504.224     8.579    10.756     6.802   621.206     0.000
       219    16.330     0.087     0.000     0.183    -2.027     7.032    16.330  1024.019  6123.548    31.340    10.625     0.020     8.165  3100.802  2504.141     8.575    10.684     6.756   608.037     0.000
       220    16.657     0.088     0.000     0.185    -2.028     7.121    16.657  1024.016  6003.457    31.335    10.626     0.020     8.329  3096.865  2504.060     8.572    10.613     6.711   595.313     0.000
       221    16.990     0.089     0.000     0.187    -2.029     7.210    16.990  1024.012  5885.721    31.331    10.626     0.020     8.495  3093.005  2503.981     8.568    10.543     6.667   583.016     0.000
       222    17.330     0.090     0.000     0.189    -2.030     7.300    17.330  1024.008  5770.295    31.326    10.627     0.020     8.665  3089.220  2503.903     8.565    10.475     6.623   571.130     0.000
       223    17.677     0.091     0.000     0.191    -2.031     7.392    17.677  1024.005  5657.132    31.322    10.628     0.020     8.838  3085.510  2503.826     8.562    10.408     6.581   559.639     0.000
       224    18.030     0.092     0.000     0.193    -2.032     7.485    18.030  1024.001  5546.189    31.317    10.628     0.020     9.015  3081.873  2503.751     8.558    10.343     6.540   548.528     0.000
       225    18.391     0.093     0.000     0.195    -2.033     7.578    18.391  1023.998  5437.423    31.313    10.629     0.020     9.196  3078.307  2503.677     8.555    10.278     6.499   537.781     0.000
       226    18.759     0.094     0.000     0.197    -2.034     7.673    18.759  1023.995  5330.789    31.309    10.630     0.020     9.379  3074.810  2503.605     8.552    10.215     6.459   527.386     0.000
       227    19.134     0.095     0.000     0.199    -2.035     7.770    19.134  1023.992  5226.248    31.305    10.630     0.020     9.567  3071.383  2503.535     8.549    10.154     6.420   517.329     0.000
       228    19.517     0.096     0.000     0.201    -2.036     7.867    19.517  1023.988  5123.756    31.301    10.631     0.020     9.758  3068.022  2503.465     8.546    10.093     6.382   507.597     0.000
       229    19.907     0.097     0.000     0.203    -2.037     7.966    19.907  1023.985  5023.275    31.297    10.631     0.020     9.954  3064.728  2503.397     8.543    10.034     6.344   498.178     0.000
       230    20.306     0.098     0.000     0.206    -2.037     8.066    20.306  1023.982  4924.765    31.293    10.632     0.020    10.153  3061.498  2503.331     8.540     9.976     6.308   489.061     0.000
       231    20.712     0.099     0.000     0.208    -2.038     8.167    20.712  1023.979  4828.187    31.290    10.632     0.020    10.356  3058.331  2503.265     8.537     9.920     6.272   480.233     0.000
       232    21.126     0.100     0.000     0.210    -2.039     8.269    21.126  1023.976  4733.503    31.286    10.633     0.020    10.563  3055.227  2503.201     8.534     9.864     6.236   471.685     0.000
       233    21.549     0.101     0.000     0.212    -2.040     8.373    21.549  1023.974  4640.677    31.282    10.633     0.020    10.774  3052.183  2503.139     8.531     9.809     6.202   463.406     0.000
       234    21.980     0.103     0.000     0.214    -2.041     8.478    21.980  1023.971  4549.671    31.279    10.634     0.020    10.990  3049.199  2503.077     8.528     9.756     6.168   455.387     0.000
       235    22.419     0.104     0.000     0.217    -2.042     8.585    22.419  1023.968  4460.449    31.276    10.634     0.020    11.210  3046.273  2503.017     8.526     9.704     6.135   447.617     0.000
       236    22.868     0.105     0.000     0.219    -2.043     8.693    22.868  1023.965  4372.978    31.272    10.634     0.020    11.434  3043.405  2502.958     8.523     9.652     6.102   440.088     0.000
       237    23.325     0.106     0.000     0.221    -2.044     8.802    23.325  1023.963  4287.222    31.269    10.635     0.020    11.663  3040.594  2502.900     8.520     9.602     6.071   432.792     0.000
       238    23.792     0.107     0.000     0.224    -2.045     8.913    23.792  1023.960  4203.149    31.266    10.635     0.020    11.896  3037.837  2502.843     8.518     9.553     6.039   425.719     0.000
       239    24.268     0.108     0.000     0.226    -2.046     9.025    24.268  1023.958  4120.724    31.262    10.636     0.020    12.134  3035.134  2502.787     8.515     9.505     6.009   418.862     0.000
       240    24.753     0.109     0.000     0.228    -2.047     9.139    24.753  1023.955  4039.916    31.259    10.636     0.020    12.376  3032.484  2502.732     8.512     9.457     5.979   412.213     0.000
       241    25.248     0.111     0.000     0.231    -2.048     9.254    25.248  1023.953  3960.692    31.256    10.636     0.020    12.624  3029.887  2502.679     8.510     9.411     5.950   405.765     0.000
       242    25.753     0.112     0.000     0.233    -2.050     9.371    25.753  1023.950  3883.023    31.253    10.637     0.020    12.877  3027.340  2502.626     8.508     9.366     5.921   399.510     0.000
       243    26.268     0.113     0.000     0.236    -2.051     9.489    26.268  1023.948  3806.876    31.250    10.637     0.020    13.134  3024.843  2502.575     8.505     9.321     5.893   393.443     0.000
       244    26.794     0.114     0.000     0.238    -2.052     9.609    26.794  1023.946  3732.223    31.248    10.637     0.020    13.397  3022.395  2502.524     8.503     9.277     5.865   387.556     0.000
       245    27.330     0.115     0.000     0.241    -2.053     9.731    27.330  1023.944  3659.035    31.245    10.638     0.020    13.665  3019.995  2502.475     8.500     9.235     5.838   381.843     0.000
       246    27.876     0.117     0.000     0.244    -2.054     9.854    27.876  1023.941  3587.281    31.242    10.638     0.020    13.938  3017.642  2502.426     8.498     9.193     5.812   376.298     0.000
       247    28.434     0.118     0.000     0.246    -2.055     9.979    28.434  1023.939  3516.935    31.239    10.638     0.020    14.217  3015.336  2502.379     8.496     9.152     5.786   370.916     0.000
       248    29.003     0.119     0.000     0.249    -2.056    10.105    29.003  1023.937  3447.969    31.237    10.639     0.020    14.501  3013.074  2502.332     8.494     9.112     5.760   365.691     0.000
       249    29.583     0.120     0.000     0.251    -2.057    10.234    29.583  1023.935  3380.355    31.234    10.639     0.020    14.791  3010.857  2502.286     8.491     9.072     5.735   360.617     0.000
       250    30.174     0.122     0.000     0.254    -2.058    10.364    30.174  1023.933  3314.067    31.232    10.639     0.020    15.087  3008.683  2502.242     8.489     9.034     5.711   355.690     0.000
       251    30.778     0.123     0.000     0.257    -2.059    10.496    30.778  1023.931  3249.079    31.229    10.639     0.020    15.389  3006.552  2502.198     8.487     8.996     5.687   350.904     0.000
       252    31.394     0.124     0.000     0.260    -2.061    10.629    31.394  1023.929  3185.365    31.227    10.640     0.020    15.697  3004.463  2502.154     8.485     8.959     5.663   346.255     0.000
       253    32.022     0.126     0.000     0.263    -2.062    10.765    32.022  1023.927  3122.901    31.224    10.640     0.020    16.011  3002.415  2502.112     8.483     8.922     5.640   341.739     0.000
       254    32.662     0.127     0.000     0.265    -2.063    10.903    32.662  1023.926  3061.663    31.222    10.640     0.020    16.331  3000.407  2502.071     8.481     8.887     5.618   337.350     0.000
       255    33.315     0.128     0.000     0.268    -2.064    11.042    33.315  1023.924  3001.625    31.220    10.640     0.020    16.658  2998.438  2502.030     8.479     8.852     5.596   333.085     0.000
       256    33.982     0.130     0.000     0.271    -2.065    11.183    33.982  1023.922  2942.764    31.218    10.640     0.020    16.991  2996.508  2501.990     8.477     8.818     5.574   328.939     0.000
       257    34.661     0.131     0.000     0.274    -2.066    11.327    34.661  1023.920  2885.058    31.215    10.641     0.020    17.331  2994.615  2501.951     8.475     8.784     5.553   324.909     0.000
       258    35.355     0.133     0.000     0.277    -2.068    11.472    35.355  1023.919  2828.484    31.213    10.641     0.020    17.677  2992.760  2501.913     8.473     8.751     5.532   320.991     0.000
       259    36.062     0.134     0.000     0.280    -2.069    11.619    36.062  1023.917  2773.019    31.211    10.641     0.020    18.031  2990.941  2501.876     8.471     8.719     5.512   317.181     0.000
       260    36.783     0.135     0.000     0.284    -2.070    11.769    36.783  1023.915  2718.642    31.209    10.641     0.020    18.392  2989.158  2501.839     8.470     8.688     5.492   313.476     0.000
       261    37.519     0.137     0.000     0.287    -2.071    11.920    37.519  1023.914  2665.331    31.207    10.641     0.020    18.759  2987.410  2501.803     8.468     8.657     5.472   309.873     0.000
       262    38.269     0.138     0.000     0.290    -2.072    12.074    38.269  1023.912  2613.065    31.205    10.641     0.020    19.135  2985.696  2501.767     8.466     8.627     5.453   306.368     0.000
       263    39.035     0.140     0.000     0.293    -2.074    12.230    39.035  1023.911  2561.825    31.203    10.641     0.020    19.517  2984.016  2501.733     8.464     8.597     5.434   302.958     0.000
       264    39.815     0.141     0.000     0.296    -2.075    12.388    39.815  1023.909  2511.590    31.201    10.642     0.020    19.908  2982.368  2501.699     8.463     8.568     5.416   299.640     0.000
       265    40.612     0.143     0.000     0.300    -2.076    12.549    40.612  1023.908  2462.339    31.200    10.642     0.020    20.306  2980.753  2501.665     8.461     8.539     5.398   296.412     0.000
       266    41.424     0.144     0.000     0.303    -2.078    12.712    41.424  1023.906  2414.055    31.198    10.642     0.020    20.712  2979.170  2501.633     8.459     8.511     5.380   293.270     0.000
       267    42.253     0.146     0.000     0.306    -2.079    12.877    42.253  1023.905  2366.717    31.196    10.642     0.020    21.126  2977.618  2501.601     8.458     8.484     5.363   290.212     0.000
       268    43.098     0.147     0.000     0.310    -2.080    13.044    43.098  1023.904  2320.308    31.194    10.642     0.020    21.549  2976.096  2501.569     8.456     8.457     5.346   287.235     0.000
       269    43.960     0.149     0.000     0.313    -2.081    13.214    43.960  1023.902  2274.809    31.193    10.642     0.020    21.980  2974.604  2501.539     8.455     8.431     5.329   284.336     0.000
       270    44.839     0.151     0.000     0.317    -2.083    13.386    44.839  1023.901  2230.202    31.191    10.642     0.020    22.419  2973.141  2501.508     8.453     8.405     5.313   281.514     0.000
       271    45.736     0.152     0.000     0.321    -2.084    13.561    45.736  1023.900  2186.470    31.189    10.642     0.020    22.868  2971.707  2501.479     8.452     8.380     5.297   278.766     0.000
       272    46.651     0.154     0.000     0.324    -2.085    13.739    46.651  1023.898  2143.595    31.188    10.642     0.020    23.325  2970.301  2501.450     8.450     8.355     5.281   276.090     0.000
       273    47.584     0.155     0.000     0.328    -2.087    13.919    47.584  1023.897  2101.561    31.186    10.642     0.020    23.792  2968.922  2501.421     8.449     8.331     5.266   273.484     0.000
       274    48.535     0.157     0.000     0.332    -2.088    14.101    48.535  1023.896  2060.352    31.185    10.642     0.020    24.268  2967.571  2501.394     8.447     8.307     5.251   270.944     0.000
       275    49.506     0.159     0.000     0.336    -2.090    14.287    49.506  1023.895  2019.950    31.183    10.642     0.020    24.753  2966.246  2501.366     8.446     8.284     5.236   268.471     0.000
       276    50.496     0.160     0.000     0.339    -2.091    14.475    50.496  1023.894  1980.341    31.182    10.642     0.020    25.248  2964.947  2501.339     8.444     8.261     5.221   266.061     0.000
       277    51.506     0.162     0.000     0.343    -2.092    14.666    51.506  1023.893  1941.509    31.180    10.642     0.020    25.753  2963.673  2501.313     8.443     8.238     5.207   263.712     0.000
       278    52.537     0.164     0.000     0.347    -2.094    14.859    52.537  1023.892  1903.438    31.179    10.642     0.020    26.268  2962.425  2501.287     8.442     8.216     5.193   261.423     0.000
       279    53.587     0.165     0.000     0.351    -2.095    15.056    53.587  1023.890  1866.114    31.177    10.642     0.020    26.794  2961.201  2501.262     8.440     8.195     5.180   259.193     0.000
       280    54.659     0.167     0.000     0.355    -2.097    15.255    54.659  1023.889  1829.522    31.176    10.642     0.020    27.330  2960.001  2501.237     8.439     8.174     5.166   257.019     0.000
       281    55.752     0.169     0.000     0.360    -2.098    15.458    55.752  1023.888  1793.647    31.175    10.642     0.020    27.876  2958.824  2501.213     8.438     8.153     5.153   254.899     0.000
       282    56.867     0.171     0.000     0.364    -2.100    15.663    56.867  1023.887  1758.476    31.174    10.642     0.020    28.434  2957.671  2501.189     8.437     8.133     5.140   252.833     0.000
       283    58.005     0.173     0.000     0.368    -2.101    15.872    58.005  1023.886  1723.994    31.172    10.642     0.020    29.002  2956.540  2501.166     8.435     8.113     5.128   250.819     0.000
       284    59.165     0.174     0.000     0.372    -2.103    16.084    59.165  1023.886  1690.189    31.171    10.642     0.020    29.582  2955.432  2501.143     8.434     8.094     5.116   248.854     0.000
       285    60.348     0.176     0.000     0.377    -2.104    16.299    60.348  1023.885  1657.046    31.170    10.642     0.020    30.174  2954.345  2501.121     8.433     8.074     5.104   246.939     0.000
       286    61.555     0.178     0.000     0.381    -2.106    16.517    61.555  1023.884  1624.554    31.169    10.642     0.020    30.778  2953.279  2501.099     8.432     8.056     5.092   245.070     0.000
       287    62.787     0.180     0.000     0.386    -2.107    16.738    62.787  1023.883  1592.698    31.168    10.642     0.020    31.393  2952.234  2501.077     8.431     8.037     5.080   243.248     0.000
       288    64.042     0.182     0.000     0.390    -2.109    16.963    64.042  1023.882  1561.468    31.166    10.642     0.020    32.021  2951.210  2501.056     8.430     8.020     5.069   241.471     0.000
       289    65.323     0.184     0.000     0.395    -2.110    17.191    65.323  1023.881  1530.849    31.165    10.642     0.020    32.662  2950.206  2501.035     8.429     8.002     5.058   239.737     0.000
       290    66.630     0.186     0.000     0.400    -2.112    17.423    66.630  1023.880  1500.832    31.164    10.642     0.020    33.315  2949.222  2501.015     8.428     7.985     5.047   238.045     0.000
       291    67.962     0.188     0.000     0.405    -2.114    17.658    67.962  1023.880  1471.402    31.163    10.642     0.020    33.981  2948.257  2500.995     8.427     7.968     5.036   236.394     0.000
       292    69.322     0.190     0.000     0.410    -2.115    17.897    69.322  1023.879  1442.550    31.162    10.642     0.020    34.661  2947.310  2500.976     8.426     7.951     5.025   234.783     0.000
       293    70.708     0.192     0.000     0.414    -2.117    18.140    70.708  1023.878  1414.264    31.161    10.641     0.020    35.354  2946.383  2500.957     8.425     7.935     5.015   233.211     0.000
       294    72.122     0.194     0.000     0.420    -2.118    18.386    72.122  1023.877  1386.532    31.160    10.641     0.020    36.061  2945.473  2500.938     8.424     7.919     5.005   231.677     0.000
       295    73.565     0.196     0.000     0.425    -2.120    18.636    73.565  1023.877  1359.344    31.159    10.641     0.020    36.782  2944.582  2500.919     8.423     7.903     4.995   230.180     0.000
       296    75.036     0.198     0.000     0.430    -2.122    18.890    75.036  1023.876  1332.690    31.158    10.641     0.020    37.518  2943.707  2500.901     8.422     7.888     4.986   228.719     0.000
       297    76.537     0.200     0.000     0.435    -2.123    19.148    76.537  1023.875  1306.558    31.157    10.641     0.020    38.268  2942.850  2500.884     8.421     7.873     4.976   227.292     0.000
       298    78.068     0.202     0.000     0.440    -2.125    19.410    78.068  1023.874  1280.938    31.157    10.641     0.020    39.034  2942.010  2500.866     8.420     7.858     4.967   225.899     0.000
       299    79.629     0.204     0.000     0.446    -2.127    19.676    79.629  1023.874  1255.821    31.156    10.641     0.020    39.815  2941.186  2500.849     8.419     7.844     4.958   224.539     0.000
       300    81.222     0.206     0.000     0.451    -2.129    19.947    81.222  1023.873  1231.196    31.155    10.641     0.020    40.611  2940.379  2500.833     8.418     7.830     4.949   223.211     0.000
       301    82.846     0.208     0.000     0.457    -2.130    20.221    82.846  1023.873  1207.054    31.154    10.640     0.020    41.423  2939.587  2500.816     8.417     7.816     4.940   221.915     0.000
       302    84.503     0.210     0.000     0.463    -2.132    20.500    84.503  1023.872  1183.386    31.153    10.640     0.020    42.252  2938.811  2500.800     8.416     7.802     4.931   220.649     0.000
       303    86.193     0.213     0.000     0.468    -2.134    20.784    86.193  1023.871  1160.182    31.152    10.640     0.020    43.097  2938.050  2500.785     8.415     7.789     4.923   219.412     0.000
       304    87.917     0.215     0.000     0.474    -2.136    21.072    87.917  1023.871  1137.432    31.152    10.640     0.020    43.959  2937.304  2500.769     8.415     7.776     4.915   218.204     0.000
       305    89.676     0.217     0.000     0.480    -2.137    21.364    89.676  1023.870  1115.129    31.151    10.640     0.020    44.838  2936.572  2500.754     8.414     7.763     4.907   217.025     0.000
       306    91.469     0.219     0.000     0.486    -2.139    21.661    91.469  1023.870  1093.263    31.150    10.640     0.020    45.735  2935.855  2500.739     8.413     7.751     4.899   215.872     0.000
       307    93.299     0.221     0.000     0.492    -2.141    21.963    93.299  1023.869  1071.826    31.149    10.639     0.020    46.649  2935.152  2500.725     8.412     7.738     4.891   214.747     0.000
       308    95.165     0.224     0.000     0.499    -2.143    22.270    95.165  1023.869  1050.809    31.149    10.639     0.020    47.582  2934.463  2500.711     8.411     7.726     4.883   213.647     0.000
       309    97.068     0.226     0.000     0.505    -2.145    22.582    97.068  1023.868  1030.205    31.148    10.639     0.020    48.534  2933.787  2500.697     8.411     7.715     4.876   212.573     0.000
       310    99.009     0.228     0.000     0.511    -2.147    22.899    99.009  1023.868  1010.004    31.147    10.639     0.020    49.505  2933.125  2500.683     8.410     7.703     4.868   211.523     0.000
       311   100.990     0.231     0.000     0.518    -2.149    23.222   100.990  1023.867   990.200    31.147    10.639     0.020    50.495  2932.475  2500.670     8.409     7.692     4.861   210.497     0.000
       312   103.010     0.233     0.000     0.524    -2.150    23.549   103.010  1023.867   970.784    31.146    10.638     0.020    51.505  2931.838  2500.657     8.409     7.681     4.854   209.494     0.000
       313   105.070     0.236     0.000     0.531    -2.152    23.882   105.070  1023.866   951.748    31.146    10.638     0.020    52.535  2931.214  2500.644     8.408     7.670     4.847   208.515     0.000
       314   107.171     0.238     0.000     0.538    -2.154    24.221   107.171  1023.866   933.086    31.145    10.638     0.020    53.586  2930.602  2500.631     8.407     7.659     4.841   207.557     0.000
       315   109.315     0.241     0.000     0.545    -2.156    24.565   109.315  1023.866   914.790    31.144    10.638     0.020    54.657  2930.002  2500.619     8.406     7.648     4.834   206.621     0.000
       316   111.501     0.243     0.000     0.552    -2.158    24.915   111.501  1023.865   896.853    31.144    10.637     0.020    55.751  2929.414  2500.607     8.406     7.638     4.827   205.707     0.000
       317   113.731     0.246     0.000     0.559    -2.160    25.271   113.731  1023.865   879.267    31.143    10.637     0.020    56.866  2928.837  2500.595     8.405     7.628     4.821   204.813     0.000
       318   116.006     0.248     0.000     0.567    -2.162    25.632   116.006  1023.864   862.026    31.143    10.637     0.020    58.003  2928.272  2500.583     8.405     7.618     4.815   203.939     0.000
       319   118.326     0.251     0.000     0.574    -2.164    26.000   118.326  1023.864   845.123    31.142    10.637     0.020    59.163  2927.717  2500.572     8.404     7.609     4.809   203.084     0.000
       320   120.692     0.253     0.000     0.582    -2.166    26.375   120.692  1023.864   828.552    31.142    10.636     0.020    60.346  2927.174  2500.560     8.403     7.599     4.803   202.249     0.000
       321   123.106     0.256     0.000     0.589    -2.169    26.756   123.106  1023.863   812.306    31.141    10.636     0.020    61.553  2926.641  2500.549     8.403     7.590     4.797   201.432     0.000
       322   125.569     0.259     0.000     0.597    -2.171    27.143   125.569  1023.863   796.378    31.141    10.636     0.020    62.784  2926.119  2500.539     8.402     7.581     4.791   200.634     0.000
       323   128.080     0.261     0.000     0.605    -2.173    27.537   128.080  1023.863   780.762    31.140    10.636     0.020    64.040  2925.607  2500.528     8.402     7.572     4.785   199.853     0.000
       324   130.642     0.264     0.000     0.613    -2.175    27.938   130.642  1023.862   765.453    31.140    10.635     0.020    65.321  2925.104  2500.518     8.401     7.563     4.780   199.089     0.000
       325   133.254     0.267     0.000     0.622    -2.177    28.346   133.254  1023.862   750.444    31.139    10.635     0.020    66.627  2924.612  2500.508     8.400     7.554     4.774   198.342     0.000
       326   135.920     0.269     0.000     0.630    -2.179    28.762   135.920  1023.862   735.729    31.139    10.635     0.020    67.960  2924.130  2500.498     8.400     7.546     4.769   197.612     0.000
       327   138.638     0.272     0.000     0.639    -2.181    29.184   138.638  1023.862   721.303    31.138    10.634     0.020    69.319  2923.656  2500.488     8.399     7.538     4.764   196.898     0.000
       328   141.411     0.275     0.000     0.647    -2.184    29.615   141.411  1023.861   707.159    31.138    10.634     0.020    70.705  2923.193  2500.478     8.399     7.530     4.759   196.200     0.000
       329   144.239     0.278     0.000     0.656    -2.186    30.053   144.239  1023.861   693.293    31.138    10.634     0.020    72.120  2922.738  2500.469     8.398     7.522     4.754   195.516     0.000
       330   147.124     0.281     0.000     0.665    -2.188    30.499   147.124  1023.861   679.699    31.137    10.634     0.020    73.562  2922.292  2500.460     8.398     7.514     4.749   194.848     0.000
       331   150.066     0.284     0.000     0.674    -2.190    30.954   150.066  1023.861   666.372    31.137    10.633     0.020    75.033  2921.855  2500.451     8.397     7.506     4.744   194.194     0.000
       332   153.068     0.287     0.000     0.684    -2.193    31.417   153.068  1023.860   653.305    31.137    10.633     0.020    76.534  2921.426  2500.442     8.397     7.499     4.739   193.555     0.000
       333   156.129     0.290     0.000     0.693    -2.195    31.888   156.129  1023.860   640.495    31.136    10.633     0.020    78.065  2921.006  2500.433     8.396     7.492     4.735   192.929     0.000
       334   159.252     0.293     0.000     0.703    -2.197    32.369   159.252  1023.860   627.937    31.136    10.632     0.020    79.626  2920.594  2500.425     8.396     7.484     4.730   192.317     0.000
       335   162.437     0.296     0.000     0.713    -2.200    32.858   162.437  1023.860   615.624    31.136    10.632     0.020    81.218  2920.191  2500.416     8.395     7.477     4.726   191.718     0.000
       336   165.686     0.299     0.000     0.723    -2.202    33.358   165.686  1023.860   603.553    31.135    10.632     0.020    82.843  2919.795  2500.408     8.395     7.470     4.721   191.132     0.000
       337   168.999     0.302     0.000     0.733    -2.204    33.866   168.999  1023.859   591.718    31.135    10.631     0.020    84.500  2919.407  2500.400     8.395     7.464     4.717   190.559     0.000
       338   172.379     0.305     0.000     0.744    -2.207    34.385   172.379  1023.859   580.116    31.135    10.631     0.020    86.190  2919.026  2500.392     8.394     7.457     4.713   189.998     0.000
       339   175.827     0.308     0.000     0.754    -2.209    34.914   175.827  1023.859   568.741    31.134    10.630     0.020    87.913  2918.653  2500.385     8.394     7.450     4.709   189.449     0.000
       340   179.344     0.311     0.000     0.765    -2.212    35.454   179.344  1023.859   557.589    31.134    10.630     0.020    89.672  2918.287  2500.377     8.393     7.444     4.705   188.912     0.000
       341   182.930     0.314     0.000     0.776    -2.214    36.004   182.930  1023.859   546.656    31.134    10.630     0.020    91.465  2917.929  2500.370     8.393     7.438     4.701   188.387     0.000
       342   186.589     0.318     0.000     0.787    -2.216    36.566   186.589  1023.859   535.937    31.134    10.629     0.020    93.295  2917.577  2500.363     8.393     7.432     4.697   187.872     0.000
       343   190.321     0.321     0.000     0.799    -2.219    37.139   190.321  1023.859   525.428    31.133    10.629     0.020    95.160  2917.232  2500.355     8.392     7.426     4.693   187.369     0.000
       344   194.127     0.324     0.000     0.811    -2.221    37.725   194.127  1023.858   515.126    31.133    10.629     0.020    97.064  2916.895  2500.348     8.392     7.420     4.689   186.876     0.000
       345   198.010     0.327     0.000     0.823    -2.224    38.323   198.010  1023.858   505.025    31.133    10.628     0.020    99.005  2916.563  2500.342     8.391     7.414     4.685   186.394     0.000
       346   201.970     0.331     0.000     0.835    -2.227    38.933   201.970  1023.858   495.123    31.133    10.628     0.020   100.985  2916.239  2500.335     8.391     7.408     4.682   185.922     0.000
       347   206.009     0.334     0.000     0.848    -2.229    39.557   206.009  1023.858   485.415    31.133    10.627     0.020   103.005  2915.920  2500.328     8.391     7.403     4.678   185.460     0.000
       348   210.130     0.338     0.000     0.861    -2.232    40.195   210.130  1023.858   475.897    31.132    10.627     0.020   105.065  2915.608  2500.322     8.390     7.397     4.675   185.007     0.000
       349   214.332     0.341     0.000     0.874    -2.234    40.848   214.332  1023.858   466.565    31.132    10.626     0.020   107.166  2915.302  2500.316     8.390     7.392     4.672   184.565     0.000
       350   218.619     0.345     0.000     0.887    -2.237    41.515   218.619  1023.858   457.417    31.132    10.626     0.020   109.309  2915.002  2500.309     8.390     7.387     4.668   184.131     0.000
       351   222.991     0.348     0.000     0.901    -2.240    42.198   222.991  1023.858   448.448    31.132    10.626     0.020   111.496  2914.708  2500.303     8.389     7.382     4.665   183.707     0.000
       352   227.451     0.352     0.000     0.915    -2.242    42.897   227.451  1023.858   439.655    31.132    10.625     0.020   113.726  2914.419  2500.297     8.389     7.377     4.662   183.291     0.000
       353   232.000     0.355     0.000     0.929    -2.245    43.613   232.000  1023.858   431.034    31.131    10.625     0.020   116.000  2914.137  2500.292     8.389     7.372     4.659   182.885     0.000
       354   236.640     0.359     0.000     0.944    -2.248    44.347   236.640  1023.858   422.582    31.131    10.624     0.020   118.320  2913.859  2500.286     8.388     7.367     4.656   182.487     0.000
       355   241.373     0.363     0.000     0.959    -2.251    45.099   241.373  1023.858   414.296    31.131    10.624     0.020   120.687  2913.588  2500.280     8.388     7.362     4.653   182.097     0.000
       356   246.201     0.366     0.000     0.975    -2.253    45.870   246.201  1023.858   406.173    31.131    10.623     0.020   123.100  2913.321  2500.275     8.388     7.357     4.650   181.715     0.000
       357   251.125     0.370     0.000     0.991    -2.256    46.661   251.125  1023.858   398.209    31.131    10.623     0.020   125.562  2913.060  2500.269     8.387     7.353     4.647   181.341     0.000
       358   256.147     0.374     0.000     1.007    -2.259    47.474   256.147  1023.858   390.401    31.131    10.622     0.020   128.074  2912.804  2500.264     8.387     7.348     4.644   180.975     0.000
---------------------------- Plume traps -----------------------------
       359   261.270     0.378     0.000     1.024    -2.262    48.309   261.270  1023.858   382.746    31.131    10.622     0.020   130.635  2912.553  2500.259     8.387     7.344     4.641   180.617     0.000
       360   266.495     0.382     0.000     1.041    -2.265    49.168   266.495  1023.858   375.241    31.131    10.622     0.020   133.248  2912.307  2500.254     8.387     7.340     4.638   180.266     0.000
       361   271.825     0.386     0.000     1.059    -2.268    50.052   271.825  1023.858   367.883    31.131    10.621     0.020   135.913  2912.065  2500.249     8.386     7.336     4.636   179.922     0.000
       362   277.262     0.390     0.000     1.077    -2.271    50.962   277.262  1023.858   360.670    31.130    10.621     0.020   138.631  2911.829  2500.244     8.386     7.331     4.633   179.585     0.000
       363   282.807     0.394     0.000     1.096    -2.273    51.901   282.807  1023.858   353.598    31.130    10.620     0.020   141.404  2911.597  2500.239     8.386     7.327     4.631   179.256     0.000
       364   288.463     0.398     0.000     1.116    -2.276    52.869   288.463  1023.858   346.665    31.130    10.620     0.020   144.232  2911.370  2500.234     8.385     7.323     4.628   178.933     0.000
       365   294.232     0.402     0.000     1.136    -2.279    53.870   294.232  1023.858   339.867    31.130    10.619     0.020   147.116  2911.147  2500.230     8.385     7.319     4.626   178.617     0.000
       366   300.117     0.406     0.000     1.156    -2.282    54.904   300.117  1023.858   333.203    31.130    10.619     0.020   150.059  2910.928  2500.225     8.385     7.316     4.623   178.307     0.000
       367   306.119     0.410     0.000     1.178    -2.285    55.976   306.119  1023.858   326.670    31.130    10.618     0.020   153.060  2910.714  2500.221     8.385     7.312     4.621   178.004     0.000
       368   312.242     0.414     0.000     1.200    -2.288    57.087   312.242  1023.858   320.265    31.130    10.617     0.020   156.121  2910.504  2500.217     8.385     7.308     4.619   177.707     0.000
       369   318.487     0.419     0.000     1.224    -2.291    58.242   318.487  1023.858   313.985    31.130    10.617     0.020   159.243  2910.298  2500.212     8.384     7.305     4.616   177.416     0.000
       370   324.856     0.423     0.000     1.248    -2.294    59.444   324.856  1023.858   307.828    31.130    10.616     0.020   162.428  2910.096  2500.208     8.384     7.301     4.614   177.131     0.000
       371   331.353     0.427     0.000     1.273    -2.297    60.698   331.353  1023.858   301.793    31.130    10.616     0.020   165.677  2909.898  2500.204     8.384     7.298     4.612   176.851     0.000
       372   337.980     0.432     0.000     1.299    -2.300    62.008   337.980  1023.858   295.875    31.130    10.615     0.020   168.990  2909.704  2500.200     8.384     7.294     4.610   176.578     0.000
       373   344.740     0.436     0.000     1.327    -2.304    63.383   344.740  1023.858   290.074    31.130    10.615     0.020   172.370  2909.514  2500.196     8.383     7.291     4.608   176.310     0.000
       374   351.635     0.441     0.000     1.356    -2.307    64.829   351.635  1023.858   284.386    31.130    10.614     0.020   175.817  2909.327  2500.192     8.383     7.288     4.605   176.047     0.000
       375   358.667     0.445     0.000     1.386    -2.310    66.356   358.667  1023.859   278.810    31.130    10.614     0.020   179.334  2909.144  2500.189     8.383     7.284     4.603   175.790     0.000
       376   365.841     0.450     0.000     1.419    -2.313    67.975   365.841  1023.859   273.343    31.130    10.613     0.020   182.920  2908.965  2500.185     8.383     7.281     4.601   175.538     0.000
       377   373.157     0.454     0.000     1.454    -2.316    69.703   373.157  1023.859   267.983    31.130    10.613     0.020   186.579  2908.789  2500.181     8.383     7.278     4.600   175.291     0.000
       378   380.621     0.459     0.000     1.491    -2.319    71.557   380.621  1023.859   262.729    31.130    10.612     0.020   190.310  2908.617  2500.178     8.382     7.275     4.598   175.049     0.000
       379   387.907     0.464     0.000     1.530    -2.322    73.480   387.907  1023.859   257.794    31.130    10.611     0.020   193.953  2908.455  2500.174     8.382     7.272     4.596   174.822     0.000
       380   394.727     0.468     0.000     1.568    -2.324    75.407   394.727  1023.859   253.340    31.130    10.611     0.020   197.363  2908.309  2500.171     8.382     7.270     4.594   174.618     0.000
       381   401.035     0.472     0.000     1.607    -2.327    77.334   401.035  1023.859   249.355    31.130    10.610     0.020   200.518  2908.178  2500.169     8.382     7.268     4.593   174.435     0.000
       382   406.801     0.475     0.000     1.646    -2.329    79.259   406.801  1023.859   245.820    31.130    10.610     0.020   203.400  2908.062  2500.166     8.382     7.266     4.591   174.272     0.000
       383   412.007     0.478     0.000     1.684    -2.330    81.182   412.007  1023.859   242.714    31.130    10.610     0.020   206.004  2907.960  2500.164     8.382     7.264     4.590   174.130     0.000
       384   416.640     0.481     0.000     1.723    -2.332    83.104   416.640  1023.859   240.015    31.130    10.609     0.020   208.320  2907.872  2500.162     8.382     7.262     4.589   174.006     0.000
       385   420.689     0.483     0.000     1.761    -2.333    85.025   420.689  1023.860   237.705    31.130    10.609     0.020   210.344  2907.796  2500.161     8.381     7.261     4.588   173.900     0.000
       386   424.143     0.485     0.000     1.800    -2.334    86.945   424.143  1023.860   235.769    31.130    10.609     0.020   212.072  2907.733  2500.159     8.381     7.260     4.588   173.811     0.000
       387   426.996     0.487     0.000     1.838    -2.335    88.864   426.996  1023.860   234.194    31.130    10.609     0.020   213.498  2907.681  2500.158     8.381     7.259     4.587   173.739     0.000
       388   429.239     0.488     0.000     1.877    -2.335    90.784   429.239  1023.860   232.971    31.130    10.608     0.020   214.619  2907.641  2500.158     8.381     7.258     4.587   173.683     0.000
       389   430.867     0.489     0.000     1.915    -2.335    92.703   430.867  1023.860   232.090    31.130    10.608     0.020   215.434  2907.612  2500.157     8.381     7.258     4.586   173.643     0.000
---------------------- Local maximum rise or fall --------------------
       390   431.879     0.490     0.000     1.954    -2.335    94.623   431.879  1023.860   231.546    31.130    10.608     0.020   215.939  2907.594  2500.157     8.381     7.257     4.586   173.618     0.000
       391   432.564     0.490     0.000     1.992    -2.335    96.543   432.564  1023.860   231.180    31.130    10.608     0.020   216.282  2907.582  2500.156     8.381     7.257     4.586   173.601     0.000
       392   433.375     0.491     0.000     2.031    -2.334    98.465   433.375  1023.860   230.747    31.130    10.608     0.020   216.688  2907.568  2500.156     8.381     7.257     4.586   173.581     0.000
       393   434.547     0.491     0.000     2.070    -2.333   100.400   434.547  1023.860   230.125    31.130    10.608     0.020   217.274  2907.547  2500.156     8.381     7.256     4.586   173.553     0.000
       394   436.211     0.492     0.000     2.109    -2.332   102.361   436.211  1023.860   229.247    31.130    10.608     0.020   218.106  2907.519  2500.155     8.381     7.256     4.585   173.513     0.000
       395   438.459     0.494     0.000     2.149    -2.330   104.364   438.459  1023.860   228.072    31.130    10.608     0.020   219.229  2907.480  2500.154     8.381     7.255     4.585   173.459     0.000
       396   441.372     0.495     0.000     2.191    -2.328   106.431   441.372  1023.860   226.566    31.130    10.608     0.020   220.686  2907.431  2500.153     8.381     7.254     4.584   173.390     0.000
       397   445.047     0.497     0.000     2.234    -2.326   108.585   445.047  1023.860   224.695    31.130    10.607     0.020   222.523  2907.369  2500.152     8.381     7.253     4.584   173.305     0.000
       398   449.607     0.500     0.000     2.280    -2.324   110.856   449.607  1023.860   222.416    31.131    10.607     0.020   224.804  2907.295  2500.150     8.381     7.252     4.583   173.201     0.000
       399   455.226     0.503     0.000     2.328    -2.320   113.285   455.226  1023.860   219.671    31.131    10.607     0.020   227.613  2907.205  2500.149     8.381     7.250     4.582   173.076     0.000
       400   462.155     0.506     0.000     2.381    -2.317   115.927   462.155  1023.860   216.377    31.131    10.606     0.020   231.078  2907.097  2500.146     8.381     7.249     4.581   172.926     0.000
       401   470.786     0.511     0.000     2.440    -2.312   118.866   470.786  1023.860   212.411    31.131    10.606     0.020   235.393  2906.966  2500.144     8.381     7.246     4.579   172.746     0.000
       402   480.202     0.516     0.000     2.498    -2.307   121.759   480.202  1023.860   208.246    31.131    10.605     0.020   240.101  2906.830  2500.141     8.380     7.244     4.578   172.557     0.000
       403   489.806     0.521     0.000     2.553    -2.303   124.466   489.806  1023.860   204.162    31.131    10.605     0.020   244.903  2906.696  2500.138     8.380     7.242     4.576   172.372     0.000
       404   499.602     0.526     0.000     2.604    -2.298   127.041   499.602  1023.861   200.159    31.131    10.605     0.020   249.801  2906.565  2500.135     8.380     7.239     4.575   172.191     0.000
       405   509.594     0.531     0.000     2.654    -2.294   129.527   509.594  1023.861   196.235    31.131    10.604     0.020   254.797  2906.436  2500.133     8.380     7.237     4.573   172.013     0.000
       406   519.786     0.537     0.000     2.703    -2.289   131.956   519.786  1023.861   192.387    31.131    10.604     0.020   259.893  2906.310  2500.130     8.380     7.235     4.572   171.839     0.000
       407   530.182     0.542     0.000     2.751    -2.285   134.356   530.182  1023.861   188.615    31.131    10.604     0.020   265.091  2906.186  2500.128     8.380     7.233     4.571   171.669     0.000
       408   540.785     0.547     0.000     2.799    -2.281   136.748   540.785  1023.861   184.916    31.131    10.603     0.020   270.393  2906.065  2500.125     8.379     7.231     4.569   171.502     0.000
       409   551.601     0.553     0.000     2.847    -2.276   139.154   551.601  1023.861   181.290    31.131    10.603     0.020   275.800  2905.946  2500.123     8.379     7.229     4.568   171.339     0.000
---------------------------- Plume traps -----------------------------
       410   562.633     0.558     0.000     2.896    -2.272   141.590   562.633  1023.861   177.736    31.130    10.603     0.020   281.316  2905.829  2500.120     8.379     7.227     4.567   171.180     0.000
-------------------- Starting Farfield Calculations --------------------
Note: Plumes not merged, Brooks method may be overly conservative
Farfield dispersion based on wastefield width of :      48.56 (m)
4/3 Power Law based Eddy Diffusivity is used:
  Dilution     Width  Distance      Time    Bckgrd     Conc.        TA       DIC        pH    OmegaC    OmegaA
        ()       (m)       (m)    (hrs.)    (mg/L)    (mg/L) (mmol/m3) (mmol/m3)   (total)        ()        ()
   562.633    50.430     2.896     0.039     0.000   177.736  2905.829  2500.120     8.379     7.227     4.567
   562.633    50.499     3.000     0.041     0.000   178.276  2905.829  2500.120     8.379     7.227     4.567
   562.633    51.166     4.000     0.055     0.000   178.276  2905.829  2500.120     8.379     7.227     4.567
   562.635    51.835     5.000     0.069     0.000   178.276  2905.829  2500.120     8.379     7.227     4.567
   562.647    52.508     6.000     0.082     0.000   178.272  2905.825  2500.120     8.379     7.227     4.567
   562.692    53.184     7.000     0.096     0.000   178.272  2905.825  2500.120     8.379     7.227     4.567
   562.806    53.862     8.000     0.110     0.000   178.272  2905.825  2500.120     8.379     7.227     4.567
   563.032    54.543     9.000     0.124     0.000   178.160  2905.808  2500.120     8.379     7.227     4.567
   563.416    55.227    10.000     0.138     0.000   178.160  2905.808  2500.120     8.379     7.227     4.567
   563.994    55.914    11.000     0.152     0.000   178.160  2905.808  2500.120     8.379     7.227     4.567
   564.798    56.604    12.000     0.166     0.000   177.627  2905.769  2500.119     8.379     7.226     4.566
   565.849    57.296    13.000     0.180     0.000   177.627  2905.769  2500.119     8.379     7.226     4.566
   567.159    57.992    14.000     0.194     0.000   177.627  2905.769  2500.119     8.379     7.226     4.566
   568.733    58.690    15.000     0.207     0.000   176.429  2905.706  2500.118     8.379     7.225     4.566
   570.570    59.391    16.000     0.221     0.000   176.429  2905.706  2500.118     8.379     7.225     4.566
   572.665    60.094    17.000     0.235     0.000   176.429  2905.706  2500.118     8.379     7.225     4.566
   575.011    60.801    18.000     0.249     0.000   174.533  2905.623  2500.116     8.379     7.223     4.565
   577.597    61.510    19.000     0.263     0.000   174.533  2905.623  2500.116     8.379     7.223     4.565
   580.413    62.222    20.000     0.277     0.000   174.533  2905.623  2500.116     8.379     7.223     4.565
   583.447    62.936    21.000     0.291     0.000   172.037  2905.522  2500.114     8.379     7.222     4.564
   586.686    63.654    22.000     0.305     0.000   172.037  2905.522  2500.114     8.379     7.222     4.564
   590.120    64.374    23.000     0.319     0.000   172.037  2905.522  2500.114     8.379     7.222     4.564
   593.737    65.097    24.000     0.332     0.000   169.076  2905.409  2500.112     8.379     7.220     4.562
   597.526    65.822    25.000     0.346     0.000   169.076  2905.409  2500.112     8.379     7.220     4.562
   601.477    66.550    26.000     0.360     0.000   169.076  2905.409  2500.112     8.379     7.220     4.562
   605.580    67.281    27.000     0.374     0.000   165.787  2905.286  2500.109     8.379     7.217     4.561
   609.827    68.014    28.000     0.388     0.000   165.787  2905.286  2500.109     8.379     7.217     4.561
   614.207    68.750    29.000     0.402     0.000   165.787  2905.286  2500.109     8.379     7.217     4.561
   618.715    69.489    30.000     0.416     0.000   162.280  2905.157  2500.106     8.378     7.215     4.560
   623.341    70.230    31.000     0.430     0.000   162.280  2905.157  2500.106     8.378     7.215     4.560
   628.081    70.974    32.000     0.444     0.000   162.280  2905.157  2500.106     8.378     7.215     4.560
   632.926    71.721    33.000     0.457     0.000   158.646  2905.022  2500.104     8.378     7.213     4.558
   637.872    72.470    34.000     0.471     0.000   158.646  2905.022  2500.104     8.378     7.213     4.558
   642.913    73.222    35.000     0.485     0.000   158.646  2905.022  2500.104     8.378     7.213     4.558
   648.044    73.976    36.000     0.499     0.000   154.952  2904.885  2500.101     8.378     7.210     4.557
   653.260    74.733    37.000     0.513     0.000   154.952  2904.885  2500.101     8.378     7.210     4.557
   658.558    75.492    38.000     0.527     0.000   154.952  2904.885  2500.101     8.378     7.210     4.557
   663.933    76.255    39.000     0.541     0.000   151.248  2904.745  2500.098     8.378     7.208     4.555
   669.381    77.019    40.000     0.555     0.000   151.248  2904.745  2500.098     8.378     7.208     4.555
   674.900    77.786    41.000     0.569     0.000   151.248  2904.745  2500.098     8.378     7.208     4.555
   680.486    78.556    42.000     0.582     0.000   147.572  2904.605  2500.095     8.378     7.206     4.553
   686.136    79.328    43.000     0.596     0.000   147.572  2904.605  2500.095     8.378     7.206     4.553
   691.847    80.103    44.000     0.610     0.000   147.572  2904.605  2500.095     8.378     7.206     4.553
   697.617    80.880    45.000     0.624     0.000   143.950  2904.465  2500.092     8.378     7.203     4.552
   703.444    81.660    46.000     0.638     0.000   143.950  2904.465  2500.092     8.378     7.203     4.552
   709.325    82.442    47.000     0.652     0.000   143.950  2904.465  2500.092     8.378     7.203     4.552
   715.259    83.226    48.000     0.666     0.000   140.401  2904.326  2500.089     8.377     7.201     4.550
   721.243    84.013    49.000     0.680     0.000   140.401  2904.326  2500.089     8.377     7.201     4.550
   727.276    84.803    50.000     0.694     0.000   140.401  2904.326  2500.089     8.377     7.201     4.550
   733.356    85.595    51.000     0.707     0.000   136.937  2904.189  2500.086     8.377     7.198     4.549
   739.481    86.390    52.000     0.721     0.000   136.937  2904.189  2500.086     8.377     7.198     4.549
   745.651    87.187    53.000     0.735     0.000   136.937  2904.189  2500.086     8.377     7.198     4.549
   751.863    87.986    54.000     0.749     0.000   133.566  2904.053  2500.084     8.377     7.196     4.547
   758.117    88.788    55.000     0.763     0.000   133.566  2904.053  2500.084     8.377     7.196     4.547
   764.411    89.592    56.000     0.777     0.000   133.566  2904.053  2500.084     8.377     7.196     4.547
   770.744    90.399    57.000     0.791     0.000   130.294  2903.919  2500.081     8.377     7.194     4.546
   777.115    91.208    58.000     0.805     0.000   130.294  2903.919  2500.081     8.377     7.194     4.546
   783.524    92.019    59.000     0.819     0.000   130.294  2903.919  2500.081     8.377     7.194     4.546
   789.968    92.833    60.000     0.832     0.000   127.122  2903.788  2500.078     8.377     7.191     4.544
   796.448    93.649    61.000     0.846     0.000   127.122  2903.788  2500.078     8.377     7.191     4.544
   802.963    94.468    62.000     0.860     0.000   127.122  2903.788  2500.078     8.377     7.191     4.544
   809.511    95.289    63.000     0.874     0.000   124.052  2903.659  2500.075     8.377     7.189     4.543
   816.092    96.112    64.000     0.888     0.000   124.052  2903.659  2500.075     8.377     7.189     4.543
   822.706    96.938    65.000     0.902     0.000   124.052  2903.659  2500.075     8.377     7.189     4.543
   829.351    97.766    66.000     0.916     0.000   121.084  2903.533  2500.073     8.377     7.187     4.542
   836.027    98.596    67.000     0.930     0.000   121.084  2903.533  2500.073     8.377     7.187     4.542
   842.733    99.429    68.000     0.944     0.000   121.084  2903.533  2500.073     8.377     7.187     4.542
   849.470   100.264    69.000     0.957     0.000   118.215  2903.409  2500.070     8.376     7.185     4.540
   856.235   101.101    70.000     0.971     0.000   118.215  2903.409  2500.070     8.376     7.185     4.540
   863.030   101.941    71.000     0.985     0.000   118.215  2903.409  2500.070     8.376     7.185     4.540
   869.853   102.783    72.000     0.999     0.000   115.443  2903.289  2500.068     8.376     7.183     4.539
   876.704   103.627    73.000     1.013     0.000   115.443  2903.289  2500.068     8.376     7.183     4.539
   883.582   104.474    74.000     1.027     0.000   115.443  2903.289  2500.068     8.376     7.183     4.539
   890.487   105.323    75.000     1.041     0.000   112.767  2903.171  2500.065     8.376     7.181     4.538
   897.419   106.174    76.000     1.055     0.000   112.767  2903.171  2500.065     8.376     7.181     4.538
   904.377   107.028    77.000     1.069     0.000   112.767  2903.171  2500.065     8.376     7.181     4.538
   911.361   107.883    78.000     1.082     0.000   110.183  2903.056  2500.063     8.376     7.179     4.536
   918.371   108.741    79.000     1.096     0.000   110.183  2903.056  2500.063     8.376     7.179     4.536
   925.406   109.602    80.000     1.110     0.000   110.183  2903.056  2500.063     8.376     7.179     4.536
   932.466   110.464    81.000     1.124     0.000   107.688  2902.945  2500.061     8.376     7.177     4.535
   939.550   111.329    82.000     1.138     0.000   107.688  2902.945  2500.061     8.376     7.177     4.535
   946.659   112.196    83.000     1.152     0.000   107.688  2902.945  2500.061     8.376     7.177     4.535
   953.792   113.065    84.000     1.166     0.000   105.279  2902.836  2500.058     8.376     7.175     4.534
   960.949   113.937    85.000     1.180     0.000   105.279  2902.836  2500.058     8.376     7.175     4.534
   968.129   114.810    86.000     1.194     0.000   105.279  2902.836  2500.058     8.376     7.175     4.534
   975.333   115.686    87.000     1.207     0.000   102.953  2902.731  2500.056     8.376     7.173     4.533
   982.559   116.565    88.000     1.221     0.000   102.953  2902.731  2500.056     8.376     7.173     4.533
   989.809   117.445    89.000     1.235     0.000   102.953  2902.731  2500.056     8.376     7.173     4.533
   997.081   118.328    90.000     1.249     0.000   100.706  2902.628  2500.054     8.376     7.171     4.532
  1004.376   119.212    91.000     1.263     0.000   100.706  2902.628  2500.054     8.376     7.171     4.532
  1011.693   120.099    92.000     1.277     0.000   100.706  2902.628  2500.054     8.376     7.171     4.532
  1019.032   120.989    93.000     1.291     0.000    98.536  2902.529  2500.052     8.375     7.169     4.531
  1026.393   121.880    94.000     1.305     0.000    98.536  2902.529  2500.052     8.375     7.169     4.531
  1033.775   122.773    95.000     1.319     0.000    98.536  2902.529  2500.052     8.375     7.169     4.531
  1041.179   123.669    96.000     1.332     0.000    96.438  2902.432  2500.050     8.375     7.168     4.530
  1048.605   124.567    97.000     1.346     0.000    96.438  2902.432  2500.050     8.375     7.168     4.530
  1056.051   125.467    98.000     1.360     0.000    96.438  2902.432  2500.050     8.375     7.168     4.530
  1063.519   126.369    99.000     1.374     0.000    94.412  2902.339  2500.048     8.375     7.166     4.529
  1071.007   127.274   100.000     1.388     0.000    94.412  2902.339  2500.048     8.375     7.166     4.529
  1078.517   128.180   101.000     1.402     0.000    94.412  2902.339  2500.048     8.375     7.166     4.529
  1086.047   129.089   102.000     1.416     0.000    92.452  2902.248  2500.046     8.375     7.165     4.528
  1093.597   130.000   103.000     1.430     0.000    92.452  2902.248  2500.046     8.375     7.165     4.528
  1101.168   130.912   104.000     1.444     0.000    92.452  2902.248  2500.046     8.375     7.165     4.528
  1108.759   131.827   105.000     1.457     0.000    90.557  2902.160  2500.045     8.375     7.163     4.527
  1116.370   132.745   106.000     1.471     0.000    90.557  2902.160  2500.045     8.375     7.163     4.527
  1124.000   133.664   107.000     1.485     0.000    90.557  2902.160  2500.045     8.375     7.163     4.527
  1131.651   134.585   108.000     1.499     0.000    88.725  2902.075  2500.043     8.375     7.162     4.526
  1139.322   135.509   109.000     1.513     0.000    88.725  2902.075  2500.043     8.375     7.162     4.526
  1147.012   136.434   110.000     1.527     0.000    88.725  2902.075  2500.043     8.375     7.162     4.526
  1154.722   137.362   111.000     1.541     0.000    86.951  2901.993  2500.041     8.375     7.160     4.525
  1162.451   138.292   112.000     1.555     0.000    86.951  2901.993  2500.041     8.375     7.160     4.525
  1170.199   139.224   113.000     1.569     0.000    86.951  2901.993  2500.041     8.375     7.160     4.525
  1177.967   140.158   114.000     1.582     0.000    85.234  2901.913  2500.039     8.375     7.159     4.524
  1185.754   141.094   115.000     1.596     0.000    85.234  2901.913  2500.039     8.375     7.159     4.524
  1193.559   142.032   116.000     1.610     0.000    85.234  2901.913  2500.039     8.375     7.159     4.524
  1201.384   142.972   117.000     1.624     0.000    83.572  2901.836  2500.038     8.375     7.157     4.523
  1209.228   143.914   118.000     1.638     0.000    83.572  2901.836  2500.038     8.375     7.157     4.523
  1217.090   144.859   119.000     1.652     0.000    83.572  2901.836  2500.038     8.375     7.157     4.523
  1224.971   145.805   120.000     1.666     0.000    81.962  2901.762  2500.036     8.375     7.156     4.522
  1232.870   146.753   121.000     1.680     0.000    81.962  2901.762  2500.036     8.375     7.156     4.522
  1240.789   147.704   122.000     1.694     0.000    81.962  2901.762  2500.036     8.375     7.156     4.522
  1248.725   148.656   123.000     1.707     0.000    80.402  2901.690  2500.035     8.374     7.155     4.521
  1256.680   149.611   124.000     1.721     0.000    80.402  2901.690  2500.035     8.374     7.155     4.521
  1264.653   150.567   125.000     1.735     0.000    80.402  2901.690  2500.035     8.374     7.155     4.521
  1272.644   151.526   126.000     1.749     0.000    78.891  2901.621  2500.033     8.374     7.154     4.521
  1280.654   152.487   127.000     1.763     0.000    78.891  2901.621  2500.033     8.374     7.154     4.521
  1288.682   153.449   128.000     1.777     0.000    78.891  2901.621  2500.033     8.374     7.154     4.521
  1296.727   154.414   129.000     1.791     0.000    77.425  2901.554  2500.032     8.374     7.153     4.520
  1304.791   155.381   130.000     1.805     0.000    77.425  2901.554  2500.032     8.374     7.153     4.520
  1312.872   156.349   131.000     1.819     0.000    77.425  2901.554  2500.032     8.374     7.153     4.520
  1320.971   157.320   132.000     1.832     0.000    76.003  2901.489  2500.031     8.374     7.151     4.519
  1329.088   158.293   133.000     1.846     0.000    76.003  2901.489  2500.031     8.374     7.151     4.519
  1337.223   159.268   134.000     1.860     0.000    76.003  2901.489  2500.031     8.374     7.151     4.519
  1345.375   160.244   135.000     1.874     0.000    74.624  2901.427  2500.029     8.374     7.150     4.519
  1353.544   161.223   136.000     1.888     0.000    74.624  2901.427  2500.029     8.374     7.150     4.519
  1361.732   162.204   137.000     1.902     0.000    74.624  2901.427  2500.029     8.374     7.150     4.519
  1369.936   163.186   138.000     1.916     0.000    73.285  2901.367  2500.028     8.374     7.149     4.518
  1378.158   164.171   139.000     1.930     0.000    73.285  2901.367  2500.028     8.374     7.149     4.518
  1386.398   165.157   140.000     1.944     0.000    73.285  2901.367  2500.028     8.374     7.149     4.518
  1394.654   166.146   141.000     1.957     0.000    71.986  2901.309  2500.027     8.374     7.148     4.517
  1402.928   167.137   142.000     1.971     0.000    71.986  2901.309  2500.027     8.374     7.148     4.517
  1411.219   168.129   143.000     1.985     0.000    71.986  2901.309  2500.027     8.374     7.148     4.517
  1419.527   169.123   144.000     1.999     0.000    70.724  2901.253  2500.026     8.374     7.147     4.517
  1427.852   170.120   145.000     2.013     0.000    70.724  2901.253  2500.026     8.374     7.147     4.517
  1436.194   171.118   146.000     2.027     0.000    70.724  2901.253  2500.026     8.374     7.147     4.517
  1444.553   172.118   147.000     2.041     0.000    69.498  2901.200  2500.025     8.374     7.146     4.516
  1452.929   173.121   148.000     2.055     0.000    69.498  2901.200  2500.025     8.374     7.146     4.516
  1461.322   174.125   149.000     2.069     0.000    69.498  2901.200  2500.025     8.374     7.146     4.516
  1469.732   175.131   150.000     2.082     0.000    68.307  2901.148  2500.024     8.374     7.145     4.515
  1478.158   176.139   151.000     2.096     0.000    68.307  2901.148  2500.024     8.374     7.145     4.515
  1486.601   177.149   152.000     2.110     0.000    68.307  2901.148  2500.024     8.374     7.145     4.515
  1495.061   178.161   153.000     2.124     0.000    67.150  2901.098  2500.023     8.374     7.145     4.515
  1503.537   179.175   154.000     2.138     0.000    67.150  2901.098  2500.023     8.374     7.145     4.515
  1512.030   180.190   155.000     2.152     0.000    67.150  2901.098  2500.023     8.374     7.145     4.515
  1520.540   181.208   156.000     2.166     0.000    66.024  2901.051  2500.022     8.374     7.144     4.514
  1529.066   182.228   157.000     2.180     0.000    66.024  2901.051  2500.022     8.374     7.144     4.514
  1537.608   183.249   158.000     2.194     0.000    66.024  2901.051  2500.022     8.374     7.144     4.514
  1546.167   184.272   159.000     2.207     0.000    64.929  2901.005  2500.021     8.374     7.143     4.514
  1554.742   185.298   160.000     2.221     0.000    64.929  2901.005  2500.021     8.374     7.143     4.514
  1563.334   186.325   161.000     2.235     0.000    64.929  2901.005  2500.021     8.374     7.143     4.514
  1571.941   187.354   162.000     2.249     0.000    63.864  2900.960  2500.020     8.374     7.142     4.513
  1580.565   188.385   163.000     2.263     0.000    63.864  2900.960  2500.020     8.374     7.142     4.513
  1589.206   189.418   164.000     2.277     0.000    63.864  2900.960  2500.020     8.374     7.142     4.513
  1597.862   190.452   165.000     2.291     0.000    62.828  2900.918  2500.019     8.374     7.141     4.513
  1606.535   191.489   166.000     2.305     0.000    62.828  2900.918  2500.019     8.374     7.141     4.513
  1615.223   192.527   167.000     2.319     0.000    62.828  2900.918  2500.019     8.374     7.141     4.513
  1623.928   193.567   168.000     2.332     0.000    61.819  2900.877  2500.018     8.374     7.141     4.512
  1632.649   194.610   169.000     2.346     0.000    61.819  2900.877  2500.018     8.374     7.141     4.512
  1641.385   195.654   170.000     2.360     0.000    61.819  2900.877  2500.018     8.374     7.141     4.512
  1650.138   196.700   171.000     2.374     0.000    60.837  2900.838  2500.017     8.373     7.140     4.512
  1658.906   197.747   172.000     2.388     0.000    60.837  2900.838  2500.017     8.373     7.140     4.512
  1667.691   198.797   173.000     2.402     0.000    60.837  2900.838  2500.017     8.373     7.140     4.512
  1676.491   199.848   174.000     2.416     0.000    59.880  2900.800  2500.017     8.373     7.139     4.512
  1685.307   200.902   175.000     2.430     0.000    59.880  2900.800  2500.017     8.373     7.139     4.512
  1694.139   201.957   176.000     2.444     0.000    59.880  2900.800  2500.017     8.373     7.139     4.512
  1702.986   203.014   177.000     2.457     0.000    58.948  2900.764  2500.016     8.373     7.139     4.511
  1711.849   204.073   178.000     2.471     0.000    58.948  2900.764  2500.016     8.373     7.139     4.511
  1720.728   205.133   179.000     2.485     0.000    58.948  2900.764  2500.016     8.373     7.139     4.511
  1729.623   206.196   180.000     2.499     0.000    58.040  2900.729  2500.015     8.373     7.138     4.511
  1738.533   207.260   181.000     2.513     0.000    58.040  2900.729  2500.015     8.373     7.138     4.511
  1747.458   208.326   182.000     2.527     0.000    58.040  2900.729  2500.015     8.373     7.138     4.511
  1756.400   209.394   183.000     2.541     0.000    57.155  2900.696  2500.014     8.373     7.138     4.510
  1765.356   210.464   184.000     2.555     0.000    57.155  2900.696  2500.014     8.373     7.138     4.510
  1774.328   211.536   185.000     2.569     0.000    57.155  2900.696  2500.014     8.373     7.138     4.510
  1783.316   212.609   186.000     2.582     0.000    56.292  2900.664  2500.014     8.373     7.137     4.510
  1792.319   213.684   187.000     2.596     0.000    56.292  2900.664  2500.014     8.373     7.137     4.510
  1801.337   214.761   188.000     2.610     0.000    56.292  2900.664  2500.014     8.373     7.137     4.510
  1810.371   215.840   189.000     2.624     0.000    55.451  2900.634  2500.013     8.373     7.137     4.510
  1819.420   216.921   190.000     2.638     0.000    55.451  2900.634  2500.013     8.373     7.137     4.510
  1828.484   218.003   191.000     2.652     0.000    55.451  2900.634  2500.013     8.373     7.137     4.510
  1837.564   219.087   192.000     2.666     0.000    54.630  2900.604  2500.012     8.373     7.136     4.509
  1846.659   220.173   193.000     2.680     0.000    54.630  2900.604  2500.012     8.373     7.136     4.509
  1855.769   221.261   194.000     2.694     0.000    54.630  2900.604  2500.012     8.373     7.136     4.509
  1864.894   222.351   195.000     2.707     0.000    53.829  2900.576  2500.012     8.373     7.136     4.509
  1874.034   223.442   196.000     2.721     0.000    53.829  2900.576  2500.012     8.373     7.136     4.509
  1883.189   224.535   197.000     2.735     0.000    53.829  2900.576  2500.012     8.373     7.136     4.509
  1892.360   225.630   198.000     2.749     0.000    53.048  2900.549  2500.011     8.373     7.135     4.509
  1901.545   226.727   199.000     2.763     0.000    53.048  2900.549  2500.011     8.373     7.135     4.509
  1910.746   227.825   200.000     2.777     0.000    53.048  2900.549  2500.011     8.373     7.135     4.509
  1919.961   228.926   201.000     2.791     0.000    52.285  2900.523  2500.011     8.373     7.135     4.509
  1929.192   230.028   202.000     2.805     0.000    52.285  2900.523  2500.011     8.373     7.135     4.509
  1938.437   231.132   203.000     2.819     0.000    52.285  2900.523  2500.011     8.373     7.135     4.509
  1947.697   232.237   204.000     2.832     0.000    51.540  2900.499  2500.010     8.373     7.134     4.508
  1956.973   233.344   205.000     2.846     0.000    51.540  2900.499  2500.010     8.373     7.134     4.508
  1966.263   234.453   206.000     2.860     0.000    51.540  2900.499  2500.010     8.373     7.134     4.508
............................. Reached Chronic Mixing Zone ..........................
  1975.568   235.564   207.000     2.874     0.000    50.813  2900.475  2500.010     8.373     7.134     4.508
  1984.887   236.677   208.000     2.888     0.000    50.813  2900.475  2500.010     8.373     7.134     4.508
  1994.222   237.791   209.000     2.902     0.000    50.813  2900.475  2500.010     8.373     7.134     4.508
  2003.571   238.907   210.000     2.916     0.000    50.102  2900.452  2500.009     8.373     7.133     4.508
  2012.935   240.025   211.000     2.930     0.000    50.102  2900.452  2500.009     8.373     7.133     4.508
  2022.314   241.144   212.000     2.944     0.000    50.102  2900.452  2500.009     8.373     7.133     4.508
  2031.707   242.266   213.000     2.957     0.000    49.408  2900.431  2500.009     8.373     7.133     4.508
  2041.115   243.389   214.000     2.971     0.000    49.408  2900.431  2500.009     8.373     7.133     4.508
  2050.538   244.513   215.000     2.985     0.000    49.408  2900.431  2500.009     8.373     7.133     4.508
  2059.975   245.640   216.000     2.999     0.000    48.730  2900.410  2500.008     8.373     7.133     4.507
  2069.427   246.768   217.000     3.013     0.000    48.730  2900.410  2500.008     8.373     7.133     4.507
  2078.893   247.898   218.000     3.027     0.000    48.730  2900.410  2500.008     8.373     7.133     4.507
  2088.374   249.029   219.000     3.041     0.000    48.067  2900.390  2500.008     8.373     7.132     4.507
  2097.870   250.163   220.000     3.055     0.000    48.067  2900.390  2500.008     8.373     7.132     4.507
  2107.380   251.298   221.000     3.069     0.000    48.067  2900.390  2500.008     8.373     7.132     4.507
  2116.904   252.434   222.000     3.082     0.000    47.419  2900.371  2500.008     8.373     7.132     4.507
  2126.443   253.573   223.000     3.096     0.000    47.419  2900.371  2500.008     8.373     7.132     4.507
  2135.996   254.713   224.000     3.110     0.000    47.419  2900.371  2500.008     8.373     7.132     4.507
  2145.564   255.855   225.000     3.124     0.000    46.786  2900.353  2500.007     8.373     7.132     4.507
  2155.146   256.998   226.000     3.138     0.000    46.786  2900.353  2500.007     8.373     7.132     4.507
  2164.742   258.144   227.000     3.152     0.000    46.786  2900.353  2500.007     8.373     7.132     4.507
  2174.352   259.291   228.000     3.166     0.000    46.166  2900.336  2500.007     8.373     7.131     4.507
  2183.977   260.439   229.000     3.180     0.000    46.166  2900.336  2500.007     8.373     7.131     4.507
  2193.617   261.590   230.000     3.194     0.000    46.166  2900.336  2500.007     8.373     7.131     4.507
  2203.270   262.742   231.000     3.207     0.000    45.560  2900.320  2500.007     8.373     7.131     4.506
  2212.938   263.895   232.000     3.221     0.000    45.560  2900.320  2500.007     8.373     7.131     4.506
  2222.619   265.051   233.000     3.235     0.000    45.560  2900.320  2500.007     8.373     7.131     4.506
  2232.315   266.208   234.000     3.249     0.000    44.967  2900.304  2500.006     8.373     7.131     4.506
  2242.026   267.367   235.000     3.263     0.000    44.967  2900.304  2500.006     8.373     7.131     4.506
  2251.750   268.527   236.000     3.277     0.000    44.967  2900.304  2500.006     8.373     7.131     4.506
  2261.488   269.689   237.000     3.291     0.000    44.387  2900.289  2500.006     8.373     7.131     4.506
  2271.241   270.853   238.000     3.305     0.000    44.387  2900.289  2500.006     8.373     7.131     4.506
  2281.008   272.018   239.000     3.319     0.000    44.387  2900.289  2500.006     8.373     7.131     4.506
  2290.788   273.186   240.000     3.332     0.000    43.819  2900.274  2500.006     8.373     7.130     4.506
  2300.583   274.354   241.000     3.346     0.000    43.819  2900.274  2500.006     8.373     7.130     4.506
  2310.392   275.525   242.000     3.360     0.000    43.819  2900.274  2500.006     8.373     7.130     4.506
  2320.214   276.697   243.000     3.374     0.000    43.263  2900.261  2500.005     8.373     7.130     4.506
  2330.051   277.871   244.000     3.388     0.000    43.263  2900.261  2500.005     8.373     7.130     4.506
  2339.902   279.046   245.000     3.402     0.000    43.263  2900.261  2500.005     8.373     7.130     4.506
  2349.766   280.223   246.000     3.416     0.000    42.719  2900.248  2500.005     8.373     7.130     4.506
  2359.645   281.402   247.000     3.430     0.000    42.719  2900.248  2500.005     8.373     7.130     4.506
  2369.537   282.582   248.000     3.444     0.000    42.719  2900.248  2500.005     8.373     7.130     4.506
  2379.443   283.764   249.000     3.457     0.000    42.186  2900.235  2500.005     8.373     7.130     4.505
  2389.363   284.948   250.000     3.471     0.000    42.186  2900.235  2500.005     8.373     7.130     4.505
  2399.297   286.133   251.000     3.485     0.000    42.186  2900.235  2500.005     8.373     7.130     4.505
  2409.245   287.320   252.000     3.499     0.000    41.664  2900.223  2500.005     8.373     7.129     4.505
  2419.206   288.509   253.000     3.513     0.000    41.664  2900.223  2500.005     8.373     7.129     4.505
  2429.181   289.699   254.000     3.527     0.000    41.664  2900.223  2500.005     8.373     7.129     4.505
  2439.170   290.891   255.000     3.541     0.000    41.153  2900.212  2500.004     8.373     7.129     4.505
  2449.173   292.084   256.000     3.555     0.000    41.153  2900.212  2500.004     8.373     7.129     4.505
  2459.189   293.279   257.000     3.569     0.000    41.153  2900.212  2500.004     8.373     7.129     4.505
  2469.219   294.476   258.000     3.582     0.000    40.652  2900.201  2500.004     8.373     7.129     4.505
  2479.263   295.674   259.000     3.596     0.000    40.652  2900.201  2500.004     8.373     7.129     4.505
  2489.320   296.874   260.000     3.610     0.000    40.652  2900.201  2500.004     8.373     7.129     4.505
  2499.391   298.076   261.000     3.624     0.000    40.161  2900.191  2500.004     8.373     7.129     4.505
  2509.476   299.279   262.000     3.638     0.000    40.161  2900.191  2500.004     8.373     7.129     4.505
  2519.574   300.484   263.000     3.652     0.000    40.161  2900.191  2500.004     8.373     7.129     4.505
  2529.686   301.690   264.000     3.666     0.000    39.680  2900.181  2500.004     8.373     7.129     4.505
  2539.811   302.898   265.000     3.680     0.000    39.680  2900.181  2500.004     8.373     7.129     4.505
  2549.950   304.108   266.000     3.694     0.000    39.680  2900.181  2500.004     8.373     7.129     4.505
  2560.102   305.319   267.000     3.707     0.000    39.209  2900.172  2500.004     8.373     7.129     4.505
  2570.268   306.532   268.000     3.721     0.000    39.209  2900.172  2500.004     8.373     7.129     4.505
  2580.447   307.747   269.000     3.735     0.000    39.209  2900.172  2500.004     8.373     7.129     4.505
  2590.640   308.963   270.000     3.749     0.000    38.747  2900.163  2500.003     8.373     7.128     4.505
  2600.846   310.180   271.000     3.763     0.000    38.747  2900.163  2500.003     8.373     7.128     4.505
  2611.066   311.400   272.000     3.777     0.000    38.747  2900.163  2500.003     8.373     7.128     4.505
  2621.299   312.621   273.000     3.791     0.000    38.293  2900.155  2500.003     8.373     7.128     4.505
  2631.545   313.843   274.000     3.805     0.000    38.293  2900.155  2500.003     8.373     7.128     4.505
  2641.805   315.067   275.000     3.819     0.000    38.293  2900.155  2500.003     8.373     7.128     4.505
  2652.078   316.293   276.000     3.832     0.000    37.849  2900.147  2500.003     8.373     7.128     4.504
  2662.365   317.520   277.000     3.846     0.000    37.849  2900.147  2500.003     8.373     7.128     4.504
  2672.664   318.749   278.000     3.860     0.000    37.849  2900.147  2500.003     8.373     7.128     4.504
  2682.977   319.979   279.000     3.874     0.000    37.413  2900.139  2500.003     8.373     7.128     4.504
  2693.304   321.211   280.000     3.888     0.000    37.413  2900.139  2500.003     8.373     7.128     4.504
  2703.643   322.444   281.000     3.902     0.000    37.413  2900.139  2500.003     8.373     7.128     4.504
  2713.996   323.680   282.000     3.916     0.000    36.985  2900.132  2500.003     8.373     7.128     4.504
  2724.362   324.916   283.000     3.930     0.000    36.985  2900.132  2500.003     8.373     7.128     4.504
  2734.741   326.154   284.000     3.944     0.000    36.985  2900.132  2500.003     8.373     7.128     4.504
  2745.134   327.394   285.000     3.957     0.000    36.566  2900.125  2500.003     8.373     7.128     4.504
  2755.539   328.636   286.000     3.971     0.000    36.566  2900.125  2500.003     8.373     7.128     4.504
  2765.958   329.879   287.000     3.985     0.000    36.566  2900.125  2500.003     8.373     7.128     4.504
  2776.390   331.123   288.000     3.999     0.000    36.154  2900.118  2500.002     8.373     7.128     4.504
  2786.835   332.369   289.000     4.013     0.000    36.154  2900.118  2500.002     8.373     7.128     4.504
  2797.293   333.617   290.000     4.027     0.000    36.154  2900.118  2500.002     8.373     7.128     4.504
  2807.764   334.866   291.000     4.041     0.000    35.750  2900.112  2500.002     8.373     7.127     4.504
  2818.248   336.117   292.000     4.055     0.000    35.750  2900.112  2500.002     8.373     7.127     4.504
  2828.746   337.369   293.000     4.069     0.000    35.750  2900.112  2500.002     8.373     7.127     4.504
  2839.256   338.623   294.000     4.082     0.000    35.353  2900.106  2500.002     8.373     7.127     4.504
  2849.780   339.878   295.000     4.096     0.000    35.353  2900.106  2500.002     8.373     7.127     4.504
  2860.316   341.135   296.000     4.110     0.000    35.353  2900.106  2500.002     8.373     7.127     4.504
  2870.865   342.394   297.000     4.124     0.000    34.964  2900.100  2500.002     8.373     7.127     4.504
  2881.428   343.654   298.000     4.138     0.000    34.964  2900.100  2500.002     8.373     7.127     4.504
  2892.003   344.915   299.000     4.152     0.000    34.964  2900.100  2500.002     8.373     7.127     4.504
  2902.591   346.178   300.000     4.166     0.000    34.582  2900.095  2500.002     8.373     7.127     4.504
  2913.192   347.443   301.000     4.180     0.000    34.582  2900.095  2500.002     8.373     7.127     4.504
  2923.806   348.709   302.000     4.194     0.000    34.582  2900.095  2500.002     8.373     7.127     4.504
  2934.433   349.977   303.000     4.207     0.000    34.206  2900.090  2500.002     8.373     7.127     4.504
  2945.073   351.246   304.000     4.221     0.000    34.206  2900.090  2500.002     8.373     7.127     4.504
  2955.726   352.517   305.000     4.235     0.000    34.206  2900.090  2500.002     8.373     7.127     4.504
  2966.391   353.789   306.000     4.249     0.000    33.838  2900.085  2500.002     8.373     7.127     4.504
  2977.070   355.063   307.000     4.263     0.000    33.838  2900.085  2500.002     8.373     7.127     4.504
  2987.761   356.338   308.000     4.277     0.000    33.838  2900.085  2500.002     8.373     7.127     4.504
  2998.465   357.615   309.000     4.291     0.000    33.476  2900.080  2500.002     8.373     7.127     4.504
  3009.181   358.894   310.000     4.305     0.000    33.476  2900.080  2500.002     8.373     7.127     4.504
  3019.911   360.174   311.000     4.319     0.000    33.476  2900.080  2500.002     8.373     7.127     4.504
  3030.653   361.455   312.000     4.332     0.000    33.120  2900.076  2500.002     8.373     7.127     4.504
  3041.408   362.738   313.000     4.346     0.000    33.120  2900.076  2500.002     8.373     7.127     4.504
  3052.176   364.023   314.000     4.360     0.000    33.120  2900.076  2500.002     8.373     7.127     4.504
  3062.956   365.309   315.000     4.374     0.000    32.771  2900.072  2500.001     8.373     7.127     4.504
  3073.749   366.596   316.000     4.388     0.000    32.771  2900.072  2500.001     8.373     7.127     4.504
  3084.555   367.885   317.000     4.402     0.000    32.771  2900.072  2500.001     8.373     7.127     4.504
  3095.373   369.176   318.000     4.416     0.000    32.428  2900.068  2500.001     8.373     7.127     4.504
  3106.204   370.468   319.000     4.430     0.000    32.428  2900.068  2500.001     8.373     7.127     4.504
  3117.048   371.761   320.000     4.444     0.000    32.428  2900.068  2500.001     8.373     7.127     4.504
  3127.904   373.056   321.000     4.457     0.000    32.090  2900.064  2500.001     8.373     7.127     4.504
  3138.773   374.353   322.000     4.471     0.000    32.090  2900.064  2500.001     8.373     7.127     4.504
  3149.655   375.651   323.000     4.485     0.000    32.090  2900.064  2500.001     8.373     7.127     4.504
  3160.549   376.950   324.000     4.499     0.000    31.759  2900.061  2500.001     8.373     7.127     4.503
  3171.455   378.251   325.000     4.513     0.000    31.759  2900.061  2500.001     8.373     7.127     4.503
  3182.374   379.554   326.000     4.527     0.000    31.759  2900.061  2500.001     8.373     7.127     4.503
  3193.306   380.858   327.000     4.541     0.000    31.433  2900.057  2500.001     8.373     7.127     4.503
  3204.250   382.163   328.000     4.555     0.000    31.433  2900.057  2500.001     8.373     7.127     4.503
  3215.207   383.470   329.000     4.569     0.000    31.433  2900.057  2500.001     8.373     7.127     4.503
  3226.176   384.779   330.000     4.582     0.000    31.113  2900.054  2500.001     8.373     7.126     4.503
  3237.158   386.089   331.000     4.596     0.000    31.113  2900.054  2500.001     8.373     7.126     4.503
  3248.152   387.400   332.000     4.610     0.000    31.113  2900.054  2500.001     8.373     7.126     4.503
  3259.158   388.713   333.000     4.624     0.000    30.798  2900.051  2500.001     8.373     7.126     4.503
  3270.177   390.027   334.000     4.638     0.000    30.798  2900.051  2500.001     8.373     7.126     4.503
  3281.208   391.343   335.000     4.652     0.000    30.798  2900.051  2500.001     8.373     7.126     4.503
  3292.252   392.661   336.000     4.666     0.000    30.488  2900.048  2500.001     8.373     7.126     4.503
  3303.308   393.979   337.000     4.680     0.000    30.488  2900.048  2500.001     8.373     7.126     4.503
  3314.377   395.300   338.000     4.694     0.000    30.488  2900.048  2500.001     8.373     7.126     4.503
  3325.457   396.622   339.000     4.707     0.000    30.184  2900.046  2500.001     8.373     7.126     4.503
  3336.551   397.945   340.000     4.721     0.000    30.184  2900.046  2500.001     8.373     7.126     4.503
  3347.656   399.269   341.000     4.735     0.000    30.184  2900.046  2500.001     8.373     7.126     4.503
  3358.774   400.596   342.000     4.749     0.000    29.884  2900.043  2500.001     8.373     7.126     4.503
  3369.904   401.923   343.000     4.763     0.000    29.884  2900.043  2500.001     8.373     7.126     4.503
  3381.046   403.252   344.000     4.777     0.000    29.884  2900.043  2500.001     8.373     7.126     4.503
  3392.201   404.583   345.000     4.791     0.000    29.590  2900.041  2500.001     8.373     7.126     4.503
  3403.368   405.915   346.000     4.805     0.000    29.590  2900.041  2500.001     8.373     7.126     4.503
  3414.547   407.249   347.000     4.819     0.000    29.590  2900.041  2500.001     8.373     7.126     4.503
  3425.738   408.583   348.000     4.832     0.000    29.300  2900.038  2500.001     8.373     7.126     4.503
  3436.942   409.920   349.000     4.846     0.000    29.300  2900.038  2500.001     8.373     7.126     4.503
  3448.158   411.258   350.000     4.860     0.000    29.300  2900.038  2500.001     8.373     7.126     4.503
  3459.386   412.597   351.000     4.874     0.000    29.015  2900.036  2500.001     8.373     7.126     4.503
  3470.626   413.938   352.000     4.888     0.000    29.015  2900.036  2500.001     8.373     7.126     4.503
  3481.878   415.280   353.000     4.902     0.000    28.735  2900.034  2500.001     8.373     7.126     4.503
  3493.142   416.624   354.000     4.916     0.000    28.735  2900.034  2500.001     8.373     7.126     4.503
  3504.419   417.969   355.000     4.930     0.000    28.735  2900.034  2500.001     8.373     7.126     4.503
  3515.708   419.315   356.000     4.944     0.000    28.459  2900.032  2500.001     8.373     7.126     4.503
  3527.008   420.663   357.000     4.957     0.000    28.459  2900.032  2500.001     8.373     7.126     4.503
  3538.321   422.013   358.000     4.971     0.000    28.459  2900.032  2500.001     8.373     7.126     4.503
  3549.646   423.364   359.000     4.985     0.000    28.187  2900.030  2500.001     8.373     7.126     4.503
  3560.983   424.716   360.000     4.999     0.000    28.187  2900.030  2500.001     8.373     7.126     4.503
  3572.333   426.070   361.000     5.013     0.000    28.187  2900.030  2500.001     8.373     7.126     4.503
  3583.694   427.425   362.000     5.027     0.000    27.920  2900.029  2500.001     8.373     7.126     4.503
  3595.067   428.781   363.000     5.041     0.000    27.920  2900.029  2500.001     8.373     7.126     4.503
  3606.452   430.139   364.000     5.055     0.000    27.920  2900.029  2500.001     8.373     7.126     4.503
  3617.849   431.499   365.000     5.069     0.000    27.657  2900.027  2500.001     8.373     7.126     4.503
  3629.259   432.860   366.000     5.082     0.000    27.657  2900.027  2500.001     8.373     7.126     4.503
  3640.680   434.222   367.000     5.096     0.000    27.657  2900.027  2500.001     8.373     7.126     4.503
  3652.113   435.586   368.000     5.110     0.000    27.398  2900.025  2500.001     8.373     7.126     4.503
  3663.558   436.951   369.000     5.124     0.000    27.398  2900.025  2500.001     8.373     7.126     4.503
  3675.015   438.318   370.000     5.138     0.000    27.398  2900.025  2500.001     8.373     7.126     4.503
  3686.484   439.686   371.000     5.152     0.000    27.143  2900.024  2500.000     8.373     7.126     4.503
  3697.965   441.055   372.000     5.166     0.000    27.143  2900.024  2500.000     8.373     7.126     4.503
  3709.458   442.426   373.000     5.180     0.000    27.143  2900.024  2500.000     8.373     7.126     4.503
  3720.962   443.798   374.000     5.194     0.000    26.892  2900.023  2500.000     8.373     7.126     4.503
  3732.479   445.172   375.000     5.207     0.000    26.892  2900.023  2500.000     8.373     7.126     4.503
  3744.007   446.547   376.000     5.221     0.000    26.892  2900.023  2500.000     8.373     7.126     4.503
  3755.548   447.924   377.000     5.235     0.000    26.645  2900.021  2500.000     8.373     7.126     4.503
  3767.100   449.302   378.000     5.249     0.000    26.645  2900.021  2500.000     8.373     7.126     4.503
  3778.664   450.681   379.000     5.263     0.000    26.645  2900.021  2500.000     8.373     7.126     4.503
  3790.240   452.062   380.000     5.277     0.000    26.402  2900.020  2500.000     8.373     7.126     4.503
  3801.827   453.444   381.000     5.291     0.000    26.402  2900.020  2500.000     8.373     7.126     4.503
  3813.427   454.827   382.000     5.305     0.000    26.402  2900.020  2500.000     8.373     7.126     4.503
  3825.038   456.212   383.000     5.319     0.000    26.162  2900.019  2500.000     8.373     7.126     4.503
  3836.661   457.599   384.000     5.332     0.000    26.162  2900.019  2500.000     8.373     7.126     4.503
  3848.295   458.987   385.000     5.346     0.000    26.162  2900.019  2500.000     8.373     7.126     4.503
  3859.942   460.376   386.000     5.360     0.000    25.926  2900.018  2500.000     8.373     7.126     4.503
  3871.600   461.766   387.000     5.374     0.000    25.926  2900.018  2500.000     8.373     7.126     4.503
  3883.270   463.158   388.000     5.388     0.000    25.926  2900.018  2500.000     8.373     7.126     4.503
  3894.951   464.552   389.000     5.402     0.000    25.693  2900.017  2500.000     8.373     7.126     4.503
  3906.645   465.946   390.000     5.416     0.000    25.693  2900.017  2500.000     8.373     7.126     4.503
  3918.350   467.343   391.000     5.430     0.000    25.693  2900.017  2500.000     8.373     7.126     4.503
  3930.066   468.740   392.000     5.444     0.000    25.464  2900.016  2500.000     8.373     7.126     4.503
  3941.795   470.139   393.000     5.457     0.000    25.464  2900.016  2500.000     8.373     7.126     4.503
  3953.535   471.539   394.000     5.471     0.000    25.464  2900.016  2500.000     8.373     7.126     4.503
  3965.286   472.941   395.000     5.485     0.000    25.238  2900.015  2500.000     8.373     7.126     4.503
  3977.050   474.344   396.000     5.499     0.000    25.238  2900.015  2500.000     8.373     7.126     4.503
  3988.824   475.749   397.000     5.513     0.000    25.238  2900.015  2500.000     8.373     7.126     4.503
  4000.611   477.155   398.000     5.527     0.000    25.016  2900.014  2500.000     8.373     7.126     4.503
  4012.409   478.562   399.000     5.541     0.000    25.016  2900.014  2500.000     8.373     7.126     4.503
  4024.219   479.970   400.000     5.555     0.000    25.016  2900.014  2500.000     8.373     7.126     4.503
  4036.040   481.380   401.000     5.569     0.000    24.797  2900.013  2500.000     8.373     7.126     4.503
  4047.873   482.792   402.000     5.582     0.000    24.797  2900.013  2500.000     8.373     7.126     4.503
  4059.717   484.205   403.000     5.596     0.000    24.797  2900.013  2500.000     8.373     7.126     4.503
  4071.573   485.619   404.000     5.610     0.000    24.581  2900.012  2500.000     8.373     7.126     4.503
  4083.440   487.034   405.000     5.624     0.000    24.581  2900.012  2500.000     8.373     7.126     4.503
  4095.319   488.451   406.000     5.638     0.000    24.581  2900.012  2500.000     8.373     7.126     4.503
  4107.210   489.869   407.000     5.652     0.000    24.368  2900.012  2500.000     8.373     7.126     4.503
  4119.111   491.289   408.000     5.666     0.000    24.368  2900.012  2500.000     8.373     7.126     4.503
  4131.025   492.710   409.000     5.680     0.000    24.368  2900.012  2500.000     8.373     7.126     4.503
  4142.950   494.132   410.000     5.694     0.000    24.158  2900.011  2500.000     8.373     7.126     4.503
  4154.886   495.556   411.000     5.707     0.000    24.158  2900.011  2500.000     8.373     7.126     4.503
  4166.834   496.981   412.000     5.721     0.000    24.158  2900.011  2500.000     8.373     7.126     4.503
  4178.793   498.408   413.000     5.735     0.000    23.951  2900.010  2500.000     8.373     7.126     4.503
  4190.764   499.836   414.000     5.749     0.000    23.951  2900.010  2500.000     8.373     7.126     4.503
  4202.746   501.265   415.000     5.763     0.000    23.951  2900.010  2500.000     8.373     7.126     4.503
  4214.739   502.695   416.000     5.777     0.000    23.747  2900.010  2500.000     8.373     7.126     4.503
  4226.744   504.127   417.000     5.791     0.000    23.747  2900.010  2500.000     8.373     7.126     4.503
  4238.760   505.560   418.000     5.805     0.000    23.747  2900.010  2500.000     8.373     7.126     4.503
  4250.788   506.995   419.000     5.819     0.000    23.546  2900.009  2500.000     8.373     7.126     4.503
  4262.827   508.431   420.000     5.832     0.000    23.546  2900.009  2500.000     8.373     7.126     4.503
  4274.877   509.868   421.000     5.846     0.000    23.546  2900.009  2500.000     8.373     7.126     4.503
  4286.938   511.307   422.000     5.860     0.000    23.348  2900.008  2500.000     8.372     7.126     4.503
  4299.011   512.747   423.000     5.874     0.000    23.348  2900.008  2500.000     8.372     7.126     4.503
  4311.096   514.188   424.000     5.888     0.000    23.348  2900.008  2500.000     8.372     7.126     4.503
  4323.191   515.631   425.000     5.902     0.000    23.153  2900.008  2500.000     8.372     7.126     4.503
  4335.298   517.075   426.000     5.916     0.000    23.153  2900.008  2500.000     8.372     7.126     4.503
  4347.416   518.521   427.000     5.930     0.000    23.153  2900.008  2500.000     8.372     7.126     4.503
  4359.546   519.967   428.000     5.944     0.000    22.960  2900.007  2500.000     8.372     7.126     4.503
  4371.687   521.415   429.000     5.957     0.000    22.960  2900.007  2500.000     8.372     7.126     4.503
  4383.838   522.865   430.000     5.971     0.000    22.960  2900.007  2500.000     8.372     7.126     4.503
  4396.002   524.316   431.000     5.985     0.000    22.770  2900.007  2500.000     8.372     7.126     4.503
  4408.176   525.768   432.000     5.999     0.000    22.770  2900.007  2500.000     8.372     7.126     4.503
  4420.362   527.221   433.000     6.013     0.000    22.770  2900.007  2500.000     8.372     7.126     4.503
  4432.559   528.676   434.000     6.027     0.000    22.582  2900.007  2500.000     8.372     7.126     4.503
  4444.767   530.132   435.000     6.041     0.000    22.582  2900.007  2500.000     8.372     7.126     4.503
  4456.986   531.590   436.000     6.055     0.000    22.582  2900.007  2500.000     8.372     7.126     4.503
  4469.216   533.048   437.000     6.069     0.000    22.397  2900.006  2500.000     8.372     7.126     4.503
  4481.458   534.509   438.000     6.082     0.000    22.397  2900.006  2500.000     8.372     7.126     4.503
  4493.711   535.970   439.000     6.096     0.000    22.397  2900.006  2500.000     8.372     7.126     4.503
  4505.975   537.433   440.000     6.110     0.000    22.215  2900.006  2500.000     8.372     7.126     4.503
  4518.250   538.897   441.000     6.124     0.000    22.215  2900.006  2500.000     8.372     7.126     4.503
  4530.536   540.362   442.000     6.138     0.000    22.215  2900.006  2500.000     8.372     7.126     4.503
  4542.833   541.829   443.000     6.152     0.000    22.035  2900.005  2500.000     8.372     7.126     4.503
  4555.142   543.297   444.000     6.166     0.000    22.035  2900.005  2500.000     8.372     7.126     4.503
  4567.461   544.767   445.000     6.180     0.000    22.035  2900.005  2500.000     8.372     7.126     4.503
  4579.792   546.237   446.000     6.194     0.000    21.858  2900.005  2500.000     8.372     7.126     4.503
  4592.134   547.710   447.000     6.207     0.000    21.858  2900.005  2500.000     8.372     7.126     4.503
  4604.487   549.183   448.000     6.221     0.000    21.858  2900.005  2500.000     8.372     7.126     4.503
  4616.850   550.658   449.000     6.235     0.000    21.682  2900.005  2500.000     8.372     7.126     4.503
  4629.225   552.134   450.000     6.249     0.000    21.682  2900.005  2500.000     8.372     7.126     4.503
  4641.611   553.611   451.000     6.263     0.000    21.682  2900.005  2500.000     8.372     7.126     4.503
  4654.008   555.090   452.000     6.277     0.000    21.510  2900.004  2500.000     8.372     7.126     4.503
  4666.416   556.570   453.000     6.291     0.000    21.510  2900.004  2500.000     8.372     7.126     4.503
  4678.835   558.051   454.000     6.305     0.000    21.510  2900.004  2500.000     8.372     7.126     4.503
  4691.265   559.534   455.000     6.319     0.000    21.339  2900.004  2500.000     8.372     7.126     4.503
  4703.706   561.017   456.000     6.332     0.000    21.339  2900.004  2500.000     8.372     7.126     4.503
  4716.158   562.503   457.000     6.346     0.000    21.339  2900.004  2500.000     8.372     7.126     4.503
  4728.621   563.989   458.000     6.360     0.000    21.171  2900.004  2500.000     8.372     7.126     4.503
  4741.095   565.477   459.000     6.374     0.000    21.171  2900.004  2500.000     8.372     7.126     4.503
  4753.580   566.966   460.000     6.388     0.000    21.171  2900.004  2500.000     8.372     7.126     4.503
  4766.076   568.457   461.000     6.402     0.000    21.005  2900.004  2500.000     8.372     7.126     4.503
  4778.582   569.948   462.000     6.416     0.000    21.005  2900.004  2500.000     8.372     7.126     4.503
  4791.100   571.441   463.000     6.430     0.000    21.005  2900.004  2500.000     8.372     7.126     4.503
  4803.628   572.936   464.000     6.444     0.000    20.841  2900.003  2500.000     8.372     7.126     4.503
  4816.168   574.431   465.000     6.457     0.000    20.841  2900.003  2500.000     8.372     7.126     4.503
  4828.718   575.928   466.000     6.471     0.000    20.841  2900.003  2500.000     8.372     7.126     4.503
  4841.280   577.427   467.000     6.485     0.000    20.679  2900.003  2500.000     8.372     7.126     4.503
  4853.852   578.926   468.000     6.499     0.000    20.679  2900.003  2500.000     8.372     7.126     4.503
  4866.435   580.427   469.000     6.513     0.000    20.679  2900.003  2500.000     8.372     7.126     4.503
  4879.029   581.929   470.000     6.527     0.000    20.519  2900.003  2500.000     8.372     7.126     4.503
  4891.633   583.433   471.000     6.541     0.000    20.519  2900.003  2500.000     8.372     7.126     4.503
  4904.249   584.937   472.000     6.555     0.000    20.519  2900.003  2500.000     8.372     7.126     4.503
  4916.875   586.443   473.000     6.569     0.000    20.362  2900.003  2500.000     8.372     7.126     4.503
  4929.512   587.951   474.000     6.582     0.000    20.362  2900.003  2500.000     8.372     7.126     4.503
  4942.160   589.459   475.000     6.596     0.000    20.362  2900.003  2500.000     8.372     7.126     4.503
  4954.819   590.969   476.000     6.610     0.000    20.206  2900.003  2500.000     8.372     7.126     4.503
  4967.489   592.480   477.000     6.624     0.000    20.206  2900.003  2500.000     8.372     7.126     4.503
  4980.169   593.993   478.000     6.638     0.000    20.206  2900.003  2500.000     8.372     7.126     4.503
  4992.860   595.506   479.000     6.652     0.000    20.052  2900.003  2500.000     8.372     7.126     4.503
  5005.562   597.021   480.000     6.666     0.000    20.052  2900.003  2500.000     8.372     7.126     4.503
  5018.275   598.538   481.000     6.680     0.000    20.052  2900.003  2500.000     8.372     7.126     4.503
  5026.699   599.542   481.662     6.689     0.000    19.901  2900.003  2500.000     8.372     7.126     4.503
