****************************************************************************************************
----------------------------------------------------------------------------------------------------
Ambient Table:
     Depth   Amb-cur   Amb-dir   Amb-sal   Amb-tem   Amb-pol     Decay   Far-spd   Far-dir   Disprsn
       (m)     (m/s)     (deg)     (psu)       (C)    (mg/L)   (1/day)     (m/s)     (deg)(m0.67/s2)
     0.000     0.020    90.000    30.900    11.200     0.000     0.000     0.020    90.000   0.00030
     3.000     0.020    90.000    31.200    10.400     0.000     0.000     0.020    90.000   0.00030
     6.000     0.020    90.000    31.200     9.690     0.000     0.000     0.020    90.000   0.00030
     9.000     0.020    90.000    31.700     9.440     0.000     0.000     0.020    90.000   0.00030
    12.000     0.020    90.000    31.800     9.340     0.000     0.000     0.020    90.000   0.00030
    15.000     0.020    90.000    31.900     9.220     0.000     0.000     0.020    90.000   0.00030
----------------------------------------------------------------------------------------------------
Diffuser Table:
     P-dia    P-elev   V-angle   H-angle     Ports   Spacing   AcuteMZ   ChrncMZ   P-depth   Ttl-flo   Eff-sal      Temp   Polutnt
       (m)       (m)     (deg)     (deg)       ( )       (m)       (m)       (m)       (m)     (MGD)     (psu)       (C)    (mg/L)
      0.01     15.00     45.00     90.00     25.00      2.00     20.70    207.00      2.00      0.01     35.00     10.00 100000.00
----------------------------------------------------------------------------------------------------
Simulation Results:
              Dilutn     P-dia    x-posn    y-posn     Depth        TA       DIC        pH    OmegaC    OmegaA     R_cal     R_arg
      Step (FluxAvg)       (m)       (m)       (m)       (m) (mmol/m3) (mmol/m3)   (total)        ()        () (umol/hr) (umol/hr)
         1     1.020     0.013     0.000     0.000    -2.000  4084.213  1654.428    10.455    36.249    23.071 24789.947     0.000
         2     1.041     0.013     0.000     0.001    -1.999  4060.993  1671.007    10.408    36.407    23.169 25111.111     0.000
         3     1.061     0.013     0.000     0.001    -1.999  4038.230  1687.262    10.360    36.520    23.239 25341.382     0.000
         4     1.083     0.014     0.000     0.002    -1.999  4015.913  1703.198    10.309    36.583    23.276 25469.258     0.000
         5     1.104     0.014     0.000     0.002    -1.998  3994.035  1718.822    10.257    36.590    23.279 25485.152     0.000
         6     1.127     0.014     0.000     0.002    -1.998  3972.586  1734.139    10.204    36.541    23.245 25383.006     0.000
         7     1.149     0.014     0.000     0.003    -1.998  3951.589  1749.134    10.150    36.432    23.174 25162.142     0.000
         8     1.172     0.015     0.000     0.003    -1.997  3931.359  1763.582    10.098    36.271    23.069 24833.854     0.000
         9     1.194     0.015     0.000     0.003    -1.997  3911.818  1777.538    10.048    36.061    22.934 24412.013     0.000
        10     1.217     0.015     0.000     0.004    -1.997  3892.978  1790.994    10.000    35.810    22.773 23914.650     0.000
        11     1.240     0.015     0.000     0.004    -1.996  3874.782  1803.990     9.954    35.526    22.590 23358.786     0.000
        12     1.263     0.016     0.000     0.004    -1.996  3857.204  1816.546     9.910    35.216    22.391 22761.098     0.000
        13     1.286     0.016     0.000     0.005    -1.996  3840.205  1828.688     9.870    34.885    22.179 22135.850     0.000
        14     1.309     0.016     0.000     0.005    -1.995  3823.759  1840.435     9.831    34.540    21.958 21495.188     0.000
        15     1.332     0.016     0.000     0.006    -1.995  3807.837  1851.809     9.795    34.185    21.730 20848.769     0.000
        16     1.355     0.017     0.000     0.006    -1.995  3792.413  1862.828     9.761    33.824    21.499 20204.168     0.000
        17     1.378     0.017     0.000     0.006    -1.994  3777.463  1873.507     9.729    33.460    21.266 19567.090     0.000
        18     1.401     0.017     0.000     0.007    -1.994  3762.966  1883.865     9.699    33.094    21.032 18941.758     0.000
        19     1.424     0.018     0.000     0.007    -1.994  3748.899  1893.915     9.671    32.730    20.799 18331.181     0.000
        20     1.448     0.018     0.000     0.007    -1.994  3735.243  1903.671     9.644    32.368    20.568 17737.439     0.000
        21     1.471     0.018     0.000     0.008    -1.993  3721.980  1913.148     9.619    32.010    20.339 17161.884     0.000
        22     1.495     0.018     0.000     0.008    -1.993  3709.092  1922.356     9.594    31.656    20.112 16605.318     0.000
        23     1.518     0.019     0.000     0.009    -1.993  3696.563  1931.309     9.572    31.306    19.889 16068.126     0.000
        24     1.542     0.019     0.000     0.009    -1.992  3684.377  1940.016     9.550    30.962    19.669 15550.385     0.000
        25     1.566     0.019     0.000     0.009    -1.992  3672.521  1948.488     9.529    30.624    19.453 15051.939     0.000
        26     1.589     0.019     0.000     0.010    -1.992  3660.980  1956.735     9.509    30.292    19.241 14572.468     0.000
        27     1.613     0.020     0.000     0.010    -1.992  3649.742  1964.767     9.490    29.966    19.032 14111.532     0.000
        28     1.637     0.020     0.000     0.010    -1.991  3638.794  1972.590     9.472    29.646    18.828 13668.608     0.000
        29     1.661     0.020     0.000     0.011    -1.991  3628.126  1980.215     9.455    29.332    18.628 13243.119     0.000
        30     1.685     0.020     0.000     0.011    -1.991  3617.726  1987.648     9.438    29.024    18.431 12834.454     0.000
        31     1.710     0.021     0.000     0.011    -1.991  3607.584  1994.896     9.422    28.722    18.239 12441.984     0.000
        32     1.734     0.021     0.000     0.012    -1.990  3597.691  2001.967     9.406    28.427    18.050 12065.075     0.000
        33     1.758     0.021     0.000     0.012    -1.990  3588.037  2008.868     9.391    28.137    17.865 11703.095     0.000
        34     1.783     0.022     0.000     0.013    -1.990  3578.614  2015.603     9.377    27.854    17.684 11355.421     0.000
        35     1.808     0.022     0.000     0.013    -1.990  3569.414  2022.180     9.363    27.576    17.507 11021.445     0.000
        36     1.832     0.022     0.000     0.013    -1.990  3560.429  2028.603     9.349    27.304    17.333 10700.576     0.000
        37     1.857     0.022     0.000     0.014    -1.989  3551.651  2034.878     9.336    27.037    17.163 10392.242     0.000
        38     1.882     0.023     0.000     0.014    -1.989  3543.073  2041.010     9.324    26.776    16.996 10095.894     0.000
        39     1.907     0.023     0.000     0.015    -1.989  3534.690  2047.004     9.312    26.520    16.833  9811.002     0.000
        40     1.932     0.023     0.000     0.015    -1.989  3526.494  2052.864     9.300    26.269    16.673  9537.061     0.000
        41     1.957     0.023     0.000     0.015    -1.988  3518.479  2058.594     9.288    26.024    16.517  9273.587     0.000
        42     1.982     0.024     0.000     0.016    -1.988  3510.641  2064.198     9.277    25.784    16.363  9020.117     0.000
        43     2.007     0.024     0.000     0.016    -1.988  3502.974  2069.681     9.266    25.548    16.213  8776.210     0.000
        44     2.033     0.024     0.000     0.016    -1.988  3495.471  2075.045     9.255    25.317    16.066  8541.448     0.000
        45     2.058     0.024     0.000     0.017    -1.988  3488.130  2080.295     9.245    25.091    15.922  8315.430     0.000
        46     2.084     0.025     0.000     0.017    -1.987  3480.944  2085.433     9.235    24.869    15.780  8097.777     0.000
        47     2.109     0.025     0.000     0.018    -1.987  3473.910  2090.464     9.225    24.652    15.642  7888.127     0.000
        48     2.135     0.025     0.000     0.018    -1.987  3467.024  2095.389     9.216    24.439    15.506  7686.138     0.000
        49     2.161     0.025     0.000     0.018    -1.987  3460.281  2100.211     9.207    24.231    15.373  7491.482     0.000
        50     2.187     0.026     0.000     0.019    -1.987  3453.677  2104.934     9.197    24.026    15.243  7303.850     0.000
        51     2.213     0.026     0.000     0.019    -1.986  3447.210  2109.560     9.189    23.826    15.115  7122.947     0.000
        52     2.239     0.026     0.000     0.020    -1.986  3440.875  2114.091     9.180    23.630    14.990  6948.494     0.000
        53     2.265     0.026     0.000     0.020    -1.986  3434.669  2118.529     9.172    23.437    14.867  6780.225     0.000
        54     2.291     0.027     0.000     0.021    -1.986  3428.590  2122.878     9.163    23.249    14.747  6617.887     0.000
        55     2.317     0.027     0.000     0.021    -1.986  3422.634  2127.138     9.155    23.064    14.629  6461.241     0.000
        56     2.343     0.027     0.000     0.021    -1.986  3416.799  2131.313     9.147    22.882    14.514  6310.058     0.000
        57     2.370     0.027     0.000     0.022    -1.985  3411.081  2135.403     9.140    22.705    14.401  6164.123     0.000
        58     2.396     0.028     0.000     0.022    -1.985  3405.478  2139.411     9.132    22.530    14.290  6023.228     0.000
        59     2.423     0.028     0.000     0.023    -1.985  3399.989  2143.339     9.125    22.360    14.181  5887.179     0.000
        60     2.449     0.028     0.000     0.023    -1.985  3394.610  2147.187     9.118    22.192    14.074  5755.789     0.000
        61     2.476     0.028     0.000     0.024    -1.985  3389.340  2150.958     9.111    22.028    13.970  5628.882     0.000
        62     2.502     0.029     0.000     0.024    -1.985  3384.176  2154.653     9.104    21.868    13.867  5506.289     0.000
        63     2.529     0.029     0.000     0.024    -1.984  3379.116  2158.273     9.097    21.710    13.767  5387.850     0.000
        64     2.555     0.029     0.000     0.025    -1.984  3374.159  2161.820     9.090    21.556    13.669  5273.411     0.000
        65     2.582     0.029     0.000     0.025    -1.984  3369.302  2165.295     9.084    21.405    13.572  5162.830     0.000
        66     2.608     0.030     0.000     0.026    -1.984  3364.545  2168.700     9.078    21.256    13.478  5055.966     0.000
        67     2.635     0.030     0.000     0.026    -1.984  3359.886  2172.034     9.071    21.111    13.386  4952.689     0.000
        68     2.661     0.030     0.000     0.027    -1.984  3355.322  2175.300     9.065    20.969    13.295  4852.873     0.000
        69     2.688     0.030     0.000     0.027    -1.983  3350.853  2178.498     9.059    20.830    13.206  4756.399     0.000
        70     2.714     0.031     0.000     0.028    -1.983  3346.478  2181.630     9.054    20.694    13.120  4663.153     0.000
        71     2.741     0.031     0.000     0.028    -1.983  3342.194  2184.696     9.048    20.560    13.035  4573.027     0.000
        72     2.767     0.031     0.000     0.029    -1.983  3338.002  2187.696     9.042    20.430    12.951  4485.917     0.000
        73     2.793     0.031     0.000     0.029    -1.983  3333.899  2190.633     9.037    20.302    12.870  4401.724     0.000
        74     2.820     0.032     0.000     0.030    -1.983  3329.885  2193.506     9.032    20.177    12.790  4320.355     0.000
        75     2.846     0.032     0.000     0.030    -1.983  3325.959  2196.316     9.026    20.054    12.713  4241.720     0.000
        76     2.872     0.032     0.000     0.031    -1.982  3322.120  2199.065     9.021    19.935    12.636  4165.733     0.000
        77     2.898     0.032     0.000     0.031    -1.982  3318.367  2201.751     9.016    19.818    12.562  4092.313     0.000
        78     2.923     0.032     0.000     0.032    -1.982  3314.699  2204.377     9.012    19.703    12.489  4021.381     0.000
        79     2.949     0.033     0.000     0.032    -1.982  3311.116  2206.942     9.007    19.592    12.418  3952.863     0.000
        80     2.974     0.033     0.000     0.033    -1.982  3307.616  2209.448     9.002    19.483    12.349  3886.688     0.000
        81     3.000     0.033     0.000     0.033    -1.982  3304.200  2211.894     8.998    19.376    12.281  3822.788     0.000
        82     3.025     0.033     0.000     0.034    -1.982  3300.866  2214.281     8.993    19.272    12.215  3761.097     0.000
        83     3.050     0.034     0.000     0.034    -1.982  3297.614  2216.610     8.989    19.171    12.150  3701.555     0.000
        84     3.074     0.034     0.000     0.035    -1.981  3294.443  2218.880     8.985    19.072    12.088  3644.100     0.000
        85     3.099     0.034     0.000     0.035    -1.981  3291.353  2221.092     8.981    18.976    12.026  3588.676     0.000
        86     3.123     0.034     0.000     0.036    -1.981  3288.344  2223.247     8.977    18.882    11.967  3535.229     0.000
        87     3.147     0.034     0.000     0.036    -1.981  3285.414  2225.345     8.973    18.791    11.909  3483.706     0.000
        88     3.170     0.035     0.000     0.037    -1.981  3282.564  2227.386     8.969    18.702    11.852  3434.058     0.000
        89     3.194     0.035     0.000     0.037    -1.981  3279.793  2229.370     8.965    18.616    11.797  3386.236     0.000
        90     3.217     0.035     0.000     0.038    -1.981  3277.101  2231.298     8.962    18.532    11.744  3340.194     0.000
        91     3.239     0.035     0.000     0.039    -1.981  3274.488  2233.170     8.958    18.451    11.692  3295.887     0.000
        92     3.261     0.035     0.000     0.039    -1.981  3271.952  2234.986     8.955    18.372    11.642  3253.273     0.000
        93     3.283     0.035     0.000     0.040    -1.981  3269.493  2236.747     8.952    18.295    11.593  3212.311     0.000
        94     3.305     0.036     0.000     0.040    -1.981  3267.112  2238.452     8.948    18.221    11.546  3172.959     0.000
        95     3.326     0.036     0.000     0.041    -1.980  3264.808  2240.102     8.945    18.149    11.500  3135.180     0.000
        96     3.346     0.036     0.000     0.042    -1.980  3262.580  2241.698     8.942    18.080    11.456  3098.935     0.000
        97     3.366     0.036     0.000     0.042    -1.980  3260.428  2243.240     8.939    18.013    11.414  3064.186     0.000
        98     3.386     0.036     0.000     0.043    -1.980  3258.351  2244.727     8.937    17.948    11.373  3030.898     0.000
        99     3.405     0.036     0.000     0.043    -1.980  3256.349  2246.161     8.934    17.886    11.333  2999.033     0.000
       100     3.424     0.037     0.000     0.044    -1.980  3254.420  2247.543     8.931    17.826    11.295  2968.556     0.000
       101     3.442     0.037     0.000     0.045    -1.980  3252.565  2248.872     8.929    17.768    11.258  2939.427     0.000
       102     3.460     0.037     0.000     0.045    -1.980  3250.782  2250.149     8.927    17.713    11.223  2911.610     0.000
       103     3.477     0.037     0.000     0.046    -1.980  3249.070  2251.375     8.924    17.660    11.189  2885.062     0.000
       104     3.493     0.037     0.000     0.046    -1.980  3247.427  2252.552     8.922    17.609    11.156  2859.740     0.000
       105     3.509     0.037     0.000     0.047    -1.980  3245.852  2253.681     8.920    17.560    11.125  2835.593     0.000
       106     3.525     0.037     0.000     0.048    -1.980  3244.341  2254.763     8.918    17.513    11.095  2812.562     0.000
       107     3.540     0.037     0.000     0.048    -1.980  3242.891  2255.802     8.916    17.468    11.067  2790.571     0.000
       108     3.554     0.037     0.000     0.049    -1.980  3241.495  2256.802     8.914    17.424    11.039  2769.514     0.000
       109     3.569     0.038     0.000     0.050    -1.980  3240.140  2257.773     8.912    17.382    11.012  2749.175     0.000
       110     3.583     0.038     0.000     0.050    -1.980  3238.814  2258.722     8.911    17.341    10.986  2729.376     0.000
       111     3.596     0.038     0.000     0.051    -1.980  3237.513  2259.654     8.909    17.300    10.960  2710.030     0.000
       112     3.610     0.038     0.000     0.052    -1.980  3236.232  2260.572     8.907    17.261    10.935  2691.080     0.000
       113     3.624     0.038     0.000     0.052    -1.980  3234.970  2261.476     8.905    17.221    10.910  2672.492     0.000
---------------------- Local maximum rise or fall --------------------
       114     3.638     0.038     0.000     0.053    -1.980  3233.726  2262.368     8.904    17.183    10.886  2654.243     0.000
       115     3.651     0.038     0.000     0.053    -1.980  3232.498  2263.247     8.902    17.145    10.861  2636.317     0.000
       116     3.665     0.038     0.000     0.054    -1.980  3231.285  2264.116     8.900    17.107    10.837  2618.698     0.000
       117     3.678     0.038     0.000     0.055    -1.980  3230.088  2264.974     8.899    17.070    10.814  2601.376     0.000
       118     3.691     0.038     0.000     0.055    -1.980  3228.905  2265.821     8.897    17.033    10.790  2584.338     0.000
       119     3.705     0.039     0.000     0.056    -1.980  3227.737  2266.658     8.896    16.997    10.767  2567.576     0.000
       120     3.718     0.039     0.000     0.057    -1.980  3226.581  2267.486     8.894    16.961    10.744  2551.078     0.000
       121     3.731     0.039     0.000     0.057    -1.980  3225.430  2268.311     8.892    16.925    10.722  2534.709     0.000
       122     3.744     0.039     0.000     0.058    -1.980  3224.269  2269.142     8.891    16.889    10.699  2518.270     0.000
       123     3.758     0.039     0.000     0.059    -1.980  3223.088  2269.989     8.889    16.852    10.675  2501.615     0.000
       124     3.772     0.039     0.000     0.060    -1.980  3221.878  2270.855     8.888    16.815    10.651  2484.634     0.000
       125     3.787     0.039     0.000     0.060    -1.980  3220.633  2271.747     8.886    16.776    10.627  2467.246     0.000
       126     3.803     0.039     0.000     0.061    -1.980  3219.349  2272.667     8.884    16.736    10.602  2449.395     0.000
       127     3.818     0.039     0.000     0.062    -1.980  3218.023  2273.617     8.882    16.695    10.575  2431.040     0.000
       128     3.835     0.039     0.000     0.062    -1.980  3216.650  2274.600     8.881    16.652    10.548  2412.148     0.000
       129     3.853     0.039     0.000     0.063    -1.980  3215.230  2275.617     8.879    16.608    10.520  2392.698     0.000
       130     3.871     0.039     0.000     0.064    -1.980  3213.759  2276.671     8.877    16.563    10.491  2372.673     0.000
       131     3.890     0.040     0.000     0.064    -1.981  3212.237  2277.761     8.875    16.515    10.461  2352.061     0.000
       132     3.910     0.040     0.000     0.065    -1.981  3210.662  2278.889     8.872    16.466    10.430  2330.851     0.000
       133     3.930     0.040     0.000     0.066    -1.981  3209.031  2280.057     8.870    16.416    10.398  2309.036     0.000
       134     3.952     0.040     0.000     0.067    -1.981  3207.344  2281.265     8.868    16.364    10.365  2286.612     0.000
       135     3.975     0.040     0.000     0.067    -1.981  3205.600  2282.515     8.865    16.309    10.330  2263.573     0.000
       136     3.999     0.040     0.000     0.068    -1.981  3203.796  2283.806     8.863    16.253    10.295  2239.918     0.000
       137     4.023     0.040     0.000     0.069    -1.981  3201.932  2285.141     8.860    16.196    10.258  2215.645     0.000
       138     4.049     0.040     0.000     0.070    -1.981  3200.007  2286.520     8.858    16.136    10.220  2190.752     0.000
       139     4.077     0.041     0.000     0.071    -1.981  3198.018  2287.944     8.855    16.074    10.181  2165.238     0.000
       140     4.105     0.041     0.000     0.071    -1.982  3195.964  2289.415     8.852    16.011    10.140  2139.104     0.000
       141     4.135     0.041     0.000     0.072    -1.982  3193.845  2290.932     8.849    15.945    10.099  2112.351     0.000
       142     4.166     0.041     0.000     0.073    -1.982  3191.657  2292.498     8.846    15.877    10.056  2084.978     0.000
       143     4.199     0.041     0.000     0.074    -1.982  3189.401  2294.114     8.843    15.807    10.011  2056.987     0.000
       144     4.233     0.041     0.000     0.075    -1.982  3187.073  2295.780     8.840    15.735     9.965  2028.380     0.000
       145     4.269     0.042     0.000     0.076    -1.983  3184.673  2297.498     8.837    15.661     9.918  1999.157     0.000
       146     4.307     0.042     0.000     0.076    -1.983  3182.198  2299.270     8.833    15.584     9.869  1969.321     0.000
       147     4.346     0.042     0.000     0.077    -1.983  3179.647  2301.096     8.830    15.505     9.819  1938.872     0.000
       148     4.388     0.042     0.000     0.078    -1.983  3177.016  2302.979     8.826    15.424     9.767  1907.814     0.000
       149     4.432     0.042     0.000     0.079    -1.983  3174.305  2304.919     8.822    15.340     9.714  1876.148     0.000
       150     4.478     0.043     0.000     0.080    -1.984  3171.509  2306.919     8.818    15.254     9.659  1843.875     0.000
       151     4.526     0.043     0.000     0.081    -1.984  3168.628  2308.981     8.814    15.165     9.603  1810.997     0.000
       152     4.577     0.043     0.000     0.082    -1.984  3165.657  2311.106     8.810    15.073     9.544  1777.516     0.000
       153     4.631     0.044     0.000     0.083    -1.984  3162.595  2313.297     8.806    14.978     9.484  1743.432     0.000
       154     4.687     0.044     0.000     0.084    -1.985  3159.437  2315.556     8.802    14.881     9.422  1708.747     0.000
       155     4.747     0.044     0.000     0.085    -1.985  3156.180  2317.886     8.797    14.780     9.358  1673.461     0.000
       156     4.811     0.044     0.000     0.086    -1.985  3152.820  2320.289     8.792    14.676     9.292  1637.575     0.000
       157     4.878     0.045     0.000     0.088    -1.986  3149.352  2322.768     8.787    14.569     9.225  1601.086     0.000
       158     4.950     0.045     0.000     0.089    -1.986  3145.773  2325.327     8.782    14.459     9.154  1563.994     0.000
       159     5.026     0.045     0.000     0.090    -1.987  3142.076  2327.970     8.777    14.345     9.082  1526.296     0.000
       160     5.107     0.046     0.000     0.091    -1.987  3138.256  2330.700     8.771    14.227     9.007  1487.988     0.000
       161     5.194     0.046     0.000     0.093    -1.987  3134.307  2333.522     8.766    14.106     8.930  1449.064     0.000
       162     5.286     0.047     0.000     0.094    -1.988  3130.221  2336.442     8.760    13.980     8.850  1409.518     0.000
       163     5.386     0.047     0.000     0.095    -1.988  3125.990  2339.464     8.754    13.850     8.768  1369.338     0.000
       164     5.493     0.048     0.000     0.097    -1.989  3121.604  2342.596     8.747    13.715     8.682  1328.514     0.000
       165     5.603     0.048     0.000     0.098    -1.989  3117.282  2345.683     8.741    13.582     8.598  1289.084     0.000
       166     5.715     0.049     0.000     0.100    -1.990  3113.043  2348.708     8.735    13.452     8.515  1251.189     0.000
       167     5.830     0.049     0.000     0.101    -1.991  3108.886  2351.675     8.729    13.325     8.434  1214.763     0.000
       168     5.946     0.050     0.000     0.103    -1.991  3104.810  2354.583     8.723    13.200     8.355  1179.741     0.000
       169     6.065     0.050     0.000     0.104    -1.992  3100.813  2357.435     8.717    13.077     8.277  1146.063     0.000
       170     6.187     0.051     0.000     0.106    -1.992  3096.893  2360.230     8.711    12.957     8.201  1113.672     0.000
       171     6.310     0.051     0.000     0.107    -1.993  3093.048  2362.971     8.705    12.840     8.126  1082.511     0.000
       172     6.437     0.052     0.000     0.109    -1.993  3089.278  2365.657     8.700    12.724     8.053  1052.529     0.000
       173     6.566     0.053     0.000     0.110    -1.994  3085.580  2368.292     8.694    12.611     7.981  1023.675     0.000
       174     6.697     0.053     0.000     0.111    -1.995  3081.954  2370.874     8.689    12.500     7.911   995.901     0.000
       175     6.831     0.054     0.000     0.113    -1.995  3078.398  2373.406     8.683    12.392     7.842   969.161     0.000
       176     6.968     0.054     0.000     0.114    -1.996  3074.911  2375.888     8.678    12.286     7.774   943.413     0.000
       177     7.107     0.055     0.000     0.116    -1.997  3071.490  2378.322     8.673    12.181     7.708   918.614     0.000
       178     7.249     0.056     0.000     0.117    -1.997  3068.136  2380.708     8.667    12.079     7.643   894.724     0.000
       179     7.394     0.056     0.000     0.119    -1.998  3064.846  2383.047     8.662    11.979     7.580   871.707     0.000
       180     7.542     0.057     0.000     0.120    -1.998  3061.619  2385.340     8.657    11.881     7.517   849.525     0.000
       181     7.693     0.057     0.000     0.121    -1.999  3058.455  2387.588     8.652    11.785     7.456   828.144     0.000
       182     7.847     0.058     0.000     0.123    -2.000  3055.351  2389.792     8.648    11.690     7.397   807.532     0.000
       183     8.004     0.059     0.000     0.124    -2.000  3052.307  2391.953     8.643    11.598     7.338   787.656     0.000
       184     8.164     0.059     0.000     0.126    -2.001  3049.321  2394.072     8.638    11.507     7.280   768.487     0.000
       185     8.327     0.060     0.000     0.127    -2.002  3046.393  2396.149     8.633    11.418     7.224   749.997     0.000
       186     8.494     0.061     0.000     0.129    -2.002  3043.523  2398.185     8.629    11.331     7.169   732.164     0.000
       187     8.664     0.061     0.000     0.130    -2.003  3040.709  2400.181     8.624    11.246     7.115   714.959     0.000
       188     8.837     0.062     0.000     0.132    -2.004  3037.950  2402.139     8.620    11.163     7.062   698.357     0.000
       189     9.014     0.063     0.000     0.133    -2.004  3035.245  2404.058     8.616    11.081     7.010   682.334     0.000
       190     9.195     0.063     0.000     0.135    -2.005  3032.593  2405.939     8.611    11.001     6.959   666.868     0.000
       191     9.378     0.064     0.000     0.136    -2.006  3029.993  2407.783     8.607    10.922     6.909   651.936     0.000
       192     9.566     0.065     0.000     0.138    -2.006  3027.444  2409.591     8.603    10.845     6.860   637.516     0.000
       193     9.757     0.066     0.000     0.139    -2.007  3024.945  2411.364     8.599    10.770     6.812   623.589     0.000
       194     9.953     0.066     0.000     0.141    -2.008  3022.495  2413.102     8.595    10.696     6.766   610.136     0.000
       195    10.152     0.067     0.000     0.142    -2.008  3020.093  2414.806     8.591    10.623     6.720   597.137     0.000
       196    10.355     0.068     0.000     0.144    -2.009  3017.739  2416.476     8.587    10.552     6.675   584.576     0.000
       197    10.562     0.068     0.000     0.145    -2.010  3015.430  2418.114     8.583    10.482     6.630   572.435     0.000
       198    10.773     0.069     0.000     0.147    -2.011  3013.167  2419.720     8.579    10.414     6.587   560.697     0.000
       199    10.989     0.070     0.000     0.149    -2.011  3010.948  2421.294     8.576    10.347     6.545   549.349     0.000
       200    11.209     0.071     0.000     0.150    -2.012  3008.772  2422.837     8.572    10.282     6.503   538.374     0.000
       201    11.433     0.072     0.000     0.152    -2.013  3006.640  2424.350     8.568    10.218     6.463   527.759     0.000
       202    11.662     0.072     0.000     0.153    -2.014  3004.549  2425.833     8.565    10.155     6.423   517.490     0.000
       203    11.895     0.073     0.000     0.155    -2.014  3002.499  2427.288     8.561    10.093     6.384   507.554     0.000
       204    12.133     0.074     0.000     0.157    -2.015  3000.489  2428.713     8.558    10.033     6.345   497.938     0.000
       205    12.376     0.075     0.000     0.158    -2.016  2998.518  2430.111     8.555     9.974     6.308   488.631     0.000
       206    12.623     0.076     0.000     0.160    -2.017  2996.587  2431.482     8.551     9.916     6.271   479.621     0.000
       207    12.876     0.076     0.000     0.162    -2.017  2994.693  2432.825     8.548     9.859     6.235   470.897     0.000
       208    13.133     0.077     0.000     0.163    -2.018  2992.836  2434.142     8.545     9.803     6.200   462.449     0.000
       209    13.396     0.078     0.000     0.165    -2.019  2991.016  2435.433     8.542     9.748     6.165   454.266     0.000
       210    13.664     0.079     0.000     0.167    -2.020  2989.231  2436.700     8.539     9.695     6.131   446.339     0.000
       211    13.937     0.080     0.000     0.169    -2.021  2987.482  2437.941     8.535     9.643     6.098   438.659     0.000
       212    14.216     0.081     0.000     0.170    -2.022  2985.766  2439.158     8.532     9.591     6.065   431.216     0.000
       213    14.501     0.082     0.000     0.172    -2.022  2984.085  2440.351     8.529     9.541     6.033   424.002     0.000
       214    14.791     0.083     0.000     0.174    -2.023  2982.436  2441.520     8.527     9.491     6.002   417.009     0.000
       215    15.087     0.083     0.000     0.176    -2.024  2980.819  2442.667     8.524     9.443     5.971   410.230     0.000
       216    15.388     0.084     0.000     0.178    -2.025  2979.235  2443.791     8.521     9.396     5.941   403.656     0.000
       217    15.696     0.085     0.000     0.180    -2.026  2977.681  2444.893     8.518     9.349     5.912   397.280     0.000
       218    16.010     0.086     0.000     0.181    -2.027  2976.158  2445.974     8.515     9.304     5.883   391.096     0.000
       219    16.330     0.087     0.000     0.183    -2.027  2974.665  2447.033     8.513     9.259     5.855   385.096     0.000
       220    16.657     0.088     0.000     0.185    -2.028  2973.201  2448.072     8.510     9.215     5.827   379.275     0.000
       221    16.990     0.089     0.000     0.187    -2.029  2971.765  2449.090     8.508     9.173     5.800   373.625     0.000
       222    17.330     0.090     0.000     0.189    -2.030  2970.358  2450.088     8.505     9.131     5.773   368.142     0.000
       223    17.677     0.091     0.000     0.191    -2.031  2968.979  2451.067     8.502     9.089     5.747   362.820     0.000
       224    18.030     0.092     0.000     0.193    -2.032  2967.626  2452.026     8.500     9.049     5.722   357.653     0.000
       225    18.391     0.093     0.000     0.195    -2.033  2966.300  2452.967     8.498     9.010     5.697   352.635     0.000
       226    18.759     0.094     0.000     0.197    -2.034  2965.000  2453.889     8.495     8.971     5.672   347.762     0.000
       227    19.134     0.095     0.000     0.199    -2.035  2963.726  2454.793     8.493     8.933     5.648   343.029     0.000
       228    19.517     0.096     0.000     0.201    -2.036  2962.476  2455.680     8.491     8.896     5.624   338.432     0.000
       229    19.907     0.097     0.000     0.203    -2.037  2961.251  2456.549     8.488     8.859     5.601   333.965     0.000
       230    20.306     0.098     0.000     0.206    -2.037  2960.050  2457.401     8.486     8.823     5.579   329.624     0.000
       231    20.712     0.099     0.000     0.208    -2.038  2958.873  2458.236     8.484     8.788     5.556   325.406     0.000
       232    21.126     0.100     0.000     0.210    -2.039  2957.718  2459.055     8.482     8.754     5.535   321.306     0.000
       233    21.549     0.101     0.000     0.212    -2.040  2956.586  2459.858     8.480     8.720     5.513   317.321     0.000
       234    21.980     0.103     0.000     0.214    -2.041  2955.477  2460.645     8.478     8.687     5.493   313.446     0.000
       235    22.419     0.104     0.000     0.217    -2.042  2954.389  2461.416     8.476     8.655     5.472   309.679     0.000
       236    22.868     0.105     0.000     0.219    -2.043  2953.323  2462.173     8.474     8.623     5.452   306.015     0.000
       237    23.325     0.106     0.000     0.221    -2.044  2952.277  2462.915     8.472     8.592     5.432   302.451     0.000
       238    23.792     0.107     0.000     0.224    -2.045  2951.252  2463.642     8.470     8.562     5.413   298.985     0.000
       239    24.268     0.108     0.000     0.226    -2.046  2950.247  2464.355     8.468     8.532     5.394   295.613     0.000
       240    24.753     0.109     0.000     0.228    -2.047  2949.262  2465.054     8.466     8.503     5.376   292.332     0.000
       241    25.248     0.111     0.000     0.231    -2.048  2948.296  2465.739     8.464     8.474     5.357   289.140     0.000
       242    25.753     0.112     0.000     0.233    -2.050  2947.349  2466.411     8.462     8.446     5.340   286.033     0.000
       243    26.268     0.113     0.000     0.236    -2.051  2946.421  2467.069     8.460     8.419     5.322   283.009     0.000
       244    26.794     0.114     0.000     0.238    -2.052  2945.510  2467.715     8.459     8.392     5.305   280.065     0.000
       245    27.330     0.115     0.000     0.241    -2.053  2944.618  2468.348     8.457     8.365     5.288   277.199     0.000
       246    27.876     0.117     0.000     0.244    -2.054  2943.743  2468.969     8.455     8.339     5.272   274.409     0.000
       247    28.434     0.118     0.000     0.246    -2.055  2942.885  2469.577     8.454     8.314     5.256   271.692     0.000
       248    29.003     0.119     0.000     0.249    -2.056  2942.045  2470.174     8.452     8.289     5.240   269.046     0.000
       249    29.583     0.120     0.000     0.251    -2.057  2941.220  2470.758     8.451     8.265     5.225   266.469     0.000
       250    30.174     0.122     0.000     0.254    -2.058  2940.412  2471.332     8.449     8.241     5.209   263.958     0.000
       251    30.778     0.123     0.000     0.257    -2.059  2939.620  2471.894     8.447     8.217     5.195   261.513     0.000
       252    31.394     0.124     0.000     0.260    -2.061  2938.843  2472.445     8.446     8.194     5.180   259.130     0.000
       253    32.022     0.126     0.000     0.263    -2.062  2938.081  2472.985     8.444     8.172     5.166   256.808     0.000
       254    32.662     0.127     0.000     0.265    -2.063  2937.334  2473.515     8.443     8.150     5.152   254.546     0.000
       255    33.315     0.128     0.000     0.268    -2.064  2936.602  2474.034     8.442     8.128     5.138   252.341     0.000
       256    33.982     0.130     0.000     0.271    -2.065  2935.885  2474.543     8.440     8.107     5.125   250.191     0.000
       257    34.661     0.131     0.000     0.274    -2.066  2935.181  2475.043     8.439     8.086     5.111   248.096     0.000
       258    35.355     0.133     0.000     0.277    -2.068  2934.491  2475.532     8.437     8.066     5.099   246.054     0.000
       259    36.062     0.134     0.000     0.280    -2.069  2933.815  2476.012     8.436     8.046     5.086   244.063     0.000
       260    36.783     0.135     0.000     0.284    -2.070  2933.152  2476.482     8.435     8.026     5.073   242.121     0.000
       261    37.519     0.137     0.000     0.287    -2.071  2932.502  2476.943     8.433     8.007     5.061   240.228     0.000
       262    38.269     0.138     0.000     0.290    -2.072  2931.865  2477.395     8.432     7.988     5.049   238.381     0.000
       263    39.035     0.140     0.000     0.293    -2.074  2931.240  2477.839     8.431     7.970     5.038   236.580     0.000
       264    39.815     0.141     0.000     0.296    -2.075  2930.627  2478.273     8.430     7.952     5.026   234.824     0.000
       265    40.612     0.143     0.000     0.300    -2.076  2930.027  2478.699     8.429     7.934     5.015   233.110     0.000
       266    41.424     0.144     0.000     0.303    -2.078  2929.438  2479.117     8.427     7.916     5.004   231.438     0.000
       267    42.253     0.146     0.000     0.306    -2.079  2928.861  2479.526     8.426     7.899     4.993   229.807     0.000
       268    43.098     0.147     0.000     0.310    -2.080  2928.295  2479.928     8.425     7.883     4.983   228.215     0.000
       269    43.960     0.149     0.000     0.313    -2.081  2927.740  2480.321     8.424     7.866     4.972   226.662     0.000
       270    44.839     0.151     0.000     0.317    -2.083  2927.196  2480.707     8.423     7.850     4.962   225.146     0.000
       271    45.736     0.152     0.000     0.321    -2.084  2926.663  2481.085     8.422     7.835     4.952   223.667     0.000
       272    46.651     0.154     0.000     0.324    -2.085  2926.140  2481.456     8.421     7.819     4.942   222.223     0.000
       273    47.584     0.155     0.000     0.328    -2.087  2925.627  2481.820     8.420     7.804     4.933   220.813     0.000
       274    48.535     0.157     0.000     0.332    -2.088  2925.125  2482.176     8.419     7.789     4.923   219.437     0.000
       275    49.506     0.159     0.000     0.336    -2.090  2924.632  2482.526     8.418     7.775     4.914   218.094     0.000
       276    50.496     0.160     0.000     0.339    -2.091  2924.149  2482.868     8.417     7.761     4.905   216.782     0.000
       277    51.506     0.162     0.000     0.343    -2.092  2923.676  2483.204     8.416     7.747     4.896   215.501     0.000
       278    52.537     0.164     0.000     0.347    -2.094  2923.212  2483.534     8.415     7.733     4.888   214.250     0.000
       279    53.587     0.165     0.000     0.351    -2.095  2922.756  2483.857     8.414     7.720     4.879   213.029     0.000
       280    54.659     0.167     0.000     0.355    -2.097  2922.310  2484.173     8.413     7.706     4.871   211.836     0.000
       281    55.752     0.169     0.000     0.360    -2.098  2921.873  2484.483     8.412     7.694     4.863   210.671     0.000
       282    56.867     0.171     0.000     0.364    -2.100  2921.444  2484.788     8.411     7.681     4.855   209.533     0.000
       283    58.005     0.173     0.000     0.368    -2.101  2921.023  2485.086     8.411     7.669     4.847   208.421     0.000
       284    59.165     0.174     0.000     0.372    -2.103  2920.611  2485.378     8.410     7.656     4.839   207.335     0.000
       285    60.348     0.176     0.000     0.377    -2.104  2920.207  2485.665     8.409     7.645     4.832   206.273     0.000
       286    61.555     0.178     0.000     0.381    -2.106  2919.811  2485.946     8.408     7.633     4.824   205.237     0.000
       287    62.787     0.180     0.000     0.386    -2.107  2919.422  2486.222     8.407     7.621     4.817   204.224     0.000
       288    64.042     0.182     0.000     0.390    -2.109  2919.042  2486.492     8.407     7.610     4.810   203.234     0.000
       289    65.323     0.184     0.000     0.395    -2.110  2918.668  2486.757     8.406     7.599     4.803   202.266     0.000
       290    66.630     0.186     0.000     0.400    -2.112  2918.302  2487.016     8.405     7.589     4.796   201.321     0.000
       291    67.962     0.188     0.000     0.405    -2.114  2917.943  2487.271     8.404     7.578     4.790   200.397     0.000
       292    69.322     0.190     0.000     0.410    -2.115  2917.591  2487.521     8.404     7.568     4.783   199.494     0.000
       293    70.708     0.192     0.000     0.414    -2.117  2917.247  2487.765     8.403     7.557     4.777   198.611     0.000
       294    72.122     0.194     0.000     0.420    -2.118  2916.908  2488.005     8.402     7.548     4.770   197.748     0.000
       295    73.565     0.196     0.000     0.425    -2.120  2916.577  2488.240     8.402     7.538     4.764   196.904     0.000
       296    75.036     0.198     0.000     0.430    -2.122  2916.252  2488.471     8.401     7.528     4.758   196.080     0.000
       297    76.537     0.200     0.000     0.435    -2.123  2915.933  2488.697     8.400     7.519     4.752   195.273     0.000
       298    78.068     0.202     0.000     0.440    -2.125  2915.621  2488.919     8.400     7.510     4.746   194.485     0.000
       299    79.629     0.204     0.000     0.446    -2.127  2915.314  2489.136     8.399     7.501     4.741   193.714     0.000
       300    81.222     0.206     0.000     0.451    -2.129  2915.014  2489.349     8.398     7.492     4.735   192.960     0.000
       301    82.846     0.208     0.000     0.457    -2.130  2914.720  2489.558     8.398     7.483     4.730   192.223     0.000
       302    84.503     0.210     0.000     0.463    -2.132  2914.431  2489.763     8.397     7.475     4.724   191.503     0.000
       303    86.193     0.213     0.000     0.468    -2.134  2914.148  2489.963     8.397     7.466     4.719   190.798     0.000
       304    87.917     0.215     0.000     0.474    -2.136  2913.871  2490.160     8.396     7.458     4.714   190.108     0.000
       305    89.676     0.217     0.000     0.480    -2.137  2913.599  2490.353     8.395     7.450     4.709   189.434     0.000
       306    91.469     0.219     0.000     0.486    -2.139  2913.332  2490.542     8.395     7.442     4.704   188.775     0.000
       307    93.299     0.221     0.000     0.492    -2.141  2913.071  2490.728     8.394     7.435     4.699   188.129     0.000
       308    95.165     0.224     0.000     0.499    -2.143  2912.814  2490.909     8.394     7.427     4.694   187.498     0.000
       309    97.068     0.226     0.000     0.505    -2.145  2912.563  2491.088     8.393     7.420     4.689   186.881     0.000
       310    99.009     0.228     0.000     0.511    -2.147  2912.317  2491.262     8.393     7.413     4.685   186.277     0.000
       311   100.990     0.231     0.000     0.518    -2.149  2912.075  2491.434     8.392     7.406     4.680   185.686     0.000
       312   103.010     0.233     0.000     0.524    -2.150  2911.839  2491.602     8.392     7.399     4.676   185.108     0.000
       313   105.070     0.236     0.000     0.531    -2.152  2911.606  2491.766     8.391     7.392     4.672   184.543     0.000
       314   107.171     0.238     0.000     0.538    -2.154  2911.379  2491.928     8.391     7.385     4.667   183.989     0.000
       315   109.315     0.241     0.000     0.545    -2.156  2911.156  2492.086     8.390     7.379     4.663   183.448     0.000
       316   111.501     0.243     0.000     0.552    -2.158  2910.937  2492.241     8.390     7.372     4.659   182.918     0.000
       317   113.731     0.246     0.000     0.559    -2.160  2910.723  2492.393     8.389     7.366     4.655   182.399     0.000
       318   116.006     0.248     0.000     0.567    -2.162  2910.512  2492.543     8.389     7.360     4.651   181.892     0.000
       319   118.326     0.251     0.000     0.574    -2.164  2910.306  2492.689     8.389     7.354     4.647   181.395     0.000
       320   120.692     0.253     0.000     0.582    -2.166  2910.104  2492.832     8.388     7.348     4.644   180.909     0.000
       321   123.106     0.256     0.000     0.589    -2.169  2909.906  2492.973     8.388     7.342     4.640   180.433     0.000
       322   125.569     0.259     0.000     0.597    -2.171  2909.712  2493.110     8.387     7.336     4.636   179.968     0.000
       323   128.080     0.261     0.000     0.605    -2.173  2909.521  2493.246     8.387     7.331     4.633   179.512     0.000
       324   130.642     0.264     0.000     0.613    -2.175  2909.335  2493.378     8.387     7.325     4.629   179.066     0.000
       325   133.254     0.267     0.000     0.622    -2.177  2909.152  2493.508     8.386     7.320     4.626   178.630     0.000
       326   135.920     0.269     0.000     0.630    -2.179  2908.972  2493.635     8.386     7.314     4.623   178.202     0.000
       327   138.638     0.272     0.000     0.639    -2.181  2908.796  2493.760     8.385     7.309     4.619   177.784     0.000
       328   141.411     0.275     0.000     0.647    -2.184  2908.624  2493.882     8.385     7.304     4.616   177.374     0.000
       329   144.239     0.278     0.000     0.656    -2.186  2908.455  2494.002     8.385     7.299     4.613   176.973     0.000
       330   147.124     0.281     0.000     0.665    -2.188  2908.289  2494.120     8.384     7.294     4.610   176.580     0.000
       331   150.066     0.284     0.000     0.674    -2.190  2908.126  2494.235     8.384     7.290     4.607   176.196     0.000
       332   153.068     0.287     0.000     0.684    -2.193  2907.967  2494.348     8.384     7.285     4.604   175.820     0.000
       333   156.129     0.290     0.000     0.693    -2.195  2907.811  2494.459     8.383     7.280     4.601   175.451     0.000
       334   159.252     0.293     0.000     0.703    -2.197  2907.658  2494.568     8.383     7.276     4.598   175.090     0.000
       335   162.437     0.296     0.000     0.713    -2.200  2907.507  2494.674     8.383     7.271     4.595   174.737     0.000
       336   165.686     0.299     0.000     0.723    -2.202  2907.360  2494.779     8.382     7.267     4.593   174.391     0.000
       337   168.999     0.302     0.000     0.733    -2.204  2907.216  2494.881     8.382     7.263     4.590   174.052     0.000
       338   172.379     0.305     0.000     0.744    -2.207  2907.074  2494.981     8.382     7.259     4.587   173.721     0.000
       339   175.827     0.308     0.000     0.754    -2.209  2906.936  2495.080     8.382     7.255     4.585   173.396     0.000
       340   179.344     0.311     0.000     0.765    -2.212  2906.800  2495.176     8.381     7.251     4.582   173.078     0.000
       341   182.930     0.314     0.000     0.776    -2.214  2906.666  2495.271     8.381     7.247     4.580   172.766     0.000
       342   186.589     0.318     0.000     0.787    -2.216  2906.536  2495.364     8.381     7.243     4.577   172.461     0.000
       343   190.321     0.321     0.000     0.799    -2.219  2906.408  2495.454     8.381     7.239     4.575   172.162     0.000
       344   194.127     0.324     0.000     0.811    -2.221  2906.282  2495.544     8.380     7.235     4.573   171.869     0.000
       345   198.010     0.327     0.000     0.823    -2.224  2906.159  2495.631     8.380     7.232     4.570   171.582     0.000
       346   201.970     0.331     0.000     0.835    -2.227  2906.038  2495.717     8.380     7.228     4.568   171.302     0.000
       347   206.009     0.334     0.000     0.848    -2.229  2905.920  2495.801     8.380     7.225     4.566   171.027     0.000
       348   210.130     0.338     0.000     0.861    -2.232  2905.804  2495.883     8.379     7.221     4.564   170.757     0.000
       349   214.332     0.341     0.000     0.874    -2.234  2905.690  2495.964     8.379     7.218     4.561   170.493     0.000
       350   218.619     0.345     0.000     0.887    -2.237  2905.578  2496.043     8.379     7.215     4.559   170.234     0.000
       351   222.991     0.348     0.000     0.901    -2.240  2905.469  2496.120     8.379     7.211     4.557   169.981     0.000
       352   227.451     0.352     0.000     0.915    -2.242  2905.362  2496.197     8.378     7.208     4.555   169.733     0.000
       353   232.000     0.355     0.000     0.929    -2.245  2905.256  2496.271     8.378     7.205     4.553   169.490     0.000
       354   236.640     0.359     0.000     0.944    -2.248  2905.153  2496.344     8.378     7.202     4.551   169.252     0.000
       355   241.373     0.363     0.000     0.959    -2.251  2905.052  2496.416     8.378     7.199     4.550   169.018     0.000
       356   246.201     0.366     0.000     0.975    -2.253  2904.953  2496.486     8.378     7.196     4.548   168.790     0.000
       357   251.125     0.370     0.000     0.991    -2.256  2904.856  2496.555     8.377     7.193     4.546   168.566     0.000
       358   256.147     0.374     0.000     1.007    -2.259  2904.761  2496.623     8.377     7.190     4.544   168.346     0.000
---------------------------- Plume traps -----------------------------
       359   261.270     0.378     0.000     1.024    -2.262  2904.668  2496.689     8.377     7.188     4.542   168.131     0.000
       360   266.495     0.382     0.000     1.041    -2.265  2904.576  2496.754     8.377     7.185     4.541   167.920     0.000
       361   271.825     0.386     0.000     1.059    -2.268  2904.486  2496.817     8.377     7.182     4.539   167.714     0.000
       362   277.262     0.390     0.000     1.077    -2.271  2904.398  2496.880     8.376     7.180     4.537   167.511     0.000
       363   282.807     0.394     0.000     1.096    -2.273  2904.312  2496.941     8.376     7.177     4.536   167.313     0.000
       364   288.463     0.398     0.000     1.116    -2.276  2904.228  2497.001     8.376     7.175     4.534   167.119     0.000
       365   294.232     0.402     0.000     1.136    -2.279  2904.145  2497.060     8.376     7.172     4.533   166.929     0.000
       366   300.117     0.406     0.000     1.156    -2.282  2904.063  2497.117     8.376     7.170     4.531   166.742     0.000
       367   306.119     0.410     0.000     1.178    -2.285  2903.984  2497.174     8.376     7.167     4.530   166.559     0.000
       368   312.242     0.414     0.000     1.200    -2.288  2903.906  2497.229     8.375     7.165     4.528   166.380     0.000
       369   318.487     0.419     0.000     1.224    -2.291  2903.829  2497.284     8.375     7.163     4.527   166.204     0.000
       370   324.856     0.423     0.000     1.248    -2.294  2903.754  2497.337     8.375     7.161     4.525   166.032     0.000
       371   331.353     0.427     0.000     1.273    -2.297  2903.680  2497.389     8.375     7.158     4.524   165.863     0.000
       372   337.980     0.432     0.000     1.299    -2.300  2903.608  2497.440     8.375     7.156     4.522   165.698     0.000
       373   344.740     0.436     0.000     1.327    -2.304  2903.537  2497.491     8.375     7.154     4.521   165.536     0.000
       374   351.635     0.441     0.000     1.356    -2.307  2903.468  2497.540     8.374     7.152     4.520   165.377     0.000
       375   358.667     0.445     0.000     1.386    -2.310  2903.400  2497.588     8.374     7.150     4.519   165.221     0.000
       376   365.841     0.450     0.000     1.419    -2.313  2903.333  2497.635     8.374     7.148     4.517   165.069     0.000
       377   373.157     0.454     0.000     1.454    -2.316  2903.268  2497.682     8.374     7.146     4.516   164.919     0.000
       378   380.621     0.459     0.000     1.491    -2.319  2903.204  2497.727     8.374     7.144     4.515   164.772     0.000
       379   387.907     0.464     0.000     1.530    -2.322  2903.144  2497.770     8.374     7.143     4.514   164.635     0.000
       380   394.727     0.468     0.000     1.568    -2.324  2903.089  2497.808     8.374     7.141     4.513   164.510     0.000
       381   401.035     0.472     0.000     1.607    -2.327  2903.041  2497.843     8.374     7.139     4.512   164.399     0.000
       382   406.801     0.475     0.000     1.646    -2.329  2902.998  2497.873     8.374     7.138     4.511   164.300     0.000
       383   412.007     0.478     0.000     1.684    -2.330  2902.960  2497.900     8.373     7.137     4.510   164.214     0.000
       384   416.640     0.481     0.000     1.723    -2.332  2902.927  2497.924     8.373     7.136     4.510   164.138     0.000
       385   420.689     0.483     0.000     1.761    -2.333  2902.899  2497.944     8.373     7.135     4.509   164.074     0.000
       386   424.143     0.485     0.000     1.800    -2.334  2902.875  2497.960     8.373     7.135     4.509   164.020     0.000
       387   426.996     0.487     0.000     1.838    -2.335  2902.856  2497.974     8.373     7.134     4.508   163.976     0.000
       388   429.239     0.488     0.000     1.877    -2.335  2902.841  2497.985     8.373     7.134     4.508   163.942     0.000
       389   430.867     0.489     0.000     1.915    -2.335  2902.830  2497.992     8.373     7.133     4.508   163.917     0.000
---------------------- Local maximum rise or fall --------------------
       390   431.879     0.490     0.000     1.954    -2.335  2902.824  2497.997     8.373     7.133     4.508   163.902     0.000
       391   432.564     0.490     0.000     1.992    -2.335  2902.819  2498.000     8.373     7.133     4.508   163.892     0.000
       392   433.375     0.491     0.000     2.031    -2.334  2902.814  2498.004     8.373     7.133     4.508   163.880     0.000
       393   434.547     0.491     0.000     2.070    -2.333  2902.806  2498.009     8.373     7.132     4.507   163.863     0.000
       394   436.211     0.492     0.000     2.109    -2.332  2902.796  2498.017     8.373     7.132     4.507   163.839     0.000
       395   438.459     0.494     0.000     2.149    -2.330  2902.781  2498.027     8.373     7.132     4.507   163.806     0.000
       396   441.372     0.495     0.000     2.191    -2.328  2902.763  2498.040     8.373     7.131     4.507   163.764     0.000
       397   445.047     0.497     0.000     2.234    -2.326  2902.740  2498.056     8.373     7.131     4.506   163.713     0.000
       398   449.607     0.500     0.000     2.280    -2.324  2902.712  2498.076     8.373     7.130     4.506   163.650     0.000
       399   455.226     0.503     0.000     2.328    -2.320  2902.679  2498.100     8.373     7.129     4.505   163.574     0.000
       400   462.155     0.506     0.000     2.381    -2.317  2902.639  2498.128     8.373     7.128     4.504   163.483     0.000
       401   470.786     0.511     0.000     2.440    -2.312  2902.590  2498.162     8.373     7.126     4.503   163.373     0.000
       402   480.202     0.516     0.000     2.498    -2.307  2902.540  2498.198     8.373     7.125     4.502   163.258     0.000
       403   489.806     0.521     0.000     2.553    -2.303  2902.490  2498.234     8.372     7.123     4.501   163.146     0.000
       404   499.602     0.526     0.000     2.604    -2.298  2902.441  2498.268     8.372     7.122     4.501   163.036     0.000
       405   509.594     0.531     0.000     2.654    -2.294  2902.393  2498.302     8.372     7.120     4.500   162.928     0.000
       406   519.786     0.537     0.000     2.703    -2.289  2902.346  2498.336     8.372     7.119     4.499   162.822     0.000
       407   530.182     0.542     0.000     2.751    -2.285  2902.300  2498.368     8.372     7.118     4.498   162.719     0.000
       408   540.785     0.547     0.000     2.799    -2.281  2902.255  2498.400     8.372     7.116     4.497   162.618     0.000
       409   551.601     0.553     0.000     2.847    -2.276  2902.211  2498.432     8.372     7.115     4.496   162.519     0.000
---------------------------- Plume traps -----------------------------
       410   562.633     0.558     0.000     2.896    -2.272  2902.167  2498.462     8.372     7.114     4.495   162.422     0.000
-------------------- Starting Farfield Calculations --------------------
Note: Plumes not merged, Brooks method may be overly conservative
Farfield dispersion based on wastefield width of :      48.56 (m)
4/3 Power Law based Eddy Diffusivity is used:
  Dilution     Width  Distance      Time        TA       DIC        pH    OmegaC    OmegaA
        ()       (m)       (m)    (hrs.) (mmol/m3) (mmol/m3)   (total)        ()        ()
   562.633    50.430     2.896     0.039  2902.167  2498.462     8.372     7.114     4.495
   562.633    50.499     3.000     0.041  2902.167  2498.462     8.372     7.114     4.496
   562.633    51.166     4.000     0.055  2902.167  2498.462     8.372     7.114     4.496
   562.635    51.835     5.000     0.069  2902.167  2498.462     8.372     7.114     4.496
   562.647    52.508     6.000     0.082  2902.166  2498.463     8.372     7.114     4.496
   562.692    53.184     7.000     0.096  2902.166  2498.463     8.372     7.114     4.496
   562.806    53.862     8.000     0.110  2902.166  2498.463     8.372     7.114     4.496
   563.032    54.543     9.000     0.124  2902.160  2498.468     8.372     7.114     4.495
   563.416    55.227    10.000     0.138  2902.160  2498.468     8.372     7.114     4.495
   563.994    55.914    11.000     0.152  2902.160  2498.468     8.372     7.114     4.495
   564.798    56.604    12.000     0.166  2902.145  2498.478     8.372     7.113     4.495
   565.849    57.296    13.000     0.180  2902.145  2498.478     8.372     7.113     4.495
   567.159    57.992    14.000     0.194  2902.145  2498.478     8.372     7.113     4.495
   568.733    58.690    15.000     0.207  2902.122  2498.495     8.372     7.113     4.495
   570.570    59.391    16.000     0.221  2902.122  2498.495     8.372     7.113     4.495
   572.665    60.094    17.000     0.235  2902.122  2498.495     8.372     7.113     4.495
   575.011    60.801    18.000     0.249  2902.091  2498.517     8.372     7.112     4.494
   577.597    61.510    19.000     0.263  2902.091  2498.517     8.372     7.112     4.494
   580.413    62.222    20.000     0.277  2902.091  2498.517     8.372     7.112     4.494
   583.447    62.936    21.000     0.291  2902.053  2498.543     8.372     7.111     4.493
   586.686    63.654    22.000     0.305  2902.053  2498.543     8.372     7.111     4.493
   590.120    64.374    23.000     0.319  2902.053  2498.543     8.372     7.111     4.493
   593.737    65.097    24.000     0.332  2902.011  2498.573     8.371     7.109     4.493
   597.526    65.822    25.000     0.346  2902.011  2498.573     8.371     7.109     4.493
   601.477    66.550    26.000     0.360  2902.011  2498.573     8.371     7.109     4.493
   605.580    67.281    27.000     0.374  2901.966  2498.606     8.371     7.108     4.492
   609.827    68.014    28.000     0.388  2901.966  2498.606     8.371     7.108     4.492
   614.207    68.750    29.000     0.402  2901.966  2498.606     8.371     7.108     4.492
   618.715    69.489    30.000     0.416  2901.917  2498.640     8.371     7.107     4.491
   623.341    70.230    31.000     0.430  2901.917  2498.640     8.371     7.107     4.491
   628.081    70.974    32.000     0.444  2901.917  2498.640     8.371     7.107     4.491
   632.926    71.721    33.000     0.457  2901.867  2498.675     8.371     7.105     4.490
   637.872    72.470    34.000     0.471  2901.867  2498.675     8.371     7.105     4.490
   642.913    73.222    35.000     0.485  2901.867  2498.675     8.371     7.105     4.490
   648.044    73.976    36.000     0.499  2901.816  2498.712     8.371     7.104     4.489
   653.260    74.733    37.000     0.513  2901.816  2498.712     8.371     7.104     4.489
   658.558    75.492    38.000     0.527  2901.816  2498.712     8.371     7.104     4.489
   663.933    76.255    39.000     0.541  2901.764  2498.748     8.371     7.102     4.488
   669.381    77.019    40.000     0.555  2901.764  2498.748     8.371     7.102     4.488
   674.900    77.786    41.000     0.569  2901.764  2498.748     8.371     7.102     4.488
   680.486    78.556    42.000     0.582  2901.712  2498.785     8.371     7.101     4.487
   686.136    79.328    43.000     0.596  2901.712  2498.785     8.371     7.101     4.487
   691.847    80.103    44.000     0.610  2901.712  2498.785     8.371     7.101     4.487
   697.617    80.880    45.000     0.624  2901.660  2498.822     8.371     7.099     4.486
   703.444    81.660    46.000     0.638  2901.660  2498.822     8.371     7.099     4.486
   709.325    82.442    47.000     0.652  2901.660  2498.822     8.371     7.099     4.486
   715.259    83.226    48.000     0.666  2901.609  2498.859     8.371     7.098     4.485
   721.243    84.013    49.000     0.680  2901.609  2498.859     8.371     7.098     4.485
   727.276    84.803    50.000     0.694  2901.609  2498.859     8.371     7.098     4.485
   733.356    85.595    51.000     0.707  2901.558  2498.895     8.371     7.096     4.484
   739.481    86.390    52.000     0.721  2901.558  2498.895     8.371     7.096     4.484
   745.651    87.187    53.000     0.735  2901.558  2498.895     8.371     7.096     4.484
   751.863    87.986    54.000     0.749  2901.507  2498.931     8.370     7.095     4.483
   758.117    88.788    55.000     0.763  2901.507  2498.931     8.370     7.095     4.483
   764.411    89.592    56.000     0.777  2901.507  2498.931     8.370     7.095     4.483
   770.744    90.399    57.000     0.791  2901.457  2498.966     8.370     7.093     4.482
   777.115    91.208    58.000     0.805  2901.457  2498.966     8.370     7.093     4.482
   783.524    92.019    59.000     0.819  2901.457  2498.966     8.370     7.093     4.482
   789.968    92.833    60.000     0.832  2901.408  2499.001     8.370     7.092     4.481
   796.448    93.649    61.000     0.846  2901.408  2499.001     8.370     7.092     4.481
   802.963    94.468    62.000     0.860  2901.408  2499.001     8.370     7.092     4.481
   809.511    95.289    63.000     0.874  2901.360  2499.035     8.370     7.090     4.481
   816.092    96.112    64.000     0.888  2901.360  2499.035     8.370     7.090     4.481
   822.706    96.938    65.000     0.902  2901.360  2499.035     8.370     7.090     4.481
   829.351    97.766    66.000     0.916  2901.314  2499.068     8.370     7.089     4.480
   836.027    98.596    67.000     0.930  2901.314  2499.068     8.370     7.089     4.480
   842.733    99.429    68.000     0.944  2901.314  2499.068     8.370     7.089     4.480
   849.470   100.264    69.000     0.957  2901.268  2499.101     8.370     7.087     4.479
   856.235   101.101    70.000     0.971  2901.268  2499.101     8.370     7.087     4.479
   863.030   101.941    71.000     0.985  2901.268  2499.101     8.370     7.087     4.479
   869.853   102.783    72.000     0.999  2901.223  2499.133     8.370     7.086     4.478
   876.704   103.627    73.000     1.013  2901.223  2499.133     8.370     7.086     4.478
   883.582   104.474    74.000     1.027  2901.223  2499.133     8.370     7.086     4.478
   890.487   105.323    75.000     1.041  2901.179  2499.164     8.370     7.085     4.477
   897.419   106.174    76.000     1.055  2901.179  2499.164     8.370     7.085     4.477
   904.377   107.028    77.000     1.069  2901.179  2499.164     8.370     7.085     4.477
   911.361   107.883    78.000     1.082  2901.136  2499.194     8.370     7.084     4.476
   918.371   108.741    79.000     1.096  2901.136  2499.194     8.370     7.084     4.476
   925.406   109.602    80.000     1.110  2901.136  2499.194     8.370     7.084     4.476
   932.466   110.464    81.000     1.124  2901.095  2499.223     8.370     7.082     4.476
   939.550   111.329    82.000     1.138  2901.095  2499.223     8.370     7.082     4.476
   946.659   112.196    83.000     1.152  2901.095  2499.223     8.370     7.082     4.476
   953.792   113.065    84.000     1.166  2901.055  2499.252     8.369     7.081     4.475
   960.949   113.937    85.000     1.180  2901.055  2499.252     8.369     7.081     4.475
   968.129   114.810    86.000     1.194  2901.055  2499.252     8.369     7.081     4.475
   975.333   115.686    87.000     1.207  2901.015  2499.280     8.369     7.080     4.474
   982.559   116.565    88.000     1.221  2901.015  2499.280     8.369     7.080     4.474
   989.809   117.445    89.000     1.235  2901.015  2499.280     8.369     7.080     4.474
   997.081   118.328    90.000     1.249  2900.977  2499.307     8.369     7.079     4.473
  1004.376   119.212    91.000     1.263  2900.977  2499.307     8.369     7.079     4.473
  1011.693   120.099    92.000     1.277  2900.977  2499.307     8.369     7.079     4.473
  1019.032   120.989    93.000     1.291  2900.940  2499.333     8.369     7.078     4.473
  1026.393   121.880    94.000     1.305  2900.940  2499.333     8.369     7.078     4.473
  1033.775   122.773    95.000     1.319  2900.940  2499.333     8.369     7.078     4.473
  1041.179   123.669    96.000     1.332  2900.904  2499.358     8.369     7.077     4.472
  1048.605   124.567    97.000     1.346  2900.904  2499.358     8.369     7.077     4.472
  1056.051   125.467    98.000     1.360  2900.904  2499.358     8.369     7.077     4.472
  1063.519   126.369    99.000     1.374  2900.870  2499.383     8.369     7.076     4.471
  1071.007   127.274   100.000     1.388  2900.870  2499.383     8.369     7.076     4.471
  1078.517   128.180   101.000     1.402  2900.870  2499.383     8.369     7.076     4.471
  1086.047   129.089   102.000     1.416  2900.836  2499.407     8.369     7.075     4.471
  1093.597   130.000   103.000     1.430  2900.836  2499.407     8.369     7.075     4.471
  1101.168   130.912   104.000     1.444  2900.836  2499.407     8.369     7.075     4.471
  1108.759   131.827   105.000     1.457  2900.803  2499.430     8.369     7.074     4.470
  1116.370   132.745   106.000     1.471  2900.803  2499.430     8.369     7.074     4.470
  1124.000   133.664   107.000     1.485  2900.803  2499.430     8.369     7.074     4.470
  1131.651   134.585   108.000     1.499  2900.772  2499.453     8.369     7.073     4.470
  1139.322   135.509   109.000     1.513  2900.772  2499.453     8.369     7.073     4.470
  1147.012   136.434   110.000     1.527  2900.772  2499.453     8.369     7.073     4.470
  1154.722   137.362   111.000     1.541  2900.741  2499.474     8.369     7.072     4.469
  1162.451   138.292   112.000     1.555  2900.741  2499.474     8.369     7.072     4.469
  1170.199   139.224   113.000     1.569  2900.741  2499.474     8.369     7.072     4.469
  1177.967   140.158   114.000     1.582  2900.711  2499.495     8.369     7.071     4.468
  1185.754   141.094   115.000     1.596  2900.711  2499.495     8.369     7.071     4.468
  1193.559   142.032   116.000     1.610  2900.711  2499.495     8.369     7.071     4.468
  1201.384   142.972   117.000     1.624  2900.683  2499.516     8.369     7.070     4.468
  1209.228   143.914   118.000     1.638  2900.683  2499.516     8.369     7.070     4.468
  1217.090   144.859   119.000     1.652  2900.683  2499.516     8.369     7.070     4.468
  1224.971   145.805   120.000     1.666  2900.655  2499.535     8.369     7.069     4.467
  1232.870   146.753   121.000     1.680  2900.655  2499.535     8.369     7.069     4.467
  1240.789   147.704   122.000     1.694  2900.655  2499.535     8.369     7.069     4.467
  1248.725   148.656   123.000     1.707  2900.628  2499.554     8.369     7.069     4.467
  1256.680   149.611   124.000     1.721  2900.628  2499.554     8.369     7.069     4.467
  1264.653   150.567   125.000     1.735  2900.628  2499.554     8.369     7.069     4.467
  1272.644   151.526   126.000     1.749  2900.603  2499.572     8.369     7.068     4.466
  1280.654   152.487   127.000     1.763  2900.603  2499.572     8.369     7.068     4.466
  1288.682   153.449   128.000     1.777  2900.603  2499.572     8.369     7.068     4.466
  1296.727   154.414   129.000     1.791  2900.578  2499.590     8.368     7.067     4.466
  1304.791   155.381   130.000     1.805  2900.578  2499.590     8.368     7.067     4.466
  1312.872   156.349   131.000     1.819  2900.578  2499.590     8.368     7.067     4.466
  1320.971   157.320   132.000     1.832  2900.554  2499.607     8.368     7.066     4.466
  1329.088   158.293   133.000     1.846  2900.554  2499.607     8.368     7.066     4.466
  1337.223   159.268   134.000     1.860  2900.554  2499.607     8.368     7.066     4.466
  1345.375   160.244   135.000     1.874  2900.531  2499.624     8.368     7.066     4.465
  1353.544   161.223   136.000     1.888  2900.531  2499.624     8.368     7.066     4.465
  1361.732   162.204   137.000     1.902  2900.531  2499.624     8.368     7.066     4.465
  1369.936   163.186   138.000     1.916  2900.508  2499.639     8.368     7.065     4.465
  1378.158   164.171   139.000     1.930  2900.508  2499.639     8.368     7.065     4.465
  1386.398   165.157   140.000     1.944  2900.508  2499.639     8.368     7.065     4.465
  1394.654   166.146   141.000     1.957  2900.487  2499.655     8.368     7.065     4.464
  1402.928   167.137   142.000     1.971  2900.487  2499.655     8.368     7.065     4.464
  1411.219   168.129   143.000     1.985  2900.487  2499.655     8.368     7.065     4.464
  1419.527   169.123   144.000     1.999  2900.466  2499.669     8.368     7.064     4.464
  1427.852   170.120   145.000     2.013  2900.466  2499.669     8.368     7.064     4.464
  1436.194   171.118   146.000     2.027  2900.466  2499.669     8.368     7.064     4.464
  1444.553   172.118   147.000     2.041  2900.446  2499.684     8.368     7.063     4.464
  1452.929   173.121   148.000     2.055  2900.446  2499.684     8.368     7.063     4.464
  1461.322   174.125   149.000     2.069  2900.446  2499.684     8.368     7.063     4.464
  1469.732   175.131   150.000     2.082  2900.427  2499.697     8.368     7.063     4.463
  1478.158   176.139   151.000     2.096  2900.427  2499.697     8.368     7.063     4.463
  1486.601   177.149   152.000     2.110  2900.427  2499.697     8.368     7.063     4.463
  1495.061   178.161   153.000     2.124  2900.408  2499.710     8.368     7.062     4.463
  1503.537   179.175   154.000     2.138  2900.408  2499.710     8.368     7.062     4.463
  1512.030   180.190   155.000     2.152  2900.408  2499.710     8.368     7.062     4.463
  1520.540   181.208   156.000     2.166  2900.391  2499.723     8.368     7.062     4.462
  1529.066   182.228   157.000     2.180  2900.391  2499.723     8.368     7.062     4.462
  1537.608   183.249   158.000     2.194  2900.391  2499.723     8.368     7.062     4.462
  1546.167   184.272   159.000     2.207  2900.374  2499.735     8.368     7.061     4.462
  1554.742   185.298   160.000     2.221  2900.374  2499.735     8.368     7.061     4.462
  1563.334   186.325   161.000     2.235  2900.374  2499.735     8.368     7.061     4.462
  1571.941   187.354   162.000     2.249  2900.357  2499.747     8.368     7.061     4.462
  1580.565   188.385   163.000     2.263  2900.357  2499.747     8.368     7.061     4.462
  1589.206   189.418   164.000     2.277  2900.357  2499.747     8.368     7.061     4.462
  1597.862   190.452   165.000     2.291  2900.341  2499.758     8.368     7.060     4.462
  1606.535   191.489   166.000     2.305  2900.341  2499.758     8.368     7.060     4.462
  1615.223   192.527   167.000     2.319  2900.341  2499.758     8.368     7.060     4.462
  1623.928   193.567   168.000     2.332  2900.326  2499.769     8.368     7.060     4.461
  1632.649   194.610   169.000     2.346  2900.326  2499.769     8.368     7.060     4.461
  1641.385   195.654   170.000     2.360  2900.326  2499.769     8.368     7.060     4.461
  1650.138   196.700   171.000     2.374  2900.312  2499.779     8.368     7.059     4.461
  1658.906   197.747   172.000     2.388  2900.312  2499.779     8.368     7.059     4.461
  1667.691   198.797   173.000     2.402  2900.312  2499.779     8.368     7.059     4.461
  1676.491   199.848   174.000     2.416  2900.298  2499.789     8.368     7.059     4.461
  1685.307   200.902   175.000     2.430  2900.298  2499.789     8.368     7.059     4.461
  1694.139   201.957   176.000     2.444  2900.298  2499.789     8.368     7.059     4.461
  1702.986   203.014   177.000     2.457  2900.284  2499.798     8.368     7.059     4.461
  1711.849   204.073   178.000     2.471  2900.284  2499.798     8.368     7.059     4.461
  1720.728   205.133   179.000     2.485  2900.284  2499.798     8.368     7.059     4.461
  1729.623   206.196   180.000     2.499  2900.271  2499.808     8.368     7.058     4.460
  1738.533   207.260   181.000     2.513  2900.271  2499.808     8.368     7.058     4.460
  1747.458   208.326   182.000     2.527  2900.271  2499.808     8.368     7.058     4.460
  1756.400   209.394   183.000     2.541  2900.259  2499.816     8.368     7.058     4.460
  1765.356   210.464   184.000     2.555  2900.259  2499.816     8.368     7.058     4.460
  1774.328   211.536   185.000     2.569  2900.259  2499.816     8.368     7.058     4.460
  1783.316   212.609   186.000     2.582  2900.247  2499.825     8.368     7.057     4.460
  1792.319   213.684   187.000     2.596  2900.247  2499.825     8.368     7.057     4.460
  1801.337   214.761   188.000     2.610  2900.247  2499.825     8.368     7.057     4.460
  1810.371   215.840   189.000     2.624  2900.236  2499.833     8.368     7.057     4.460
  1819.420   216.921   190.000     2.638  2900.236  2499.833     8.368     7.057     4.460
  1828.484   218.003   191.000     2.652  2900.236  2499.833     8.368     7.057     4.460
  1837.564   219.087   192.000     2.666  2900.225  2499.841     8.368     7.057     4.459
  1846.659   220.173   193.000     2.680  2900.225  2499.841     8.368     7.057     4.459
  1855.769   221.261   194.000     2.694  2900.225  2499.841     8.368     7.057     4.459
  1864.894   222.351   195.000     2.707  2900.214  2499.848     8.368     7.057     4.459
  1874.034   223.442   196.000     2.721  2900.214  2499.848     8.368     7.057     4.459
  1883.189   224.535   197.000     2.735  2900.214  2499.848     8.368     7.057     4.459
  1892.360   225.630   198.000     2.749  2900.204  2499.855     8.368     7.056     4.459
  1901.545   226.727   199.000     2.763  2900.204  2499.855     8.368     7.056     4.459
  1910.746   227.825   200.000     2.777  2900.204  2499.855     8.368     7.056     4.459
  1919.961   228.926   201.000     2.791  2900.195  2499.862     8.368     7.056     4.459
  1929.192   230.028   202.000     2.805  2900.195  2499.862     8.368     7.056     4.459
  1938.437   231.132   203.000     2.819  2900.195  2499.862     8.368     7.056     4.459
  1947.697   232.237   204.000     2.832  2900.185  2499.868     8.368     7.056     4.459
  1956.973   233.344   205.000     2.846  2900.185  2499.868     8.368     7.056     4.459
  1966.263   234.453   206.000     2.860  2900.185  2499.868     8.368     7.056     4.459
............................. Reached Chronic Mixing Zone ..........................
  1975.568   235.564   207.000     2.874  2900.177  2499.875     8.368     7.055     4.459
  1984.887   236.677   208.000     2.888  2900.177  2499.875     8.368     7.055     4.459
  1994.222   237.791   209.000     2.902  2900.177  2499.875     8.368     7.055     4.459
  2003.571   238.907   210.000     2.916  2900.168  2499.881     8.368     7.055     4.458
  2012.935   240.025   211.000     2.930  2900.168  2499.881     8.368     7.055     4.458
  2022.314   241.144   212.000     2.944  2900.168  2499.881     8.368     7.055     4.458
  2031.707   242.266   213.000     2.957  2900.160  2499.886     8.368     7.055     4.458
  2041.115   243.389   214.000     2.971  2900.160  2499.886     8.368     7.055     4.458
  2050.538   244.513   215.000     2.985  2900.160  2499.886     8.368     7.055     4.458
  2059.975   245.640   216.000     2.999  2900.152  2499.892     8.368     7.055     4.458
  2069.427   246.768   217.000     3.013  2900.152  2499.892     8.368     7.055     4.458
  2078.893   247.898   218.000     3.027  2900.152  2499.892     8.368     7.055     4.458
  2088.374   249.029   219.000     3.041  2900.145  2499.897     8.368     7.054     4.458
  2097.870   250.163   220.000     3.055  2900.145  2499.897     8.368     7.054     4.458
  2107.380   251.298   221.000     3.069  2900.145  2499.897     8.368     7.054     4.458
  2116.904   252.434   222.000     3.082  2900.138  2499.902     8.368     7.054     4.458
  2126.443   253.573   223.000     3.096  2900.138  2499.902     8.368     7.054     4.458
  2135.996   254.713   224.000     3.110  2900.138  2499.902     8.368     7.054     4.458
  2145.564   255.855   225.000     3.124  2900.131  2499.907     8.368     7.054     4.458
  2155.146   256.998   226.000     3.138  2900.131  2499.907     8.368     7.054     4.458
  2164.742   258.144   227.000     3.152  2900.131  2499.907     8.368     7.054     4.458
  2174.352   259.291   228.000     3.166  2900.125  2499.911     8.368     7.054     4.458
  2183.977   260.439   229.000     3.180  2900.125  2499.911     8.368     7.054     4.458
  2193.617   261.590   230.000     3.194  2900.125  2499.911     8.368     7.054     4.458
  2203.270   262.742   231.000     3.207  2900.119  2499.916     8.368     7.054     4.457
  2212.938   263.895   232.000     3.221  2900.119  2499.916     8.368     7.054     4.457
  2222.619   265.051   233.000     3.235  2900.119  2499.916     8.368     7.054     4.457
  2232.315   266.208   234.000     3.249  2900.113  2499.920     8.368     7.054     4.457
  2242.026   267.367   235.000     3.263  2900.113  2499.920     8.368     7.054     4.457
  2251.750   268.527   236.000     3.277  2900.113  2499.920     8.368     7.054     4.457
  2261.488   269.689   237.000     3.291  2900.107  2499.924     8.367     7.053     4.457
  2271.241   270.853   238.000     3.305  2900.107  2499.924     8.367     7.053     4.457
  2281.008   272.018   239.000     3.319  2900.107  2499.924     8.367     7.053     4.457
  2290.788   273.186   240.000     3.332  2900.102  2499.928     8.367     7.053     4.457
  2300.583   274.354   241.000     3.346  2900.102  2499.928     8.367     7.053     4.457
  2310.392   275.525   242.000     3.360  2900.102  2499.928     8.367     7.053     4.457
  2320.214   276.697   243.000     3.374  2900.097  2499.931     8.367     7.053     4.457
  2330.051   277.871   244.000     3.388  2900.097  2499.931     8.367     7.053     4.457
  2339.902   279.046   245.000     3.402  2900.097  2499.931     8.367     7.053     4.457
  2349.766   280.223   246.000     3.416  2900.092  2499.935     8.367     7.053     4.457
  2359.645   281.402   247.000     3.430  2900.092  2499.935     8.367     7.053     4.457
  2369.537   282.582   248.000     3.444  2900.092  2499.935     8.367     7.053     4.457
  2379.443   283.764   249.000     3.457  2900.087  2499.938     8.367     7.053     4.457
  2389.363   284.948   250.000     3.471  2900.087  2499.938     8.367     7.053     4.457
  2399.297   286.133   251.000     3.485  2900.087  2499.938     8.367     7.053     4.457
  2409.245   287.320   252.000     3.499  2900.083  2499.941     8.367     7.053     4.457
  2419.206   288.509   253.000     3.513  2900.083  2499.941     8.367     7.053     4.457
  2429.181   289.699   254.000     3.527  2900.083  2499.941     8.367     7.053     4.457
  2439.170   290.891   255.000     3.541  2900.079  2499.944     8.367     7.053     4.457
  2449.173   292.084   256.000     3.555  2900.079  2499.944     8.367     7.053     4.457
  2459.189   293.279   257.000     3.569  2900.079  2499.944     8.367     7.053     4.457
  2469.219   294.476   258.000     3.582  2900.075  2499.947     8.367     7.052     4.457
  2479.263   295.674   259.000     3.596  2900.075  2499.947     8.367     7.052     4.457
  2489.320   296.874   260.000     3.610  2900.075  2499.947     8.367     7.052     4.457
  2499.391   298.076   261.000     3.624  2900.071  2499.950     8.367     7.052     4.457
  2509.476   299.279   262.000     3.638  2900.071  2499.950     8.367     7.052     4.457
  2519.574   300.484   263.000     3.652  2900.071  2499.950     8.367     7.052     4.457
  2529.686   301.690   264.000     3.666  2900.067  2499.952     8.367     7.052     4.456
  2539.811   302.898   265.000     3.680  2900.067  2499.952     8.367     7.052     4.456
  2549.950   304.108   266.000     3.694  2900.067  2499.952     8.367     7.052     4.456
  2560.102   305.319   267.000     3.707  2900.064  2499.955     8.367     7.052     4.456
  2570.268   306.532   268.000     3.721  2900.064  2499.955     8.367     7.052     4.456
  2580.447   307.747   269.000     3.735  2900.064  2499.955     8.367     7.052     4.456
  2590.640   308.963   270.000     3.749  2900.061  2499.957     8.367     7.052     4.456
  2600.846   310.180   271.000     3.763  2900.061  2499.957     8.367     7.052     4.456
  2611.066   311.400   272.000     3.777  2900.061  2499.957     8.367     7.052     4.456
  2621.299   312.621   273.000     3.791  2900.057  2499.959     8.367     7.052     4.456
  2631.545   313.843   274.000     3.805  2900.057  2499.959     8.367     7.052     4.456
  2641.805   315.067   275.000     3.819  2900.057  2499.959     8.367     7.052     4.456
  2652.078   316.293   276.000     3.832  2900.054  2499.961     8.367     7.052     4.456
  2662.365   317.520   277.000     3.846  2900.054  2499.961     8.367     7.052     4.456
  2672.664   318.749   278.000     3.860  2900.054  2499.961     8.367     7.052     4.456
  2682.977   319.979   279.000     3.874  2900.052  2499.963     8.367     7.052     4.456
  2693.304   321.211   280.000     3.888  2900.052  2499.963     8.367     7.052     4.456
  2703.643   322.444   281.000     3.902  2900.052  2499.963     8.367     7.052     4.456
  2713.996   323.680   282.000     3.916  2900.049  2499.965     8.367     7.052     4.456
  2724.362   324.916   283.000     3.930  2900.049  2499.965     8.367     7.052     4.456
  2734.741   326.154   284.000     3.944  2900.049  2499.965     8.367     7.052     4.456
  2745.134   327.394   285.000     3.957  2900.046  2499.967     8.367     7.052     4.456
  2755.539   328.636   286.000     3.971  2900.046  2499.967     8.367     7.052     4.456
  2765.958   329.879   287.000     3.985  2900.046  2499.967     8.367     7.052     4.456
  2776.390   331.123   288.000     3.999  2900.044  2499.969     8.367     7.052     4.456
  2786.835   332.369   289.000     4.013  2900.044  2499.969     8.367     7.052     4.456
  2797.293   333.617   290.000     4.027  2900.044  2499.969     8.367     7.052     4.456
  2807.764   334.866   291.000     4.041  2900.042  2499.971     8.367     7.051     4.456
  2818.248   336.117   292.000     4.055  2900.042  2499.971     8.367     7.051     4.456
  2828.746   337.369   293.000     4.069  2900.042  2499.971     8.367     7.051     4.456
  2839.256   338.623   294.000     4.082  2900.039  2499.972     8.367     7.051     4.456
  2849.780   339.878   295.000     4.096  2900.039  2499.972     8.367     7.051     4.456
  2860.316   341.135   296.000     4.110  2900.039  2499.972     8.367     7.051     4.456
  2870.865   342.394   297.000     4.124  2900.037  2499.974     8.367     7.051     4.456
  2881.428   343.654   298.000     4.138  2900.037  2499.974     8.367     7.051     4.456
  2892.003   344.915   299.000     4.152  2900.037  2499.974     8.367     7.051     4.456
  2902.591   346.178   300.000     4.166  2900.035  2499.975     8.367     7.051     4.456
  2913.192   347.443   301.000     4.180  2900.035  2499.975     8.367     7.051     4.456
  2923.806   348.709   302.000     4.194  2900.035  2499.975     8.367     7.051     4.456
  2934.433   349.977   303.000     4.207  2900.033  2499.976     8.367     7.051     4.456
  2945.073   351.246   304.000     4.221  2900.033  2499.976     8.367     7.051     4.456
  2955.726   352.517   305.000     4.235  2900.033  2499.976     8.367     7.051     4.456
  2966.391   353.789   306.000     4.249  2900.032  2499.978     8.367     7.051     4.456
  2977.070   355.063   307.000     4.263  2900.032  2499.978     8.367     7.051     4.456
  2987.761   356.338   308.000     4.277  2900.032  2499.978     8.367     7.051     4.456
  2998.465   357.615   309.000     4.291  2900.030  2499.979     8.367     7.051     4.456
  3009.181   358.894   310.000     4.305  2900.030  2499.979     8.367     7.051     4.456
  3019.911   360.174   311.000     4.319  2900.030  2499.979     8.367     7.051     4.456
  3030.653   361.455   312.000     4.332  2900.028  2499.980     8.367     7.051     4.456
  3041.408   362.738   313.000     4.346  2900.028  2499.980     8.367     7.051     4.456
  3052.176   364.023   314.000     4.360  2900.028  2499.980     8.367     7.051     4.456
  3062.956   365.309   315.000     4.374  2900.027  2499.981     8.367     7.051     4.456
  3073.749   366.596   316.000     4.388  2900.027  2499.981     8.367     7.051     4.456
  3084.555   367.885   317.000     4.402  2900.027  2499.981     8.367     7.051     4.456
  3095.373   369.176   318.000     4.416  2900.025  2499.982     8.367     7.051     4.456
  3106.204   370.468   319.000     4.430  2900.025  2499.982     8.367     7.051     4.456
  3117.048   371.761   320.000     4.444  2900.025  2499.982     8.367     7.051     4.456
  3127.904   373.056   321.000     4.457  2900.024  2499.983     8.367     7.051     4.456
  3138.773   374.353   322.000     4.471  2900.024  2499.983     8.367     7.051     4.456
  3149.655   375.651   323.000     4.485  2900.024  2499.983     8.367     7.051     4.456
  3160.549   376.950   324.000     4.499  2900.023  2499.984     8.367     7.051     4.456
  3171.455   378.251   325.000     4.513  2900.023  2499.984     8.367     7.051     4.456
  3182.374   379.554   326.000     4.527  2900.023  2499.984     8.367     7.051     4.456
  3193.306   380.858   327.000     4.541  2900.021  2499.985     8.367     7.051     4.456
  3204.250   382.163   328.000     4.555  2900.021  2499.985     8.367     7.051     4.456
  3215.207   383.470   329.000     4.569  2900.021  2499.985     8.367     7.051     4.456
  3226.176   384.779   330.000     4.582  2900.020  2499.986     8.367     7.051     4.456
  3237.158   386.089   331.000     4.596  2900.020  2499.986     8.367     7.051     4.456
  3248.152   387.400   332.000     4.610  2900.020  2499.986     8.367     7.051     4.456
  3259.158   388.713   333.000     4.624  2900.019  2499.987     8.367     7.051     4.456
  3270.177   390.027   334.000     4.638  2900.019  2499.987     8.367     7.051     4.456
  3281.208   391.343   335.000     4.652  2900.019  2499.987     8.367     7.051     4.456
  3292.252   392.661   336.000     4.666  2900.018  2499.987     8.367     7.051     4.456
  3303.308   393.979   337.000     4.680  2900.018  2499.987     8.367     7.051     4.456
  3314.377   395.300   338.000     4.694  2900.018  2499.987     8.367     7.051     4.456
  3325.457   396.622   339.000     4.707  2900.017  2499.988     8.367     7.051     4.456
  3336.551   397.945   340.000     4.721  2900.017  2499.988     8.367     7.051     4.456
  3347.656   399.269   341.000     4.735  2900.017  2499.988     8.367     7.051     4.456
  3358.774   400.596   342.000     4.749  2900.016  2499.989     8.367     7.051     4.456
  3369.904   401.923   343.000     4.763  2900.016  2499.989     8.367     7.051     4.456
  3381.046   403.252   344.000     4.777  2900.016  2499.989     8.367     7.051     4.456
  3392.201   404.583   345.000     4.791  2900.015  2499.989     8.367     7.051     4.455
  3403.368   405.915   346.000     4.805  2900.015  2499.989     8.367     7.051     4.455
  3414.547   407.249   347.000     4.819  2900.015  2499.989     8.367     7.051     4.455
  3425.738   408.583   348.000     4.832  2900.014  2499.990     8.367     7.051     4.455
  3436.942   409.920   349.000     4.846  2900.014  2499.990     8.367     7.051     4.455
  3448.158   411.258   350.000     4.860  2900.014  2499.990     8.367     7.051     4.455
  3459.386   412.597   351.000     4.874  2900.013  2499.990     8.367     7.051     4.455
  3470.626   413.938   352.000     4.888  2900.013  2499.990     8.367     7.051     4.455
  3481.878   415.280   353.000     4.902  2900.013  2499.991     8.367     7.051     4.455
  3493.142   416.624   354.000     4.916  2900.013  2499.991     8.367     7.051     4.455
  3504.419   417.969   355.000     4.930  2900.013  2499.991     8.367     7.051     4.455
  3515.708   419.315   356.000     4.944  2900.012  2499.992     8.367     7.051     4.455
  3527.008   420.663   357.000     4.957  2900.012  2499.992     8.367     7.051     4.455
  3538.321   422.013   358.000     4.971  2900.012  2499.992     8.367     7.051     4.455
  3549.646   423.364   359.000     4.985  2900.011  2499.992     8.367     7.051     4.455
  3560.983   424.716   360.000     4.999  2900.011  2499.992     8.367     7.051     4.455
  3572.333   426.070   361.000     5.013  2900.011  2499.992     8.367     7.051     4.455
  3583.694   427.425   362.000     5.027  2900.011  2499.992     8.367     7.051     4.455
  3595.067   428.781   363.000     5.041  2900.011  2499.992     8.367     7.051     4.455
  3606.452   430.139   364.000     5.055  2900.011  2499.992     8.367     7.051     4.455
  3617.849   431.499   365.000     5.069  2900.010  2499.993     8.367     7.051     4.455
  3629.259   432.860   366.000     5.082  2900.010  2499.993     8.367     7.051     4.455
  3640.680   434.222   367.000     5.096  2900.010  2499.993     8.367     7.051     4.455
  3652.113   435.586   368.000     5.110  2900.009  2499.993     8.367     7.050     4.455
  3663.558   436.951   369.000     5.124  2900.009  2499.993     8.367     7.050     4.455
  3675.015   438.318   370.000     5.138  2900.009  2499.993     8.367     7.050     4.455
  3686.484   439.686   371.000     5.152  2900.009  2499.994     8.367     7.050     4.455
  3697.965   441.055   372.000     5.166  2900.009  2499.994     8.367     7.050     4.455
  3709.458   442.426   373.000     5.180  2900.009  2499.994     8.367     7.050     4.455
  3720.962   443.798   374.000     5.194  2900.008  2499.994     8.367     7.050     4.455
  3732.479   445.172   375.000     5.207  2900.008  2499.994     8.367     7.050     4.455
  3744.007   446.547   376.000     5.221  2900.008  2499.994     8.367     7.050     4.455
  3755.548   447.924   377.000     5.235  2900.008  2499.994     8.367     7.050     4.455
  3767.100   449.302   378.000     5.249  2900.008  2499.994     8.367     7.050     4.455
  3778.664   450.681   379.000     5.263  2900.008  2499.994     8.367     7.050     4.455
  3790.240   452.062   380.000     5.277  2900.007  2499.995     8.367     7.050     4.455
  3801.827   453.444   381.000     5.291  2900.007  2499.995     8.367     7.050     4.455
  3813.427   454.827   382.000     5.305  2900.007  2499.995     8.367     7.050     4.455
  3825.038   456.212   383.000     5.319  2900.007  2499.995     8.367     7.050     4.455
  3836.661   457.599   384.000     5.332  2900.007  2499.995     8.367     7.050     4.455
  3848.295   458.987   385.000     5.346  2900.007  2499.995     8.367     7.050     4.455
  3859.942   460.376   386.000     5.360  2900.007  2499.995     8.367     7.050     4.455
  3871.600   461.766   387.000     5.374  2900.007  2499.995     8.367     7.050     4.455
  3883.270   463.158   388.000     5.388  2900.007  2499.995     8.367     7.050     4.455
  3894.951   464.552   389.000     5.402  2900.006  2499.996     8.367     7.050     4.455
  3906.645   465.946   390.000     5.416  2900.006  2499.996     8.367     7.050     4.455
  3918.350   467.343   391.000     5.430  2900.006  2499.996     8.367     7.050     4.455
  3930.066   468.740   392.000     5.444  2900.006  2499.996     8.367     7.050     4.455
  3941.795   470.139   393.000     5.457  2900.006  2499.996     8.367     7.050     4.455
  3953.535   471.539   394.000     5.471  2900.006  2499.996     8.367     7.050     4.455
  3965.286   472.941   395.000     5.485  2900.005  2499.996     8.367     7.050     4.455
  3977.050   474.344   396.000     5.499  2900.005  2499.996     8.367     7.050     4.455
  3988.824   475.749   397.000     5.513  2900.005  2499.996     8.367     7.050     4.455
  4000.611   477.155   398.000     5.527  2900.005  2499.996     8.367     7.050     4.455
  4012.409   478.562   399.000     5.541  2900.005  2499.996     8.367     7.050     4.455
  4024.219   479.970   400.000     5.555  2900.005  2499.996     8.367     7.050     4.455
  4036.040   481.380   401.000     5.569  2900.005  2499.997     8.367     7.050     4.455
  4047.873   482.792   402.000     5.582  2900.005  2499.997     8.367     7.050     4.455
  4059.717   484.205   403.000     5.596  2900.005  2499.997     8.367     7.050     4.455
  4071.573   485.619   404.000     5.610  2900.005  2499.997     8.367     7.050     4.455
  4083.440   487.034   405.000     5.624  2900.005  2499.997     8.367     7.050     4.455
  4095.319   488.451   406.000     5.638  2900.005  2499.997     8.367     7.050     4.455
  4107.210   489.869   407.000     5.652  2900.004  2499.997     8.367     7.050     4.455
  4119.111   491.289   408.000     5.666  2900.004  2499.997     8.367     7.050     4.455
  4131.025   492.710   409.000     5.680  2900.004  2499.997     8.367     7.050     4.455
  4142.950   494.132   410.000     5.694  2900.004  2499.997     8.367     7.050     4.455
  4154.886   495.556   411.000     5.707  2900.004  2499.997     8.367     7.050     4.455
  4166.834   496.981   412.000     5.721  2900.004  2499.997     8.367     7.050     4.455
  4178.793   498.408   413.000     5.735  2900.004  2499.997     8.367     7.050     4.455
  4190.764   499.836   414.000     5.749  2900.004  2499.997     8.367     7.050     4.455
  4202.746   501.265   415.000     5.763  2900.004  2499.997     8.367     7.050     4.455
  4214.739   502.695   416.000     5.777  2900.004  2499.997     8.367     7.050     4.455
  4226.744   504.127   417.000     5.791  2900.004  2499.997     8.367     7.050     4.455
  4238.760   505.560   418.000     5.805  2900.004  2499.997     8.367     7.050     4.455
  4250.788   506.995   419.000     5.819  2900.003  2499.998     8.367     7.050     4.455
  4262.827   508.431   420.000     5.832  2900.003  2499.998     8.367     7.050     4.455
  4274.877   509.868   421.000     5.846  2900.003  2499.998     8.367     7.050     4.455
  4286.938   511.307   422.000     5.860  2900.003  2499.998     8.367     7.050     4.455
  4299.011   512.747   423.000     5.874  2900.003  2499.998     8.367     7.050     4.455
  4311.096   514.188   424.000     5.888  2900.003  2499.998     8.367     7.050     4.455
  4323.191   515.631   425.000     5.902  2900.003  2499.998     8.367     7.050     4.455
  4335.298   517.075   426.000     5.916  2900.003  2499.998     8.367     7.050     4.455
  4347.416   518.521   427.000     5.930  2900.003  2499.998     8.367     7.050     4.455
  4359.546   519.967   428.000     5.944  2900.003  2499.998     8.367     7.050     4.455
  4371.687   521.415   429.000     5.957  2900.003  2499.998     8.367     7.050     4.455
  4383.838   522.865   430.000     5.971  2900.003  2499.998     8.367     7.050     4.455
  4396.002   524.316   431.000     5.985  2900.003  2499.998     8.367     7.050     4.455
  4408.176   525.768   432.000     5.999  2900.003  2499.998     8.367     7.050     4.455
  4420.362   527.221   433.000     6.013  2900.003  2499.998     8.367     7.050     4.455
  4432.559   528.676   434.000     6.027  2900.002  2499.998     8.367     7.050     4.455
  4444.767   530.132   435.000     6.041  2900.002  2499.998     8.367     7.050     4.455
  4456.986   531.590   436.000     6.055  2900.002  2499.998     8.367     7.050     4.455
  4469.216   533.048   437.000     6.069  2900.002  2499.998     8.367     7.050     4.455
  4481.458   534.509   438.000     6.082  2900.002  2499.998     8.367     7.050     4.455
  4493.711   535.970   439.000     6.096  2900.002  2499.998     8.367     7.050     4.455
  4505.975   537.433   440.000     6.110  2900.002  2499.998     8.367     7.050     4.455
  4518.250   538.897   441.000     6.124  2900.002  2499.998     8.367     7.050     4.455
  4530.536   540.362   442.000     6.138  2900.002  2499.998     8.367     7.050     4.455
  4542.833   541.829   443.000     6.152  2900.002  2499.999     8.367     7.050     4.455
  4555.142   543.297   444.000     6.166  2900.002  2499.999     8.367     7.050     4.455
  4567.461   544.767   445.000     6.180  2900.002  2499.999     8.367     7.050     4.455
  4579.792   546.237   446.000     6.194  2900.002  2499.999     8.367     7.050     4.455
  4592.134   547.710   447.000     6.207  2900.002  2499.999     8.367     7.050     4.455
  4604.487   549.183   448.000     6.221  2900.002  2499.999     8.367     7.050     4.455
  4616.850   550.658   449.000     6.235  2900.002  2499.999     8.367     7.050     4.455
  4629.225   552.134   450.000     6.249  2900.002  2499.999     8.367     7.050     4.455
  4641.611   553.611   451.000     6.263  2900.002  2499.999     8.367     7.050     4.455
  4654.008   555.090   452.000     6.277  2900.002  2499.999     8.367     7.050     4.455
  4666.416   556.570   453.000     6.291  2900.002  2499.999     8.367     7.050     4.455
  4678.835   558.051   454.000     6.305  2900.002  2499.999     8.367     7.050     4.455
  4691.265   559.534   455.000     6.319  2900.002  2499.999     8.367     7.050     4.455
  4703.706   561.017   456.000     6.332  2900.002  2499.999     8.367     7.050     4.455
  4716.158   562.503   457.000     6.346  2900.002  2499.999     8.367     7.050     4.455
  4728.621   563.989   458.000     6.360  2900.001  2499.999     8.367     7.050     4.455
  4741.095   565.477   459.000     6.374  2900.001  2499.999     8.367     7.050     4.455
  4753.580   566.966   460.000     6.388  2900.001  2499.999     8.367     7.050     4.455
  4766.076   568.457   461.000     6.402  2900.001  2499.999     8.367     7.050     4.455
  4778.582   569.948   462.000     6.416  2900.001  2499.999     8.367     7.050     4.455
  4791.100   571.441   463.000     6.430  2900.001  2499.999     8.367     7.050     4.455
  4803.628   572.936   464.000     6.444  2900.001  2499.999     8.367     7.050     4.455
  4816.168   574.431   465.000     6.457  2900.001  2499.999     8.367     7.050     4.455
  4828.718   575.928   466.000     6.471  2900.001  2499.999     8.367     7.050     4.455
  4841.280   577.427   467.000     6.485  2900.001  2499.999     8.367     7.050     4.455
  4853.852   578.926   468.000     6.499  2900.001  2499.999     8.367     7.050     4.455
  4866.435   580.427   469.000     6.513  2900.001  2499.999     8.367     7.050     4.455
  4879.029   581.929   470.000     6.527  2900.001  2499.999     8.367     7.050     4.455
  4891.633   583.433   471.000     6.541  2900.001  2499.999     8.367     7.050     4.455
  4904.249   584.937   472.000     6.555  2900.001  2499.999     8.367     7.050     4.455
  4916.875   586.443   473.000     6.569  2900.001  2499.999     8.367     7.050     4.455
  4929.512   587.951   474.000     6.582  2900.001  2499.999     8.367     7.050     4.455
  4942.160   589.459   475.000     6.596  2900.001  2499.999     8.367     7.050     4.455
  4954.819   590.969   476.000     6.610  2900.001  2499.999     8.367     7.050     4.455
  4967.489   592.480   477.000     6.624  2900.001  2499.999     8.367     7.050     4.455
  4980.169   593.993   478.000     6.638  2900.001  2499.999     8.367     7.050     4.455
  4992.860   595.506   479.000     6.652  2900.001  2499.999     8.367     7.050     4.455
  5005.562   597.021   480.000     6.666  2900.001  2499.999     8.367     7.050     4.455
  5018.275   598.538   481.000     6.680  2900.001  2499.999     8.367     7.050     4.455
  5026.699   599.542   481.662     6.689  2900.001  2499.999     8.367     7.050     4.455
