****************************************************************************************************
----------------------------------------------------------------------------------------------------
Ambient Table:
     Depth   Amb-cur   Amb-dir   Amb-sal   Amb-tem   Amb-pol     Decay   Far-spd   Far-dir   Disprsn
       (m)     (m/s)     (deg)     (psu)       (C)    (mg/L)   (1/day)     (m/s)     (deg)(m0.67/s2)
     0.000     0.020    90.000    30.900    11.200     0.000     0.000     0.020    90.000   0.00030
     3.000     0.020    90.000    31.200    10.400     0.000     0.000     0.020    90.000   0.00030
     6.000     0.020    90.000    31.200     9.690     0.000     0.000     0.020    90.000   0.00030
     9.000     0.020    90.000    31.700     9.440     0.000     0.000     0.020    90.000   0.00030
    12.000     0.020    90.000    31.800     9.340     0.000     0.000     0.020    90.000   0.00030
    15.000     0.050    90.000    31.900     9.220     0.000     0.000     0.020    90.000   0.00030
----------------------------------------------------------------------------------------------------
Diffuser Table:
     P-dia    P-elev   V-angle   H-angle     Ports   Spacing   AcuteMZ   ChrncMZ   P-depth   Ttl-flo   Eff-sal      Temp   Polutnt
       (m)       (m)     (deg)     (deg)       ( )       (m)       (m)       (m)       (m)     (cms)     (psu)       (C)    (mg/L)
      0.28     15.00    -45.00     90.00      1.00      0.00     20.70    207.00      2.00      0.01     35.00     10.00 100000.00
----------------------------------------------------------------------------------------------------
Simulation Results:
              Dilutn     P-dia    x-posn    y-posn     Depth    CL-Dil  Amb-Curr    P-Temp     P-Sal    P-Con.     P-Den   Net-Dil      Time
      Step (FluxAvg)       (m)       (m)       (m)       (m)        ()     (m/s)       (C)     (psu)    (mg/L)   (kg/m3)        ()       (s)
         1     1.020     0.221     0.000     0.008    -2.009     1.000     0.020    10.013    34.924 98033.309  1026.912     1.020     0.090
         2     1.032     0.223     0.000     0.013    -2.014     1.000     0.020    10.021    34.878 96865.668  1026.876     1.032     0.143
         3     1.045     0.224     0.000     0.018    -2.019     1.000     0.020    10.029    34.831 95657.852  1026.838     1.045     0.197
         4     1.059     0.226     0.000     0.023    -2.024     1.000     0.020    10.037    34.784 94450.435  1026.800     1.059     0.252
         5     1.072     0.228     0.000     0.028    -2.030     1.000     0.020    10.045    34.737 93243.246  1026.762     1.072     0.309
         6     1.087     0.229     0.000     0.033    -2.035     1.000     0.020    10.053    34.690 92036.110  1026.724     1.087     0.367
         7     1.101     0.231     0.000     0.038    -2.041     1.000     0.020    10.061    34.643 90828.948  1026.686     1.101     0.426
         8     1.116     0.233     0.000     0.044    -2.047     1.000     0.020    10.069    34.597 89621.579  1026.648     1.116     0.487
         9     1.131     0.235     0.000     0.049    -2.053     1.000     0.020    10.076    34.550 88413.833  1026.610     1.131     0.549
        10     1.147     0.237     0.000     0.054    -2.059     1.000     0.020    10.084    34.503 87205.536  1026.572     1.147     0.612
        11     1.163     0.239     0.000     0.060    -2.065     1.000     0.020    10.092    34.456 85996.520  1026.534     1.163     0.677
        12     1.179     0.241     0.000     0.065    -2.072     1.000     0.020    10.100    34.409 84786.622  1026.496     1.179     0.743
        13     1.197     0.243     0.000     0.071    -2.079     1.000     0.020    10.108    34.362 83575.679  1026.458     1.197     0.811
        14     1.214     0.245     0.000     0.076    -2.086     1.000     0.020    10.116    34.315 82363.537  1026.420     1.214     0.881
        15     1.232     0.247     0.000     0.082    -2.093     1.000     0.020    10.123    34.267 81150.042  1026.382     1.232     0.952
        16     1.251     0.250     0.000     0.088    -2.100     1.000     0.020    10.131    34.220 79935.043  1026.344     1.251     1.026
        17     1.270     0.252     0.000     0.094    -2.108     1.000     0.020    10.139    34.173 78718.395  1026.306     1.270     1.101
        18     1.290     0.254     0.000     0.100    -2.115     1.000     0.020    10.147    34.126 77499.952  1026.268     1.290     1.179
        19     1.311     0.257     0.000     0.106    -2.123     1.000     0.020    10.154    34.078 76279.573  1026.230     1.311     1.258
        20     1.332     0.259     0.000     0.112    -2.132     1.000     0.020    10.162    34.031 75057.119  1026.191     1.332     1.340
        21     1.354     0.261     0.000     0.119    -2.140     1.000     0.020    10.170    33.983 73832.453  1026.153     1.354     1.424
        22     1.377     0.264     0.000     0.125    -2.149     1.000     0.020    10.177    33.936 72605.438  1026.115     1.377     1.511
        23     1.401     0.267     0.000     0.131    -2.158     1.000     0.020    10.185    33.888 71375.942  1026.076     1.401     1.600
        24     1.426     0.269     0.000     0.138    -2.167     1.000     0.020    10.193    33.840 70143.830  1026.038     1.426     1.692
        25     1.451     0.272     0.000     0.145    -2.177     1.000     0.020    10.200    33.792 68908.971  1025.999     1.451     1.787
        26     1.478     0.275     0.000     0.152    -2.187     1.000     0.020    10.208    33.744 67671.234  1025.960     1.478     1.885
        27     1.505     0.278     0.000     0.159    -2.197     1.000     0.020    10.215    33.696 66430.486  1025.922     1.505     1.986
        28     1.534     0.281     0.000     0.166    -2.208     1.000     0.020    10.223    33.648 65186.595  1025.883     1.534     2.090
        29     1.564     0.284     0.000     0.173    -2.219     1.000     0.020    10.230    33.600 63939.429  1025.844     1.564     2.199
        30     1.595     0.288     0.000     0.181    -2.231     1.000     0.020    10.238    33.552 62688.853  1025.805     1.595     2.311
        31     1.627     0.291     0.000     0.188    -2.242     1.000     0.020    10.245    33.504 61457.364  1025.767     1.627     2.425
        32     1.660     0.295     0.000     0.196    -2.254     1.000     0.020    10.252    33.457 60250.112  1025.729     1.660     2.540
        33     1.693     0.298     0.000     0.203    -2.266     1.000     0.020    10.259    33.412 59066.619  1025.692     1.693     2.657
        34     1.727     0.302     0.000     0.210    -2.278     1.000     0.020    10.266    33.367 57906.416  1025.656     1.727     2.775
        35     1.762     0.305     0.000     0.218    -2.291     1.000     0.020    10.272    33.323 56769.043  1025.621     1.762     2.895
        36     1.797     0.309     0.000     0.225    -2.303     1.000     0.020    10.278    33.280 55654.049  1025.587     1.797     3.017
        37     1.833     0.312     0.000     0.233    -2.316     1.000     0.020    10.284    33.238 54560.991  1025.553     1.833     3.140
        38     1.870     0.316     0.000     0.240    -2.329     1.000     0.020    10.290    33.196 53489.438  1025.520     1.870     3.265
        39     1.907     0.320     0.000     0.248    -2.342     1.000     0.020    10.296    33.156 52438.965  1025.487     1.907     3.391
        40     1.945     0.324     0.000     0.255    -2.355     1.000     0.020    10.302    33.116 51409.155  1025.455     1.945     3.519
        41     1.984     0.327     0.000     0.263    -2.368     1.000     0.020    10.307    33.077 50399.601  1025.424     1.984     3.648
        42     2.024     0.331     0.000     0.270    -2.381     1.012     0.020    10.312    33.039 49409.904  1025.394     2.024     3.780
        43     2.064     0.335     0.000     0.277    -2.395     1.032     0.020    10.317    33.002 48439.671  1025.364     2.064     3.913
        44     2.106     0.339     0.000     0.285    -2.409     1.053     0.020    10.322    32.965 47488.518  1025.334     2.106     4.048
        45     2.148     0.343     0.000     0.292    -2.423     1.074     0.020    10.327    32.930 46556.070  1025.306     2.148     4.184
        46     2.191     0.347     0.000     0.300    -2.437     1.095     0.020    10.331    32.894 45641.957  1025.278     2.191     4.323
        47     2.235     0.351     0.000     0.307    -2.451     1.117     0.020    10.336    32.860 44745.817  1025.250     2.235     4.463
        48     2.280     0.356     0.000     0.315    -2.465     1.140     0.020    10.340    32.826 43867.298  1025.223     2.280     4.606
        49     2.325     0.360     0.000     0.322    -2.480     1.163     0.020    10.344    32.793 43006.050  1025.197     2.325     4.750
        50     2.372     0.364     0.000     0.330    -2.495     1.186     0.020    10.348    32.761 42161.734  1025.171     2.372     4.896
        51     2.419     0.369     0.000     0.337    -2.510     1.210     0.020    10.352    32.730 41334.015  1025.146     2.419     5.044
        52     2.468     0.373     0.000     0.345    -2.525     1.234     0.020    10.355    32.699 40522.568  1025.121     2.468     5.194
        53     2.517     0.377     0.000     0.352    -2.540     1.259     0.020    10.359    32.668 39727.070  1025.097     2.517     5.347
        54     2.568     0.382     0.000     0.360    -2.556     1.284     0.020    10.362    32.638 38947.209  1025.073     2.568     5.501
        55     2.619     0.387     0.000     0.367    -2.571     1.309     0.020    10.365    32.609 38182.675  1025.050     2.619     5.657
        56     2.671     0.391     0.000     0.375    -2.587     1.336     0.020    10.368    32.581 37433.166  1025.028     2.671     5.816
        57     2.725     0.396     0.000     0.383    -2.603     1.362     0.020    10.371    32.553 36698.388  1025.005     2.725     5.977
        58     2.779     0.401     0.000     0.390    -2.619     1.390     0.020    10.374    32.526 35978.049  1024.984     2.779     6.140
        59     2.835     0.406     0.000     0.398    -2.636     1.418     0.020    10.376    32.499 35271.866  1024.962     2.835     6.305
        60     2.892     0.410     0.000     0.406    -2.652     1.446     0.020    10.379    32.473 34579.559  1024.942     2.892     6.473
        61     2.950     0.415     0.000     0.413    -2.669     1.475     0.020    10.381    32.447 33900.855  1024.921     2.950     6.643
        62     3.009     0.420     0.000     0.421    -2.686     1.504     0.020    10.383    32.422 33235.487  1024.901     3.009     6.816
        63     3.069     0.426     0.000     0.429    -2.703     1.535     0.020    10.385    32.397 32583.191  1024.882     3.069     6.991
        64     3.131     0.431     0.000     0.436    -2.721     1.565     0.020    10.387    32.373 31943.711  1024.863     3.131     7.168
        65     3.193     0.436     0.000     0.444    -2.738     1.597     0.020    10.389    32.350 31316.794  1024.844     3.193     7.348
        66     3.257     0.441     0.000     0.452    -2.756     1.629     0.020    10.391    32.326 30702.193  1024.826     3.257     7.531
        67     3.322     0.447     0.000     0.460    -2.774     1.661     0.020    10.392    32.304 30099.665  1024.808     3.322     7.716
        68     3.389     0.452     0.000     0.468    -2.792     1.694     0.020    10.394    32.282 29508.973  1024.791     3.389     7.904
        69     3.457     0.458     0.000     0.476    -2.810     1.728     0.020    10.395    32.260 28929.884  1024.774     3.457     8.094
        70     3.526     0.463     0.000     0.484    -2.829     1.763     0.020    10.396    32.239 28362.170  1024.757     3.526     8.288
        71     3.596     0.469     0.000     0.492    -2.847     1.798     0.020    10.397    32.218 27805.607  1024.741     3.596     8.484
        72     3.668     0.475     0.000     0.500    -2.866     1.834     0.020    10.398    32.198 27259.975  1024.725     3.668     8.683
        73     3.742     0.481     0.000     0.508    -2.885     1.871     0.020    10.399    32.178 26725.059  1024.709     3.742     8.884
        74     3.817     0.487     0.000     0.516    -2.904     1.908     0.020    10.400    32.159 26200.649  1024.694     3.817     9.089
        75     3.893     0.493     0.000     0.524    -2.924     1.947     0.020    10.400    32.140 25686.537  1024.679     3.893     9.297
        76     3.971     0.499     0.000     0.532    -2.944     1.986     0.020    10.401    32.121 25182.522  1024.664     3.971     9.508
        77     4.050     0.505     0.000     0.540    -2.964     2.025     0.020    10.401    32.103 24688.404  1024.650     4.050     9.722
        78     4.132     0.511     0.000     0.548    -2.984     2.066     0.020    10.401    32.085 24203.990  1024.636     4.132     9.939
        79     4.214     0.517     0.000     0.557    -3.004     2.107     0.020    10.402    32.067 23729.088  1024.623     4.214    10.160
        80     4.299     0.524     0.000     0.565    -3.025     2.149     0.020    10.402    32.050 23263.510  1024.609     4.299    10.383
        81     4.385     0.530     0.000     0.574    -3.046     2.192     0.020    10.402    32.034 22807.075  1024.596     4.385    10.610
        82     4.472     0.537     0.000     0.582    -3.067     2.236     0.020    10.402    32.017 22359.601  1024.584     4.472    10.841
        83     4.562     0.544     0.000     0.590    -3.088     2.281     0.020    10.401    32.001 21920.911  1024.571     4.562    11.075
        84     4.653     0.550     0.000     0.599    -3.109     2.327     0.020    10.401    31.986 21490.834  1024.559     4.653    11.312
        85     4.746     0.557     0.000     0.608    -3.131     2.373     0.020    10.401    31.970 21069.201  1024.547     4.746    11.553
        86     4.841     0.564     0.000     0.616    -3.153     2.421     0.020    10.400    31.955 20655.844  1024.536     4.841    11.798
        87     4.938     0.571     0.000     0.625    -3.175     2.469     0.020    10.399    31.940 20250.602  1024.524     4.938    12.046
        88     5.037     0.579     0.000     0.634    -3.197     2.518     0.020    10.399    31.926 19853.315  1024.513     5.037    12.298
        89     5.138     0.586     0.000     0.642    -3.220     2.569     0.020    10.398    31.912 19463.827  1024.502     5.138    12.554
        90     5.241     0.593     0.000     0.651    -3.243     2.620     0.020    10.397    31.898 19081.984  1024.491     5.241    12.813
        91     5.345     0.601     0.000     0.660    -3.266     2.673     0.020    10.396    31.884 18707.636  1024.481     5.345    13.077
        92     5.452     0.608     0.000     0.669    -3.289     2.726     0.020    10.395    31.871 18340.636  1024.471     5.452    13.344
        93     5.561     0.616     0.000     0.678    -3.313     2.781     0.020    10.394    31.857 17980.840  1024.461     5.561    13.616
        94     5.673     0.623     0.000     0.687    -3.336     2.836     0.020    10.393    31.845 17628.106  1024.451     5.673    13.892
        95     5.786     0.631     0.000     0.697    -3.360     2.893     0.020    10.391    31.832 17282.295  1024.441     5.786    14.171
        96     5.902     0.639     0.000     0.706    -3.385     2.951     0.020    10.390    31.819 16943.271  1024.432     5.902    14.455
        97     6.020     0.647     0.000     0.715    -3.409     3.010     0.020    10.388    31.807 16610.901  1024.423     6.020    14.744
        98     6.141     0.655     0.000     0.725    -3.434     3.070     0.020    10.387    31.795 16285.054  1024.414     6.141    15.036
        99     6.263     0.663     0.000     0.734    -3.459     3.132     0.020    10.385    31.784 15965.602  1024.405     6.263    15.333
       100     6.389     0.672     0.000     0.744    -3.484     3.194     0.020    10.384    31.772 15652.419  1024.396     6.389    15.635
       101     6.517     0.680     0.000     0.753    -3.510     3.258     0.020    10.382    31.761 15345.383  1024.388     6.517    15.941
       102     6.647     0.689     0.000     0.763    -3.536     3.324     0.020    10.380    31.750 15044.372  1024.380     6.647    16.251
       103     6.780     0.697     0.000     0.773    -3.562     3.390     0.020    10.378    31.739 14749.269  1024.372     6.780    16.567
       104     6.916     0.706     0.000     0.783    -3.588     3.458     0.020    10.376    31.729 14459.956  1024.364     6.916    16.887
       105     7.054     0.715     0.000     0.792    -3.615     3.527     0.020    10.374    31.718 14176.321  1024.356     7.054    17.212
       106     7.195     0.724     0.000     0.802    -3.642     3.598     0.020    10.371    31.708 13898.252  1024.349     7.195    17.542
       107     7.339     0.733     0.000     0.813    -3.669     3.670     0.020    10.369    31.698 13625.639  1024.341     7.339    17.877
       108     7.486     0.743     0.000     0.823    -3.696     3.743     0.020    10.367    31.688 13358.376  1024.334     7.486    18.217
       109     7.636     0.752     0.000     0.833    -3.724     3.818     0.020    10.364    31.679 13096.357  1024.327     7.636    18.562
       110     7.788     0.762     0.000     0.843    -3.752     3.894     0.020    10.362    31.670 12839.480  1024.320     7.788    18.913
       111     7.944     0.771     0.000     0.854    -3.780     3.972     0.020    10.359    31.660 12587.643  1024.313     7.944    19.268
       112     8.103     0.781     0.000     0.864    -3.808     4.052     0.020    10.357    31.651 12340.747  1024.307     8.103    19.630
       113     8.265     0.791     0.000     0.875    -3.837     4.133     0.020    10.354    31.642 12098.696  1024.300     8.265    19.996
       114     8.431     0.801     0.000     0.886    -3.866     4.215     0.020    10.351    31.634 11861.394  1024.294     8.431    20.369
       115     8.599     0.811     0.000     0.897    -3.896     4.300     0.020    10.348    31.625 11628.748  1024.288     8.599    20.747
       116     8.771     0.821     0.000     0.907    -3.925     4.386     0.020    10.345    31.617 11400.667  1024.282     8.771    21.131
       117     8.947     0.832     0.000     0.918    -3.955     4.473     0.020    10.342    31.609 11177.061  1024.276     8.947    21.520
       118     9.126     0.843     0.000     0.930    -3.985     4.563     0.020    10.339    31.601 10957.842  1024.270     9.126    21.916
       119     9.308     0.853     0.000     0.941    -4.016     4.654     0.020    10.336    31.593 10742.924  1024.265     9.308    22.318
       120     9.495     0.864     0.000     0.952    -4.047     4.747     0.020    10.332    31.585 10532.222  1024.259     9.495    22.726
       121     9.685     0.875     0.000     0.964    -4.078     4.842     0.020    10.329    31.578 10325.655  1024.254     9.685    23.140
       122     9.878     0.887     0.000     0.975    -4.109     4.939     0.020    10.325    31.570 10123.140  1024.249     9.878    23.560
       123    10.076     0.898     0.000     0.987    -4.141     5.038     0.020    10.322    31.563  9924.598  1024.244    10.076    23.987
       124    10.278     0.909     0.000     0.999    -4.173     5.139     0.020    10.318    31.556  9729.951  1024.239    10.278    24.421
       125    10.483     0.921     0.000     1.011    -4.205     5.242     0.020    10.315    31.549  9539.123  1024.234    10.483    24.861
       126    10.693     0.933     0.000     1.023    -4.238     5.346     0.020    10.311    31.542  9352.039  1024.230    10.693    25.309
       127    10.907     0.945     0.000     1.035    -4.271     5.453     0.020    10.307    31.535  9168.624  1024.225    10.907    25.763
       128    11.125     0.957     0.000     1.047    -4.304     5.562     0.020    10.303    31.529  8988.808  1024.221    11.125    26.224
       129    11.347     0.970     0.000     1.060    -4.338     5.674     0.020    10.299    31.522  8812.520  1024.216    11.347    26.692
       130    11.574     0.982     0.000     1.072    -4.371     5.787     0.020    10.295    31.516  8639.690  1024.212    11.574    27.168
       131    11.806     0.995     0.000     1.085    -4.406     5.903     0.020    10.291    31.510  8470.250  1024.208    11.806    27.651
       132    12.042     1.008     0.000     1.098    -4.440     6.021     0.020    10.287    31.504  8304.134  1024.204    12.042    28.142
       133    12.283     1.021     0.000     1.111    -4.475     6.142     0.020    10.282    31.498  8141.277  1024.200    12.283    28.640
       134    12.529     1.034     0.000     1.124    -4.510     6.264     0.020    10.278    31.492  7981.614  1024.196    12.529    29.146
       135    12.779     1.048     0.000     1.137    -4.545     6.390     0.020    10.273    31.486  7825.084  1024.192    12.779    29.660
       136    13.035     1.062     0.000     1.151    -4.581     6.518     0.020    10.269    31.481  7671.623  1024.189    13.035    30.182
       137    13.296     1.076     0.000     1.164    -4.617     6.648     0.020    10.264    31.475  7521.174  1024.185    13.296    30.713
       138    13.562     1.090     0.000     1.178    -4.654     6.781     0.020    10.260    31.470  7373.675  1024.182    13.562    31.251
       139    13.833     1.104     0.000     1.192    -4.691     6.917     0.020    10.255    31.464  7229.070  1024.179    13.833    31.799
       140    14.110     1.119     0.000     1.206    -4.728     7.055     0.020    10.250    31.459  7087.301  1024.175    14.110    32.355
       141    14.392     1.133     0.000     1.220    -4.765     7.196     0.020    10.245    31.454  6948.313  1024.172    14.392    32.920
       142    14.680     1.148     0.000     1.234    -4.803     7.340     0.020    10.240    31.449  6812.051  1024.169    14.680    33.494
       143    14.974     1.164     0.000     1.249    -4.841     7.487     0.020    10.235    31.444  6678.463  1024.166    14.974    34.077
       144    15.273     1.179     0.000     1.264    -4.879     7.637     0.020    10.230    31.439  6547.494  1024.163    15.273    34.669
       145    15.579     1.195     0.000     1.279    -4.918     7.789     0.020    10.225    31.435  6419.094  1024.160    15.579    35.271
       146    15.890     1.211     0.000     1.294    -4.957     7.945     0.020    10.219    31.430  6293.213  1024.158    15.890    35.882
       147    16.208     1.227     0.000     1.309    -4.997     8.104     0.020    10.214    31.426  6169.801  1024.155    16.208    36.504
       148    16.532     1.244     0.000     1.324    -5.036     8.266     0.020    10.209    31.421  6048.809  1024.153    16.532    37.135
       149    16.863     1.260     0.000     1.340    -5.076     8.431     0.020    10.203    31.417  5930.191  1024.150    16.863    37.777
       150    17.200     1.277     0.000     1.356    -5.117     8.600     0.020    10.198    31.413  5813.899  1024.148    17.200    38.429
       151    17.544     1.295     0.000     1.372    -5.158     8.772     0.020    10.192    31.408  5699.889  1024.145    17.544    39.092
       152    17.895     1.312     0.000     1.388    -5.199     8.948     0.020    10.186    31.404  5588.114  1024.143    17.895    39.766
       153    18.253     1.330     0.000     1.405    -5.240     9.127     0.020    10.180    31.400  5478.531  1024.141    18.253    40.450
       154    18.618     1.349     0.000     1.421    -5.282     9.309     0.020    10.174    31.396  5371.098  1024.139    18.618    41.146
       155    18.991     1.367     0.000     1.438    -5.324     9.495     0.020    10.168    31.393  5265.772  1024.137    18.991    41.854
       156    19.370     1.386     0.000     1.456    -5.367     9.685     0.020    10.162    31.389  5162.512  1024.135    19.370    42.573
       157    19.758     1.405     0.000     1.473    -5.410     9.879     0.020    10.156    31.385  5061.277  1024.133    19.758    43.304
       158    20.153     1.425     0.000     1.491    -5.453    10.077     0.020    10.150    31.381  4962.028  1024.131    20.153    44.047
       159    20.556     1.444     0.000     1.508    -5.496    10.278     0.020    10.144    31.378  4864.725  1024.130    20.556    44.803
       160    20.967     1.465     0.000     1.526    -5.540    10.484     0.020    10.137    31.374  4769.330  1024.128    20.967    45.571
       161    21.387     1.485     0.000     1.545    -5.584    10.693     0.020    10.131    31.371  4675.807  1024.126    21.387    46.352
       162    21.814     1.506     0.000     1.563    -5.629    10.907     0.020    10.125    31.368  4584.117  1024.125    21.814    47.147
       163    22.251     1.527     0.000     1.582    -5.674    11.125     0.020    10.118    31.364  4494.226  1024.123    22.251    47.954
       164    22.696     1.549     0.000     1.601    -5.719    11.348     0.020    10.111    31.361  4406.098  1024.122    22.696    48.776
       165    23.150     1.571     0.000     1.621    -5.764    11.575     0.020    10.105    31.358  4319.698  1024.121    23.150    49.612
       166    23.613     1.594     0.000     1.640    -5.810    11.806     0.020    10.098    31.355  4234.993  1024.119    23.613    50.461
       167    24.085     1.617     0.000     1.660    -5.856    12.043     0.020    10.091    31.352  4151.949  1024.118    24.085    51.326
       168    24.567     1.640     0.000     1.681    -5.903    12.283     0.020    10.084    31.349  4070.534  1024.117    24.567    52.205
       169    25.058     1.664     0.000     1.701    -5.949    12.529     0.020    10.077    31.346  3990.715  1024.116    25.058    53.100
       170    25.559     1.688     0.000     1.722    -5.996    12.780     0.020    10.070    31.343  3912.462  1024.115    25.559    54.010
       171    26.071     1.713     0.000     1.743    -6.044    13.035     0.020    10.062    31.340  3835.743  1024.114    26.071    54.936
       172    26.592     1.739     0.000     1.765    -6.091    13.296     0.020    10.055    31.338  3760.529  1024.113    26.592    55.878
       173    27.124     1.764     0.000     1.786    -6.139    13.562     0.020    10.048    31.335  3686.790  1024.112    27.124    56.836
       174    27.666     1.791     0.000     1.809    -6.187    13.833     0.020    10.041    31.333  3614.498  1024.111    27.666    57.813
       175    28.220     1.820     0.000     1.831    -6.236    14.110     0.020    10.034    31.330  3543.624  1024.111    28.220    58.805
       176    28.784     1.849     0.000     1.854    -6.284    14.392     0.020    10.027    31.329  3474.140  1024.111    28.784    59.814
       177    29.360     1.881     0.000     1.877    -6.332    14.680     0.020    10.020    31.327  3406.018  1024.110    29.360    60.840
       178    29.947     1.913     0.000     1.900    -6.380    14.973     0.020    10.013    31.325  3339.234  1024.110    29.947    61.884
---------------------------- Plume traps -----------------------------
       179    30.546     1.947     0.000     1.924    -6.428    15.273     0.020    10.006    31.324  3273.759  1024.110    30.546    62.946
       180    31.131     1.982     0.000     1.947    -6.474    15.565     0.020     9.999    31.323  3212.239  1024.111    31.131    63.982
       181    31.674     2.017     0.000     1.969    -6.515    15.837     0.020     9.993    31.322  3157.133  1024.111    31.674    64.937
       182    32.180     2.050     0.000     1.988    -6.553    16.090     0.020     9.988    31.321  3107.544  1024.111    32.180    65.819
       183    32.650     2.082     0.000     2.007    -6.587    16.325     0.020     9.983    31.321  3062.798  1024.112    32.650    66.634
       184    33.092     2.112     0.000     2.024    -6.618    16.546     0.020     9.979    31.320  3021.903  1024.112    33.092    67.396
       185    33.509     2.142     0.000     2.040    -6.647    16.755     0.020     9.974    31.320  2984.246  1024.112    33.509    68.114
       186    33.907     2.170     0.000     2.055    -6.673    16.953     0.020     9.970    31.320  2949.285  1024.113    33.907    68.793
       187    34.286     2.198     0.000     2.069    -6.698    17.143     0.020     9.967    31.320  2916.651  1024.113    34.286    69.439
       188    34.650     2.225     0.000     2.083    -6.722    17.325     0.020     9.963    31.320  2886.032  1024.114    34.650    70.056
       189    34.999     2.252     0.000     2.096    -6.744    17.500     0.020     9.960    31.320  2857.190  1024.114    34.999    70.647
       190    35.337     2.278     0.000     2.108    -6.764    17.668     0.020     9.957    31.320  2829.925  1024.115    35.337    71.213
       191    35.662     2.303     0.000     2.120    -6.784    17.831     0.020     9.954    31.320  2804.069  1024.116    35.662    71.758
       192    35.978     2.328     0.000     2.132    -6.803    17.989     0.020     9.951    31.320  2779.481  1024.116    35.978    72.283
       193    36.284     2.353     0.000     2.143    -6.820    18.142     0.020     9.948    31.320  2756.039  1024.117    36.284    72.789
       194    36.581     2.377     0.000     2.154    -6.837    18.291     0.020     9.945    31.320  2733.637  1024.117    36.581    73.278
       195    36.871     2.401     0.000     2.164    -6.853    18.435     0.020     9.943    31.320  2712.185  1024.118    36.871    73.751
       196    37.153     2.424     0.000     2.174    -6.868    18.576     0.020     9.940    31.320  2691.602  1024.118    37.153    74.209
       197    37.428     2.448     0.000     2.184    -6.883    18.714     0.020     9.938    31.320  2671.816  1024.119    37.428    74.654
------------------------- merging happened ---------------------------
       198    37.694     2.470     0.000     2.193    -6.896    18.847     0.020     9.936    31.320  2652.953  1024.119    37.694    75.085
       199    37.943     2.492     0.000     2.203    -6.910    18.972     0.020     9.934    31.321  2635.508  1024.120    37.943    75.506
       200    38.183     2.514     0.000     2.212    -6.923    19.092     0.020     9.932    31.321  2618.966  1024.120    38.183    75.923
       201    38.410     2.535     0.000     2.221    -6.935    19.205     0.020     9.930    31.321  2603.463  1024.121    38.410    76.334
       202    38.628     2.555     0.000     2.230    -6.948    19.314     0.020     9.928    31.321  2588.773  1024.121    38.628    76.741
       203    38.836     2.575     0.000     2.239    -6.960    19.418     0.020     9.926    31.321  2574.952  1024.121    38.836    77.143
       204    39.034     2.595     0.000     2.247    -6.971    19.517     0.020     9.925    31.322  2561.885  1024.122    39.034    77.539
       205    39.222     2.614     0.000     2.256    -6.982    19.611     0.020     9.923    31.322  2549.570  1024.122    39.222    77.930
       206    39.402     2.633     0.000     2.264    -6.993    19.701     0.020     9.922    31.322  2537.936  1024.123    39.402    78.316
       207    39.573     2.652     0.000     2.273    -7.004    19.787     0.020     9.920    31.322  2526.959  1024.123    39.573    78.695
       208    39.736     2.670     0.000     2.281    -7.014    19.868     0.020     9.919    31.322  2516.589  1024.123    39.736    79.069
       209    39.892     2.688     0.000     2.289    -7.024    19.946     0.020     9.918    31.322  2506.794  1024.124    39.892    79.438
       210    40.039     2.705     0.000     2.297    -7.034    20.020     0.020     9.917    31.323  2497.536  1024.124    40.039    79.800
       211    40.180     2.722     0.000     2.305    -7.043    20.090     0.020     9.916    31.323  2488.783  1024.124    40.180    80.157
       212    40.314     2.739     0.000     2.312    -7.052    20.157     0.020     9.915    31.323  2480.503  1024.125    40.314    80.509
       213    40.442     2.755     0.000     2.320    -7.061    20.221     0.020     9.914    31.323  2472.668  1024.125    40.442    80.854
       214    40.564     2.771     0.000     2.327    -7.070    20.282     0.020     9.913    31.323  2465.249  1024.125    40.564    81.195
       215    40.680     2.787     0.000     2.335    -7.078    20.340     0.020     9.912    31.323  2458.220  1024.125    40.680    81.529
       216    40.790     2.803     0.000     2.342    -7.086    20.395     0.020     9.911    31.324  2451.557  1024.126    40.790    81.858
       217    40.896     2.818     0.000     2.349    -7.094    20.448     0.020     9.910    31.324  2445.237  1024.126    40.896    82.182
       218    40.996     2.833     0.000     2.356    -7.102    20.498     0.020     9.909    31.324  2439.239  1024.126    40.996    82.501
       219    41.092     2.848     0.000     2.363    -7.109    20.546     0.020     9.909    31.324  2433.542  1024.126    41.092    82.814
       220    41.184     2.862     0.000     2.369    -7.116    20.592     0.020     9.908    31.324  2428.129  1024.127    41.184    83.123
       221    41.271     2.876     0.000     2.376    -7.123    20.636     0.020     9.907    31.324  2422.982  1024.127    41.271    83.426
       222    41.355     2.890     0.000     2.382    -7.130    20.678     0.020     9.907    31.324  2418.085  1024.127    41.355    83.724
       223    41.435     2.904     0.000     2.389    -7.136    20.717     0.020     9.906    31.325  2413.421  1024.127    41.435    84.018
       224    41.511     2.917     0.000     2.395    -7.142    20.756     0.020     9.906    31.325  2408.979  1024.127    41.511    84.307
       225    41.584     2.931     0.000     2.401    -7.148    20.792     0.020     9.905    31.325  2404.743  1024.127    41.584    84.591
       226    41.654     2.944     0.000     2.407    -7.154    20.827     0.020     9.905    31.325  2400.702  1024.128    41.654    84.871
       227    41.722     2.957     0.000     2.413    -7.160    20.861     0.020     9.904    31.325  2396.845  1024.128    41.722    85.147
       228    41.786     2.969     0.000     2.419    -7.166    20.893     0.020     9.904    31.325  2393.160  1024.128    41.786    85.418
       229    41.847     2.982     0.000     2.425    -7.171    20.924     0.020     9.903    31.325  2389.639  1024.128    41.847    85.685
       230    41.906     2.994     0.000     2.431    -7.176    20.953     0.020     9.903    31.325  2386.270  1024.128    41.906    85.948
       231    41.963     3.006     0.000     2.436    -7.182    20.982     0.020     9.902    31.325  2383.047  1024.128    41.963    86.207
       232    42.018     3.018     0.000     2.442    -7.187    21.009     0.020     9.902    31.325  2379.960  1024.129    42.018    86.462
       233    42.070     3.030     0.000     2.448    -7.191    21.035     0.020     9.901    31.326  2377.002  1024.129    42.070    86.714
       234    42.120     3.041     0.000     2.453    -7.196    21.060     0.020     9.901    31.326  2374.167  1024.129    42.120    86.962
       235    42.168     3.052     0.000     2.458    -7.201    21.084     0.020     9.901    31.326  2371.446  1024.129    42.168    87.206
       236    42.215     3.064     0.000     2.463    -7.205    21.107     0.020     9.900    31.326  2368.836  1024.129    42.215    87.447
       237    42.260     3.075     0.000     2.469    -7.209    21.130     0.020     9.900    31.326  2366.328  1024.129    42.260    87.684
       238    42.303     3.086     0.000     2.474    -7.213    21.151     0.020     9.900    31.326  2363.919  1024.129    42.303    87.918
       239    42.344     3.096     0.000     2.479    -7.217    21.172     0.020     9.899    31.326  2361.603  1024.129    42.344    88.149
       240    42.384     3.107     0.000     2.484    -7.221    21.192     0.020     9.899    31.326  2359.375  1024.129    42.384    88.377
       241    42.423     3.117     0.000     2.489    -7.225    21.211     0.020     9.899    31.326  2357.231  1024.130    42.423    88.602
       242    42.460     3.127     0.000     2.493    -7.229    21.230     0.020     9.899    31.326  2355.167  1024.130    42.460    88.824
       243    42.496     3.137     0.000     2.498    -7.233    21.248     0.020     9.898    31.326  2353.179  1024.130    42.496    89.042
       244    42.530     3.147     0.000     2.503    -7.236    21.265     0.020     9.898    31.326  2351.263  1024.130    42.530    89.259
       245    42.564     3.157     0.000     2.508    -7.240    21.282     0.020     9.898    31.326  2349.416  1024.130    42.564    89.472
       246    42.596     3.167     0.000     2.512    -7.243    21.298     0.020     9.898    31.327  2347.634  1024.130    42.596    89.683
       247    42.627     3.176     0.000     2.517    -7.246    21.314     0.020     9.897    31.327  2345.915  1024.130    42.627    89.891
       248    42.657     3.186     0.000     2.521    -7.249    21.329     0.020     9.897    31.327  2344.256  1024.130    42.657    90.097
       249    42.687     3.195     0.000     2.526    -7.252    21.343     0.020     9.897    31.327  2342.653  1024.130    42.687    90.300
       250    42.715     3.204     0.000     2.530    -7.255    21.357     0.020     9.897    31.327  2341.105  1024.130    42.715    90.501
       251    42.742     3.213     0.000     2.534    -7.258    21.371     0.020     9.897    31.327  2339.609  1024.130    42.742    90.699
       252    42.769     3.222     0.000     2.538    -7.261    21.384     0.020     9.896    31.327  2338.162  1024.130    42.769    90.896
       253    42.794     3.230     0.000     2.543    -7.264    21.397     0.020     9.896    31.327  2336.763  1024.131    42.794    91.090
       254    42.819     3.239     0.000     2.547    -7.267    21.410     0.020     9.896    31.327  2335.410  1024.131    42.819    91.282
       255    42.843     3.247     0.000     2.551    -7.269    21.422     0.020     9.896    31.327  2334.101  1024.131    42.843    91.472
       256    42.866     3.256     0.000     2.555    -7.272    21.433     0.020     9.896    31.327  2332.833  1024.131    42.866    91.660
       257    42.889     3.264     0.000     2.559    -7.274    21.444     0.020     9.895    31.327  2331.606  1024.131    42.889    91.846
       258    42.911     3.272     0.000     2.563    -7.277    21.455     0.020     9.895    31.327  2330.417  1024.131    42.911    92.030
       259    42.932     3.280     0.000     2.567    -7.279    21.466     0.020     9.895    31.327  2329.266  1024.131    42.932    92.212
       260    42.953     3.288     0.000     2.571    -7.281    21.476     0.020     9.895    31.327  2328.150  1024.131    42.953    92.392
       261    42.973     3.296     0.000     2.575    -7.284    21.486     0.020     9.895    31.327  2327.069  1024.131    42.973    92.571
       262    42.992     3.303     0.000     2.579    -7.286    21.496     0.020     9.895    31.327  2326.021  1024.131    42.992    92.748
       263    43.011     3.311     0.000     2.583    -7.288    21.505     0.020     9.895    31.327  2325.004  1024.131    43.011    92.923
       264    43.029     3.318     0.000     2.586    -7.290    21.514     0.020     9.894    31.327  2324.018  1024.131    43.029    93.097
       265    43.047     3.325     0.000     2.590    -7.292    21.523     0.020     9.894    31.327  2323.062  1024.131    43.047    93.268
       266    43.064     3.332     0.000     2.594    -7.294    21.532     0.020     9.894    31.327  2322.134  1024.131    43.064    93.439
       267    43.081     3.339     0.000     2.597    -7.296    21.540     0.020     9.894    31.327  2321.234  1024.131    43.081    93.608
       268    43.097     3.346     0.000     2.601    -7.298    21.548     0.020     9.894    31.327  2320.360  1024.131    43.097    93.775
       269    43.113     3.353     0.000     2.605    -7.300    21.556     0.020     9.894    31.328  2319.512  1024.131    43.113    93.941
       270    43.128     3.360     0.000     2.608    -7.301    21.564     0.020     9.894    31.328  2318.689  1024.131    43.128    94.106
       271    43.143     3.366     0.000     2.612    -7.303    21.571     0.020     9.894    31.328  2317.890  1024.132    43.143    94.269
       272    43.157     3.373     0.000     2.615    -7.305    21.579     0.020     9.894    31.328  2317.114  1024.132    43.157    94.431
       273    43.171     3.379     0.000     2.619    -7.306    21.586     0.020     9.893    31.328  2316.360  1024.132    43.171    94.592
       274    43.185     3.385     0.000     2.622    -7.308    21.592     0.020     9.893    31.328  2315.629  1024.132    43.185    94.751
       275    43.198     3.391     0.000     2.626    -7.309    21.599     0.020     9.893    31.328  2314.918  1024.132    43.198    94.910
       276    43.211     3.397     0.000     2.629    -7.311    21.605     0.020     9.893    31.328  2314.228  1024.132    43.211    95.067
       277    43.223     3.403     0.000     2.632    -7.312    21.612     0.020     9.893    31.328  2313.557  1024.132    43.223    95.222
       278    43.236     3.409     0.000     2.636    -7.314    21.618     0.020     9.893    31.328  2312.906  1024.132    43.236    95.377
       279    43.247     3.415     0.000     2.639    -7.315    21.624     0.020     9.893    31.328  2312.274  1024.132    43.247    95.531
       280    43.259     3.420     0.000     2.642    -7.317    21.629     0.020     9.893    31.328  2311.659  1024.132    43.259    95.683
       281    43.270     3.426     0.000     2.646    -7.318    21.635     0.020     9.893    31.328  2311.063  1024.132    43.270    95.835
       282    43.281     3.431     0.000     2.649    -7.319    21.640     0.020     9.893    31.328  2310.483  1024.132    43.281    95.986
       283    43.292     3.436     0.000     2.652    -7.321    21.646     0.020     9.893    31.328  2309.921  1024.132    43.292    96.135
       284    43.302     3.441     0.000     2.656    -7.322    21.651     0.020     9.892    31.328  2309.374  1024.132    43.302    96.284
       285    43.312     3.447     0.000     2.659    -7.323    21.656     0.020     9.892    31.328  2308.844  1024.132    43.312    96.431
       286    43.321     3.451     0.000     2.662    -7.324    21.661     0.020     9.892    31.328  2308.328  1024.132    43.321    96.578
       287    43.331     3.456     0.000     2.665    -7.325    21.665     0.020     9.892    31.328  2307.828  1024.132    43.331    96.724
       288    43.340     3.461     0.000     2.668    -7.326    21.670     0.020     9.892    31.328  2307.343  1024.132    43.340    96.869
       289    43.349     3.466     0.000     2.671    -7.327    21.674     0.020     9.892    31.328  2306.871  1024.132    43.349    97.014
       290    43.357     3.470     0.000     2.674    -7.328    21.679     0.020     9.892    31.328  2306.414  1024.132    43.357    97.157
       291    43.366     3.475     0.000     2.678    -7.329    21.683     0.020     9.892    31.328  2305.970  1024.132    43.366    97.300
       292    43.374     3.479     0.000     2.681    -7.330    21.687     0.020     9.892    31.328  2305.540  1024.132    43.374    97.442
       293    43.382     3.483     0.000     2.684    -7.331    21.691     0.020     9.892    31.328  2305.123  1024.132    43.382    97.583
       294    43.389     3.487     0.000     2.687    -7.332    21.695     0.020     9.892    31.328  2304.718  1024.132    43.389    97.723
       295    43.397     3.491     0.000     2.690    -7.333    21.698     0.020     9.892    31.328  2304.326  1024.132    43.397    97.863
       296    43.404     3.495     0.000     2.693    -7.334    21.702     0.020     9.892    31.328  2303.946  1024.132    43.404    98.002
       297    43.411     3.499     0.000     2.696    -7.335    21.705     0.020     9.892    31.328  2303.578  1024.132    43.411    98.141
       298    43.417     3.503     0.000     2.699    -7.336    21.709     0.020     9.892    31.328  2303.222  1024.132    43.417    98.278
       299    43.424     3.507     0.000     2.702    -7.336    21.712     0.020     9.892    31.328  2302.877  1024.132    43.424    98.416
       300    43.430     3.510     0.000     2.705    -7.337    21.715     0.020     9.892    31.328  2302.544  1024.132    43.430    98.552
       301    43.436     3.514     0.000     2.708    -7.338    21.718     0.020     9.892    31.328  2302.221  1024.132    43.436    98.688
       302    43.442     3.517     0.000     2.711    -7.339    21.721     0.020     9.891    31.328  2301.910  1024.132    43.442    98.824
       303    43.448     3.520     0.000     2.714    -7.339    21.724     0.020     9.891    31.328  2301.608  1024.132    43.448    98.959
       304    43.453     3.523     0.000     2.717    -7.340    21.727     0.020     9.891    31.328  2301.318  1024.132    43.453    99.093
       305    43.459     3.526     0.000     2.719    -7.340    21.729     0.020     9.891    31.328  2301.038  1024.132    43.459    99.227
       306    43.464     3.529     0.000     2.722    -7.341    21.732     0.020     9.891    31.328  2300.767  1024.132    43.464    99.361
       307    43.469     3.532     0.000     2.725    -7.342    21.734     0.020     9.891    31.328  2300.507  1024.132    43.469    99.494
       308    43.473     3.535     0.000     2.728    -7.342    21.737     0.020     9.891    31.328  2300.257  1024.132    43.473    99.626
       309    43.478     3.538     0.000     2.731    -7.343    21.739     0.020     9.891    31.328  2300.016  1024.132    43.478    99.758
       310    43.482     3.540     0.000     2.734    -7.343    21.741     0.020     9.891    31.328  2299.784  1024.132    43.482    99.890
       311    43.487     3.543     0.000     2.737    -7.344    21.743     0.020     9.891    31.328  2299.563  1024.132    43.487   100.021
       312    43.491     3.545     0.000     2.740    -7.344    21.745     0.020     9.891    31.328  2299.350  1024.132    43.491   100.152
       313    43.494     3.547     0.000     2.742    -7.345    21.747     0.020     9.891    31.328  2299.146  1024.133    43.494   100.283
       314    43.498     3.549     0.000     2.745    -7.345    21.749     0.020     9.891    31.328  2298.952  1024.133    43.498   100.413
       315    43.502     3.552     0.000     2.748    -7.346    21.751     0.020     9.891    31.328  2298.766  1024.133    43.502   100.543
       316    43.505     3.554     0.000     2.751    -7.346    21.752     0.020     9.891    31.328  2298.589  1024.133    43.505   100.673
       317    43.508     3.555     0.000     2.754    -7.346    21.754     0.020     9.891    31.328  2298.421  1024.133    43.508   100.802
       318    43.511     3.557     0.000     2.756    -7.347    21.756     0.020     9.891    31.328  2298.261  1024.133    43.511   100.931
       319    43.514     3.559     0.000     2.759    -7.347    21.757     0.020     9.891    31.328  2298.110  1024.133    43.514   101.060
       320    43.517     3.561     0.000     2.762    -7.347    21.758     0.020     9.891    31.328  2297.967  1024.133    43.517   101.188
       321    43.519     3.562     0.000     2.765    -7.348    21.760     0.020     9.891    31.328  2297.833  1024.133    43.519   101.317
       322    43.522     3.563     0.000     2.768    -7.348    21.761     0.020     9.891    31.328  2297.706  1024.133    43.522   101.445
       323    43.524     3.565     0.000     2.770    -7.348    21.762     0.020     9.891    31.328  2297.589  1024.133    43.524   101.572
       324    43.526     3.566     0.000     2.773    -7.348    21.763     0.020     9.891    31.328  2297.479  1024.133    43.526   101.700
       325    43.528     3.567     0.000     2.776    -7.348    21.764     0.020     9.891    31.328  2297.377  1024.133    43.528   101.828
       326    43.530     3.568     0.000     2.779    -7.349    21.765     0.020     9.891    31.328  2297.283  1024.133    43.530   101.955
       327    43.531     3.569     0.000     2.781    -7.349    21.766     0.020     9.891    31.328  2297.197  1024.133    43.531   102.082
       328    43.533     3.570     0.000     2.784    -7.349    21.766     0.020     9.891    31.328  2297.119  1024.133    43.533   102.209
       329    43.534     3.571     0.000     2.787    -7.349    21.767     0.020     9.891    31.328  2297.049  1024.133    43.534   102.336
       330    43.535     3.571     0.000     2.790    -7.349    21.768     0.020     9.891    31.328  2296.987  1024.133    43.535   102.463
       331    43.536     3.572     0.000     2.792    -7.349    21.768     0.020     9.891    31.328  2296.932  1024.133    43.536   102.590
       332    43.537     3.572     0.000     2.795    -7.349    21.769     0.020     9.891    31.328  2296.886  1024.133    43.537   102.716
       333    43.538     3.573     0.000     2.798    -7.349    21.769     0.020     9.891    31.328  2296.846  1024.133    43.538   102.843
       334    43.539     3.573     0.000     2.801    -7.349    21.769     0.020     9.891    31.328  2296.815  1024.133    43.539   102.969
       335    43.539     3.573     0.000     2.803    -7.349    21.770     0.020     9.891    31.328  2296.790  1024.133    43.539   103.096
---------------------- Local maximum rise or fall --------------------
       336    43.539     3.573     0.000     2.806    -7.349    21.770     0.020     9.891    31.328  2296.772  1024.133    43.539   103.222
       337    43.540     3.573     0.000     2.809    -7.349    21.770     0.020     9.891    31.328  2296.760  1024.133    43.540   103.349
       338    43.540     3.573     0.000     2.812    -7.349    21.770     0.020     9.891    31.328  2296.753  1024.133    43.540   103.475
       339    43.540     3.573     0.000     2.814    -7.349    21.770     0.020     9.891    31.328  2296.745  1024.133    43.540   103.602
       340    43.540     3.573     0.000     2.817    -7.349    21.770     0.020     9.891    31.328  2296.737  1024.133    43.540   103.728
       341    43.540     3.572     0.000     2.820    -7.349    21.770     0.020     9.891    31.328  2296.726  1024.133    43.540   103.855
       342    43.540     3.572     0.000     2.823    -7.349    21.770     0.020     9.891    31.328  2296.714  1024.133    43.540   103.982
       343    43.541     3.572     0.000     2.825    -7.349    21.770     0.020     9.891    31.328  2296.701  1024.133    43.541   104.108
       344    43.541     3.571     0.000     2.828    -7.349    21.771     0.020     9.891    31.328  2296.685  1024.133    43.541   104.235
       345    43.541     3.570     0.000     2.831    -7.348    21.771     0.020     9.891    31.328  2296.669  1024.133    43.541   104.362
       346    43.542     3.569     0.000     2.834    -7.348    21.771     0.020     9.891    31.328  2296.650  1024.133    43.542   104.489
       347    43.542     3.569     0.000     2.836    -7.348    21.771     0.020     9.891    31.328  2296.630  1024.133    43.542   104.616
       348    43.542     3.568     0.000     2.839    -7.348    21.771     0.020     9.891    31.328  2296.608  1024.133    43.542   104.744
       349    43.543     3.567     0.000     2.842    -7.347    21.771     0.020     9.891    31.328  2296.585  1024.133    43.543   104.871
       350    43.543     3.565     0.000     2.845    -7.347    21.772     0.020     9.891    31.328  2296.560  1024.133    43.543   104.999
       351    43.544     3.564     0.000     2.848    -7.347    21.772     0.020     9.891    31.328  2296.533  1024.133    43.544   105.127
       352    43.544     3.563     0.000     2.850    -7.347    21.772     0.020     9.891    31.328  2296.504  1024.133    43.544   105.255
       353    43.545     3.562     0.000     2.853    -7.346    21.773     0.020     9.891    31.328  2296.473  1024.133    43.545   105.384
       354    43.546     3.560     0.000     2.856    -7.346    21.773     0.020     9.891    31.328  2296.440  1024.133    43.546   105.512
       355    43.546     3.559     0.000     2.859    -7.345    21.773     0.020     9.891    31.328  2296.406  1024.133    43.546   105.641
       356    43.547     3.557     0.000     2.861    -7.345    21.773     0.020     9.891    31.328  2296.370  1024.133    43.547   105.771
       357    43.548     3.555     0.000     2.864    -7.345    21.774     0.020     9.891    31.328  2296.331  1024.133    43.548   105.900
       358    43.548     3.553     0.000     2.867    -7.344    21.774     0.020     9.891    31.328  2296.291  1024.133    43.548   106.030
       359    43.549     3.551     0.000     2.870    -7.344    21.775     0.020     9.891    31.328  2296.248  1024.133    43.549   106.160
       360    43.550     3.550     0.000     2.873    -7.343    21.775     0.020     9.891    31.328  2296.204  1024.133    43.550   106.291
       361    43.551     3.547     0.000     2.876    -7.343    21.776     0.020     9.891    31.328  2296.157  1024.133    43.551   106.422
       362    43.552     3.545     0.000     2.878    -7.342    21.776     0.020     9.891    31.328  2296.108  1024.133    43.552   106.553
       363    43.553     3.543     0.000     2.881    -7.342    21.776     0.020     9.891    31.328  2296.057  1024.133    43.553   106.685
       364    43.554     3.541     0.000     2.884    -7.341    21.777     0.020     9.891    31.328  2296.003  1024.133    43.554   106.817
       365    43.555     3.538     0.000     2.887    -7.340    21.778     0.020     9.891    31.328  2295.947  1024.133    43.555   106.950
       366    43.556     3.536     0.000     2.890    -7.340    21.778     0.020     9.891    31.328  2295.888  1024.133    43.556   107.083
       367    43.557     3.533     0.000     2.893    -7.339    21.779     0.020     9.891    31.328  2295.828  1024.133    43.557   107.217
       368    43.558     3.531     0.000     2.896    -7.338    21.779     0.020     9.891    31.328  2295.764  1024.133    43.558   107.351
       369    43.560     3.528     0.000     2.899    -7.338    21.780     0.020     9.891    31.328  2295.698  1024.133    43.560   107.486
       370    43.561     3.525     0.000     2.902    -7.337    21.781     0.020     9.891    31.328  2295.629  1024.133    43.561   107.621
       371    43.562     3.522     0.000     2.905    -7.336    21.781     0.020     9.891    31.328  2295.557  1024.133    43.562   107.757
       372    43.564     3.519     0.000     2.908    -7.336    21.782     0.020     9.891    31.328  2295.482  1024.133    43.564   107.893
       373    43.565     3.516     0.000     2.911    -7.335    21.783     0.020     9.891    31.328  2295.405  1024.133    43.565   108.030
       374    43.567     3.513     0.000     2.914    -7.334    21.783     0.020     9.891    31.328  2295.324  1024.133    43.567   108.168
       375    43.568     3.510     0.000     2.917    -7.333    21.784     0.020     9.891    31.328  2295.240  1024.133    43.568   108.306
       376    43.570     3.506     0.000     2.920    -7.332    21.785     0.020     9.891    31.328  2295.153  1024.133    43.570   108.445
       377    43.572     3.503     0.000     2.923    -7.331    21.786     0.020     9.891    31.329  2295.062  1024.133    43.572   108.585
       378    43.574     3.499     0.000     2.926    -7.330    21.787     0.020     9.891    31.329  2294.968  1024.133    43.574   108.725
       379    43.575     3.496     0.000     2.929    -7.329    21.788     0.020     9.891    31.329  2294.870  1024.133    43.575   108.866
       380    43.577     3.492     0.000     2.932    -7.328    21.789     0.020     9.891    31.329  2294.769  1024.133    43.577   109.008
       381    43.579     3.488     0.000     2.935    -7.327    21.790     0.020     9.890    31.329  2294.663  1024.133    43.579   109.151
       382    43.581     3.484     0.000     2.938    -7.326    21.791     0.020     9.890    31.329  2294.554  1024.133    43.581   109.294
       383    43.584     3.480     0.000     2.941    -7.325    21.792     0.020     9.890    31.329  2294.440  1024.133    43.584   109.439
       384    43.586     3.476     0.000     2.944    -7.324    21.793     0.020     9.890    31.329  2294.322  1024.133    43.586   109.584
       385    43.588     3.472     0.000     2.947    -7.323    21.794     0.020     9.890    31.329  2294.200  1024.133    43.588   109.730
       386    43.591     3.468     0.000     2.951    -7.322    21.795     0.020     9.890    31.329  2294.072  1024.133    43.591   109.877
       387    43.593     3.464     0.000     2.954    -7.321    21.797     0.020     9.890    31.329  2293.940  1024.133    43.593   110.025
       388    43.596     3.459     0.000     2.957    -7.319    21.798     0.020     9.890    31.329  2293.803  1024.133    43.596   110.174
       389    43.598     3.455     0.000     2.960    -7.318    21.799     0.020     9.890    31.329  2293.661  1024.133    43.598   110.324
       390    43.601     3.450     0.000     2.964    -7.317    21.801     0.020     9.890    31.329  2293.513  1024.133    43.601   110.475
       391    43.604     3.446     0.000     2.967    -7.315    21.802     0.020     9.890    31.329  2293.359  1024.133    43.604   110.627
       392    43.607     3.441     0.000     2.970    -7.314    21.804     0.020     9.890    31.329  2293.200  1024.133    43.607   110.781
       393    43.610     3.436     0.000     2.974    -7.313    21.805     0.020     9.890    31.329  2293.034  1024.133    43.610   110.935
       394    43.614     3.431     0.000     2.977    -7.311    21.807     0.020     9.890    31.329  2292.862  1024.133    43.614   111.091
       395    43.617     3.426     0.000     2.980    -7.310    21.809     0.020     9.890    31.329  2292.684  1024.133    43.617   111.248
       396    43.621     3.421     0.000     2.984    -7.308    21.810     0.020     9.890    31.329  2292.498  1024.133    43.621   111.406
       397    43.624     3.416     0.000     2.987    -7.306    21.812     0.020     9.890    31.329  2292.305  1024.133    43.624   111.565
       398    43.628     3.411     0.000     2.991    -7.305    21.814     0.020     9.890    31.329  2292.104  1024.133    43.628   111.726
       399    43.632     3.406     0.000     2.994    -7.303    21.816     0.020     9.890    31.329  2291.895  1024.133    43.632   111.888
       400    43.636     3.400     0.000     2.998    -7.301    21.818     0.020     9.890    31.329  2291.678  1024.133    43.636   112.051
       401    43.640     3.395     0.000     3.001    -7.300    21.820     0.020     9.890    31.329  2291.453  1024.133    43.640   112.216
       402    43.645     3.389     0.000     3.005    -7.298    21.822     0.020     9.890    31.329  2291.218  1024.133    43.645   112.383
       403    43.650     3.384     0.000     3.009    -7.296    21.825     0.020     9.890    31.329  2290.973  1024.133    43.650   112.551
       404    43.654     3.378     0.000     3.012    -7.294    21.827     0.020     9.890    31.329  2290.719  1024.133    43.654   112.720
       405    43.659     3.372     0.000     3.016    -7.292    21.830     0.020     9.890    31.329  2290.454  1024.133    43.659   112.892
       406    43.665     3.366     0.000     3.020    -7.290    21.832     0.020     9.890    31.329  2290.177  1024.133    43.665   113.065
       407    43.670     3.360     0.000     3.024    -7.288    21.835     0.020     9.890    31.329  2289.890  1024.133    43.670   113.239
       408    43.676     3.354     0.000     3.027    -7.286    21.838     0.020     9.890    31.329  2289.590  1024.133    43.676   113.416
       409    43.682     3.348     0.000     3.031    -7.284    21.841     0.020     9.890    31.329  2289.277  1024.133    43.682   113.594
       410    43.688     3.342     0.000     3.035    -7.282    21.844     0.020     9.890    31.329  2288.951  1024.133    43.688   113.774
       411    43.695     3.336     0.000     3.039    -7.279    21.847     0.020     9.890    31.329  2288.610  1024.133    43.695   113.957
       412    43.701     3.329     0.000     3.043    -7.277    21.851     0.020     9.890    31.329  2288.255  1024.133    43.701   114.141
       413    43.709     3.323     0.000     3.047    -7.274    21.854     0.020     9.890    31.329  2287.883  1024.133    43.709   114.327
       414    43.716     3.316     0.000     3.051    -7.272    21.858     0.020     9.890    31.329  2287.495  1024.133    43.716   114.516
       415    43.724     3.310     0.000     3.055    -7.269    21.862     0.020     9.889    31.329  2287.090  1024.133    43.724   114.707
       416    43.732     3.303     0.000     3.060    -7.267    21.866     0.020     9.889    31.329  2286.666  1024.133    43.732   114.900
       417    43.740     3.296     0.000     3.064    -7.264    21.870     0.020     9.889    31.329  2286.222  1024.133    43.740   115.096
       418    43.749     3.289     0.000     3.068    -7.261    21.875     0.020     9.889    31.329  2285.758  1024.133    43.749   115.294
       419    43.758     3.282     0.000     3.073    -7.258    21.879     0.020     9.889    31.329  2285.271  1024.133    43.758   115.495
       420    43.768     3.275     0.000     3.077    -7.255    21.884     0.020     9.889    31.329  2284.762  1024.133    43.768   115.698
       421    43.778     3.268     0.000     3.081    -7.252    21.889     0.020     9.889    31.329  2284.227  1024.133    43.778   115.904
       422    43.789     3.261     0.000     3.086    -7.249    21.895     0.020     9.889    31.329  2283.666  1024.133    43.789   116.113
       423    43.801     3.254     0.000     3.091    -7.246    21.900     0.020     9.889    31.329  2283.078  1024.133    43.801   116.325
       424    43.812     3.247     0.000     3.095    -7.243    21.906     0.020     9.889    31.329  2282.460  1024.133    43.812   116.540
       425    43.825     3.239     0.000     3.100    -7.239    21.912     0.020     9.889    31.329  2281.810  1024.133    43.825   116.759
       426    43.838     3.232     0.000     3.105    -7.236    21.919     0.020     9.889    31.329  2281.127  1024.133    43.838   116.980
       427    43.852     3.224     0.000     3.110    -7.232    21.926     0.020     9.889    31.329  2280.408  1024.133    43.852   117.205
       428    43.866     3.217     0.000     3.115    -7.229    21.933     0.020     9.888    31.329  2279.650  1024.134    43.866   117.434
       429    43.882     3.209     0.000     3.120    -7.225    21.941     0.020     9.888    31.329  2278.852  1024.134    43.882   117.666
       430    43.898     3.201     0.000     3.125    -7.221    21.949     0.020     9.888    31.329  2278.010  1024.134    43.898   117.903
       431    43.915     3.194     0.000     3.130    -7.217    21.958     0.020     9.888    31.329  2277.120  1024.134    43.915   118.143
       432    43.933     3.186     0.000     3.135    -7.212    21.967     0.020     9.888    31.329  2276.181  1024.134    43.933   118.388
       433    43.952     3.178     0.000     3.141    -7.208    21.976     0.020     9.888    31.329  2275.187  1024.134    43.952   118.637
       434    43.973     3.170     0.000     3.146    -7.204    21.986     0.020     9.888    31.329  2274.135  1024.134    43.973   118.891
       435    43.994     3.162     0.000     3.152    -7.199    21.997     0.020     9.888    31.329  2273.020  1024.134    43.994   119.149
       436    44.017     3.154     0.000     3.158    -7.194    22.009     0.020     9.887    31.329  2271.838  1024.134    44.017   119.413
       437    44.042     3.146     0.000     3.163    -7.189    22.021     0.020     9.887    31.329  2270.582  1024.134    44.042   119.682
       438    44.067     3.138     0.000     3.169    -7.184    22.034     0.020     9.887    31.329  2269.246  1024.134    44.067   119.957
       439    44.095     3.130     0.000     3.175    -7.179    22.048     0.020     9.887    31.329  2267.824  1024.134    44.095   120.237
       440    44.125     3.121     0.000     3.182    -7.173    22.062     0.020     9.887    31.329  2266.309  1024.134    44.125   120.524
       441    44.156     3.113     0.000     3.188    -7.167    22.078     0.020     9.887    31.330  2264.691  1024.134    44.156   120.818
       442    44.190     3.105     0.000     3.195    -7.162    22.095     0.020     9.886    31.330  2262.962  1024.134    44.190   121.118
       443    44.226     3.097     0.000     3.201    -7.155    22.113     0.020     9.886    31.330  2261.110  1024.134    44.226   121.426
       444    44.265     3.088     0.000     3.208    -7.149    22.132     0.020     9.886    31.330  2259.123  1024.134    44.265   121.741
       445    44.307     3.080     0.000     3.215    -7.142    22.153     0.020     9.886    31.330  2256.989  1024.135    44.307   122.065
       446    44.352     3.072     0.000     3.222    -7.135    22.176     0.020     9.885    31.330  2254.690  1024.135    44.352   122.398
       447    44.401     3.064     0.000     3.230    -7.128    22.200     0.020     9.885    31.330  2252.210  1024.135    44.401   122.741
       448    44.454     3.056     0.000     3.237    -7.120    22.227     0.020     9.885    31.330  2249.526  1024.135    44.454   123.093
       449    44.511     3.048     0.000     3.245    -7.113    22.256     0.020     9.884    31.330  2246.616  1024.135    44.511   123.457
       450    44.574     3.040     0.000     3.253    -7.104    22.287     0.020     9.884    31.330  2243.451  1024.135    44.574   123.833
       451    44.643     3.032     0.000     3.262    -7.096    22.321     0.020     9.883    31.330  2239.998  1024.135    44.643   124.222
       452    44.718     3.024     0.000     3.271    -7.086    22.359     0.020     9.883    31.330  2236.215  1024.135    44.718   124.625
       453    44.802     3.016     0.000     3.280    -7.077    22.401     0.020     9.882    31.330  2232.056  1024.136    44.802   125.043
       454    44.894     3.009     0.000     3.289    -7.067    22.447     0.020     9.882    31.330  2227.461  1024.136    44.894   125.479
       455    44.997     3.002     0.000     3.299    -7.056    22.499     0.020     9.881    31.331  2222.357  1024.136    44.997   125.935
       456    45.113     2.995     0.000     3.309    -7.045    22.557     0.020     9.880    31.331  2216.651  1024.136    45.113   126.413
       457    45.244     2.989     0.000     3.320    -7.032    22.622     0.020     9.880    31.331  2210.223  1024.136    45.244   126.915
       458    45.394     2.983     0.000     3.332    -7.019    22.697     0.020     9.879    31.331  2202.914  1024.137    45.394   127.447
       459    45.568     2.978     0.000     3.344    -7.005    22.784     0.020     9.878    31.331  2194.505  1024.137    45.568   128.013
       460    45.773     2.974     0.000     3.357    -6.990    22.887     0.020     9.876    31.331  2184.683  1024.137    45.773   128.621
       461    46.008     2.971     0.000     3.371    -6.973    23.004     0.020     9.875    31.332  2173.535  1024.138    46.008   129.280
       462    46.266     2.969     0.000     3.387    -6.955    23.133     0.020     9.874    31.332  2161.430  1024.138    46.266   129.994
       463    46.547     2.967     0.000     3.403    -6.935    23.273     0.020     9.872    31.332  2148.373  1024.138    46.547   130.763
       464    46.856     2.966     0.000     3.421    -6.913    23.428     0.020     9.870    31.332  2134.178  1024.139    46.856   131.597
       465    47.201     2.966     0.000     3.441    -6.888    23.601     0.020     9.868    31.332  2118.597  1024.139    47.201   132.512
       466    47.590     2.968     0.000     3.463    -6.860    23.795     0.020     9.866    31.332  2101.277  1024.140    47.590   133.530
       467    48.046     2.971     0.000     3.488    -6.829    24.023     0.020     9.864    31.333  2081.340  1024.140    48.046   134.681
       468    48.603     2.978     0.000     3.517    -6.791    24.301     0.020     9.861    31.333  2057.494  1024.141    48.603   136.036
       469    49.318     2.990     0.000     3.553    -6.745    24.659     0.020     9.858    31.333  2027.644  1024.141    49.318   137.705
       470    50.305     3.012     0.000     3.600    -6.682    25.152     0.020     9.853    31.333  1987.888  1024.142    50.305   139.910
       471    51.311     3.035     0.000     3.646    -6.621    25.655     0.020     9.849    31.333  1948.911  1024.143    51.311   142.065
       472    52.337     3.064     0.000     3.692    -6.561    26.168     0.020     9.844    31.332  1910.697  1024.143    52.337   144.210
       473    53.384     3.101     0.000     3.737    -6.503    26.692     0.020     9.840    31.332  1873.233  1024.143    53.384   146.314
       474    54.451     3.145     0.000     3.781    -6.447    27.226     0.020     9.836    31.331  1836.503  1024.143    54.451   148.370
---------------------------- Plume traps -----------------------------
       475    55.392     3.191     0.000     3.818    -6.400    27.696     0.020     9.833    31.330  1805.309  1024.143    55.392   150.107
       476    56.111     3.233     0.000     3.845    -6.367    28.056     0.020     9.831    31.329  1782.172  1024.143    56.111   151.358
       477    56.712     3.270     0.000     3.866    -6.343    28.356     0.020     9.829    31.329  1763.310  1024.143    56.712   152.325
       478    57.229     3.303     0.000     3.883    -6.322    28.614     0.020     9.828    31.328  1747.368  1024.143    57.229   153.120
       479    57.705     3.333     0.000     3.898    -6.305    28.853     0.020     9.826    31.328  1732.947  1024.142    57.705   153.826
       480    58.110     3.361     0.000     3.911    -6.289    29.055     0.020     9.825    31.327  1720.875  1024.142    58.110   154.475
       481    58.494     3.386     0.000     3.925    -6.274    29.247     0.020     9.824    31.326  1709.563  1024.142    58.494   155.113
       482    58.842     3.411     0.000     3.938    -6.259    29.421     0.020     9.823    31.326  1699.462  1024.142    58.842   155.731
       483    59.173     3.435     0.000     3.951    -6.245    29.587     0.020     9.822    31.326  1689.954  1024.142    59.173   156.340
       484    59.478     3.458     0.000     3.964    -6.231    29.739     0.020     9.821    31.325  1681.305  1024.141    59.478   156.930
       485    59.764     3.481     0.000     3.976    -6.218    29.882     0.020     9.821    31.325  1673.236  1024.141    59.764   157.507
       486    60.030     3.503     0.000     3.988    -6.205    30.015     0.020     9.820    31.324  1665.826  1024.141    60.030   158.068
       487    60.280     3.524     0.000     3.999    -6.193    30.140     0.020     9.819    31.324  1658.935  1024.141    60.280   158.615
       488    60.512     3.544     0.000     4.011    -6.181    30.256     0.020     9.819    31.324  1652.564  1024.141    60.512   159.147
       489    60.730     3.564     0.000     4.022    -6.170    30.365     0.020     9.818    31.323  1646.637  1024.140    60.730   159.667
       490    60.934     3.584     0.000     4.032    -6.160    30.467     0.020     9.818    31.323  1641.131  1024.140    60.934   160.172
       491    61.125     3.603     0.000     4.043    -6.149    30.562     0.020     9.817    31.323  1635.998  1024.140    61.125   160.666
       492    61.304     3.621     0.000     4.053    -6.139    30.652     0.020     9.817    31.322  1631.211  1024.140    61.304   161.147
       493    61.473     3.639     0.000     4.063    -6.130    30.736     0.020     9.817    31.322  1626.736  1024.140    61.473   161.616
       494    61.631     3.657     0.000     4.073    -6.121    30.816     0.020     9.816    31.322  1622.549  1024.140    61.631   162.074
       495    61.781     3.674     0.000     4.082    -6.112    30.890     0.020     9.816    31.322  1618.623  1024.140    61.781   162.521
       496    61.922     3.691     0.000     4.092    -6.103    30.961     0.020     9.816    31.321  1614.939  1024.139    61.922   162.958
       497    62.055     3.707     0.000     4.101    -6.095    31.027     0.020     9.815    31.321  1611.475  1024.139    62.055   163.385
       498    62.181     3.723     0.000     4.109    -6.087    31.090     0.020     9.815    31.321  1608.214  1024.139    62.181   163.802
       499    62.300     3.739     0.000     4.118    -6.080    31.150     0.020     9.815    31.321  1605.139  1024.139    62.300   164.210
       500    62.413     3.754     0.000     4.127    -6.073    31.206     0.020     9.815    31.321  1602.237  1024.139    62.413   164.610
       501    62.520     3.770     0.000     4.135    -6.065    31.260     0.020     9.814    31.320  1599.494  1024.139    62.520   165.001
       502    62.621     3.784     0.000     4.143    -6.059    31.311     0.020     9.814    31.320  1596.898  1024.139    62.621   165.383
       503    62.718     3.799     0.000     4.151    -6.052    31.359     0.020     9.814    31.320  1594.438  1024.139    62.718   165.758
       504    62.810     3.813     0.000     4.159    -6.046    31.405     0.020     9.814    31.320  1592.105  1024.139    62.810   166.126
       505    62.897     3.827     0.000     4.166    -6.040    31.449     0.020     9.814    31.320  1589.889  1024.138    62.897   166.486
       506    62.981     3.841     0.000     4.174    -6.034    31.490     0.020     9.813    31.320  1587.782  1024.138    62.981   166.840
       507    63.061     3.855     0.000     4.181    -6.028    31.530     0.020     9.813    31.319  1585.777  1024.138    63.061   167.187
       508    63.137     3.868     0.000     4.188    -6.022    31.568     0.020     9.813    31.319  1583.867  1024.138    63.137   167.528
       509    63.209     3.881     0.000     4.195    -6.017    31.605     0.020     9.813    31.319  1582.046  1024.138    63.209   167.862
       510    63.279     3.894     0.000     4.202    -6.012    31.639     0.020     9.813    31.319  1580.308  1024.138    63.279   168.191
       511    63.345     3.906     0.000     4.209    -6.007    31.673     0.020     9.813    31.319  1578.648  1024.138    63.345   168.513
       512    63.409     3.919     0.000     4.216    -6.002    31.705     0.020     9.813    31.319  1577.061  1024.138    63.409   168.831
       513    63.470     3.931     0.000     4.223    -5.997    31.735     0.020     9.812    31.319  1575.542  1024.138    63.470   169.143
       514    63.529     3.943     0.000     4.229    -5.993    31.764     0.020     9.812    31.319  1574.087  1024.138    63.529   169.450
       515    63.585     3.955     0.000     4.235    -5.988    31.793     0.020     9.812    31.319  1572.694  1024.138    63.585   169.753
       516    63.640     3.966     0.000     4.242    -5.984    31.820     0.020     9.812    31.318  1571.347  1024.138    63.640   170.051
       517    63.692     3.978     0.000     4.248    -5.980    31.846     0.020     9.812    31.318  1570.044  1024.138    63.692   170.347
       518    63.744     3.989     0.000     4.254    -5.976    31.872     0.020     9.812    31.318  1568.783  1024.137    63.744   170.641
       519    63.793     4.000     0.000     4.260    -5.972    31.897     0.020     9.812    31.318  1567.560  1024.137    63.793   170.931
       520    63.842     4.011     0.000     4.267    -5.968    31.921     0.020     9.812    31.318  1566.376  1024.137    63.842   171.220
       521    63.888     4.022     0.000     4.273    -5.964    31.944     0.020     9.812    31.318  1565.227  1024.137    63.888   171.505
       522    63.934     4.032     0.000     4.279    -5.960    31.967     0.020     9.812    31.318  1564.113  1024.137    63.934   171.788
       523    63.978     4.043     0.000     4.284    -5.956    31.989     0.020     9.811    31.318  1563.033  1024.137    63.978   172.069
       524    64.021     4.053     0.000     4.290    -5.953    32.011     0.020     9.811    31.318  1561.985  1024.137    64.021   172.347
       525    64.063     4.063     0.000     4.296    -5.949    32.031     0.020     9.811    31.318  1560.968  1024.137    64.063   172.623
       526    64.103     4.073     0.000     4.302    -5.946    32.052     0.020     9.811    31.318  1559.981  1024.137    64.103   172.897
       527    64.143     4.083     0.000     4.308    -5.943    32.071     0.020     9.811    31.318  1559.023  1024.137    64.143   173.169
       528    64.181     4.092     0.000     4.313    -5.940    32.091     0.020     9.811    31.317  1558.093  1024.137    64.181   173.438
       529    64.218     4.102     0.000     4.319    -5.936    32.109     0.020     9.811    31.317  1557.190  1024.137    64.218   173.705
       530    64.254     4.111     0.000     4.325    -5.933    32.127     0.020     9.811    31.317  1556.314  1024.137    64.254   173.970
       531    64.290     4.120     0.000     4.330    -5.930    32.145     0.020     9.811    31.317  1555.462  1024.137    64.290   174.233
       532    64.324     4.129     0.000     4.336    -5.927    32.162     0.020     9.811    31.317  1554.636  1024.137    64.324   174.495
       533    64.357     4.138     0.000     4.341    -5.925    32.179     0.020     9.811    31.317  1553.832  1024.137    64.357   174.754
       534    64.389     4.147     0.000     4.347    -5.922    32.195     0.020     9.811    31.317  1553.052  1024.137    64.389   175.011
       535    64.421     4.156     0.000     4.352    -5.919    32.210     0.020     9.811    31.317  1552.294  1024.137    64.421   175.266
       536    64.451     4.164     0.000     4.358    -5.916    32.226     0.020     9.811    31.317  1551.558  1024.137    64.451   175.520
       537    64.481     4.172     0.000     4.363    -5.914    32.241     0.020     9.811    31.317  1550.842  1024.137    64.481   175.772
       538    64.510     4.181     0.000     4.368    -5.911    32.255     0.020     9.811    31.317  1550.147  1024.137    64.510   176.022
       539    64.538     4.189     0.000     4.373    -5.909    32.269     0.020     9.811    31.317  1549.471  1024.137    64.538   176.271
       540    64.566     4.196     0.000     4.379    -5.907    32.283     0.020     9.811    31.317  1548.814  1024.137    64.566   176.517
       541    64.592     4.204     0.000     4.384    -5.904    32.296     0.020     9.810    31.317  1548.176  1024.136    64.592   176.763
       542    64.618     4.212     0.000     4.389    -5.902    32.309     0.020     9.810    31.317  1547.555  1024.136    64.618   177.006
       543    64.643     4.219     0.000     4.394    -5.900    32.322     0.020     9.810    31.317  1546.953  1024.136    64.643   177.248
       544    64.668     4.227     0.000     4.399    -5.898    32.334     0.020     9.810    31.317  1546.367  1024.136    64.668   177.489
       545    64.692     4.234     0.000     4.404    -5.895    32.346     0.020     9.810    31.317  1545.798  1024.136    64.692   177.728
       546    64.715     4.241     0.000     4.409    -5.893    32.357     0.020     9.810    31.316  1545.244  1024.136    64.715   177.966
       547    64.737     4.248     0.000     4.414    -5.891    32.369     0.020     9.810    31.316  1544.707  1024.136    64.737   178.202
       548    64.759     4.255     0.000     4.419    -5.889    32.380     0.020     9.810    31.316  1544.184  1024.136    64.759   178.437
       549    64.780     4.261     0.000     4.424    -5.888    32.390     0.020     9.810    31.316  1543.677  1024.136    64.780   178.671
       550    64.801     4.268     0.000     4.429    -5.886    32.401     0.020     9.810    31.316  1543.184  1024.136    64.801   178.903
       551    64.821     4.274     0.000     4.434    -5.884    32.411     0.020     9.810    31.316  1542.705  1024.136    64.821   179.134
       552    64.841     4.281     0.000     4.439    -5.882    32.420     0.020     9.810    31.316  1542.240  1024.136    64.841   179.364
       553    64.860     4.287     0.000     4.444    -5.880    32.430     0.020     9.810    31.316  1541.788  1024.136    64.860   179.593
       554    64.878     4.293     0.000     4.448    -5.879    32.439     0.020     9.810    31.316  1541.349  1024.136    64.878   179.820
       555    64.896     4.299     0.000     4.453    -5.877    32.448     0.020     9.810    31.316  1540.923  1024.136    64.896   180.047
       556    64.914     4.304     0.000     4.458    -5.876    32.457     0.020     9.810    31.316  1540.510  1024.136    64.914   180.272
       557    64.930     4.310     0.000     4.463    -5.874    32.465     0.020     9.810    31.316  1540.109  1024.136    64.930   180.496
       558    64.947     4.315     0.000     4.467    -5.873    32.473     0.020     9.810    31.316  1539.720  1024.136    64.947   180.719
       559    64.963     4.321     0.000     4.472    -5.871    32.481     0.020     9.810    31.316  1539.343  1024.136    64.963   180.942
       560    64.978     4.326     0.000     4.477    -5.870    32.489     0.020     9.810    31.316  1538.977  1024.136    64.978   181.163
       561    64.993     4.331     0.000     4.481    -5.868    32.497     0.020     9.810    31.316  1538.622  1024.136    64.993   181.383
       562    65.008     4.336     0.000     4.486    -5.867    32.504     0.020     9.810    31.316  1538.278  1024.136    65.008   181.602
       563    65.022     4.341     0.000     4.491    -5.866    32.511     0.020     9.810    31.316  1537.945  1024.136    65.022   181.821
       564    65.035     4.346     0.000     4.495    -5.865    32.518     0.020     9.810    31.316  1537.623  1024.136    65.035   182.038
       565    65.049     4.350     0.000     4.500    -5.863    32.524     0.020     9.810    31.316  1537.311  1024.136    65.049   182.255
       566    65.061     4.355     0.000     4.504    -5.862    32.531     0.020     9.810    31.316  1537.009  1024.136    65.061   182.471
       567    65.074     4.359     0.000     4.509    -5.861    32.537     0.020     9.810    31.316  1536.717  1024.136    65.074   182.686
       568    65.086     4.363     0.000     4.514    -5.860    32.543     0.020     9.810    31.316  1536.435  1024.136    65.086   182.900
       569    65.097     4.367     0.000     4.518    -5.859    32.549     0.020     9.810    31.316  1536.163  1024.136    65.097   183.114
       570    65.108     4.371     0.000     4.523    -5.858    32.554     0.020     9.810    31.316  1535.900  1024.136    65.108   183.327
       571    65.119     4.375     0.000     4.527    -5.857    32.560     0.020     9.810    31.316  1535.647  1024.136    65.119   183.539
       572    65.130     4.379     0.000     4.532    -5.856    32.565     0.020     9.810    31.316  1535.402  1024.136    65.130   183.750
       573    65.140     4.383     0.000     4.536    -5.855    32.570     0.020     9.810    31.316  1535.167  1024.136    65.140   183.961
       574    65.149     4.386     0.000     4.540    -5.854    32.575     0.020     9.810    31.316  1534.940  1024.136    65.149   184.171
       575    65.158     4.389     0.000     4.545    -5.854    32.579     0.020     9.810    31.316  1534.723  1024.136    65.158   184.381
       576    65.167     4.393     0.000     4.549    -5.853    32.584     0.020     9.810    31.316  1534.514  1024.136    65.167   184.590
       577    65.176     4.396     0.000     4.554    -5.852    32.588     0.020     9.810    31.316  1534.313  1024.136    65.176   184.799
       578    65.184     4.399     0.000     4.558    -5.851    32.592     0.020     9.810    31.316  1534.121  1024.136    65.184   185.006
       579    65.192     4.402     0.000     4.562    -5.851    32.596     0.020     9.810    31.316  1533.937  1024.136    65.192   185.214
       580    65.199     4.404     0.000     4.567    -5.850    32.600     0.020     9.810    31.316  1533.762  1024.136    65.199   185.421
       581    65.206     4.407     0.000     4.571    -5.849    32.603     0.020     9.810    31.316  1533.594  1024.136    65.206   185.627
       582    65.213     4.409     0.000     4.576    -5.849    32.607     0.020     9.810    31.316  1533.435  1024.136    65.213   185.834
       583    65.220     4.412     0.000     4.580    -5.848    32.610     0.020     9.810    31.316  1533.284  1024.136    65.220   186.039
       584    65.226     4.414     0.000     4.584    -5.848    32.613     0.020     9.810    31.316  1533.140  1024.136    65.226   186.244
       585    65.231     4.416     0.000     4.589    -5.847    32.616     0.020     9.810    31.316  1533.004  1024.136    65.231   186.449
       586    65.237     4.418     0.000     4.593    -5.847    32.618     0.020     9.810    31.316  1532.876  1024.136    65.237   186.654
       587    65.242     4.420     0.000     4.597    -5.846    32.621     0.020     9.810    31.316  1532.755  1024.136    65.242   186.858
       588    65.247     4.422     0.000     4.602    -5.846    32.623     0.020     9.810    31.316  1532.642  1024.136    65.247   187.062
       589    65.251     4.423     0.000     4.606    -5.846    32.626     0.020     9.810    31.316  1532.537  1024.136    65.251   187.266
       590    65.255     4.425     0.000     4.610    -5.845    32.628     0.020     9.810    31.315  1532.439  1024.136    65.255   187.469
       591    65.259     4.426     0.000     4.614    -5.845    32.630     0.020     9.810    31.315  1532.348  1024.136    65.259   187.672
       592    65.263     4.428     0.000     4.619    -5.845    32.631     0.020     9.810    31.315  1532.265  1024.136    65.263   187.875
       593    65.266     4.429     0.000     4.623    -5.844    32.633     0.020     9.810    31.315  1532.189  1024.136    65.266   188.078
       594    65.269     4.430     0.000     4.627    -5.844    32.635     0.020     9.810    31.315  1532.120  1024.136    65.269   188.280
       595    65.272     4.431     0.000     4.632    -5.844    32.636     0.020     9.810    31.315  1532.059  1024.136    65.272   188.483
       596    65.274     4.432     0.000     4.636    -5.844    32.637     0.020     9.810    31.315  1532.004  1024.136    65.274   188.685
       597    65.276     4.432     0.000     4.640    -5.844    32.638     0.020     9.810    31.315  1531.957  1024.136    65.276   188.887
       598    65.278     4.433     0.000     4.644    -5.844    32.639     0.020     9.810    31.315  1531.917  1024.136    65.278   189.089
       599    65.279     4.433     0.000     4.649    -5.844    32.640     0.020     9.810    31.315  1531.884  1024.136    65.279   189.291
       600    65.280     4.434     0.000     4.653    -5.844    32.640     0.020     9.810    31.315  1531.857  1024.136    65.280   189.492
       601    65.281     4.434     0.000     4.657    -5.844    32.641     0.020     9.810    31.315  1531.838  1024.136    65.281   189.694
---------------------- Local maximum rise or fall --------------------
       602    65.282     4.434     0.000     4.661    -5.844    32.641     0.020     9.810    31.315  1531.824  1024.136    65.282   189.896
-------------------- Starting Farfield Calculations --------------------
Farfield dispersion based on wastefield width of :       4.43 (m)
4/3 Power Law based Eddy Diffusivity is used:
  Dilution     Width  Distance      Time    Bckgrd
        ()       (m)       (m)    (hrs.)    (mg/L)
    65.282     4.440     4.661     0.000     0.000
    65.282     4.540     5.000     0.005     0.000
    65.287     4.842     6.000     0.019     0.000
    65.502     5.149     7.000     0.033     0.000
    66.352     5.463     8.000     0.047     0.000
    67.904     5.783     9.000     0.061     0.000
    70.020     6.110    10.000     0.074     0.000
    72.556     6.442    11.000     0.088     0.000
    75.404     6.779    12.000     0.102     0.000
    78.491     7.123    13.000     0.116     0.000
    81.767     7.472    14.000     0.130     0.000
    85.195     7.827    15.000     0.144     0.000
    88.751     8.187    16.000     0.158     0.000
    92.419     8.552    17.000     0.172     0.000
    96.184     8.923    18.000     0.186     0.000
   100.036     9.299    19.000     0.199     0.000
   103.969     9.680    20.000     0.213     0.000
   107.977    10.066    21.000     0.227     0.000
   112.054    10.457    22.000     0.241     0.000
   116.197    10.853    23.000     0.255     0.000
   120.403    11.254    24.000     0.269     0.000
   124.670    11.660    25.000     0.283     0.000
   128.995    12.071    26.000     0.297     0.000
   133.377    12.486    27.000     0.311     0.000
   137.814    12.906    28.000     0.324     0.000
   142.304    13.330    29.000     0.338     0.000
   146.847    13.759    30.000     0.352     0.000
   151.441    14.193    31.000     0.366     0.000
   156.086    14.631    32.000     0.380     0.000
   160.780    15.073    33.000     0.394     0.000
   165.523    15.520    34.000     0.408     0.000
   170.314    15.971    35.000     0.422     0.000
   175.152    16.427    36.000     0.436     0.000
   180.037    16.886    37.000     0.449     0.000
   184.968    17.350    38.000     0.463     0.000
   189.944    17.818    39.000     0.477     0.000
   194.966    18.291    40.000     0.491     0.000
   200.032    18.767    41.000     0.505     0.000
   205.142    19.247    42.000     0.519     0.000
   210.296    19.732    43.000     0.533     0.000
   215.493    20.220    44.000     0.547     0.000
   220.732    20.712    45.000     0.561     0.000
   226.014    21.209    46.000     0.574     0.000
   231.339    21.709    47.000     0.588     0.000
   236.704    22.213    48.000     0.602     0.000
   242.111    22.721    49.000     0.616     0.000
   247.559    23.233    50.000     0.630     0.000
   253.048    23.748    51.000     0.644     0.000
   258.577    24.267    52.000     0.658     0.000
   264.146    24.790    53.000     0.672     0.000
   269.754    25.317    54.000     0.686     0.000
   275.402    25.847    55.000     0.699     0.000
   281.089    26.381    56.000     0.713     0.000
   286.815    26.919    57.000     0.727     0.000
   292.580    27.460    58.000     0.741     0.000
   298.382    28.005    59.000     0.755     0.000
   304.223    28.553    60.000     0.769     0.000
   310.101    29.105    61.000     0.783     0.000
   316.017    29.661    62.000     0.797     0.000
   321.971    30.220    63.000     0.811     0.000
   327.961    30.782    64.000     0.824     0.000
   333.988    31.348    65.000     0.838     0.000
   340.051    31.917    66.000     0.852     0.000
   346.151    32.490    67.000     0.866     0.000
   352.287    33.066    68.000     0.880     0.000
   358.459    33.645    69.000     0.894     0.000
   364.667    34.228    70.000     0.908     0.000
   370.910    34.814    71.000     0.922     0.000
   377.189    35.404    72.000     0.936     0.000
   383.502    35.996    73.000     0.949     0.000
   389.851    36.592    74.000     0.963     0.000
   396.234    37.192    75.000     0.977     0.000
   402.651    37.794    76.000     0.991     0.000
   409.103    38.400    77.000     1.005     0.000
   415.589    39.009    78.000     1.019     0.000
   422.109    39.621    79.000     1.033     0.000
   428.663    40.236    80.000     1.047     0.000
   435.251    40.854    81.000     1.061     0.000
   441.872    41.476    82.000     1.074     0.000
   448.526    42.100    83.000     1.088     0.000
   455.213    42.728    84.000     1.102     0.000
   461.933    43.359    85.000     1.116     0.000
   468.686    43.993    86.000     1.130     0.000
   475.471    44.630    87.000     1.144     0.000
   482.289    45.270    88.000     1.158     0.000
   489.140    45.913    89.000     1.172     0.000
   496.022    46.559    90.000     1.186     0.000
   502.936    47.208    91.000     1.199     0.000
   509.883    47.860    92.000     1.213     0.000
   516.861    48.515    93.000     1.227     0.000
   523.870    49.173    94.000     1.241     0.000
   530.911    49.834    95.000     1.255     0.000
   537.983    50.498    96.000     1.269     0.000
   545.087    51.164    97.000     1.283     0.000
   552.221    51.834    98.000     1.297     0.000
   559.386    52.507    99.000     1.311     0.000
   566.582    53.182   100.000     1.324     0.000
   573.809    53.860   101.000     1.338     0.000
   581.066    54.542   102.000     1.352     0.000
   588.353    55.226   103.000     1.366     0.000
   595.671    55.913   104.000     1.380     0.000
   603.018    56.602   105.000     1.394     0.000
   610.396    57.295   106.000     1.408     0.000
   617.803    57.990   107.000     1.422     0.000
   625.241    58.688   108.000     1.436     0.000
   632.707    59.389   109.000     1.449     0.000
   640.204    60.093   110.000     1.463     0.000
   647.730    60.799   111.000     1.477     0.000
   655.285    61.508   112.000     1.491     0.000
   662.869    62.220   113.000     1.505     0.000
   670.482    62.935   114.000     1.519     0.000
   678.124    63.652   115.000     1.533     0.000
   685.795    64.372   116.000     1.547     0.000
   693.494    65.095   117.000     1.561     0.000
   701.223    65.820   118.000     1.574     0.000
   708.979    66.549   119.000     1.588     0.000
   716.765    67.279   120.000     1.602     0.000
   724.578    68.013   121.000     1.616     0.000
   732.420    68.749   122.000     1.630     0.000
   740.289    69.488   123.000     1.644     0.000
   748.187    70.229   124.000     1.658     0.000
   756.113    70.973   125.000     1.672     0.000
   764.066    71.719   126.000     1.686     0.000
   772.047    72.469   127.000     1.699     0.000
   780.056    73.220   128.000     1.713     0.000
   788.092    73.975   129.000     1.727     0.000
   796.156    74.731   130.000     1.741     0.000
   804.246    75.491   131.000     1.755     0.000
   812.365    76.253   132.000     1.769     0.000
   820.510    77.018   133.000     1.783     0.000
   828.682    77.785   134.000     1.797     0.000
   836.881    78.554   135.000     1.811     0.000
   845.107    79.326   136.000     1.824     0.000
   853.360    80.101   137.000     1.838     0.000
   861.640    80.878   138.000     1.852     0.000
   869.946    81.658   139.000     1.866     0.000
   878.279    82.440   140.000     1.880     0.000
   886.638    83.225   141.000     1.894     0.000
   895.024    84.012   142.000     1.908     0.000
   903.435    84.801   143.000     1.922     0.000
   911.873    85.593   144.000     1.936     0.000
   920.337    86.388   145.000     1.949     0.000
   928.828    87.185   146.000     1.963     0.000
   937.344    87.984   147.000     1.977     0.000
   945.886    88.786   148.000     1.991     0.000
   954.453    89.590   149.000     2.005     0.000
   963.047    90.397   150.000     2.019     0.000
   971.666    91.206   151.000     2.033     0.000
   980.310    92.017   152.000     2.047     0.000
   988.981    92.831   153.000     2.061     0.000
   997.676    93.647   154.000     2.074     0.000
  1006.397    94.466   155.000     2.088     0.000
  1015.143    95.287   156.000     2.102     0.000
  1023.914    96.110   157.000     2.116     0.000
  1032.711    96.936   158.000     2.130     0.000
  1041.532    97.764   159.000     2.144     0.000
  1050.379    98.594   160.000     2.158     0.000
  1059.250    99.427   161.000     2.172     0.000
  1068.146   100.262   162.000     2.186     0.000
  1077.067   101.100   163.000     2.199     0.000
  1086.013   101.939   164.000     2.213     0.000
  1094.983   102.781   165.000     2.227     0.000
  1103.978   103.626   166.000     2.241     0.000
  1112.998   104.472   167.000     2.255     0.000
  1122.041   105.321   168.000     2.269     0.000
  1131.110   106.172   169.000     2.283     0.000
  1140.202   107.026   170.000     2.297     0.000
  1149.319   107.882   171.000     2.311     0.000
  1158.460   108.740   172.000     2.324     0.000
  1167.625   109.600   173.000     2.338     0.000
  1176.814   110.462   174.000     2.352     0.000
  1186.027   111.327   175.000     2.366     0.000
  1195.264   112.194   176.000     2.380     0.000
  1204.524   113.063   177.000     2.394     0.000
  1213.809   113.935   178.000     2.408     0.000
  1223.117   114.809   179.000     2.422     0.000
  1232.449   115.685   180.000     2.436     0.000
  1241.805   116.563   181.000     2.449     0.000
  1251.184   117.443   182.000     2.463     0.000
  1260.586   118.326   183.000     2.477     0.000
  1270.013   119.211   184.000     2.491     0.000
  1279.462   120.098   185.000     2.505     0.000
  1288.935   120.987   186.000     2.519     0.000
  1298.431   121.878   187.000     2.533     0.000
  1307.950   122.772   188.000     2.547     0.000
  1317.492   123.667   189.000     2.561     0.000
  1327.058   124.565   190.000     2.574     0.000
  1336.646   125.465   191.000     2.588     0.000
  1346.258   126.367   192.000     2.602     0.000
  1355.892   127.272   193.000     2.616     0.000
  1365.550   128.178   194.000     2.630     0.000
  1375.230   129.087   195.000     2.644     0.000
  1384.933   129.998   196.000     2.658     0.000
  1394.658   130.911   197.000     2.672     0.000
  1404.407   131.826   198.000     2.686     0.000
  1414.177   132.743   199.000     2.699     0.000
  1423.971   133.662   200.000     2.713     0.000
  1433.787   134.583   201.000     2.727     0.000
  1443.625   135.507   202.000     2.741     0.000
  1453.486   136.432   203.000     2.755     0.000
  1463.369   137.360   204.000     2.769     0.000
  1473.275   138.290   205.000     2.783     0.000
  1483.202   139.222   206.000     2.797     0.000
............................. Reached Chronic Mixing Zone ..........................
  1493.152   140.156   207.000     2.811     0.000
  1503.124   141.092   208.000     2.824     0.000
  1513.118   142.030   209.000     2.838     0.000
  1523.134   142.970   210.000     2.852     0.000
  1533.173   143.912   211.000     2.866     0.000
  1543.233   144.857   212.000     2.880     0.000
  1553.315   145.803   213.000     2.894     0.000
  1563.419   146.751   214.000     2.908     0.000
  1573.544   147.702   215.000     2.922     0.000
  1583.692   148.654   216.000     2.936     0.000
  1593.861   149.609   217.000     2.949     0.000
  1604.052   150.566   218.000     2.963     0.000
  1614.265   151.524   219.000     2.977     0.000
  1624.499   152.485   220.000     2.991     0.000
  1634.754   153.447   221.000     3.005     0.000
  1645.031   154.412   222.000     3.019     0.000
  1655.330   155.379   223.000     3.033     0.000
  1665.650   156.347   224.000     3.047     0.000
  1675.991   157.318   225.000     3.061     0.000
  1686.354   158.291   226.000     3.074     0.000
  1696.738   159.266   227.000     3.088     0.000
  1707.143   160.242   228.000     3.102     0.000
  1717.569   161.221   229.000     3.116     0.000
  1728.017   162.202   230.000     3.130     0.000
  1738.485   163.184   231.000     3.144     0.000
  1748.975   164.169   232.000     3.158     0.000
  1759.486   165.155   233.000     3.172     0.000
  1770.017   166.144   234.000     3.186     0.000
  1780.570   167.135   235.000     3.199     0.000
  1791.143   168.127   236.000     3.213     0.000
  1801.737   169.121   237.000     3.227     0.000
  1812.353   170.118   238.000     3.241     0.000
  1822.988   171.116   239.000     3.255     0.000
  1833.645   172.116   240.000     3.269     0.000
  1844.322   173.119   241.000     3.283     0.000
  1855.020   174.123   242.000     3.297     0.000
  1865.739   175.129   243.000     3.311     0.000
  1876.478   176.137   244.000     3.324     0.000
  1887.237   177.147   245.000     3.338     0.000
  1898.017   178.159   246.000     3.352     0.000
  1908.818   179.173   247.000     3.366     0.000
  1919.639   180.188   248.000     3.380     0.000
  1930.480   181.206   249.000     3.394     0.000
  1941.342   182.226   250.000     3.408     0.000
  1952.224   183.247   251.000     3.422     0.000
  1963.126   184.270   252.000     3.436     0.000
  1974.048   185.296   253.000     3.449     0.000
  1984.991   186.323   254.000     3.463     0.000
  1995.954   187.352   255.000     3.477     0.000
  2006.936   188.383   256.000     3.491     0.000
  2017.939   189.415   257.000     3.505     0.000
  2028.962   190.450   258.000     3.519     0.000
  2040.005   191.487   259.000     3.533     0.000
  2051.068   192.525   260.000     3.547     0.000
  2062.151   193.565   261.000     3.561     0.000
  2073.254   194.608   262.000     3.574     0.000
  2084.376   195.652   263.000     3.588     0.000
  2095.519   196.697   264.000     3.602     0.000
  2106.681   197.745   265.000     3.616     0.000
  2117.863   198.795   266.000     3.630     0.000
  2129.064   199.846   267.000     3.644     0.000
  2140.286   200.900   268.000     3.658     0.000
  2151.527   201.955   269.000     3.672     0.000
  2162.787   203.012   270.000     3.686     0.000
  2174.067   204.071   271.000     3.699     0.000
  2185.367   205.131   272.000     3.713     0.000
  2196.686   206.194   273.000     3.727     0.000
  2208.025   207.258   274.000     3.741     0.000
  2219.383   208.324   275.000     3.755     0.000
  2230.761   209.392   276.000     3.769     0.000
  2242.158   210.462   277.000     3.783     0.000
  2253.574   211.533   278.000     3.797     0.000
  2265.009   212.607   279.000     3.811     0.000
  2276.464   213.682   280.000     3.824     0.000
  2287.938   214.759   281.000     3.838     0.000
  2299.432   215.838   282.000     3.852     0.000
  2310.944   216.919   283.000     3.866     0.000
  2322.476   218.001   284.000     3.880     0.000
  2334.026   219.085   285.000     3.894     0.000
  2345.596   220.171   286.000     3.908     0.000
  2357.185   221.259   287.000     3.922     0.000
  2368.793   222.349   288.000     3.936     0.000
  2380.420   223.440   289.000     3.949     0.000
  2392.066   224.533   290.000     3.963     0.000
  2403.731   225.628   291.000     3.977     0.000
  2415.414   226.725   292.000     3.991     0.000
  2427.117   227.823   293.000     4.005     0.000
  2438.838   228.923   294.000     4.019     0.000
  2450.579   230.026   295.000     4.033     0.000
  2462.338   231.129   296.000     4.047     0.000
  2474.115   232.235   297.000     4.061     0.000
  2485.912   233.342   298.000     4.074     0.000
  2497.727   234.451   299.000     4.088     0.000
  2509.561   235.562   300.000     4.102     0.000
  2521.413   236.674   301.000     4.116     0.000
  2533.284   237.789   302.000     4.130     0.000
  2545.174   238.905   303.000     4.144     0.000
  2557.082   240.023   304.000     4.158     0.000
  2569.009   241.142   305.000     4.172     0.000
  2580.954   242.263   306.000     4.186     0.000
  2592.917   243.386   307.000     4.199     0.000
  2604.899   244.511   308.000     4.213     0.000
  2616.900   245.637   309.000     4.227     0.000
  2628.919   246.766   310.000     4.241     0.000
  2640.956   247.895   311.000     4.255     0.000
  2653.011   249.027   312.000     4.269     0.000
  2665.085   250.160   313.000     4.283     0.000
  2677.177   251.295   314.000     4.297     0.000
  2689.287   252.432   315.000     4.311     0.000
  2701.416   253.571   316.000     4.324     0.000
  2713.562   254.711   317.000     4.338     0.000
  2725.727   255.853   318.000     4.352     0.000
  2737.910   256.996   319.000     4.366     0.000
  2750.111   258.141   320.000     4.380     0.000
  2762.330   259.288   321.000     4.394     0.000
  2774.567   260.437   322.000     4.408     0.000
  2786.822   261.587   323.000     4.422     0.000
  2799.096   262.739   324.000     4.436     0.000
  2811.387   263.893   325.000     4.449     0.000
  2823.696   265.048   326.000     4.463     0.000
  2836.023   266.206   327.000     4.477     0.000
  2848.367   267.364   328.000     4.491     0.000
  2860.730   268.525   329.000     4.505     0.000
  2873.111   269.687   330.000     4.519     0.000
  2885.509   270.851   331.000     4.533     0.000
  2897.925   272.016   332.000     4.547     0.000
  2910.359   273.183   333.000     4.561     0.000
  2922.811   274.352   334.000     4.574     0.000
  2935.280   275.522   335.000     4.588     0.000
  2947.767   276.695   336.000     4.602     0.000
  2960.272   277.868   337.000     4.616     0.000
  2972.794   279.044   338.000     4.630     0.000
  2985.334   280.221   339.000     4.644     0.000
  2997.891   281.399   340.000     4.658     0.000
  3010.466   282.580   341.000     4.672     0.000
  3023.059   283.762   342.000     4.686     0.000
  3035.669   284.946   343.000     4.699     0.000
  3048.296   286.131   344.000     4.713     0.000
  3060.941   287.318   345.000     4.727     0.000
  3073.604   288.506   346.000     4.741     0.000
  3086.284   289.697   347.000     4.755     0.000
  3098.981   290.888   348.000     4.769     0.000
  3111.696   292.082   349.000     4.783     0.000
  3124.428   293.277   350.000     4.797     0.000
  3137.177   294.474   351.000     4.811     0.000
  3149.944   295.672   352.000     4.824     0.000
  3162.727   296.872   353.000     4.838     0.000
  3175.528   298.074   354.000     4.852     0.000
  3188.347   299.277   355.000     4.866     0.000
  3201.182   300.482   356.000     4.880     0.000
  3214.035   301.688   357.000     4.894     0.000
  3226.905   302.896   358.000     4.908     0.000
  3239.792   304.106   359.000     4.922     0.000
  3252.696   305.317   360.000     4.936     0.000
  3265.617   306.530   361.000     4.949     0.000
  3278.555   307.744   362.000     4.963     0.000
  3291.511   308.960   363.000     4.977     0.000
  3304.483   310.178   364.000     4.991     0.000
  3317.472   311.397   365.000     5.005     0.000
  3330.479   312.618   366.000     5.019     0.000
  3343.502   313.841   367.000     5.033     0.000
  3356.542   315.065   368.000     5.047     0.000
  3369.599   316.290   369.000     5.061     0.000
  3382.673   317.517   370.000     5.074     0.000
  3395.764   318.746   371.000     5.088     0.000
  3408.872   319.976   372.000     5.102     0.000
  3421.996   321.208   373.000     5.116     0.000
  3435.137   322.442   374.000     5.130     0.000
  3448.295   323.677   375.000     5.144     0.000
  3461.470   324.914   376.000     5.158     0.000
  3474.662   326.152   377.000     5.172     0.000
  3487.870   327.392   378.000     5.186     0.000
  3501.095   328.633   379.000     5.199     0.000
  3514.337   329.876   380.000     5.213     0.000
  3527.595   331.121   381.000     5.227     0.000
  3540.870   332.367   382.000     5.241     0.000
  3554.162   333.614   383.000     5.255     0.000
  3567.470   334.863   384.000     5.269     0.000
  3580.794   336.114   385.000     5.283     0.000
  3594.136   337.366   386.000     5.297     0.000
  3607.493   338.620   387.000     5.311     0.000
  3620.868   339.876   388.000     5.324     0.000
  3634.258   341.133   389.000     5.338     0.000
  3647.666   342.391   390.000     5.352     0.000
  3661.089   343.651   391.000     5.366     0.000
  3674.530   344.913   392.000     5.380     0.000
  3687.986   346.176   393.000     5.394     0.000
  3701.459   347.440   394.000     5.408     0.000
  3714.948   348.707   395.000     5.422     0.000
  3728.454   349.974   396.000     5.436     0.000
  3741.976   351.244   397.000     5.449     0.000
  3755.514   352.514   398.000     5.463     0.000
  3769.069   353.787   399.000     5.477     0.000
  3782.639   355.061   400.000     5.491     0.000
  3796.226   356.336   401.000     5.505     0.000
  3809.830   357.613   402.000     5.519     0.000
  3823.449   358.891   403.000     5.533     0.000
  3837.085   360.171   404.000     5.547     0.000
  3850.737   361.453   405.000     5.561     0.000
  3864.405   362.735   406.000     5.574     0.000
  3878.089   364.020   407.000     5.588     0.000
  3891.789   365.306   408.000     5.602     0.000
  3905.506   366.593   409.000     5.616     0.000
  3919.238   367.882   410.000     5.630     0.000
  3932.987   369.173   411.000     5.644     0.000
  3946.751   370.465   412.000     5.658     0.000
  3960.532   371.759   413.000     5.672     0.000
  3974.328   373.054   414.000     5.686     0.000
  3988.141   374.350   415.000     5.699     0.000
  4001.969   375.648   416.000     5.713     0.000
  4015.814   376.948   417.000     5.727     0.000
  4029.674   378.249   418.000     5.741     0.000
  4043.550   379.551   419.000     5.755     0.000
  4057.443   380.855   420.000     5.769     0.000
  4071.351   382.161   421.000     5.783     0.000
  4085.274   383.468   422.000     5.797     0.000
  4099.214   384.776   423.000     5.811     0.000
  4113.170   386.086   424.000     5.824     0.000
  4127.141   387.397   425.000     5.838     0.000
  4141.128   388.710   426.000     5.852     0.000
  4155.131   390.025   427.000     5.866     0.000
  4169.150   391.341   428.000     5.880     0.000
  4183.184   392.658   429.000     5.894     0.000
  4197.234   393.977   430.000     5.908     0.000
  4211.300   395.297   431.000     5.922     0.000
  4225.382   396.619   432.000     5.936     0.000
  4239.479   397.942   433.000     5.949     0.000
  4253.592   399.267   434.000     5.963     0.000
  4267.720   400.593   435.000     5.977     0.000
  4281.864   401.921   436.000     5.991     0.000
  4296.024   403.250   437.000     6.005     0.000
  4310.199   404.580   438.000     6.019     0.000
  4324.390   405.912   439.000     6.033     0.000
  4338.596   407.246   440.000     6.047     0.000
  4352.818   408.581   441.000     6.061     0.000
  4367.055   409.917   442.000     6.074     0.000
  4381.308   411.255   443.000     6.088     0.000
  4395.576   412.594   444.000     6.102     0.000
  4409.860   413.935   445.000     6.116     0.000
  4424.159   415.277   446.000     6.130     0.000
  4438.473   416.621   447.000     6.144     0.000
  4452.803   417.966   448.000     6.158     0.000
  4467.149   419.313   449.000     6.172     0.000
  4481.510   420.661   450.000     6.186     0.000
  4495.886   422.010   451.000     6.199     0.000
  4510.277   423.361   452.000     6.213     0.000
  4524.684   424.713   453.000     6.227     0.000
  4539.106   426.067   454.000     6.241     0.000
  4553.543   427.422   455.000     6.255     0.000
  4567.996   428.779   456.000     6.269     0.000
  4582.464   430.137   457.000     6.283     0.000
  4596.947   431.496   458.000     6.297     0.000
  4611.445   432.857   459.000     6.311     0.000
  4625.959   434.219   460.000     6.324     0.000
  4640.488   435.583   461.000     6.338     0.000
  4655.032   436.948   462.000     6.352     0.000
  4669.591   438.315   463.000     6.366     0.000
  4684.165   439.683   464.000     6.380     0.000
  4698.754   441.052   465.000     6.394     0.000
  4713.359   442.423   466.000     6.408     0.000
  4727.979   443.795   467.000     6.422     0.000
  4742.613   445.169   468.000     6.436     0.000
  4757.263   446.544   469.000     6.449     0.000
  4771.928   447.921   470.000     6.463     0.000
  4786.608   449.299   471.000     6.477     0.000
  4801.303   450.678   472.000     6.491     0.000
  4816.012   452.059   473.000     6.505     0.000
  4830.737   453.441   474.000     6.519     0.000
  4845.477   454.825   475.000     6.533     0.000
  4860.232   456.210   476.000     6.547     0.000
  4875.002   457.596   477.000     6.561     0.000
  4889.786   458.984   478.000     6.574     0.000
  4904.586   460.373   479.000     6.588     0.000
  4919.400   461.763   480.000     6.602     0.000
  4934.230   463.155   481.000     6.616     0.000
  4949.074   464.549   482.000     6.630     0.000
  4963.933   465.944   483.000     6.644     0.000
  4978.807   467.340   484.000     6.658     0.000
  4993.696   468.737   485.000     6.672     0.000
  5008.600   470.136   486.000     6.686     0.000
  5023.518   471.537   487.000     6.699     0.000
  5026.350   471.802   487.190     6.702     0.000
