****************************************************************************************************
----------------------------------------------------------------------------------------------------
Ambient Table:
     Depth   Amb-cur   Amb-dir   Amb-sal   Amb-tem   Amb-pol     Decay   Far-spd   Far-dir   Disprsn
       (m)     (m/s)     (deg)     (psu)       (C)    (mg/L)   (1/day)     (m/s)     (deg)(m0.67/s2)
     0.000     0.020    90.000    30.900    11.200     0.000     0.000     0.020    90.000   0.00030
     3.000     0.020    90.000    31.200    10.400     0.000     0.000     0.020    90.000   0.00030
     6.000     0.020    90.000    31.200     9.690     0.000     0.000     0.020    90.000   0.00030
     9.000     0.020    90.000    31.700     9.440     0.000     0.000     0.020    90.000   0.00030
    12.000     0.020    90.000    31.800     9.340     0.000     0.000     0.020    90.000   0.00030
    15.000     0.050    90.000    31.900     9.220     0.000     0.000     0.020    90.000   0.00030
----------------------------------------------------------------------------------------------------
Diffuser Table:
     P-dia    P-elev   V-angle   H-angle     Ports   Spacing   AcuteMZ   ChrncMZ   P-depth   Ttl-flo   Eff-sal      Temp   Polutnt
       (m)       (m)     (deg)     (deg)       ( )       (m)       (m)       (m)       (m)     (cms)     (psu)       (C)    (mg/L)
      0.30     15.00    -45.00     90.00      1.00      0.00     20.70    207.00      2.00      0.01     35.00     10.00 100000.00
----------------------------------------------------------------------------------------------------
Simulation Results:
              Dilutn     P-dia    x-posn    y-posn     Depth    CL-Dil  Amb-Curr    P-Temp     P-Sal    P-Con.     P-Den   Net-Dil      Time
      Step (FluxAvg)       (m)       (m)       (m)       (m)        ()     (m/s)       (C)     (psu)    (mg/L)   (kg/m3)        ()       (s)
         1     1.020     0.237     0.000     0.009    -2.009     1.000     0.020    10.013    34.924 98033.309  1026.912     1.020     0.109
         2     1.029     0.237     0.000     0.012    -2.013     1.000     0.020    10.019    34.891 97192.113  1026.886     1.029     0.154
         3     1.038     0.238     0.000     0.016    -2.017     1.000     0.020    10.024    34.858 96335.607  1026.859     1.038     0.200
         4     1.048     0.239     0.000     0.020    -2.021     1.000     0.020    10.030    34.824 95461.381  1026.832     1.048     0.247
         5     1.057     0.240     0.000     0.024    -2.025     1.000     0.020    10.036    34.789 94577.036  1026.804     1.057     0.296
         6     1.067     0.241     0.000     0.027    -2.029     1.000     0.020    10.042    34.754 93683.644  1026.776     1.067     0.345
         7     1.078     0.243     0.000     0.031    -2.034     1.000     0.020    10.048    34.719 92781.506  1026.747     1.078     0.396
         8     1.088     0.244     0.000     0.035    -2.038     1.000     0.020    10.054    34.684 91870.568  1026.719     1.088     0.447
         9     1.099     0.245     0.000     0.039    -2.043     1.000     0.020    10.060    34.648 90950.712  1026.690     1.099     0.500
        10     1.111     0.246     0.000     0.043    -2.048     1.000     0.020    10.066    34.612 90021.798  1026.661     1.111     0.554
        11     1.123     0.247     0.000     0.048    -2.053     1.000     0.020    10.072    34.576 89083.683  1026.631     1.123     0.609
        12     1.135     0.249     0.000     0.052    -2.058     1.000     0.020    10.078    34.539 88136.222  1026.601     1.135     0.665
        13     1.147     0.250     0.000     0.056    -2.063     1.000     0.020    10.084    34.502 87179.267  1026.571     1.147     0.723
        14     1.160     0.251     0.000     0.060    -2.068     1.000     0.020    10.091    34.464 86212.674  1026.541     1.160     0.782
        15     1.173     0.253     0.000     0.065    -2.074     1.000     0.020    10.097    34.426 85236.295  1026.510     1.173     0.843
        16     1.187     0.254     0.000     0.069    -2.079     1.000     0.020    10.103    34.388 84249.983  1026.479     1.187     0.905
        17     1.201     0.256     0.000     0.074    -2.085     1.000     0.020    10.110    34.349 83253.590  1026.448     1.201     0.969
        18     1.216     0.257     0.000     0.079    -2.091     1.000     0.020    10.116    34.310 82246.970  1026.417     1.216     1.034
        19     1.231     0.259     0.000     0.083    -2.098     1.000     0.020    10.123    34.271 81229.975  1026.385     1.231     1.101
        20     1.247     0.260     0.000     0.088    -2.104     1.000     0.020    10.129    34.231 80202.456  1026.353     1.247     1.170
        21     1.263     0.262     0.000     0.093    -2.111     1.000     0.020    10.136    34.190 79164.266  1026.320     1.263     1.242
        22     1.280     0.264     0.000     0.098    -2.118     1.000     0.020    10.143    34.150 78115.255  1026.287     1.280     1.315
        23     1.298     0.266     0.000     0.103    -2.125     1.000     0.020    10.149    34.109 77055.274  1026.254     1.298     1.390
        24     1.316     0.268     0.000     0.108    -2.133     1.000     0.020    10.156    34.067 75984.174  1026.220     1.316     1.467
        25     1.335     0.270     0.000     0.114    -2.140     1.000     0.020    10.163    34.025 74901.806  1026.187     1.335     1.547
        26     1.355     0.272     0.000     0.119    -2.148     1.000     0.020    10.170    33.983 73808.018  1026.152     1.355     1.629
        27     1.375     0.274     0.000     0.125    -2.156     1.000     0.020    10.176    33.940 72702.659  1026.118     1.375     1.714
        28     1.397     0.276     0.000     0.130    -2.165     1.000     0.020    10.183    33.896 71585.577  1026.083     1.397     1.802
        29     1.419     0.278     0.000     0.136    -2.174     1.000     0.020    10.190    33.853 70456.619  1026.048     1.419     1.893
        30     1.443     0.280     0.000     0.142    -2.183     1.000     0.020    10.197    33.808 69315.630  1026.012     1.443     1.987
        31     1.467     0.283     0.000     0.148    -2.193     1.000     0.020    10.204    33.764 68162.454  1025.976     1.467     2.084
        32     1.493     0.286     0.000     0.154    -2.203     1.000     0.020    10.211    33.719 66996.932  1025.940     1.493     2.184
        33     1.519     0.288     0.000     0.161    -2.213     1.000     0.020    10.218    33.673 65818.903  1025.903     1.519     2.289
        34     1.547     0.291     0.000     0.167    -2.224     1.000     0.020    10.226    33.627 64628.203  1025.866     1.547     2.397
        35     1.577     0.294     0.000     0.174    -2.235     1.000     0.020    10.233    33.580 63424.664  1025.828     1.577     2.509
        36     1.608     0.297     0.000     0.181    -2.247     1.000     0.020    10.240    33.533 62208.113  1025.790     1.608     2.626
        37     1.640     0.300     0.000     0.188    -2.259     1.000     0.020    10.247    33.486 60986.087  1025.752     1.640     2.748
        38     1.673     0.303     0.000     0.195    -2.271     1.000     0.020    10.254    33.440 59788.112  1025.715     1.673     2.870
        39     1.706     0.307     0.000     0.202    -2.283     1.000     0.020    10.261    33.394 58613.712  1025.679     1.706     2.993
        40     1.740     0.310     0.000     0.208    -2.296     1.000     0.020    10.267    33.350 57462.422  1025.643     1.740     3.118
        41     1.775     0.313     0.000     0.215    -2.309     1.000     0.020    10.274    33.306 56333.786  1025.608     1.775     3.244
        42     1.811     0.317     0.000     0.222    -2.322     1.000     0.020    10.280    33.264 55227.357  1025.574     1.811     3.372
        43     1.847     0.320     0.000     0.229    -2.335     1.000     0.020    10.286    33.222 54142.696  1025.540     1.847     3.501
        44     1.884     0.324     0.000     0.236    -2.348     1.000     0.020    10.292    33.181 53079.373  1025.507     1.884     3.631
        45     1.922     0.327     0.000     0.243    -2.361     1.000     0.020    10.297    33.141 52036.967  1025.475     1.922     3.763
        46     1.960     0.331     0.000     0.250    -2.375     1.000     0.020    10.303    33.101 51015.066  1025.444     1.960     3.896
        47     1.999     0.335     0.000     0.257    -2.388     1.000     0.020    10.308    33.063 50013.264  1025.413     1.999     4.031
        48     2.040     0.338     0.000     0.264    -2.402     1.020     0.020    10.313    33.025 49031.166  1025.383     2.040     4.167
        49     2.080     0.342     0.000     0.271    -2.416     1.040     0.020    10.318    32.988 48068.382  1025.353     2.080     4.305
        50     2.122     0.346     0.000     0.277    -2.430     1.061     0.020    10.323    32.952 47124.532  1025.324     2.122     4.445
        51     2.165     0.350     0.000     0.284    -2.444     1.082     0.020    10.327    32.916 46199.243  1025.295     2.165     4.586
        52     2.208     0.354     0.000     0.291    -2.459     1.104     0.020    10.332    32.882 45292.147  1025.268     2.208     4.729
        53     2.252     0.358     0.000     0.298    -2.474     1.126     0.020    10.336    32.848 44402.887  1025.240     2.252     4.874
        54     2.297     0.362     0.000     0.305    -2.488     1.149     0.020    10.340    32.814 43531.110  1025.214     2.297     5.020
        55     2.343     0.366     0.000     0.312    -2.503     1.172     0.020    10.344    32.781 42676.473  1025.188     2.343     5.169
        56     2.390     0.370     0.000     0.319    -2.518     1.195     0.020    10.348    32.749 41838.637  1025.162     2.390     5.319
        57     2.438     0.375     0.000     0.326    -2.534     1.219     0.020    10.351    32.718 41017.271  1025.137     2.438     5.471
        58     2.487     0.379     0.000     0.333    -2.549     1.243     0.020    10.355    32.687 40212.051  1025.113     2.487     5.625
        59     2.537     0.383     0.000     0.340    -2.565     1.268     0.020    10.358    32.657 39422.657  1025.089     2.537     5.781
        60     2.587     0.388     0.000     0.347    -2.580     1.294     0.020    10.361    32.628 38648.780  1025.065     2.587     5.939
        61     2.639     0.392     0.000     0.354    -2.596     1.320     0.020    10.364    32.599 37890.112  1025.042     2.639     6.100
        62     2.692     0.397     0.000     0.361    -2.613     1.346     0.020    10.367    32.571 37146.355  1025.020     2.692     6.262
        63     2.746     0.402     0.000     0.368    -2.629     1.373     0.020    10.370    32.543 36417.214  1024.998     2.746     6.426
        64     2.801     0.406     0.000     0.375    -2.645     1.400     0.020    10.372    32.516 35702.401  1024.976     2.801     6.593
        65     2.857     0.411     0.000     0.382    -2.662     1.429     0.020    10.375    32.489 35001.635  1024.955     2.857     6.762
        66     2.914     0.416     0.000     0.389    -2.679     1.457     0.020    10.377    32.463 34314.639  1024.935     2.914     6.933
        67     2.973     0.421     0.000     0.396    -2.696     1.486     0.020    10.380    32.438 33641.141  1024.915     2.973     7.106
        68     3.032     0.426     0.000     0.403    -2.713     1.516     0.020    10.382    32.413 32980.876  1024.895     3.032     7.282
        69     3.093     0.431     0.000     0.410    -2.730     1.546     0.020    10.384    32.389 32333.584  1024.876     3.093     7.460
        70     3.155     0.436     0.000     0.417    -2.748     1.577     0.020    10.385    32.365 31699.008  1024.857     3.155     7.641
        71     3.218     0.441     0.000     0.424    -2.766     1.609     0.020    10.387    32.342 31076.900  1024.838     3.218     7.824
        72     3.282     0.447     0.000     0.432    -2.784     1.641     0.020    10.389    32.319 30467.012  1024.820     3.282     8.009
        73     3.348     0.452     0.000     0.439    -2.802     1.674     0.020    10.390    32.296 29869.105  1024.803     3.348     8.197
        74     3.415     0.457     0.000     0.446    -2.820     1.707     0.020    10.391    32.274 29282.943  1024.785     3.415     8.388
        75     3.483     0.463     0.000     0.453    -2.839     1.742     0.020    10.393    32.253 28708.294  1024.768     3.483     8.582
        76     3.553     0.469     0.000     0.461    -2.858     1.777     0.020    10.394    32.232 28144.933  1024.752     3.553     8.778
        77     3.624     0.474     0.000     0.468    -2.877     1.812     0.020    10.395    32.211 27592.637  1024.736     3.624     8.977
        78     3.697     0.480     0.000     0.476    -2.896     1.848     0.020    10.396    32.191 27051.189  1024.720     3.697     9.179
        79     3.771     0.486     0.000     0.483    -2.915     1.885     0.020    10.396    32.172 26520.374  1024.705     3.771     9.384
        80     3.846     0.492     0.000     0.491    -2.935     1.923     0.020    10.397    32.152 25999.984  1024.689     3.846     9.591
        81     3.923     0.498     0.000     0.498    -2.954     1.962     0.020    10.397    32.133 25489.814  1024.675     3.923     9.802
        82     4.002     0.504     0.000     0.506    -2.974     2.001     0.020    10.398    32.115 24989.663  1024.660     4.002    10.016
        83     4.082     0.510     0.000     0.513    -2.994     2.041     0.020    10.398    32.097 24499.333  1024.646     4.082    10.232
        84     4.163     0.516     0.000     0.521    -3.015     2.082     0.020    10.398    32.079 24018.632  1024.633     4.163    10.452
        85     4.247     0.523     0.000     0.529    -3.035     2.123     0.020    10.398    32.062 23547.370  1024.619     4.247    10.676
        86     4.332     0.529     0.000     0.537    -3.056     2.166     0.020    10.398    32.045 23085.361  1024.606     4.332    10.902
        87     4.418     0.536     0.000     0.544    -3.077     2.209     0.020    10.398    32.029 22632.423  1024.593     4.418    11.132
        88     4.507     0.542     0.000     0.552    -3.098     2.253     0.020    10.398    32.012 22188.377  1024.580     4.507    11.365
        89     4.597     0.549     0.000     0.560    -3.120     2.299     0.020    10.398    31.996 21753.049  1024.568     4.597    11.602
        90     4.689     0.556     0.000     0.568    -3.142     2.345     0.020    10.397    31.981 21326.267  1024.556     4.689    11.842
        91     4.783     0.562     0.000     0.576    -3.164     2.391     0.020    10.397    31.966 20907.864  1024.544     4.783    12.085
        92     4.879     0.569     0.000     0.584    -3.186     2.439     0.020    10.396    31.951 20497.675  1024.533     4.879    12.333
        93     4.976     0.576     0.000     0.592    -3.208     2.488     0.020    10.395    31.936 20095.537  1024.521     4.976    12.583
        94     5.076     0.584     0.000     0.601    -3.231     2.538     0.020    10.395    31.921 19701.294  1024.510     5.076    12.838
        95     5.177     0.591     0.000     0.609    -3.253     2.589     0.020    10.394    31.907 19314.790  1024.499     5.177    13.096
        96     5.281     0.598     0.000     0.617    -3.277     2.640     0.020    10.393    31.893 18935.872  1024.489     5.281    13.359
        97     5.387     0.606     0.000     0.626    -3.300     2.693     0.020    10.392    31.880 18564.392  1024.478     5.387    13.625
        98     5.494     0.613     0.000     0.634    -3.323     2.747     0.020    10.391    31.866 18200.204  1024.468     5.494    13.895
        99     5.604     0.621     0.000     0.643    -3.347     2.802     0.020    10.389    31.853 17843.164  1024.458     5.604    14.169
       100     5.717     0.628     0.000     0.651    -3.371     2.858     0.020    10.388    31.841 17493.131  1024.449     5.717    14.447
       101     5.831     0.636     0.000     0.660    -3.395     2.915     0.020    10.387    31.828 17149.969  1024.439     5.831    14.730
       102     5.948     0.644     0.000     0.669    -3.420     2.974     0.020    10.385    31.816 16813.542  1024.430     5.948    15.016
       103     6.067     0.652     0.000     0.677    -3.445     3.033     0.020    10.384    31.804 16483.718  1024.421     6.067    15.307
       104     6.188     0.660     0.000     0.686    -3.470     3.094     0.020    10.382    31.792 16160.367  1024.412     6.188    15.602
       105     6.312     0.669     0.000     0.695    -3.495     3.156     0.020    10.380    31.780 15843.362  1024.403     6.312    15.902
       106     6.438     0.677     0.000     0.704    -3.520     3.219     0.020    10.379    31.769 15532.579  1024.394     6.438    16.206
       107     6.567     0.685     0.000     0.713    -3.546     3.283     0.020    10.377    31.758 15227.894  1024.386     6.567    16.515
       108     6.698     0.694     0.000     0.723    -3.572     3.349     0.020    10.375    31.747 14929.189  1024.378     6.698    16.828
       109     6.832     0.703     0.000     0.732    -3.599     3.416     0.020    10.373    31.736 14636.346  1024.370     6.832    17.146
       110     6.969     0.712     0.000     0.741    -3.625     3.485     0.020    10.371    31.725 14349.249  1024.362     6.969    17.469
       111     7.108     0.720     0.000     0.751    -3.652     3.554     0.020    10.368    31.715 14067.786  1024.354     7.108    17.796
       112     7.251     0.730     0.000     0.760    -3.679     3.625     0.020    10.366    31.705 13791.847  1024.347     7.251    18.129
       113     7.396     0.739     0.000     0.770    -3.706     3.698     0.020    10.364    31.695 13521.322  1024.340     7.396    18.466
       114     7.544     0.748     0.000     0.779    -3.734     3.772     0.020    10.361    31.685 13256.106  1024.333     7.544    18.809
       115     7.695     0.757     0.000     0.789    -3.762     3.847     0.020    10.359    31.676 12996.094  1024.326     7.695    19.157
       116     7.849     0.767     0.000     0.799    -3.790     3.924     0.020    10.356    31.667 12741.183  1024.319     7.849    19.510
       117     8.006     0.777     0.000     0.809    -3.818     4.003     0.020    10.354    31.657 12491.275  1024.312     8.006    19.869
       118     8.166     0.786     0.000     0.819    -3.847     4.083     0.020    10.351    31.648 12246.270  1024.306     8.166    20.233
       119     8.329     0.796     0.000     0.829    -3.876     4.165     0.020    10.348    31.640 12006.073  1024.299     8.329    20.602
       120     8.496     0.807     0.000     0.839    -3.905     4.248     0.020    10.345    31.631 11770.588  1024.293     8.496    20.977
       121     8.666     0.817     0.000     0.850    -3.935     4.333     0.020    10.342    31.623 11539.724  1024.287     8.666    21.358
       122     8.839     0.827     0.000     0.860    -3.965     4.420     0.020    10.339    31.614 11313.389  1024.281     8.839    21.745
       123     9.016     0.838     0.000     0.871    -3.995     4.508     0.020    10.336    31.606 11091.496  1024.275     9.016    22.137
       124     9.196     0.848     0.000     0.881    -4.025     4.598     0.020    10.333    31.598 10873.955  1024.270     9.196    22.536
       125     9.380     0.859     0.000     0.892    -4.056     4.690     0.020    10.329    31.590 10660.683  1024.264     9.380    22.940
       126     9.568     0.870     0.000     0.903    -4.087     4.784     0.020    10.326    31.583 10451.595  1024.259     9.568    23.351
       127     9.759     0.881     0.000     0.914    -4.118     4.880     0.020    10.323    31.575 10246.609  1024.253     9.759    23.768
       128     9.955     0.892     0.000     0.925    -4.150     4.977     0.020    10.319    31.568 10045.645  1024.248     9.955    24.192
       129    10.154     0.904     0.000     0.936    -4.182     5.077     0.020    10.315    31.561  9848.623  1024.243    10.154    24.622
       130    10.357     0.915     0.000     0.948    -4.214     5.178     0.020    10.312    31.554  9655.467  1024.238    10.357    25.058
       131    10.564     0.927     0.000     0.959    -4.247     5.282     0.020    10.308    31.547  9466.100  1024.234    10.564    25.502
       132    10.775     0.939     0.000     0.971    -4.279     5.388     0.020    10.304    31.540  9280.448  1024.229    10.775    25.952
       133    10.991     0.951     0.000     0.983    -4.313     5.495     0.020    10.300    31.533  9098.439  1024.224    10.991    26.409
       134    11.211     0.964     0.000     0.994    -4.346     5.605     0.020    10.296    31.527  8919.999  1024.220    11.211    26.874
       135    11.435     0.976     0.000     1.006    -4.380     5.718     0.020    10.292    31.520  8745.061  1024.216    11.435    27.345
       136    11.664     0.989     0.000     1.019    -4.414     5.832     0.020    10.288    31.514  8573.554  1024.212    11.664    27.824
       137    11.897     1.001     0.000     1.031    -4.448     5.949     0.020    10.284    31.508  8405.411  1024.207    11.897    28.310
       138    12.135     1.014     0.000     1.043    -4.483     6.068     0.020    10.280    31.502  8240.567  1024.204    12.135    28.804
       139    12.378     1.028     0.000     1.056    -4.518     6.189     0.020    10.275    31.496  8078.957  1024.200    12.378    29.306
       140    12.625     1.041     0.000     1.068    -4.553     6.313     0.020    10.271    31.490  7920.517  1024.196    12.625    29.816
       141    12.878     1.055     0.000     1.081    -4.589     6.439     0.020    10.266    31.484  7765.185  1024.192    12.878    30.333
       142    13.136     1.068     0.000     1.094    -4.625     6.568     0.020    10.262    31.479  7612.900  1024.189    13.136    30.859
       143    13.398     1.082     0.000     1.107    -4.661     6.699     0.020    10.257    31.473  7463.602  1024.185    13.398    31.393
       144    13.666     1.097     0.000     1.121    -4.698     6.833     0.020    10.252    31.468  7317.233  1024.182    13.666    31.935
       145    13.940     1.111     0.000     1.134    -4.735     6.970     0.020    10.247    31.463  7173.735  1024.178    13.940    32.486
       146    14.219     1.126     0.000     1.148    -4.772     7.109     0.020    10.243    31.458  7033.051  1024.175    14.219    33.046
       147    14.503     1.141     0.000     1.162    -4.810     7.251     0.020    10.238    31.453  6895.127  1024.172    14.503    33.615
       148    14.793     1.156     0.000     1.176    -4.848     7.397     0.020    10.233    31.448  6759.909  1024.169    14.793    34.192
       149    15.089     1.171     0.000     1.190    -4.886     7.545     0.020    10.227    31.443  6627.343  1024.166    15.089    34.779
       150    15.391     1.187     0.000     1.204    -4.925     7.695     0.020    10.222    31.438  6497.377  1024.163    15.391    35.376
       151    15.699     1.203     0.000     1.219    -4.964     7.849     0.020    10.217    31.433  6369.960  1024.161    15.699    35.981
       152    16.013     1.219     0.000     1.233    -5.003     8.006     0.020    10.212    31.429  6245.043  1024.158    16.013    36.597
       153    16.333     1.235     0.000     1.248    -5.043     8.166     0.020    10.206    31.424  6122.575  1024.155    16.333    37.223
       154    16.660     1.252     0.000     1.263    -5.083     8.330     0.020    10.201    31.420  6002.510  1024.153    16.660    37.858
       155    16.993     1.268     0.000     1.279    -5.123     8.496     0.020    10.195    31.416  5884.800  1024.150    16.993    38.505
       156    17.333     1.286     0.000     1.294    -5.164     8.666     0.020    10.190    31.411  5769.399  1024.148    17.333    39.161
       157    17.680     1.303     0.000     1.310    -5.205     8.840     0.020    10.184    31.407  5656.261  1024.146    17.680    39.828
       158    18.033     1.321     0.000     1.326    -5.246     9.017     0.020    10.178    31.403  5545.342  1024.144    18.033    40.506
       159    18.394     1.339     0.000     1.342    -5.288     9.197     0.020    10.172    31.399  5436.598  1024.142    18.394    41.196
       160    18.762     1.357     0.000     1.358    -5.330     9.381     0.020    10.166    31.395  5329.987  1024.139    18.762    41.896
       161    19.137     1.376     0.000     1.375    -5.372     9.569     0.020    10.160    31.391  5225.468  1024.137    19.137    42.609
       162    19.520     1.395     0.000     1.392    -5.415     9.760     0.020    10.154    31.388  5122.998  1024.136    19.520    43.333
       163    19.910     1.414     0.000     1.409    -5.458     9.955     0.020    10.148    31.384  5022.538  1024.134    19.910    44.069
       164    20.308     1.434     0.000     1.426    -5.501    10.154     0.020    10.142    31.380  4924.048  1024.132    20.308    44.817
       165    20.715     1.454     0.000     1.443    -5.545    10.357     0.020    10.135    31.377  4827.490  1024.130    20.715    45.578
       166    21.129     1.474     0.000     1.461    -5.589    10.565     0.020    10.129    31.373  4732.826  1024.129    21.129    46.351
       167    21.552     1.495     0.000     1.479    -5.634    10.776     0.020    10.122    31.370  4640.019  1024.127    21.552    47.138
       168    21.983     1.516     0.000     1.497    -5.678    10.991     0.020    10.116    31.367  4549.031  1024.126    21.983    47.938
       169    22.422     1.537     0.000     1.516    -5.723    11.211     0.020    10.109    31.363  4459.828  1024.124    22.422    48.751
       170    22.871     1.559     0.000     1.535    -5.769    11.435     0.020    10.102    31.360  4372.375  1024.123    22.871    49.578
       171    23.328     1.582     0.000     1.554    -5.814    11.664     0.020    10.096    31.357  4286.636  1024.121    23.328    50.420
       172    23.795     1.604     0.000     1.573    -5.860    11.897     0.020    10.089    31.354  4202.579  1024.120    23.795    51.275
       173    24.271     1.628     0.000     1.593    -5.907    12.135     0.020    10.082    31.351  4120.171  1024.119    24.271    52.146
       174    24.756     1.651     0.000     1.613    -5.953    12.378     0.020    10.075    31.348  4039.379  1024.118    24.756    53.031
       175    25.251     1.675     0.000     1.633    -6.000    12.626     0.020    10.068    31.345  3960.171  1024.117    25.251    53.932
       176    25.756     1.700     0.000     1.653    -6.048    12.878     0.020    10.060    31.342  3882.517  1024.116    25.756    54.849
       177    26.272     1.725     0.000     1.674    -6.095    13.136     0.020    10.053    31.339  3806.385  1024.115    26.272    55.781
       178    26.797     1.750     0.000     1.695    -6.143    13.399     0.020    10.046    31.337  3731.747  1024.114    26.797    56.730
       179    27.333     1.777     0.000     1.717    -6.191    13.667     0.020    10.039    31.334  3658.573  1024.113    27.333    57.696
       180    27.880     1.805     0.000     1.739    -6.239    13.940     0.020    10.032    31.332  3586.835  1024.113    27.880    58.679
       181    28.437     1.835     0.000     1.761    -6.287    14.219     0.020    10.025    31.330  3516.503  1024.112    28.437    59.677
       182    29.006     1.865     0.000     1.783    -6.335    14.503     0.020    10.018    31.329  3447.552  1024.112    29.006    60.693
       183    29.586     1.898     0.000     1.806    -6.383    14.793     0.020    10.011    31.327  3379.952  1024.112    29.586    61.726
---------------------------- Plume traps -----------------------------
       184    30.178     1.931     0.000     1.829    -6.431    15.089     0.020    10.004    31.326  3313.679  1024.112    30.178    62.778
       185    30.764     1.966     0.000     1.852    -6.478    15.382     0.020     9.997    31.324  3250.551  1024.112    30.764    63.818
       186    31.309     2.001     0.000     1.874    -6.520    15.654     0.020     9.991    31.323  3193.997  1024.112    31.309    64.780
       187    31.817     2.034     0.000     1.893    -6.558    15.909     0.020     9.986    31.323  3142.966  1024.113    31.817    65.669
       188    32.290     2.066     0.000     1.911    -6.593    16.145     0.020     9.981    31.322  3096.969  1024.113    32.290    66.492
       189    32.734     2.097     0.000     1.928    -6.624    16.367     0.020     9.976    31.322  3054.930  1024.114    32.734    67.262
       190    33.154     2.126     0.000     1.944    -6.654    16.577     0.020     9.972    31.322  3016.254  1024.114    33.154    67.986
       191    33.553     2.155     0.000     1.959    -6.681    16.776     0.020     9.968    31.321  2980.365  1024.115    33.553    68.671
       192    33.934     2.183     0.000     1.973    -6.706    16.967     0.020     9.965    31.321  2946.888  1024.115    33.934    69.323
       193    34.299     2.210     0.000     1.987    -6.730    17.150     0.020     9.961    31.321  2915.498  1024.116    34.299    69.946
       194    34.651     2.237     0.000     2.000    -6.753    17.325     0.020     9.958    31.321  2885.950  1024.116    34.651    70.541
       195    34.989     2.263     0.000     2.012    -6.774    17.495     0.020     9.954    31.321  2858.032  1024.117    34.989    71.113
       196    35.316     2.289     0.000     2.024    -6.794    17.658     0.020     9.951    31.321  2831.573  1024.117    35.316    71.662
       197    35.633     2.314     0.000     2.035    -6.813    17.816     0.020     9.949    31.321  2806.426  1024.118    35.633    72.191
       198    35.939     2.339     0.000     2.047    -6.830    17.970     0.020     9.946    31.321  2782.465  1024.118    35.939    72.701
       199    36.237     2.363     0.000     2.057    -6.847    18.119     0.020     9.943    31.321  2759.579  1024.119    36.237    73.194
       200    36.527     2.387     0.000     2.068    -6.864    18.264     0.020     9.941    31.322  2737.674  1024.119    36.527    73.670
       201    36.810     2.411     0.000     2.078    -6.879    18.405     0.020     9.938    31.322  2716.667  1024.120    36.810    74.132
       202    37.085     2.434     0.000     2.087    -6.894    18.543     0.020     9.936    31.322  2696.483  1024.120    37.085    74.579
       203    37.354     2.457     0.000     2.097    -6.908    18.677     0.020     9.933    31.322  2677.056  1024.121    37.354    75.013
------------------------- merging happened ---------------------------
       204    37.606     2.480     0.000     2.106    -6.921    18.803     0.020     9.931    31.322  2659.180  1024.121    37.606    75.435
       205    37.847     2.501     0.000     2.115    -6.934    18.924     0.020     9.929    31.322  2642.189  1024.122    37.847    75.853
       206    38.076     2.523     0.000     2.124    -6.947    19.038     0.020     9.927    31.323  2626.308  1024.122    38.076    76.265
       207    38.296     2.543     0.000     2.133    -6.959    19.148     0.020     9.926    31.323  2611.231  1024.123    38.296    76.673
       208    38.505     2.564     0.000     2.141    -6.972    19.253     0.020     9.924    31.323  2597.063  1024.123    38.505    77.075
       209    38.705     2.584     0.000     2.150    -6.983    19.352     0.020     9.922    31.323  2583.656  1024.123    38.705    77.473
       210    38.895     2.603     0.000     2.158    -6.995    19.447     0.020     9.921    31.323  2571.028  1024.124    38.895    77.865
       211    39.076     2.622     0.000     2.167    -7.006    19.538     0.020     9.919    31.324  2559.093  1024.124    39.076    78.251
       212    39.249     2.641     0.000     2.175    -7.016    19.624     0.020     9.918    31.324  2547.836  1024.125    39.249    78.632
       213    39.414     2.659     0.000     2.183    -7.027    19.707     0.020     9.917    31.324  2537.201  1024.125    39.414    79.007
       214    39.570     2.677     0.000     2.191    -7.037    19.785     0.020     9.915    31.324  2527.158  1024.125    39.570    79.377
       215    39.719     2.695     0.000     2.199    -7.047    19.860     0.020     9.914    31.324  2517.666  1024.126    39.719    79.741
       216    39.861     2.712     0.000     2.207    -7.056    19.931     0.020     9.913    31.324  2508.694  1024.126    39.861    80.099
       217    39.997     2.729     0.000     2.214    -7.065    19.998     0.020     9.912    31.325  2500.208  1024.126    39.997    80.451
       218    40.126     2.746     0.000     2.222    -7.074    20.063     0.020     9.911    31.325  2492.180  1024.127    40.126    80.798
       219    40.248     2.762     0.000     2.229    -7.083    20.124     0.020     9.910    31.325  2484.579  1024.127    40.248    81.140
       220    40.365     2.778     0.000     2.236    -7.091    20.183     0.020     9.909    31.325  2477.380  1024.127    40.365    81.475
       221    40.477     2.794     0.000     2.243    -7.100    20.238     0.020     9.908    31.325  2470.557  1024.127    40.477    81.806
       222    40.583     2.809     0.000     2.250    -7.107    20.291     0.020     9.908    31.325  2464.088  1024.128    40.583    82.131
       223    40.684     2.824     0.000     2.257    -7.115    20.342     0.020     9.907    31.326  2457.949  1024.128    40.684    82.450
       224    40.781     2.839     0.000     2.264    -7.123    20.391     0.020     9.906    31.326  2452.122  1024.128    40.781    82.765
       225    40.873     2.854     0.000     2.271    -7.130    20.437     0.020     9.905    31.326  2446.585  1024.128    40.873    83.074
       226    40.961     2.868     0.000     2.277    -7.137    20.481     0.020     9.905    31.326  2441.322  1024.128    40.961    83.378
       227    41.046     2.882     0.000     2.284    -7.143    20.523     0.020     9.904    31.326  2436.316  1024.129    41.046    83.677
       228    41.126     2.896     0.000     2.290    -7.150    20.563     0.020     9.903    31.326  2431.551  1024.129    41.126    83.972
       229    41.203     2.910     0.000     2.296    -7.156    20.601     0.020     9.903    31.326  2427.012  1024.129    41.203    84.261
       230    41.276     2.924     0.000     2.302    -7.163    20.638     0.020     9.902    31.326  2422.686  1024.129    41.276    84.546
       231    41.347     2.937     0.000     2.308    -7.169    20.673     0.020     9.902    31.327  2418.561  1024.129    41.347    84.827
       232    41.414     2.950     0.000     2.314    -7.174    20.707     0.020     9.901    31.327  2414.624  1024.130    41.414    85.103
       233    41.479     2.963     0.000     2.320    -7.180    20.739     0.020     9.901    31.327  2410.865  1024.130    41.479    85.374
       234    41.541     2.975     0.000     2.326    -7.185    20.770     0.020     9.900    31.327  2407.272  1024.130    41.541    85.642
       235    41.600     2.988     0.000     2.332    -7.191    20.800     0.020     9.900    31.327  2403.838  1024.130    41.600    85.905
       236    41.657     3.000     0.000     2.337    -7.196    20.829     0.020     9.899    31.327  2400.551  1024.130    41.657    86.165
       237    41.712     3.012     0.000     2.343    -7.201    20.856     0.020     9.899    31.327  2397.405  1024.130    41.712    86.420
       238    41.764     3.024     0.000     2.348    -7.206    20.882     0.020     9.899    31.327  2394.392  1024.130    41.764    86.672
       239    41.815     3.036     0.000     2.353    -7.211    20.907     0.020     9.898    31.327  2391.503  1024.131    41.815    86.920
       240    41.863     3.047     0.000     2.359    -7.215    20.932     0.020     9.898    31.327  2388.733  1024.131    41.863    87.164
       241    41.910     3.059     0.000     2.364    -7.220    20.955     0.020     9.898    31.328  2386.075  1024.131    41.910    87.405
       242    41.955     3.070     0.000     2.369    -7.224    20.977     0.020     9.897    31.328  2383.523  1024.131    41.955    87.643
       243    41.998     3.081     0.000     2.374    -7.228    20.999     0.020     9.897    31.328  2381.072  1024.131    41.998    87.877
       244    42.039     3.092     0.000     2.379    -7.232    21.020     0.020     9.897    31.328  2378.716  1024.131    42.039    88.108
       245    42.080     3.102     0.000     2.384    -7.236    21.040     0.020     9.896    31.328  2376.450  1024.131    42.080    88.336
       246    42.118     3.113     0.000     2.389    -7.240    21.059     0.020     9.896    31.328  2374.270  1024.131    42.118    88.560
       247    42.155     3.123     0.000     2.393    -7.244    21.078     0.020     9.896    31.328  2372.171  1024.131    42.155    88.782
       248    42.191     3.133     0.000     2.398    -7.247    21.096     0.020     9.896    31.328  2370.150  1024.132    42.191    89.001
       249    42.226     3.144     0.000     2.403    -7.251    21.113     0.020     9.895    31.328  2368.203  1024.132    42.226    89.217
       250    42.260     3.154     0.000     2.407    -7.254    21.130     0.020     9.895    31.328  2366.326  1024.132    42.260    89.430
       251    42.292     3.163     0.000     2.412    -7.258    21.146     0.020     9.895    31.328  2364.516  1024.132    42.292    89.640
       252    42.323     3.173     0.000     2.416    -7.261    21.162     0.020     9.895    31.328  2362.770  1024.132    42.323    89.848
       253    42.353     3.183     0.000     2.421    -7.264    21.177     0.020     9.894    31.328  2361.085  1024.132    42.353    90.053
       254    42.383     3.192     0.000     2.425    -7.267    21.191     0.020     9.894    31.328  2359.457  1024.132    42.383    90.256
       255    42.411     3.201     0.000     2.429    -7.270    21.205     0.020     9.894    31.328  2357.885  1024.132    42.411    90.457
       256    42.438     3.210     0.000     2.434    -7.273    21.219     0.020     9.894    31.329  2356.366  1024.132    42.438    90.655
       257    42.465     3.219     0.000     2.438    -7.276    21.232     0.020     9.894    31.329  2354.898  1024.132    42.465    90.851
       258    42.490     3.228     0.000     2.442    -7.279    21.245     0.020     9.893    31.329  2353.479  1024.132    42.490    91.044
       259    42.515     3.237     0.000     2.446    -7.282    21.258     0.020     9.893    31.329  2352.105  1024.132    42.515    91.236
       260    42.539     3.246     0.000     2.450    -7.284    21.270     0.020     9.893    31.329  2350.777  1024.132    42.539    91.425
       261    42.562     3.254     0.000     2.454    -7.287    21.281     0.020     9.893    31.329  2349.491  1024.133    42.562    91.612
       262    42.585     3.262     0.000     2.458    -7.289    21.292     0.020     9.893    31.329  2348.246  1024.133    42.585    91.798
       263    42.607     3.271     0.000     2.462    -7.292    21.303     0.020     9.892    31.329  2347.040  1024.133    42.607    91.981
       264    42.628     3.279     0.000     2.466    -7.294    21.314     0.020     9.892    31.329  2345.872  1024.133    42.628    92.162
       265    42.649     3.287     0.000     2.470    -7.296    21.324     0.020     9.892    31.329  2344.740  1024.133    42.649    92.342
       266    42.669     3.295     0.000     2.474    -7.299    21.334     0.020     9.892    31.329  2343.643  1024.133    42.669    92.520
       267    42.688     3.302     0.000     2.477    -7.301    21.344     0.020     9.892    31.329  2342.580  1024.133    42.688    92.696
       268    42.707     3.310     0.000     2.481    -7.303    21.353     0.020     9.892    31.329  2341.549  1024.133    42.707    92.870
       269    42.725     3.317     0.000     2.485    -7.305    21.363     0.020     9.892    31.329  2340.549  1024.133    42.725    93.043
       270    42.743     3.325     0.000     2.488    -7.307    21.371     0.020     9.891    31.329  2339.579  1024.133    42.743    93.214
       271    42.760     3.332     0.000     2.492    -7.309    21.380     0.020     9.891    31.329  2338.638  1024.133    42.760    93.384
       272    42.777     3.339     0.000     2.496    -7.311    21.388     0.020     9.891    31.329  2337.724  1024.133    42.777    93.552
       273    42.793     3.346     0.000     2.499    -7.313    21.396     0.020     9.891    31.329  2336.838  1024.133    42.793    93.718
       274    42.809     3.353     0.000     2.503    -7.315    21.404     0.020     9.891    31.329  2335.978  1024.133    42.809    93.884
       275    42.824     3.360     0.000     2.506    -7.317    21.412     0.020     9.891    31.329  2335.143  1024.133    42.824    94.047
       276    42.839     3.367     0.000     2.510    -7.318    21.419     0.020     9.891    31.329  2334.332  1024.133    42.839    94.210
       277    42.853     3.373     0.000     2.513    -7.320    21.427     0.020     9.891    31.329  2333.545  1024.133    42.853    94.371
       278    42.867     3.380     0.000     2.517    -7.322    21.434     0.020     9.891    31.329  2332.780  1024.133    42.867    94.530
       279    42.881     3.386     0.000     2.520    -7.323    21.440     0.020     9.890    31.329  2332.038  1024.133    42.881    94.689
       280    42.894     3.392     0.000     2.523    -7.325    21.447     0.020     9.890    31.329  2331.316  1024.133    42.894    94.846
       281    42.907     3.399     0.000     2.527    -7.326    21.454     0.020     9.890    31.329  2330.616  1024.134    42.907    95.002
       282    42.920     3.405     0.000     2.530    -7.328    21.460     0.020     9.890    31.329  2329.935  1024.134    42.920    95.157
       283    42.932     3.411     0.000     2.533    -7.329    21.466     0.020     9.890    31.330  2329.274  1024.134    42.932    95.310
       284    42.944     3.416     0.000     2.537    -7.331    21.472     0.020     9.890    31.330  2328.632  1024.134    42.944    95.463
       285    42.955     3.422     0.000     2.540    -7.332    21.478     0.020     9.890    31.330  2328.008  1024.134    42.955    95.614
       286    42.966     3.428     0.000     2.543    -7.333    21.483     0.020     9.890    31.330  2327.402  1024.134    42.966    95.765
       287    42.977     3.433     0.000     2.546    -7.335    21.489     0.020     9.890    31.330  2326.813  1024.134    42.977    95.914
       288    42.988     3.439     0.000     2.550    -7.336    21.494     0.020     9.890    31.330  2326.241  1024.134    42.988    96.063
       289    42.998     3.444     0.000     2.553    -7.337    21.499     0.020     9.890    31.330  2325.686  1024.134    42.998    96.210
       290    43.008     3.449     0.000     2.556    -7.338    21.504     0.020     9.890    31.330  2325.146  1024.134    43.008    96.356
       291    43.018     3.454     0.000     2.559    -7.340    21.509     0.020     9.889    31.330  2324.622  1024.134    43.018    96.502
       292    43.027     3.459     0.000     2.562    -7.341    21.514     0.020     9.889    31.330  2324.113  1024.134    43.027    96.647
       293    43.036     3.464     0.000     2.565    -7.342    21.518     0.020     9.889    31.330  2323.619  1024.134    43.036    96.791
       294    43.045     3.469     0.000     2.568    -7.343    21.523     0.020     9.889    31.330  2323.139  1024.134    43.045    96.934
       295    43.054     3.474     0.000     2.571    -7.344    21.527     0.020     9.889    31.330  2322.673  1024.134    43.054    97.076
       296    43.062     3.478     0.000     2.574    -7.345    21.531     0.020     9.889    31.330  2322.221  1024.134    43.062    97.217
       297    43.070     3.483     0.000     2.577    -7.346    21.535     0.020     9.889    31.330  2321.783  1024.134    43.070    97.358
       298    43.078     3.487     0.000     2.580    -7.347    21.539     0.020     9.889    31.330  2321.357  1024.134    43.078    97.497
       299    43.086     3.491     0.000     2.583    -7.348    21.543     0.020     9.889    31.330  2320.944  1024.134    43.086    97.637
       300    43.093     3.496     0.000     2.586    -7.349    21.547     0.020     9.889    31.330  2320.544  1024.134    43.093    97.775
       301    43.101     3.500     0.000     2.589    -7.350    21.550     0.020     9.889    31.330  2320.156  1024.134    43.101    97.913
       302    43.108     3.504     0.000     2.592    -7.350    21.554     0.020     9.889    31.330  2319.780  1024.134    43.108    98.050
       303    43.114     3.508     0.000     2.595    -7.351    21.557     0.020     9.889    31.330  2319.416  1024.134    43.114    98.186
       304    43.121     3.511     0.000     2.598    -7.352    21.560     0.020     9.889    31.330  2319.063  1024.134    43.121    98.322
       305    43.127     3.515     0.000     2.601    -7.353    21.564     0.020     9.889    31.330  2318.721  1024.134    43.127    98.457
       306    43.133     3.519     0.000     2.604    -7.354    21.567     0.020     9.889    31.330  2318.391  1024.134    43.133    98.592
       307    43.139     3.522     0.000     2.607    -7.354    21.570     0.020     9.889    31.330  2318.071  1024.134    43.139    98.726
       308    43.145     3.525     0.000     2.610    -7.355    21.573     0.020     9.889    31.330  2317.762  1024.134    43.145    98.859
       309    43.151     3.529     0.000     2.612    -7.356    21.575     0.020     9.889    31.330  2317.464  1024.134    43.151    98.992
       310    43.156     3.532     0.000     2.615    -7.356    21.578     0.020     9.888    31.330  2317.175  1024.134    43.156    99.125
       311    43.161     3.535     0.000     2.618    -7.357    21.581     0.020     9.888    31.330  2316.897  1024.134    43.161    99.257
       312    43.166     3.538     0.000     2.621    -7.357    21.583     0.020     9.888    31.330  2316.629  1024.134    43.166    99.388
       313    43.171     3.541     0.000     2.624    -7.358    21.585     0.020     9.888    31.330  2316.370  1024.134    43.171    99.519
       314    43.176     3.544     0.000     2.626    -7.359    21.588     0.020     9.888    31.330  2316.122  1024.134    43.176    99.650
       315    43.180     3.546     0.000     2.629    -7.359    21.590     0.020     9.888    31.330  2315.882  1024.134    43.180    99.780
       316    43.184     3.549     0.000     2.632    -7.360    21.592     0.020     9.888    31.330  2315.652  1024.134    43.184    99.909
       317    43.188     3.552     0.000     2.635    -7.360    21.594     0.020     9.888    31.330  2315.431  1024.134    43.188   100.039
       318    43.192     3.554     0.000     2.638    -7.361    21.596     0.020     9.888    31.330  2315.219  1024.134    43.192   100.168
       319    43.196     3.556     0.000     2.640    -7.361    21.598     0.020     9.888    31.330  2315.017  1024.134    43.196   100.296
       320    43.200     3.559     0.000     2.643    -7.361    21.600     0.020     9.888    31.330  2314.823  1024.134    43.200   100.425
       321    43.203     3.561     0.000     2.646    -7.362    21.602     0.020     9.888    31.330  2314.637  1024.134    43.203   100.552
       322    43.207     3.563     0.000     2.649    -7.362    21.603     0.020     9.888    31.330  2314.461  1024.134    43.207   100.680
       323    43.210     3.565     0.000     2.651    -7.363    21.605     0.020     9.888    31.330  2314.293  1024.134    43.210   100.807
       324    43.213     3.566     0.000     2.654    -7.363    21.606     0.020     9.888    31.330  2314.133  1024.134    43.213   100.934
       325    43.216     3.568     0.000     2.657    -7.363    21.608     0.020     9.888    31.330  2313.982  1024.134    43.216   101.061
       326    43.218     3.570     0.000     2.659    -7.364    21.609     0.020     9.888    31.330  2313.839  1024.134    43.218   101.188
       327    43.221     3.571     0.000     2.662    -7.364    21.610     0.020     9.888    31.330  2313.704  1024.134    43.221   101.314
       328    43.223     3.573     0.000     2.665    -7.364    21.612     0.020     9.888    31.330  2313.577  1024.134    43.223   101.440
       329    43.225     3.574     0.000     2.668    -7.364    21.613     0.020     9.888    31.330  2313.458  1024.134    43.225   101.566
       330    43.227     3.576     0.000     2.670    -7.365    21.614     0.020     9.888    31.330  2313.348  1024.134    43.227   101.691
       331    43.229     3.577     0.000     2.673    -7.365    21.615     0.020     9.888    31.330  2313.245  1024.134    43.229   101.817
       332    43.231     3.578     0.000     2.676    -7.365    21.616     0.020     9.888    31.330  2313.150  1024.134    43.231   101.942
       333    43.233     3.579     0.000     2.678    -7.365    21.616     0.020     9.888    31.330  2313.063  1024.134    43.233   102.067
       334    43.234     3.580     0.000     2.681    -7.365    21.617     0.020     9.888    31.330  2312.983  1024.134    43.234   102.192
       335    43.236     3.580     0.000     2.684    -7.365    21.618     0.020     9.888    31.330  2312.912  1024.134    43.236   102.317
       336    43.237     3.581     0.000     2.686    -7.366    21.618     0.020     9.888    31.330  2312.848  1024.134    43.237   102.442
       337    43.238     3.582     0.000     2.689    -7.366    21.619     0.020     9.888    31.330  2312.791  1024.134    43.238   102.567
       338    43.239     3.582     0.000     2.692    -7.366    21.619     0.020     9.888    31.330  2312.743  1024.134    43.239   102.691
       339    43.239     3.583     0.000     2.694    -7.366    21.620     0.020     9.888    31.330  2312.701  1024.134    43.239   102.816
       340    43.240     3.583     0.000     2.697    -7.366    21.620     0.020     9.888    31.330  2312.668  1024.134    43.240   102.940
       341    43.241     3.583     0.000     2.700    -7.366    21.620     0.020     9.888    31.330  2312.641  1024.134    43.241   103.065
---------------------- Local maximum rise or fall --------------------
       342    43.241     3.583     0.000     2.702    -7.366    21.620     0.020     9.888    31.330  2312.621  1024.134    43.241   103.189
       343    43.241     3.583     0.000     2.705    -7.366    21.621     0.020     9.888    31.330  2312.608  1024.134    43.241   103.314
       344    43.241     3.583     0.000     2.708    -7.366    21.621     0.020     9.888    31.330  2312.600  1024.134    43.241   103.438
       345    43.241     3.583     0.000     2.710    -7.366    21.621     0.020     9.888    31.330  2312.594  1024.134    43.241   103.562
       346    43.242     3.583     0.000     2.713    -7.366    21.621     0.020     9.888    31.330  2312.587  1024.134    43.242   103.687
       347    43.242     3.583     0.000     2.716    -7.366    21.621     0.020     9.888    31.330  2312.578  1024.134    43.242   103.811
       348    43.242     3.582     0.000     2.718    -7.365    21.621     0.020     9.888    31.330  2312.568  1024.134    43.242   103.936
       349    43.242     3.582     0.000     2.721    -7.365    21.621     0.020     9.888    31.330  2312.556  1024.134    43.242   104.060
       350    43.242     3.581     0.000     2.724    -7.365    21.621     0.020     9.888    31.330  2312.543  1024.134    43.242   104.185
       351    43.243     3.581     0.000     2.726    -7.365    21.621     0.020     9.888    31.330  2312.528  1024.134    43.243   104.310
       352    43.243     3.580     0.000     2.729    -7.365    21.622     0.020     9.888    31.330  2312.511  1024.134    43.243   104.435
       353    43.243     3.579     0.000     2.732    -7.365    21.622     0.020     9.888    31.330  2312.493  1024.134    43.243   104.560
       354    43.244     3.578     0.000     2.734    -7.364    21.622     0.020     9.888    31.330  2312.474  1024.134    43.244   104.685
       355    43.244     3.577     0.000     2.737    -7.364    21.622     0.020     9.888    31.330  2312.452  1024.134    43.244   104.811
       356    43.245     3.576     0.000     2.740    -7.364    21.622     0.020     9.888    31.330  2312.430  1024.134    43.245   104.936
       357    43.245     3.575     0.000     2.742    -7.364    21.623     0.020     9.888    31.330  2312.405  1024.134    43.245   105.062
       358    43.246     3.574     0.000     2.745    -7.363    21.623     0.020     9.888    31.330  2312.379  1024.134    43.246   105.188
       359    43.246     3.572     0.000     2.748    -7.363    21.623     0.020     9.888    31.330  2312.351  1024.134    43.246   105.314
       360    43.247     3.571     0.000     2.751    -7.363    21.623     0.020     9.888    31.330  2312.321  1024.134    43.247   105.441
       361    43.247     3.569     0.000     2.753    -7.362    21.624     0.020     9.888    31.330  2312.289  1024.134    43.247   105.567
       362    43.248     3.568     0.000     2.756    -7.362    21.624     0.020     9.888    31.330  2312.255  1024.134    43.248   105.694
       363    43.248     3.566     0.000     2.759    -7.361    21.624     0.020     9.888    31.330  2312.220  1024.135    43.248   105.822
       364    43.249     3.564     0.000     2.762    -7.361    21.625     0.020     9.888    31.330  2312.183  1024.135    43.249   105.949
       365    43.250     3.562     0.000     2.764    -7.361    21.625     0.020     9.888    31.330  2312.144  1024.135    43.250   106.077
       366    43.251     3.560     0.000     2.767    -7.360    21.625     0.020     9.888    31.330  2312.102  1024.135    43.251   106.205
       367    43.251     3.558     0.000     2.770    -7.360    21.626     0.020     9.888    31.330  2312.059  1024.135    43.251   106.334
       368    43.252     3.556     0.000     2.773    -7.359    21.626     0.020     9.888    31.330  2312.014  1024.135    43.252   106.463
       369    43.253     3.554     0.000     2.775    -7.359    21.627     0.020     9.888    31.330  2311.966  1024.135    43.253   106.592
       370    43.254     3.552     0.000     2.778    -7.358    21.627     0.020     9.888    31.330  2311.916  1024.135    43.254   106.722
       371    43.255     3.549     0.000     2.781    -7.357    21.628     0.020     9.888    31.330  2311.864  1024.135    43.255   106.853
       372    43.256     3.547     0.000     2.784    -7.357    21.628     0.020     9.888    31.330  2311.810  1024.135    43.256   106.983
       373    43.257     3.544     0.000     2.786    -7.356    21.629     0.020     9.888    31.330  2311.753  1024.135    43.257   107.114
       374    43.258     3.542     0.000     2.789    -7.356    21.629     0.020     9.888    31.330  2311.694  1024.135    43.258   107.246
       375    43.259     3.539     0.000     2.792    -7.355    21.630     0.020     9.888    31.330  2311.633  1024.135    43.259   107.378
       376    43.261     3.536     0.000     2.795    -7.354    21.630     0.020     9.888    31.330  2311.569  1024.135    43.261   107.511
       377    43.262     3.533     0.000     2.798    -7.353    21.631     0.020     9.888    31.330  2311.502  1024.135    43.262   107.644
       378    43.263     3.530     0.000     2.801    -7.353    21.632     0.020     9.888    31.330  2311.432  1024.135    43.263   107.778
       379    43.265     3.527     0.000     2.804    -7.352    21.632     0.020     9.888    31.330  2311.360  1024.135    43.265   107.912
       380    43.266     3.524     0.000     2.806    -7.351    21.633     0.020     9.888    31.330  2311.285  1024.135    43.266   108.047
       381    43.267     3.521     0.000     2.809    -7.350    21.634     0.020     9.888    31.330  2311.206  1024.135    43.267   108.183
       382    43.269     3.518     0.000     2.812    -7.350    21.634     0.020     9.888    31.330  2311.125  1024.135    43.269   108.319
       383    43.271     3.514     0.000     2.815    -7.349    21.635     0.020     9.888    31.330  2311.041  1024.135    43.271   108.456
       384    43.272     3.511     0.000     2.818    -7.348    21.636     0.020     9.888    31.330  2310.953  1024.135    43.272   108.594
       385    43.274     3.507     0.000     2.821    -7.347    21.637     0.020     9.888    31.330  2310.862  1024.135    43.274   108.732
       386    43.276     3.503     0.000     2.824    -7.346    21.638     0.020     9.888    31.330  2310.767  1024.135    43.276   108.871
       387    43.278     3.500     0.000     2.827    -7.345    21.639     0.020     9.888    31.330  2310.668  1024.135    43.278   109.011
       388    43.279     3.496     0.000     2.830    -7.344    21.640     0.020     9.888    31.330  2310.566  1024.135    43.279   109.152
       389    43.281     3.492     0.000     2.833    -7.343    21.641     0.020     9.888    31.330  2310.460  1024.135    43.281   109.293
       390    43.283     3.488     0.000     2.836    -7.342    21.642     0.020     9.888    31.330  2310.350  1024.135    43.283   109.436
       391    43.286     3.484     0.000     2.839    -7.341    21.643     0.020     9.888    31.330  2310.236  1024.135    43.286   109.579
       392    43.288     3.480     0.000     2.842    -7.340    21.644     0.020     9.888    31.330  2310.117  1024.135    43.288   109.723
       393    43.290     3.475     0.000     2.846    -7.338    21.645     0.020     9.888    31.330  2309.994  1024.135    43.290   109.868
       394    43.293     3.471     0.000     2.849    -7.337    21.646     0.020     9.888    31.330  2309.866  1024.135    43.293   110.014
       395    43.295     3.467     0.000     2.852    -7.336    21.648     0.020     9.887    31.330  2309.733  1024.135    43.295   110.161
       396    43.298     3.462     0.000     2.855    -7.335    21.649     0.020     9.887    31.330  2309.595  1024.135    43.298   110.309
       397    43.300     3.457     0.000     2.858    -7.333    21.650     0.020     9.887    31.330  2309.452  1024.135    43.300   110.458
       398    43.303     3.453     0.000     2.861    -7.332    21.652     0.020     9.887    31.330  2309.303  1024.135    43.303   110.608
       399    43.306     3.448     0.000     2.865    -7.331    21.653     0.020     9.887    31.330  2309.149  1024.135    43.306   110.759
       400    43.309     3.443     0.000     2.868    -7.329    21.655     0.020     9.887    31.330  2308.989  1024.135    43.309   110.911
       401    43.312     3.438     0.000     2.871    -7.328    21.656     0.020     9.887    31.330  2308.822  1024.135    43.312   111.065
       402    43.315     3.433     0.000     2.874    -7.326    21.658     0.020     9.887    31.330  2308.649  1024.135    43.315   111.219
       403    43.319     3.428     0.000     2.878    -7.325    21.659     0.020     9.887    31.330  2308.469  1024.135    43.319   111.375
       404    43.322     3.423     0.000     2.881    -7.323    21.661     0.020     9.887    31.330  2308.282  1024.135    43.322   111.533
       405    43.326     3.417     0.000     2.885    -7.322    21.663     0.020     9.887    31.330  2308.087  1024.135    43.326   111.691
       406    43.330     3.412     0.000     2.888    -7.320    21.665     0.020     9.887    31.330  2307.885  1024.135    43.330   111.851
       407    43.334     3.407     0.000     2.891    -7.318    21.667     0.020     9.887    31.330  2307.675  1024.135    43.334   112.012
       408    43.338     3.401     0.000     2.895    -7.317    21.669     0.020     9.887    31.330  2307.456  1024.135    43.338   112.175
       409    43.342     3.395     0.000     2.898    -7.315    21.671     0.020     9.887    31.330  2307.228  1024.135    43.342   112.339
       410    43.346     3.390     0.000     2.902    -7.313    21.673     0.020     9.887    31.330  2306.992  1024.135    43.346   112.505
       411    43.351     3.384     0.000     2.906    -7.311    21.676     0.020     9.887    31.330  2306.745  1024.135    43.351   112.672
       412    43.356     3.378     0.000     2.909    -7.309    21.678     0.020     9.887    31.330  2306.488  1024.135    43.356   112.841
       413    43.361     3.372     0.000     2.913    -7.307    21.680     0.020     9.887    31.330  2306.220  1024.135    43.361   113.011
       414    43.366     3.366     0.000     2.917    -7.305    21.683     0.020     9.887    31.330  2305.941  1024.135    43.366   113.184
       415    43.372     3.360     0.000     2.920    -7.303    21.686     0.020     9.887    31.330  2305.651  1024.135    43.372   113.358
       416    43.377     3.354     0.000     2.924    -7.301    21.689     0.020     9.887    31.330  2305.348  1024.135    43.377   113.534
       417    43.383     3.347     0.000     2.928    -7.299    21.692     0.020     9.887    31.330  2305.031  1024.135    43.383   113.712
       418    43.390     3.341     0.000     2.932    -7.297    21.695     0.020     9.887    31.331  2304.701  1024.135    43.390   113.891
       419    43.396     3.335     0.000     2.936    -7.294    21.698     0.020     9.887    31.331  2304.357  1024.135    43.396   114.073
       420    43.403     3.328     0.000     2.940    -7.292    21.701     0.020     9.887    31.331  2303.997  1024.135    43.403   114.257
       421    43.410     3.322     0.000     2.944    -7.289    21.705     0.020     9.887    31.331  2303.621  1024.135    43.410   114.443
       422    43.417     3.315     0.000     2.948    -7.287    21.709     0.020     9.887    31.331  2303.228  1024.135    43.417   114.631
       423    43.425     3.308     0.000     2.952    -7.284    21.713     0.020     9.887    31.331  2302.817  1024.135    43.425   114.822
       424    43.433     3.301     0.000     2.956    -7.282    21.717     0.020     9.887    31.331  2302.387  1024.135    43.433   115.015
       425    43.442     3.294     0.000     2.960    -7.279    21.721     0.020     9.886    31.331  2301.937  1024.135    43.442   115.210
       426    43.451     3.287     0.000     2.964    -7.276    21.725     0.020     9.886    31.331  2301.466  1024.135    43.451   115.408
       427    43.460     3.280     0.000     2.969    -7.273    21.730     0.020     9.886    31.331  2300.972  1024.135    43.460   115.609
       428    43.470     3.273     0.000     2.973    -7.270    21.735     0.020     9.886    31.331  2300.454  1024.135    43.470   115.812
       429    43.480     3.266     0.000     2.977    -7.267    21.740     0.020     9.886    31.331  2299.910  1024.135    43.480   116.018
       430    43.491     3.258     0.000     2.982    -7.264    21.745     0.020     9.886    31.331  2299.340  1024.135    43.491   116.227
       431    43.502     3.251     0.000     2.986    -7.261    21.751     0.020     9.886    31.331  2298.741  1024.135    43.502   116.439
       432    43.514     3.244     0.000     2.991    -7.257    21.757     0.020     9.886    31.331  2298.112  1024.135    43.514   116.654
       433    43.527     3.236     0.000     2.996    -7.254    21.763     0.020     9.886    31.331  2297.450  1024.135    43.527   116.873
       434    43.540     3.228     0.000     3.000    -7.250    21.770     0.020     9.886    31.331  2296.753  1024.135    43.540   117.095
       435    43.554     3.221     0.000     3.005    -7.247    21.777     0.020     9.886    31.331  2296.019  1024.135    43.554   117.320
       436    43.568     3.213     0.000     3.010    -7.243    21.784     0.020     9.886    31.331  2295.246  1024.135    43.568   117.549
       437    43.584     3.205     0.000     3.015    -7.239    21.792     0.020     9.885    31.331  2294.430  1024.135    43.584   117.782
       438    43.600     3.197     0.000     3.020    -7.235    21.800     0.020     9.885    31.331  2293.569  1024.135    43.600   118.019
       439    43.617     3.189     0.000     3.025    -7.231    21.809     0.020     9.885    31.331  2292.659  1024.135    43.617   118.260
       440    43.636     3.181     0.000     3.031    -7.227    21.818     0.020     9.885    31.331  2291.696  1024.136    43.636   118.506
       441    43.655     3.173     0.000     3.036    -7.222    21.828     0.020     9.885    31.331  2290.678  1024.136    43.655   118.756
       442    43.676     3.165     0.000     3.041    -7.218    21.838     0.020     9.885    31.331  2289.599  1024.136    43.676   119.010
       443    43.698     3.157     0.000     3.047    -7.213    21.849     0.020     9.885    31.331  2288.454  1024.136    43.698   119.270
       444    43.721     3.149     0.000     3.053    -7.208    21.860     0.020     9.885    31.331  2287.239  1024.136    43.721   119.535
       445    43.746     3.141     0.000     3.058    -7.203    21.873     0.020     9.884    31.331  2285.947  1024.136    43.746   119.806
       446    43.772     3.132     0.000     3.064    -7.198    21.886     0.020     9.884    31.331  2284.572  1024.136    43.772   120.082
       447    43.800     3.124     0.000     3.070    -7.193    21.900     0.020     9.884    31.331  2283.107  1024.136    43.800   120.364
       448    43.830     3.116     0.000     3.077    -7.187    21.915     0.020     9.884    31.331  2281.543  1024.136    43.830   120.653
       449    43.862     3.107     0.000     3.083    -7.181    21.931     0.020     9.884    31.331  2279.872  1024.136    43.862   120.948
       450    43.897     3.099     0.000     3.089    -7.175    21.948     0.020     9.883    31.331  2278.084  1024.136    43.897   121.251
       451    43.934     3.090     0.000     3.096    -7.169    21.967     0.020     9.883    31.331  2276.166  1024.136    43.934   121.561
       452    43.973     3.082     0.000     3.103    -7.162    21.987     0.020     9.883    31.331  2274.107  1024.136    43.973   121.880
       453    44.016     3.074     0.000     3.110    -7.155    22.008     0.020     9.883    31.332  2271.890  1024.136    44.016   122.207
       454    44.063     3.065     0.000     3.117    -7.148    22.031     0.020     9.882    31.332  2269.500  1024.136    44.063   122.543
       455    44.113     3.057     0.000     3.125    -7.141    22.056     0.020     9.882    31.332  2266.916  1024.137    44.113   122.889
       456    44.167     3.049     0.000     3.132    -7.133    22.084     0.020     9.882    31.332  2264.116  1024.137    44.167   123.246
       457    44.227     3.040     0.000     3.140    -7.125    22.113     0.020     9.881    31.332  2261.073  1024.137    44.227   123.614
       458    44.292     3.032     0.000     3.148    -7.117    22.146     0.020     9.881    31.332  2257.757  1024.137    44.292   123.995
       459    44.363     3.024     0.000     3.157    -7.108    22.182     0.020     9.880    31.332  2254.130  1024.137    44.363   124.390
       460    44.442     3.017     0.000     3.165    -7.098    22.221     0.020     9.880    31.332  2250.148  1024.137    44.442   124.799
       461    44.528     3.009     0.000     3.175    -7.089    22.264     0.020     9.879    31.332  2245.756  1024.137    44.528   125.225
       462    44.625     3.002     0.000     3.184    -7.078    22.313     0.020     9.879    31.332  2240.887  1024.138    44.625   125.670
       463    44.734     2.994     0.000     3.194    -7.067    22.367     0.020     9.878    31.332  2235.458  1024.138    44.734   126.135
       464    44.856     2.988     0.000     3.204    -7.055    22.428     0.020     9.877    31.333  2229.361  1024.138    44.856   126.624
       465    44.995     2.982     0.000     3.215    -7.043    22.498     0.020     9.876    31.333  2222.456  1024.138    44.995   127.140
       466    45.156     2.976     0.000     3.227    -7.029    22.578     0.020     9.875    31.333  2214.552  1024.139    45.156   127.688
       467    45.344     2.971     0.000     3.240    -7.014    22.672     0.020     9.874    31.333  2205.381  1024.139    45.344   128.274
       468    45.567     2.968     0.000     3.253    -6.998    22.784     0.020     9.873    31.333  2194.562  1024.139    45.567   128.906
       469    45.815     2.965     0.000     3.268    -6.981    22.908     0.020     9.871    31.333  2182.691  1024.140    45.815   129.598
       470    46.085     2.963     0.000     3.284    -6.961    23.042     0.020     9.870    31.334  2169.923  1024.140    46.085   130.340
       471    46.380     2.961     0.000     3.301    -6.940    23.190     0.020     9.868    31.334  2156.090  1024.140    46.380   131.142
       472    46.708     2.961     0.000     3.320    -6.917    23.354     0.020     9.866    31.334  2140.968  1024.141    46.708   132.019
       473    47.075     2.961     0.000     3.340    -6.890    23.538     0.020     9.864    31.334  2124.265  1024.141    47.075   132.987
       474    47.497     2.963     0.000     3.363    -6.861    23.748     0.020     9.862    31.334  2105.398  1024.142    47.497   134.074
       475    48.001     2.968     0.000     3.390    -6.826    24.001     0.020     9.860    31.334  2083.284  1024.142    48.001   135.326
       476    48.633     2.978     0.000     3.422    -6.784    24.316     0.020     9.857    31.335  2056.232  1024.143    48.633   136.833
       477    49.477     2.994     0.000     3.463    -6.729    24.738     0.020     9.853    31.335  2021.150  1024.144    49.477   138.764
       478    50.466     3.016     0.000     3.509    -6.668    25.233     0.020     9.848    31.335  1981.521  1024.144    50.466   140.931
       479    51.476     3.042     0.000     3.555    -6.607    25.738     0.020     9.844    31.334  1942.669  1024.145    51.476   143.074
       480    52.505     3.074     0.000     3.599    -6.548    26.253     0.020     9.840    31.334  1904.578  1024.145    52.505   145.188
       481    53.555     3.114     0.000     3.643    -6.491    26.778     0.020     9.836    31.333  1867.234  1024.145    53.555   147.259
---------------------------- Plume traps -----------------------------
       482    54.626     3.161     0.000     3.686    -6.436    27.313     0.020     9.832    31.332  1830.621  1024.145    54.626   149.283
       483    55.433     3.206     0.000     3.717    -6.397    27.717     0.020     9.829    31.332  1803.976  1024.145    55.433   150.746
       484    56.096     3.245     0.000     3.740    -6.368    28.048     0.020     9.827    31.331  1782.667  1024.145    56.096   151.851
       485    56.641     3.280     0.000     3.759    -6.346    28.321     0.020     9.826    31.330  1765.491  1024.145    56.641   152.715
       486    57.138     3.312     0.000     3.774    -6.328    28.569     0.020     9.824    31.330  1750.153  1024.144    57.138   153.461
       487    57.571     3.341     0.000     3.788    -6.311    28.786     0.020     9.823    31.329  1736.981  1024.144    57.571   154.133
       488    57.966     3.367     0.000     3.802    -6.295    28.983     0.020     9.822    31.329  1725.162  1024.144    57.966   154.777
       489    58.328     3.393     0.000     3.815    -6.280    29.164     0.020     9.821    31.328  1714.437  1024.144    58.328   155.404
       490    58.668     3.417     0.000     3.828    -6.266    29.334     0.020     9.820    31.328  1704.520  1024.144    58.668   156.018
       491    58.983     3.441     0.000     3.841    -6.252    29.492     0.020     9.819    31.327  1695.394  1024.143    58.983   156.617
       492    59.279     3.464     0.000     3.853    -6.238    29.639     0.020     9.818    31.327  1686.948  1024.143    59.279   157.201
       493    59.554     3.486     0.000     3.865    -6.225    29.777     0.020     9.818    31.327  1679.153  1024.143    59.554   157.769
       494    59.811     3.507     0.000     3.877    -6.213    29.905     0.020     9.817    31.326  1671.934  1024.143    59.811   158.323
       495    60.051     3.528     0.000     3.888    -6.201    30.026     0.020     9.816    31.326  1665.248  1024.143    60.051   158.863
       496    60.276     3.549     0.000     3.899    -6.189    30.138     0.020     9.816    31.325  1659.040  1024.142    60.276   159.389
       497    60.486     3.569     0.000     3.910    -6.178    30.243     0.020     9.815    31.325  1653.273  1024.142    60.486   159.901
       498    60.683     3.588     0.000     3.920    -6.168    30.342     0.020     9.815    31.325  1647.903  1024.142    60.683   160.401
       499    60.868     3.607     0.000     3.931    -6.158    30.434     0.020     9.815    31.325  1642.896  1024.142    60.868   160.888
       500    61.042     3.625     0.000     3.941    -6.148    30.521     0.020     9.814    31.324  1638.221  1024.142    61.042   161.363
       501    61.205     3.643     0.000     3.950    -6.139    30.603     0.020     9.814    31.324  1633.850  1024.142    61.205   161.827
       502    61.359     3.660     0.000     3.960    -6.130    30.679     0.020     9.813    31.324  1629.755  1024.142    61.359   162.279
       503    61.504     3.678     0.000     3.969    -6.121    30.752     0.020     9.813    31.324  1625.914  1024.141    61.504   162.721
       504    61.641     3.694     0.000     3.978    -6.113    30.820     0.020     9.813    31.323  1622.305  1024.141    61.641   163.153
       505    61.770     3.711     0.000     3.987    -6.105    30.885     0.020     9.813    31.323  1618.911  1024.141    61.770   163.575
       506    61.892     3.727     0.000     3.996    -6.097    30.946     0.020     9.812    31.323  1615.713  1024.141    61.892   163.988
       507    62.008     3.742     0.000     4.004    -6.089    31.004     0.020     9.812    31.323  1612.697  1024.141    62.008   164.392
       508    62.118     3.758     0.000     4.012    -6.082    31.059     0.020     9.812    31.322  1609.848  1024.141    62.118   164.786
       509    62.222     3.773     0.000     4.021    -6.075    31.111     0.020     9.812    31.322  1607.153  1024.141    62.222   165.173
       510    62.321     3.788     0.000     4.029    -6.069    31.160     0.020     9.811    31.322  1604.602  1024.141    62.321   165.552
       511    62.415     3.802     0.000     4.036    -6.062    31.207     0.020     9.811    31.322  1602.183  1024.140    62.415   165.923
       512    62.504     3.816     0.000     4.044    -6.056    31.252     0.020     9.811    31.322  1599.888  1024.140    62.504   166.287
       513    62.590     3.830     0.000     4.051    -6.050    31.295     0.020     9.811    31.322  1597.706  1024.140    62.590   166.643
       514    62.671     3.844     0.000     4.059    -6.044    31.336     0.020     9.811    31.322  1595.632  1024.140    62.671   166.993
       515    62.749     3.858     0.000     4.066    -6.038    31.374     0.020     9.811    31.321  1593.657  1024.140    62.749   167.337
       516    62.823     3.871     0.000     4.073    -6.033    31.411     0.020     9.810    31.321  1591.775  1024.140    62.823   167.674
       517    62.894     3.884     0.000     4.080    -6.027    31.447     0.020     9.810    31.321  1589.979  1024.140    62.894   168.005
       518    62.962     3.897     0.000     4.087    -6.022    31.481     0.020     9.810    31.321  1588.265  1024.140    62.962   168.330
       519    63.027     3.910     0.000     4.094    -6.017    31.513     0.020     9.810    31.321  1586.627  1024.140    63.027   168.650
       520    63.089     3.922     0.000     4.100    -6.013    31.545     0.020     9.810    31.321  1585.060  1024.140    63.089   168.964
       521    63.149     3.934     0.000     4.107    -6.008    31.574     0.020     9.810    31.321  1583.561  1024.140    63.149   169.273
       522    63.206     3.946     0.000     4.113    -6.003    31.603     0.020     9.810    31.321  1582.124  1024.140    63.206   169.578
       523    63.261     3.958     0.000     4.119    -5.999    31.631     0.020     9.810    31.320  1580.748  1024.140    63.261   169.877
       524    63.314     3.970     0.000     4.126    -5.995    31.657     0.020     9.809    31.320  1579.427  1024.139    63.314   170.172
       525    63.365     3.981     0.000     4.132    -5.991    31.682     0.020     9.809    31.320  1578.159  1024.139    63.365   170.462
       526    63.414     3.992     0.000     4.138    -5.987    31.707     0.020     9.809    31.320  1576.938  1024.139    63.414   170.748
       527    63.462     4.004     0.000     4.144    -5.983    31.731     0.020     9.809    31.320  1575.753  1024.139    63.462   171.032
       528    63.508     4.014     0.000     4.149    -5.979    31.754     0.020     9.809    31.320  1574.607  1024.139    63.508   171.313
       529    63.553     4.025     0.000     4.155    -5.975    31.776     0.020     9.809    31.320  1573.495  1024.139    63.553   171.592
       530    63.596     4.036     0.000     4.161    -5.972    31.798     0.020     9.809    31.320  1572.417  1024.139    63.596   171.869
       531    63.639     4.046     0.000     4.167    -5.968    31.819     0.020     9.809    31.320  1571.371  1024.139    63.639   172.143
       532    63.680     4.056     0.000     4.173    -5.965    31.840     0.020     9.809    31.320  1570.356  1024.139    63.680   172.414
       533    63.720     4.066     0.000     4.178    -5.961    31.860     0.020     9.809    31.320  1569.371  1024.139    63.720   172.684
       534    63.759     4.076     0.000     4.184    -5.958    31.879     0.020     9.809    31.319  1568.415  1024.139    63.759   172.951
       535    63.796     4.086     0.000     4.189    -5.955    31.898     0.020     9.809    31.319  1567.487  1024.139    63.796   173.216
       536    63.833     4.096     0.000     4.195    -5.952    31.917     0.020     9.809    31.319  1566.586  1024.139    63.833   173.479
       537    63.869     4.105     0.000     4.200    -5.948    31.934     0.020     9.808    31.319  1565.711  1024.139    63.869   173.740
       538    63.903     4.115     0.000     4.206    -5.945    31.952     0.020     9.808    31.319  1564.862  1024.139    63.903   173.999
       539    63.937     4.124     0.000     4.211    -5.943    31.969     0.020     9.808    31.319  1564.036  1024.139    63.937   174.255
       540    63.970     4.133     0.000     4.217    -5.940    31.985     0.020     9.808    31.319  1563.234  1024.139    63.970   174.510
       541    64.002     4.142     0.000     4.222    -5.937    32.001     0.020     9.808    31.319  1562.456  1024.139    64.002   174.763
       542    64.033     4.151     0.000     4.227    -5.934    32.016     0.020     9.808    31.319  1561.699  1024.139    64.033   175.014
       543    64.063     4.159     0.000     4.232    -5.932    32.032     0.020     9.808    31.319  1560.963  1024.139    64.063   175.263
       544    64.092     4.168     0.000     4.238    -5.929    32.046     0.020     9.808    31.319  1560.248  1024.139    64.092   175.511
       545    64.121     4.176     0.000     4.243    -5.927    32.060     0.020     9.808    31.319  1559.554  1024.139    64.121   175.757
       546    64.149     4.184     0.000     4.248    -5.924    32.074     0.020     9.808    31.319  1558.879  1024.139    64.149   176.001
       547    64.176     4.192     0.000     4.253    -5.922    32.088     0.020     9.808    31.319  1558.223  1024.138    64.176   176.243
       548    64.202     4.200     0.000     4.258    -5.919    32.101     0.020     9.808    31.319  1557.585  1024.138    64.202   176.484
       549    64.228     4.208     0.000     4.263    -5.917    32.114     0.020     9.808    31.319  1556.965  1024.138    64.228   176.723
       550    64.252     4.216     0.000     4.268    -5.915    32.126     0.020     9.808    31.319  1556.362  1024.138    64.252   176.961
       551    64.277     4.223     0.000     4.273    -5.913    32.138     0.020     9.808    31.319  1555.777  1024.138    64.277   177.197
       552    64.300     4.230     0.000     4.278    -5.911    32.150     0.020     9.808    31.318  1555.207  1024.138    64.300   177.432
       553    64.323     4.238     0.000     4.283    -5.909    32.161     0.020     9.808    31.318  1554.654  1024.138    64.323   177.665
       554    64.345     4.245     0.000     4.288    -5.907    32.173     0.020     9.808    31.318  1554.116  1024.138    64.345   177.897
       555    64.367     4.252     0.000     4.292    -5.905    32.183     0.020     9.808    31.318  1553.593  1024.138    64.367   178.127
       556    64.388     4.259     0.000     4.297    -5.903    32.194     0.020     9.808    31.318  1553.085  1024.138    64.388   178.357
       557    64.408     4.265     0.000     4.302    -5.901    32.204     0.020     9.808    31.318  1552.592  1024.138    64.408   178.585
       558    64.428     4.272     0.000     4.307    -5.899    32.214     0.020     9.808    31.318  1552.112  1024.138    64.428   178.811
       559    64.448     4.278     0.000     4.311    -5.897    32.224     0.020     9.808    31.318  1551.646  1024.138    64.448   179.037
       560    64.467     4.284     0.000     4.316    -5.896    32.233     0.020     9.808    31.318  1551.193  1024.138    64.467   179.261
       561    64.485     4.291     0.000     4.321    -5.894    32.242     0.020     9.807    31.318  1550.753  1024.138    64.485   179.484
       562    64.503     4.297     0.000     4.325    -5.892    32.251     0.020     9.807    31.318  1550.326  1024.138    64.503   179.706
       563    64.520     4.303     0.000     4.330    -5.891    32.260     0.020     9.807    31.318  1549.912  1024.138    64.520   179.927
       564    64.537     4.308     0.000     4.335    -5.889    32.268     0.020     9.807    31.318  1549.509  1024.138    64.537   180.146
       565    64.553     4.314     0.000     4.339    -5.888    32.276     0.020     9.807    31.318  1549.118  1024.138    64.553   180.365
       566    64.569     4.320     0.000     4.344    -5.886    32.284     0.020     9.807    31.318  1548.739  1024.138    64.569   180.583
       567    64.584     4.325     0.000     4.348    -5.885    32.292     0.020     9.807    31.318  1548.371  1024.138    64.584   180.799
       568    64.599     4.330     0.000     4.353    -5.884    32.299     0.020     9.807    31.318  1548.015  1024.138    64.599   181.015
       569    64.613     4.335     0.000     4.357    -5.882    32.307     0.020     9.807    31.318  1547.669  1024.138    64.613   181.230
       570    64.627     4.340     0.000     4.362    -5.881    32.314     0.020     9.807    31.318  1547.334  1024.138    64.627   181.444
       571    64.641     4.345     0.000     4.366    -5.880    32.320     0.020     9.807    31.318  1547.009  1024.138    64.641   181.657
       572    64.654     4.350     0.000     4.371    -5.879    32.327     0.020     9.807    31.318  1546.694  1024.138    64.654   181.869
       573    64.667     4.355     0.000     4.375    -5.877    32.333     0.020     9.807    31.318  1546.390  1024.138    64.667   182.080
       574    64.679     4.359     0.000     4.380    -5.876    32.340     0.020     9.807    31.318  1546.095  1024.138    64.679   182.290
       575    64.691     4.363     0.000     4.384    -5.875    32.345     0.020     9.807    31.318  1545.810  1024.138    64.691   182.500
       576    64.703     4.368     0.000     4.388    -5.874    32.351     0.020     9.807    31.318  1545.535  1024.138    64.703   182.709
       577    64.714     4.372     0.000     4.393    -5.873    32.357     0.020     9.807    31.318  1545.269  1024.138    64.714   182.917
       578    64.724     4.376     0.000     4.397    -5.872    32.362     0.020     9.807    31.318  1545.012  1024.138    64.724   183.125
       579    64.735     4.380     0.000     4.401    -5.871    32.367     0.020     9.807    31.318  1544.764  1024.138    64.735   183.332
       580    64.745     4.384     0.000     4.406    -5.870    32.372     0.020     9.807    31.318  1544.525  1024.138    64.745   183.538
       581    64.754     4.387     0.000     4.410    -5.869    32.377     0.020     9.807    31.318  1544.294  1024.138    64.754   183.743
       582    64.764     4.391     0.000     4.414    -5.869    32.382     0.020     9.807    31.318  1544.073  1024.138    64.764   183.948
       583    64.773     4.394     0.000     4.419    -5.868    32.386     0.020     9.807    31.318  1543.860  1024.138    64.773   184.152
       584    64.781     4.397     0.000     4.423    -5.867    32.391     0.020     9.807    31.318  1543.655  1024.138    64.781   184.356
       585    64.790     4.400     0.000     4.427    -5.866    32.395     0.020     9.807    31.318  1543.458  1024.138    64.790   184.559
       586    64.797     4.403     0.000     4.431    -5.866    32.399     0.020     9.807    31.318  1543.270  1024.138    64.797   184.762
       587    64.805     4.406     0.000     4.436    -5.865    32.403     0.020     9.807    31.318  1543.090  1024.138    64.805   184.964
       588    64.812     4.409     0.000     4.440    -5.864    32.406     0.020     9.807    31.318  1542.918  1024.138    64.812   185.166
       589    64.819     4.412     0.000     4.444    -5.864    32.410     0.020     9.807    31.318  1542.753  1024.138    64.819   185.367
       590    64.826     4.414     0.000     4.448    -5.863    32.413     0.020     9.807    31.318  1542.596  1024.138    64.826   185.568
       591    64.832     4.417     0.000     4.453    -5.862    32.416     0.020     9.807    31.318  1542.447  1024.138    64.832   185.769
       592    64.838     4.419     0.000     4.457    -5.862    32.419     0.020     9.807    31.317  1542.306  1024.138    64.838   185.969
       593    64.844     4.421     0.000     4.461    -5.861    32.422     0.020     9.807    31.317  1542.172  1024.138    64.844   186.168
       594    64.849     4.423     0.000     4.465    -5.861    32.424     0.020     9.807    31.317  1542.046  1024.138    64.849   186.368
       595    64.854     4.425     0.000     4.469    -5.861    32.427     0.020     9.807    31.317  1541.927  1024.138    64.854   186.566
       596    64.859     4.427     0.000     4.473    -5.860    32.429     0.020     9.807    31.317  1541.815  1024.138    64.859   186.765
       597    64.863     4.429     0.000     4.478    -5.860    32.432     0.020     9.807    31.317  1541.710  1024.138    64.863   186.964
       598    64.867     4.430     0.000     4.482    -5.859    32.434     0.020     9.807    31.317  1541.613  1024.138    64.867   187.162
       599    64.871     4.432     0.000     4.486    -5.859    32.435     0.020     9.807    31.317  1541.523  1024.138    64.871   187.360
       600    64.874     4.433     0.000     4.490    -5.859    32.437     0.020     9.807    31.317  1541.440  1024.138    64.874   187.557
       601    64.878     4.434     0.000     4.494    -5.859    32.439     0.020     9.807    31.317  1541.364  1024.138    64.878   187.755
       602    64.880     4.435     0.000     4.498    -5.858    32.440     0.020     9.807    31.317  1541.295  1024.138    64.880   187.952
       603    64.883     4.436     0.000     4.502    -5.858    32.442     0.020     9.807    31.317  1541.234  1024.138    64.883   188.149
       604    64.885     4.437     0.000     4.507    -5.858    32.443     0.020     9.807    31.317  1541.179  1024.138    64.885   188.346
       605    64.887     4.438     0.000     4.511    -5.858    32.444     0.020     9.807    31.317  1541.131  1024.138    64.887   188.543
       606    64.889     4.439     0.000     4.515    -5.858    32.445     0.020     9.807    31.317  1541.089  1024.138    64.889   188.739
       607    64.891     4.439     0.000     4.519    -5.858    32.445     0.020     9.807    31.317  1541.055  1024.138    64.891   188.936
       608    64.892     4.439     0.000     4.523    -5.858    32.446     0.020     9.807    31.317  1541.028  1024.138    64.892   189.132
       609    64.893     4.440     0.000     4.527    -5.858    32.446     0.020     9.807    31.317  1541.007  1024.138    64.893   189.329
---------------------- Local maximum rise or fall --------------------
       610    64.893     4.440     0.000     4.531    -5.858    32.447     0.020     9.807    31.317  1540.992  1024.138    64.893   189.525
-------------------- Starting Farfield Calculations --------------------
Farfield dispersion based on wastefield width of :       4.44 (m)
4/3 Power Law based Eddy Diffusivity is used:
  Dilution     Width  Distance      Time     Conc.    Bckgrd
        ()       (m)       (m)    (hrs.)    (mg/L)    (mg/L)
    64.893     4.446     4.531     0.000  1540.992     0.000
    64.893     4.585     5.000     0.007  1545.260     0.000
    64.904     4.887     6.000     0.021  1545.260     0.000
    65.179     5.196     7.000     0.035  1545.260     0.000
    66.116     5.511     8.000     0.048  1545.260     0.000
    67.738     5.832     9.000     0.062  1545.260     0.000
    69.899     6.159    10.000     0.076  1467.077     0.000
    72.461     6.492    11.000     0.090  1467.077     0.000
    75.323     6.830    12.000     0.104  1467.077     0.000
    78.415     7.175    13.000     0.118  1467.077     0.000
    81.688     7.525    14.000     0.132  1467.077     0.000
    85.110     7.880    15.000     0.146  1223.125     0.000
    88.656     8.241    16.000     0.160  1223.125     0.000
    92.311     8.607    17.000     0.173  1223.125     0.000
    96.061     8.979    18.000     0.187  1223.125     0.000
    99.897     9.356    19.000     0.201  1008.878     0.000
   103.812     9.737    20.000     0.215  1008.878     0.000
   107.800    10.124    21.000     0.229  1008.878     0.000
   111.857    10.516    22.000     0.243  1008.878     0.000
   115.980    10.913    23.000     0.257  1008.878     0.000
   120.164    11.315    24.000     0.271   844.769     0.000
   124.409    11.721    25.000     0.285   844.769     0.000
   128.711    12.132    26.000     0.298   844.769     0.000
   133.069    12.548    27.000     0.312   844.769     0.000
   137.481    12.969    28.000     0.326   844.769     0.000
   141.947    13.394    29.000     0.340   719.265     0.000
   146.464    13.824    30.000     0.354   719.265     0.000
   151.033    14.258    31.000     0.368   719.265     0.000
   155.651    14.697    32.000     0.382   719.265     0.000
   160.318    15.140    33.000     0.396   719.265     0.000
   165.034    15.587    34.000     0.410   621.543     0.000
   169.797    16.039    35.000     0.423   621.543     0.000
   174.607    16.495    36.000     0.437   621.543     0.000
   179.463    16.956    37.000     0.451   621.543     0.000
   184.365    17.420    38.000     0.465   543.927     0.000
   189.312    17.889    39.000     0.479   543.927     0.000
   194.304    18.362    40.000     0.493   543.927     0.000
   199.340    18.839    41.000     0.507   543.927     0.000
   204.419    19.319    42.000     0.521   543.927     0.000
   209.542    19.804    43.000     0.535   481.148     0.000
   214.708    20.293    44.000     0.548   481.148     0.000
   219.916    20.786    45.000     0.562   481.148     0.000
   225.166    21.283    46.000     0.576   481.148     0.000
   230.458    21.784    47.000     0.590   481.148     0.000
   235.791    22.289    48.000     0.604   429.548     0.000
   241.165    22.797    49.000     0.618   429.548     0.000
   246.579    23.309    50.000     0.632   429.548     0.000
   252.034    23.826    51.000     0.646   429.548     0.000
   257.529    24.345    52.000     0.660   429.548     0.000
   263.063    24.869    53.000     0.673   386.539     0.000
   268.637    25.396    54.000     0.687   386.539     0.000
   274.250    25.927    55.000     0.701   386.539     0.000
   279.902    26.462    56.000     0.715   386.539     0.000
   285.592    27.000    57.000     0.729   386.539     0.000
   291.320    27.542    58.000     0.743   350.249     0.000
   297.086    28.087    59.000     0.757   350.249     0.000
   302.890    28.636    60.000     0.771   350.249     0.000
   308.732    29.188    61.000     0.785   350.249     0.000
   314.610    29.744    62.000     0.798   319.299     0.000
   320.526    30.304    63.000     0.812   319.299     0.000
   326.478    30.867    64.000     0.826   319.299     0.000
   332.467    31.433    65.000     0.840   319.299     0.000
   338.492    32.003    66.000     0.854   319.299     0.000
   344.553    32.576    67.000     0.868   292.651     0.000
   350.650    33.153    68.000     0.882   292.651     0.000
   356.783    33.732    69.000     0.896   292.651     0.000
   362.951    34.316    70.000     0.910   292.651     0.000
   369.154    34.902    71.000     0.923   292.651     0.000
   375.392    35.492    72.000     0.937   269.513     0.000
   381.665    36.085    73.000     0.951   269.513     0.000
   387.973    36.682    74.000     0.965   269.513     0.000
   394.315    37.282    75.000     0.979   269.513     0.000
   400.691    37.884    76.000     0.993   269.513     0.000
   407.101    38.491    77.000     1.007   249.271     0.000
   413.546    39.100    78.000     1.021   249.271     0.000
   420.023    39.713    79.000     1.035   249.271     0.000
   426.535    40.328    80.000     1.048   249.271     0.000
   433.079    40.947    81.000     1.062   231.440     0.000
   439.657    41.569    82.000     1.076   231.440     0.000
   446.268    42.194    83.000     1.090   231.440     0.000
   452.912    42.822    84.000     1.104   231.440     0.000
   459.588    43.454    85.000     1.118   231.440     0.000
   466.297    44.088    86.000     1.132   215.639     0.000
   473.038    44.725    87.000     1.146   215.639     0.000
   479.811    45.366    88.000     1.160   215.639     0.000
   486.617    46.009    89.000     1.173   215.639     0.000
   493.454    46.656    90.000     1.187   215.639     0.000
   500.323    47.305    91.000     1.201   201.557     0.000
   507.224    47.958    92.000     1.215   201.557     0.000
   514.156    48.613    93.000     1.229   201.557     0.000
   521.119    49.272    94.000     1.243   201.557     0.000
   528.114    49.933    95.000     1.257   201.557     0.000
   535.139    50.597    96.000     1.271   188.944     0.000
   542.196    51.265    97.000     1.285   188.944     0.000
   549.283    51.935    98.000     1.298   188.944     0.000
   556.401    52.608    99.000     1.312   188.944     0.000
   563.549    53.284   100.000     1.326   177.593     0.000
   570.728    53.962   101.000     1.340   177.593     0.000
   577.937    54.644   102.000     1.354   177.593     0.000
   585.176    55.328   103.000     1.368   177.593     0.000
   592.445    56.016   104.000     1.382   177.593     0.000
   599.744    56.706   105.000     1.396   167.335     0.000
   607.073    57.399   106.000     1.410   167.335     0.000
   614.431    58.095   107.000     1.423   167.335     0.000
   621.819    58.793   108.000     1.437   167.335     0.000
   629.236    59.494   109.000     1.451   167.335     0.000
   636.682    60.198   110.000     1.465   158.028     0.000
   644.158    60.905   111.000     1.479   158.028     0.000
   651.662    61.615   112.000     1.493   158.028     0.000
   659.196    62.327   113.000     1.507   158.028     0.000
   666.758    63.042   114.000     1.521   158.028     0.000
   674.349    63.760   115.000     1.535   149.553     0.000
   681.969    64.480   116.000     1.548   149.553     0.000
   689.617    65.204   117.000     1.562   149.553     0.000
   697.293    65.929   118.000     1.576   149.553     0.000
   704.998    66.658   119.000     1.590   149.553     0.000
   712.731    67.389   120.000     1.604   141.809     0.000
   720.492    68.123   121.000     1.618   141.809     0.000
   728.281    68.859   122.000     1.632   141.809     0.000
   736.098    69.598   123.000     1.646   141.809     0.000
   743.943    70.340   124.000     1.660   134.711     0.000
   751.815    71.084   125.000     1.673   134.711     0.000
   759.715    71.831   126.000     1.687   134.711     0.000
   767.642    72.581   127.000     1.701   134.711     0.000
   775.597    73.333   128.000     1.715   134.711     0.000
   783.579    74.088   129.000     1.729   128.186     0.000
   791.588    74.845   130.000     1.743   128.186     0.000
   799.624    75.605   131.000     1.757   128.186     0.000
   807.688    76.367   132.000     1.771   128.186     0.000
   815.778    77.132   133.000     1.785   128.186     0.000
   823.895    77.900   134.000     1.798   122.172     0.000
   832.039    78.670   135.000     1.812   122.172     0.000
   840.210    79.442   136.000     1.826   122.172     0.000
   848.407    80.217   137.000     1.840   122.172     0.000
   856.630    80.995   138.000     1.854   122.172     0.000
   864.880    81.775   139.000     1.868   116.613     0.000
   873.156    82.557   140.000     1.882   116.613     0.000
   881.459    83.342   141.000     1.896   116.613     0.000
   889.788    84.130   142.000     1.910   116.613     0.000
   898.142    84.920   143.000     1.923   111.464     0.000
   906.523    85.712   144.000     1.937   111.464     0.000
   914.930    86.507   145.000     1.951   111.464     0.000
   923.362    87.304   146.000     1.965   111.464     0.000
   931.820    88.104   147.000     1.979   111.464     0.000
   940.304    88.906   148.000     1.993   106.682     0.000
   948.814    89.711   149.000     2.007   106.682     0.000
   957.349    90.518   150.000     2.021   106.682     0.000
   965.909    91.327   151.000     2.035   106.682     0.000
   974.495    92.139   152.000     2.048   106.682     0.000
   983.106    92.953   153.000     2.062   102.233     0.000
   991.742    93.770   154.000     2.076   102.233     0.000
  1000.404    94.589   155.000     2.090   102.233     0.000
  1009.090    95.410   156.000     2.104   102.233     0.000
  1017.802    96.234   157.000     2.118   102.233     0.000
  1026.538    97.060   158.000     2.132    98.085     0.000
  1035.300    97.888   159.000     2.146    98.085     0.000
  1044.086    98.719   160.000     2.160    98.085     0.000
  1052.897    99.552   161.000     2.173    98.085     0.000
  1061.732   100.387   162.000     2.187    94.210     0.000
  1070.592   101.225   163.000     2.201    94.210     0.000
  1079.477   102.065   164.000     2.215    94.210     0.000
  1088.385   102.908   165.000     2.229    94.210     0.000
  1097.319   103.752   166.000     2.243    94.210     0.000
  1106.277   104.599   167.000     2.257    90.584     0.000
  1115.258   105.448   168.000     2.271    90.584     0.000
  1124.264   106.300   169.000     2.285    90.584     0.000
  1133.295   107.154   170.000     2.298    90.584     0.000
  1142.349   108.010   171.000     2.312    90.584     0.000
  1151.427   108.868   172.000     2.326    87.184     0.000
  1160.529   109.729   173.000     2.340    87.184     0.000
  1169.655   110.592   174.000     2.354    87.184     0.000
  1178.805   111.457   175.000     2.368    87.184     0.000
  1187.979   112.324   176.000     2.382    87.184     0.000
  1197.176   113.194   177.000     2.396    83.992     0.000
  1206.397   114.066   178.000     2.410    83.992     0.000
  1215.641   114.940   179.000     2.423    83.992     0.000
  1224.909   115.816   180.000     2.437    83.992     0.000
  1234.200   116.695   181.000     2.451    83.992     0.000
  1243.515   117.575   182.000     2.465    80.990     0.000
  1252.853   118.458   183.000     2.479    80.990     0.000
  1262.214   119.343   184.000     2.493    80.990     0.000
  1271.599   120.231   185.000     2.507    80.990     0.000
  1281.006   121.120   186.000     2.521    78.163     0.000
  1290.437   122.012   187.000     2.535    78.163     0.000
  1299.891   122.906   188.000     2.548    78.163     0.000
  1309.367   123.802   189.000     2.562    78.163     0.000
  1318.867   124.700   190.000     2.576    78.163     0.000
  1328.389   125.600   191.000     2.590    75.496     0.000
  1337.935   126.503   192.000     2.604    75.496     0.000
  1347.503   127.407   193.000     2.618    75.496     0.000
  1357.093   128.314   194.000     2.632    75.496     0.000
  1366.707   129.223   195.000     2.646    75.496     0.000
  1376.343   130.134   196.000     2.660    72.978     0.000
  1386.001   131.047   197.000     2.673    72.978     0.000
  1395.682   131.963   198.000     2.687    72.978     0.000
  1405.386   132.880   199.000     2.701    72.978     0.000
  1415.111   133.800   200.000     2.715    72.978     0.000
  1424.860   134.722   201.000     2.729    70.597     0.000
  1434.630   135.645   202.000     2.743    70.597     0.000
  1444.423   136.571   203.000     2.757    70.597     0.000
  1454.238   137.499   204.000     2.771    70.597     0.000
  1464.075   138.429   205.000     2.785    68.342     0.000
  1473.934   139.362   206.000     2.798    68.342     0.000
............................. Reached Chronic Mixing Zone ..........................
  1483.815   140.296   207.000     2.812    68.342     0.000
  1493.718   141.232   208.000     2.826    68.342     0.000
  1503.643   142.171   209.000     2.840    68.342     0.000
  1513.590   143.111   210.000     2.854    66.205     0.000
  1523.558   144.054   211.000     2.868    66.205     0.000
  1533.549   144.998   212.000     2.882    66.205     0.000
  1543.561   145.945   213.000     2.896    66.205     0.000
  1553.595   146.894   214.000     2.910    66.205     0.000
  1563.651   147.844   215.000     2.923    64.177     0.000
  1573.728   148.797   216.000     2.937    64.177     0.000
  1583.827   149.752   217.000     2.951    64.177     0.000
  1593.947   150.709   218.000     2.965    64.177     0.000
  1604.089   151.668   219.000     2.979    64.177     0.000
  1614.252   152.629   220.000     2.993    62.251     0.000
  1624.436   153.592   221.000     3.007    62.251     0.000
  1634.642   154.557   222.000     3.021    62.251     0.000
  1644.869   155.524   223.000     3.035    62.251     0.000
  1655.118   156.493   224.000     3.048    62.251     0.000
  1665.387   157.464   225.000     3.062    60.419     0.000
  1675.678   158.437   226.000     3.076    60.419     0.000
  1685.990   159.412   227.000     3.090    60.419     0.000
  1696.323   160.389   228.000     3.104    60.419     0.000
  1706.677   161.368   229.000     3.118    58.675     0.000
  1717.052   162.349   230.000     3.132    58.675     0.000
  1727.448   163.332   231.000     3.146    58.675     0.000
  1737.864   164.316   232.000     3.160    58.675     0.000
  1748.302   165.303   233.000     3.173    58.675     0.000
  1758.760   166.292   234.000     3.187    57.013     0.000
  1769.239   167.283   235.000     3.201    57.013     0.000
  1779.739   168.276   236.000     3.215    57.013     0.000
  1790.260   169.271   237.000     3.229    57.013     0.000
  1800.801   170.267   238.000     3.243    57.013     0.000
  1811.363   171.266   239.000     3.257    55.428     0.000
  1821.946   172.266   240.000     3.271    55.428     0.000
  1832.548   173.269   241.000     3.285    55.428     0.000
  1843.172   174.273   242.000     3.298    55.428     0.000
  1853.816   175.280   243.000     3.312    55.428     0.000
  1864.480   176.288   244.000     3.326    53.916     0.000
  1875.165   177.298   245.000     3.340    53.916     0.000
  1885.870   178.311   246.000     3.354    53.916     0.000
  1896.595   179.325   247.000     3.368    53.916     0.000
  1907.341   180.341   248.000     3.382    52.471     0.000
  1918.106   181.359   249.000     3.396    52.471     0.000
  1928.892   182.378   250.000     3.410    52.471     0.000
  1939.699   183.400   251.000     3.423    52.471     0.000
  1950.525   184.424   252.000     3.437    52.471     0.000
  1961.371   185.449   253.000     3.451    51.089     0.000
  1972.237   186.477   254.000     3.465    51.089     0.000
  1983.124   187.506   255.000     3.479    51.089     0.000
  1994.030   188.537   256.000     3.493    51.089     0.000
  2004.956   189.570   257.000     3.507    51.089     0.000
  2015.902   190.605   258.000     3.521    49.767     0.000
  2026.868   191.642   259.000     3.535    49.767     0.000
  2037.854   192.681   260.000     3.548    49.767     0.000
  2048.859   193.721   261.000     3.562    49.767     0.000
  2059.884   194.764   262.000     3.576    49.767     0.000
  2070.929   195.808   263.000     3.590    48.501     0.000
  2081.994   196.854   264.000     3.604    48.501     0.000
  2093.078   197.902   265.000     3.618    48.501     0.000
  2104.182   198.952   266.000     3.632    48.501     0.000
  2115.305   200.004   267.000     3.646    47.288     0.000
  2126.448   201.057   268.000     3.660    47.288     0.000
  2137.611   202.113   269.000     3.673    47.288     0.000
  2148.793   203.170   270.000     3.687    47.288     0.000
  2159.994   204.229   271.000     3.701    47.288     0.000
  2171.215   205.290   272.000     3.715    46.125     0.000
  2182.455   206.353   273.000     3.729    46.125     0.000
  2193.714   207.418   274.000     3.743    46.125     0.000
  2204.993   208.484   275.000     3.757    46.125     0.000
  2216.291   209.552   276.000     3.771    46.125     0.000
  2227.608   210.622   277.000     3.785    45.008     0.000
  2238.945   211.694   278.000     3.798    45.008     0.000
  2250.300   212.768   279.000     3.812    45.008     0.000
  2261.675   213.843   280.000     3.826    45.008     0.000
  2273.069   214.921   281.000     3.840    45.008     0.000
  2284.482   216.000   282.000     3.854    43.936     0.000
  2295.914   217.081   283.000     3.868    43.936     0.000
  2307.364   218.163   284.000     3.882    43.936     0.000
  2318.834   219.248   285.000     3.896    43.936     0.000
  2330.323   220.334   286.000     3.910    43.936     0.000
  2341.831   221.422   287.000     3.923    42.906     0.000
  2353.358   222.512   288.000     3.937    42.906     0.000
  2364.903   223.604   289.000     3.951    42.906     0.000
  2376.467   224.697   290.000     3.965    42.906     0.000
  2388.051   225.792   291.000     3.979    41.915     0.000
  2399.652   226.889   292.000     3.993    41.915     0.000
  2411.273   227.988   293.000     4.007    41.915     0.000
  2422.912   229.088   294.000     4.021    41.915     0.000
  2434.570   230.191   295.000     4.035    41.915     0.000
  2446.247   231.295   296.000     4.048    40.962     0.000
  2457.942   232.400   297.000     4.062    40.962     0.000
  2469.656   233.508   298.000     4.076    40.962     0.000
  2481.388   234.617   299.000     4.090    40.962     0.000
  2493.139   235.728   300.000     4.104    40.962     0.000
  2504.908   236.841   301.000     4.118    40.045     0.000
  2516.696   237.956   302.000     4.132    40.045     0.000
  2528.502   239.072   303.000     4.146    40.045     0.000
  2540.327   240.190   304.000     4.160    40.045     0.000
  2552.170   241.310   305.000     4.173    40.045     0.000
  2564.031   242.431   306.000     4.187    39.161     0.000
  2575.911   243.555   307.000     4.201    39.161     0.000
  2587.809   244.680   308.000     4.215    39.161     0.000
  2599.725   245.806   309.000     4.229    39.161     0.000
  2611.660   246.935   310.000     4.243    38.309     0.000
  2623.612   248.065   311.000     4.257    38.309     0.000
  2635.583   249.197   312.000     4.271    38.309     0.000
  2647.572   250.330   313.000     4.285    38.309     0.000
  2659.579   251.465   314.000     4.298    38.309     0.000
  2671.604   252.602   315.000     4.312    37.488     0.000
  2683.648   253.741   316.000     4.326    37.488     0.000
  2695.709   254.882   317.000     4.340    37.488     0.000
  2707.788   256.024   318.000     4.354    37.488     0.000
  2719.886   257.168   319.000     4.368    37.488     0.000
  2732.001   258.313   320.000     4.382    36.696     0.000
  2744.134   259.460   321.000     4.396    36.696     0.000
  2756.285   260.609   322.000     4.410    36.696     0.000
  2768.454   261.760   323.000     4.423    36.696     0.000
  2780.641   262.912   324.000     4.437    36.696     0.000
  2792.846   264.066   325.000     4.451    35.931     0.000
  2805.068   265.222   326.000     4.465    35.931     0.000
  2817.309   266.379   327.000     4.479    35.931     0.000
  2829.567   267.538   328.000     4.493    35.931     0.000
  2841.843   268.699   329.000     4.507    35.192     0.000
  2854.136   269.861   330.000     4.521    35.192     0.000
  2866.447   271.025   331.000     4.535    35.192     0.000
  2878.776   272.191   332.000     4.548    35.192     0.000
  2891.122   273.358   333.000     4.562    35.192     0.000
  2903.486   274.527   334.000     4.576    34.479     0.000
  2915.868   275.698   335.000     4.590    34.479     0.000
  2928.267   276.870   336.000     4.604    34.479     0.000
  2940.684   278.044   337.000     4.618    34.479     0.000
  2953.118   279.220   338.000     4.632    34.479     0.000
  2965.570   280.397   339.000     4.646    33.789     0.000
  2978.039   281.576   340.000     4.660    33.789     0.000
  2990.525   282.757   341.000     4.673    33.789     0.000
  3003.029   283.939   342.000     4.687    33.789     0.000
  3015.551   285.123   343.000     4.701    33.789     0.000
  3028.089   286.308   344.000     4.715    33.122     0.000
  3040.645   287.496   345.000     4.729    33.122     0.000
  3053.219   288.684   346.000     4.743    33.122     0.000
  3065.809   289.875   347.000     4.757    33.122     0.000
  3078.417   291.067   348.000     4.771    33.122     0.000
  3091.042   292.261   349.000     4.785    32.476     0.000
  3103.684   293.456   350.000     4.798    32.476     0.000
  3116.344   294.653   351.000     4.812    32.476     0.000
  3129.020   295.852   352.000     4.826    32.476     0.000
  3141.714   297.052   353.000     4.840    31.851     0.000
  3154.425   298.254   354.000     4.854    31.851     0.000
  3167.153   299.457   355.000     4.868    31.851     0.000
  3179.898   300.662   356.000     4.882    31.851     0.000
  3192.660   301.869   357.000     4.896    31.851     0.000
  3205.440   303.077   358.000     4.910    31.246     0.000
  3218.236   304.287   359.000     4.923    31.246     0.000
  3231.049   305.498   360.000     4.937    31.246     0.000
  3243.879   306.712   361.000     4.951    31.246     0.000
  3256.726   307.926   362.000     4.965    31.246     0.000
  3269.590   309.143   363.000     4.979    30.660     0.000
  3282.471   310.360   364.000     4.993    30.660     0.000
  3295.369   311.580   365.000     5.007    30.660     0.000
  3308.283   312.801   366.000     5.021    30.660     0.000
  3321.214   314.024   367.000     5.035    30.660     0.000
  3334.163   315.248   368.000     5.048    30.092     0.000
  3347.128   316.474   369.000     5.062    30.092     0.000
  3360.109   317.701   370.000     5.076    30.092     0.000
  3373.108   318.930   371.000     5.090    30.092     0.000
  3386.123   320.161   372.000     5.104    29.542     0.000
  3399.155   321.393   373.000     5.118    29.542     0.000
  3412.204   322.627   374.000     5.132    29.542     0.000
  3425.269   323.862   375.000     5.146    29.542     0.000
  3438.351   325.099   376.000     5.160    29.542     0.000
  3451.449   326.338   377.000     5.173    29.007     0.000
  3464.564   327.578   378.000     5.187    29.007     0.000
  3477.696   328.819   379.000     5.201    29.007     0.000
  3490.844   330.062   380.000     5.215    29.007     0.000
  3504.009   331.307   381.000     5.229    29.007     0.000
  3517.190   332.553   382.000     5.243    28.489     0.000
  3530.388   333.801   383.000     5.257    28.489     0.000
  3543.602   335.051   384.000     5.271    28.489     0.000
  3556.833   336.302   385.000     5.285    28.489     0.000
  3570.080   337.554   386.000     5.298    28.489     0.000
  3583.343   338.808   387.000     5.312    27.986     0.000
  3596.623   340.064   388.000     5.326    27.986     0.000
  3609.919   341.321   389.000     5.340    27.986     0.000
  3623.232   342.580   390.000     5.354    27.986     0.000
  3636.561   343.840   391.000     5.368    27.986     0.000
  3649.906   345.102   392.000     5.382    27.498     0.000
  3663.267   346.365   393.000     5.396    27.498     0.000
  3676.645   347.630   394.000     5.410    27.498     0.000
  3690.039   348.896   395.000     5.423    27.498     0.000
  3703.449   350.164   396.000     5.437    27.024     0.000
  3716.875   351.434   397.000     5.451    27.024     0.000
  3730.318   352.705   398.000     5.465    27.024     0.000
  3743.777   353.977   399.000     5.479    27.024     0.000
  3757.252   355.251   400.000     5.493    27.024     0.000
  3770.743   356.527   401.000     5.507    26.563     0.000
  3784.250   357.804   402.000     5.521    26.563     0.000
  3797.773   359.083   403.000     5.535    26.563     0.000
  3811.312   360.363   404.000     5.548    26.563     0.000
  3824.868   361.645   405.000     5.562    26.563     0.000
  3838.439   362.928   406.000     5.576    26.115     0.000
  3852.027   364.212   407.000     5.590    26.115     0.000
  3865.630   365.499   408.000     5.604    26.115     0.000
  3879.249   366.786   409.000     5.618    26.115     0.000
  3892.885   368.076   410.000     5.632    26.115     0.000
  3906.536   369.366   411.000     5.646    25.680     0.000
  3920.203   370.659   412.000     5.660    25.680     0.000
  3933.886   371.952   413.000     5.673    25.680     0.000
  3947.585   373.248   414.000     5.687    25.680     0.000
  3961.300   374.544   415.000     5.701    25.256     0.000
  3975.031   375.843   416.000     5.715    25.256     0.000
  3988.777   377.142   417.000     5.729    25.256     0.000
  4002.540   378.444   418.000     5.743    25.256     0.000
  4016.318   379.746   419.000     5.757    25.256     0.000
  4030.112   381.051   420.000     5.771    24.844     0.000
  4043.921   382.356   421.000     5.785    24.844     0.000
  4057.747   383.663   422.000     5.798    24.844     0.000
  4071.588   384.972   423.000     5.812    24.844     0.000
  4085.444   386.282   424.000     5.826    24.844     0.000
  4099.317   387.594   425.000     5.840    24.443     0.000
  4113.205   388.907   426.000     5.854    24.443     0.000
  4127.109   390.222   427.000     5.868    24.443     0.000
  4141.028   391.538   428.000     5.882    24.443     0.000
  4154.963   392.855   429.000     5.896    24.443     0.000
  4168.914   394.174   430.000     5.910    24.053     0.000
  4182.880   395.495   431.000     5.923    24.053     0.000
  4196.862   396.817   432.000     5.937    24.053     0.000
  4210.859   398.140   433.000     5.951    24.053     0.000
  4224.872   399.465   434.000     5.965    23.673     0.000
  4238.901   400.792   435.000     5.979    23.673     0.000
  4252.944   402.120   436.000     5.993    23.673     0.000
  4267.004   403.449   437.000     6.007    23.673     0.000
  4281.079   404.780   438.000     6.021    23.673     0.000
  4295.169   406.112   439.000     6.035    23.303     0.000
  4309.274   407.446   440.000     6.048    23.303     0.000
  4323.395   408.781   441.000     6.062    23.303     0.000
  4337.532   410.117   442.000     6.076    23.303     0.000
  4351.684   411.455   443.000     6.090    23.303     0.000
  4365.851   412.795   444.000     6.104    22.943     0.000
  4380.033   414.136   445.000     6.118    22.943     0.000
  4394.231   415.478   446.000     6.132    22.943     0.000
  4408.444   416.822   447.000     6.146    22.943     0.000
  4422.673   418.168   448.000     6.160    22.943     0.000
  4436.917   419.514   449.000     6.173    22.592     0.000
  4451.176   420.862   450.000     6.187    22.592     0.000
  4465.450   422.212   451.000     6.201    22.592     0.000
  4479.739   423.563   452.000     6.215    22.592     0.000
  4494.044   424.916   453.000     6.229    22.592     0.000
  4508.364   426.270   454.000     6.243    22.249     0.000
  4522.699   427.625   455.000     6.257    22.249     0.000
  4537.049   428.982   456.000     6.271    22.249     0.000
  4551.414   430.340   457.000     6.285    22.249     0.000
  4565.795   431.700   458.000     6.298    21.915     0.000
  4580.190   433.061   459.000     6.312    21.915     0.000
  4594.601   434.423   460.000     6.326    21.915     0.000
  4609.027   435.787   461.000     6.340    21.915     0.000
  4623.468   437.153   462.000     6.354    21.915     0.000
  4637.924   438.520   463.000     6.368    21.590     0.000
  4652.395   439.888   464.000     6.382    21.590     0.000
  4666.880   441.258   465.000     6.396    21.590     0.000
  4681.381   442.629   466.000     6.410    21.590     0.000
  4695.897   444.001   467.000     6.423    21.590     0.000
  4710.428   445.375   468.000     6.437    21.272     0.000
  4724.974   446.750   469.000     6.451    21.272     0.000
  4739.535   448.127   470.000     6.465    21.272     0.000
  4754.111   449.505   471.000     6.479    21.272     0.000
  4768.701   450.885   472.000     6.493    21.272     0.000
  4783.307   452.266   473.000     6.507    20.962     0.000
  4797.927   453.648   474.000     6.521    20.962     0.000
  4812.562   455.032   475.000     6.535    20.962     0.000
  4827.213   456.417   476.000     6.548    20.962     0.000
  4841.878   457.804   477.000     6.562    20.660     0.000
  4856.557   459.192   478.000     6.576    20.660     0.000
  4871.252   460.581   479.000     6.590    20.660     0.000
  4885.961   461.972   480.000     6.604    20.660     0.000
  4900.686   463.364   481.000     6.618    20.660     0.000
  4915.424   464.758   482.000     6.632    20.365     0.000
  4930.178   466.153   483.000     6.646    20.365     0.000
  4944.947   467.549   484.000     6.660    20.365     0.000
  4959.730   468.947   485.000     6.673    20.365     0.000
  4974.527   470.346   486.000     6.687    20.365     0.000
  4989.340   471.746   487.000     6.701    20.076     0.000
  5004.167   473.148   488.000     6.715    20.076     0.000
  5019.009   474.552   489.000     6.729    20.076     0.000
  5033.865   475.956   490.000     6.743    20.076     0.000
  5048.737   477.362   491.000     6.757    20.076     0.000
  5063.622   478.770   492.000     6.771    19.795     0.000
  5078.523   480.179   493.000     6.785    19.795     0.000
  5093.438   481.589   494.000     6.798    19.795     0.000
  5108.367   483.000   495.000     6.812    19.795     0.000
  5123.311   484.413   496.000     6.826    19.520     0.000
  5138.270   485.828   497.000     6.840    19.520     0.000
  5153.243   487.243   498.000     6.854    19.520     0.000
  5168.230   488.661   499.000     6.868    19.520     0.000
  5183.233   490.079   500.000     6.882    19.520     0.000
  5194.672   491.161   500.762     6.892    19.251     0.000
