****************************************************************************************************
----------------------------------------------------------------------------------------------------
Ambient Table:
     Depth   Amb-cur   Amb-dir   Amb-sal   Amb-tem   Amb-pol     Decay   Far-spd   Far-dir   Disprsn
       (m)     (m/s)     (deg)     (psu)       (C)    (mg/L)   (1/day)     (m/s)     (deg)(m0.67/s2)
     0.000     0.020    90.000    30.900    11.200     0.000     0.000     0.020    90.000   0.00030
     3.000     0.020    90.000    31.200    10.400     0.000     0.000     0.020    90.000   0.00030
     6.000     0.020    90.000    31.200     9.690     0.000     0.000     0.020    90.000   0.00030
     9.000     0.020    90.000    31.700     9.440     0.000     0.000     0.020    90.000   0.00030
    12.000     0.020    90.000    31.800     9.340     0.000     0.000     0.020    90.000   0.00030
    15.000     0.050    90.000    31.900     9.220     0.000     0.000     0.020    90.000   0.00030
----------------------------------------------------------------------------------------------------
Diffuser Table:
     P-dia    P-elev   V-angle   H-angle     Ports   Spacing   AcuteMZ   ChrncMZ   P-depth   Ttl-flo   Eff-sal      Temp   Polutnt
       (m)       (m)     (deg)     (deg)       ( )       (m)       (m)       (m)       (m)     (cms)     (psu)       (C)    (mg/L)
      0.40     15.00    -45.00     90.00      1.00      0.00     20.70    207.00      2.00      0.01     35.00     10.00 100000.00
----------------------------------------------------------------------------------------------------
Simulation Results:
              Dilutn     P-dia    x-posn    y-posn     Depth    CL-Dil  Amb-Curr    P-Temp     P-Sal    P-Con.     P-Den   Net-Dil      Time
      Step (FluxAvg)       (m)       (m)       (m)       (m)        ()     (m/s)       (C)     (psu)    (mg/L)   (kg/m3)        ()       (s)
         1     1.010     0.314     0.000     0.010    -2.011     1.000     0.020    10.006    34.963 99053.786  1026.945     1.010     0.218
         2     1.012     0.304     0.000     0.011    -2.013     1.000     0.020    10.008    34.956 98859.686  1026.938     1.012     0.241
         3     1.014     0.304     0.000     0.012    -2.014     1.000     0.020    10.009    34.946 98622.882  1026.931     1.014     0.268
         4     1.017     0.303     0.000     0.014    -2.016     1.000     0.020    10.011    34.937 98370.473  1026.923     1.017     0.295
         5     1.019     0.303     0.000     0.015    -2.017     1.000     0.020    10.013    34.926 98102.716  1026.915     1.019     0.323
         6     1.022     0.302     0.000     0.016    -2.019     1.000     0.020    10.014    34.915 97818.528  1026.906     1.022     0.352
         7     1.025     0.302     0.000     0.017    -2.020     1.000     0.020    10.016    34.903 97516.634  1026.896     1.025     0.381
         8     1.029     0.301     0.000     0.019    -2.022     1.000     0.020    10.019    34.891 97201.938  1026.886     1.029     0.410
         9     1.032     0.301     0.000     0.020    -2.024     1.000     0.020    10.021    34.879 96878.261  1026.876     1.032     0.441
        10     1.036     0.300     0.000     0.022    -2.026     1.000     0.020    10.023    34.866 96545.640  1026.866     1.036     0.472
        11     1.039     0.300     0.000     0.023    -2.027     1.000     0.020    10.025    34.852 96203.742  1026.855     1.039     0.504
        12     1.043     0.299     0.000     0.024    -2.029     1.000     0.020    10.027    34.839 95852.223  1026.844     1.043     0.536
        13     1.047     0.299     0.000     0.026    -2.031     1.000     0.020    10.030    34.825 95490.724  1026.833     1.047     0.570
        14     1.051     0.298     0.000     0.027    -2.033     1.000     0.020    10.032    34.810 95118.867  1026.821     1.051     0.604
        15     1.056     0.298     0.000     0.029    -2.036     1.000     0.020    10.035    34.795 94736.259  1026.809     1.056     0.639
        16     1.060     0.297     0.000     0.031    -2.038     1.000     0.020    10.037    34.780 94342.486  1026.796     1.060     0.674
        17     1.065     0.297     0.000     0.032    -2.040     1.000     0.020    10.040    34.764 93937.115  1026.784     1.065     0.711
        18     1.069     0.296     0.000     0.034    -2.043     1.000     0.020    10.043    34.748 93519.694  1026.771     1.069     0.748
        19     1.074     0.296     0.000     0.036    -2.045     1.000     0.020    10.046    34.731 93089.745  1026.757     1.074     0.787
        20     1.079     0.296     0.000     0.037    -2.048     1.000     0.020    10.048    34.714 92646.770  1026.743     1.079     0.826
        21     1.085     0.295     0.000     0.039    -2.050     1.000     0.020    10.051    34.696 92190.246  1026.729     1.085     0.867
        22     1.090     0.295     0.000     0.041    -2.053     1.000     0.020    10.054    34.678 91719.622  1026.714     1.090     0.908
        23     1.096     0.295     0.000     0.043    -2.056     1.000     0.020    10.058    34.659 91234.322  1026.699     1.096     0.951
        24     1.102     0.294     0.000     0.045    -2.059     1.000     0.020    10.061    34.640 90733.739  1026.683     1.102     0.995
        25     1.108     0.294     0.000     0.047    -2.062     1.000     0.020    10.064    34.620 90217.237  1026.667     1.108     1.040
        26     1.115     0.294     0.000     0.049    -2.066     1.000     0.020    10.068    34.599 89684.144  1026.650     1.115     1.087
        27     1.122     0.293     0.000     0.051    -2.069     1.000     0.020    10.071    34.578 89133.756  1026.633     1.122     1.135
        28     1.129     0.293     0.000     0.053    -2.073     1.000     0.020    10.075    34.556 88565.331  1026.615     1.129     1.184
        29     1.137     0.293     0.000     0.055    -2.076     1.000     0.020    10.079    34.533 87978.089  1026.597     1.137     1.235
        30     1.145     0.293     0.000     0.057    -2.080     1.000     0.020    10.083    34.509 87371.208  1026.578     1.145     1.288
        31     1.153     0.293     0.000     0.060    -2.084     1.000     0.020    10.087    34.485 86743.821  1026.558     1.153     1.343
        32     1.162     0.293     0.000     0.062    -2.089     1.000     0.020    10.091    34.460 86095.016  1026.538     1.162     1.399
        33     1.171     0.293     0.000     0.065    -2.093     1.000     0.020    10.095    34.434 85423.829  1026.517     1.171     1.457
        34     1.180     0.293     0.000     0.067    -2.098     1.000     0.020    10.100    34.407 84729.243  1026.495     1.180     1.517
        35     1.190     0.293     0.000     0.070    -2.103     1.000     0.020    10.104    34.379 84009.614  1026.472     1.190     1.580
        36     1.201     0.293     0.000     0.073    -2.108     1.000     0.020    10.109    34.350 83262.705  1026.449     1.201     1.645
        37     1.212     0.293     0.000     0.075    -2.113     1.000     0.020    10.114    34.320 82486.973  1026.424     1.212     1.712
        38     1.224     0.293     0.000     0.078    -2.119     1.000     0.020    10.119    34.288 81681.045  1026.399     1.224     1.782
        39     1.237     0.294     0.000     0.081    -2.125     1.000     0.020    10.124    34.256 80843.539  1026.373     1.237     1.855
        40     1.250     0.294     0.000     0.084    -2.131     1.000     0.020    10.130    34.222 79973.005  1026.346     1.250     1.931
        41     1.265     0.295     0.000     0.088    -2.138     1.000     0.020    10.135    34.187 79067.910  1026.317     1.265     2.011
        42     1.280     0.295     0.000     0.091    -2.145     1.000     0.020    10.141    34.151 78126.631  1026.288     1.280     2.094
        43     1.296     0.296     0.000     0.094    -2.152     1.000     0.020    10.147    34.113 77147.451  1026.257     1.296     2.181
        44     1.314     0.297     0.000     0.098    -2.160     1.000     0.020    10.154    34.073 76128.546  1026.226     1.314     2.272
        45     1.332     0.298     0.000     0.102    -2.169     1.000     0.020    10.160    34.032 75067.984  1026.192     1.332     2.368
        46     1.352     0.299     0.000     0.106    -2.178     1.000     0.020    10.167    33.989 73963.711  1026.158     1.352     2.468
        47     1.373     0.300     0.000     0.110    -2.187     1.000     0.020    10.174    33.945 72813.541  1026.122     1.373     2.574
        48     1.396     0.301     0.000     0.114    -2.197     1.000     0.020    10.182    33.898 71615.144  1026.085     1.396     2.686
        49     1.421     0.303     0.000     0.119    -2.208     1.000     0.020    10.189    33.850 70366.035  1026.046     1.421     2.805
        50     1.448     0.305     0.000     0.124    -2.220     1.000     0.020    10.197    33.799 69063.552  1026.005     1.448     2.931
        51     1.477     0.307     0.000     0.129    -2.232     1.000     0.020    10.205    33.747 67706.574  1025.963     1.477     3.064
        52     1.507     0.309     0.000     0.134    -2.245     1.000     0.020    10.213    33.695 66376.314  1025.921     1.507     3.197
        53     1.537     0.311     0.000     0.139    -2.258     1.000     0.020    10.221    33.645 65072.243  1025.881     1.537     3.331
        54     1.568     0.313     0.000     0.143    -2.270     1.000     0.020    10.228    33.596 63793.845  1025.841     1.568     3.465
        55     1.599     0.315     0.000     0.148    -2.283     1.000     0.020    10.235    33.547 62540.611  1025.802     1.599     3.599
        56     1.631     0.318     0.000     0.153    -2.296     1.000     0.020    10.242    33.500 61312.045  1025.764     1.631     3.733
        57     1.664     0.320     0.000     0.158    -2.310     1.000     0.020    10.249    33.453 60107.658  1025.726     1.664     3.868
        58     1.697     0.323     0.000     0.163    -2.323     1.000     0.020    10.256    33.408 58926.974  1025.690     1.697     4.004
        59     1.731     0.325     0.000     0.168    -2.336     1.000     0.020    10.262    33.363 57769.525  1025.654     1.731     4.140
        60     1.766     0.328     0.000     0.172    -2.350     1.000     0.020    10.269    33.319 56634.850  1025.619     1.766     4.278
        61     1.801     0.331     0.000     0.177    -2.363     1.000     0.020    10.275    33.276 55522.502  1025.585     1.801     4.416
        62     1.837     0.334     0.000     0.182    -2.377     1.000     0.020    10.280    33.234 54432.038  1025.551     1.837     4.554
        63     1.874     0.337     0.000     0.187    -2.391     1.000     0.020    10.286    33.193 53363.027  1025.518     1.874     4.694
        64     1.911     0.340     0.000     0.191    -2.405     1.000     0.020    10.292    33.153 52315.045  1025.486     1.911     4.835
        65     1.950     0.343     0.000     0.196    -2.419     1.000     0.020    10.297    33.113 51287.678  1025.454     1.950     4.977
        66     1.989     0.347     0.000     0.201    -2.434     1.000     0.020    10.302    33.075 50280.518  1025.423     1.989     5.120
        67     2.029     0.350     0.000     0.206    -2.448     1.014     0.020    10.307    33.037 49293.168  1025.393     2.029     5.265
        68     2.069     0.353     0.000     0.210    -2.463     1.035     0.020    10.312    33.000 48325.235  1025.363     2.069     5.410
        69     2.111     0.357     0.000     0.215    -2.477     1.055     0.020    10.316    32.963 47376.338  1025.334     2.111     5.557
        70     2.153     0.361     0.000     0.220    -2.492     1.077     0.020    10.321    32.928 46446.100  1025.305     2.153     5.705
        71     2.196     0.364     0.000     0.225    -2.507     1.098     0.020    10.325    32.893 45534.154  1025.278     2.196     5.855
        72     2.240     0.368     0.000     0.229    -2.523     1.120     0.020    10.329    32.859 44640.139  1025.250     2.240     6.006
        73     2.285     0.372     0.000     0.234    -2.538     1.142     0.020    10.333    32.825 43763.701  1025.223     2.285     6.159
        74     2.331     0.376     0.000     0.239    -2.553     1.165     0.020    10.337    32.792 42904.494  1025.197     2.331     6.313
        75     2.377     0.379     0.000     0.244    -2.569     1.189     0.020    10.341    32.760 42062.179  1025.172     2.377     6.469
        76     2.425     0.383     0.000     0.249    -2.585     1.213     0.020    10.344    32.729 41236.422  1025.147     2.425     6.627
        77     2.474     0.388     0.000     0.254    -2.601     1.237     0.020    10.348    32.698 40426.896  1025.122     2.474     6.786
        78     2.523     0.392     0.000     0.259    -2.617     1.262     0.020    10.351    32.668 39633.283  1025.098     2.523     6.948
        79     2.574     0.396     0.000     0.263    -2.633     1.287     0.020    10.354    32.638 38855.269  1025.075     2.574     7.111
        80     2.625     0.400     0.000     0.268    -2.650     1.313     0.020    10.357    32.609 38092.546  1025.052     2.625     7.275
        81     2.678     0.405     0.000     0.273    -2.666     1.339     0.020    10.359    32.581 37344.813  1025.029     2.678     7.442
        82     2.731     0.409     0.000     0.278    -2.683     1.366     0.020    10.362    32.553 36611.774  1025.007     2.731     7.611
        83     2.786     0.414     0.000     0.283    -2.700     1.393     0.020    10.365    32.526 35893.141  1024.985     2.786     7.782
        84     2.842     0.418     0.000     0.288    -2.717     1.421     0.020    10.367    32.499 35188.630  1024.964     2.842     7.955
        85     2.899     0.423     0.000     0.294    -2.734     1.449     0.020    10.369    32.473 34497.962  1024.944     2.899     8.129
        86     2.957     0.428     0.000     0.299    -2.752     1.478     0.020    10.371    32.448 33820.865  1024.923     2.957     8.307
        87     3.016     0.432     0.000     0.304    -2.769     1.508     0.020    10.373    32.423 33157.071  1024.904     3.016     8.486
        88     3.076     0.437     0.000     0.309    -2.787     1.538     0.020    10.375    32.398 32506.319  1024.884     3.076     8.668
        89     3.138     0.442     0.000     0.314    -2.805     1.569     0.020    10.377    32.374 31868.353  1024.865     3.138     8.852
        90     3.201     0.447     0.000     0.319    -2.823     1.600     0.020    10.378    32.351 31242.919  1024.847     3.201     9.038
        91     3.265     0.452     0.000     0.325    -2.842     1.632     0.020    10.380    32.328 30629.772  1024.829     3.265     9.227
        92     3.330     0.458     0.000     0.330    -2.860     1.665     0.020    10.381    32.305 30028.670  1024.811     3.330     9.418
        93     3.397     0.463     0.000     0.335    -2.879     1.698     0.020    10.382    32.283 29439.376  1024.794     3.397     9.611
        94     3.465     0.468     0.000     0.341    -2.898     1.732     0.020    10.383    32.262 28861.657  1024.777     3.465     9.808
        95     3.534     0.474     0.000     0.346    -2.917     1.767     0.020    10.384    32.241 28295.285  1024.760     3.534    10.007
        96     3.605     0.479     0.000     0.352    -2.936     1.802     0.020    10.385    32.220 27740.038  1024.744     3.605    10.208
        97     3.677     0.485     0.000     0.357    -2.956     1.839     0.020    10.386    32.200 27195.697  1024.728     3.677    10.413
        98     3.751     0.491     0.000     0.363    -2.976     1.875     0.020    10.386    32.180 26662.046  1024.713     3.751    10.620
        99     3.826     0.496     0.000     0.369    -2.995     1.913     0.020    10.387    32.161 26138.875  1024.698     3.826    10.830
       100     3.902     0.502     0.000     0.374    -3.016     1.951     0.020    10.387    32.142 25625.979  1024.683     3.902    11.043
       101     3.980     0.508     0.000     0.380    -3.036     1.990     0.020    10.388    32.124 25123.156  1024.669     3.980    11.259
       102     4.060     0.514     0.000     0.386    -3.056     2.030     0.020    10.388    32.106 24630.206  1024.655     4.060    11.478
       103     4.141     0.521     0.000     0.392    -3.077     2.071     0.020    10.388    32.088 24146.935  1024.641     4.141    11.700
       104     4.224     0.527     0.000     0.397    -3.098     2.112     0.020    10.388    32.070 23673.153  1024.627     4.224    11.925
       105     4.309     0.533     0.000     0.403    -3.119     2.154     0.020    10.388    32.053 23208.674  1024.614     4.309    12.153
       106     4.395     0.539     0.000     0.409    -3.140     2.197     0.020    10.387    32.037 22753.313  1024.601     4.395    12.384
       107     4.483     0.546     0.000     0.416    -3.162     2.241     0.020    10.387    32.020 22306.894  1024.588     4.483    12.619
       108     4.573     0.553     0.000     0.422    -3.184     2.286     0.020    10.387    32.004 21869.238  1024.576     4.573    12.858
       109     4.664     0.559     0.000     0.428    -3.206     2.332     0.020    10.386    31.988 21440.175  1024.564     4.664    13.099
       110     4.757     0.566     0.000     0.434    -3.228     2.379     0.020    10.386    31.973 21019.535  1024.552     4.757    13.344
       111     4.853     0.573     0.000     0.440    -3.250     2.426     0.020    10.385    31.958 20607.152  1024.540     4.853    13.593
       112     4.950     0.580     0.000     0.447    -3.273     2.475     0.020    10.384    31.943 20202.865  1024.529     4.950    13.845
       113     5.049     0.587     0.000     0.453    -3.296     2.524     0.020    10.383    31.928 19806.515  1024.518     5.049    14.101
       114     5.150     0.594     0.000     0.460    -3.319     2.575     0.020    10.382    31.914 19417.944  1024.507     5.150    14.360
       115     5.253     0.601     0.000     0.466    -3.342     2.626     0.020    10.381    31.900 19037.001  1024.496     5.253    14.623
       116     5.358     0.609     0.000     0.473    -3.366     2.679     0.020    10.380    31.886 18663.536  1024.485     5.358    14.891
       117     5.465     0.616     0.000     0.480    -3.390     2.733     0.020    10.379    31.873 18297.401  1024.475     5.465    15.162
       118     5.575     0.624     0.000     0.486    -3.414     2.787     0.020    10.378    31.860 17938.452  1024.465     5.575    15.436
       119     5.686     0.631     0.000     0.493    -3.438     2.843     0.020    10.376    31.847 17586.549  1024.455     5.686    15.715
       120     5.800     0.639     0.000     0.500    -3.463     2.900     0.020    10.375    31.834 17241.553  1024.446     5.800    15.998
       121     5.916     0.647     0.000     0.507    -3.487     2.958     0.020    10.373    31.822 16903.329  1024.436     5.916    16.286
       122     6.034     0.655     0.000     0.514    -3.512     3.017     0.020    10.372    31.809 16571.742  1024.427     6.034    16.577
       123     6.155     0.663     0.000     0.522    -3.538     3.078     0.020    10.370    31.797 16246.663  1024.418     6.155    16.873
       124     6.278     0.671     0.000     0.529    -3.563     3.139     0.020    10.368    31.786 15927.964  1024.409     6.278    17.173
       125     6.404     0.679     0.000     0.536    -3.589     3.202     0.020    10.366    31.774 15615.520  1024.401     6.404    17.477
       126     6.532     0.688     0.000     0.544    -3.615     3.266     0.020    10.365    31.763 15309.207  1024.392     6.532    17.786
       127     6.663     0.696     0.000     0.551    -3.641     3.331     0.020    10.362    31.752 15008.906  1024.384     6.663    18.099
       128     6.796     0.705     0.000     0.559    -3.668     3.398     0.020    10.360    31.741 14714.498  1024.376     6.796    18.418
       129     6.932     0.713     0.000     0.566    -3.694     3.466     0.020    10.358    31.731 14425.867  1024.368     6.932    18.740
       130     7.071     0.722     0.000     0.574    -3.721     3.535     0.020    10.356    31.720 14142.901  1024.360     7.071    19.068
       131     7.212     0.731     0.000     0.582    -3.749     3.606     0.020    10.354    31.710 13865.487  1024.353     7.212    19.401
       132     7.356     0.740     0.000     0.590    -3.776     3.678     0.020    10.351    31.700 13593.517  1024.346     7.356    19.738
       133     7.504     0.750     0.000     0.598    -3.804     3.752     0.020    10.349    31.690 13326.884  1024.338     7.504    20.081
       134     7.654     0.759     0.000     0.606    -3.832     3.827     0.020    10.346    31.681 13065.483  1024.331     7.654    20.428
       135     7.807     0.768     0.000     0.614    -3.861     3.903     0.020    10.343    31.671 12809.211  1024.324     7.807    20.781
       136     7.963     0.778     0.000     0.623    -3.889     3.982     0.020    10.341    31.662 12557.968  1024.318     7.963    21.139
       137     8.122     0.788     0.000     0.631    -3.918     4.061     0.020    10.338    31.653 12311.654  1024.311     8.122    21.503
       138     8.285     0.798     0.000     0.640    -3.947     4.142     0.020    10.335    31.644 12070.173  1024.305     8.285    21.872
       139     8.451     0.808     0.000     0.648    -3.977     4.225     0.020    10.332    31.635 11833.431  1024.298     8.451    22.247
       140     8.620     0.818     0.000     0.657    -4.007     4.310     0.020    10.329    31.627 11601.334  1024.292     8.620    22.627
       141     8.792     0.828     0.000     0.666    -4.037     4.396     0.020    10.326    31.618 11373.790  1024.286     8.792    23.013
       142     8.968     0.839     0.000     0.675    -4.067     4.484     0.020    10.322    31.610 11150.711  1024.281     8.968    23.405
       143     9.147     0.849     0.000     0.684    -4.098     4.574     0.020    10.319    31.602 10932.009  1024.275     9.147    23.803
       144     9.330     0.860     0.000     0.693    -4.129     4.665     0.020    10.316    31.594 10717.597  1024.269     9.330    24.207
       145     9.517     0.871     0.000     0.703    -4.160     4.759     0.020    10.312    31.586 10507.393  1024.264     9.517    24.617
       146     9.708     0.882     0.000     0.712    -4.191     4.854     0.020    10.309    31.579 10301.312  1024.259     9.708    25.033
       147     9.902     0.893     0.000     0.722    -4.223     4.951     0.020    10.305    31.571 10099.275  1024.253     9.902    25.455
       148    10.100     0.905     0.000     0.731    -4.255     5.050     0.020    10.302    31.564  9901.201  1024.248    10.100    25.885
       149    10.302     0.916     0.000     0.741    -4.288     5.151     0.020    10.298    31.557  9707.013  1024.243    10.302    26.320
       150    10.508     0.928     0.000     0.751    -4.320     5.254     0.020    10.294    31.550  9516.635  1024.239    10.508    26.763
       151    10.718     0.940     0.000     0.761    -4.353     5.359     0.020    10.290    31.543  9329.991  1024.234    10.718    27.212
       152    10.933     0.952     0.000     0.771    -4.387     5.466     0.020    10.286    31.536  9147.010  1024.229    10.933    27.668
       153    11.151     0.964     0.000     0.782    -4.420     5.576     0.020    10.282    31.530  8967.617  1024.225    11.151    28.131
       154    11.374     0.976     0.000     0.792    -4.454     5.687     0.020    10.278    31.523  8791.745  1024.221    11.374    28.601
       155    11.602     0.989     0.000     0.803    -4.489     5.801     0.020    10.274    31.517  8619.322  1024.216    11.602    29.079
       156    11.834     1.002     0.000     0.814    -4.523     5.917     0.020    10.269    31.511  8450.282  1024.212    11.834    29.564
       157    12.071     1.015     0.000     0.824    -4.558     6.035     0.020    10.265    31.505  8284.557  1024.208    12.071    30.056
       158    12.312     1.028     0.000     0.836    -4.593     6.156     0.020    10.261    31.499  8122.084  1024.204    12.312    30.557
       159    12.558     1.041     0.000     0.847    -4.629     6.279     0.020    10.256    31.493  7962.798  1024.200    12.558    31.065
       160    12.810     1.055     0.000     0.858    -4.665     6.405     0.020    10.252    31.487  7806.636  1024.197    12.810    31.581
       161    13.066     1.068     0.000     0.870    -4.701     6.533     0.020    10.247    31.482  7653.538  1024.193    13.066    32.105
       162    13.327     1.082     0.000     0.881    -4.737     6.664     0.020    10.242    31.476  7503.443  1024.190    13.327    32.637
       163    13.594     1.096     0.000     0.893    -4.774     6.797     0.020    10.237    31.471  7356.292  1024.186    13.594    33.178
       164    13.866     1.111     0.000     0.905    -4.811     6.933     0.020    10.233    31.465  7212.028  1024.183    13.866    33.727
       165    14.143     1.125     0.000     0.917    -4.849     7.072     0.020    10.228    31.460  7070.593  1024.180    14.143    34.285
       166    14.426     1.140     0.000     0.930    -4.887     7.213     0.020    10.223    31.455  6931.933  1024.177    14.426    34.852
       167    14.715     1.155     0.000     0.942    -4.925     7.357     0.020    10.217    31.450  6795.993  1024.174    14.715    35.428
       168    15.009     1.171     0.000     0.955    -4.963     7.504     0.020    10.212    31.445  6662.719  1024.171    15.009    36.013
       169    15.309     1.186     0.000     0.968    -5.002     7.655     0.020    10.207    31.440  6532.059  1024.168    15.309    36.607
       170    15.615     1.202     0.000     0.981    -5.041     7.808     0.020    10.202    31.436  6403.962  1024.165    15.615    37.211
       171    15.928     1.218     0.000     0.994    -5.081     7.964     0.020    10.196    31.431  6278.377  1024.162    15.928    37.825
       172    16.246     1.234     0.000     1.008    -5.120     8.123     0.020    10.191    31.426  6155.256  1024.160    16.246    38.448
       173    16.571     1.251     0.000     1.022    -5.161     8.286     0.020    10.185    31.422  6034.550  1024.157    16.571    39.082
       174    16.903     1.268     0.000     1.035    -5.201     8.451     0.020    10.180    31.418  5916.211  1024.155    16.903    39.725
       175    17.241     1.285     0.000     1.049    -5.242     8.620     0.020    10.174    31.413  5800.194  1024.152    17.241    40.380
       176    17.586     1.302     0.000     1.064    -5.283     8.793     0.020    10.168    31.409  5686.452  1024.150    17.586    41.045
       177    17.937     1.320     0.000     1.078    -5.325     8.969     0.020    10.162    31.405  5574.941  1024.148    17.937    41.720
       178    18.296     1.338     0.000     1.093    -5.366     9.148     0.020    10.156    31.401  5465.617  1024.146    18.296    42.407
       179    18.662     1.356     0.000     1.108    -5.409     9.331     0.020    10.150    31.397  5358.437  1024.144    18.662    43.105
       180    19.035     1.375     0.000     1.123    -5.451     9.518     0.020    10.144    31.393  5253.359  1024.142    19.035    43.815
       181    19.416     1.394     0.000     1.138    -5.494     9.708     0.020    10.138    31.389  5150.342  1024.140    19.416    44.536
       182    19.805     1.413     0.000     1.154    -5.537     9.902     0.020    10.132    31.386  5049.346  1024.138    19.805    45.270
       183    20.201     1.433     0.000     1.170    -5.581    10.100     0.020    10.126    31.382  4950.331  1024.136    20.201    46.015
       184    20.605     1.452     0.000     1.186    -5.625    10.302     0.020    10.119    31.379  4853.257  1024.134    20.605    46.773
       185    21.017     1.473     0.000     1.203    -5.669    10.508     0.020    10.113    31.375  4758.088  1024.133    21.017    47.544
       186    21.437     1.493     0.000     1.219    -5.714    10.719     0.020    10.106    31.372  4664.785  1024.131    21.437    48.328
       187    21.866     1.514     0.000     1.236    -5.758    10.933     0.020    10.100    31.368  4573.311  1024.129    21.866    49.125
       188    22.303     1.536     0.000     1.253    -5.804    11.152     0.020    10.093    31.365  4483.632  1024.128    22.303    49.935
       189    22.749     1.558     0.000     1.271    -5.849    11.375     0.020    10.086    31.362  4395.712  1024.127    22.749    50.759
       190    23.204     1.580     0.000     1.288    -5.895    11.602     0.020    10.079    31.359  4309.516  1024.125    23.204    51.597
       191    23.669     1.603     0.000     1.306    -5.941    11.834     0.020    10.072    31.355  4225.010  1024.124    23.669    52.450
       192    24.142     1.626     0.000     1.325    -5.988    12.071     0.020    10.065    31.352  4142.162  1024.123    24.142    53.317
       193    24.625     1.649     0.000     1.343    -6.035    12.312     0.020    10.058    31.349  4060.939  1024.122    24.625    54.199
       194    25.117     1.673     0.000     1.362    -6.082    12.559     0.020    10.051    31.346  3981.308  1024.121    25.117    55.097
       195    25.620     1.698     0.000     1.381    -6.129    12.810     0.020    10.044    31.344  3903.239  1024.120    25.620    56.010
       196    26.132     1.723     0.000     1.401    -6.177    13.066     0.020    10.037    31.341  3826.702  1024.119    26.132    56.940
       197    26.655     1.750     0.000     1.421    -6.225    13.327     0.020    10.030    31.339  3751.666  1024.118    26.655    57.885
       198    27.188     1.778     0.000     1.441    -6.273    13.594     0.020    10.023    31.337  3678.102  1024.118    27.188    58.847
       199    27.732     1.807     0.000     1.461    -6.320    13.866     0.020    10.016    31.335  3605.981  1024.117    27.732    59.824
       200    28.286     1.837     0.000     1.482    -6.368    14.143     0.020    10.009    31.333  3535.275  1024.117    28.286    60.820
       201    28.852     1.869     0.000     1.503    -6.416    14.426     0.020    10.002    31.331  3465.956  1024.117    28.852    61.833
---------------------------- Plume traps -----------------------------
       202    29.429     1.903     0.000     1.525    -6.464    14.715     0.020     9.996    31.330  3397.996  1024.117    29.429    62.864
       203    29.997     1.937     0.000     1.546    -6.510    14.998     0.020     9.989    31.329  3333.682  1024.117    29.997    63.878
       204    30.528     1.972     0.000     1.566    -6.552    15.264     0.020     9.983    31.328  3275.664  1024.117    30.528    64.822
       205    31.026     2.004     0.000     1.584    -6.591    15.513     0.020     9.978    31.327  3223.117  1024.118    31.026    65.700
       206    31.491     2.036     0.000     1.601    -6.626    15.746     0.020     9.973    31.327  3175.485  1024.118    31.491    66.517
       207    31.930     2.067     0.000     1.617    -6.658    15.965     0.020     9.968    31.326  3131.830  1024.118    31.930    67.285
       208    32.346     2.097     0.000     1.632    -6.688    16.173     0.020     9.964    31.326  3091.568  1024.119    32.346    68.010
       209    32.742     2.126     0.000     1.646    -6.715    16.371     0.020     9.960    31.326  3054.166  1024.119    32.742    68.697
       210    33.121     2.154     0.000     1.660    -6.741    16.560     0.020     9.956    31.326  3019.251  1024.120    33.121    69.352
       211    33.484     2.181     0.000     1.673    -6.766    16.742     0.020     9.953    31.326  2986.504  1024.120    33.484    69.978
       212    33.833     2.208     0.000     1.685    -6.789    16.917     0.020     9.950    31.326  2955.676  1024.121    33.833    70.577
       213    34.170     2.235     0.000     1.697    -6.810    17.085     0.020     9.946    31.326  2926.555  1024.121    34.170    71.152
       214    34.495     2.261     0.000     1.709    -6.831    17.248     0.020     9.943    31.326  2898.963  1024.122    34.495    71.705
       215    34.810     2.286     0.000     1.720    -6.850    17.405     0.020     9.940    31.326  2872.750  1024.123    34.810    72.237
       216    35.115     2.312     0.000     1.731    -6.868    17.558     0.020     9.938    31.326  2847.784  1024.123    35.115    72.751
       217    35.411     2.336     0.000     1.741    -6.886    17.706     0.020     9.935    31.326  2823.951  1024.124    35.411    73.247
       218    35.700     2.361     0.000     1.751    -6.902    17.850     0.020     9.932    31.326  2801.152  1024.124    35.700    73.727
       219    35.980     2.385     0.000     1.760    -6.918    17.990     0.020     9.930    31.326  2779.299  1024.125    35.980    74.191
       220    36.254     2.408     0.000     1.770    -6.933    18.127     0.020     9.928    31.327  2758.315  1024.125    36.254    74.641
       221    36.521     2.432     0.000     1.779    -6.948    18.261     0.020     9.925    31.327  2738.130  1024.126    36.521    75.078
------------------------- merging happened ---------------------------
       222    36.774     2.455     0.000     1.788    -6.961    18.387     0.020     9.923    31.327  2719.313  1024.126    36.774    75.502
       223    37.015     2.477     0.000     1.796    -6.975    18.508     0.020     9.921    31.327  2701.604  1024.127    37.015    75.920
       224    37.245     2.498     0.000     1.805    -6.988    18.622     0.020     9.919    31.327  2684.958  1024.127    37.245    76.332
       225    37.464     2.520     0.000     1.813    -7.000    18.732     0.020     9.917    31.328  2669.224  1024.128    37.464    76.741
       226    37.673     2.540     0.000     1.822    -7.012    18.837     0.020     9.916    31.328  2654.390  1024.128    37.673    77.144
       227    37.873     2.561     0.000     1.830    -7.024    18.937     0.020     9.914    31.328  2640.379  1024.129    37.873    77.543
       228    38.064     2.581     0.000     1.838    -7.036    19.032     0.020     9.912    31.328  2627.163  1024.129    38.064    77.936
       229    38.246     2.600     0.000     1.846    -7.047    19.123     0.020     9.911    31.328  2614.685  1024.129    38.246    78.323
       230    38.419     2.620     0.000     1.854    -7.058    19.209     0.020     9.910    31.329  2602.909  1024.130    38.419    78.705
       231    38.583     2.638     0.000     1.862    -7.069    19.292     0.020     9.908    31.329  2591.789  1024.130    38.583    79.081
       232    38.740     2.657     0.000     1.869    -7.079    19.370     0.020     9.907    31.329  2581.288  1024.130    38.740    79.452
       233    38.890     2.675     0.000     1.877    -7.089    19.445     0.020     9.906    31.329  2571.367  1024.131    38.890    79.817
       234    39.032     2.693     0.000     1.884    -7.099    19.516     0.020     9.905    31.329  2561.991  1024.131    39.032    80.176
       235    39.168     2.710     0.000     1.892    -7.108    19.584     0.020     9.904    31.330  2553.128  1024.131    39.168    80.530
       236    39.297     2.727     0.000     1.899    -7.117    19.648     0.020     9.903    31.330  2544.744  1024.132    39.297    80.877
       237    39.420     2.744     0.000     1.906    -7.126    19.710     0.020     9.902    31.330  2536.811  1024.132    39.420    81.220
       238    39.537     2.761     0.000     1.913    -7.134    19.768     0.020     9.901    31.330  2529.301  1024.132    39.537    81.556
       239    39.648     2.777     0.000     1.920    -7.143    19.824     0.020     9.900    31.330  2522.187  1024.133    39.648    81.887
       240    39.754     2.793     0.000     1.926    -7.151    19.877     0.020     9.899    31.330  2515.444  1024.133    39.754    82.213
       241    39.856     2.808     0.000     1.933    -7.159    19.928     0.020     9.898    31.331  2509.051  1024.133    39.856    82.533
       242    39.952     2.824     0.000     1.939    -7.166    19.976     0.020     9.898    31.331  2502.984  1024.133    39.952    82.848
       243    40.044     2.839     0.000     1.946    -7.173    20.022     0.020     9.897    31.331  2497.224  1024.133    40.044    83.158
       244    40.132     2.854     0.000     1.952    -7.181    20.066     0.020     9.896    31.331  2491.751  1024.134    40.132    83.462
       245    40.216     2.869     0.000     1.958    -7.187    20.108     0.020     9.896    31.331  2486.549  1024.134    40.216    83.761
       246    40.297     2.883     0.000     1.964    -7.194    20.148     0.020     9.895    31.331  2481.600  1024.134    40.297    84.056
       247    40.373     2.897     0.000     1.970    -7.200    20.187     0.020     9.894    31.331  2476.890  1024.134    40.373    84.346
       248    40.446     2.911     0.000     1.976    -7.207    20.223     0.020     9.894    31.331  2472.403  1024.134    40.446    84.630
       249    40.517     2.925     0.000     1.982    -7.213    20.258     0.020     9.893    31.332  2468.127  1024.135    40.517    84.911
       250    40.584     2.938     0.000     1.988    -7.219    20.292     0.020     9.893    31.332  2464.049  1024.135    40.584    85.186
       251    40.648     2.952     0.000     1.993    -7.224    20.324     0.020     9.892    31.332  2460.156  1024.135    40.648    85.458
       252    40.709     2.965     0.000     1.999    -7.230    20.355     0.020     9.892    31.332  2456.439  1024.135    40.709    85.725
       253    40.768     2.978     0.000     2.004    -7.235    20.384     0.020     9.892    31.332  2452.887  1024.135    40.768    85.987
       254    40.825     2.990     0.000     2.010    -7.241    20.412     0.020     9.891    31.332  2449.491  1024.135    40.825    86.246
       255    40.879     3.003     0.000     2.015    -7.246    20.440     0.020     9.891    31.332  2446.242  1024.136    40.879    86.501
       256    40.931     3.015     0.000     2.020    -7.251    20.466     0.020     9.890    31.332  2443.131  1024.136    40.931    86.751
       257    40.981     3.028     0.000     2.025    -7.255    20.491     0.020     9.890    31.332  2440.151  1024.136    40.981    86.998
       258    41.029     3.040     0.000     2.030    -7.260    20.515     0.020     9.890    31.333  2437.294  1024.136    41.029    87.242
       259    41.075     3.051     0.000     2.035    -7.264    20.538     0.020     9.889    31.333  2434.555  1024.136    41.075    87.481
       260    41.120     3.063     0.000     2.040    -7.269    20.560     0.020     9.889    31.333  2431.926  1024.136    41.120    87.717
       261    41.162     3.074     0.000     2.045    -7.273    20.581     0.020     9.889    31.333  2429.401  1024.136    41.162    87.950
       262    41.204     3.086     0.000     2.050    -7.277    20.602     0.020     9.888    31.333  2426.976  1024.136    41.204    88.179
       263    41.243     3.097     0.000     2.054    -7.281    20.622     0.020     9.888    31.333  2424.645  1024.137    41.243    88.405
       264    41.281     3.108     0.000     2.059    -7.285    20.641     0.020     9.888    31.333  2422.404  1024.137    41.281    88.628
       265    41.318     3.119     0.000     2.063    -7.289    20.659     0.020     9.887    31.333  2420.247  1024.137    41.318    88.848
       266    41.354     3.130     0.000     2.068    -7.293    20.677     0.020     9.887    31.333  2418.170  1024.137    41.354    89.065
       267    41.388     3.140     0.000     2.072    -7.296    20.694     0.020     9.887    31.333  2416.170  1024.137    41.388    89.279
       268    41.421     3.151     0.000     2.077    -7.300    20.710     0.020     9.887    31.333  2414.243  1024.137    41.421    89.490
       269    41.453     3.161     0.000     2.081    -7.303    20.726     0.020     9.886    31.333  2412.385  1024.137    41.453    89.699
       270    41.484     3.171     0.000     2.085    -7.306    20.742     0.020     9.886    31.333  2410.593  1024.137    41.484    89.904
       271    41.513     3.181     0.000     2.089    -7.309    20.757     0.020     9.886    31.333  2408.865  1024.137    41.513    90.107
       272    41.542     3.191     0.000     2.093    -7.313    20.771     0.020     9.886    31.334  2407.196  1024.137    41.542    90.308
       273    41.570     3.200     0.000     2.098    -7.316    20.785     0.020     9.886    31.334  2405.584  1024.137    41.570    90.506
       274    41.597     3.210     0.000     2.102    -7.319    20.798     0.020     9.885    31.334  2404.027  1024.138    41.597    90.702
       275    41.623     3.219     0.000     2.106    -7.321    20.811     0.020     9.885    31.334  2402.523  1024.138    41.623    90.895
       276    41.648     3.229     0.000     2.110    -7.324    20.824     0.020     9.885    31.334  2401.068  1024.138    41.648    91.086
       277    41.673     3.238     0.000     2.113    -7.327    20.836     0.020     9.885    31.334  2399.661  1024.138    41.673    91.275
       278    41.696     3.247     0.000     2.117    -7.330    20.848     0.020     9.885    31.334  2398.300  1024.138    41.696    91.461
       279    41.719     3.256     0.000     2.121    -7.332    20.860     0.020     9.885    31.334  2396.983  1024.138    41.719    91.646
       280    41.741     3.265     0.000     2.125    -7.335    20.871     0.020     9.884    31.334  2395.708  1024.138    41.741    91.828
       281    41.763     3.273     0.000     2.129    -7.337    20.881     0.020     9.884    31.334  2394.474  1024.138    41.763    92.009
       282    41.784     3.282     0.000     2.132    -7.340    20.892     0.020     9.884    31.334  2393.278  1024.138    41.784    92.187
       283    41.804     3.290     0.000     2.136    -7.342    20.902     0.020     9.884    31.334  2392.119  1024.138    41.804    92.364
       284    41.824     3.299     0.000     2.139    -7.344    20.912     0.020     9.884    31.334  2390.996  1024.138    41.824    92.539
       285    41.843     3.307     0.000     2.143    -7.346    20.921     0.020     9.884    31.334  2389.908  1024.138    41.843    92.712
       286    41.861     3.315     0.000     2.147    -7.349    20.931     0.020     9.883    31.334  2388.852  1024.138    41.861    92.883
       287    41.879     3.323     0.000     2.150    -7.351    20.940     0.020     9.883    31.334  2387.828  1024.138    41.879    93.053
       288    41.896     3.331     0.000     2.154    -7.353    20.948     0.020     9.883    31.334  2386.835  1024.138    41.896    93.221
       289    41.913     3.338     0.000     2.157    -7.355    20.957     0.020     9.883    31.334  2385.872  1024.138    41.913    93.387
       290    41.930     3.346     0.000     2.160    -7.357    20.965     0.020     9.883    31.334  2384.936  1024.138    41.930    93.552
       291    41.946     3.353     0.000     2.164    -7.359    20.973     0.020     9.883    31.334  2384.029  1024.139    41.946    93.715
       292    41.961     3.361     0.000     2.167    -7.360    20.981     0.020     9.883    31.334  2383.148  1024.139    41.961    93.877
       293    41.976     3.368     0.000     2.170    -7.362    20.988     0.020     9.883    31.334  2382.292  1024.139    41.976    94.037
       294    41.991     3.375     0.000     2.174    -7.364    20.996     0.020     9.883    31.334  2381.461  1024.139    41.991    94.196
       295    42.005     3.382     0.000     2.177    -7.366    21.003     0.020     9.882    31.334  2380.654  1024.139    42.005    94.353
       296    42.019     3.389     0.000     2.180    -7.367    21.010     0.020     9.882    31.335  2379.870  1024.139    42.019    94.509
       297    42.033     3.396     0.000     2.183    -7.369    21.016     0.020     9.882    31.335  2379.109  1024.139    42.033    94.664
       298    42.046     3.402     0.000     2.186    -7.370    21.023     0.020     9.882    31.335  2378.369  1024.139    42.046    94.818
       299    42.058     3.409     0.000     2.190    -7.372    21.029     0.020     9.882    31.335  2377.650  1024.139    42.058    94.970
       300    42.071     3.415     0.000     2.193    -7.373    21.035     0.020     9.882    31.335  2376.951  1024.139    42.071    95.121
       301    42.083     3.422     0.000     2.196    -7.375    21.041     0.020     9.882    31.335  2376.272  1024.139    42.083    95.271
       302    42.094     3.428     0.000     2.199    -7.376    21.047     0.020     9.882    31.335  2375.612  1024.139    42.094    95.420
       303    42.106     3.434     0.000     2.202    -7.378    21.053     0.020     9.882    31.335  2374.971  1024.139    42.106    95.567
       304    42.117     3.440     0.000     2.205    -7.379    21.058     0.020     9.882    31.335  2374.348  1024.139    42.117    95.714
       305    42.128     3.446     0.000     2.208    -7.380    21.064     0.020     9.882    31.335  2373.742  1024.139    42.128    95.859
       306    42.138     3.452     0.000     2.211    -7.382    21.069     0.020     9.881    31.335  2373.153  1024.139    42.138    96.004
       307    42.148     3.458     0.000     2.214    -7.383    21.074     0.020     9.881    31.335  2372.581  1024.139    42.148    96.147
       308    42.158     3.463     0.000     2.217    -7.384    21.079     0.020     9.881    31.335  2372.024  1024.139    42.158    96.290
       309    42.168     3.469     0.000     2.220    -7.385    21.084     0.020     9.881    31.335  2371.484  1024.139    42.168    96.431
       310    42.177     3.474     0.000     2.223    -7.386    21.089     0.020     9.881    31.335  2370.958  1024.139    42.177    96.572
       311    42.186     3.479     0.000     2.226    -7.388    21.093     0.020     9.881    31.335  2370.448  1024.139    42.186    96.712
       312    42.195     3.485     0.000     2.228    -7.389    21.097     0.020     9.881    31.335  2369.952  1024.139    42.195    96.851
       313    42.204     3.490     0.000     2.231    -7.390    21.102     0.020     9.881    31.335  2369.470  1024.139    42.204    96.989
       314    42.212     3.495     0.000     2.234    -7.391    21.106     0.020     9.881    31.335  2369.001  1024.139    42.212    97.126
       315    42.220     3.500     0.000     2.237    -7.392    21.110     0.020     9.881    31.335  2368.546  1024.139    42.220    97.262
       316    42.228     3.504     0.000     2.240    -7.393    21.114     0.020     9.881    31.335  2368.105  1024.139    42.228    97.398
       317    42.236     3.509     0.000     2.242    -7.394    21.118     0.020     9.881    31.335  2367.675  1024.139    42.236    97.532
       318    42.243     3.514     0.000     2.245    -7.395    21.121     0.020     9.881    31.335  2367.259  1024.139    42.243    97.667
       319    42.250     3.518     0.000     2.248    -7.396    21.125     0.020     9.881    31.335  2366.855  1024.139    42.250    97.800
       320    42.257     3.522     0.000     2.251    -7.396    21.129     0.020     9.881    31.335  2366.462  1024.139    42.257    97.933
       321    42.264     3.527     0.000     2.253    -7.397    21.132     0.020     9.881    31.335  2366.081  1024.139    42.264    98.064
       322    42.271     3.531     0.000     2.256    -7.398    21.135     0.020     9.880    31.335  2365.712  1024.139    42.271    98.196
       323    42.277     3.535     0.000     2.259    -7.399    21.138     0.020     9.880    31.335  2365.354  1024.140    42.277    98.326
       324    42.283     3.539     0.000     2.262    -7.400    21.142     0.020     9.880    31.335  2365.007  1024.140    42.283    98.457
       325    42.289     3.543     0.000     2.264    -7.400    21.145     0.020     9.880    31.335  2364.671  1024.140    42.289    98.586
       326    42.295     3.547     0.000     2.267    -7.401    21.148     0.020     9.880    31.335  2364.345  1024.140    42.295    98.715
       327    42.301     3.550     0.000     2.269    -7.402    21.150     0.020     9.880    31.335  2364.029  1024.140    42.301    98.843
       328    42.306     3.554     0.000     2.272    -7.402    21.153     0.020     9.880    31.335  2363.724  1024.140    42.306    98.971
       329    42.311     3.557     0.000     2.275    -7.403    21.156     0.020     9.880    31.335  2363.429  1024.140    42.311    99.098
       330    42.317     3.561     0.000     2.277    -7.404    21.158     0.020     9.880    31.335  2363.143  1024.140    42.317    99.225
       331    42.321     3.564     0.000     2.280    -7.404    21.161     0.020     9.880    31.335  2362.868  1024.140    42.321    99.351
       332    42.326     3.567     0.000     2.283    -7.405    21.163     0.020     9.880    31.335  2362.601  1024.140    42.326    99.477
       333    42.331     3.570     0.000     2.285    -7.406    21.165     0.020     9.880    31.335  2362.344  1024.140    42.331    99.602
       334    42.335     3.573     0.000     2.288    -7.406    21.168     0.020     9.880    31.335  2362.096  1024.140    42.335    99.727
       335    42.340     3.576     0.000     2.290    -7.407    21.170     0.020     9.880    31.335  2361.857  1024.140    42.340    99.852
       336    42.344     3.579     0.000     2.293    -7.407    21.172     0.020     9.880    31.335  2361.627  1024.140    42.344    99.976
       337    42.348     3.582     0.000     2.295    -7.408    21.174     0.020     9.880    31.335  2361.406  1024.140    42.348   100.099
       338    42.351     3.584     0.000     2.298    -7.408    21.176     0.020     9.880    31.335  2361.193  1024.140    42.351   100.222
       339    42.355     3.587     0.000     2.300    -7.408    21.178     0.020     9.880    31.335  2360.989  1024.140    42.355   100.345
       340    42.359     3.589     0.000     2.303    -7.409    21.179     0.020     9.880    31.335  2360.794  1024.140    42.359   100.468
       341    42.362     3.591     0.000     2.306    -7.409    21.181     0.020     9.880    31.335  2360.606  1024.140    42.362   100.590
       342    42.365     3.594     0.000     2.308    -7.410    21.183     0.020     9.880    31.335  2360.427  1024.140    42.365   100.712
       343    42.368     3.596     0.000     2.311    -7.410    21.184     0.020     9.880    31.335  2360.256  1024.140    42.368   100.833
       344    42.371     3.598     0.000     2.313    -7.410    21.186     0.020     9.880    31.335  2360.093  1024.140    42.371   100.955
       345    42.374     3.600     0.000     2.316    -7.411    21.187     0.020     9.880    31.335  2359.938  1024.140    42.374   101.076
       346    42.377     3.602     0.000     2.318    -7.411    21.188     0.020     9.880    31.335  2359.791  1024.140    42.377   101.196
       347    42.379     3.603     0.000     2.320    -7.411    21.190     0.020     9.880    31.335  2359.652  1024.140    42.379   101.317
       348    42.382     3.605     0.000     2.323    -7.412    21.191     0.020     9.880    31.335  2359.520  1024.140    42.382   101.437
       349    42.384     3.607     0.000     2.325    -7.412    21.192     0.020     9.880    31.335  2359.396  1024.140    42.384   101.557
       350    42.386     3.608     0.000     2.328    -7.412    21.193     0.020     9.880    31.335  2359.279  1024.140    42.386   101.677
       351    42.388     3.609     0.000     2.330    -7.412    21.194     0.020     9.880    31.335  2359.170  1024.140    42.388   101.796
       352    42.390     3.611     0.000     2.333    -7.413    21.195     0.020     9.880    31.335  2359.069  1024.140    42.390   101.916
       353    42.391     3.612     0.000     2.335    -7.413    21.196     0.020     9.880    31.335  2358.975  1024.140    42.391   102.035
       354    42.393     3.613     0.000     2.338    -7.413    21.196     0.020     9.880    31.335  2358.888  1024.140    42.393   102.154
       355    42.394     3.614     0.000     2.340    -7.413    21.197     0.020     9.880    31.335  2358.808  1024.140    42.394   102.273
       356    42.396     3.615     0.000     2.343    -7.413    21.198     0.020     9.880    31.335  2358.736  1024.140    42.396   102.392
       357    42.397     3.615     0.000     2.345    -7.413    21.198     0.020     9.880    31.335  2358.671  1024.140    42.397   102.511
       358    42.398     3.616     0.000     2.348    -7.413    21.199     0.020     9.880    31.335  2358.613  1024.140    42.398   102.629
       359    42.399     3.617     0.000     2.350    -7.413    21.199     0.020     9.880    31.335  2358.563  1024.140    42.399   102.748
       360    42.399     3.617     0.000     2.352    -7.414    21.200     0.020     9.880    31.335  2358.519  1024.140    42.399   102.866
       361    42.400     3.618     0.000     2.355    -7.414    21.200     0.020     9.880    31.335  2358.483  1024.140    42.400   102.985
       362    42.401     3.618     0.000     2.357    -7.414    21.200     0.020     9.880    31.335  2358.453  1024.140    42.401   103.103
       363    42.401     3.618     0.000     2.360    -7.414    21.201     0.020     9.880    31.335  2358.431  1024.140    42.401   103.222
---------------------- Local maximum rise or fall --------------------
       364    42.401     3.618     0.000     2.362    -7.414    21.201     0.020     9.880    31.335  2358.415  1024.140    42.401   103.340
       365    42.402     3.618     0.000     2.365    -7.414    21.201     0.020     9.880    31.335  2358.406  1024.140    42.402   103.458
       366    42.402     3.618     0.000     2.367    -7.414    21.201     0.020     9.880    31.335  2358.401  1024.140    42.402   103.576
       367    42.402     3.618     0.000     2.370    -7.414    21.201     0.020     9.880    31.335  2358.398  1024.140    42.402   103.695
       368    42.402     3.618     0.000     2.372    -7.413    21.201     0.020     9.880    31.335  2358.392  1024.140    42.402   103.813
       369    42.402     3.618     0.000     2.374    -7.413    21.201     0.020     9.880    31.335  2358.386  1024.140    42.402   103.931
       370    42.402     3.617     0.000     2.377    -7.413    21.201     0.020     9.880    31.335  2358.378  1024.140    42.402   104.050
       371    42.402     3.617     0.000     2.379    -7.413    21.201     0.020     9.880    31.335  2358.369  1024.140    42.402   104.168
       372    42.402     3.616     0.000     2.382    -7.413    21.201     0.020     9.880    31.335  2358.359  1024.140    42.402   104.287
       373    42.403     3.615     0.000     2.384    -7.413    21.201     0.020     9.880    31.335  2358.347  1024.140    42.403   104.406
       374    42.403     3.615     0.000     2.387    -7.413    21.201     0.020     9.880    31.335  2358.334  1024.140    42.403   104.524
       375    42.403     3.614     0.000     2.389    -7.412    21.202     0.020     9.880    31.335  2358.319  1024.140    42.403   104.643
       376    42.403     3.613     0.000     2.392    -7.412    21.202     0.020     9.880    31.335  2358.303  1024.140    42.403   104.762
       377    42.404     3.612     0.000     2.394    -7.412    21.202     0.020     9.880    31.335  2358.285  1024.140    42.404   104.882
       378    42.404     3.611     0.000     2.396    -7.412    21.202     0.020     9.880    31.335  2358.266  1024.140    42.404   105.001
       379    42.404     3.610     0.000     2.399    -7.411    21.202     0.020     9.880    31.335  2358.246  1024.140    42.404   105.121
       380    42.405     3.608     0.000     2.401    -7.411    21.202     0.020     9.880    31.335  2358.224  1024.140    42.405   105.240
       381    42.405     3.607     0.000     2.404    -7.411    21.203     0.020     9.880    31.335  2358.201  1024.140    42.405   105.360
       382    42.406     3.605     0.000     2.406    -7.411    21.203     0.020     9.880    31.335  2358.176  1024.140    42.406   105.481
       383    42.406     3.604     0.000     2.409    -7.410    21.203     0.020     9.880    31.335  2358.149  1024.140    42.406   105.601
       384    42.407     3.602     0.000     2.411    -7.410    21.203     0.020     9.879    31.335  2358.121  1024.140    42.407   105.722
       385    42.407     3.600     0.000     2.414    -7.410    21.204     0.020     9.879    31.335  2358.091  1024.140    42.407   105.843
       386    42.408     3.599     0.000     2.416    -7.409    21.204     0.020     9.879    31.335  2358.060  1024.140    42.408   105.964
       387    42.408     3.597     0.000     2.419    -7.409    21.204     0.020     9.879    31.335  2358.027  1024.140    42.408   106.086
       388    42.409     3.595     0.000     2.421    -7.408    21.204     0.020     9.879    31.335  2357.992  1024.140    42.409   106.208
       389    42.410     3.593     0.000     2.424    -7.408    21.205     0.020     9.879    31.335  2357.955  1024.140    42.410   106.330
       390    42.410     3.591     0.000     2.426    -7.407    21.205     0.020     9.879    31.335  2357.917  1024.140    42.410   106.453
       391    42.411     3.588     0.000     2.429    -7.407    21.206     0.020     9.879    31.335  2357.877  1024.140    42.411   106.576
       392    42.412     3.586     0.000     2.431    -7.406    21.206     0.020     9.879    31.335  2357.835  1024.140    42.412   106.699
       393    42.413     3.584     0.000     2.434    -7.406    21.206     0.020     9.879    31.335  2357.791  1024.140    42.413   106.823
       394    42.413     3.581     0.000     2.437    -7.405    21.207     0.020     9.879    31.335  2357.744  1024.140    42.413   106.947
       395    42.414     3.578     0.000     2.439    -7.405    21.207     0.020     9.879    31.335  2357.696  1024.140    42.414   107.072
       396    42.415     3.576     0.000     2.442    -7.404    21.208     0.020     9.879    31.335  2357.646  1024.140    42.415   107.197
       397    42.416     3.573     0.000     2.444    -7.404    21.208     0.020     9.879    31.335  2357.594  1024.140    42.416   107.322
       398    42.417     3.570     0.000     2.447    -7.403    21.209     0.020     9.879    31.335  2357.539  1024.140    42.417   107.448
       399    42.418     3.567     0.000     2.450    -7.402    21.209     0.020     9.879    31.335  2357.482  1024.140    42.418   107.575
       400    42.419     3.564     0.000     2.452    -7.402    21.210     0.020     9.879    31.335  2357.423  1024.140    42.419   107.702
       401    42.420     3.561     0.000     2.455    -7.401    21.210     0.020     9.879    31.335  2357.361  1024.140    42.420   107.830
       402    42.421     3.558     0.000     2.457    -7.400    21.211     0.020     9.879    31.335  2357.297  1024.140    42.421   107.958
       403    42.423     3.555     0.000     2.460    -7.399    21.211     0.020     9.879    31.335  2357.231  1024.140    42.423   108.087
       404    42.424     3.551     0.000     2.463    -7.399    21.212     0.020     9.879    31.335  2357.161  1024.140    42.424   108.216
       405    42.425     3.548     0.000     2.465    -7.398    21.213     0.020     9.879    31.335  2357.089  1024.140    42.425   108.346
       406    42.427     3.544     0.000     2.468    -7.397    21.213     0.020     9.879    31.335  2357.014  1024.140    42.427   108.477
       407    42.428     3.541     0.000     2.471    -7.396    21.214     0.020     9.879    31.335  2356.937  1024.140    42.428   108.608
       408    42.429     3.537     0.000     2.474    -7.395    21.215     0.020     9.879    31.335  2356.856  1024.140    42.429   108.740
       409    42.431     3.533     0.000     2.476    -7.394    21.215     0.020     9.879    31.335  2356.772  1024.140    42.431   108.873
       410    42.432     3.529     0.000     2.479    -7.393    21.216     0.020     9.879    31.335  2356.685  1024.140    42.432   109.007
       411    42.434     3.525     0.000     2.482    -7.393    21.217     0.020     9.879    31.335  2356.594  1024.140    42.434   109.141
       412    42.436     3.521     0.000     2.485    -7.392    21.218     0.020     9.879    31.335  2356.500  1024.140    42.436   109.276
       413    42.438     3.517     0.000     2.487    -7.391    21.219     0.020     9.879    31.335  2356.402  1024.140    42.438   109.412
       414    42.439     3.513     0.000     2.490    -7.390    21.220     0.020     9.879    31.335  2356.301  1024.140    42.439   109.548
       415    42.441     3.508     0.000     2.493    -7.388    21.221     0.020     9.879    31.335  2356.196  1024.140    42.441   109.686
       416    42.443     3.504     0.000     2.496    -7.387    21.222     0.020     9.879    31.335  2356.087  1024.140    42.443   109.824
       417    42.445     3.499     0.000     2.499    -7.386    21.223     0.020     9.879    31.335  2355.973  1024.140    42.445   109.964
       418    42.447     3.495     0.000     2.502    -7.385    21.224     0.020     9.879    31.335  2355.856  1024.140    42.447   110.104
       419    42.450     3.490     0.000     2.505    -7.384    21.225     0.020     9.879    31.336  2355.733  1024.140    42.450   110.245
       420    42.452     3.485     0.000     2.508    -7.383    21.226     0.020     9.879    31.336  2355.607  1024.140    42.452   110.387
       421    42.454     3.480     0.000     2.510    -7.381    21.227     0.020     9.879    31.336  2355.475  1024.140    42.454   110.531
       422    42.457     3.475     0.000     2.513    -7.380    21.228     0.020     9.879    31.336  2355.338  1024.140    42.457   110.675
       423    42.459     3.470     0.000     2.516    -7.379    21.230     0.020     9.879    31.336  2355.196  1024.140    42.459   110.820
       424    42.462     3.465     0.000     2.519    -7.378    21.231     0.020     9.879    31.336  2355.048  1024.140    42.462   110.967
       425    42.465     3.460     0.000     2.523    -7.376    21.232     0.020     9.879    31.336  2354.894  1024.140    42.465   111.114
       426    42.468     3.455     0.000     2.526    -7.375    21.234     0.020     9.879    31.336  2354.735  1024.140    42.468   111.263
       427    42.471     3.449     0.000     2.529    -7.373    21.235     0.020     9.879    31.336  2354.569  1024.140    42.471   111.413
       428    42.474     3.444     0.000     2.532    -7.372    21.237     0.020     9.879    31.336  2354.397  1024.140    42.474   111.565
       429    42.477     3.438     0.000     2.535    -7.370    21.238     0.020     9.879    31.336  2354.218  1024.140    42.477   111.717
       430    42.480     3.433     0.000     2.538    -7.369    21.240     0.020     9.879    31.336  2354.031  1024.140    42.480   111.871
       431    42.484     3.427     0.000     2.541    -7.367    21.242     0.020     9.879    31.336  2353.838  1024.140    42.484   112.026
       432    42.487     3.421     0.000     2.545    -7.365    21.244     0.020     9.879    31.336  2353.636  1024.140    42.487   112.183
       433    42.491     3.415     0.000     2.548    -7.364    21.246     0.020     9.879    31.336  2353.426  1024.140    42.491   112.341
       434    42.495     3.409     0.000     2.551    -7.362    21.248     0.020     9.879    31.336  2353.207  1024.140    42.495   112.501
       435    42.499     3.403     0.000     2.554    -7.360    21.250     0.020     9.879    31.336  2352.980  1024.140    42.499   112.662
       436    42.504     3.397     0.000     2.558    -7.358    21.252     0.020     9.879    31.336  2352.743  1024.140    42.504   112.825
       437    42.508     3.391     0.000     2.561    -7.356    21.254     0.020     9.879    31.336  2352.496  1024.140    42.508   112.989
       438    42.513     3.385     0.000     2.565    -7.354    21.256     0.020     9.879    31.336  2352.238  1024.140    42.513   113.155
       439    42.518     3.378     0.000     2.568    -7.352    21.259     0.020     9.879    31.336  2351.970  1024.140    42.518   113.323
       440    42.523     3.372     0.000     2.572    -7.350    21.261     0.020     9.879    31.336  2351.690  1024.140    42.523   113.493
       441    42.528     3.365     0.000     2.575    -7.348    21.264     0.020     9.879    31.336  2351.398  1024.140    42.528   113.664
       442    42.533     3.358     0.000     2.579    -7.346    21.267     0.020     9.879    31.336  2351.093  1024.140    42.533   113.837
       443    42.539     3.352     0.000     2.582    -7.344    21.270     0.020     9.879    31.336  2350.774  1024.140    42.539   114.013
       444    42.545     3.345     0.000     2.586    -7.342    21.273     0.020     9.879    31.336  2350.441  1024.140    42.545   114.190
       445    42.551     3.338     0.000     2.590    -7.339    21.276     0.020     9.878    31.336  2350.094  1024.140    42.551   114.369
       446    42.558     3.331     0.000     2.593    -7.337    21.279     0.020     9.878    31.336  2349.730  1024.140    42.558   114.551
       447    42.565     3.324     0.000     2.597    -7.334    21.282     0.020     9.878    31.336  2349.350  1024.140    42.565   114.735
       448    42.572     3.317     0.000     2.601    -7.332    21.286     0.020     9.878    31.336  2348.952  1024.140    42.572   114.921
       449    42.580     3.309     0.000     2.605    -7.329    21.290     0.020     9.878    31.336  2348.535  1024.140    42.580   115.109
       450    42.588     3.302     0.000     2.609    -7.326    21.294     0.020     9.878    31.336  2348.099  1024.140    42.588   115.300
       451    42.596     3.295     0.000     2.613    -7.324    21.298     0.020     9.878    31.336  2347.641  1024.140    42.596   115.494
       452    42.605     3.287     0.000     2.617    -7.321    21.302     0.020     9.878    31.336  2347.162  1024.140    42.605   115.690
       453    42.614     3.280     0.000     2.621    -7.318    21.307     0.020     9.878    31.336  2346.658  1024.140    42.614   115.889
       454    42.623     3.272     0.000     2.625    -7.315    21.312     0.020     9.878    31.336  2346.130  1024.141    42.623   116.091
       455    42.633     3.264     0.000     2.629    -7.312    21.317     0.020     9.878    31.336  2345.574  1024.141    42.633   116.295
       456    42.644     3.257     0.000     2.634    -7.309    21.322     0.020     9.878    31.336  2344.991  1024.141    42.644   116.503
       457    42.655     3.249     0.000     2.638    -7.305    21.328     0.020     9.878    31.336  2344.377  1024.141    42.655   116.714
       458    42.667     3.241     0.000     2.642    -7.302    21.334     0.020     9.878    31.336  2343.730  1024.141    42.667   116.928
       459    42.679     3.233     0.000     2.647    -7.298    21.340     0.020     9.878    31.336  2343.050  1024.141    42.679   117.145
       460    42.692     3.225     0.000     2.651    -7.295    21.346     0.020     9.877    31.336  2342.332  1024.141    42.692   117.367
       461    42.706     3.216     0.000     2.656    -7.291    21.353     0.020     9.877    31.336  2341.575  1024.141    42.706   117.591
       462    42.721     3.208     0.000     2.661    -7.287    21.360     0.020     9.877    31.336  2340.776  1024.141    42.721   117.820
       463    42.736     3.200     0.000     2.666    -7.283    21.368     0.020     9.877    31.336  2339.931  1024.141    42.736   118.053
       464    42.753     3.191     0.000     2.670    -7.279    21.376     0.020     9.877    31.336  2339.038  1024.141    42.753   118.289
       465    42.770     3.183     0.000     2.675    -7.275    21.385     0.020     9.877    31.336  2338.093  1024.141    42.770   118.530
       466    42.788     3.175     0.000     2.680    -7.271    21.394     0.020     9.877    31.336  2337.091  1024.141    42.788   118.776
       467    42.808     3.166     0.000     2.686    -7.266    21.404     0.020     9.877    31.336  2336.028  1024.141    42.808   119.027
       468    42.828     3.157     0.000     2.691    -7.261    21.414     0.020     9.877    31.336  2334.900  1024.141    42.828   119.282
       469    42.850     3.149     0.000     2.696    -7.257    21.425     0.020     9.876    31.336  2333.701  1024.141    42.850   119.543
       470    42.874     3.140     0.000     2.702    -7.252    21.437     0.020     9.876    31.336  2332.425  1024.141    42.874   119.809
       471    42.899     3.131     0.000     2.707    -7.247    21.449     0.020     9.876    31.336  2331.065  1024.141    42.899   120.081
       472    42.926     3.122     0.000     2.713    -7.241    21.463     0.020     9.876    31.336  2329.614  1024.141    42.926   120.359
       473    42.954     3.114     0.000     2.719    -7.236    21.477     0.020     9.876    31.336  2328.064  1024.141    42.954   120.644
       474    42.985     3.105     0.000     2.725    -7.230    21.492     0.020     9.875    31.337  2326.406  1024.141    42.985   120.935
       475    43.018     3.096     0.000     2.731    -7.224    21.509     0.020     9.875    31.337  2324.629  1024.141    43.018   121.234
       476    43.053     3.087     0.000     2.737    -7.218    21.526     0.020     9.875    31.337  2322.721  1024.142    43.053   121.540
       477    43.091     3.078     0.000     2.744    -7.211    21.546     0.020     9.875    31.337  2320.669  1024.142    43.091   121.854
       478    43.132     3.069     0.000     2.751    -7.204    21.566     0.020     9.875    31.337  2318.457  1024.142    43.132   122.177
       479    43.177     3.060     0.000     2.757    -7.197    21.588     0.020     9.874    31.337  2316.069  1024.142    43.177   122.509
       480    43.225     3.051     0.000     2.764    -7.190    21.612     0.020     9.874    31.337  2313.484  1024.142    43.225   122.851
       481    43.277     3.043     0.000     2.772    -7.182    21.639     0.020     9.874    31.337  2310.678  1024.142    43.277   123.204
       482    43.335     3.034     0.000     2.779    -7.174    21.667     0.020     9.873    31.337  2307.625  1024.142    43.335   123.569
       483    43.397     3.025     0.000     2.787    -7.166    21.699     0.020     9.873    31.337  2304.291  1024.142    43.397   123.946
       484    43.466     3.017     0.000     2.795    -7.157    21.733     0.020     9.872    31.337  2300.639  1024.142    43.466   124.337
       485    43.542     3.008     0.000     2.803    -7.148    21.771     0.020     9.872    31.337  2296.621  1024.143    43.542   124.743
       486    43.627     3.000     0.000     2.812    -7.138    21.813     0.020     9.871    31.337  2292.181  1024.143    43.627   125.166
       487    43.721     2.992     0.000     2.821    -7.127    21.860     0.020     9.871    31.338  2287.250  1024.143    43.721   125.607
       488    43.826     2.984     0.000     2.831    -7.116    21.913     0.020     9.870    31.338  2281.738  1024.143    43.826   126.069
       489    43.946     2.977     0.000     2.841    -7.105    21.973     0.020     9.869    31.338  2275.532  1024.143    43.946   126.555
       490    44.082     2.970     0.000     2.851    -7.092    22.041     0.020     9.868    31.338  2268.483  1024.144    44.082   127.069
       491    44.240     2.964     0.000     2.863    -7.078    22.120     0.020     9.867    31.338  2260.386  1024.144    44.240   127.615
       492    44.426     2.959     0.000     2.875    -7.064    22.213     0.020     9.866    31.338  2250.954  1024.144    44.426   128.200
       493    44.648     2.955     0.000     2.888    -7.047    22.324     0.020     9.865    31.339  2239.755  1024.145    44.648   128.833
       494    44.896     2.952     0.000     2.902    -7.029    22.448     0.020     9.864    31.339  2227.354  1024.145    44.896   129.528
       495    45.168     2.949     0.000     2.917    -7.010    22.584     0.020     9.862    31.339  2213.972  1024.145    45.168   130.275
       496    45.466     2.947     0.000     2.934    -6.988    22.733     0.020     9.860    31.339  2199.450  1024.146    45.466   131.085
       497    45.797     2.946     0.000     2.952    -6.964    22.899     0.020     9.858    31.339  2183.541  1024.146    45.797   131.972
       498    46.170     2.946     0.000     2.972    -6.938    23.085     0.020     9.856    31.340  2165.923  1024.147    46.170   132.955
       499    46.596     2.948     0.000     2.995    -6.907    23.298     0.020     9.854    31.340  2146.093  1024.147    46.596   134.061
       500    47.106     2.952     0.000     3.021    -6.872    23.553     0.020     9.852    31.340  2122.861  1024.148    47.106   135.336
       501    47.749     2.961     0.000     3.053    -6.828    23.875     0.020     9.848    31.340  2094.284  1024.149    47.749   136.881
       502    48.619     2.977     0.000     3.094    -6.771    24.309     0.020     9.844    31.340  2056.816  1024.149    48.619   138.881
       503    49.591     2.998     0.000     3.138    -6.710    24.796     0.020     9.840    31.340  2016.487  1024.150    49.591   141.019
       504    50.583     3.024     0.000     3.182    -6.649    25.291     0.020     9.836    31.340  1976.949  1024.151    50.583   143.139
       505    51.595     3.056     0.000     3.224    -6.590    25.797     0.020     9.832    31.339  1938.186  1024.151    51.595   145.227
       506    52.627     3.095     0.000     3.266    -6.533    26.313     0.020     9.828    31.339  1900.183  1024.151    52.627   147.270
---------------------------- Plume traps -----------------------------
       507    53.679     3.142     0.000     3.307    -6.478    26.840     0.020     9.824    31.338  1862.924  1024.151    53.679   149.269
       508    54.467     3.186     0.000     3.337    -6.440    27.233     0.020     9.822    31.337  1835.979  1024.151    54.467   150.704
       509    55.120     3.225     0.000     3.359    -6.411    27.560     0.020     9.820    31.337  1814.235  1024.151    55.120   151.798
       510    55.658     3.260     0.000     3.377    -6.389    27.829     0.020     9.818    31.336  1796.688  1024.150    55.658   152.657
       511    56.150     3.292     0.000     3.392    -6.370    28.075     0.020     9.817    31.335  1780.955  1024.150    56.150   153.404
       512    56.579     3.321     0.000     3.406    -6.353    28.290     0.020     9.815    31.335  1767.437  1024.150    56.579   154.076
       513    56.971     3.348     0.000     3.419    -6.337    28.486     0.020     9.814    31.334  1755.274  1024.150    56.971   154.720
       514    57.332     3.373     0.000     3.432    -6.322    28.666     0.020     9.813    31.334  1744.231  1024.149    57.332   155.348
       515    57.670     3.398     0.000     3.444    -6.307    28.835     0.020     9.812    31.334  1733.999  1024.149    57.670   155.963
       516    57.985     3.422     0.000     3.457    -6.293    28.993     0.020     9.812    31.333  1724.582  1024.149    57.985   156.563
       517    58.280     3.445     0.000     3.469    -6.279    29.140     0.020     9.811    31.333  1715.857  1024.149    58.280   157.149
       518    58.555     3.468     0.000     3.480    -6.266    29.277     0.020     9.810    31.332  1707.803  1024.149    58.555   157.719
       519    58.812     3.490     0.000     3.492    -6.254    29.406     0.020     9.810    31.332  1700.337  1024.148    58.812   158.274
       520    59.052     3.511     0.000     3.503    -6.242    29.526     0.020     9.809    31.332  1693.423  1024.148    59.052   158.815
       521    59.277     3.532     0.000     3.513    -6.230    29.638     0.020     9.808    31.331  1687.001  1024.148    59.277   159.343
       522    59.487     3.552     0.000     3.524    -6.219    29.744     0.020     9.808    31.331  1681.033  1024.148    59.487   159.857
       523    59.685     3.572     0.000     3.534    -6.208    29.842     0.020     9.807    31.331  1675.476  1024.148    59.685   160.358
       524    59.870     3.591     0.000     3.544    -6.198    29.935     0.020     9.807    31.330  1670.296  1024.148    59.870   160.846
       525    60.044     3.610     0.000     3.554    -6.188    30.022     0.020     9.807    31.330  1665.458  1024.147    60.044   161.323
       526    60.207     3.628     0.000     3.563    -6.179    30.104     0.020     9.806    31.330  1660.935  1024.147    60.207   161.788
       527    60.361     3.646     0.000     3.573    -6.169    30.181     0.020     9.806    31.329  1656.698  1024.147    60.361   162.241
       528    60.506     3.663     0.000     3.582    -6.161    30.253     0.020     9.806    31.329  1652.725  1024.147    60.506   162.684
       529    60.643     3.680     0.000     3.591    -6.152    30.322     0.020     9.805    31.329  1648.994  1024.147    60.643   163.117
       530    60.772     3.697     0.000     3.599    -6.144    30.386     0.020     9.805    31.329  1645.485  1024.147    60.772   163.540
       531    60.895     3.714     0.000     3.608    -6.136    30.447     0.020     9.805    31.329  1642.180  1024.147    60.895   163.953
       532    61.010     3.730     0.000     3.616    -6.129    30.505     0.020     9.805    31.328  1639.063  1024.147    61.010   164.357
       533    61.120     3.746     0.000     3.624    -6.121    30.560     0.020     9.804    31.328  1636.120  1024.146    61.120   164.752
       534    61.224     3.761     0.000     3.632    -6.114    30.612     0.020     9.804    31.328  1633.337  1024.146    61.224   165.139
       535    61.323     3.776     0.000     3.640    -6.107    30.662     0.020     9.804    31.328  1630.703  1024.146    61.323   165.518
       536    61.417     3.791     0.000     3.647    -6.101    30.709     0.020     9.804    31.328  1628.207  1024.146    61.417   165.889
       537    61.507     3.806     0.000     3.655    -6.094    30.753     0.020     9.804    31.328  1625.839  1024.146    61.507   166.253
       538    61.592     3.820     0.000     3.662    -6.088    30.796     0.020     9.803    31.327  1623.589  1024.146    61.592   166.610
       539    61.673     3.834     0.000     3.669    -6.082    30.837     0.020     9.803    31.327  1621.450  1024.146    61.673   166.959
       540    61.751     3.848     0.000     3.676    -6.077    30.875     0.020     9.803    31.327  1619.415  1024.146    61.751   167.302
       541    61.825     3.862     0.000     3.683    -6.071    30.912     0.020     9.803    31.327  1617.475  1024.146    61.825   167.639
       542    61.896     3.876     0.000     3.690    -6.066    30.948     0.020     9.803    31.327  1615.625  1024.146    61.896   167.969
       543    61.963     3.889     0.000     3.696    -6.061    30.982     0.020     9.803    31.327  1613.860  1024.146    61.963   168.294
       544    62.028     3.902     0.000     3.703    -6.056    31.014     0.020     9.803    31.327  1612.173  1024.145    62.028   168.613
       545    62.090     3.915     0.000     3.709    -6.051    31.045     0.020     9.802    31.326  1610.561  1024.145    62.090   168.926
       546    62.150     3.927     0.000     3.715    -6.046    31.075     0.020     9.802    31.326  1609.018  1024.145    62.150   169.234
       547    62.207     3.940     0.000     3.722    -6.041    31.103     0.020     9.802    31.326  1607.540  1024.145    62.207   169.538
       548    62.262     3.952     0.000     3.728    -6.037    31.131     0.020     9.802    31.326  1606.124  1024.145    62.262   169.836
       549    62.314     3.964     0.000     3.734    -6.033    31.157     0.020     9.802    31.326  1604.765  1024.145    62.314   170.129
       550    62.365     3.976     0.000     3.740    -6.028    31.183     0.020     9.802    31.326  1603.462  1024.145    62.365   170.418
       551    62.414     3.987     0.000     3.745    -6.024    31.207     0.020     9.802    31.326  1602.210  1024.145    62.414   170.703
       552    62.461     3.999     0.000     3.751    -6.021    31.230     0.020     9.802    31.326  1601.007  1024.145    62.461   170.983
       553    62.506     4.010     0.000     3.757    -6.017    31.253     0.020     9.802    31.326  1599.851  1024.145    62.506   171.259
       554    62.549     4.021     0.000     3.762    -6.013    31.275     0.020     9.802    31.326  1598.738  1024.145    62.549   171.532
       555    62.591     4.032     0.000     3.768    -6.009    31.296     0.020     9.802    31.325  1597.667  1024.145    62.591   171.800
       556    62.632     4.043     0.000     3.773    -6.006    31.316     0.020     9.801    31.325  1596.636  1024.145    62.632   172.065
       557    62.671     4.054     0.000     3.779    -6.003    31.335     0.020     9.801    31.325  1595.642  1024.145    62.671   172.326
       558    62.708     4.064     0.000     3.784    -5.999    31.354     0.020     9.801    31.325  1594.684  1024.145    62.708   172.584
       559    62.745     4.074     0.000     3.789    -5.996    31.372     0.020     9.801    31.325  1593.760  1024.145    62.745   172.838
       560    62.780     4.084     0.000     3.794    -5.993    31.390     0.020     9.801    31.325  1592.869  1024.145    62.780   173.089
       561    62.814     4.094     0.000     3.799    -5.990    31.407     0.020     9.801    31.325  1592.006  1024.145    62.814   173.338
       562    62.847     4.104     0.000     3.804    -5.987    31.423     0.020     9.801    31.325  1591.168  1024.144    62.847   173.584
       563    62.879     4.114     0.000     3.809    -5.984    31.440     0.020     9.801    31.325  1590.355  1024.144    62.879   173.828
       564    62.910     4.123     0.000     3.814    -5.981    31.455     0.020     9.801    31.325  1589.565  1024.144    62.910   174.070
       565    62.941     4.133     0.000     3.819    -5.979    31.470     0.020     9.801    31.325  1588.797  1024.144    62.941   174.311
       566    62.970     4.142     0.000     3.824    -5.976    31.485     0.020     9.801    31.325  1588.052  1024.144    62.970   174.549
       567    62.999     4.151     0.000     3.829    -5.973    31.500     0.020     9.801    31.325  1587.326  1024.144    62.999   174.786
       568    63.027     4.160     0.000     3.834    -5.971    31.513     0.020     9.801    31.325  1586.622  1024.144    63.027   175.021
       569    63.054     4.168     0.000     3.838    -5.968    31.527     0.020     9.801    31.325  1585.936  1024.144    63.054   175.254
       570    63.081     4.177     0.000     3.843    -5.966    31.540     0.020     9.801    31.325  1585.270  1024.144    63.081   175.486
       571    63.107     4.186     0.000     3.848    -5.964    31.553     0.020     9.801    31.324  1584.623  1024.144    63.107   175.715
       572    63.132     4.194     0.000     3.852    -5.961    31.566     0.020     9.801    31.324  1583.993  1024.144    63.132   175.944
       573    63.156     4.202     0.000     3.857    -5.959    31.578     0.020     9.801    31.324  1583.380  1024.144    63.156   176.170
       574    63.180     4.210     0.000     3.862    -5.957    31.590     0.020     9.801    31.324  1582.785  1024.144    63.180   176.395
       575    63.203     4.218     0.000     3.866    -5.955    31.601     0.020     9.800    31.324  1582.206  1024.144    63.203   176.619
       576    63.225     4.226     0.000     3.871    -5.953    31.613     0.020     9.800    31.324  1581.642  1024.144    63.225   176.841
       577    63.247     4.234     0.000     3.875    -5.951    31.624     0.020     9.800    31.324  1581.095  1024.144    63.247   177.062
       578    63.269     4.241     0.000     3.880    -5.949    31.634     0.020     9.800    31.324  1580.562  1024.144    63.269   177.281
       579    63.289     4.248     0.000     3.884    -5.947    31.645     0.020     9.800    31.324  1580.044  1024.144    63.289   177.499
       580    63.310     4.256     0.000     3.889    -5.945    31.655     0.020     9.800    31.324  1579.540  1024.144    63.310   177.715
       581    63.329     4.263     0.000     3.893    -5.943    31.665     0.020     9.800    31.324  1579.050  1024.144    63.329   177.931
       582    63.348     4.270     0.000     3.897    -5.941    31.674     0.020     9.800    31.324  1578.574  1024.144    63.348   178.145
       583    63.367     4.277     0.000     3.902    -5.939    31.683     0.020     9.800    31.324  1578.111  1024.144    63.367   178.357
       584    63.385     4.283     0.000     3.906    -5.938    31.693     0.020     9.800    31.324  1577.660  1024.144    63.385   178.569
       585    63.403     4.290     0.000     3.910    -5.936    31.701     0.020     9.800    31.324  1577.223  1024.144    63.403   178.779
       586    63.420     4.296     0.000     3.915    -5.934    31.710     0.020     9.800    31.324  1576.797  1024.144    63.420   178.988
       587    63.436     4.303     0.000     3.919    -5.933    31.718     0.020     9.800    31.324  1576.383  1024.144    63.436   179.196
       588    63.453     4.309     0.000     3.923    -5.931    31.726     0.020     9.800    31.324  1575.981  1024.144    63.453   179.403
       589    63.468     4.315     0.000     3.927    -5.930    31.734     0.020     9.800    31.324  1575.591  1024.144    63.468   179.609
       590    63.484     4.321     0.000     3.931    -5.928    31.742     0.020     9.800    31.324  1575.211  1024.144    63.484   179.814
       591    63.498     4.327     0.000     3.936    -5.927    31.749     0.020     9.800    31.324  1574.843  1024.144    63.498   180.018
       592    63.513     4.333     0.000     3.940    -5.926    31.756     0.020     9.800    31.324  1574.485  1024.144    63.513   180.221
       593    63.527     4.338     0.000     3.944    -5.924    31.763     0.020     9.800    31.324  1574.138  1024.144    63.527   180.423
       594    63.540     4.344     0.000     3.948    -5.923    31.770     0.020     9.800    31.324  1573.800  1024.144    63.540   180.624
       595    63.554     4.349     0.000     3.952    -5.922    31.777     0.020     9.800    31.324  1573.473  1024.144    63.554   180.824
       596    63.566     4.354     0.000     3.956    -5.921    31.783     0.020     9.800    31.324  1573.156  1024.144    63.566   181.023
       597    63.579     4.359     0.000     3.960    -5.919    31.789     0.020     9.800    31.324  1572.848  1024.144    63.579   181.221
       598    63.591     4.364     0.000     3.964    -5.918    31.795     0.020     9.800    31.324  1572.550  1024.144    63.591   181.419
       599    63.603     4.369     0.000     3.968    -5.917    31.801     0.020     9.800    31.324  1572.261  1024.144    63.603   181.616
       600    63.614     4.374     0.000     3.972    -5.916    31.807     0.020     9.800    31.323  1571.980  1024.143    63.614   181.812
       601    63.625     4.378     0.000     3.976    -5.915    31.812     0.020     9.800    31.323  1571.709  1024.143    63.625   182.007
       602    63.636     4.383     0.000     3.980    -5.914    31.818     0.020     9.800    31.323  1571.447  1024.143    63.636   182.201
       603    63.646     4.387     0.000     3.984    -5.913    31.823     0.020     9.800    31.323  1571.193  1024.143    63.646   182.395
       604    63.656     4.391     0.000     3.988    -5.912    31.828     0.020     9.800    31.323  1570.948  1024.143    63.656   182.588
       605    63.665     4.395     0.000     3.992    -5.911    31.833     0.020     9.800    31.323  1570.711  1024.143    63.665   182.780
       606    63.675     4.399     0.000     3.996    -5.910    31.837     0.020     9.800    31.323  1570.482  1024.143    63.675   182.972
       607    63.684     4.403     0.000     4.000    -5.910    31.842     0.020     9.800    31.323  1570.261  1024.143    63.684   183.163
       608    63.692     4.407     0.000     4.004    -5.909    31.846     0.020     9.800    31.323  1570.048  1024.143    63.692   183.354
       609    63.701     4.410     0.000     4.008    -5.908    31.850     0.020     9.800    31.323  1569.843  1024.143    63.701   183.544
       610    63.709     4.414     0.000     4.011    -5.907    31.854     0.020     9.800    31.323  1569.645  1024.143    63.709   183.733
       611    63.716     4.417     0.000     4.015    -5.907    31.858     0.020     9.800    31.323  1569.456  1024.143    63.716   183.922
       612    63.724     4.420     0.000     4.019    -5.906    31.862     0.020     9.800    31.323  1569.273  1024.143    63.724   184.110
       613    63.731     4.423     0.000     4.023    -5.905    31.865     0.020     9.800    31.323  1569.098  1024.143    63.731   184.298
       614    63.738     4.426     0.000     4.027    -5.905    31.869     0.020     9.800    31.323  1568.931  1024.143    63.738   184.486
       615    63.744     4.429     0.000     4.031    -5.904    31.872     0.020     9.800    31.323  1568.770  1024.143    63.744   184.673
       616    63.750     4.432     0.000     4.034    -5.903    31.875     0.020     9.800    31.323  1568.617  1024.143    63.750   184.859
       617    63.756     4.434     0.000     4.038    -5.903    31.878     0.020     9.800    31.323  1568.471  1024.143    63.756   185.045
       618    63.762     4.437     0.000     4.042    -5.902    31.881     0.020     9.800    31.323  1568.332  1024.143    63.762   185.231
       619    63.767     4.439     0.000     4.046    -5.902    31.884     0.020     9.800    31.323  1568.200  1024.143    63.767   185.416
       620    63.772     4.442     0.000     4.050    -5.901    31.886     0.020     9.800    31.323  1568.074  1024.143    63.772   185.601
       621    63.777     4.444     0.000     4.053    -5.901    31.889     0.020     9.800    31.323  1567.955  1024.143    63.777   185.786
       622    63.782     4.446     0.000     4.057    -5.901    31.891     0.020     9.800    31.323  1567.843  1024.143    63.782   185.970
       623    63.786     4.448     0.000     4.061    -5.900    31.893     0.020     9.800    31.323  1567.738  1024.143    63.786   186.154
       624    63.790     4.449     0.000     4.065    -5.900    31.895     0.020     9.800    31.323  1567.639  1024.143    63.790   186.338
       625    63.794     4.451     0.000     4.068    -5.899    31.897     0.020     9.800    31.323  1567.547  1024.143    63.794   186.521
       626    63.797     4.452     0.000     4.072    -5.899    31.899     0.020     9.800    31.323  1567.461  1024.143    63.797   186.705
       627    63.801     4.454     0.000     4.076    -5.899    31.900     0.020     9.800    31.323  1567.382  1024.143    63.801   186.888
       628    63.804     4.455     0.000     4.080    -5.899    31.902     0.020     9.800    31.323  1567.309  1024.143    63.804   187.070
       629    63.806     4.456     0.000     4.083    -5.898    31.903     0.020     9.800    31.323  1567.243  1024.143    63.806   187.253
       630    63.809     4.457     0.000     4.087    -5.898    31.904     0.020     9.800    31.323  1567.183  1024.143    63.809   187.435
       631    63.811     4.458     0.000     4.091    -5.898    31.905     0.020     9.800    31.323  1567.129  1024.143    63.811   187.618
       632    63.813     4.459     0.000     4.094    -5.898    31.906     0.020     9.800    31.323  1567.082  1024.143    63.813   187.800
       633    63.815     4.460     0.000     4.098    -5.898    31.907     0.020     9.800    31.323  1567.040  1024.143    63.815   187.982
       634    63.816     4.460     0.000     4.102    -5.898    31.908     0.020     9.800    31.323  1567.005  1024.143    63.816   188.164
       635    63.817     4.461     0.000     4.106    -5.898    31.909     0.020     9.800    31.323  1566.977  1024.143    63.817   188.346
       636    63.818     4.461     0.000     4.109    -5.898    31.909     0.020     9.800    31.323  1566.954  1024.143    63.818   188.528
       637    63.819     4.461     0.000     4.113    -5.898    31.909     0.020     9.800    31.323  1566.938  1024.143    63.819   188.709
---------------------- Local maximum rise or fall --------------------
       638    63.819     4.462     0.000     4.117    -5.898    31.910     0.020     9.800    31.323  1566.927  1024.143    63.819   188.891
-------------------- Starting Farfield Calculations --------------------
Farfield dispersion based on wastefield width of :       4.46 (m)
4/3 Power Law based Eddy Diffusivity is used:
  Dilution     Width  Distance      Time     Conc.    Bckgrd
        ()       (m)       (m)    (hrs.)    (mg/L)    (mg/L)
    63.819     4.468     4.117     0.000  1566.927     0.000
    63.819     4.732     5.000     0.013  1571.259     0.000
    63.880     5.037     6.000     0.026  1571.259     0.000
    64.387     5.349     7.000     0.040  1571.259     0.000
    65.589     5.667     8.000     0.054  1571.259     0.000
    67.408     5.991     9.000     0.068  1571.259     0.000
    69.698     6.321    10.000     0.082  1486.631     0.000
    72.335     6.656    11.000     0.096  1486.631     0.000
    75.235     6.998    12.000     0.110  1486.631     0.000
    78.339     7.345    13.000     0.124  1486.631     0.000
    81.606     7.698    14.000     0.138  1232.296     0.000
    85.009     8.056    15.000     0.151  1232.296     0.000
    88.527     8.419    16.000     0.165  1232.296     0.000
    92.146     8.788    17.000     0.179  1232.296     0.000
    95.854     9.162    18.000     0.193  1232.296     0.000
    99.644     9.541    19.000     0.207  1012.542     0.000
   103.508     9.926    20.000     0.221  1012.542     0.000
   107.443    10.315    21.000     0.235  1012.542     0.000
   111.443    10.709    22.000     0.249  1012.542     0.000
   115.506    11.108    23.000     0.263  1012.542     0.000
   119.629    11.512    24.000     0.276   845.524     0.000
   123.809    11.921    25.000     0.290   845.524     0.000
   128.045    12.335    26.000     0.304   845.524     0.000
   132.336    12.753    27.000     0.318   845.524     0.000
   136.679    13.176    28.000     0.332   845.524     0.000
   141.073    13.603    29.000     0.346   718.418     0.000
   145.518    14.035    30.000     0.360   718.418     0.000
   150.012    14.472    31.000     0.374   718.418     0.000
   154.555    14.913    32.000     0.388   718.418     0.000
   159.145    15.358    33.000     0.401   718.418     0.000
   163.783    15.807    34.000     0.415   619.792     0.000
   168.466    16.261    35.000     0.429   619.792     0.000
   173.195    16.719    36.000     0.443   619.792     0.000
   177.970    17.182    37.000     0.457   619.792     0.000
   182.788    17.648    38.000     0.471   619.792     0.000
   187.651    18.119    39.000     0.485   541.668     0.000
   192.557    18.594    40.000     0.499   541.668     0.000
   197.506    19.073    41.000     0.513   541.668     0.000
   202.498    19.556    42.000     0.526   541.668     0.000
   207.532    20.043    43.000     0.540   541.668     0.000
   212.607    20.534    44.000     0.554   478.614     0.000
   217.724    21.028    45.000     0.568   478.614     0.000
   222.882    21.527    46.000     0.582   478.614     0.000
   228.081    22.030    47.000     0.596   478.614     0.000
   233.319    22.536    48.000     0.610   478.614     0.000
   238.598    23.047    49.000     0.624   426.880     0.000
   243.916    23.561    50.000     0.638   426.880     0.000
   249.273    24.079    51.000     0.651   426.880     0.000
   254.670    24.600    52.000     0.665   426.880     0.000
   260.105    25.126    53.000     0.679   426.880     0.000
   265.578    25.655    54.000     0.693   383.824     0.000
   271.090    26.188    55.000     0.707   383.824     0.000
   276.639    26.724    56.000     0.721   383.824     0.000
   282.226    27.264    57.000     0.735   383.824     0.000
   287.850    27.807    58.000     0.749   383.824     0.000
   293.511    28.354    59.000     0.763   347.543     0.000
   299.209    28.905    60.000     0.776   347.543     0.000
   304.944    29.459    61.000     0.790   347.543     0.000
   310.714    30.017    62.000     0.804   347.543     0.000
   316.521    30.578    63.000     0.818   316.634     0.000
   322.364    31.143    64.000     0.832   316.634     0.000
   328.242    31.711    65.000     0.846   316.634     0.000
   334.156    32.282    66.000     0.860   316.634     0.000
   340.105    32.857    67.000     0.874   316.634     0.000
   346.088    33.435    68.000     0.888   290.048     0.000
   352.107    34.017    69.000     0.901   290.048     0.000
   358.160    34.602    70.000     0.915   290.048     0.000
   364.247    35.190    71.000     0.929   290.048     0.000
   370.369    35.781    72.000     0.943   290.048     0.000
   376.525    36.376    73.000     0.957   266.984     0.000
   382.714    36.974    74.000     0.971   266.984     0.000
   388.937    37.575    75.000     0.985   266.984     0.000
   395.193    38.180    76.000     0.999   266.984     0.000
   401.483    38.788    77.000     1.013   266.984     0.000
   407.806    39.399    78.000     1.026   246.822     0.000
   414.161    40.013    79.000     1.040   246.822     0.000
   420.549    40.630    80.000     1.054   246.822     0.000
   426.970    41.250    81.000     1.068   246.822     0.000
   433.423    41.874    82.000     1.082   246.822     0.000
   439.909    42.500    83.000     1.096   229.075     0.000
   446.426    43.130    84.000     1.110   229.075     0.000
   452.975    43.763    85.000     1.124   229.075     0.000
   459.556    44.399    86.000     1.138   229.075     0.000
   466.169    45.038    87.000     1.151   229.075     0.000
   472.813    45.680    88.000     1.165   213.358     0.000
   479.488    46.324    89.000     1.179   213.358     0.000
   486.195    46.972    90.000     1.193   213.358     0.000
   492.932    47.623    91.000     1.207   213.358     0.000
   499.701    48.277    92.000     1.221   213.358     0.000
   506.500    48.934    93.000     1.235   199.359     0.000
   513.329    49.594    94.000     1.249   199.359     0.000
   520.189    50.257    95.000     1.263   199.359     0.000
   527.080    50.923    96.000     1.276   199.359     0.000
   534.000    51.591    97.000     1.290   199.359     0.000
   540.951    52.263    98.000     1.304   186.827     0.000
   547.931    52.937    99.000     1.318   186.827     0.000
   554.942    53.615   100.000     1.332   186.827     0.000
   561.981    54.295   101.000     1.346   186.827     0.000
   569.051    54.978   102.000     1.360   186.827     0.000
   576.150    55.664   103.000     1.374   175.554     0.000
   583.278    56.352   104.000     1.388   175.554     0.000
   590.435    57.044   105.000     1.401   175.554     0.000
   597.621    57.738   106.000     1.415   175.554     0.000
   604.837    58.435   107.000     1.429   175.554     0.000
   612.081    59.135   108.000     1.443   165.372     0.000
   619.353    59.838   109.000     1.457   165.372     0.000
   626.655    60.543   110.000     1.471   165.372     0.000
   633.985    61.251   111.000     1.485   165.372     0.000
   641.343    61.962   112.000     1.499   156.137     0.000
   648.729    62.676   113.000     1.513   156.137     0.000
   656.144    63.392   114.000     1.526   156.137     0.000
   663.586    64.111   115.000     1.540   156.137     0.000
   671.057    64.833   116.000     1.554   156.137     0.000
   678.555    65.557   117.000     1.568   147.731     0.000
   686.081    66.285   118.000     1.582   147.731     0.000
   693.635    67.014   119.000     1.596   147.731     0.000
   701.216    67.747   120.000     1.610   147.731     0.000
   708.825    68.482   121.000     1.624   147.731     0.000
   716.461    69.220   122.000     1.638   140.052     0.000
   724.124    69.960   123.000     1.651   140.052     0.000
   731.814    70.703   124.000     1.665   140.052     0.000
   739.532    71.449   125.000     1.679   140.052     0.000
   747.276    72.197   126.000     1.693   140.052     0.000
   755.047    72.948   127.000     1.707   133.017     0.000
   762.845    73.701   128.000     1.721   133.017     0.000
   770.670    74.457   129.000     1.735   133.017     0.000
   778.521    75.216   130.000     1.749   133.017     0.000
   786.399    75.977   131.000     1.763   133.017     0.000
   794.303    76.740   132.000     1.776   126.552     0.000
   802.233    77.507   133.000     1.790   126.552     0.000
   810.190    78.275   134.000     1.804   126.552     0.000
   818.172    79.046   135.000     1.818   126.552     0.000
   826.181    79.820   136.000     1.832   126.552     0.000
   834.216    80.597   137.000     1.846   120.594     0.000
   842.276    81.375   138.000     1.860   120.594     0.000
   850.363    82.157   139.000     1.874   120.594     0.000
   858.475    82.940   140.000     1.888   120.594     0.000
   866.613    83.727   141.000     1.901   120.594     0.000
   874.776    84.515   142.000     1.915   115.089     0.000
   882.965    85.306   143.000     1.929   115.089     0.000
   891.179    86.100   144.000     1.943   115.089     0.000
   899.418    86.896   145.000     1.957   115.089     0.000
   907.683    87.695   146.000     1.971   115.089     0.000
   915.973    88.495   147.000     1.985   109.990     0.000
   924.288    89.299   148.000     1.999   109.990     0.000
   932.628    90.105   149.000     2.013   109.990     0.000
   940.993    90.913   150.000     2.026   109.990     0.000
   949.383    91.723   151.000     2.040   109.990     0.000
   957.797    92.536   152.000     2.054   105.258     0.000
   966.236    93.352   153.000     2.068   105.258     0.000
   974.700    94.169   154.000     2.082   105.258     0.000
   983.189    94.989   155.000     2.096   105.258     0.000
   991.702    95.812   156.000     2.110   100.855     0.000
  1000.239    96.637   157.000     2.124   100.855     0.000
  1008.801    97.464   158.000     2.138   100.855     0.000
  1017.387    98.293   159.000     2.151   100.855     0.000
  1025.997    99.125   160.000     2.165   100.855     0.000
  1034.632    99.960   161.000     2.179    96.751     0.000
  1043.290   100.796   162.000     2.193    96.751     0.000
  1051.973   101.635   163.000     2.207    96.751     0.000
  1060.679   102.476   164.000     2.221    96.751     0.000
  1069.410   103.320   165.000     2.235    96.751     0.000
  1078.164   104.165   166.000     2.249    92.918     0.000
  1086.942   105.013   167.000     2.263    92.918     0.000
  1095.744   105.864   168.000     2.276    92.918     0.000
  1104.569   106.716   169.000     2.290    92.918     0.000
  1113.418   107.571   170.000     2.304    92.918     0.000
  1122.290   108.429   171.000     2.318    89.331     0.000
  1131.186   109.288   172.000     2.332    89.331     0.000
  1140.105   110.150   173.000     2.346    89.331     0.000
  1149.048   111.014   174.000     2.360    89.331     0.000
  1158.013   111.880   175.000     2.374    89.331     0.000
  1167.002   112.748   176.000     2.388    85.969     0.000
  1176.014   113.619   177.000     2.401    85.969     0.000
  1185.050   114.492   178.000     2.415    85.969     0.000
  1194.108   115.367   179.000     2.429    85.969     0.000
  1203.189   116.245   180.000     2.443    85.969     0.000
  1212.293   117.124   181.000     2.457    82.813     0.000
  1221.420   118.006   182.000     2.471    82.813     0.000
  1230.570   118.890   183.000     2.485    82.813     0.000
  1239.742   119.776   184.000     2.499    82.813     0.000
  1248.937   120.664   185.000     2.513    82.813     0.000
  1258.155   121.555   186.000     2.526    79.846     0.000
  1267.395   122.448   187.000     2.540    79.846     0.000
  1276.658   123.343   188.000     2.554    79.846     0.000
  1285.944   124.240   189.000     2.568    79.846     0.000
  1295.251   125.139   190.000     2.582    79.846     0.000
  1304.581   126.040   191.000     2.596    77.052     0.000
  1313.934   126.944   192.000     2.610    77.052     0.000
  1323.308   127.850   193.000     2.624    77.052     0.000
  1332.705   128.758   194.000     2.638    77.052     0.000
  1342.124   129.668   195.000     2.651    77.052     0.000
  1351.565   130.580   196.000     2.665    74.416     0.000
  1361.028   131.494   197.000     2.679    74.416     0.000
  1370.513   132.410   198.000     2.693    74.416     0.000
  1380.020   133.329   199.000     2.707    74.416     0.000
  1389.549   134.249   200.000     2.721    74.416     0.000
  1399.099   135.172   201.000     2.735    71.928     0.000
  1408.672   136.097   202.000     2.749    71.928     0.000
  1418.266   137.024   203.000     2.763    71.928     0.000
  1427.882   137.953   204.000     2.776    71.928     0.000
  1437.519   138.884   205.000     2.790    69.576     0.000
  1447.178   139.817   206.000     2.804    69.576     0.000
............................. Reached Chronic Mixing Zone ..........................
  1456.859   140.753   207.000     2.818    69.576     0.000
  1466.561   141.690   208.000     2.832    69.576     0.000
  1476.284   142.629   209.000     2.846    69.576     0.000
  1486.029   143.571   210.000     2.860    67.348     0.000
  1495.796   144.514   211.000     2.874    67.348     0.000
  1505.583   145.460   212.000     2.888    67.348     0.000
  1515.392   146.408   213.000     2.901    67.348     0.000
  1525.222   147.357   214.000     2.915    67.348     0.000
  1535.073   148.309   215.000     2.929    65.238     0.000
  1544.946   149.263   216.000     2.943    65.238     0.000
  1554.839   150.219   217.000     2.957    65.238     0.000
  1564.754   151.177   218.000     2.971    65.238     0.000
  1574.689   152.137   219.000     2.985    65.238     0.000
  1584.645   153.099   220.000     2.999    63.235     0.000
  1594.623   154.063   221.000     3.013    63.235     0.000
  1604.621   155.028   222.000     3.026    63.235     0.000
  1614.640   155.996   223.000     3.040    63.235     0.000
  1624.679   156.966   224.000     3.054    63.235     0.000
  1634.740   157.938   225.000     3.068    61.333     0.000
  1644.821   158.912   226.000     3.082    61.333     0.000
  1654.922   159.888   227.000     3.096    61.333     0.000
  1665.045   160.866   228.000     3.110    61.333     0.000
  1675.188   161.846   229.000     3.124    61.333     0.000
  1685.351   162.828   230.000     3.138    59.524     0.000
  1695.535   163.812   231.000     3.151    59.524     0.000
  1705.739   164.798   232.000     3.165    59.524     0.000
  1715.964   165.786   233.000     3.179    59.524     0.000
  1726.209   166.776   234.000     3.193    59.524     0.000
  1736.474   167.767   235.000     3.207    57.802     0.000
  1746.760   168.761   236.000     3.221    57.802     0.000
  1757.066   169.757   237.000     3.235    57.802     0.000
  1767.392   170.754   238.000     3.249    57.802     0.000
  1777.738   171.754   239.000     3.263    57.802     0.000
  1788.104   172.756   240.000     3.276    56.162     0.000
  1798.490   173.759   241.000     3.290    56.162     0.000
  1808.897   174.764   242.000     3.304    56.162     0.000
  1819.323   175.772   243.000     3.318    56.162     0.000
  1829.770   176.781   244.000     3.332    56.162     0.000
  1840.236   177.792   245.000     3.346    54.598     0.000
  1850.722   178.805   246.000     3.360    54.598     0.000
  1861.228   179.820   247.000     3.374    54.598     0.000
  1871.754   180.837   248.000     3.388    54.598     0.000
  1882.299   181.856   249.000     3.401    54.598     0.000
  1892.864   182.877   250.000     3.415    53.105     0.000
  1903.449   183.899   251.000     3.429    53.105     0.000
  1914.054   184.924   252.000     3.443    53.105     0.000
  1924.678   185.950   253.000     3.457    53.105     0.000
  1935.322   186.979   254.000     3.471    51.679     0.000
  1945.985   188.009   255.000     3.485    51.679     0.000
  1956.668   189.041   256.000     3.499    51.679     0.000
  1967.371   190.075   257.000     3.513    51.679     0.000
  1978.093   191.111   258.000     3.526    51.679     0.000
  1988.834   192.149   259.000     3.540    50.316     0.000
  1999.594   193.188   260.000     3.554    50.316     0.000
  2010.374   194.230   261.000     3.568    50.316     0.000
  2021.174   195.273   262.000     3.582    50.316     0.000
  2031.992   196.318   263.000     3.596    50.316     0.000
  2042.830   197.366   264.000     3.610    49.011     0.000
  2053.687   198.415   265.000     3.624    49.011     0.000
  2064.563   199.465   266.000     3.638    49.011     0.000
  2075.458   200.518   267.000     3.651    49.011     0.000
  2086.372   201.572   268.000     3.665    49.011     0.000
  2097.306   202.629   269.000     3.679    47.762     0.000
  2108.258   203.687   270.000     3.693    47.762     0.000
  2119.230   204.747   271.000     3.707    47.762     0.000
  2130.220   205.809   272.000     3.721    47.762     0.000
  2141.229   206.872   273.000     3.735    47.762     0.000
  2152.257   207.938   274.000     3.749    46.565     0.000
  2163.305   209.005   275.000     3.763    46.565     0.000
  2174.371   210.074   276.000     3.776    46.565     0.000
  2185.455   211.145   277.000     3.790    46.565     0.000
  2196.559   212.218   278.000     3.804    46.565     0.000
  2207.681   213.293   279.000     3.818    45.418     0.000
  2218.822   214.369   280.000     3.832    45.418     0.000
  2229.982   215.447   281.000     3.846    45.418     0.000
  2241.160   216.527   282.000     3.860    45.418     0.000
  2252.357   217.609   283.000     3.874    45.418     0.000
  2263.572   218.692   284.000     3.888    44.316     0.000
  2274.806   219.778   285.000     3.901    44.316     0.000
  2286.059   220.865   286.000     3.915    44.316     0.000
  2297.330   221.954   287.000     3.929    44.316     0.000
  2308.619   223.045   288.000     3.943    44.316     0.000
  2319.927   224.137   289.000     3.957    43.259     0.000
  2331.254   225.231   290.000     3.971    43.259     0.000
  2342.598   226.327   291.000     3.985    43.259     0.000
  2353.962   227.425   292.000     3.999    43.259     0.000
  2365.343   228.525   293.000     4.013    43.259     0.000
  2376.743   229.626   294.000     4.026    42.243     0.000
  2388.160   230.729   295.000     4.040    42.243     0.000
  2399.597   231.834   296.000     4.054    42.243     0.000
  2411.051   232.941   297.000     4.068    42.243     0.000
  2422.523   234.049   298.000     4.082    42.243     0.000
  2434.014   235.159   299.000     4.096    41.266     0.000
  2445.523   236.271   300.000     4.110    41.266     0.000
  2457.050   237.385   301.000     4.124    41.266     0.000
  2468.595   238.500   302.000     4.138    41.266     0.000
  2480.158   239.618   303.000     4.151    40.326     0.000
  2491.738   240.736   304.000     4.165    40.326     0.000
  2503.337   241.857   305.000     4.179    40.326     0.000
  2514.954   242.979   306.000     4.193    40.326     0.000
  2526.589   244.103   307.000     4.207    40.326     0.000
  2538.242   245.229   308.000     4.221    39.421     0.000
  2549.912   246.357   309.000     4.235    39.421     0.000
  2561.600   247.486   310.000     4.249    39.421     0.000
  2573.307   248.617   311.000     4.263    39.421     0.000
  2585.030   249.750   312.000     4.276    39.421     0.000
  2596.772   250.884   313.000     4.290    38.550     0.000
  2608.531   252.020   314.000     4.304    38.550     0.000
  2620.309   253.158   315.000     4.318    38.550     0.000
  2632.103   254.298   316.000     4.332    38.550     0.000
  2643.916   255.439   317.000     4.346    38.550     0.000
  2655.746   256.582   318.000     4.360    37.710     0.000
  2667.593   257.726   319.000     4.374    37.710     0.000
  2679.458   258.873   320.000     4.388    37.710     0.000
  2691.341   260.021   321.000     4.401    37.710     0.000
  2703.241   261.171   322.000     4.415    37.710     0.000
  2715.159   262.322   323.000     4.429    36.901     0.000
  2727.094   263.475   324.000     4.443    36.901     0.000
  2739.047   264.630   325.000     4.457    36.901     0.000
  2751.017   265.786   326.000     4.471    36.901     0.000
  2763.004   266.944   327.000     4.485    36.901     0.000
  2775.009   268.104   328.000     4.499    36.119     0.000
  2787.031   269.266   329.000     4.513    36.119     0.000
  2799.071   270.429   330.000     4.526    36.119     0.000
  2811.127   271.594   331.000     4.540    36.119     0.000
  2823.201   272.760   332.000     4.554    36.119     0.000
  2835.292   273.929   333.000     4.568    35.365     0.000
  2847.401   275.098   334.000     4.582    35.365     0.000
  2859.526   276.270   335.000     4.596    35.365     0.000
  2871.669   277.443   336.000     4.610    35.365     0.000
  2883.829   278.618   337.000     4.624    35.365     0.000
  2896.006   279.794   338.000     4.638    34.637     0.000
  2908.200   280.972   339.000     4.651    34.637     0.000
  2920.411   282.152   340.000     4.665    34.637     0.000
  2932.640   283.334   341.000     4.679    34.637     0.000
  2944.885   284.517   342.000     4.693    34.637     0.000
  2957.147   285.701   343.000     4.707    33.934     0.000
  2969.426   286.888   344.000     4.721    33.934     0.000
  2981.723   288.076   345.000     4.735    33.934     0.000
  2994.036   289.265   346.000     4.749    33.934     0.000
  3006.366   290.457   347.000     4.763    33.934     0.000
  3018.712   291.649   348.000     4.776    33.254     0.000
  3031.076   292.844   349.000     4.790    33.254     0.000
  3043.457   294.040   350.000     4.804    33.254     0.000
  3055.854   295.238   351.000     4.818    33.254     0.000
  3068.268   296.437   352.000     4.832    32.596     0.000
  3080.699   297.638   353.000     4.846    32.596     0.000
  3093.147   298.841   354.000     4.860    32.596     0.000
  3105.611   300.045   355.000     4.874    32.596     0.000
  3118.092   301.251   356.000     4.888    32.596     0.000
  3130.590   302.458   357.000     4.901    31.960     0.000
  3143.105   303.667   358.000     4.915    31.960     0.000
  3155.636   304.878   359.000     4.929    31.960     0.000
  3168.183   306.090   360.000     4.943    31.960     0.000
  3180.747   307.304   361.000     4.957    31.960     0.000
  3193.328   308.520   362.000     4.971    31.345     0.000
  3205.926   309.737   363.000     4.985    31.345     0.000
  3218.539   310.955   364.000     4.999    31.345     0.000
  3231.170   312.176   365.000     5.013    31.345     0.000
  3243.817   313.398   366.000     5.026    31.345     0.000
  3256.480   314.621   367.000     5.040    30.748     0.000
  3269.160   315.846   368.000     5.054    30.748     0.000
  3281.856   317.073   369.000     5.068    30.748     0.000
  3294.568   318.301   370.000     5.082    30.748     0.000
  3307.297   319.531   371.000     5.096    30.748     0.000
  3320.043   320.762   372.000     5.110    30.171     0.000
  3332.804   321.995   373.000     5.124    30.171     0.000
  3345.582   323.230   374.000     5.138    30.171     0.000
  3358.376   324.466   375.000     5.151    30.171     0.000
  3371.187   325.703   376.000     5.165    30.171     0.000
  3384.014   326.943   377.000     5.179    29.611     0.000
  3396.857   328.183   378.000     5.193    29.611     0.000
  3409.716   329.426   379.000     5.207    29.611     0.000
  3422.591   330.670   380.000     5.221    29.611     0.000
  3435.482   331.915   381.000     5.235    29.611     0.000
  3448.390   333.162   382.000     5.249    29.069     0.000
  3461.314   334.411   383.000     5.263    29.069     0.000
  3474.254   335.661   384.000     5.276    29.069     0.000
  3487.210   336.913   385.000     5.290    29.069     0.000
  3500.182   338.166   386.000     5.304    29.069     0.000
  3513.170   339.421   387.000     5.318    28.542     0.000
  3526.174   340.677   388.000     5.332    28.542     0.000
  3539.194   341.935   389.000     5.346    28.542     0.000
  3552.230   343.195   390.000     5.360    28.542     0.000
  3565.282   344.456   391.000     5.374    28.542     0.000
  3578.350   345.718   392.000     5.388    28.032     0.000
  3591.434   346.982   393.000     5.401    28.032     0.000
  3604.534   348.248   394.000     5.415    28.032     0.000
  3617.650   349.515   395.000     5.429    28.032     0.000
  3630.781   350.784   396.000     5.443    28.032     0.000
  3643.929   352.054   397.000     5.457    27.536     0.000
  3657.092   353.326   398.000     5.471    27.536     0.000
  3670.271   354.599   399.000     5.485    27.536     0.000
  3683.466   355.874   400.000     5.499    27.536     0.000
  3696.677   357.150   401.000     5.513    27.055     0.000
  3709.903   358.428   402.000     5.526    27.055     0.000
  3723.145   359.707   403.000     5.540    27.055     0.000
  3736.403   360.988   404.000     5.554    27.055     0.000
  3749.677   362.271   405.000     5.568    27.055     0.000
  3762.966   363.555   406.000     5.582    26.588     0.000
  3776.271   364.840   407.000     5.596    26.588     0.000
  3789.591   366.127   408.000     5.610    26.588     0.000
  3802.928   367.415   409.000     5.624    26.588     0.000
  3816.279   368.705   410.000     5.638    26.588     0.000
  3829.647   369.997   411.000     5.651    26.134     0.000
  3843.030   371.290   412.000     5.665    26.134     0.000
  3856.428   372.584   413.000     5.679    26.134     0.000
  3869.842   373.880   414.000     5.693    26.134     0.000
  3883.272   375.178   415.000     5.707    26.134     0.000
  3896.717   376.477   416.000     5.721    25.693     0.000
  3910.177   377.777   417.000     5.735    25.693     0.000
  3923.653   379.079   418.000     5.749    25.693     0.000
  3937.145   380.383   419.000     5.763    25.693     0.000
  3950.652   381.688   420.000     5.776    25.693     0.000
  3964.174   382.994   421.000     5.790    25.264     0.000
  3977.712   384.302   422.000     5.804    25.264     0.000
  3991.265   385.611   423.000     5.818    25.264     0.000
  4004.833   386.922   424.000     5.832    25.264     0.000
  4018.417   388.235   425.000     5.846    25.264     0.000
  4032.016   389.549   426.000     5.860    24.847     0.000
  4045.630   390.864   427.000     5.874    24.847     0.000
  4059.260   392.181   428.000     5.888    24.847     0.000
  4072.905   393.499   429.000     5.901    24.847     0.000
  4086.565   394.819   430.000     5.915    24.847     0.000
  4100.241   396.140   431.000     5.929    24.441     0.000
  4113.931   397.463   432.000     5.943    24.441     0.000
  4127.637   398.787   433.000     5.957    24.441     0.000
  4141.358   400.113   434.000     5.971    24.441     0.000
  4155.094   401.440   435.000     5.985    24.441     0.000
  4168.846   402.768   436.000     5.999    24.047     0.000
  4182.612   404.098   437.000     6.013    24.047     0.000
  4196.394   405.430   438.000     6.026    24.047     0.000
  4210.191   406.763   439.000     6.040    24.047     0.000
  4224.002   408.097   440.000     6.054    24.047     0.000
  4237.829   409.433   441.000     6.068    23.662     0.000
  4251.671   410.770   442.000     6.082    23.662     0.000
  4265.528   412.109   443.000     6.096    23.662     0.000
  4279.400   413.449   444.000     6.110    23.662     0.000
  4293.287   414.791   445.000     6.124    23.662     0.000
  4307.189   416.134   446.000     6.138    23.288     0.000
  4321.106   417.479   447.000     6.151    23.288     0.000
  4335.038   418.825   448.000     6.165    23.288     0.000
  4348.985   420.172   449.000     6.179    23.288     0.000
  4362.947   421.521   450.000     6.193    22.924     0.000
  4376.924   422.871   451.000     6.207    22.924     0.000
  4390.915   424.223   452.000     6.221    22.924     0.000
  4404.922   425.576   453.000     6.235    22.924     0.000
  4418.943   426.931   454.000     6.249    22.924     0.000
  4432.979   428.287   455.000     6.263    22.569     0.000
  4447.030   429.645   456.000     6.276    22.569     0.000
  4461.096   431.004   457.000     6.290    22.569     0.000
  4475.177   432.364   458.000     6.304    22.569     0.000
  4489.272   433.726   459.000     6.318    22.569     0.000
  4503.382   435.089   460.000     6.332    22.223     0.000
  4517.507   436.454   461.000     6.346    22.223     0.000
  4531.647   437.820   462.000     6.360    22.223     0.000
  4545.801   439.187   463.000     6.374    22.223     0.000
  4559.970   440.556   464.000     6.388    22.223     0.000
  4574.154   441.927   465.000     6.401    21.886     0.000
  4588.352   443.298   466.000     6.415    21.886     0.000
  4602.566   444.672   467.000     6.429    21.886     0.000
  4616.793   446.046   468.000     6.443    21.886     0.000
  4631.036   447.422   469.000     6.457    21.886     0.000
  4645.293   448.800   470.000     6.471    21.557     0.000
  4659.564   450.178   471.000     6.485    21.557     0.000
  4673.851   451.559   472.000     6.499    21.557     0.000
  4688.151   452.940   473.000     6.513    21.557     0.000
  4702.467   454.323   474.000     6.526    21.557     0.000
  4716.797   455.708   475.000     6.540    21.236     0.000
  4731.141   457.094   476.000     6.554    21.236     0.000
  4745.500   458.481   477.000     6.568    21.236     0.000
  4759.873   459.870   478.000     6.582    21.236     0.000
  4774.261   461.260   479.000     6.596    21.236     0.000
  4788.664   462.651   480.000     6.610    20.923     0.000
  4803.080   464.044   481.000     6.624    20.923     0.000
  4817.512   465.438   482.000     6.638    20.923     0.000
  4831.957   466.834   483.000     6.651    20.923     0.000
  4846.417   468.231   484.000     6.665    20.923     0.000
  4860.892   469.629   485.000     6.679    20.618     0.000
  4875.381   471.029   486.000     6.693    20.618     0.000
  4889.884   472.430   487.000     6.707    20.618     0.000
  4904.401   473.833   488.000     6.721    20.618     0.000
  4918.933   475.237   489.000     6.735    20.618     0.000
  4933.480   476.642   490.000     6.749    20.321     0.000
  4948.040   478.049   491.000     6.763    20.321     0.000
  4962.615   479.457   492.000     6.776    20.321     0.000
  4977.204   480.867   493.000     6.790    20.321     0.000
  4991.808   482.278   494.000     6.804    20.321     0.000
  5006.425   483.690   495.000     6.818    20.030     0.000
  5021.057   485.104   496.000     6.832    20.030     0.000
  5035.703   486.519   497.000     6.846    20.030     0.000
  5050.364   487.935   498.000     6.860    20.030     0.000
  5065.038   489.353   499.000     6.874    19.746     0.000
  5079.727   490.772   500.000     6.888    19.746     0.000
  5094.430   492.192   501.000     6.901    19.746     0.000
  5109.147   493.614   502.000     6.915    19.746     0.000
  5123.878   495.037   503.000     6.929    19.746     0.000
  5136.567   496.263   503.861     6.941    19.469     0.000
