****************************************************************************************************
----------------------------------------------------------------------------------------------------
Ambient Table:
     Depth   Amb-cur   Amb-dir   Amb-sal   Amb-tem   Amb-pol     Decay   Far-spd   Far-dir   Disprsn
       (m)     (m/s)     (deg)     (psu)       (C)    (mg/L)   (1/day)     (m/s)     (deg)(m0.67/s2)
     0.000     0.020    90.000    30.900    11.200     0.000     0.000     0.020    90.000   0.00030
     3.000     0.020    90.000    31.200    10.400     0.000     0.000     0.020    90.000   0.00030
     6.000     0.020    90.000    31.200     9.690     0.000     0.000     0.020    90.000   0.00030
     9.000     0.020    90.000    31.700     9.440     0.000     0.000     0.020    90.000   0.00030
    12.000     0.020    90.000    31.800     9.340     0.000     0.000     0.020    90.000   0.00030
    15.000     0.050    90.000    31.900     9.220     0.000     0.000     0.020    90.000   0.00030
----------------------------------------------------------------------------------------------------
Diffuser Table:
     P-dia    P-elev   V-angle   H-angle     Ports   Spacing   AcuteMZ   ChrncMZ   P-depth   Ttl-flo   Eff-sal      Temp   Polutnt
       (m)       (m)     (deg)     (deg)       ( )       (m)       (m)       (m)       (m)     (cms)     (psu)       (C)    (mg/L)
      0.40     15.00    -45.00     90.00      1.00      0.00     20.70    207.00      2.40      0.01     35.00     10.00 100000.00
----------------------------------------------------------------------------------------------------
Simulation Results:
              Dilutn     P-dia    x-posn    y-posn     Depth    CL-Dil  Amb-Curr    P-Temp     P-Sal    P-Con.     P-Den   Net-Dil      Time
      Step (FluxAvg)       (m)       (m)       (m)       (m)        ()     (m/s)       (C)     (psu)    (mg/L)   (kg/m3)        ()       (s)
         1     1.010     0.314     0.000     0.010    -2.411     1.000     0.020    10.005    34.964 99053.831  1026.945     1.010     0.218
         2     1.012     0.305     0.000     0.011    -2.413     1.000     0.020    10.006    34.956 98854.429  1026.939     1.012     0.242
         3     1.014     0.304     0.000     0.012    -2.414     1.000     0.020    10.008    34.947 98611.165  1026.931     1.014     0.269
         4     1.017     0.304     0.000     0.014    -2.416     1.000     0.020    10.009    34.937 98351.837  1026.923     1.017     0.296
         5     1.020     0.303     0.000     0.015    -2.417     1.000     0.020    10.011    34.926 98076.745  1026.915     1.020     0.325
         6     1.023     0.302     0.000     0.016    -2.419     1.000     0.020    10.012    34.915 97784.784  1026.906     1.023     0.354
         7     1.026     0.302     0.000     0.018    -2.420     1.000     0.020    10.014    34.903 97475.177  1026.896     1.026     0.383
         8     1.029     0.301     0.000     0.019    -2.422     1.000     0.020    10.016    34.891 97156.330  1026.886     1.029     0.413
         9     1.033     0.301     0.000     0.020    -2.424     1.000     0.020    10.018    34.878 96828.778  1026.876     1.033     0.444
        10     1.036     0.300     0.000     0.022    -2.426     1.000     0.020    10.019    34.865 96492.197  1026.866     1.036     0.476
        11     1.040     0.300     0.000     0.023    -2.428     1.000     0.020    10.021    34.852 96146.258  1026.855     1.040     0.508
        12     1.044     0.299     0.000     0.025    -2.430     1.000     0.020    10.023    34.838 95790.613  1026.844     1.044     0.541
        13     1.048     0.299     0.000     0.026    -2.432     1.000     0.020    10.025    34.824 95424.902  1026.833     1.048     0.575
        14     1.052     0.299     0.000     0.028    -2.434     1.000     0.020    10.027    34.810 95048.746  1026.821     1.052     0.610
        15     1.056     0.298     0.000     0.029    -2.436     1.000     0.020    10.030    34.795 94661.749  1026.809     1.056     0.645
        16     1.061     0.298     0.000     0.031    -2.438     1.000     0.020    10.032    34.779 94263.494  1026.797     1.061     0.681
        17     1.065     0.297     0.000     0.033    -2.440     1.000     0.020    10.034    34.764 93853.549  1026.784     1.065     0.718
        18     1.070     0.297     0.000     0.034    -2.443     1.000     0.020    10.036    34.747 93431.456  1026.771     1.070     0.756
        19     1.075     0.296     0.000     0.036    -2.445     1.000     0.020    10.039    34.731 92996.738  1026.758     1.075     0.796
        20     1.081     0.296     0.000     0.038    -2.448     1.000     0.020    10.041    34.713 92548.895  1026.744     1.081     0.836
        21     1.086     0.296     0.000     0.040    -2.451     1.000     0.020    10.044    34.696 92087.400  1026.730     1.086     0.877
        22     1.092     0.295     0.000     0.041    -2.454     1.000     0.020    10.046    34.677 91611.701  1026.715     1.092     0.919
        23     1.097     0.295     0.000     0.043    -2.457     1.000     0.020    10.049    34.658 91121.220  1026.700     1.097     0.962
        24     1.104     0.295     0.000     0.045    -2.460     1.000     0.020    10.052    34.639 90615.349  1026.684     1.104     1.007
        25     1.110     0.294     0.000     0.047    -2.463     1.000     0.020    10.055    34.619 90093.447  1026.668     1.110     1.053
        26     1.117     0.294     0.000     0.049    -2.466     1.000     0.020    10.057    34.598 89554.842  1026.651     1.117     1.100
        27     1.124     0.294     0.000     0.051    -2.470     1.000     0.020    10.060    34.577 88998.829  1026.634     1.124     1.149
        28     1.131     0.294     0.000     0.054    -2.473     1.000     0.020    10.064    34.555 88424.663  1026.616     1.131     1.199
        29     1.139     0.294     0.000     0.056    -2.477     1.000     0.020    10.067    34.532 87831.563  1026.598     1.139     1.251
        30     1.147     0.294     0.000     0.058    -2.481     1.000     0.020    10.070    34.508 87218.703  1026.579     1.147     1.305
        31     1.155     0.293     0.000     0.061    -2.485     1.000     0.020    10.073    34.484 86585.216  1026.560     1.155     1.360
        32     1.164     0.293     0.000     0.063    -2.489     1.000     0.020    10.077    34.459 85930.187  1026.539     1.164     1.417
        33     1.173     0.293     0.000     0.065    -2.494     1.000     0.020    10.081    34.433 85252.653  1026.518     1.173     1.476
        34     1.183     0.293     0.000     0.068    -2.499     1.000     0.020    10.084    34.406 84551.594  1026.497     1.183     1.537
        35     1.193     0.294     0.000     0.071    -2.504     1.000     0.020    10.088    34.378 83824.585  1026.474     1.193     1.601
        36     1.204     0.294     0.000     0.073    -2.509     1.000     0.020    10.092    34.349 83069.933  1026.451     1.204     1.667
        37     1.215     0.294     0.000     0.076    -2.514     1.000     0.020    10.096    34.319 82286.264  1026.427     1.215     1.735
        38     1.227     0.294     0.000     0.079    -2.520     1.000     0.020    10.101    34.288 81472.255  1026.402     1.227     1.807
        39     1.240     0.295     0.000     0.082    -2.526     1.000     0.020    10.105    34.255 80626.530  1026.376     1.240     1.881
        40     1.254     0.295     0.000     0.085    -2.533     1.000     0.020    10.110    34.221 79747.640  1026.349     1.254     1.958
        41     1.268     0.296     0.000     0.089    -2.540     1.000     0.020    10.114    34.186 78834.051  1026.321     1.268     2.039
        42     1.284     0.296     0.000     0.092    -2.547     1.000     0.020    10.119    34.150 77884.141  1026.291     1.284     2.124
        43     1.300     0.297     0.000     0.096    -2.554     1.000     0.020    10.124    34.112 76896.193  1026.261     1.300     2.212
        44     1.318     0.298     0.000     0.099    -2.562     1.000     0.020    10.130    34.073 75868.385  1026.229     1.318     2.305
        45     1.337     0.299     0.000     0.103    -2.571     1.000     0.020    10.135    34.032 74798.783  1026.196     1.337     2.402
        46     1.357     0.300     0.000     0.107    -2.580     1.000     0.020    10.141    33.989 73685.335  1026.162     1.357     2.505
        47     1.379     0.301     0.000     0.111    -2.590     1.000     0.020    10.147    33.944 72525.854  1026.126     1.379     2.613
        48     1.402     0.303     0.000     0.116    -2.600     1.000     0.020    10.153    33.898 71318.010  1026.089     1.402     2.727
        49     1.427     0.304     0.000     0.120    -2.611     1.000     0.020    10.159    33.850 70059.315  1026.051     1.427     2.847
        50     1.455     0.306     0.000     0.125    -2.623     1.000     0.020    10.166    33.800 68747.107  1026.010     1.455     2.975
        51     1.484     0.308     0.000     0.130    -2.635     1.000     0.020    10.172    33.748 67396.403  1025.969     1.484     3.110
        52     1.513     0.310     0.000     0.135    -2.648     1.000     0.020    10.179    33.697 66072.292  1025.928     1.513     3.244
        53     1.544     0.312     0.000     0.140    -2.660     1.000     0.020    10.185    33.647 64774.247  1025.889     1.544     3.379
        54     1.575     0.314     0.000     0.145    -2.673     1.000     0.020    10.191    33.599 63501.754  1025.850     1.575     3.514
        55     1.606     0.317     0.000     0.150    -2.686     1.000     0.020    10.197    33.551 62254.307  1025.812     1.606     3.649
        56     1.639     0.319     0.000     0.155    -2.699     1.000     0.020    10.203    33.504 61031.411  1025.774     1.639     3.785
        57     1.671     0.322     0.000     0.160    -2.712     1.000     0.020    10.208    33.459 59832.582  1025.738     1.671     3.921
        58     1.705     0.324     0.000     0.165    -2.726     1.000     0.020    10.213    33.414 58657.345  1025.702     1.705     4.058
        59     1.739     0.327     0.000     0.170    -2.739     1.000     0.020    10.219    33.370 57505.232  1025.667     1.739     4.195
        60     1.774     0.330     0.000     0.174    -2.753     1.000     0.020    10.224    33.327 56375.789  1025.632     1.774     4.334
        61     1.809     0.333     0.000     0.179    -2.766     1.000     0.020    10.228    33.284 55268.566  1025.599     1.809     4.473
        62     1.846     0.336     0.000     0.184    -2.780     1.000     0.020    10.233    33.243 54183.126  1025.566     1.846     4.613
        63     1.883     0.339     0.000     0.189    -2.794     1.000     0.020    10.238    33.203 53119.039  1025.533     1.883     4.754
        64     1.920     0.342     0.000     0.194    -2.808     1.000     0.020    10.242    33.163 52075.883  1025.502     1.920     4.896
        65     1.959     0.345     0.000     0.198    -2.822     1.000     0.020    10.246    33.124 51053.245  1025.471     1.959     5.040
        66     1.998     0.349     0.000     0.203    -2.837     1.000     0.020    10.250    33.086 50050.721  1025.440     1.998     5.184
        67     2.038     0.352     0.000     0.208    -2.851     1.019     0.020    10.254    33.048 49067.913  1025.411     2.038     5.330
        68     2.079     0.355     0.000     0.213    -2.866     1.039     0.020    10.258    33.012 48104.432  1025.382     2.079     5.477
        69     2.120     0.359     0.000     0.218    -2.881     1.060     0.020    10.261    32.976 47159.898  1025.353     2.120     5.626
        70     2.163     0.363     0.000     0.222    -2.896     1.081     0.020    10.265    32.941 46233.937  1025.325     2.163     5.775
        71     2.206     0.366     0.000     0.227    -2.911     1.103     0.020    10.268    32.907 45326.182  1025.298     2.206     5.927
        72     2.250     0.370     0.000     0.232    -2.926     1.125     0.020    10.271    32.873 44436.275  1025.271     2.250     6.079
        73     2.295     0.374     0.000     0.237    -2.941     1.148     0.020    10.274    32.840 43563.864  1025.245     2.295     6.234
        74     2.341     0.378     0.000     0.242    -2.957     1.171     0.020    10.277    32.808 42708.603  1025.219     2.341     6.390
        75     2.388     0.382     0.000     0.247    -2.973     1.194     0.020    10.280    32.776 41870.155  1025.194     2.388     6.547
        76     2.436     0.386     0.000     0.251    -2.988     1.218     0.020    10.282    32.745 41048.189  1025.170     2.436     6.707
        77     2.485     0.390     0.000     0.256    -3.004     1.242     0.020    10.285    32.715 40242.380  1025.146     2.485     6.868
        78     2.535     0.394     0.000     0.261    -3.021     1.267     0.020    10.287    32.685 39452.408  1025.122     2.535     7.030
        79     2.585     0.398     0.000     0.266    -3.037     1.293     0.020    10.289    32.656 38677.963  1025.099     2.585     7.195
        80     2.637     0.403     0.000     0.271    -3.053     1.319     0.020    10.291    32.627 37918.737  1025.077     2.637     7.362
        81     2.690     0.407     0.000     0.276    -3.070     1.345     0.020    10.293    32.599 37174.431  1025.055     2.690     7.530
        82     2.744     0.411     0.000     0.281    -3.087     1.372     0.020    10.295    32.572 36444.751  1025.033     2.744     7.701
        83     2.799     0.416     0.000     0.286    -3.104     1.399     0.020    10.297    32.545 35729.408  1025.012     2.799     7.873
        84     2.855     0.421     0.000     0.291    -3.121     1.427     0.020    10.298    32.519 35028.121  1024.991     2.855     8.048
        85     2.912     0.425     0.000     0.297    -3.138     1.456     0.020    10.300    32.493 34340.613  1024.971     2.912     8.225
        86     2.970     0.430     0.000     0.302    -3.156     1.485     0.020    10.301    32.467 33666.612  1024.951     2.970     8.404
        87     3.030     0.435     0.000     0.307    -3.173     1.515     0.020    10.303    32.443 33005.853  1024.931     3.030     8.585
        88     3.090     0.440     0.000     0.312    -3.191     1.545     0.020    10.304    32.418 32358.075  1024.912     3.090     8.769
        89     3.152     0.445     0.000     0.317    -3.209     1.576     0.020    10.305    32.394 31723.022  1024.893     3.152     8.954
        90     3.215     0.450     0.000     0.323    -3.228     1.608     0.020    10.306    32.371 31100.444  1024.875     3.215     9.143
        91     3.280     0.455     0.000     0.328    -3.246     1.640     0.020    10.307    32.348 30490.096  1024.857     3.280     9.333
        92     3.345     0.460     0.000     0.333    -3.265     1.673     0.020    10.308    32.325 29891.737  1024.839     3.345     9.526
        93     3.412     0.465     0.000     0.339    -3.283     1.706     0.020    10.308    32.303 29305.130  1024.822     3.412     9.722
        94     3.481     0.471     0.000     0.344    -3.302     1.740     0.020    10.309    32.282 28730.045  1024.805     3.481     9.920
        95     3.550     0.476     0.000     0.350    -3.322     1.775     0.020    10.309    32.261 28166.256  1024.788     3.550    10.121
        96     3.621     0.482     0.000     0.355    -3.341     1.811     0.020    10.310    32.240 27613.539  1024.772     3.621    10.324
        97     3.694     0.487     0.000     0.361    -3.360     1.847     0.020    10.310    32.219 27071.677  1024.756     3.694    10.530
        98     3.768     0.493     0.000     0.367    -3.380     1.884     0.020    10.310    32.199 26540.456  1024.741     3.768    10.739
        99     3.843     0.499     0.000     0.372    -3.400     1.922     0.020    10.310    32.180 26019.668  1024.725     3.843    10.950
       100     3.920     0.505     0.000     0.378    -3.420     1.960     0.020    10.310    32.161 25509.106  1024.711     3.920    11.165
       101     3.999     0.510     0.000     0.384    -3.441     1.999     0.020    10.310    32.142 25008.571  1024.696     3.999    11.382
       102     4.079     0.516     0.000     0.390    -3.461     2.039     0.020    10.310    32.123 24517.864  1024.682     4.079    11.603
       103     4.160     0.523     0.000     0.395    -3.482     2.080     0.020    10.310    32.105 24036.792  1024.668     4.160    11.826
       104     4.244     0.529     0.000     0.401    -3.503     2.122     0.020    10.309    32.087 23565.167  1024.654     4.244    12.052
       105     4.328     0.535     0.000     0.407    -3.524     2.164     0.020    10.309    32.070 23102.801  1024.640     4.328    12.282
       106     4.415     0.541     0.000     0.413    -3.546     2.208     0.020    10.308    32.053 22649.514  1024.627     4.415    12.514
       107     4.503     0.548     0.000     0.419    -3.567     2.252     0.020    10.308    32.036 22205.126  1024.614     4.503    12.750
       108     4.594     0.554     0.000     0.426    -3.589     2.297     0.020    10.307    32.020 21769.463  1024.602     4.594    12.990
       109     4.686     0.561     0.000     0.432    -3.611     2.343     0.020    10.306    32.004 21342.354  1024.589     4.686    13.232
       110     4.779     0.568     0.000     0.438    -3.633     2.390     0.020    10.305    31.988 20923.629  1024.577     4.779    13.478
       111     4.875     0.574     0.000     0.444    -3.656     2.437     0.020    10.304    31.973 20513.124  1024.565     4.875    13.727
       112     4.972     0.581     0.000     0.451    -3.679     2.486     0.020    10.303    31.957 20110.679  1024.554     4.972    13.980
       113     5.072     0.588     0.000     0.457    -3.702     2.536     0.020    10.302    31.943 19716.133  1024.542     5.072    14.237
       114     5.173     0.595     0.000     0.464    -3.725     2.587     0.020    10.301    31.928 19329.333  1024.531     5.173    14.497
       115     5.277     0.602     0.000     0.470    -3.748     2.639     0.020    10.299    31.914 18950.125  1024.520     5.277    14.761
       116     5.383     0.610     0.000     0.477    -3.772     2.691     0.020    10.298    31.900 18578.361  1024.510     5.383    15.028
       117     5.490     0.617     0.000     0.484    -3.796     2.745     0.020    10.297    31.886 18213.894  1024.499     5.490    15.300
       118     5.600     0.625     0.000     0.490    -3.820     2.800     0.020    10.295    31.873 17856.581  1024.489     5.600    15.575
       119     5.712     0.632     0.000     0.497    -3.844     2.856     0.020    10.293    31.859 17506.281  1024.479     5.712    15.854
       120     5.827     0.640     0.000     0.504    -3.869     2.913     0.020    10.292    31.846 17162.857  1024.469     5.827    16.137
       121     5.943     0.648     0.000     0.511    -3.893     2.972     0.020    10.290    31.834 16826.174  1024.460     5.943    16.425
       122     6.062     0.656     0.000     0.518    -3.919     3.031     0.020    10.288    31.821 16496.098  1024.450     6.062    16.716
       123     6.183     0.664     0.000     0.526    -3.944     3.092     0.020    10.286    31.809 16172.501  1024.441     6.183    17.012
       124     6.307     0.672     0.000     0.533    -3.969     3.154     0.020    10.284    31.797 15855.255  1024.432     6.307    17.312
       125     6.433     0.680     0.000     0.540    -3.995     3.217     0.020    10.282    31.785 15544.235  1024.424     6.433    17.616
       126     6.562     0.688     0.000     0.548    -4.021     3.281     0.020    10.280    31.774 15239.318  1024.415     6.562    17.925
       127     6.693     0.697     0.000     0.555    -4.048     3.347     0.020    10.277    31.763 14940.386  1024.407     6.693    18.238
       128     6.827     0.705     0.000     0.563    -4.074     3.414     0.020    10.275    31.752 14647.320  1024.399     6.827    18.556
       129     6.964     0.714     0.000     0.570    -4.101     3.482     0.020    10.273    31.741 14360.006  1024.391     6.964    18.879
       130     7.103     0.723     0.000     0.578    -4.128     3.552     0.020    10.270    31.730 14078.329  1024.383     7.103    19.206
       131     7.245     0.732     0.000     0.586    -4.156     3.623     0.020    10.268    31.720 13802.180  1024.375     7.245    19.538
       132     7.390     0.741     0.000     0.594    -4.183     3.695     0.020    10.265    31.710 13531.451  1024.368     7.390    19.875
       133     7.538     0.750     0.000     0.602    -4.211     3.769     0.020    10.262    31.700 13266.033  1024.360     7.538    20.217
       134     7.689     0.759     0.000     0.610    -4.239     3.844     0.020    10.260    31.690 13005.824  1024.353     7.689    20.564
       135     7.843     0.769     0.000     0.618    -4.268     3.921     0.020    10.257    31.680 12750.721  1024.346     7.843    20.917
       136     8.000     0.778     0.000     0.626    -4.297     4.000     0.020    10.254    31.671 12500.624  1024.339     8.000    21.274
       137     8.160     0.788     0.000     0.635    -4.326     4.080     0.020    10.251    31.662 12255.433  1024.333     8.160    21.637
       138     8.323     0.798     0.000     0.643    -4.355     4.161     0.020    10.248    31.653 12015.054  1024.326     8.323    22.005
       139     8.489     0.808     0.000     0.652    -4.385     4.245     0.020    10.244    31.644 11779.392  1024.320     8.489    22.379
       140     8.659     0.818     0.000     0.661    -4.414     4.330     0.020    10.241    31.635 11548.353  1024.313     8.659    22.758
       141     8.832     0.828     0.000     0.670    -4.445     4.416     0.020    10.238    31.626 11321.848  1024.307     8.832    23.143
       142     9.009     0.838     0.000     0.679    -4.475     4.505     0.020    10.235    31.618 11099.786  1024.301     9.009    23.534
       143     9.189     0.849     0.000     0.688    -4.506     4.595     0.020    10.231    31.610 10882.082  1024.296     9.189    23.931
       144     9.373     0.860     0.000     0.697    -4.537     4.687     0.020    10.228    31.602 10668.649  1024.290     9.373    24.333
       145     9.561     0.871     0.000     0.706    -4.568     4.780     0.020    10.224    31.594 10459.403  1024.284     9.561    24.742
       146     9.752     0.882     0.000     0.716    -4.600     4.876     0.020    10.220    31.586 10254.263  1024.279     9.752    25.157
       147     9.947     0.893     0.000     0.725    -4.632     4.974     0.020    10.216    31.579 10053.147  1024.274     9.947    25.579
       148    10.146     0.904     0.000     0.735    -4.664     5.073     0.020    10.213    31.571  9855.977  1024.269    10.146    26.006
       149    10.349     0.915     0.000     0.745    -4.696     5.175     0.020    10.209    31.564  9662.675  1024.264    10.349    26.441
       150    10.556     0.927     0.000     0.754    -4.729     5.278     0.020    10.205    31.557  9473.166  1024.259    10.556    26.881
       151    10.767     0.939     0.000     0.764    -4.762     5.384     0.020    10.201    31.550  9287.374  1024.254    10.767    27.329
       152    10.983     0.951     0.000     0.775    -4.796     5.491     0.020    10.197    31.543  9105.228  1024.249    10.983    27.783
       153    11.202     0.963     0.000     0.785    -4.829     5.601     0.020    10.192    31.536  8926.654  1024.245    11.202    28.245
       154    11.427     0.975     0.000     0.795    -4.863     5.713     0.020    10.188    31.530  8751.584  1024.240    11.427    28.713
       155    11.655     0.988     0.000     0.806    -4.898     5.828     0.020    10.184    31.523  8579.948  1024.236    11.655    29.189
       156    11.888     1.001     0.000     0.817    -4.932     5.944     0.020    10.179    31.517  8411.679  1024.232    11.888    29.672
       157    12.126     1.014     0.000     0.828    -4.967     6.063     0.020    10.175    31.511  8246.712  1024.228    12.126    30.163
       158    12.369     1.027     0.000     0.839    -5.003     6.184     0.020    10.170    31.505  8084.980  1024.224    12.369    30.661
       159    12.616     1.040     0.000     0.850    -5.038     6.308     0.020    10.166    31.499  7926.421  1024.220    12.616    31.167
       160    12.868     1.053     0.000     0.861    -5.074     6.434     0.020    10.161    31.493  7770.972  1024.216    12.868    31.681
       161    13.126     1.067     0.000     0.873    -5.111     6.563     0.020    10.156    31.487  7618.573  1024.212    13.126    32.203
       162    13.388     1.081     0.000     0.884    -5.147     6.694     0.020    10.151    31.481  7469.163  1024.209    13.388    32.733
       163    13.656     1.095     0.000     0.896    -5.184     6.828     0.020    10.147    31.476  7322.684  1024.205    13.656    33.271
       164    13.929     1.109     0.000     0.908    -5.222     6.965     0.020    10.142    31.470  7179.078  1024.202    13.929    33.818
       165    14.208     1.124     0.000     0.920    -5.259     7.104     0.020    10.136    31.465  7038.289  1024.199    14.208    34.374
       166    14.492     1.139     0.000     0.932    -5.297     7.246     0.020    10.131    31.460  6900.262  1024.196    14.492    34.938
       167    14.782     1.154     0.000     0.945    -5.335     7.391     0.020    10.126    31.455  6764.943  1024.192    14.782    35.511
       168    15.078     1.169     0.000     0.958    -5.374     7.539     0.020    10.121    31.450  6632.277  1024.189    15.078    36.094
       169    15.379     1.184     0.000     0.970    -5.413     7.690     0.020    10.115    31.445  6502.214  1024.187    15.379    36.685
       170    15.687     1.200     0.000     0.983    -5.452     7.844     0.020    10.110    31.440  6374.702  1024.184    15.687    37.286
       171    16.001     1.216     0.000     0.997    -5.492     8.000     0.020    10.105    31.435  6249.691  1024.181    16.001    37.897
       172    16.321     1.232     0.000     1.010    -5.532     8.160     0.020    10.099    31.431  6127.132  1024.178    16.321    38.517
       173    16.647     1.249     0.000     1.024    -5.572     8.324     0.020    10.093    31.426  6006.977  1024.176    16.647    39.148
       174    16.980     1.266     0.000     1.037    -5.613     8.490     0.020    10.088    31.422  5889.179  1024.173    16.980    39.789
       175    17.320     1.283     0.000     1.051    -5.654     8.660     0.020    10.082    31.418  5773.691  1024.171    17.320    40.440
       176    17.666     1.300     0.000     1.066    -5.695     8.833     0.020    10.076    31.413  5660.468  1024.168    17.666    41.101
       177    18.020     1.317     0.000     1.080    -5.737     9.010     0.020    10.070    31.409  5549.466  1024.166    18.020    41.774
       178    18.380     1.335     0.000     1.095    -5.779     9.190     0.020    10.064    31.405  5440.642  1024.164    18.380    42.457
       179    18.748     1.354     0.000     1.110    -5.821     9.374     0.020    10.058    31.401  5333.951  1024.162    18.748    43.152
       180    19.123     1.372     0.000     1.125    -5.864     9.561     0.020    10.052    31.397  5229.354  1024.160    19.123    43.858
       181    19.505     1.391     0.000     1.140    -5.907     9.753     0.020    10.045    31.393  5126.807  1024.158    19.505    44.575
       182    19.895     1.410     0.000     1.156    -5.951     9.948     0.020    10.039    31.389  5026.272  1024.156    19.895    45.305
       183    20.293     1.430     0.000     1.171    -5.994    10.147     0.020    10.033    31.386  4927.709  1024.154    20.293    46.046
       184    20.699     1.449     0.000     1.187    -6.038    10.350     0.020    10.026    31.382  4831.079  1024.152    20.699    46.800
       185    21.113     1.470     0.000     1.204    -6.083    10.557     0.020    10.019    31.378  4736.344  1024.151    21.113    47.567
       186    21.536     1.490     0.000     1.220    -6.128    10.768     0.020    10.013    31.375  4643.468  1024.149    21.536    48.346
       187    21.966     1.511     0.000     1.237    -6.173    10.983     0.020    10.006    31.372  4552.413  1024.148    21.966    49.139
       188    22.406     1.533     0.000     1.254    -6.218    11.203     0.020    10.000    31.369  4463.145  1024.146    22.406    49.946
       189    22.854     1.556     0.000     1.271    -6.264    11.427     0.020     9.994    31.366  4375.627  1024.145    22.854    50.766
       190    23.311     1.580     0.000     1.289    -6.309    11.655     0.020     9.987    31.364  4289.827  1024.144    23.311    51.600
       191    23.777     1.605     0.000     1.307    -6.355    11.889     0.020     9.981    31.361  4205.709  1024.144    23.777    52.448
       192    24.253     1.631     0.000     1.325    -6.401    12.126     0.020     9.975    31.359  4123.242  1024.143    24.253    53.313
       193    24.738     1.657     0.000     1.344    -6.448    12.369     0.020     9.969    31.357  4042.392  1024.142    24.738    54.193
       194    25.233     1.685     0.000     1.363    -6.494    12.616     0.020     9.963    31.355  3963.128  1024.142    25.233    55.090
       195    25.737     1.714     0.000     1.382    -6.540    12.869     0.020     9.957    31.354  3885.418  1024.142    25.737    56.003
       196    26.252     1.745     0.000     1.401    -6.587    13.126     0.020     9.951    31.352  3809.233  1024.142    26.252    56.935
---------------------------- Plume traps -----------------------------
       197    26.777     1.776     0.000     1.421    -6.633    13.389     0.020     9.945    31.351  3734.542  1024.142    26.777    57.885
       198    27.313     1.809     0.000     1.442    -6.679    13.656     0.020     9.939    31.350  3661.317  1024.142    27.313    58.854
       199    27.818     1.842     0.000     1.461    -6.722    13.909     0.020     9.933    31.349  3594.736  1024.142    27.818    59.770
       200    28.298     1.875     0.000     1.479    -6.762    14.149     0.020     9.928    31.349  3533.789  1024.142    28.298    60.632
       201    28.749     1.906     0.000     1.496    -6.798    14.374     0.020     9.923    31.348  3478.406  1024.143    28.749    61.440
       202    29.176     1.936     0.000     1.512    -6.831    14.588     0.020     9.919    31.348  3427.506  1024.143    29.176    62.204
       203    29.581     1.966     0.000     1.527    -6.863    14.791     0.020     9.915    31.348  3380.547  1024.144    29.581    62.927
       204    29.968     1.994     0.000     1.541    -6.892    14.984     0.020     9.911    31.348  3336.917  1024.144    29.968    63.615
       205    30.338     2.022     0.000     1.555    -6.919    15.169     0.020     9.908    31.348  3296.216  1024.145    30.338    64.272
       206    30.693     2.050     0.000     1.568    -6.945    15.346     0.020     9.904    31.348  3258.075  1024.145    30.693    64.901
       207    31.035     2.076     0.000     1.581    -6.969    15.517     0.020     9.901    31.348  3222.213  1024.146    31.035    65.504
       208    31.364     2.103     0.000     1.593    -6.992    15.682     0.020     9.898    31.348  3188.383  1024.147    31.364    66.084
       209    31.682     2.128     0.000     1.604    -7.013    15.841     0.020     9.895    31.348  3156.377  1024.147    31.682    66.642
       210    31.990     2.154     0.000     1.615    -7.034    15.995     0.020     9.892    31.348  3126.018  1024.148    31.990    67.179
       211    32.288     2.179     0.000     1.626    -7.053    16.144     0.020     9.890    31.348  3097.150  1024.148    32.288    67.698
       212    32.577     2.203     0.000     1.637    -7.072    16.289     0.020     9.887    31.349  3069.639  1024.149    32.577    68.200
       213    32.858     2.227     0.000     1.647    -7.089    16.429     0.020     9.885    31.349  3043.366  1024.149    32.858    68.685
       214    33.132     2.251     0.000     1.656    -7.106    16.566     0.020     9.882    31.349  3018.227  1024.150    33.132    69.155
       215    33.399     2.275     0.000     1.666    -7.122    16.699     0.020     9.880    31.349  2994.129  1024.151    33.399    69.610
       216    33.659     2.298     0.000     1.675    -7.137    16.829     0.020     9.878    31.350  2970.989  1024.151    33.659    70.052
       217    33.913     2.321     0.000     1.684    -7.151    16.956     0.020     9.876    31.350  2948.733  1024.152    33.913    70.481
       218    34.161     2.343     0.000     1.693    -7.165    17.081     0.020     9.874    31.350  2927.295  1024.152    34.161    70.898
       219    34.396     2.365     0.000     1.701    -7.178    17.198     0.020     9.872    31.350  2907.281  1024.153    34.396    71.304
       220    34.621     2.387     0.000     1.709    -7.191    17.311     0.020     9.870    31.351  2888.404  1024.153    34.621    71.704
       221    34.835     2.408     0.000     1.718    -7.204    17.418     0.020     9.868    31.351  2870.637  1024.154    34.835    72.099
       222    35.041     2.428     0.000     1.726    -7.216    17.520     0.020     9.867    31.351  2853.815  1024.154    35.041    72.491
       223    35.237     2.448     0.000     1.734    -7.228    17.618     0.020     9.865    31.351  2837.936  1024.155    35.237    72.879
       224    35.424     2.468     0.000     1.742    -7.239    17.712     0.020     9.864    31.352  2822.916  1024.155    35.424    73.261
       225    35.603     2.487     0.000     1.750    -7.251    17.802     0.020     9.862    31.352  2808.729  1024.156    35.603    73.639
       226    35.774     2.506     0.000     1.757    -7.261    17.887     0.020     9.861    31.352  2795.316  1024.156    35.774    74.012
       227    35.937     2.525     0.000     1.765    -7.272    17.969     0.020     9.860    31.353  2782.641  1024.156    35.937    74.380
       228    36.093     2.543     0.000     1.772    -7.282    18.046     0.020     9.859    31.353  2770.655  1024.157    36.093    74.743
       229    36.241     2.561     0.000     1.780    -7.292    18.120     0.020     9.857    31.353  2759.323  1024.157    36.241    75.100
       230    36.382     2.579     0.000     1.787    -7.302    18.191     0.020     9.856    31.353  2748.604  1024.158    36.382    75.453
       231    36.517     2.596     0.000     1.794    -7.312    18.258     0.020     9.855    31.353  2738.462  1024.158    36.517    75.800
       232    36.645     2.613     0.000     1.801    -7.321    18.323     0.020     9.854    31.354  2728.862  1024.158    36.645    76.142
       233    36.768     2.630     0.000     1.808    -7.330    18.384     0.020     9.853    31.354  2719.773  1024.159    36.768    76.478
       234    36.885     2.646     0.000     1.815    -7.338    18.442     0.020     9.853    31.354  2711.164  1024.159    36.885    76.810
       235    36.996     2.662     0.000     1.822    -7.347    18.498     0.020     9.852    31.354  2703.005  1024.159    36.996    77.136
       236    37.102     2.678     0.000     1.829    -7.355    18.551     0.020     9.851    31.355  2695.269  1024.159    37.102    77.457
       237    37.203     2.693     0.000     1.835    -7.363    18.602     0.020     9.850    31.355  2687.931  1024.160    37.203    77.773
       238    37.300     2.709     0.000     1.842    -7.370    18.650     0.020     9.850    31.355  2680.966  1024.160    37.300    78.084
       239    37.392     2.724     0.000     1.848    -7.378    18.696     0.020     9.849    31.355  2674.352  1024.160    37.392    78.390
       240    37.480     2.738     0.000     1.854    -7.385    18.740     0.020     9.848    31.355  2668.067  1024.160    37.480    78.691
       241    37.564     2.753     0.000     1.860    -7.392    18.782     0.020     9.848    31.355  2662.093  1024.161    37.564    78.988
       242    37.645     2.767     0.000     1.866    -7.398    18.822     0.020     9.847    31.356  2656.409  1024.161    37.645    79.279
       243    37.722     2.781     0.000     1.872    -7.405    18.861     0.020     9.846    31.356  2650.999  1024.161    37.722    79.566
       244    37.795     2.795     0.000     1.878    -7.411    18.898     0.020     9.846    31.356  2645.847  1024.161    37.795    79.848
       245    37.865     2.809     0.000     1.884    -7.417    18.933     0.020     9.845    31.356  2640.937  1024.161    37.865    80.126
       246    37.933     2.822     0.000     1.890    -7.423    18.966     0.020     9.845    31.356  2636.254  1024.162    37.933    80.399
       247    37.997     2.835     0.000     1.895    -7.429    18.999     0.020     9.844    31.356  2631.786  1024.162    37.997    80.668
       248    38.059     2.848     0.000     1.901    -7.435    19.029     0.020     9.844    31.356  2627.520  1024.162    38.059    80.933
       249    38.118     2.861     0.000     1.906    -7.440    19.059     0.020     9.844    31.357  2623.445  1024.162    38.118    81.194
       250    38.175     2.874     0.000     1.911    -7.446    19.087     0.020     9.843    31.357  2619.549  1024.162    38.175    81.450
       251    38.229     2.886     0.000     1.917    -7.451    19.114     0.020     9.843    31.357  2615.823  1024.162    38.229    81.703
       252    38.281     2.898     0.000     1.922    -7.456    19.141     0.020     9.842    31.357  2612.257  1024.163    38.281    81.952
       253    38.331     2.910     0.000     1.927    -7.461    19.166     0.020     9.842    31.357  2608.841  1024.163    38.331    82.197
       254    38.379     2.922     0.000     1.932    -7.465    19.190     0.020     9.842    31.357  2605.569  1024.163    38.379    82.439
       255    38.426     2.934     0.000     1.937    -7.470    19.213     0.020     9.841    31.357  2602.431  1024.163    38.426    82.677
       256    38.470     2.945     0.000     1.942    -7.474    19.235     0.020     9.841    31.357  2599.421  1024.163    38.470    82.912
       257    38.513     2.957     0.000     1.946    -7.479    19.256     0.020     9.841    31.357  2596.532  1024.163    38.513    83.143
       258    38.554     2.968     0.000     1.951    -7.483    19.277     0.020     9.841    31.358  2593.758  1024.163    38.554    83.371
       259    38.594     2.979     0.000     1.956    -7.487    19.297     0.020     9.840    31.358  2591.092  1024.164    38.594    83.595
       260    38.632     2.990     0.000     1.960    -7.491    19.316     0.020     9.840    31.358  2588.529  1024.164    38.632    83.817
       261    38.669     3.001     0.000     1.965    -7.495    19.334     0.020     9.840    31.358  2586.064  1024.164    38.669    84.035
       262    38.704     3.011     0.000     1.969    -7.498    19.352     0.020     9.839    31.358  2583.692  1024.164    38.704    84.251
       263    38.739     3.022     0.000     1.974    -7.502    19.369     0.020     9.839    31.358  2581.408  1024.164    38.739    84.463
       264    38.772     3.032     0.000     1.978    -7.506    19.386     0.020     9.839    31.358  2579.208  1024.164    38.772    84.673
       265    38.803     3.042     0.000     1.982    -7.509    19.402     0.020     9.839    31.358  2577.088  1024.164    38.803    84.880
       266    38.834     3.052     0.000     1.986    -7.512    19.417     0.020     9.839    31.358  2575.044  1024.164    38.834    85.085
       267    38.864     3.062     0.000     1.991    -7.516    19.432     0.020     9.838    31.358  2573.073  1024.164    38.864    85.286
       268    38.893     3.072     0.000     1.995    -7.519    19.446     0.020     9.838    31.358  2571.170  1024.164    38.893    85.486
       269    38.921     3.081     0.000     1.999    -7.522    19.460     0.020     9.838    31.358  2569.334  1024.165    38.921    85.683
       270    38.947     3.091     0.000     2.003    -7.525    19.474     0.020     9.838    31.358  2567.560  1024.165    38.947    85.877
       271    38.973     3.100     0.000     2.007    -7.528    19.487     0.020     9.838    31.359  2565.847  1024.165    38.973    86.069
       272    38.999     3.109     0.000     2.011    -7.531    19.499     0.020     9.837    31.359  2564.191  1024.165    38.999    86.259
       273    39.023     3.118     0.000     2.015    -7.534    19.512     0.020     9.837    31.359  2562.590  1024.165    39.023    86.446
       274    39.047     3.127     0.000     2.018    -7.536    19.523     0.020     9.837    31.359  2561.042  1024.165    39.047    86.632
       275    39.069     3.136     0.000     2.022    -7.539    19.535     0.020     9.837    31.359  2559.544  1024.165    39.069    86.815
       276    39.092     3.145     0.000     2.026    -7.541    19.546     0.020     9.837    31.359  2558.094  1024.165    39.092    86.996
       277    39.113     3.153     0.000     2.030    -7.544    19.557     0.020     9.837    31.359  2556.691  1024.165    39.113    87.176
       278    39.134     3.162     0.000     2.033    -7.546    19.567     0.020     9.836    31.359  2555.332  1024.165    39.134    87.353
       279    39.154     3.170     0.000     2.037    -7.549    19.577     0.020     9.836    31.359  2554.015  1024.165    39.154    87.528
       280    39.174     3.178     0.000     2.041    -7.551    19.587     0.020     9.836    31.359  2552.740  1024.165    39.174    87.702
       281    39.193     3.186     0.000     2.044    -7.553    19.596     0.020     9.836    31.359  2551.504  1024.165    39.193    87.874
       282    39.211     3.194     0.000     2.048    -7.555    19.605     0.020     9.836    31.359  2550.305  1024.165    39.211    88.044
       283    39.229     3.202     0.000     2.051    -7.558    19.614     0.020     9.836    31.359  2549.143  1024.165    39.229    88.212
       284    39.246     3.210     0.000     2.055    -7.560    19.623     0.020     9.836    31.359  2548.016  1024.166    39.246    88.379
       285    39.263     3.218     0.000     2.058    -7.562    19.632     0.020     9.836    31.359  2546.923  1024.166    39.263    88.544
       286    39.279     3.225     0.000     2.061    -7.564    19.640     0.020     9.835    31.359  2545.862  1024.166    39.279    88.707
       287    39.295     3.233     0.000     2.065    -7.566    19.648     0.020     9.835    31.359  2544.833  1024.166    39.295    88.869
       288    39.311     3.240     0.000     2.068    -7.567    19.655     0.020     9.835    31.359  2543.834  1024.166    39.311    89.030
       289    39.326     3.247     0.000     2.071    -7.569    19.663     0.020     9.835    31.359  2542.863  1024.166    39.326    89.188
       290    39.340     3.254     0.000     2.075    -7.571    19.670     0.020     9.835    31.359  2541.922  1024.166    39.340    89.346
       291    39.354     3.261     0.000     2.078    -7.573    19.677     0.020     9.835    31.360  2541.007  1024.166    39.354    89.502
       292    39.368     3.268     0.000     2.081    -7.575    19.684     0.020     9.835    31.360  2540.118  1024.166    39.368    89.657
       293    39.382     3.275     0.000     2.084    -7.576    19.691     0.020     9.835    31.360  2539.255  1024.166    39.382    89.811
       294    39.395     3.281     0.000     2.087    -7.578    19.697     0.020     9.835    31.360  2538.417  1024.166    39.395    89.963
       295    39.407     3.288     0.000     2.090    -7.579    19.704     0.020     9.835    31.360  2537.602  1024.166    39.407    90.114
       296    39.420     3.294     0.000     2.094    -7.581    19.710     0.020     9.834    31.360  2536.810  1024.166    39.420    90.263
       297    39.432     3.300     0.000     2.097    -7.582    19.716     0.020     9.834    31.360  2536.041  1024.166    39.432    90.412
       298    39.443     3.307     0.000     2.100    -7.584    19.722     0.020     9.834    31.360  2535.294  1024.166    39.443    90.559
       299    39.454     3.313     0.000     2.103    -7.585    19.727     0.020     9.834    31.360  2534.567  1024.166    39.454    90.706
       300    39.465     3.319     0.000     2.106    -7.587    19.733     0.020     9.834    31.360  2533.861  1024.166    39.465    90.851
       301    39.476     3.325     0.000     2.109    -7.588    19.738     0.020     9.834    31.360  2533.174  1024.166    39.476    90.995
       302    39.487     3.330     0.000     2.112    -7.589    19.743     0.020     9.834    31.360  2532.507  1024.166    39.487    91.138
       303    39.497     3.336     0.000     2.115    -7.591    19.748     0.020     9.834    31.360  2531.859  1024.166    39.497    91.280
       304    39.507     3.342     0.000     2.117    -7.592    19.753     0.020     9.834    31.360  2531.228  1024.166    39.507    91.421
       305    39.516     3.347     0.000     2.120    -7.593    19.758     0.020     9.834    31.360  2530.615  1024.166    39.516    91.561
       306    39.525     3.353     0.000     2.123    -7.594    19.763     0.020     9.834    31.360  2530.020  1024.166    39.525    91.701
       307    39.534     3.358     0.000     2.126    -7.595    19.767     0.020     9.834    31.360  2529.441  1024.166    39.534    91.839
       308    39.543     3.363     0.000     2.129    -7.596    19.772     0.020     9.834    31.360  2528.879  1024.166    39.543    91.976
       309    39.552     3.368     0.000     2.132    -7.597    19.776     0.020     9.833    31.360  2528.332  1024.167    39.552    92.113
       310    39.560     3.373     0.000     2.135    -7.599    19.780     0.020     9.833    31.360  2527.801  1024.167    39.560    92.249
       311    39.568     3.378     0.000     2.137    -7.600    19.784     0.020     9.833    31.360  2527.285  1024.167    39.568    92.384
       312    39.576     3.383     0.000     2.140    -7.601    19.788     0.020     9.833    31.360  2526.783  1024.167    39.576    92.518
       313    39.584     3.387     0.000     2.143    -7.602    19.792     0.020     9.833    31.360  2526.296  1024.167    39.584    92.651
       314    39.591     3.392     0.000     2.146    -7.602    19.796     0.020     9.833    31.360  2525.823  1024.167    39.591    92.784
       315    39.598     3.396     0.000     2.148    -7.603    19.799     0.020     9.833    31.360  2525.364  1024.167    39.598    92.915
       316    39.605     3.401     0.000     2.151    -7.604    19.803     0.020     9.833    31.360  2524.918  1024.167    39.605    93.046
       317    39.612     3.405     0.000     2.154    -7.605    19.806     0.020     9.833    31.360  2524.485  1024.167    39.612    93.177
       318    39.619     3.409     0.000     2.156    -7.606    19.809     0.020     9.833    31.360  2524.066  1024.167    39.619    93.307
       319    39.625     3.413     0.000     2.159    -7.607    19.813     0.020     9.833    31.360  2523.658  1024.167    39.625    93.436
       320    39.631     3.417     0.000     2.162    -7.608    19.816     0.020     9.833    31.360  2523.263  1024.167    39.631    93.564
       321    39.637     3.421     0.000     2.164    -7.608    19.819     0.020     9.833    31.360  2522.880  1024.167    39.637    93.692
       322    39.643     3.425     0.000     2.167    -7.609    19.822     0.020     9.833    31.360  2522.509  1024.167    39.643    93.820
       323    39.649     3.429     0.000     2.170    -7.610    19.824     0.020     9.833    31.360  2522.149  1024.167    39.649    93.946
       324    39.654     3.432     0.000     2.172    -7.611    19.827     0.020     9.833    31.360  2521.801  1024.167    39.654    94.072
       325    39.660     3.436     0.000     2.175    -7.611    19.830     0.020     9.833    31.360  2521.464  1024.167    39.660    94.198
       326    39.665     3.439     0.000     2.177    -7.612    19.832     0.020     9.833    31.360  2521.137  1024.167    39.665    94.323
       327    39.670     3.443     0.000     2.180    -7.612    19.835     0.020     9.833    31.360  2520.822  1024.167    39.670    94.448
       328    39.674     3.446     0.000     2.183    -7.613    19.837     0.020     9.833    31.360  2520.517  1024.167    39.674    94.572
       329    39.679     3.449     0.000     2.185    -7.614    19.840     0.020     9.833    31.360  2520.222  1024.167    39.679    94.696
       330    39.684     3.452     0.000     2.188    -7.614    19.842     0.020     9.833    31.360  2519.938  1024.167    39.684    94.819
       331    39.688     3.455     0.000     2.190    -7.615    19.844     0.020     9.833    31.360  2519.664  1024.167    39.688    94.941
       332    39.692     3.458     0.000     2.193    -7.615    19.846     0.020     9.833    31.360  2519.399  1024.167    39.692    95.064
       333    39.696     3.461     0.000     2.195    -7.616    19.848     0.020     9.832    31.360  2519.144  1024.167    39.696    95.186
       334    39.700     3.463     0.000     2.198    -7.616    19.850     0.020     9.832    31.360  2518.899  1024.167    39.700    95.307
       335    39.704     3.466     0.000     2.200    -7.617    19.852     0.020     9.832    31.360  2518.664  1024.167    39.704    95.428
       336    39.707     3.468     0.000     2.203    -7.617    19.854     0.020     9.832    31.360  2518.437  1024.167    39.707    95.549
       337    39.711     3.471     0.000     2.205    -7.618    19.855     0.020     9.832    31.360  2518.220  1024.167    39.711    95.670
       338    39.714     3.473     0.000     2.208    -7.618    19.857     0.020     9.832    31.360  2518.012  1024.167    39.714    95.790
       339    39.717     3.475     0.000     2.210    -7.618    19.859     0.020     9.832    31.360  2517.813  1024.167    39.717    95.909
       340    39.720     3.477     0.000     2.213    -7.619    19.860     0.020     9.832    31.360  2517.623  1024.167    39.720    96.029
       341    39.723     3.479     0.000     2.215    -7.619    19.861     0.020     9.832    31.360  2517.441  1024.167    39.723    96.148
       342    39.726     3.481     0.000     2.218    -7.619    19.863     0.020     9.832    31.360  2517.269  1024.167    39.726    96.267
       343    39.728     3.483     0.000     2.220    -7.620    19.864     0.020     9.832    31.361  2517.105  1024.167    39.728    96.386
       344    39.731     3.485     0.000     2.222    -7.620    19.865     0.020     9.832    31.361  2516.949  1024.167    39.731    96.504
       345    39.733     3.486     0.000     2.225    -7.620    19.866     0.020     9.832    31.361  2516.802  1024.167    39.733    96.622
       346    39.735     3.488     0.000     2.227    -7.621    19.868     0.020     9.832    31.361  2516.663  1024.167    39.735    96.740
       347    39.737     3.489     0.000     2.230    -7.621    19.869     0.020     9.832    31.361  2516.532  1024.167    39.737    96.858
       348    39.739     3.491     0.000     2.232    -7.621    19.870     0.020     9.832    31.361  2516.409  1024.167    39.739    96.975
       349    39.741     3.492     0.000     2.235    -7.621    19.870     0.020     9.832    31.361  2516.295  1024.167    39.741    97.093
       350    39.743     3.493     0.000     2.237    -7.622    19.871     0.020     9.832    31.361  2516.189  1024.167    39.743    97.210
       351    39.744     3.494     0.000     2.239    -7.622    19.872     0.020     9.832    31.361  2516.091  1024.167    39.744    97.327
       352    39.746     3.495     0.000     2.242    -7.622    19.873     0.020     9.832    31.361  2516.000  1024.167    39.746    97.444
       353    39.747     3.496     0.000     2.244    -7.622    19.873     0.020     9.832    31.361  2515.918  1024.167    39.747    97.561
       354    39.748     3.497     0.000     2.247    -7.622    19.874     0.020     9.832    31.361  2515.843  1024.167    39.748    97.677
       355    39.749     3.498     0.000     2.249    -7.622    19.875     0.020     9.832    31.361  2515.777  1024.167    39.749    97.794
       356    39.750     3.498     0.000     2.251    -7.622    19.875     0.020     9.832    31.361  2515.718  1024.167    39.750    97.910
       357    39.751     3.499     0.000     2.254    -7.622    19.875     0.020     9.832    31.361  2515.667  1024.167    39.751    98.027
       358    39.752     3.499     0.000     2.256    -7.622    19.876     0.020     9.832    31.361  2515.623  1024.167    39.752    98.143
       359    39.752     3.500     0.000     2.259    -7.622    19.876     0.020     9.832    31.361  2515.588  1024.167    39.752    98.259
       360    39.753     3.500     0.000     2.261    -7.622    19.876     0.020     9.832    31.361  2515.560  1024.167    39.753    98.375
       361    39.753     3.500     0.000     2.264    -7.622    19.876     0.020     9.832    31.361  2515.539  1024.167    39.753    98.492
---------------------- Local maximum rise or fall --------------------
------------------------- merging happened ---------------------------
       362    39.753     3.500     0.000     2.266    -7.622    19.877     0.020     9.832    31.361  2515.526  1024.167    39.753    98.608
       363    39.753     3.500     0.000     2.268    -7.622    19.877     0.020     9.832    31.361  2515.518  1024.167    39.753    98.724
       364    39.753     3.500     0.000     2.271    -7.622    19.877     0.020     9.832    31.361  2515.515  1024.167    39.753    98.840
       365    39.753     3.500     0.000     2.273    -7.622    19.877     0.020     9.832    31.361  2515.510  1024.167    39.753    98.956
       366    39.753     3.499     0.000     2.276    -7.622    19.877     0.020     9.832    31.361  2515.503  1024.167    39.753    99.072
       367    39.754     3.499     0.000     2.278    -7.622    19.877     0.020     9.832    31.361  2515.495  1024.167    39.754    99.189
       368    39.754     3.499     0.000     2.280    -7.622    19.877     0.020     9.832    31.361  2515.486  1024.167    39.754    99.305
       369    39.754     3.498     0.000     2.283    -7.622    19.877     0.020     9.832    31.361  2515.475  1024.167    39.754    99.421
       370    39.754     3.498     0.000     2.285    -7.622    19.877     0.020     9.832    31.361  2515.463  1024.167    39.754    99.538
       371    39.754     3.497     0.000     2.288    -7.622    19.877     0.020     9.832    31.361  2515.449  1024.167    39.754    99.654
       372    39.755     3.496     0.000     2.290    -7.621    19.877     0.020     9.832    31.361  2515.433  1024.167    39.755    99.771
       373    39.755     3.495     0.000     2.292    -7.621    19.877     0.020     9.832    31.361  2515.416  1024.167    39.755    99.888
       374    39.755     3.494     0.000     2.295    -7.621    19.878     0.020     9.832    31.361  2515.398  1024.167    39.755   100.005
       375    39.755     3.493     0.000     2.297    -7.621    19.878     0.020     9.832    31.361  2515.378  1024.167    39.755   100.122
       376    39.756     3.492     0.000     2.300    -7.621    19.878     0.020     9.832    31.361  2515.356  1024.167    39.756   100.240
       377    39.756     3.491     0.000     2.302    -7.620    19.878     0.020     9.832    31.361  2515.332  1024.167    39.756   100.357
       378    39.757     3.490     0.000     2.304    -7.620    19.878     0.020     9.832    31.361  2515.307  1024.167    39.757   100.475
       379    39.757     3.488     0.000     2.307    -7.620    19.878     0.020     9.832    31.361  2515.281  1024.167    39.757   100.593
       380    39.757     3.487     0.000     2.309    -7.619    19.879     0.020     9.832    31.361  2515.252  1024.167    39.757   100.711
       381    39.758     3.485     0.000     2.312    -7.619    19.879     0.020     9.832    31.361  2515.222  1024.167    39.758   100.829
       382    39.758     3.484     0.000     2.314    -7.619    19.879     0.020     9.832    31.361  2515.190  1024.167    39.758   100.948
       383    39.759     3.482     0.000     2.317    -7.618    19.879     0.020     9.832    31.361  2515.156  1024.167    39.759   101.067
       384    39.760     3.480     0.000     2.319    -7.618    19.880     0.020     9.832    31.361  2515.121  1024.167    39.760   101.186
       385    39.760     3.478     0.000     2.322    -7.617    19.880     0.020     9.832    31.361  2515.083  1024.167    39.760   101.306
       386    39.761     3.476     0.000     2.324    -7.617    19.880     0.020     9.832    31.361  2515.044  1024.167    39.761   101.426
       387    39.761     3.474     0.000     2.327    -7.617    19.881     0.020     9.832    31.361  2515.002  1024.167    39.761   101.546
       388    39.762     3.472     0.000     2.329    -7.616    19.881     0.020     9.832    31.361  2514.959  1024.167    39.762   101.666
       389    39.763     3.470     0.000     2.332    -7.616    19.881     0.020     9.832    31.361  2514.914  1024.167    39.763   101.787
       390    39.764     3.468     0.000     2.334    -7.615    19.882     0.020     9.832    31.361  2514.866  1024.167    39.764   101.909
       391    39.764     3.465     0.000     2.337    -7.615    19.882     0.020     9.832    31.361  2514.816  1024.167    39.764   102.030
       392    39.765     3.463     0.000     2.339    -7.614    19.883     0.020     9.832    31.361  2514.764  1024.167    39.765   102.153
       393    39.766     3.460     0.000     2.342    -7.613    19.883     0.020     9.832    31.361  2514.710  1024.167    39.766   102.275
       394    39.767     3.457     0.000     2.344    -7.613    19.883     0.020     9.832    31.361  2514.653  1024.167    39.767   102.398
       395    39.768     3.455     0.000     2.347    -7.612    19.884     0.020     9.832    31.361  2514.594  1024.167    39.768   102.522
       396    39.769     3.452     0.000     2.349    -7.612    19.884     0.020     9.832    31.361  2514.533  1024.167    39.769   102.646
       397    39.770     3.449     0.000     2.352    -7.611    19.885     0.020     9.832    31.361  2514.469  1024.167    39.770   102.770
       398    39.771     3.446     0.000     2.354    -7.610    19.885     0.020     9.832    31.361  2514.402  1024.167    39.771   102.895
       399    39.772     3.443     0.000     2.357    -7.610    19.886     0.020     9.832    31.361  2514.333  1024.167    39.772   103.021
       400    39.773     3.440     0.000     2.360    -7.609    19.887     0.020     9.832    31.361  2514.261  1024.167    39.773   103.147
       401    39.774     3.437     0.000     2.362    -7.608    19.887     0.020     9.832    31.361  2514.186  1024.167    39.774   103.274
       402    39.776     3.433     0.000     2.365    -7.607    19.888     0.020     9.832    31.361  2514.108  1024.167    39.776   103.401
       403    39.777     3.430     0.000     2.368    -7.607    19.888     0.020     9.832    31.361  2514.027  1024.167    39.777   103.529
       404    39.778     3.426     0.000     2.370    -7.606    19.889     0.020     9.832    31.361  2513.943  1024.167    39.778   103.658
       405    39.780     3.423     0.000     2.373    -7.605    19.890     0.020     9.832    31.361  2513.856  1024.167    39.780   103.787
       406    39.781     3.419     0.000     2.376    -7.604    19.890     0.020     9.832    31.361  2513.765  1024.167    39.781   103.917
       407    39.782     3.416     0.000     2.378    -7.603    19.891     0.020     9.832    31.361  2513.671  1024.167    39.782   104.048
       408    39.784     3.412     0.000     2.381    -7.602    19.892     0.020     9.832    31.361  2513.573  1024.167    39.784   104.179
       409    39.786     3.408     0.000     2.384    -7.601    19.893     0.020     9.832    31.361  2513.471  1024.167    39.786   104.311
       410    39.787     3.404     0.000     2.386    -7.600    19.894     0.020     9.832    31.361  2513.366  1024.167    39.787   104.444
       411    39.789     3.400     0.000     2.389    -7.599    19.895     0.020     9.832    31.361  2513.256  1024.167    39.789   104.578
       412    39.791     3.396     0.000     2.392    -7.598    19.895     0.020     9.832    31.361  2513.142  1024.167    39.791   104.712
       413    39.793     3.391     0.000     2.395    -7.597    19.896     0.020     9.832    31.361  2513.024  1024.167    39.793   104.848
       414    39.795     3.387     0.000     2.398    -7.596    19.897     0.020     9.832    31.361  2512.902  1024.167    39.795   104.984
       415    39.797     3.383     0.000     2.400    -7.595    19.898     0.020     9.832    31.361  2512.775  1024.167    39.797   105.121
       416    39.799     3.378     0.000     2.403    -7.594    19.899     0.020     9.832    31.361  2512.643  1024.167    39.799   105.259
       417    39.801     3.374     0.000     2.406    -7.593    19.900     0.020     9.832    31.361  2512.505  1024.167    39.801   105.398
       418    39.803     3.369     0.000     2.409    -7.591    19.902     0.020     9.832    31.361  2512.363  1024.167    39.803   105.538
       419    39.806     3.364     0.000     2.412    -7.590    19.903     0.020     9.832    31.361  2512.215  1024.167    39.806   105.679
       420    39.808     3.359     0.000     2.415    -7.589    19.904     0.020     9.832    31.361  2512.062  1024.167    39.808   105.821
       421    39.810     3.354     0.000     2.418    -7.588    19.905     0.020     9.832    31.361  2511.902  1024.167    39.810   105.965
       422    39.813     3.350     0.000     2.421    -7.586    19.907     0.020     9.832    31.361  2511.737  1024.167    39.813   106.109
       423    39.816     3.344     0.000     2.424    -7.585    19.908     0.020     9.832    31.361  2511.565  1024.167    39.816   106.254
       424    39.819     3.339     0.000     2.427    -7.584    19.909     0.020     9.832    31.361  2511.386  1024.167    39.819   106.401
       425    39.822     3.334     0.000     2.430    -7.582    19.911     0.020     9.832    31.361  2511.200  1024.167    39.822   106.549
       426    39.825     3.329     0.000     2.433    -7.581    19.912     0.020     9.832    31.361  2511.007  1024.167    39.825   106.698
       427    39.828     3.323     0.000     2.436    -7.579    19.914     0.020     9.832    31.361  2510.806  1024.167    39.828   106.848
       428    39.831     3.318     0.000     2.439    -7.577    19.916     0.020     9.832    31.361  2510.597  1024.167    39.831   106.999
       429    39.835     3.312     0.000     2.442    -7.576    19.917     0.020     9.832    31.361  2510.379  1024.167    39.835   107.152
       430    39.838     3.307     0.000     2.446    -7.574    19.919     0.020     9.832    31.361  2510.153  1024.167    39.838   107.307
       431    39.842     3.301     0.000     2.449    -7.572    19.921     0.020     9.831    31.361  2509.918  1024.167    39.842   107.462
       432    39.846     3.295     0.000     2.452    -7.571    19.923     0.020     9.831    31.361  2509.673  1024.167    39.846   107.620
       433    39.850     3.289     0.000     2.455    -7.569    19.925     0.020     9.831    31.361  2509.417  1024.167    39.850   107.778
       434    39.854     3.283     0.000     2.459    -7.567    19.927     0.020     9.831    31.361  2509.152  1024.167    39.854   107.939
       435    39.859     3.277     0.000     2.462    -7.565    19.929     0.020     9.831    31.361  2508.875  1024.167    39.859   108.101
       436    39.863     3.271     0.000     2.465    -7.563    19.932     0.020     9.831    31.361  2508.586  1024.168    39.863   108.264
       437    39.868     3.265     0.000     2.469    -7.561    19.934     0.020     9.831    31.361  2508.285  1024.168    39.868   108.430
       438    39.873     3.258     0.000     2.472    -7.559    19.936     0.020     9.831    31.361  2507.971  1024.168    39.873   108.597
       439    39.878     3.252     0.000     2.476    -7.557    19.939     0.020     9.831    31.361  2507.643  1024.168    39.878   108.766
       440    39.884     3.245     0.000     2.479    -7.555    19.942     0.020     9.831    31.361  2507.301  1024.168    39.884   108.936
       441    39.889     3.239     0.000     2.483    -7.553    19.945     0.020     9.831    31.361  2506.944  1024.168    39.889   109.109
       442    39.895     3.232     0.000     2.486    -7.551    19.948     0.020     9.831    31.361  2506.571  1024.168    39.895   109.284
       443    39.901     3.225     0.000     2.490    -7.548    19.951     0.020     9.831    31.361  2506.181  1024.168    39.901   109.461
       444    39.908     3.219     0.000     2.494    -7.546    19.954     0.020     9.831    31.361  2505.773  1024.168    39.908   109.639
       445    39.915     3.212     0.000     2.498    -7.543    19.957     0.020     9.831    31.361  2505.347  1024.168    39.915   109.821
       446    39.922     3.205     0.000     2.501    -7.541    19.961     0.020     9.831    31.361  2504.900  1024.168    39.922   110.004
       447    39.929     3.198     0.000     2.505    -7.538    19.965     0.020     9.831    31.361  2504.433  1024.168    39.929   110.190
       448    39.937     3.191     0.000     2.509    -7.535    19.969     0.020     9.831    31.361  2503.943  1024.168    39.937   110.378
       449    39.945     3.183     0.000     2.513    -7.533    19.973     0.020     9.831    31.361  2503.430  1024.168    39.945   110.569
       450    39.954     3.176     0.000     2.517    -7.530    19.977     0.020     9.831    31.361  2502.892  1024.168    39.954   110.762
       451    39.963     3.169     0.000     2.521    -7.527    19.981     0.020     9.831    31.361  2502.327  1024.168    39.963   110.958
       452    39.972     3.161     0.000     2.525    -7.524    19.986     0.020     9.831    31.361  2501.734  1024.168    39.972   111.157
       453    39.982     3.154     0.000     2.529    -7.521    19.991     0.020     9.831    31.361  2501.111  1024.168    39.982   111.359
       454    39.993     3.146     0.000     2.534    -7.518    19.996     0.020     9.830    31.361  2500.457  1024.168    39.993   111.563
       455    40.004     3.139     0.000     2.538    -7.514    20.002     0.020     9.830    31.361  2499.768  1024.168    40.004   111.771
       456    40.015     3.131     0.000     2.542    -7.511    20.008     0.020     9.830    31.361  2499.043  1024.168    40.015   111.982
       457    40.028     3.123     0.000     2.547    -7.508    20.014     0.020     9.830    31.361  2498.279  1024.168    40.028   112.197
       458    40.040     3.115     0.000     2.551    -7.504    20.020     0.020     9.830    31.361  2497.473  1024.168    40.040   112.415
       459    40.054     3.107     0.000     2.556    -7.500    20.027     0.020     9.830    31.361  2496.624  1024.168    40.054   112.636
       460    40.068     3.099     0.000     2.560    -7.496    20.034     0.020     9.830    31.361  2495.727  1024.168    40.068   112.862
       461    40.084     3.091     0.000     2.565    -7.493    20.042     0.020     9.830    31.361  2494.779  1024.168    40.084   113.091
       462    40.100     3.083     0.000     2.570    -7.488    20.050     0.020     9.830    31.361  2493.777  1024.168    40.100   113.324
       463    40.117     3.075     0.000     2.575    -7.484    20.058     0.020     9.830    31.361  2492.715  1024.168    40.117   113.562
       464    40.135     3.067     0.000     2.580    -7.480    20.068     0.020     9.830    31.361  2491.591  1024.168    40.135   113.804
       465    40.154     3.058     0.000     2.585    -7.475    20.077     0.020     9.829    31.362  2490.398  1024.168    40.154   114.051
       466    40.175     3.050     0.000     2.590    -7.471    20.087     0.020     9.829    31.362  2489.131  1024.168    40.175   114.303
       467    40.196     3.042     0.000     2.595    -7.466    20.098     0.020     9.829    31.362  2487.785  1024.168    40.196   114.560
       468    40.220     3.033     0.000     2.601    -7.461    20.110     0.020     9.829    31.362  2486.352  1024.169    40.220   114.823
       469    40.244     3.025     0.000     2.606    -7.456    20.122     0.020     9.829    31.362  2484.825  1024.169    40.244   115.091
       470    40.271     3.016     0.000     2.612    -7.451    20.135     0.020     9.829    31.362  2483.196  1024.169    40.271   115.366
       471    40.299     3.008     0.000     2.618    -7.445    20.149     0.020     9.828    31.362  2481.455  1024.169    40.299   115.646
       472    40.329     2.999     0.000     2.624    -7.439    20.165     0.020     9.828    31.362  2479.592  1024.169    40.329   115.934
       473    40.362     2.991     0.000     2.630    -7.433    20.181     0.020     9.828    31.362  2477.596  1024.169    40.362   116.228
       474    40.397     2.982     0.000     2.636    -7.427    20.198     0.020     9.828    31.362  2475.452  1024.169    40.397   116.530
       475    40.434     2.973     0.000     2.643    -7.421    20.217     0.020     9.828    31.362  2473.146  1024.169    40.434   116.840
       476    40.475     2.965     0.000     2.649    -7.414    20.238     0.020     9.827    31.362  2470.661  1024.169    40.475   117.159
       477    40.519     2.956     0.000     2.656    -7.407    20.260     0.020     9.827    31.362  2467.976  1024.169    40.519   117.487
       478    40.567     2.948     0.000     2.663    -7.400    20.283     0.020     9.827    31.362  2465.070  1024.169    40.567   117.824
       479    40.619     2.939     0.000     2.670    -7.392    20.309     0.020     9.826    31.362  2461.915  1024.170    40.619   118.173
       480    40.676     2.931     0.000     2.677    -7.384    20.338     0.020     9.826    31.363  2458.480  1024.170    40.676   118.533
       481    40.738     2.923     0.000     2.685    -7.376    20.369     0.020     9.826    31.363  2454.729  1024.170    40.738   118.905
       482    40.806     2.914     0.000     2.693    -7.367    20.403     0.020     9.825    31.363  2450.618  1024.170    40.806   119.291
       483    40.882     2.906     0.000     2.701    -7.357    20.441     0.020     9.825    31.363  2446.094  1024.170    40.882   119.692
       484    40.965     2.899     0.000     2.710    -7.348    20.483     0.020     9.824    31.363  2441.092  1024.170    40.965   120.110
       485    41.059     2.891     0.000     2.719    -7.337    20.529     0.020     9.824    31.363  2435.532  1024.171    41.059   120.547
       486    41.164     2.884     0.000     2.728    -7.326    20.582     0.020     9.823    31.363  2429.312  1024.171    41.164   121.004
       487    41.283     2.877     0.000     2.738    -7.314    20.642     0.020     9.822    31.363  2422.302  1024.171    41.283   121.485
       488    41.419     2.871     0.000     2.749    -7.302    20.710     0.020     9.822    31.364  2414.328  1024.171    41.419   121.994
       489    41.577     2.865     0.000     2.760    -7.288    20.789     0.020     9.821    31.364  2405.153  1024.172    41.577   122.536
       490    41.764     2.860     0.000     2.772    -7.273    20.882     0.020     9.820    31.364  2394.434  1024.172    41.764   123.117
       491    41.981     2.856     0.000     2.785    -7.257    20.990     0.020     9.818    31.364  2382.040  1024.172    41.981   123.747
       492    42.221     2.853     0.000     2.799    -7.239    21.110     0.020     9.817    31.365  2368.506  1024.173    42.221   124.433
       493    42.482     2.851     0.000     2.814    -7.220    21.241     0.020     9.816    31.365  2353.936  1024.173    42.482   125.170
       494    42.769     2.849     0.000     2.831    -7.198    21.385     0.020     9.814    31.365  2338.135  1024.174    42.769   125.968
       495    43.088     2.848     0.000     2.849    -7.175    21.544     0.020     9.812    31.365  2320.846  1024.174    43.088   126.840
       496    43.445     2.848     0.000     2.869    -7.148    21.723     0.020     9.811    31.366  2301.736  1024.175    43.445   127.805
       497    43.855     2.850     0.000     2.891    -7.118    21.928     0.020     9.809    31.366  2280.231  1024.175    43.855   128.889
       498    44.344     2.855     0.000     2.917    -7.083    22.172     0.020     9.806    31.366  2255.098  1024.176    44.344   130.137
       499    44.957     2.863     0.000     2.948    -7.040    22.478     0.020     9.803    31.367  2224.370  1024.176    44.957   131.641
       500    45.777     2.879     0.000     2.987    -6.984    22.888     0.020     9.800    31.367  2184.514  1024.177    45.777   133.570
       501    46.692     2.899     0.000     3.030    -6.925    23.346     0.020     9.796    31.367  2141.682  1024.178    46.692   135.632
       502    47.626     2.923     0.000     3.072    -6.866    23.813     0.020     9.792    31.367  2099.689  1024.179    47.626   137.677
       503    48.579     2.954     0.000     3.113    -6.808    24.289     0.020     9.789    31.367  2058.520  1024.179    48.579   139.694
       504    49.550     2.990     0.000     3.154    -6.752    24.775     0.020     9.785    31.366  2018.157  1024.179    49.550   141.671
       505    50.541     3.034     0.000     3.194    -6.698    25.271     0.020     9.782    31.366  1978.585  1024.179    50.541   143.609
---------------------------- Plume traps -----------------------------
       506    51.367     3.077     0.000     3.225    -6.656    25.683     0.020     9.780    31.365  1946.778  1024.179    51.367   145.163
       507    52.031     3.117     0.000     3.250    -6.624    26.016     0.020     9.778    31.364  1921.922  1024.179    52.031   146.338
       508    52.588     3.153     0.000     3.269    -6.600    26.294     0.020     9.776    31.364  1901.586  1024.179    52.588   147.266
       509    53.081     3.185     0.000     3.285    -6.580    26.541     0.020     9.775    31.363  1883.910  1024.178    53.081   148.053
       510    53.535     3.215     0.000     3.299    -6.562    26.767     0.020     9.774    31.363  1867.953  1024.178    53.535   148.757
       511    53.938     3.242     0.000     3.312    -6.545    26.969     0.020     9.773    31.362  1853.973  1024.178    53.938   149.408
       512    54.312     3.268     0.000     3.325    -6.530    27.156     0.020     9.772    31.362  1841.231  1024.178    54.312   150.039
       513    54.657     3.293     0.000     3.338    -6.515    27.329     0.020     9.771    31.361  1829.587  1024.178    54.657   150.654
       514    54.982     3.318     0.000     3.350    -6.500    27.491     0.020     9.770    31.361  1818.773  1024.177    54.982   151.258
       515    55.285     3.341     0.000     3.362    -6.486    27.643     0.020     9.770    31.360  1808.797  1024.177    55.285   151.847
       516    55.570     3.364     0.000     3.374    -6.473    27.785     0.020     9.769    31.360  1799.537  1024.177    55.570   152.422
       517    55.836     3.386     0.000     3.386    -6.460    27.918     0.020     9.769    31.360  1790.972  1024.177    55.836   152.983
       518    56.085     3.407     0.000     3.397    -6.448    28.042     0.020     9.768    31.359  1783.018  1024.177    56.085   153.530
       519    56.318     3.428     0.000     3.408    -6.436    28.159     0.020     9.768    31.359  1775.637  1024.176    56.318   154.063
       520    56.536     3.449     0.000     3.418    -6.425    28.268     0.020     9.767    31.359  1768.772  1024.176    56.536   154.584
       521    56.741     3.469     0.000     3.429    -6.414    28.371     0.020     9.767    31.358  1762.382  1024.176    56.741   155.092
       522    56.934     3.488     0.000     3.439    -6.403    28.467     0.020     9.766    31.358  1756.425  1024.176    56.934   155.587
       523    57.115     3.507     0.000     3.449    -6.393    28.557     0.020     9.766    31.358  1750.864  1024.176    57.115   156.070
       524    57.285     3.525     0.000     3.458    -6.383    28.642     0.020     9.766    31.357  1745.665  1024.175    57.285   156.542
       525    57.445     3.543     0.000     3.468    -6.374    28.722     0.020     9.765    31.357  1740.800  1024.175    57.445   157.003
       526    57.596     3.561     0.000     3.477    -6.364    28.798     0.020     9.765    31.357  1736.239  1024.175    57.596   157.453
       527    57.738     3.578     0.000     3.486    -6.356    28.869     0.020     9.765    31.357  1731.958  1024.175    57.738   157.893
       528    57.873     3.595     0.000     3.495    -6.347    28.936     0.020     9.765    31.356  1727.935  1024.175    57.873   158.322
       529    58.000     3.611     0.000     3.503    -6.339    29.000     0.020     9.764    31.356  1724.149  1024.175    58.000   158.742
       530    58.120     3.627     0.000     3.512    -6.331    29.060     0.020     9.764    31.356  1720.581  1024.175    58.120   159.153
       531    58.234     3.643     0.000     3.520    -6.324    29.117     0.020     9.764    31.356  1717.215  1024.175    58.234   159.555
       532    58.342     3.659     0.000     3.528    -6.317    29.171     0.020     9.764    31.356  1714.035  1024.174    58.342   159.949
       533    58.444     3.674     0.000     3.536    -6.310    29.222     0.020     9.763    31.356  1711.028  1024.174    58.444   160.334
       534    58.542     3.689     0.000     3.544    -6.303    29.271     0.020     9.763    31.355  1708.180  1024.174    58.542   160.711
       535    58.635     3.704     0.000     3.551    -6.296    29.317     0.020     9.763    31.355  1705.480  1024.174    58.635   161.081
       536    58.723     3.718     0.000     3.559    -6.290    29.361     0.020     9.763    31.355  1702.918  1024.174    58.723   161.443
       537    58.807     3.732     0.000     3.566    -6.284    29.403     0.020     9.763    31.355  1700.484  1024.174    58.807   161.798
       538    58.887     3.746     0.000     3.573    -6.278    29.443     0.020     9.763    31.355  1698.169  1024.174    58.887   162.147
       539    58.963     3.760     0.000     3.580    -6.272    29.482     0.020     9.763    31.355  1695.966  1024.174    58.963   162.489
       540    59.037     3.773     0.000     3.587    -6.267    29.518     0.020     9.763    31.354  1693.866  1024.174    59.037   162.825
       541    59.106     3.786     0.000     3.594    -6.261    29.553     0.020     9.762    31.354  1691.864  1024.174    59.106   163.155
       542    59.173     3.799     0.000     3.600    -6.256    29.587     0.020     9.762    31.354  1689.952  1024.173    59.173   163.479
       543    59.237     3.812     0.000     3.607    -6.251    29.619     0.020     9.762    31.354  1688.126  1024.173    59.237   163.797
       544    59.299     3.825     0.000     3.613    -6.246    29.649     0.020     9.762    31.354  1686.380  1024.173    59.299   164.110
       545    59.357     3.837     0.000     3.620    -6.242    29.679     0.020     9.762    31.354  1684.709  1024.173    59.357   164.418
       546    59.414     3.849     0.000     3.626    -6.237    29.707     0.020     9.762    31.354  1683.108  1024.173    59.414   164.721
       547    59.468     3.861     0.000     3.632    -6.233    29.734     0.020     9.762    31.354  1681.575  1024.173    59.468   165.019
       548    59.520     3.873     0.000     3.638    -6.228    29.760     0.020     9.762    31.354  1680.104  1024.173    59.520   165.312
       549    59.570     3.885     0.000     3.644    -6.224    29.785     0.020     9.762    31.353  1678.693  1024.173    59.570   165.601
       550    59.618     3.896     0.000     3.649    -6.220    29.809     0.020     9.762    31.353  1677.337  1024.173    59.618   165.885
       551    59.665     3.907     0.000     3.655    -6.216    29.832     0.020     9.762    31.353  1676.035  1024.173    59.665   166.165
       552    59.709     3.918     0.000     3.661    -6.212    29.855     0.020     9.761    31.353  1674.783  1024.173    59.709   166.441
       553    59.752     3.929     0.000     3.666    -6.209    29.876     0.020     9.761    31.353  1673.578  1024.173    59.752   166.713
       554    59.794     3.940     0.000     3.672    -6.205    29.897     0.020     9.761    31.353  1672.419  1024.173    59.794   166.982
       555    59.834     3.950     0.000     3.677    -6.202    29.917     0.020     9.761    31.353  1671.302  1024.173    59.834   167.247
       556    59.872     3.961     0.000     3.683    -6.198    29.936     0.020     9.761    31.353  1670.226  1024.173    59.872   167.508
       557    59.909     3.971     0.000     3.688    -6.195    29.955     0.020     9.761    31.353  1669.189  1024.173    59.909   167.766
       558    59.945     3.981     0.000     3.693    -6.192    29.973     0.020     9.761    31.353  1668.189  1024.173    59.945   168.020
       559    59.980     3.991     0.000     3.698    -6.189    29.990     0.020     9.761    31.353  1667.224  1024.172    59.980   168.271
       560    60.013     4.001     0.000     3.703    -6.186    30.007     0.020     9.761    31.353  1666.293  1024.172    60.013   168.520
       561    60.046     4.010     0.000     3.708    -6.183    30.023     0.020     9.761    31.353  1665.393  1024.172    60.046   168.765
       562    60.077     4.020     0.000     3.713    -6.180    30.039     0.020     9.761    31.352  1664.525  1024.172    60.077   169.007
       563    60.108     4.029     0.000     3.718    -6.177    30.054     0.020     9.761    31.352  1663.685  1024.172    60.108   169.246
       564    60.137     4.038     0.000     3.723    -6.174    30.068     0.020     9.761    31.352  1662.874  1024.172    60.137   169.483
       565    60.165     4.047     0.000     3.728    -6.172    30.083     0.020     9.761    31.352  1662.089  1024.172    60.165   169.717
       566    60.193     4.056     0.000     3.733    -6.169    30.096     0.020     9.761    31.352  1661.330  1024.172    60.193   169.948
       567    60.219     4.065     0.000     3.737    -6.167    30.110     0.020     9.761    31.352  1660.596  1024.172    60.219   170.177
       568    60.245     4.073     0.000     3.742    -6.164    30.123     0.020     9.761    31.352  1659.885  1024.172    60.245   170.404
       569    60.270     4.082     0.000     3.746    -6.162    30.135     0.020     9.761    31.352  1659.198  1024.172    60.270   170.628
       570    60.294     4.090     0.000     3.751    -6.160    30.147     0.020     9.761    31.352  1658.532  1024.172    60.294   170.850
       571    60.318     4.098     0.000     3.755    -6.158    30.159     0.020     9.761    31.352  1657.887  1024.172    60.318   171.070
       572    60.340     4.106     0.000     3.760    -6.155    30.170     0.020     9.761    31.352  1657.262  1024.172    60.340   171.287
       573    60.363     4.114     0.000     3.764    -6.153    30.181     0.020     9.761    31.352  1656.657  1024.172    60.363   171.503
       574    60.384     4.122     0.000     3.769    -6.151    30.192     0.020     9.760    31.352  1656.071  1024.172    60.384   171.716
       575    60.405     4.129     0.000     3.773    -6.149    30.202     0.020     9.760    31.352  1655.502  1024.172    60.405   171.928
       576    60.425     4.137     0.000     3.777    -6.147    30.212     0.020     9.760    31.352  1654.952  1024.172    60.425   172.138
       577    60.444     4.144     0.000     3.782    -6.146    30.222     0.020     9.760    31.352  1654.418  1024.172    60.444   172.345
       578    60.463     4.151     0.000     3.786    -6.144    30.232     0.020     9.760    31.352  1653.900  1024.172    60.463   172.551
       579    60.481     4.158     0.000     3.790    -6.142    30.241     0.020     9.760    31.352  1653.399  1024.172    60.481   172.756
       580    60.499     4.165     0.000     3.794    -6.140    30.250     0.020     9.760    31.352  1652.912  1024.172    60.499   172.958
       581    60.517     4.172     0.000     3.798    -6.139    30.258     0.020     9.760    31.352  1652.440  1024.172    60.517   173.159
       582    60.533     4.179     0.000     3.802    -6.137    30.267     0.020     9.760    31.352  1651.983  1024.172    60.533   173.359
       583    60.550     4.185     0.000     3.806    -6.135    30.275     0.020     9.760    31.351  1651.539  1024.172    60.550   173.557
       584    60.565     4.192     0.000     3.810    -6.134    30.283     0.020     9.760    31.351  1651.109  1024.172    60.565   173.753
       585    60.581     4.198     0.000     3.814    -6.132    30.290     0.020     9.760    31.351  1650.692  1024.172    60.581   173.948
       586    60.595     4.204     0.000     3.818    -6.131    30.298     0.020     9.760    31.351  1650.288  1024.172    60.595   174.142
       587    60.610     4.210     0.000     3.822    -6.129    30.305     0.020     9.760    31.351  1649.896  1024.172    60.610   174.334
       588    60.624     4.216     0.000     3.826    -6.128    30.312     0.020     9.760    31.351  1649.516  1024.172    60.624   174.525
       589    60.637     4.222     0.000     3.830    -6.127    30.319     0.020     9.760    31.351  1649.147  1024.172    60.637   174.714
       590    60.651     4.228     0.000     3.834    -6.125    30.325     0.020     9.760    31.351  1648.790  1024.172    60.651   174.903
       591    60.663     4.233     0.000     3.838    -6.124    30.332     0.020     9.760    31.351  1648.444  1024.172    60.663   175.090
       592    60.676     4.238     0.000     3.841    -6.123    30.338     0.020     9.760    31.351  1648.109  1024.171    60.676   175.276
       593    60.688     4.244     0.000     3.845    -6.122    30.344     0.020     9.760    31.351  1647.784  1024.171    60.688   175.461
       594    60.699     4.249     0.000     3.849    -6.121    30.350     0.020     9.760    31.351  1647.470  1024.171    60.699   175.645
       595    60.710     4.254     0.000     3.853    -6.120    30.355     0.020     9.760    31.351  1647.165  1024.171    60.710   175.828
       596    60.721     4.259     0.000     3.856    -6.118    30.361     0.020     9.760    31.351  1646.870  1024.171    60.721   176.009
       597    60.732     4.264     0.000     3.860    -6.117    30.366     0.020     9.760    31.351  1646.584  1024.171    60.732   176.190
       598    60.742     4.268     0.000     3.864    -6.116    30.371     0.020     9.760    31.351  1646.308  1024.171    60.742   176.370
       599    60.752     4.273     0.000     3.867    -6.115    30.376     0.020     9.760    31.351  1646.041  1024.171    60.752   176.549
       600    60.761     4.277     0.000     3.871    -6.115    30.381     0.020     9.760    31.351  1645.783  1024.171    60.761   176.727
       601    60.771     4.281     0.000     3.875    -6.114    30.385     0.020     9.760    31.351  1645.533  1024.171    60.771   176.904
       602    60.779     4.286     0.000     3.878    -6.113    30.390     0.020     9.760    31.351  1645.292  1024.171    60.779   177.080
       603    60.788     4.290     0.000     3.882    -6.112    30.394     0.020     9.760    31.351  1645.060  1024.171    60.788   177.255
       604    60.796     4.294     0.000     3.885    -6.111    30.398     0.020     9.760    31.351  1644.835  1024.171    60.796   177.430
       605    60.804     4.297     0.000     3.889    -6.110    30.402     0.020     9.760    31.351  1644.619  1024.171    60.804   177.604
       606    60.812     4.301     0.000     3.892    -6.109    30.406     0.020     9.760    31.351  1644.410  1024.171    60.812   177.777
       607    60.820     4.305     0.000     3.896    -6.109    30.410     0.020     9.760    31.351  1644.210  1024.171    60.820   177.950
       608    60.827     4.308     0.000     3.900    -6.108    30.413     0.020     9.760    31.351  1644.016  1024.171    60.827   178.121
       609    60.834     4.311     0.000     3.903    -6.107    30.417     0.020     9.760    31.351  1643.831  1024.171    60.834   178.293
       610    60.840     4.315     0.000     3.907    -6.107    30.420     0.020     9.760    31.351  1643.652  1024.171    60.840   178.463
       611    60.846     4.318     0.000     3.910    -6.106    30.423     0.020     9.760    31.351  1643.481  1024.171    60.846   178.633
       612    60.853     4.321     0.000     3.913    -6.106    30.426     0.020     9.760    31.351  1643.317  1024.171    60.853   178.802
       613    60.858     4.324     0.000     3.917    -6.105    30.429     0.020     9.760    31.351  1643.160  1024.171    60.858   178.971
       614    60.864     4.326     0.000     3.920    -6.104    30.432     0.020     9.760    31.351  1643.010  1024.171    60.864   179.140
       615    60.869     4.329     0.000     3.924    -6.104    30.435     0.020     9.760    31.351  1642.867  1024.171    60.869   179.307
       616    60.874     4.331     0.000     3.927    -6.103    30.437     0.020     9.760    31.351  1642.730  1024.171    60.874   179.475
       617    60.879     4.334     0.000     3.931    -6.103    30.440     0.020     9.760    31.351  1642.600  1024.171    60.879   179.642
       618    60.884     4.336     0.000     3.934    -6.103    30.442     0.020     9.760    31.351  1642.477  1024.171    60.884   179.808
       619    60.888     4.338     0.000     3.937    -6.102    30.444     0.020     9.760    31.351  1642.360  1024.171    60.888   179.974
       620    60.892     4.340     0.000     3.941    -6.102    30.446     0.020     9.760    31.351  1642.250  1024.171    60.892   180.140
       621    60.896     4.342     0.000     3.944    -6.101    30.448     0.020     9.760    31.351  1642.145  1024.171    60.896   180.305
       622    60.900     4.344     0.000     3.948    -6.101    30.450     0.020     9.760    31.351  1642.048  1024.171    60.900   180.470
       623    60.903     4.346     0.000     3.951    -6.101    30.451     0.020     9.760    31.351  1641.956  1024.171    60.903   180.635
       624    60.906     4.347     0.000     3.954    -6.100    30.453     0.020     9.760    31.351  1641.871  1024.171    60.906   180.799
       625    60.909     4.349     0.000     3.958    -6.100    30.455     0.020     9.760    31.351  1641.792  1024.171    60.909   180.963
       626    60.912     4.350     0.000     3.961    -6.100    30.456     0.020     9.760    31.351  1641.718  1024.171    60.912   181.127
       627    60.914     4.351     0.000     3.964    -6.100    30.457     0.020     9.760    31.351  1641.651  1024.171    60.914   181.291
       628    60.917     4.352     0.000     3.968    -6.100    30.458     0.020     9.760    31.351  1641.590  1024.171    60.917   181.454
       629    60.919     4.353     0.000     3.971    -6.099    30.459     0.020     9.760    31.351  1641.535  1024.171    60.919   181.618
       630    60.920     4.354     0.000     3.974    -6.099    30.460     0.020     9.760    31.351  1641.486  1024.171    60.920   181.781
       631    60.922     4.355     0.000     3.978    -6.099    30.461     0.020     9.760    31.351  1641.442  1024.171    60.922   181.944
       632    60.923     4.356     0.000     3.981    -6.099    30.462     0.020     9.760    31.351  1641.405  1024.171    60.923   182.106
       633    60.925     4.356     0.000     3.984    -6.099    30.462     0.020     9.760    31.351  1641.373  1024.171    60.925   182.269
       634    60.926     4.357     0.000     3.988    -6.099    30.463     0.020     9.760    31.351  1641.347  1024.171    60.926   182.432
       635    60.926     4.357     0.000     3.991    -6.099    30.463     0.020     9.760    31.351  1641.327  1024.171    60.926   182.594
       636    60.927     4.357     0.000     3.994    -6.099    30.463     0.020     9.760    31.351  1641.313  1024.171    60.927   182.757
---------------------- Local maximum rise or fall --------------------
       637    60.927     4.357     0.000     3.998    -6.099    30.464     0.020     9.760    31.351  1641.304  1024.171    60.927   182.919
-------------------- Starting Farfield Calculations --------------------
Farfield dispersion based on wastefield width of :       4.36 (m)
4/3 Power Law based Eddy Diffusivity is used:
  Dilution     Width  Distance      Time     Conc.    Bckgrd
        ()       (m)       (m)    (hrs.)    (mg/L)    (mg/L)
    60.927     4.363     3.998     0.000  1641.304     0.000
    60.927     4.364     4.000     0.000  1645.797     0.000
    60.927     4.661     5.000     0.014  1645.797     0.000
    61.020     4.965     6.000     0.028  1645.797     0.000
    61.615     5.275     7.000     0.042  1645.797     0.000
    62.895     5.592     8.000     0.056  1597.634     0.000
    64.757     5.914     9.000     0.070  1597.634     0.000
    67.056     6.243    10.000     0.084  1597.634     0.000
    69.676     6.577    11.000     0.098  1597.634     0.000
    72.540     6.917    12.000     0.111  1391.396     0.000
    75.594     7.263    13.000     0.125  1391.396     0.000
    78.801     7.614    14.000     0.139  1391.396     0.000
    82.135     7.971    15.000     0.153  1391.396     0.000
    85.578     8.334    16.000     0.167  1183.089     0.000
    89.116     8.701    17.000     0.181  1183.089     0.000
    92.740     9.074    18.000     0.195  1183.089     0.000
    96.441     9.452    19.000     0.209  1183.089     0.000
   100.215     9.835    20.000     0.223  1012.546     0.000
   104.055    10.223    21.000     0.236  1012.546     0.000
   107.960    10.616    22.000     0.250  1012.546     0.000
   111.924    11.014    23.000     0.264  1012.546     0.000
   115.947    11.417    24.000     0.278   876.648     0.000
   120.026    11.825    25.000     0.292   876.648     0.000
   124.159    12.238    26.000     0.306   876.648     0.000
   128.344    12.655    27.000     0.320   876.648     0.000
   132.581    13.076    28.000     0.334   767.704     0.000
   136.868    13.503    29.000     0.348   767.704     0.000
   141.205    13.934    30.000     0.361   767.704     0.000
   145.589    14.369    31.000     0.375   767.704     0.000
   150.021    14.809    32.000     0.389   679.226     0.000
   154.499    15.253    33.000     0.403   679.226     0.000
   159.023    15.702    34.000     0.417   679.226     0.000
   163.592    16.155    35.000     0.431   679.226     0.000
   168.206    16.612    36.000     0.445   606.367     0.000
   172.864    17.073    37.000     0.459   606.367     0.000
   177.565    17.539    38.000     0.473   606.367     0.000
   182.310    18.008    39.000     0.486   606.367     0.000
   187.096    18.482    40.000     0.500   545.589     0.000
   191.925    18.960    41.000     0.514   545.589     0.000
   196.796    19.442    42.000     0.528   545.589     0.000
   201.708    19.928    43.000     0.542   545.589     0.000
   206.660    20.418    44.000     0.556   494.290     0.000
   211.653    20.912    45.000     0.570   494.290     0.000
   216.686    21.410    46.000     0.584   494.290     0.000
   221.759    21.912    47.000     0.598   494.290     0.000
   226.871    22.417    48.000     0.611   450.536     0.000
   232.023    22.927    49.000     0.625   450.536     0.000
   237.213    23.440    50.000     0.639   450.536     0.000
   242.441    23.957    51.000     0.653   412.867     0.000
   247.708    24.478    52.000     0.667   412.867     0.000
   253.012    25.002    53.000     0.681   412.867     0.000
   258.354    25.531    54.000     0.695   412.867     0.000
   263.733    26.062    55.000     0.709   380.163     0.000
   269.150    26.598    56.000     0.723   380.163     0.000
   274.603    27.137    57.000     0.736   380.163     0.000
   280.092    27.680    58.000     0.750   380.163     0.000
   285.618    28.226    59.000     0.764   351.557     0.000
   291.180    28.776    60.000     0.778   351.557     0.000
   296.777    29.329    61.000     0.792   351.557     0.000
   302.410    29.886    62.000     0.806   351.557     0.000
   308.078    30.446    63.000     0.820   326.364     0.000
   313.782    31.010    64.000     0.834   326.364     0.000
   319.520    31.577    65.000     0.848   326.364     0.000
   325.293    32.148    66.000     0.861   326.364     0.000
   331.100    32.722    67.000     0.875   304.042     0.000
   336.942    33.299    68.000     0.889   304.042     0.000
   342.817    33.880    69.000     0.903   304.042     0.000
   348.727    34.464    70.000     0.917   304.042     0.000
   354.670    35.052    71.000     0.931   284.153     0.000
   360.646    35.642    72.000     0.945   284.153     0.000
   366.656    36.236    73.000     0.959   284.153     0.000
   372.698    36.834    74.000     0.973   284.153     0.000
   378.774    37.434    75.000     0.986   266.341     0.000
   384.882    38.038    76.000     1.000   266.341     0.000
   391.023    38.645    77.000     1.014   266.341     0.000
   397.196    39.255    78.000     1.028   266.341     0.000
   403.401    39.868    79.000     1.042   250.315     0.000
   409.639    40.485    80.000     1.056   250.315     0.000
   415.908    41.105    81.000     1.070   250.315     0.000
   422.209    41.727    82.000     1.084   250.315     0.000
   428.541    42.353    83.000     1.098   235.834     0.000
   434.905    42.982    84.000     1.111   235.834     0.000
   441.300    43.614    85.000     1.125   235.834     0.000
   447.726    44.249    86.000     1.139   235.834     0.000
   454.183    44.888    87.000     1.153   222.697     0.000
   460.671    45.529    88.000     1.167   222.697     0.000
   467.189    46.173    89.000     1.181   222.697     0.000
   473.738    46.820    90.000     1.195   222.697     0.000
   480.317    47.471    91.000     1.209   210.736     0.000
   486.926    48.124    92.000     1.223   210.736     0.000
   493.566    48.780    93.000     1.236   210.736     0.000
   500.235    49.439    94.000     1.250   210.736     0.000
   506.934    50.101    95.000     1.264   199.808     0.000
   513.663    50.766    96.000     1.278   199.808     0.000
   520.421    51.434    97.000     1.292   199.808     0.000
   527.208    52.105    98.000     1.306   189.794     0.000
   534.025    52.779    99.000     1.320   189.794     0.000
   540.871    53.456   100.000     1.334   189.794     0.000
   547.746    54.135   101.000     1.348   189.794     0.000
   554.650    54.817   102.000     1.361   180.589     0.000
   561.583    55.503   103.000     1.375   180.589     0.000
   568.544    56.191   104.000     1.389   180.589     0.000
   575.534    56.881   105.000     1.403   180.589     0.000
   582.553    57.575   106.000     1.417   172.104     0.000
   589.599    58.272   107.000     1.431   172.104     0.000
   596.674    58.971   108.000     1.445   172.104     0.000
   603.777    59.673   109.000     1.459   172.104     0.000
   610.908    60.378   110.000     1.473   164.264     0.000
   618.066    61.085   111.000     1.486   164.264     0.000
   625.253    61.795   112.000     1.500   164.264     0.000
   632.467    62.508   113.000     1.514   164.264     0.000
   639.709    63.224   114.000     1.528   157.001     0.000
   646.978    63.943   115.000     1.542   157.001     0.000
   654.274    64.664   116.000     1.556   157.001     0.000
   661.598    65.387   117.000     1.570   157.001     0.000
   668.949    66.114   118.000     1.584   150.259     0.000
   676.326    66.843   119.000     1.598   150.259     0.000
   683.731    67.575   120.000     1.611   150.259     0.000
   691.163    68.309   121.000     1.625   150.259     0.000
   698.621    69.047   122.000     1.639   143.985     0.000
   706.106    69.786   123.000     1.653   143.985     0.000
   713.617    70.529   124.000     1.667   143.985     0.000
   721.155    71.274   125.000     1.681   143.985     0.000
   728.719    72.021   126.000     1.695   138.137     0.000
   736.310    72.772   127.000     1.709   138.137     0.000
   743.927    73.524   128.000     1.723   138.137     0.000
   751.569    74.280   129.000     1.736   138.137     0.000
   759.238    75.038   130.000     1.750   132.673     0.000
   766.933    75.798   131.000     1.764   132.673     0.000
   774.653    76.561   132.000     1.778   132.673     0.000
   782.400    77.327   133.000     1.792   132.673     0.000
   790.172    78.095   134.000     1.806   127.561     0.000
   797.969    78.866   135.000     1.820   127.561     0.000
   805.792    79.639   136.000     1.834   127.561     0.000
   813.640    80.414   137.000     1.848   127.561     0.000
   821.514    81.193   138.000     1.861   122.769     0.000
   829.413    81.973   139.000     1.875   122.769     0.000
   837.337    82.756   140.000     1.889   122.769     0.000
   845.286    83.542   141.000     1.903   122.769     0.000
   853.260    84.330   142.000     1.917   118.269     0.000
   861.259    85.121   143.000     1.931   118.269     0.000
   869.283    85.914   144.000     1.945   118.269     0.000
   877.332    86.709   145.000     1.959   114.038     0.000
   885.405    87.507   146.000     1.973   114.038     0.000
   893.503    88.308   147.000     1.986   114.038     0.000
   901.626    89.110   148.000     2.000   114.038     0.000
   909.773    89.916   149.000     2.014   110.053     0.000
   917.944    90.723   150.000     2.028   110.053     0.000
   926.140    91.533   151.000     2.042   110.053     0.000
   934.360    92.346   152.000     2.056   110.053     0.000
   942.604    93.160   153.000     2.070   106.295     0.000
   950.872    93.978   154.000     2.084   106.295     0.000
   959.164    94.797   155.000     2.098   106.295     0.000
   967.480    95.619   156.000     2.111   106.295     0.000
   975.821    96.443   157.000     2.125   102.746     0.000
   984.184    97.270   158.000     2.139   102.746     0.000
   992.572    98.099   159.000     2.153   102.746     0.000
  1000.984    98.930   160.000     2.167   102.746     0.000
  1009.419    99.764   161.000     2.181    99.390     0.000
  1017.877   100.600   162.000     2.195    99.390     0.000
  1026.359   101.438   163.000     2.209    99.390     0.000
  1034.865   102.279   164.000     2.223    99.390     0.000
  1043.394   103.122   165.000     2.236    96.214     0.000
  1051.946   103.967   166.000     2.250    96.214     0.000
  1060.521   104.815   167.000     2.264    96.214     0.000
  1069.120   105.664   168.000     2.278    96.214     0.000
  1077.742   106.516   169.000     2.292    93.202     0.000
  1086.386   107.371   170.000     2.306    93.202     0.000
  1095.054   108.228   171.000     2.320    93.202     0.000
  1103.745   109.086   172.000     2.334    93.202     0.000
  1112.458   109.948   173.000     2.348    90.345     0.000
  1121.195   110.811   174.000     2.361    90.345     0.000
  1129.954   111.677   175.000     2.375    90.345     0.000
  1138.736   112.545   176.000     2.389    90.345     0.000
  1147.540   113.415   177.000     2.403    87.631     0.000
  1156.367   114.287   178.000     2.417    87.631     0.000
  1165.217   115.162   179.000     2.431    87.631     0.000
  1174.089   116.039   180.000     2.445    87.631     0.000
  1182.983   116.918   181.000     2.459    85.050     0.000
  1191.900   117.799   182.000     2.473    85.050     0.000
  1200.839   118.683   183.000     2.486    85.050     0.000
  1209.800   119.568   184.000     2.500    85.050     0.000
  1218.784   120.456   185.000     2.514    82.593     0.000
  1227.789   121.346   186.000     2.528    82.593     0.000
  1236.817   122.238   187.000     2.542    82.593     0.000
  1245.866   123.133   188.000     2.556    82.593     0.000
  1254.938   124.029   189.000     2.570    80.252     0.000
  1264.032   124.928   190.000     2.584    80.252     0.000
  1273.147   125.829   191.000     2.598    80.252     0.000
  1282.284   126.732   192.000     2.611    78.020     0.000
  1291.443   127.637   193.000     2.625    78.020     0.000
  1300.624   128.545   194.000     2.639    78.020     0.000
  1309.826   129.454   195.000     2.653    78.020     0.000
  1319.050   130.366   196.000     2.667    75.889     0.000
  1328.296   131.280   197.000     2.681    75.889     0.000
  1337.563   132.195   198.000     2.695    75.889     0.000
  1346.851   133.113   199.000     2.709    75.889     0.000
  1356.161   134.034   200.000     2.723    73.854     0.000
  1365.492   134.956   201.000     2.736    73.854     0.000
  1374.845   135.880   202.000     2.750    73.854     0.000
  1384.218   136.807   203.000     2.764    73.854     0.000
  1393.613   137.735   204.000     2.778    71.908     0.000
  1403.029   138.666   205.000     2.792    71.908     0.000
  1412.467   139.598   206.000     2.806    71.908     0.000
............................. Reached Chronic Mixing Zone ..........................
  1421.925   140.533   207.000     2.820    71.908     0.000
  1431.404   141.470   208.000     2.834    70.046     0.000
  1440.905   142.409   209.000     2.848    70.046     0.000
  1450.426   143.350   210.000     2.861    70.046     0.000
  1459.968   144.293   211.000     2.875    70.046     0.000
  1469.531   145.238   212.000     2.889    68.263     0.000
  1479.114   146.186   213.000     2.903    68.263     0.000
  1488.719   147.135   214.000     2.917    68.263     0.000
  1498.344   148.086   215.000     2.931    68.263     0.000
  1507.990   149.039   216.000     2.945    66.554     0.000
  1517.656   149.995   217.000     2.959    66.554     0.000
  1527.343   150.952   218.000     2.973    66.554     0.000
  1537.051   151.912   219.000     2.986    66.554     0.000
  1546.779   152.873   220.000     3.000    64.916     0.000
  1556.527   153.836   221.000     3.014    64.916     0.000
  1566.296   154.802   222.000     3.028    64.916     0.000
  1576.085   155.769   223.000     3.042    64.916     0.000
  1585.895   156.739   224.000     3.056    63.343     0.000
  1595.724   157.710   225.000     3.070    63.343     0.000
  1605.574   158.684   226.000     3.084    63.343     0.000
  1615.445   159.659   227.000     3.098    63.343     0.000
  1625.335   160.637   228.000     3.111    61.833     0.000
  1635.245   161.616   229.000     3.125    61.833     0.000
  1645.176   162.598   230.000     3.139    61.833     0.000
  1655.126   163.581   231.000     3.153    61.833     0.000
  1665.097   164.567   232.000     3.167    60.383     0.000
  1675.087   165.554   233.000     3.181    60.383     0.000
  1685.097   166.544   234.000     3.195    60.383     0.000
  1695.128   167.535   235.000     3.209    60.383     0.000
  1705.178   168.528   236.000     3.223    58.988     0.000
  1715.247   169.523   237.000     3.236    58.988     0.000
  1725.337   170.521   238.000     3.250    58.988     0.000
  1735.446   171.520   239.000     3.264    57.645     0.000
  1745.575   172.521   240.000     3.278    57.645     0.000
  1755.723   173.524   241.000     3.292    57.645     0.000
  1765.892   174.529   242.000     3.306    57.645     0.000
  1776.079   175.536   243.000     3.320    56.353     0.000
  1786.286   176.544   244.000     3.334    56.353     0.000
  1796.513   177.555   245.000     3.348    56.353     0.000
  1806.759   178.568   246.000     3.361    56.353     0.000
  1817.025   179.582   247.000     3.375    55.109     0.000
  1827.310   180.599   248.000     3.389    55.109     0.000
  1837.614   181.617   249.000     3.403    55.109     0.000
  1847.937   182.638   250.000     3.417    55.109     0.000
  1858.280   183.660   251.000     3.431    53.910     0.000
  1868.642   184.684   252.000     3.445    53.910     0.000
  1879.023   185.710   253.000     3.459    53.910     0.000
  1889.424   186.738   254.000     3.473    53.910     0.000
  1899.843   187.768   255.000     3.486    52.753     0.000
  1910.282   188.799   256.000     3.500    52.753     0.000
  1920.739   189.833   257.000     3.514    52.753     0.000
  1931.216   190.868   258.000     3.528    52.753     0.000
  1941.711   191.906   259.000     3.542    51.638     0.000
  1952.226   192.945   260.000     3.556    51.638     0.000
  1962.759   193.986   261.000     3.570    51.638     0.000
  1973.312   195.029   262.000     3.584    51.638     0.000
  1983.883   196.073   263.000     3.598    50.561     0.000
  1994.473   197.120   264.000     3.611    50.561     0.000
  2005.081   198.169   265.000     3.625    50.561     0.000
  2015.709   199.219   266.000     3.639    50.561     0.000
  2026.355   200.271   267.000     3.653    49.521     0.000
  2037.020   201.325   268.000     3.667    49.521     0.000
  2047.703   202.381   269.000     3.681    49.521     0.000
  2058.406   203.439   270.000     3.695    49.521     0.000
  2069.126   204.498   271.000     3.709    48.516     0.000
  2079.866   205.560   272.000     3.723    48.516     0.000
  2090.623   206.623   273.000     3.736    48.516     0.000
  2101.400   207.688   274.000     3.750    48.516     0.000
  2112.194   208.755   275.000     3.764    47.545     0.000
  2123.007   209.824   276.000     3.778    47.545     0.000
  2133.839   210.894   277.000     3.792    47.545     0.000
  2144.689   211.966   278.000     3.806    47.545     0.000
  2155.557   213.041   279.000     3.820    46.606     0.000
  2166.443   214.117   280.000     3.834    46.606     0.000
  2177.348   215.194   281.000     3.848    46.606     0.000
  2188.271   216.274   282.000     3.861    46.606     0.000
  2199.212   217.355   283.000     3.875    45.697     0.000
  2210.172   218.438   284.000     3.889    45.697     0.000
  2221.149   219.523   285.000     3.903    45.697     0.000
  2232.145   220.610   286.000     3.917    44.817     0.000
  2243.159   221.699   287.000     3.931    44.817     0.000
  2254.190   222.789   288.000     3.945    44.817     0.000
  2265.240   223.881   289.000     3.959    44.817     0.000
  2276.308   224.975   290.000     3.973    43.966     0.000
  2287.394   226.070   291.000     3.986    43.966     0.000
  2298.498   227.168   292.000     4.000    43.966     0.000
  2309.619   228.267   293.000     4.014    43.966     0.000
  2320.759   229.368   294.000     4.028    43.140     0.000
  2331.916   230.471   295.000     4.042    43.140     0.000
  2343.091   231.575   296.000     4.056    43.140     0.000
  2354.284   232.681   297.000     4.070    43.140     0.000
  2365.495   233.789   298.000     4.084    42.341     0.000
  2376.723   234.899   299.000     4.098    42.341     0.000
  2387.969   236.011   300.000     4.111    42.341     0.000
  2399.233   237.124   301.000     4.125    42.341     0.000
  2410.515   238.239   302.000     4.139    41.566     0.000
  2421.814   239.356   303.000     4.153    41.566     0.000
  2433.131   240.474   304.000     4.167    41.566     0.000
  2444.465   241.594   305.000     4.181    41.566     0.000
  2455.817   242.716   306.000     4.195    40.814     0.000
  2467.186   243.840   307.000     4.209    40.814     0.000
  2478.573   244.965   308.000     4.223    40.814     0.000
  2489.977   246.092   309.000     4.236    40.814     0.000
  2501.399   247.221   310.000     4.250    40.084     0.000
  2512.838   248.352   311.000     4.264    40.084     0.000
  2524.295   249.484   312.000     4.278    40.084     0.000
  2535.769   250.618   313.000     4.292    40.084     0.000
  2547.260   251.754   314.000     4.306    39.376     0.000
  2558.769   252.891   315.000     4.320    39.376     0.000
  2570.295   254.030   316.000     4.334    39.376     0.000
  2581.838   255.171   317.000     4.348    39.376     0.000
  2593.398   256.314   318.000     4.361    38.689     0.000
  2604.976   257.458   319.000     4.375    38.689     0.000
  2616.570   258.604   320.000     4.389    38.689     0.000
  2628.182   259.752   321.000     4.403    38.689     0.000
  2639.811   260.901   322.000     4.417    38.021     0.000
  2651.457   262.052   323.000     4.431    38.021     0.000
  2663.120   263.205   324.000     4.445    38.021     0.000
  2674.801   264.359   325.000     4.459    38.021     0.000
  2686.498   265.515   326.000     4.473    37.373     0.000
  2698.212   266.673   327.000     4.486    37.373     0.000
  2709.943   267.832   328.000     4.500    37.373     0.000
  2721.691   268.994   329.000     4.514    37.373     0.000
  2733.457   270.156   330.000     4.528    36.742     0.000
  2745.239   271.321   331.000     4.542    36.742     0.000
  2757.037   272.487   332.000     4.556    36.742     0.000
  2768.853   273.655   333.000     4.570    36.130     0.000
  2780.686   274.824   334.000     4.584    36.130     0.000
  2792.535   275.995   335.000     4.598    36.130     0.000
  2804.401   277.168   336.000     4.611    36.130     0.000
  2816.284   278.342   337.000     4.625    35.533     0.000
  2828.184   279.519   338.000     4.639    35.533     0.000
  2840.100   280.696   339.000     4.653    35.533     0.000
  2852.033   281.876   340.000     4.667    35.533     0.000
  2863.983   283.057   341.000     4.681    34.954     0.000
  2875.949   284.239   342.000     4.695    34.954     0.000
  2887.932   285.424   343.000     4.709    34.954     0.000
  2899.932   286.610   344.000     4.723    34.954     0.000
  2911.948   287.797   345.000     4.736    34.389     0.000
  2923.981   288.986   346.000     4.750    34.389     0.000
  2936.030   290.177   347.000     4.764    34.389     0.000
  2948.096   291.370   348.000     4.778    34.389     0.000
  2960.178   292.564   349.000     4.792    33.840     0.000
  2972.277   293.760   350.000     4.806    33.840     0.000
  2984.392   294.957   351.000     4.820    33.840     0.000
  2996.523   296.156   352.000     4.834    33.840     0.000
  3008.671   297.357   353.000     4.848    33.306     0.000
  3020.836   298.559   354.000     4.861    33.306     0.000
  3033.016   299.763   355.000     4.875    33.306     0.000
  3045.213   300.968   356.000     4.889    33.306     0.000
  3057.427   302.175   357.000     4.903    32.785     0.000
  3069.656   303.384   358.000     4.917    32.785     0.000
  3081.902   304.594   359.000     4.931    32.785     0.000
  3094.164   305.806   360.000     4.945    32.785     0.000
  3106.442   307.020   361.000     4.959    32.277     0.000
  3118.737   308.235   362.000     4.973    32.277     0.000
  3131.048   309.452   363.000     4.986    32.277     0.000
  3143.375   310.670   364.000     5.000    32.277     0.000
  3155.717   311.890   365.000     5.014    31.783     0.000
  3168.077   313.111   366.000     5.028    31.783     0.000
  3180.452   314.334   367.000     5.042    31.783     0.000
  3192.843   315.559   368.000     5.056    31.783     0.000
  3205.250   316.785   369.000     5.070    31.301     0.000
  3217.674   318.013   370.000     5.084    31.301     0.000
  3230.113   319.242   371.000     5.098    31.301     0.000
  3242.568   320.473   372.000     5.111    31.301     0.000
  3255.040   321.706   373.000     5.125    30.831     0.000
  3267.527   322.940   374.000     5.139    30.831     0.000
  3280.030   324.176   375.000     5.153    30.831     0.000
  3292.549   325.413   376.000     5.167    30.831     0.000
  3305.084   326.652   377.000     5.181    30.373     0.000
  3317.635   327.893   378.000     5.195    30.373     0.000
  3330.202   329.135   379.000     5.209    30.373     0.000
  3342.784   330.378   380.000     5.223    29.926     0.000
  3355.382   331.623   381.000     5.236    29.926     0.000
  3367.996   332.870   382.000     5.250    29.926     0.000
  3380.626   334.118   383.000     5.264    29.926     0.000
  3393.272   335.368   384.000     5.278    29.490     0.000
  3405.933   336.619   385.000     5.292    29.490     0.000
  3418.610   337.872   386.000     5.306    29.490     0.000
  3431.303   339.127   387.000     5.320    29.490     0.000
  3444.011   340.383   388.000     5.334    29.064     0.000
  3456.736   341.640   389.000     5.348    29.064     0.000
  3469.475   342.899   390.000     5.361    29.064     0.000
  3482.231   344.160   391.000     5.375    29.064     0.000
  3495.001   345.422   392.000     5.389    28.649     0.000
  3507.788   346.686   393.000     5.403    28.649     0.000
  3520.590   347.951   394.000     5.417    28.649     0.000
  3533.408   349.218   395.000     5.431    28.649     0.000
  3546.241   350.486   396.000     5.445    28.243     0.000
  3559.089   351.756   397.000     5.459    28.243     0.000
  3571.953   353.028   398.000     5.473    28.243     0.000
  3584.833   354.301   399.000     5.486    28.243     0.000
  3597.728   355.575   400.000     5.500    27.847     0.000
  3610.638   356.851   401.000     5.514    27.847     0.000
  3623.564   358.129   402.000     5.528    27.847     0.000
  3636.505   359.408   403.000     5.542    27.847     0.000
  3649.462   360.688   404.000     5.556    27.460     0.000
  3662.434   361.970   405.000     5.570    27.460     0.000
  3675.421   363.254   406.000     5.584    27.460     0.000
  3688.423   364.539   407.000     5.598    27.460     0.000
  3701.441   365.825   408.000     5.611    27.082     0.000
  3714.474   367.113   409.000     5.625    27.082     0.000
  3727.523   368.403   410.000     5.639    27.082     0.000
  3740.586   369.694   411.000     5.653    27.082     0.000
  3753.665   370.987   412.000     5.667    26.712     0.000
  3766.759   372.281   413.000     5.681    26.712     0.000
  3779.869   373.577   414.000     5.695    26.712     0.000
  3792.993   374.874   415.000     5.709    26.712     0.000
  3806.133   376.172   416.000     5.723    26.351     0.000
  3819.287   377.472   417.000     5.736    26.351     0.000
  3832.457   378.774   418.000     5.750    26.351     0.000
  3845.642   380.077   419.000     5.764    26.351     0.000
  3858.842   381.382   420.000     5.778    25.998     0.000
  3872.057   382.688   421.000     5.792    25.998     0.000
  3885.287   383.995   422.000     5.806    25.998     0.000
  3898.533   385.305   423.000     5.820    25.653     0.000
  3911.793   386.615   424.000     5.834    25.653     0.000
  3925.068   387.927   425.000     5.848    25.653     0.000
  3938.358   389.241   426.000     5.861    25.653     0.000
  3951.663   390.556   427.000     5.875    25.315     0.000
  3964.984   391.872   428.000     5.889    25.315     0.000
  3978.319   393.190   429.000     5.903    25.315     0.000
  3991.669   394.509   430.000     5.917    25.315     0.000
  4005.033   395.830   431.000     5.931    24.984     0.000
  4018.413   397.153   432.000     5.945    24.984     0.000
  4031.808   398.477   433.000     5.959    24.984     0.000
  4045.217   399.802   434.000     5.973    24.984     0.000
  4058.641   401.129   435.000     5.986    24.661     0.000
  4072.081   402.457   436.000     6.000    24.661     0.000
  4085.534   403.787   437.000     6.014    24.661     0.000
  4099.003   405.118   438.000     6.028    24.661     0.000
  4112.487   406.450   439.000     6.042    24.345     0.000
  4125.985   407.784   440.000     6.056    24.345     0.000
  4139.498   409.120   441.000     6.070    24.345     0.000
  4153.025   410.457   442.000     6.084    24.345     0.000
  4166.568   411.795   443.000     6.098    24.035     0.000
  4180.125   413.135   444.000     6.111    24.035     0.000
  4193.697   414.477   445.000     6.125    24.035     0.000
  4207.283   415.819   446.000     6.139    24.035     0.000
  4220.884   417.164   447.000     6.153    23.732     0.000
  4234.500   418.509   448.000     6.167    23.732     0.000
  4248.130   419.856   449.000     6.181    23.732     0.000
  4261.775   421.205   450.000     6.195    23.732     0.000
  4275.434   422.555   451.000     6.209    23.435     0.000
  4289.108   423.906   452.000     6.223    23.435     0.000
  4302.797   425.259   453.000     6.236    23.435     0.000
  4316.500   426.614   454.000     6.250    23.435     0.000
  4330.217   427.969   455.000     6.264    23.144     0.000
  4343.950   429.327   456.000     6.278    23.144     0.000
  4357.696   430.685   457.000     6.292    23.144     0.000
  4371.457   432.045   458.000     6.306    23.144     0.000
  4385.233   433.407   459.000     6.320    22.860     0.000
  4399.023   434.770   460.000     6.334    22.860     0.000
  4412.827   436.134   461.000     6.348    22.860     0.000
  4426.646   437.500   462.000     6.361    22.860     0.000
  4440.479   438.867   463.000     6.375    22.581     0.000
  4454.327   440.235   464.000     6.389    22.581     0.000
  4468.188   441.605   465.000     6.403    22.581     0.000
  4482.065   442.977   466.000     6.417    22.581     0.000
  4495.955   444.350   467.000     6.431    22.307     0.000
  4509.860   445.724   468.000     6.445    22.307     0.000
  4523.779   447.100   469.000     6.459    22.307     0.000
  4537.713   448.477   470.000     6.473    22.040     0.000
  4551.661   449.855   471.000     6.486    22.040     0.000
  4565.623   451.235   472.000     6.500    22.040     0.000
  4579.599   452.616   473.000     6.514    22.040     0.000
  4593.590   453.999   474.000     6.528    21.777     0.000
  4607.594   455.383   475.000     6.542    21.777     0.000
  4621.613   456.769   476.000     6.556    21.777     0.000
  4635.647   458.156   477.000     6.570    21.777     0.000
  4649.694   459.544   478.000     6.584    21.520     0.000
  4663.755   460.934   479.000     6.598    21.520     0.000
  4677.831   462.325   480.000     6.611    21.520     0.000
  4691.921   463.718   481.000     6.625    21.520     0.000
  4706.025   465.112   482.000     6.639    21.267     0.000
  4720.143   466.507   483.000     6.653    21.267     0.000
  4734.275   467.904   484.000     6.667    21.267     0.000
  4748.421   469.302   485.000     6.681    21.267     0.000
  4762.581   470.701   486.000     6.695    21.020     0.000
  4776.755   472.102   487.000     6.709    21.020     0.000
  4790.944   473.504   488.000     6.723    21.020     0.000
  4805.146   474.908   489.000     6.736    21.020     0.000
  4819.362   476.313   490.000     6.750    20.777     0.000
  4833.593   477.719   491.000     6.764    20.777     0.000
  4847.837   479.127   492.000     6.778    20.777     0.000
  4862.095   480.536   493.000     6.792    20.777     0.000
  4876.367   481.947   494.000     6.806    20.539     0.000
  4890.653   483.359   495.000     6.820    20.539     0.000
  4904.953   484.772   496.000     6.834    20.539     0.000
  4919.267   486.187   497.000     6.848    20.539     0.000
  4933.595   487.603   498.000     6.861    20.306     0.000
  4947.937   489.020   499.000     6.875    20.306     0.000
  4962.293   490.439   500.000     6.889    20.306     0.000
  4976.662   491.859   501.000     6.903    20.306     0.000
  4981.079   492.296   501.307     6.907    20.077     0.000
