****************************************************************************************************
----------------------------------------------------------------------------------------------------
Ambient Table:
     Depth   Amb-cur   Amb-dir   Amb-sal   Amb-tem   Amb-pol     Decay   Far-spd   Far-dir   Disprsn
       (m)     (m/s)     (deg)     (psu)       (C)    (mg/L)   (1/day)     (m/s)     (deg)(m0.67/s2)
     0.000     0.020    90.000    30.900    11.200     0.000     0.000     0.020    90.000   0.00030
     3.000     0.020    90.000    31.200    10.400     0.000     0.000     0.020    90.000   0.00030
     6.000     0.020    90.000    31.200     9.690     0.000     0.000     0.020    90.000   0.00030
     9.000     0.020    90.000    31.700     9.440     0.000     0.000     0.020    90.000   0.00030
    12.000     0.020    90.000    31.800     9.340     0.000     0.000     0.020    90.000   0.00030
    15.000     0.050    90.000    31.900     9.220     0.000     0.000     0.020    90.000   0.00030
----------------------------------------------------------------------------------------------------
Diffuser Table:
     P-dia    P-elev   V-angle   H-angle     Ports   Spacing   AcuteMZ   ChrncMZ   P-depth   Ttl-flo   Eff-sal      Temp   Polutnt
       (m)       (m)     (deg)     (deg)       ( )       (m)       (m)       (m)       (m)     (cms)     (psu)       (C)    (mg/L)
      0.50     15.00    -45.00     90.00      1.00      0.00     20.70    207.00      2.00      0.01     45.00     10.00 100000.00
----------------------------------------------------------------------------------------------------
Simulation Results:
              Dilutn     P-dia    x-posn    y-posn     Depth    CL-Dil  Amb-Curr    P-Temp     P-Sal    P-Con.     P-Den   Net-Dil      Time
      Step (FluxAvg)       (m)       (m)       (m)       (m)        ()     (m/s)       (C)     (psu)    (mg/L)   (kg/m3)        ()       (s)
         1     1.003     0.391     0.000     0.010    -2.022     1.000     0.020    10.002    44.957 99684.061  1034.775     1.003     0.339
         2     1.003     0.300     0.000     0.010    -2.022     1.000     0.020    10.002    44.954 99665.933  1034.773     1.003     0.346
         3     1.004     0.299     0.000     0.011    -2.023     1.000     0.020    10.003    44.946 99608.055  1034.766     1.004     0.357
         4     1.005     0.297     0.000     0.011    -2.024     1.000     0.020    10.003    44.937 99543.673  1034.759     1.005     0.370
         5     1.005     0.294     0.000     0.011    -2.025     1.000     0.020    10.003    44.927 99472.158  1034.751     1.005     0.382
         6     1.006     0.292     0.000     0.012    -2.026     1.000     0.020    10.004    44.916 99392.549  1034.743     1.006     0.395
         7     1.007     0.290     0.000     0.012    -2.027     1.000     0.020    10.005    44.904 99303.731  1034.733     1.007     0.409
         8     1.008     0.288     0.000     0.012    -2.028     1.000     0.020    10.005    44.891 99204.403  1034.722     1.008     0.423
         9     1.009     0.286     0.000     0.013    -2.029     1.000     0.020    10.006    44.875 99093.044  1034.710     1.009     0.437
        10     1.010     0.284     0.000     0.013    -2.030     1.000     0.020    10.007    44.858 98967.867  1034.696     1.010     0.452
        11     1.012     0.281     0.000     0.014    -2.031     1.000     0.020    10.008    44.839 98826.761  1034.681     1.012     0.468
        12     1.014     0.279     0.000     0.014    -2.032     1.000     0.020    10.009    44.817 98667.224  1034.663     1.014     0.484
        13     1.015     0.277     0.000     0.015    -2.034     1.000     0.020    10.010    44.792 98486.270  1034.643     1.015     0.501
        14     1.017     0.275     0.000     0.015    -2.035     1.000     0.020    10.011    44.763 98280.319  1034.621     1.017     0.519
        15     1.020     0.273     0.000     0.016    -2.037     1.000     0.020    10.013    44.731 98045.043  1034.595     1.020     0.538
        16     1.023     0.271     0.000     0.016    -2.038     1.000     0.020    10.015    44.694 97775.172  1034.565     1.023     0.557
        17     1.026     0.269     0.000     0.017    -2.040     1.000     0.020    10.017    44.651 97464.239  1034.531     1.026     0.577
        18     1.030     0.267     0.000     0.018    -2.042     1.000     0.020    10.019    44.604 97122.749  1034.494     1.030     0.599
        19     1.034     0.265     0.000     0.018    -2.044     1.000     0.020    10.021    44.554 96757.932  1034.454     1.034     0.622
        20     1.038     0.263     0.000     0.019    -2.046     1.000     0.020    10.024    44.500 96368.517  1034.411     1.038     0.645
        21     1.042     0.261     0.000     0.020    -2.049     1.000     0.020    10.026    44.443 95952.204  1034.366     1.042     0.670
        22     1.047     0.259     0.000     0.020    -2.051     1.000     0.020    10.029    44.382 95506.433  1034.317     1.047     0.696
        23     1.052     0.257     0.000     0.021    -2.054     1.000     0.020    10.032    44.316 95028.333  1034.264     1.052     0.724
        24     1.058     0.255     0.000     0.022    -2.057     1.000     0.020    10.036    44.245 94514.676  1034.208     1.058     0.753
        25     1.064     0.253     0.000     0.023    -2.060     1.000     0.020    10.039    44.169 93961.821  1034.148     1.064     0.784
        26     1.071     0.251     0.000     0.024    -2.064     1.000     0.020    10.043    44.087 93365.650  1034.082     1.071     0.817
        27     1.078     0.249     0.000     0.025    -2.068     1.000     0.020    10.047    43.999 92721.496  1034.012     1.078     0.852
        28     1.087     0.247     0.000     0.026    -2.072     1.000     0.020    10.052    43.903 92024.046  1033.935     1.087     0.889
        29     1.096     0.245     0.000     0.027    -2.076     1.000     0.020    10.057    43.798 91267.241  1033.852     1.096     0.929
        30     1.106     0.243     0.000     0.028    -2.081     1.000     0.020    10.062    43.685 90444.139  1033.762     1.106     0.971
        31     1.117     0.242     0.000     0.030    -2.087     1.000     0.020    10.068    43.561 89546.767  1033.664     1.117     1.017
        32     1.129     0.240     0.000     0.031    -2.093     1.000     0.020    10.074    43.426 88565.925  1033.557     1.129     1.066
        33     1.143     0.239     0.000     0.033    -2.100     1.000     0.020    10.081    43.278 87490.962  1033.439     1.143     1.119
        34     1.159     0.237     0.000     0.034    -2.108     1.000     0.020    10.088    43.115 86309.496  1033.309     1.159     1.177
        35     1.176     0.236     0.000     0.036    -2.116     1.000     0.020    10.096    42.936 85007.063  1033.167     1.176     1.240
        36     1.197     0.235     0.000     0.038    -2.126     1.000     0.020    10.106    42.737 83566.696  1033.009     1.197     1.309
        37     1.220     0.234     0.000     0.040    -2.136     1.000     0.020    10.116    42.517 81968.382  1032.834     1.220     1.385
        38     1.245     0.234     0.000     0.042    -2.148     1.000     0.020    10.126    42.293 80347.350  1032.657     1.245     1.462
        39     1.270     0.233     0.000     0.044    -2.159     1.000     0.020    10.136    42.074 78758.645  1032.483     1.270     1.538
        40     1.295     0.233     0.000     0.046    -2.170     1.000     0.020    10.145    41.859 77201.613  1032.312     1.295     1.612
        41     1.321     0.233     0.000     0.048    -2.182     1.000     0.020    10.155    41.648 75675.610  1032.145     1.321     1.685
        42     1.348     0.233     0.000     0.050    -2.193     1.000     0.020    10.164    41.442 74180.011  1031.982     1.348     1.757
        43     1.375     0.234     0.000     0.052    -2.205     1.000     0.020    10.173    41.239 72714.198  1031.821     1.375     1.829
        44     1.403     0.234     0.000     0.054    -2.216     1.000     0.020    10.181    41.041 71277.571  1031.664     1.403     1.900
        45     1.431     0.235     0.000     0.056    -2.228     1.000     0.020    10.190    40.846 69869.539  1031.510     1.431     1.970
        46     1.460     0.236     0.000     0.058    -2.239     1.000     0.020    10.198    40.656 68489.524  1031.359     1.460     2.040
        47     1.489     0.237     0.000     0.060    -2.251     1.000     0.020    10.206    40.469 67136.963  1031.211     1.489     2.109
        48     1.519     0.239     0.000     0.061    -2.263     1.000     0.020    10.214    40.286 65811.300  1031.066     1.519     2.179
        49     1.550     0.240     0.000     0.063    -2.274     1.000     0.020    10.221    40.106 64511.994  1030.924     1.550     2.248
        50     1.581     0.242     0.000     0.065    -2.286     1.000     0.020    10.229    39.930 63238.513  1030.785     1.581     2.317
        51     1.613     0.243     0.000     0.067    -2.298     1.000     0.020    10.236    39.757 61990.337  1030.648     1.613     2.387
        52     1.646     0.245     0.000     0.069    -2.310     1.000     0.020    10.243    39.588 60766.957  1030.515     1.646     2.456
        53     1.679     0.247     0.000     0.070    -2.323     1.000     0.020    10.250    39.422 59567.875  1030.384     1.679     2.526
        54     1.713     0.248     0.000     0.072    -2.335     1.000     0.020    10.256    39.260 58392.601  1030.255     1.713     2.595
        55     1.747     0.250     0.000     0.074    -2.347     1.000     0.020    10.263    39.100 57240.658  1030.130     1.747     2.665
        56     1.782     0.252     0.000     0.076    -2.360     1.000     0.020    10.269    38.944 56111.575  1030.006     1.782     2.736
        57     1.818     0.254     0.000     0.078    -2.372     1.000     0.020    10.275    38.791 55004.896  1029.886     1.818     2.806
        58     1.855     0.257     0.000     0.079    -2.385     1.000     0.020    10.281    38.641 53920.169  1029.767     1.855     2.877
        59     1.892     0.259     0.000     0.081    -2.398     1.000     0.020    10.286    38.494 52856.954  1029.651     1.892     2.949
        60     1.930     0.261     0.000     0.083    -2.410     1.000     0.020    10.292    38.350 51814.821  1029.537     1.930     3.021
        61     1.969     0.263     0.000     0.085    -2.423     1.000     0.020    10.297    38.208 50793.347  1029.426     1.969     3.093
        62     2.008     0.266     0.000     0.087    -2.436     1.004     0.020    10.302    38.070 49792.117  1029.317     2.008     3.166
        63     2.049     0.268     0.000     0.088    -2.450     1.024     0.020    10.307    37.934 48810.727  1029.210     2.049     3.240
        64     2.090     0.271     0.000     0.090    -2.463     1.045     0.020    10.312    37.801 47848.778  1029.105     2.090     3.314
        65     2.132     0.273     0.000     0.092    -2.477     1.066     0.020    10.316    37.670 46905.883  1029.002     2.132     3.389
        66     2.175     0.276     0.000     0.094    -2.490     1.087     0.020    10.321    37.542 45981.660  1028.902     2.175     3.464
        67     2.218     0.279     0.000     0.096    -2.504     1.109     0.020    10.325    37.417 45075.736  1028.803     2.218     3.541
        68     2.263     0.282     0.000     0.098    -2.518     1.132     0.020    10.329    37.294 44187.745  1028.706     2.263     3.618
        69     2.309     0.284     0.000     0.099    -2.532     1.154     0.020    10.333    37.174 43317.329  1028.611     2.309     3.695
        70     2.355     0.287     0.000     0.101    -2.546     1.177     0.020    10.337    37.055 42464.137  1028.519     2.355     3.774
        71     2.402     0.290     0.000     0.103    -2.560     1.201     0.020    10.341    36.940 41627.824  1028.428     2.402     3.853
        72     2.450     0.293     0.000     0.105    -2.575     1.225     0.020    10.344    36.826 40808.055  1028.338     2.450     3.933
        73     2.500     0.296     0.000     0.107    -2.589     1.250     0.020    10.348    36.715 40004.498  1028.251     2.500     4.015
        74     2.550     0.299     0.000     0.109    -2.604     1.275     0.020    10.351    36.606 39216.832  1028.166     2.550     4.096
        75     2.601     0.302     0.000     0.111    -2.619     1.301     0.020    10.354    36.499 38444.738  1028.082     2.601     4.179
        76     2.653     0.306     0.000     0.113    -2.634     1.327     0.020    10.357    36.395 37687.907  1027.999     2.653     4.263
        77     2.707     0.309     0.000     0.115    -2.649     1.353     0.020    10.360    36.292 36946.034  1027.919     2.707     4.348
        78     2.761     0.312     0.000     0.117    -2.664     1.380     0.020    10.362    36.191 36218.822  1027.840     2.761     4.434
        79     2.816     0.316     0.000     0.119    -2.680     1.408     0.020    10.365    36.093 35505.978  1027.763     2.816     4.521
        80     2.873     0.319     0.000     0.121    -2.695     1.436     0.020    10.367    35.996 34807.217  1027.687     2.873     4.609
        81     2.931     0.323     0.000     0.123    -2.711     1.465     0.020    10.370    35.902 34122.258  1027.613     2.931     4.698
        82     2.989     0.326     0.000     0.125    -2.727     1.495     0.020    10.372    35.809 33450.827  1027.540     2.989     4.788
        83     3.049     0.330     0.000     0.127    -2.743     1.525     0.020    10.374    35.718 32792.654  1027.469     3.049     4.879
        84     3.111     0.333     0.000     0.130    -2.760     1.555     0.020    10.376    35.629 32147.477  1027.399     3.111     4.972
        85     3.173     0.337     0.000     0.132    -2.776     1.587     0.020    10.378    35.541 31515.036  1027.331     3.173     5.066
        86     3.237     0.341     0.000     0.134    -2.793     1.618     0.020    10.379    35.456 30895.079  1027.264     3.237     5.161
        87     3.302     0.345     0.000     0.136    -2.810     1.651     0.020    10.381    35.372 30287.357  1027.198     3.302     5.257
        88     3.368     0.348     0.000     0.138    -2.827     1.684     0.020    10.383    35.290 29691.629  1027.134     3.368     5.354
        89     3.436     0.352     0.000     0.141    -2.844     1.718     0.020    10.384    35.209 29107.654  1027.071     3.436     5.453
        90     3.504     0.356     0.000     0.143    -2.861     1.752     0.020    10.385    35.130 28535.201  1027.009     3.504     5.553
        91     3.575     0.360     0.000     0.145    -2.879     1.787     0.020    10.386    35.053 27974.040  1026.948     3.575     5.655
        92     3.646     0.364     0.000     0.147    -2.897     1.823     0.020    10.387    34.977 27423.947  1026.889     3.646     5.758
        93     3.720     0.369     0.000     0.150    -2.914     1.860     0.020    10.388    34.903 26884.704  1026.831     3.720     5.862
        94     3.794     0.373     0.000     0.152    -2.933     1.897     0.020    10.389    34.830 26356.093  1026.774     3.794     5.968
        95     3.870     0.377     0.000     0.155    -2.951     1.935     0.020    10.390    34.759 25837.906  1026.719     3.870     6.075
        96     3.948     0.381     0.000     0.157    -2.970     1.974     0.020    10.390    34.689 25329.935  1026.664     3.948     6.183
        97     4.027     0.386     0.000     0.160    -2.988     2.014     0.020    10.391    34.620 24831.977  1026.611     4.027     6.294
        98     4.108     0.390     0.000     0.162    -3.007     2.054     0.020    10.391    34.553 24343.835  1026.558     4.108     6.405
        99     4.190     0.395     0.000     0.165    -3.026     2.095     0.020    10.391    34.487 23865.313  1026.507     4.190     6.519
       100     4.274     0.399     0.000     0.167    -3.046     2.137     0.020    10.391    34.423 23396.221  1026.457     4.274     6.634
       101     4.360     0.404     0.000     0.170    -3.065     2.180     0.020    10.391    34.360 22936.372  1026.408     4.360     6.750
       102     4.447     0.409     0.000     0.172    -3.085     2.224     0.020    10.391    34.298 22485.583  1026.359     4.447     6.869
       103     4.536     0.414     0.000     0.175    -3.105     2.268     0.020    10.391    34.237 22043.674  1026.312     4.536     6.989
       104     4.627     0.418     0.000     0.178    -3.125     2.314     0.020    10.391    34.177 21610.469  1026.266     4.627     7.111
       105     4.720     0.423     0.000     0.180    -3.146     2.360     0.020    10.391    34.119 21185.798  1026.220     4.720     7.234
       106     4.815     0.428     0.000     0.183    -3.167     2.407     0.020    10.390    34.062 20769.489  1026.176     4.815     7.360
       107     4.911     0.433     0.000     0.186    -3.188     2.456     0.020    10.390    34.006 20361.379  1026.132     4.911     7.487
       108     5.010     0.438     0.000     0.189    -3.209     2.505     0.020    10.389    33.951 19961.306  1026.090     5.010     7.616
       109     5.110     0.444     0.000     0.192    -3.230     2.555     0.020    10.388    33.897 19569.109  1026.048     5.110     7.747
       110     5.213     0.449     0.000     0.195    -3.252     2.606     0.020    10.388    33.844 19184.634  1026.007     5.213     7.880
       111     5.317     0.454     0.000     0.197    -3.274     2.658     0.020    10.387    33.792 18807.728  1025.967     5.317     8.015
       112     5.424     0.459     0.000     0.200    -3.296     2.712     0.020    10.386    33.741 18438.241  1025.927     5.424     8.151
       113     5.532     0.465     0.000     0.203    -3.318     2.766     0.020    10.385    33.691 18076.026  1025.889     5.532     8.290
       114     5.643     0.470     0.000     0.207    -3.341     2.822     0.020    10.384    33.643 17720.941  1025.851     5.643     8.431
       115     5.756     0.476     0.000     0.210    -3.363     2.878     0.020    10.383    33.595 17372.844  1025.814     5.756     8.574
       116     5.871     0.482     0.000     0.213    -3.387     2.936     0.020    10.382    33.548 17031.596  1025.777     5.871     8.719
       117     5.989     0.487     0.000     0.216    -3.410     2.995     0.020    10.380    33.502 16697.064  1025.742     5.989     8.867
       118     6.109     0.493     0.000     0.219    -3.433     3.055     0.020    10.379    33.457 16369.114  1025.707     6.109     9.016
       119     6.231     0.499     0.000     0.222    -3.457     3.116     0.020    10.377    33.412 16047.617  1025.673     6.231     9.168
       120     6.356     0.505     0.000     0.226    -3.481     3.178     0.020    10.376    33.369 15732.444  1025.639     6.356     9.322
       121     6.484     0.511     0.000     0.229    -3.506     3.242     0.020    10.374    33.326 15423.471  1025.606     6.484     9.478
       122     6.614     0.517     0.000     0.233    -3.530     3.307     0.020    10.372    33.285 15120.576  1025.574     6.614     9.637
       123     6.746     0.523     0.000     0.236    -3.555     3.373     0.020    10.371    33.244 14823.639  1025.543     6.746     9.798
       124     6.881     0.530     0.000     0.239    -3.581     3.441     0.020    10.369    33.204 14532.542  1025.512     6.881     9.962
       125     7.019     0.536     0.000     0.243    -3.606     3.509     0.020    10.367    33.164 14247.171  1025.482     7.019    10.127
       126     7.160     0.542     0.000     0.247    -3.632     3.580     0.020    10.365    33.126 13967.411  1025.452     7.160    10.296
       127     7.303     0.549     0.000     0.250    -3.658     3.651     0.020    10.363    33.088 13693.153  1025.423     7.303    10.467
       128     7.449     0.555     0.000     0.254    -3.684     3.725     0.020    10.360    33.051 13424.287  1025.395     7.449    10.641
       129     7.598     0.562     0.000     0.258    -3.711     3.799     0.020    10.358    33.015 13160.709  1025.367     7.598    10.817
       130     7.751     0.569     0.000     0.261    -3.738     3.875     0.020    10.356    32.979 12902.312  1025.340     7.751    10.996
       131     7.906     0.576     0.000     0.265    -3.765     3.953     0.020    10.353    32.944 12648.996  1025.313     7.906    11.177
       132     8.064     0.583     0.000     0.269    -3.792     4.032     0.020    10.351    32.910 12400.660  1025.287     8.064    11.362
       133     8.226     0.590     0.000     0.273    -3.820     4.113     0.020    10.348    32.877 12157.206  1025.261     8.226    11.549
       134     8.390     0.597     0.000     0.277    -3.848     4.195     0.020    10.346    32.844 11918.537  1025.236     8.390    11.739
       135     8.558     0.604     0.000     0.281    -3.877     4.279     0.020    10.343    32.812 11684.560  1025.211     8.558    11.932
       136     8.730     0.611     0.000     0.285    -3.905     4.365     0.020    10.340    32.780 11455.182  1025.187     8.730    12.128
       137     8.904     0.619     0.000     0.290    -3.934     4.452     0.020    10.337    32.749 11230.312  1025.164     8.904    12.327
       138     9.083     0.626     0.000     0.294    -3.964     4.541     0.020    10.334    32.719 11009.861  1025.140     9.083    12.529
       139     9.265     0.634     0.000     0.298    -3.993     4.632     0.020    10.331    32.689 10793.743  1025.118     9.265    12.734
       140     9.450     0.641     0.000     0.303    -4.023     4.725     0.020    10.328    32.660 10581.872  1025.096     9.450    12.942
       141     9.639     0.649     0.000     0.307    -4.054     4.820     0.020    10.325    32.631 10374.165  1025.074     9.639    13.154
       142     9.832     0.657     0.000     0.312    -4.084     4.916     0.020    10.321    32.603 10170.539  1025.053     9.832    13.368
       143    10.029     0.665     0.000     0.316    -4.115     5.015     0.020    10.318    32.575  9970.914  1025.032    10.029    13.586
       144    10.230     0.673     0.000     0.321    -4.147     5.115     0.020    10.315    32.548  9775.211  1025.011    10.230    13.808
       145    10.435     0.681     0.000     0.325    -4.178     5.217     0.020    10.311    32.522  9583.354  1024.991    10.435    14.032
       146    10.644     0.690     0.000     0.330    -4.210     5.322     0.020    10.308    32.496  9395.265  1024.972    10.644    14.260
       147    10.857     0.698     0.000     0.335    -4.243     5.428     0.020    10.304    32.471  9210.872  1024.953    10.857    14.492
       148    11.074     0.707     0.000     0.340    -4.275     5.537     0.020    10.300    32.446  9030.102  1024.934    11.074    14.727
       149    11.296     0.715     0.000     0.345    -4.309     5.648     0.020    10.296    32.421  8852.883  1024.916    11.296    14.966
       150    11.522     0.724     0.000     0.350    -4.342     5.761     0.020    10.293    32.397  8679.145  1024.898    11.522    15.209
       151    11.753     0.733     0.000     0.355    -4.376     5.876     0.020    10.289    32.374  8508.819  1024.880    11.753    15.455
       152    11.988     0.742     0.000     0.360    -4.410     5.994     0.020    10.285    32.351  8341.839  1024.863    11.988    15.705
       153    12.228     0.751     0.000     0.366    -4.444     6.114     0.020    10.280    32.328  8178.139  1024.846    12.228    15.959
       154    12.472     0.760     0.000     0.371    -4.479     6.236     0.020    10.276    32.306  8017.655  1024.829    12.472    16.217
       155    12.722     0.769     0.000     0.376    -4.515     6.361     0.020    10.272    32.284  7860.322  1024.813    12.722    16.479
       156    12.977     0.779     0.000     0.382    -4.550     6.488     0.020    10.268    32.263  7706.079  1024.798    12.977    16.745
       157    13.237     0.788     0.000     0.387    -4.586     6.618     0.020    10.263    32.242  7554.865  1024.782    13.237    17.016
       158    13.501     0.798     0.000     0.393    -4.623     6.751     0.020    10.259    32.222  7406.621  1024.767    13.501    17.290
       159    13.772     0.808     0.000     0.399    -4.660     6.886     0.020    10.254    32.202  7261.289  1024.752    13.772    17.569
       160    14.047     0.818     0.000     0.405    -4.697     7.024     0.020    10.249    32.182  7118.810  1024.738    14.047    17.852
       161    14.328     0.828     0.000     0.411    -4.734     7.164     0.020    10.245    32.163  6979.129  1024.723    14.328    18.139
       162    14.615     0.838     0.000     0.417    -4.772     7.308     0.020    10.240    32.144  6842.190  1024.710    14.615    18.431
       163    14.908     0.848     0.000     0.423    -4.811     7.454     0.020    10.235    32.126  6707.941  1024.696    14.908    18.728
       164    15.206     0.859     0.000     0.429    -4.850     7.603     0.020    10.230    32.107  6576.327  1024.683    15.206    19.029
       165    15.510     0.869     0.000     0.435    -4.889     7.755     0.020    10.225    32.090  6447.298  1024.670    15.510    19.335
       166    15.821     0.880     0.000     0.442    -4.929     7.910     0.020    10.220    32.072  6320.802  1024.657    15.821    19.645
       167    16.137     0.891     0.000     0.448    -4.969     8.069     0.020    10.214    32.055  6196.790  1024.645    16.137    19.961
       168    16.460     0.902     0.000     0.455    -5.009     8.230     0.020    10.209    32.038  6075.212  1024.632    16.460    20.281
       169    16.790     0.913     0.000     0.462    -5.050     8.395     0.020    10.204    32.022  5956.021  1024.621    16.790    20.607
       170    17.126     0.925     0.000     0.468    -5.092     8.563     0.020    10.198    32.006  5839.170  1024.609    17.126    20.937
       171    17.468     0.936     0.000     0.475    -5.134     8.734     0.020    10.193    31.990  5724.613  1024.598    17.468    21.273
       172    17.818     0.948     0.000     0.482    -5.176     8.909     0.020    10.187    31.975  5612.305  1024.586    17.818    21.615
       173    18.175     0.959     0.000     0.489    -5.219     9.087     0.020    10.181    31.959  5502.201  1024.576    18.175    21.961
       174    18.538     0.971     0.000     0.497    -5.262     9.269     0.020    10.176    31.944  5394.259  1024.565    18.538    22.313
       175    18.909     0.984     0.000     0.504    -5.306     9.455     0.020    10.170    31.930  5288.436  1024.555    18.909    22.671
       176    19.288     0.996     0.000     0.511    -5.350     9.644     0.020    10.164    31.916  5184.690  1024.545    19.288    23.034
       177    19.673     1.008     0.000     0.519    -5.394     9.837     0.020    10.158    31.901  5082.980  1024.535    19.673    23.403
       178    20.067     1.021     0.000     0.527    -5.439    10.034     0.020    10.151    31.888  4983.267  1024.525    20.067    23.778
       179    20.469     1.034     0.000     0.534    -5.485    10.234     0.020    10.145    31.874  4885.511  1024.515    20.469    24.159
       180    20.878     1.047     0.000     0.542    -5.531    10.439     0.020    10.139    31.861  4789.673  1024.506    20.878    24.546
       181    21.296     1.060     0.000     0.550    -5.578    10.648     0.020    10.132    31.848  4695.717  1024.497    21.296    24.939
       182    21.722     1.073     0.000     0.559    -5.625    10.861     0.020    10.126    31.835  4603.604  1024.488    21.722    25.339
       183    22.157     1.087     0.000     0.567    -5.672    11.078     0.020    10.119    31.823  4513.300  1024.480    22.157    25.745
       184    22.600     1.100     0.000     0.575    -5.720    11.300     0.020    10.113    31.811  4424.767  1024.471    22.600    26.157
       185    23.052     1.114     0.000     0.584    -5.769    11.526     0.020    10.106    31.799  4337.972  1024.463    23.052    26.576
       186    23.513     1.128     0.000     0.593    -5.818    11.757     0.020    10.099    31.787  4252.881  1024.455    23.513    27.002
       187    23.984     1.143     0.000     0.601    -5.867    11.992     0.020    10.092    31.775  4169.459  1024.447    23.984    27.435
       188    24.464     1.157     0.000     0.610    -5.917    12.232     0.020    10.085    31.764  4087.675  1024.440    24.464    27.875
       189    24.953     1.172     0.000     0.619    -5.968    12.477     0.020    10.078    31.753  4007.495  1024.432    24.953    28.321
       190    25.452     1.187     0.000     0.629    -6.019    12.726     0.020    10.071    31.742  3928.889  1024.425    25.452    28.775
       191    25.962     1.202     0.000     0.638    -6.071    12.981     0.020    10.063    31.732  3851.826  1024.418    25.962    29.237
       192    26.481     1.217     0.000     0.648    -6.123    13.241     0.020    10.056    31.721  3776.274  1024.411    26.481    29.706
       193    27.011     1.233     0.000     0.657    -6.176    13.505     0.020    10.049    31.711  3702.206  1024.405    27.011    30.183
       194    27.551     1.249     0.000     0.667    -6.229    13.776     0.020    10.042    31.702  3629.591  1024.398    27.551    30.667
       195    28.103     1.265     0.000     0.677    -6.283    14.051     0.020    10.034    31.692  3558.402  1024.392    28.103    31.160
       196    28.665     1.282     0.000     0.687    -6.337    14.332     0.020    10.027    31.683  3488.610  1024.387    28.665    31.661
       197    29.238     1.299     0.000     0.698    -6.392    14.619     0.020    10.020    31.675  3420.187  1024.381    29.238    32.171
       198    29.823     1.316     0.000     0.708    -6.447    14.912     0.020    10.013    31.667  3353.108  1024.376    29.823    32.691
       199    30.420     1.334     0.000     0.719    -6.503    15.210     0.020    10.006    31.659  3287.345  1024.371    30.420    33.219
       200    31.028     1.353     0.000     0.730    -6.560    15.514     0.020     9.999    31.651  3222.872  1024.366    31.028    33.757
       201    31.649     1.372     0.000     0.741    -6.617    15.824     0.020     9.992    31.644  3159.665  1024.362    31.649    34.305
       202    32.282     1.391     0.000     0.753    -6.675    16.141     0.020     9.986    31.637  3097.698  1024.357    32.282    34.864
       203    32.928     1.411     0.000     0.764    -6.733    16.464     0.020     9.979    31.631  3036.947  1024.353    32.928    35.433
       204    33.586     1.431     0.000     0.776    -6.792    16.793     0.020     9.972    31.624  2977.388  1024.350    33.586    36.013
       205    34.258     1.452     0.000     0.788    -6.852    17.129     0.020     9.965    31.619  2918.998  1024.346    34.258    36.605
       206    34.944     1.473     0.000     0.800    -6.912    17.472     0.020     9.959    31.613  2861.753  1024.343    34.944    37.209
       207    35.643     1.495     0.000     0.813    -6.972    17.821     0.020     9.952    31.608  2805.632  1024.340    35.643    37.825
       208    36.356     1.518     0.000     0.825    -7.033    18.178     0.020     9.945    31.603  2750.612  1024.337    36.356    38.454
       209    37.083     1.541     0.000     0.838    -7.095    18.541     0.020     9.939    31.598  2696.672  1024.334    37.083    39.096
       210    37.824     1.565     0.000     0.852    -7.158    18.912     0.020     9.932    31.593  2643.790  1024.332    37.824    39.752
       211    38.581     1.589     0.000     0.865    -7.221    19.291     0.020     9.926    31.589  2591.945  1024.330    38.581    40.422
       212    39.353     1.615     0.000     0.879    -7.284    19.676     0.020     9.919    31.585  2541.118  1024.328    39.353    41.108
       213    40.140     1.641     0.000     0.893    -7.348    20.070     0.020     9.913    31.582  2491.288  1024.326    40.140    41.809
       214    40.943     1.668     0.000     0.908    -7.413    20.471     0.020     9.906    31.579  2442.436  1024.325    40.943    42.526
       215    41.762     1.696     0.000     0.923    -7.478    20.881     0.020     9.900    31.576  2394.542  1024.324    41.762    43.260
       216    42.597     1.725     0.000     0.938    -7.544    21.298     0.020     9.893    31.573  2347.587  1024.322    42.597    44.011
       217    43.449     1.754     0.000     0.953    -7.610    21.724     0.020     9.887    31.570  2301.554  1024.322    43.449    44.781
       218    44.318     1.785     0.000     0.969    -7.677    22.159     0.020     9.880    31.568  2256.424  1024.321    44.318    45.570
       219    45.204     1.817     0.000     0.986    -7.745    22.602     0.020     9.874    31.566  2212.180  1024.320    45.204    46.380
       220    46.108     1.851     0.000     1.002    -7.812    23.054     0.020     9.868    31.564  2168.803  1024.320    46.108    47.210
       221    47.031     1.885     0.000     1.020    -7.881    23.515     0.020     9.861    31.563  2126.277  1024.320    47.031    48.062
---------------------------- Plume traps -----------------------------
       222    47.971     1.922     0.000     1.037    -7.950    23.986     0.020     9.855    31.562  2084.586  1024.320    47.971    48.937
       223    48.931     1.959     0.000     1.056    -8.019    24.465     0.020     9.849    31.561  2043.712  1024.320    48.931    49.837
       224    49.909     1.999     0.000     1.074    -8.088    24.955     0.020     9.842    31.560  2003.640  1024.321    49.909    50.761
       225    50.907     2.040     0.000     1.093    -8.158    25.454     0.020     9.836    31.560  1964.354  1024.321    50.907    51.713
       226    51.925     2.083     0.000     1.113    -8.228    25.963     0.020     9.830    31.559  1925.839  1024.322    51.925    52.692
       227    52.964     2.129     0.000     1.134    -8.299    26.482     0.020     9.824    31.559  1888.079  1024.323    52.964    53.700
       228    53.989     2.176     0.000     1.154    -8.367    26.994     0.020     9.818    31.560  1852.240  1024.325    53.989    54.706
       229    54.950     2.223     0.000     1.173    -8.430    27.475     0.020     9.812    31.560  1819.821  1024.326    54.950    55.657
       230    55.852     2.269     0.000     1.191    -8.487    27.926     0.020     9.807    31.561  1790.437  1024.327    55.852    56.554
       231    56.695     2.314     0.000     1.208    -8.540    28.348     0.020     9.802    31.561  1763.818  1024.328    56.695    57.398
       232    57.487     2.358     0.000     1.224    -8.589    28.743     0.020     9.798    31.562  1739.535  1024.330    57.487    58.195
       233    58.232     2.400     0.000     1.239    -8.634    29.116     0.020     9.794    31.563  1717.282  1024.331    58.232    58.950
       234    58.935     2.442     0.000     1.254    -8.676    29.468     0.020     9.790    31.564  1696.782  1024.332    58.935    59.666
       235    59.601     2.482     0.000     1.268    -8.714    29.801     0.020     9.786    31.565  1677.817  1024.333    59.601    60.347
       236    60.234     2.522     0.000     1.281    -8.750    30.117     0.020     9.783    31.565  1660.200  1024.335    60.234    60.996
       237    60.835     2.560     0.000     1.293    -8.784    30.418     0.020     9.780    31.566  1643.777  1024.336    60.835    61.615
       238    61.409     2.598     0.000     1.305    -8.815    30.705     0.020     9.777    31.567  1628.414  1024.337    61.409    62.207
       239    61.958     2.635     0.000     1.317    -8.845    30.979     0.020     9.774    31.568  1613.997  1024.338    61.958    62.774
       240    62.483     2.672     0.000     1.327    -8.872    31.242     0.020     9.771    31.569  1600.428  1024.339    62.483    63.317
       241    62.987     2.708     0.000     1.338    -8.898    31.494     0.020     9.769    31.570  1587.620  1024.340    62.987    63.838
       242    63.472     2.743     0.000     1.348    -8.923    31.736     0.020     9.766    31.570  1575.500  1024.341    63.472    64.338
       243    63.939     2.778     0.000     1.358    -8.946    31.969     0.020     9.764    31.571  1564.002  1024.342    63.939    64.819
       244    64.389     2.812     0.000     1.367    -8.967    32.194     0.020     9.762    31.572  1553.068  1024.343    64.389    65.282
       245    64.824     2.846     0.000     1.376    -8.988    32.412     0.020     9.760    31.573  1542.647  1024.344    64.824    65.728
       246    65.245     2.879     0.000     1.385    -9.007    32.622     0.020     9.758    31.574  1532.695  1024.345    65.245    66.159
       247    65.653     2.912     0.000     1.393    -9.026    32.826     0.020     9.756    31.574  1523.170  1024.346    65.653    66.574
------------------------- merging happened ---------------------------
       248    66.030     2.944     0.000     1.401    -9.043    33.015     0.020     9.754    31.575  1514.452  1024.347    66.030    66.975
       249    66.388     2.975     0.000     1.409    -9.060    33.194     0.020     9.752    31.576  1506.299  1024.348    66.388    67.370
       250    66.727     3.005     0.000     1.417    -9.076    33.363     0.020     9.750    31.577  1498.644  1024.348    66.727    67.761
       251    67.050     3.035     0.000     1.425    -9.092    33.525     0.020     9.749    31.577  1491.432  1024.349    67.050    68.147
       252    67.357     3.064     0.000     1.432    -9.107    33.678     0.020     9.748    31.578  1484.637  1024.350    67.357    68.530
       253    67.648     3.092     0.000     1.440    -9.122    33.824     0.020     9.746    31.578  1478.232  1024.350    67.648    68.908
       254    67.926     3.121     0.000     1.448    -9.137    33.963     0.020     9.745    31.579  1472.194  1024.351    67.926    69.282
       255    68.190     3.148     0.000     1.455    -9.151    34.095     0.020     9.744    31.579  1466.499  1024.352    68.190    69.650
       256    68.440     3.176     0.000     1.462    -9.165    34.220     0.020     9.743    31.580  1461.128  1024.352    68.440    70.014
       257    68.679     3.203     0.000     1.470    -9.178    34.339     0.020     9.742    31.580  1456.058  1024.353    68.679    70.373
       258    68.905     3.229     0.000     1.477    -9.191    34.453     0.020     9.741    31.581  1451.271  1024.353    68.905    70.727
       259    69.120     3.255     0.000     1.484    -9.203    34.560     0.020     9.740    31.581  1446.749  1024.354    69.120    71.075
       260    69.325     3.281     0.000     1.491    -9.215    34.663     0.020     9.739    31.581  1442.475  1024.354    69.325    71.419
       261    69.520     3.306     0.000     1.497    -9.227    34.760     0.020     9.738    31.582  1438.435  1024.354    69.520    71.758
       262    69.705     3.331     0.000     1.504    -9.238    34.853     0.020     9.737    31.582  1434.612  1024.355    69.705    72.091
       263    69.882     3.355     0.000     1.511    -9.249    34.941     0.020     9.736    31.582  1430.994  1024.355    69.882    72.420
       264    70.049     3.379     0.000     1.517    -9.260    35.025     0.020     9.736    31.583  1427.567  1024.356    70.049    72.743
       265    70.209     3.403     0.000     1.524    -9.270    35.104     0.020     9.735    31.583  1424.319  1024.356    70.209    73.061
       266    70.361     3.427     0.000     1.530    -9.280    35.181     0.020     9.734    31.583  1421.240  1024.356    70.361    73.375
       267    70.506     3.450     0.000     1.536    -9.290    35.253     0.020     9.734    31.583  1418.318  1024.357    70.506    73.683
       268    70.644     3.472     0.000     1.542    -9.299    35.322     0.020     9.733    31.584  1415.544  1024.357    70.644    73.987
       269    70.776     3.495     0.000     1.548    -9.308    35.388     0.020     9.732    31.584  1412.909  1024.357    70.776    74.286
       270    70.902     3.517     0.000     1.554    -9.317    35.451     0.020     9.732    31.584  1410.404  1024.357    70.902    74.580
       271    71.022     3.539     0.000     1.560    -9.326    35.511     0.020     9.731    31.584  1408.022  1024.358    71.022    74.869
       272    71.136     3.560     0.000     1.566    -9.334    35.568     0.020     9.731    31.585  1405.754  1024.358    71.136    75.154
       273    71.246     3.582     0.000     1.572    -9.342    35.623     0.020     9.730    31.585  1403.594  1024.358    71.246    75.434
       274    71.350     3.603     0.000     1.577    -9.350    35.675     0.020     9.730    31.585  1401.535  1024.358    71.350    75.710
       275    71.450     3.623     0.000     1.583    -9.357    35.725     0.020     9.730    31.585  1399.572  1024.358    71.450    75.981
       276    71.546     3.644     0.000     1.588    -9.365    35.773     0.020     9.729    31.585  1397.698  1024.359    71.546    76.249
       277    71.638     3.664     0.000     1.593    -9.372    35.819     0.020     9.729    31.585  1395.909  1024.359    71.638    76.511
       278    71.726     3.684     0.000     1.598    -9.379    35.863     0.020     9.728    31.586  1394.199  1024.359    71.726    76.770
       279    71.810     3.703     0.000     1.604    -9.385    35.905     0.020     9.728    31.586  1392.565  1024.359    71.810    77.025
       280    71.891     3.723     0.000     1.609    -9.392    35.945     0.020     9.728    31.586  1391.001  1024.359    71.891    77.276
       281    71.968     3.742     0.000     1.614    -9.398    35.984     0.020     9.727    31.586  1389.504  1024.360    71.968    77.523
       282    72.042     3.761     0.000     1.618    -9.404    36.021     0.020     9.727    31.586  1388.070  1024.360    72.042    77.766
       283    72.114     3.779     0.000     1.623    -9.410    36.057     0.020     9.727    31.586  1386.696  1024.360    72.114    78.006
       284    72.182     3.798     0.000     1.628    -9.416    36.091     0.020     9.726    31.586  1385.378  1024.360    72.182    78.242
       285    72.248     3.816     0.000     1.633    -9.421    36.124     0.020     9.726    31.586  1384.113  1024.360    72.248    78.474
       286    72.312     3.834     0.000     1.637    -9.427    36.156     0.020     9.726    31.587  1382.898  1024.360    72.312    78.703
       287    72.373     3.852     0.000     1.642    -9.432    36.186     0.020     9.726    31.587  1381.731  1024.360    72.373    78.929
       288    72.432     3.869     0.000     1.646    -9.437    36.216     0.020     9.725    31.587  1380.610  1024.361    72.432    79.151
       289    72.488     3.887     0.000     1.651    -9.442    36.244     0.020     9.725    31.587  1379.531  1024.361    72.488    79.370
       290    72.543     3.904     0.000     1.655    -9.447    36.271     0.020     9.725    31.587  1378.494  1024.361    72.543    79.586
       291    72.596     3.921     0.000     1.659    -9.452    36.298     0.020     9.725    31.587  1377.494  1024.361    72.596    79.799
       292    72.646     3.938     0.000     1.664    -9.456    36.323     0.020     9.725    31.587  1376.532  1024.361    72.646    80.009
       293    72.695     3.954     0.000     1.668    -9.461    36.348     0.020     9.724    31.587  1375.604  1024.361    72.695    80.216
       294    72.743     3.970     0.000     1.672    -9.465    36.371     0.020     9.724    31.587  1374.710  1024.361    72.743    80.420
       295    72.788     3.987     0.000     1.676    -9.469    36.394     0.020     9.724    31.587  1373.848  1024.361    72.788    80.621
       296    72.832     4.003     0.000     1.680    -9.473    36.416     0.020     9.724    31.588  1373.015  1024.361    72.832    80.820
       297    72.875     4.018     0.000     1.684    -9.477    36.438     0.020     9.724    31.588  1372.211  1024.361    72.875    81.016
       298    72.916     4.034     0.000     1.688    -9.481    36.458     0.020     9.723    31.588  1371.435  1024.361    72.916    81.209
       299    72.956     4.049     0.000     1.692    -9.485    36.478     0.020     9.723    31.588  1370.685  1024.362    72.956    81.400
       300    72.995     4.065     0.000     1.695    -9.488    36.497     0.020     9.723    31.588  1369.960  1024.362    72.995    81.588
       301    73.032     4.080     0.000     1.699    -9.492    36.516     0.020     9.723    31.588  1369.258  1024.362    73.032    81.774
       302    73.068     4.094     0.000     1.703    -9.495    36.534     0.020     9.723    31.588  1368.580  1024.362    73.068    81.958
       303    73.104     4.109     0.000     1.707    -9.499    36.552     0.020     9.723    31.588  1367.923  1024.362    73.104    82.140
       304    73.138     4.124     0.000     1.710    -9.502    36.569     0.020     9.723    31.588  1367.287  1024.362    73.138    82.319
       305    73.170     4.138     0.000     1.714    -9.505    36.585     0.020     9.722    31.588  1366.671  1024.362    73.170    82.496
       306    73.202     4.152     0.000     1.717    -9.508    36.601     0.020     9.722    31.588  1366.075  1024.362    73.202    82.671
       307    73.233     4.166     0.000     1.721    -9.511    36.617     0.020     9.722    31.588  1365.496  1024.362    73.233    82.843
       308    73.264     4.180     0.000     1.724    -9.514    36.632     0.020     9.722    31.588  1364.936  1024.362    73.264    83.014
       309    73.293     4.194     0.000     1.728    -9.517    36.646     0.020     9.722    31.588  1364.392  1024.362    73.293    83.183
       310    73.321     4.207     0.000     1.731    -9.520    36.661     0.020     9.722    31.588  1363.865  1024.362    73.321    83.350
       311    73.349     4.220     0.000     1.734    -9.523    36.674     0.020     9.722    31.588  1363.353  1024.362    73.349    83.515
       312    73.375     4.234     0.000     1.737    -9.525    36.688     0.020     9.722    31.588  1362.856  1024.362    73.375    83.678
       313    73.401     4.247     0.000     1.741    -9.528    36.701     0.020     9.721    31.589  1362.373  1024.362    73.401    83.840
       314    73.427     4.259     0.000     1.744    -9.530    36.713     0.020     9.721    31.589  1361.905  1024.363    73.427    83.999
       315    73.451     4.272     0.000     1.747    -9.533    36.726     0.020     9.721    31.589  1361.450  1024.363    73.451    84.157
       316    73.475     4.285     0.000     1.750    -9.535    36.737     0.020     9.721    31.589  1361.007  1024.363    73.475    84.313
       317    73.498     4.297     0.000     1.753    -9.538    36.749     0.020     9.721    31.589  1360.578  1024.363    73.498    84.468
       318    73.521     4.309     0.000     1.756    -9.540    36.760     0.020     9.721    31.589  1360.160  1024.363    73.521    84.621
       319    73.543     4.321     0.000     1.760    -9.542    36.771     0.020     9.721    31.589  1359.754  1024.363    73.543    84.773
       320    73.564     4.333     0.000     1.763    -9.544    36.782     0.020     9.721    31.589  1359.358  1024.363    73.564    84.923
       321    73.585     4.345     0.000     1.766    -9.547    36.792     0.020     9.721    31.589  1358.974  1024.363    73.585    85.071
       322    73.605     4.357     0.000     1.768    -9.549    36.803     0.020     9.721    31.589  1358.600  1024.363    73.605    85.218
       323    73.625     4.368     0.000     1.771    -9.551    36.812     0.020     9.721    31.589  1358.236  1024.363    73.625    85.364
       324    73.644     4.379     0.000     1.774    -9.553    36.822     0.020     9.720    31.589  1357.882  1024.363    73.644    85.508
       325    73.663     4.390     0.000     1.777    -9.555    36.831     0.020     9.720    31.589  1357.537  1024.363    73.663    85.651
       326    73.681     4.401     0.000     1.780    -9.556    36.841     0.020     9.720    31.589  1357.202  1024.363    73.681    85.793
       327    73.699     4.412     0.000     1.783    -9.558    36.849     0.020     9.720    31.589  1356.875  1024.363    73.699    85.933
       328    73.716     4.423     0.000     1.786    -9.560    36.858     0.020     9.720    31.589  1356.557  1024.363    73.716    86.073
       329    73.733     4.434     0.000     1.788    -9.562    36.866     0.020     9.720    31.589  1356.247  1024.363    73.733    86.211
       330    73.749     4.444     0.000     1.791    -9.563    36.875     0.020     9.720    31.589  1355.945  1024.363    73.749    86.347
       331    73.765     4.454     0.000     1.794    -9.565    36.883     0.020     9.720    31.589  1355.650  1024.363    73.765    86.483
       332    73.781     4.464     0.000     1.797    -9.567    36.890     0.020     9.720    31.589  1355.364  1024.363    73.781    86.617
       333    73.796     4.474     0.000     1.799    -9.568    36.898     0.020     9.720    31.589  1355.084  1024.363    73.796    86.751
       334    73.811     4.484     0.000     1.802    -9.570    36.905     0.020     9.720    31.589  1354.812  1024.363    73.811    86.883
       335    73.825     4.494     0.000     1.805    -9.571    36.913     0.020     9.720    31.589  1354.547  1024.363    73.825    87.014
       336    73.840     4.504     0.000     1.807    -9.573    36.920     0.020     9.720    31.589  1354.288  1024.363    73.840    87.144
       337    73.853     4.513     0.000     1.810    -9.574    36.927     0.020     9.720    31.589  1354.036  1024.363    73.853    87.273
       338    73.867     4.522     0.000     1.812    -9.576    36.933     0.020     9.720    31.589  1353.791  1024.363    73.867    87.401
       339    73.880     4.531     0.000     1.815    -9.577    36.940     0.020     9.720    31.589  1353.551  1024.363    73.880    87.529
       340    73.892     4.540     0.000     1.818    -9.578    36.946     0.020     9.719    31.589  1353.318  1024.363    73.892    87.655
       341    73.905     4.549     0.000     1.820    -9.580    36.952     0.020     9.719    31.589  1353.090  1024.363    73.905    87.780
       342    73.917     4.558     0.000     1.823    -9.581    36.959     0.020     9.719    31.589  1352.868  1024.364    73.917    87.905
       343    73.929     4.567     0.000     1.825    -9.582    36.964     0.020     9.719    31.589  1352.652  1024.364    73.929    88.028
       344    73.940     4.575     0.000     1.828    -9.583    36.970     0.020     9.719    31.589  1352.441  1024.364    73.940    88.151
       345    73.952     4.583     0.000     1.830    -9.585    36.976     0.020     9.719    31.589  1352.236  1024.364    73.952    88.273
       346    73.963     4.592     0.000     1.832    -9.586    36.981     0.020     9.719    31.590  1352.035  1024.364    73.963    88.394
       347    73.973     4.600     0.000     1.835    -9.587    36.987     0.020     9.719    31.590  1351.840  1024.364    73.973    88.514
       348    73.984     4.607     0.000     1.837    -9.588    36.992     0.020     9.719    31.590  1351.650  1024.364    73.984    88.633
       349    73.994     4.615     0.000     1.840    -9.589    36.997     0.020     9.719    31.590  1351.464  1024.364    73.994    88.752
       350    74.004     4.623     0.000     1.842    -9.590    37.002     0.020     9.719    31.590  1351.283  1024.364    74.004    88.870
       351    74.013     4.630     0.000     1.844    -9.591    37.007     0.020     9.719    31.590  1351.107  1024.364    74.013    88.987
       352    74.023     4.638     0.000     1.847    -9.592    37.011     0.020     9.719    31.590  1350.935  1024.364    74.023    89.104
       353    74.032     4.645     0.000     1.849    -9.593    37.016     0.020     9.719    31.590  1350.767  1024.364    74.032    89.220
       354    74.041     4.652     0.000     1.851    -9.594    37.020     0.020     9.719    31.590  1350.604  1024.364    74.041    89.335
       355    74.050     4.659     0.000     1.854    -9.595    37.025     0.020     9.719    31.590  1350.445  1024.364    74.050    89.450
       356    74.058     4.666     0.000     1.856    -9.596    37.029     0.020     9.719    31.590  1350.290  1024.364    74.058    89.564
       357    74.066     4.673     0.000     1.858    -9.597    37.033     0.020     9.719    31.590  1350.139  1024.364    74.066    89.677
       358    74.074     4.679     0.000     1.861    -9.597    37.037     0.020     9.719    31.590  1349.993  1024.364    74.074    89.790
       359    74.082     4.686     0.000     1.863    -9.598    37.041     0.020     9.719    31.590  1349.849  1024.364    74.082    89.902
       360    74.090     4.692     0.000     1.865    -9.599    37.045     0.020     9.719    31.590  1349.710  1024.364    74.090    90.013
       361    74.097     4.698     0.000     1.867    -9.600    37.049     0.020     9.719    31.590  1349.575  1024.364    74.097    90.124
       362    74.105     4.704     0.000     1.869    -9.601    37.052     0.020     9.719    31.590  1349.443  1024.364    74.105    90.235
       363    74.112     4.710     0.000     1.872    -9.601    37.056     0.020     9.719    31.590  1349.315  1024.364    74.112    90.345
       364    74.119     4.716     0.000     1.874    -9.602    37.059     0.020     9.719    31.590  1349.190  1024.364    74.119    90.454
       365    74.125     4.722     0.000     1.876    -9.603    37.063     0.020     9.719    31.590  1349.069  1024.364    74.125    90.563
       366    74.132     4.727     0.000     1.878    -9.603    37.066     0.020     9.718    31.590  1348.951  1024.364    74.132    90.672
       367    74.138     4.733     0.000     1.880    -9.604    37.069     0.020     9.718    31.590  1348.836  1024.364    74.138    90.780
       368    74.144     4.738     0.000     1.883    -9.605    37.072     0.020     9.718    31.590  1348.725  1024.364    74.144    90.887
       369    74.150     4.743     0.000     1.885    -9.605    37.075     0.020     9.718    31.590  1348.617  1024.364    74.150    90.994
       370    74.156     4.748     0.000     1.887    -9.606    37.078     0.020     9.718    31.590  1348.512  1024.364    74.156    91.101
       371    74.161     4.753     0.000     1.889    -9.607    37.081     0.020     9.718    31.590  1348.410  1024.364    74.161    91.207
       372    74.167     4.758     0.000     1.891    -9.607    37.083     0.020     9.718    31.590  1348.312  1024.364    74.167    91.313
       373    74.172     4.762     0.000     1.893    -9.608    37.086     0.020     9.718    31.590  1348.216  1024.364    74.172    91.418
       374    74.177     4.767     0.000     1.895    -9.608    37.089     0.020     9.718    31.590  1348.124  1024.364    74.177    91.523
       375    74.182     4.771     0.000     1.898    -9.609    37.091     0.020     9.718    31.590  1348.034  1024.364    74.182    91.628
       376    74.187     4.776     0.000     1.900    -9.609    37.093     0.020     9.718    31.590  1347.947  1024.364    74.187    91.732
       377    74.191     4.780     0.000     1.902    -9.610    37.096     0.020     9.718    31.590  1347.863  1024.364    74.191    91.836
       378    74.196     4.784     0.000     1.904    -9.610    37.098     0.020     9.718    31.590  1347.782  1024.364    74.196    91.940
       379    74.200     4.788     0.000     1.906    -9.611    37.100     0.020     9.718    31.590  1347.704  1024.364    74.200    92.043
       380    74.204     4.791     0.000     1.908    -9.611    37.102     0.020     9.718    31.590  1347.629  1024.364    74.204    92.146
       381    74.208     4.795     0.000     1.910    -9.611    37.104     0.020     9.718    31.590  1347.556  1024.364    74.208    92.249
       382    74.212     4.799     0.000     1.912    -9.612    37.106     0.020     9.718    31.590  1347.486  1024.364    74.212    92.352
       383    74.216     4.802     0.000     1.914    -9.612    37.108     0.020     9.718    31.590  1347.419  1024.364    74.216    92.454
       384    74.220     4.805     0.000     1.916    -9.613    37.110     0.020     9.718    31.590  1347.354  1024.364    74.220    92.556
       385    74.223     4.808     0.000     1.918    -9.613    37.111     0.020     9.718    31.590  1347.292  1024.364    74.223    92.657
       386    74.226     4.811     0.000     1.920    -9.613    37.113     0.020     9.718    31.590  1347.232  1024.364    74.226    92.759
       387    74.229     4.814     0.000     1.922    -9.613    37.115     0.020     9.718    31.590  1347.175  1024.364    74.229    92.860
       388    74.232     4.817     0.000     1.924    -9.614    37.116     0.020     9.718    31.590  1347.121  1024.364    74.232    92.961
       389    74.235     4.820     0.000     1.926    -9.614    37.118     0.020     9.718    31.590  1347.069  1024.364    74.235    93.061
       390    74.238     4.822     0.000     1.928    -9.614    37.119     0.020     9.718    31.590  1347.019  1024.364    74.238    93.162
       391    74.241     4.825     0.000     1.930    -9.615    37.120     0.020     9.718    31.590  1346.972  1024.364    74.241    93.262
       392    74.243     4.827     0.000     1.932    -9.615    37.122     0.020     9.718    31.590  1346.928  1024.364    74.243    93.362
       393    74.245     4.829     0.000     1.934    -9.615    37.123     0.020     9.718    31.590  1346.886  1024.364    74.245    93.462
       394    74.248     4.831     0.000     1.936    -9.615    37.124     0.020     9.718    31.590  1346.846  1024.364    74.248    93.562
       395    74.250     4.833     0.000     1.938    -9.615    37.125     0.020     9.718    31.590  1346.809  1024.364    74.250    93.662
       396    74.252     4.835     0.000     1.940    -9.616    37.126     0.020     9.718    31.590  1346.774  1024.364    74.252    93.761
       397    74.253     4.836     0.000     1.942    -9.616    37.127     0.020     9.718    31.590  1346.741  1024.364    74.253    93.861
       398    74.255     4.838     0.000     1.944    -9.616    37.127     0.020     9.718    31.590  1346.711  1024.364    74.255    93.960
       399    74.257     4.839     0.000     1.946    -9.616    37.128     0.020     9.718    31.590  1346.683  1024.364    74.257    94.059
       400    74.258     4.840     0.000     1.948    -9.616    37.129     0.020     9.718    31.590  1346.658  1024.364    74.258    94.158
       401    74.259     4.842     0.000     1.950    -9.616    37.130     0.020     9.718    31.590  1346.635  1024.364    74.259    94.257
       402    74.260     4.843     0.000     1.952    -9.616    37.130     0.020     9.718    31.590  1346.614  1024.364    74.260    94.356
       403    74.261     4.843     0.000     1.954    -9.617    37.131     0.020     9.718    31.590  1346.595  1024.364    74.261    94.455
       404    74.262     4.844     0.000     1.956    -9.617    37.131     0.020     9.718    31.590  1346.579  1024.364    74.262    94.554
       405    74.263     4.845     0.000     1.958    -9.617    37.132     0.020     9.718    31.590  1346.565  1024.364    74.263    94.652
       406    74.264     4.845     0.000     1.960    -9.617    37.132     0.020     9.718    31.590  1346.553  1024.364    74.264    94.751
       407    74.264     4.846     0.000     1.962    -9.617    37.132     0.020     9.718    31.590  1346.544  1024.364    74.264    94.849
       408    74.265     4.846     0.000     1.964    -9.617    37.132     0.020     9.718    31.590  1346.537  1024.364    74.265    94.948
---------------------- Local maximum rise or fall --------------------
       409    74.265     4.846     0.000     1.966    -9.617    37.132     0.020     9.718    31.590  1346.532  1024.364    74.265    95.047
       410    74.265     4.846     0.000     1.968    -9.617    37.133     0.020     9.718    31.590  1346.529  1024.364    74.265    95.145
       411    74.265     4.846     0.000     1.970    -9.617    37.133     0.020     9.718    31.590  1346.528  1024.364    74.265    95.244
       412    74.265     4.846     0.000     1.972    -9.617    37.133     0.020     9.718    31.590  1346.527  1024.364    74.265    95.342
       413    74.265     4.846     0.000     1.974    -9.617    37.133     0.020     9.718    31.590  1346.526  1024.364    74.265    95.441
       414    74.265     4.845     0.000     1.976    -9.616    37.133     0.020     9.718    31.590  1346.525  1024.364    74.265    95.539
       415    74.265     4.845     0.000     1.978    -9.616    37.133     0.020     9.718    31.590  1346.524  1024.364    74.265    95.638
       416    74.265     4.844     0.000     1.980    -9.616    37.133     0.020     9.718    31.590  1346.522  1024.364    74.265    95.737
       417    74.266     4.843     0.000     1.982    -9.616    37.133     0.020     9.718    31.590  1346.520  1024.364    74.266    95.836
       418    74.266     4.842     0.000     1.984    -9.616    37.133     0.020     9.718    31.590  1346.517  1024.364    74.266    95.934
       419    74.266     4.841     0.000     1.986    -9.616    37.133     0.020     9.718    31.590  1346.515  1024.364    74.266    96.033
       420    74.266     4.840     0.000     1.988    -9.616    37.133     0.020     9.718    31.590  1346.512  1024.364    74.266    96.132
       421    74.266     4.839     0.000     1.990    -9.616    37.133     0.020     9.718    31.590  1346.508  1024.364    74.266    96.231
       422    74.266     4.838     0.000     1.992    -9.615    37.133     0.020     9.718    31.590  1346.505  1024.364    74.266    96.331
       423    74.267     4.836     0.000     1.994    -9.615    37.133     0.020     9.718    31.590  1346.501  1024.364    74.267    96.430
       424    74.267     4.834     0.000     1.996    -9.615    37.133     0.020     9.718    31.590  1346.496  1024.364    74.267    96.529
       425    74.267     4.833     0.000     1.998    -9.615    37.134     0.020     9.718    31.590  1346.492  1024.364    74.267    96.629
       426    74.267     4.831     0.000     2.000    -9.615    37.134     0.020     9.718    31.590  1346.487  1024.364    74.267    96.729
       427    74.268     4.829     0.000     2.002    -9.614    37.134     0.020     9.718    31.590  1346.482  1024.364    74.268    96.829
       428    74.268     4.827     0.000     2.004    -9.614    37.134     0.020     9.718    31.590  1346.476  1024.364    74.268    96.929
       429    74.268     4.825     0.000     2.006    -9.614    37.134     0.020     9.718    31.590  1346.470  1024.364    74.268    97.029
       430    74.269     4.822     0.000     2.008    -9.613    37.134     0.020     9.718    31.590  1346.464  1024.364    74.269    97.130
       431    74.269     4.820     0.000     2.010    -9.613    37.134     0.020     9.718    31.590  1346.458  1024.364    74.269    97.230
       432    74.269     4.817     0.000     2.012    -9.613    37.135     0.020     9.718    31.590  1346.451  1024.364    74.269    97.331
       433    74.270     4.815     0.000     2.014    -9.612    37.135     0.020     9.718    31.590  1346.443  1024.364    74.270    97.433
       434    74.270     4.812     0.000     2.016    -9.612    37.135     0.020     9.718    31.590  1346.436  1024.364    74.270    97.534
       435    74.271     4.809     0.000     2.018    -9.612    37.135     0.020     9.718    31.590  1346.428  1024.364    74.271    97.636
       436    74.271     4.806     0.000     2.021    -9.611    37.136     0.020     9.718    31.590  1346.419  1024.364    74.271    97.738
       437    74.272     4.803     0.000     2.023    -9.611    37.136     0.020     9.718    31.590  1346.410  1024.364    74.272    97.840
       438    74.272     4.799     0.000     2.025    -9.610    37.136     0.020     9.718    31.590  1346.401  1024.364    74.272    97.942
       439    74.273     4.796     0.000     2.027    -9.610    37.136     0.020     9.718    31.590  1346.391  1024.364    74.273    98.045
       440    74.273     4.793     0.000     2.029    -9.610    37.137     0.020     9.718    31.590  1346.381  1024.364    74.273    98.148
       441    74.274     4.789     0.000     2.031    -9.609    37.137     0.020     9.718    31.590  1346.371  1024.364    74.274    98.251
       442    74.274     4.785     0.000     2.033    -9.609    37.137     0.020     9.718    31.590  1346.360  1024.364    74.274    98.355
       443    74.275     4.781     0.000     2.035    -9.608    37.137     0.020     9.718    31.590  1346.349  1024.364    74.275    98.459
       444    74.276     4.777     0.000     2.037    -9.608    37.138     0.020     9.718    31.590  1346.337  1024.364    74.276    98.564
       445    74.276     4.773     0.000     2.039    -9.607    37.138     0.020     9.718    31.590  1346.324  1024.364    74.276    98.668
       446    74.277     4.769     0.000     2.041    -9.606    37.139     0.020     9.718    31.590  1346.311  1024.364    74.277    98.774
       447    74.278     4.765     0.000     2.043    -9.606    37.139     0.020     9.718    31.590  1346.298  1024.364    74.278    98.879
       448    74.279     4.760     0.000     2.046    -9.605    37.139     0.020     9.718    31.590  1346.284  1024.364    74.279    98.985
       449    74.279     4.756     0.000     2.048    -9.605    37.140     0.020     9.718    31.590  1346.270  1024.364    74.279    99.092
       450    74.280     4.751     0.000     2.050    -9.604    37.140     0.020     9.718    31.590  1346.255  1024.364    74.280    99.198
       451    74.281     4.746     0.000     2.052    -9.603    37.140     0.020     9.718    31.590  1346.239  1024.364    74.281    99.306
       452    74.282     4.741     0.000     2.054    -9.603    37.141     0.020     9.718    31.590  1346.223  1024.364    74.282    99.413
       453    74.283     4.736     0.000     2.056    -9.602    37.141     0.020     9.718    31.590  1346.207  1024.364    74.283    99.522
       454    74.284     4.731     0.000     2.059    -9.601    37.142     0.020     9.718    31.590  1346.189  1024.364    74.284    99.630
       455    74.285     4.726     0.000     2.061    -9.600    37.142     0.020     9.718    31.590  1346.171  1024.364    74.285    99.740
       456    74.286     4.720     0.000     2.063    -9.600    37.143     0.020     9.718    31.590  1346.153  1024.364    74.286    99.849
       457    74.287     4.715     0.000     2.065    -9.599    37.143     0.020     9.718    31.590  1346.133  1024.364    74.287    99.960
       458    74.288     4.709     0.000     2.067    -9.598    37.144     0.020     9.718    31.590  1346.114  1024.364    74.288   100.070
       459    74.289     4.703     0.000     2.070    -9.597    37.145     0.020     9.718    31.590  1346.093  1024.364    74.289   100.182
       460    74.290     4.698     0.000     2.072    -9.596    37.145     0.020     9.718    31.590  1346.071  1024.364    74.290   100.294
       461    74.291     4.692     0.000     2.074    -9.596    37.146     0.020     9.718    31.590  1346.049  1024.364    74.291   100.406
       462    74.293     4.685     0.000     2.077    -9.595    37.146     0.020     9.718    31.590  1346.026  1024.364    74.293   100.520
       463    74.294     4.679     0.000     2.079    -9.594    37.147     0.020     9.718    31.590  1346.002  1024.364    74.294   100.633
       464    74.295     4.673     0.000     2.081    -9.593    37.148     0.020     9.718    31.590  1345.977  1024.364    74.295   100.748
       465    74.297     4.666     0.000     2.083    -9.592    37.148     0.020     9.718    31.590  1345.952  1024.364    74.297   100.863
       466    74.298     4.660     0.000     2.086    -9.591    37.149     0.020     9.718    31.590  1345.925  1024.364    74.298   100.979
       467    74.300     4.653     0.000     2.088    -9.590    37.150     0.020     9.718    31.590  1345.898  1024.364    74.300   101.095
       468    74.301     4.646     0.000     2.090    -9.589    37.151     0.020     9.718    31.590  1345.869  1024.364    74.301   101.212
       469    74.303     4.639     0.000     2.093    -9.588    37.152     0.020     9.718    31.590  1345.840  1024.364    74.303   101.330
       470    74.305     4.632     0.000     2.095    -9.587    37.152     0.020     9.718    31.590  1345.809  1024.364    74.305   101.449
       471    74.307     4.625     0.000     2.098    -9.586    37.153     0.020     9.718    31.590  1345.777  1024.364    74.307   101.569
       472    74.308     4.618     0.000     2.100    -9.585    37.154     0.020     9.718    31.590  1345.744  1024.364    74.308   101.689
       473    74.310     4.610     0.000     2.102    -9.583    37.155     0.020     9.718    31.590  1345.710  1024.364    74.310   101.810
       474    74.312     4.603     0.000     2.105    -9.582    37.156     0.020     9.718    31.590  1345.675  1024.364    74.312   101.932
       475    74.314     4.595     0.000     2.107    -9.581    37.157     0.020     9.718    31.590  1345.638  1024.364    74.314   102.055
       476    74.316     4.587     0.000     2.110    -9.580    37.158     0.020     9.718    31.590  1345.600  1024.364    74.316   102.178
       477    74.318     4.579     0.000     2.112    -9.578    37.159     0.020     9.718    31.590  1345.561  1024.364    74.318   102.303
       478    74.321     4.571     0.000     2.115    -9.577    37.160     0.020     9.718    31.590  1345.520  1024.364    74.321   102.428
       479    74.323     4.563     0.000     2.117    -9.576    37.162     0.020     9.718    31.590  1345.477  1024.364    74.323   102.555
       480    74.325     4.555     0.000     2.120    -9.574    37.163     0.020     9.718    31.590  1345.433  1024.364    74.325   102.682
       481    74.328     4.546     0.000     2.123    -9.573    37.164     0.020     9.718    31.590  1345.388  1024.364    74.328   102.811
       482    74.331     4.538     0.000     2.125    -9.571    37.165     0.020     9.718    31.590  1345.340  1024.364    74.331   102.940
       483    74.333     4.529     0.000     2.128    -9.570    37.167     0.020     9.718    31.590  1345.291  1024.364    74.333   103.071
       484    74.336     4.520     0.000     2.131    -9.568    37.168     0.020     9.718    31.590  1345.240  1024.364    74.336   103.202
       485    74.339     4.511     0.000     2.133    -9.567    37.170     0.020     9.718    31.590  1345.187  1024.364    74.339   103.335
       486    74.342     4.502     0.000     2.136    -9.565    37.171     0.020     9.718    31.590  1345.132  1024.364    74.342   103.469
       487    74.345     4.493     0.000     2.139    -9.564    37.173     0.020     9.718    31.590  1345.074  1024.364    74.345   103.604
       488    74.349     4.484     0.000     2.141    -9.562    37.174     0.020     9.718    31.590  1345.015  1024.364    74.349   103.740
       489    74.352     4.475     0.000     2.144    -9.560    37.176     0.020     9.718    31.590  1344.953  1024.364    74.352   103.877
       490    74.356     4.465     0.000     2.147    -9.558    37.178     0.020     9.718    31.590  1344.888  1024.364    74.356   104.016
       491    74.359     4.455     0.000     2.150    -9.557    37.180     0.020     9.718    31.590  1344.821  1024.364    74.359   104.156
       492    74.363     4.446     0.000     2.153    -9.555    37.182     0.020     9.718    31.590  1344.752  1024.364    74.363   104.297
       493    74.367     4.436     0.000     2.155    -9.553    37.184     0.020     9.718    31.590  1344.679  1024.364    74.367   104.439
       494    74.371     4.426     0.000     2.158    -9.551    37.186     0.020     9.718    31.590  1344.604  1024.364    74.371   104.583
       495    74.376     4.416     0.000     2.161    -9.549    37.188     0.020     9.718    31.590  1344.525  1024.364    74.376   104.729
       496    74.380     4.405     0.000     2.164    -9.547    37.190     0.020     9.718    31.590  1344.443  1024.364    74.380   104.876
       497    74.385     4.395     0.000     2.167    -9.545    37.192     0.020     9.717    31.590  1344.358  1024.364    74.385   105.024
       498    74.390     4.384     0.000     2.170    -9.542    37.195     0.020     9.717    31.590  1344.269  1024.364    74.390   105.174
       499    74.395     4.374     0.000     2.173    -9.540    37.198     0.020     9.717    31.590  1344.176  1024.364    74.395   105.325
       500    74.400     4.363     0.000     2.176    -9.538    37.200     0.020     9.717    31.590  1344.079  1024.364    74.400   105.478
       501    74.406     4.352     0.000     2.179    -9.536    37.203     0.020     9.717    31.590  1343.978  1024.365    74.406   105.633
       502    74.412     4.341     0.000     2.183    -9.533    37.206     0.020     9.717    31.590  1343.873  1024.365    74.412   105.790
       503    74.418     4.330     0.000     2.186    -9.531    37.209     0.020     9.717    31.590  1343.763  1024.365    74.418   105.948
       504    74.424     4.319     0.000     2.189    -9.528    37.212     0.020     9.717    31.590  1343.648  1024.365    74.424   106.108
       505    74.431     4.307     0.000     2.192    -9.526    37.215     0.020     9.717    31.590  1343.528  1024.365    74.431   106.270
       506    74.438     4.296     0.000     2.196    -9.523    37.219     0.020     9.717    31.590  1343.402  1024.365    74.438   106.434
       507    74.445     4.284     0.000     2.199    -9.520    37.223     0.020     9.717    31.590  1343.271  1024.365    74.445   106.599
       508    74.453     4.273     0.000     2.202    -9.518    37.226     0.020     9.717    31.590  1343.134  1024.365    74.453   106.767
       509    74.461     4.261     0.000     2.206    -9.515    37.230     0.020     9.717    31.590  1342.990  1024.365    74.461   106.937
       510    74.469     4.249     0.000     2.209    -9.512    37.235     0.020     9.717    31.590  1342.839  1024.365    74.469   107.109
       511    74.478     4.237     0.000     2.213    -9.509    37.239     0.020     9.717    31.590  1342.682  1024.365    74.478   107.283
       512    74.487     4.224     0.000     2.216    -9.506    37.243     0.020     9.717    31.590  1342.516  1024.365    74.487   107.459
       513    74.497     4.212     0.000     2.220    -9.502    37.248     0.020     9.717    31.590  1342.343  1024.365    74.497   107.638
       514    74.507     4.199     0.000     2.223    -9.499    37.253     0.020     9.717    31.590  1342.161  1024.365    74.507   107.819
       515    74.517     4.187     0.000     2.227    -9.496    37.259     0.020     9.717    31.590  1341.970  1024.365    74.517   108.003
       516    74.528     4.174     0.000     2.231    -9.492    37.264     0.020     9.717    31.590  1341.770  1024.365    74.528   108.189
       517    74.540     4.161     0.000     2.235    -9.489    37.270     0.020     9.717    31.591  1341.559  1024.365    74.540   108.378
       518    74.552     4.148     0.000     2.239    -9.485    37.276     0.020     9.717    31.591  1341.337  1024.365    74.552   108.569
       519    74.565     4.135     0.000     2.242    -9.481    37.283     0.020     9.717    31.591  1341.104  1024.365    74.565   108.763
       520    74.579     4.122     0.000     2.246    -9.477    37.290     0.020     9.717    31.591  1340.859  1024.365    74.579   108.960
       521    74.593     4.108     0.000     2.250    -9.474    37.297     0.020     9.717    31.591  1340.601  1024.365    74.593   109.160
       522    74.609     4.095     0.000     2.255    -9.469    37.304     0.020     9.717    31.591  1340.329  1024.365    74.609   109.364
       523    74.625     4.081     0.000     2.259    -9.465    37.312     0.020     9.717    31.591  1340.042  1024.365    74.625   109.570
       524    74.641     4.068     0.000     2.263    -9.461    37.321     0.020     9.716    31.591  1339.739  1024.365    74.641   109.779
       525    74.659     4.054     0.000     2.267    -9.456    37.330     0.020     9.716    31.591  1339.419  1024.365    74.659   109.992
       526    74.678     4.040     0.000     2.272    -9.452    37.339     0.020     9.716    31.591  1339.082  1024.365    74.678   110.209
       527    74.698     4.026     0.000     2.276    -9.447    37.349     0.020     9.716    31.591  1338.725  1024.365    74.698   110.429
       528    74.719     4.012     0.000     2.280    -9.442    37.360     0.020     9.716    31.591  1338.347  1024.365    74.719   110.652
       529    74.741     3.997     0.000     2.285    -9.437    37.371     0.020     9.716    31.591  1337.947  1024.365    74.741   110.880
       530    74.765     3.983     0.000     2.290    -9.432    37.383     0.020     9.716    31.591  1337.524  1024.365    74.765   111.112
       531    74.790     3.968     0.000     2.294    -9.426    37.395     0.020     9.716    31.591  1337.075  1024.365    74.790   111.347
       532    74.817     3.954     0.000     2.299    -9.421    37.408     0.020     9.716    31.591  1336.598  1024.365    74.817   111.588
       533    74.845     3.939     0.000     2.304    -9.415    37.423     0.020     9.716    31.591  1336.092  1024.365    74.845   111.832
       534    74.875     3.924     0.000     2.309    -9.409    37.438     0.020     9.716    31.591  1335.554  1024.365    74.875   112.081
       535    74.907     3.909     0.000     2.314    -9.403    37.454     0.020     9.715    31.591  1334.982  1024.365    74.907   112.336
       536    74.942     3.894     0.000     2.320    -9.397    37.471     0.020     9.715    31.591  1334.372  1024.366    74.942   112.595
       537    74.978     3.879     0.000     2.325    -9.390    37.489     0.020     9.715    31.591  1333.723  1024.366    74.978   112.859
       538    75.017     3.863     0.000     2.330    -9.383    37.509     0.020     9.715    31.591  1333.030  1024.366    75.017   113.129
       539    75.059     3.848     0.000     2.336    -9.376    37.529     0.020     9.715    31.591  1332.289  1024.366    75.059   113.405
       540    75.103     3.833     0.000     2.342    -9.369    37.552     0.020     9.715    31.591  1331.498  1024.366    75.103   113.686
       541    75.151     3.817     0.000     2.347    -9.361    37.576     0.020     9.715    31.592  1330.650  1024.366    75.151   113.974
       542    75.203     3.802     0.000     2.353    -9.353    37.601     0.020     9.714    31.592  1329.742  1024.366    75.203   114.269
       543    75.258     3.786     0.000     2.359    -9.345    37.629     0.020     9.714    31.592  1328.768  1024.366    75.258   114.570
       544    75.317     3.770     0.000     2.366    -9.337    37.659     0.020     9.714    31.592  1327.720  1024.366    75.317   114.879
       545    75.381     3.754     0.000     2.372    -9.328    37.691     0.020     9.714    31.592  1326.593  1024.366    75.381   115.195
       546    75.450     3.738     0.000     2.378    -9.319    37.725     0.020     9.713    31.592  1325.379  1024.366    75.450   115.519
       547    75.525     3.723     0.000     2.385    -9.309    37.762     0.020     9.713    31.592  1324.068  1024.367    75.525   115.852
       548    75.606     3.707     0.000     2.392    -9.299    37.803     0.020     9.713    31.592  1322.651  1024.367    75.606   116.194
       549    75.694     3.691     0.000     2.399    -9.289    37.847     0.020     9.712    31.592  1321.117  1024.367    75.694   116.545
       550    75.789     3.675     0.000     2.406    -9.278    37.895     0.020     9.712    31.593  1319.451  1024.367    75.789   116.906
       551    75.893     3.659     0.000     2.414    -9.267    37.947     0.020     9.712    31.593  1317.640  1024.367    75.893   117.279
       552    76.007     3.643     0.000     2.422    -9.255    38.004     0.020     9.711    31.593  1315.667  1024.367    76.007   117.662
       553    76.132     3.627     0.000     2.430    -9.243    38.066     0.020     9.711    31.593  1313.511  1024.368    76.132   118.058
       554    76.269     3.612     0.000     2.438    -9.230    38.134     0.020     9.710    31.593  1311.150  1024.368    76.269   118.468
       555    76.420     3.596     0.000     2.446    -9.216    38.210     0.020     9.710    31.593  1308.555  1024.368    76.420   118.891
       556    76.588     3.581     0.000     2.455    -9.202    38.294     0.020     9.709    31.594  1305.696  1024.369    76.588   119.331
       557    76.774     3.566     0.000     2.464    -9.186    38.387     0.020     9.709    31.594  1302.532  1024.369    76.774   119.787
       558    76.981     3.551     0.000     2.474    -9.170    38.491     0.020     9.708    31.594  1299.018  1024.369    76.981   120.263
       559    77.214     3.537     0.000     2.484    -9.153    38.607     0.020     9.707    31.595  1295.095  1024.370    77.214   120.759
       560    77.478     3.523     0.000     2.494    -9.135    38.739     0.020     9.706    31.595  1290.691  1024.370    77.478   121.279
       561    77.778     3.509     0.000     2.505    -9.116    38.889     0.020     9.705    31.595  1285.715  1024.371    77.778   121.825
       562    78.122     3.497     0.000     2.517    -9.095    39.061     0.020     9.704    31.596  1280.045  1024.371    78.122   122.401
       563    78.511     3.485     0.000     2.529    -9.073    39.256     0.020     9.702    31.596  1273.701  1024.372    78.511   123.013
       564    78.930     3.474     0.000     2.542    -9.049    39.465     0.020     9.701    31.597  1266.942  1024.372    78.930   123.661
       565    79.376     3.463     0.000     2.556    -9.023    39.688     0.020     9.700    31.598  1259.823  1024.373    79.376   124.341
       566    79.852     3.452     0.000     2.570    -8.996    39.926     0.020     9.698    31.598  1252.312  1024.374    79.852   125.053
       567    80.362     3.441     0.000     2.585    -8.967    40.181     0.020     9.696    31.599  1244.374  1024.375    80.362   125.803
       568    80.908     3.431     0.000     2.601    -8.936    40.454     0.020     9.695    31.600  1235.969  1024.375    80.908   126.594
       569    81.499     3.422     0.000     2.618    -8.902    40.749     0.020     9.693    31.600  1227.009  1024.376    81.499   127.434
       570    82.162     3.414     0.000     2.637    -8.864    41.081     0.020     9.691    31.601  1217.104  1024.377    82.162   128.362
       571    82.915     3.408     0.000     2.658    -8.821    41.457     0.020     9.689    31.602  1206.059  1024.378    82.915   129.395
       572    83.781     3.404     0.000     2.681    -8.772    41.890     0.020     9.686    31.603  1193.590  1024.379    83.781   130.564
       573    84.800     3.404     0.000     2.708    -8.715    42.400     0.020     9.683    31.603  1179.247  1024.380    84.800   131.913
       574    86.037     3.407     0.000     2.741    -8.645    43.019     0.020     9.680    31.604  1162.289  1024.381    86.037   133.520
       575    87.636     3.419     0.000     2.781    -8.557    43.818     0.020     9.676    31.605  1141.086  1024.383    87.636   135.530
       576    89.388     3.434     0.000     2.824    -8.463    44.694     0.020     9.672    31.606  1118.713  1024.384    89.388   137.652
       577    91.176     3.457     0.000     2.866    -8.370    45.588     0.020     9.668    31.606  1096.778  1024.385    91.176   139.766
       578    93.000     3.489     0.000     2.908    -8.277    46.500     0.020     9.665    31.606  1075.273  1024.385    93.000   141.866
       579    94.860     3.531     0.000     2.950    -8.186    47.430     0.020     9.661    31.606  1054.190  1024.386    94.860   143.951
       580    96.757     3.583     0.000     2.992    -8.097    48.378     0.020     9.658    31.605  1033.520  1024.386    96.757   146.026
---------------------------- Plume traps -----------------------------
       581    98.692     3.645     0.000     3.034    -8.011    49.346     0.020     9.655    31.605  1013.255  1024.386    98.692   148.099
       582   100.211     3.708     0.000     3.066    -7.945    50.106     0.020     9.653    31.604   997.893  1024.385   100.211   149.697
       583   101.458     3.766     0.000     3.091    -7.895    50.729     0.020     9.652    31.603   985.633  1024.385   101.458   150.946
       584   102.488     3.818     0.000     3.111    -7.856    51.244     0.020     9.650    31.602   975.726  1024.385   102.488   151.947
       585   103.406     3.866     0.000     3.128    -7.823    51.703     0.020     9.649    31.601   967.060  1024.384   103.406   152.812
       586   104.241     3.911     0.000     3.144    -7.794    52.120     0.020     9.648    31.601   959.320  1024.384   104.241   153.586
       587   105.022     3.954     0.000     3.158    -7.767    52.511     0.020     9.647    31.600   952.183  1024.383   105.022   154.300
       588   105.759     3.996     0.000     3.172    -7.743    52.880     0.020     9.647    31.599   945.544  1024.383   105.759   154.968
       589   106.417     4.036     0.000     3.184    -7.720    53.209     0.020     9.646    31.599   939.696  1024.382   106.417   155.597
       590   107.026     4.074     0.000     3.197    -7.699    53.513     0.020     9.646    31.598   934.352  1024.382   107.026   156.207
       591   107.582     4.111     0.000     3.208    -7.678    53.791     0.020     9.645    31.597   929.524  1024.382   107.582   156.799
       592   108.098     4.146     0.000     3.220    -7.659    54.049     0.020     9.645    31.597   925.086  1024.381   108.098   157.375
       593   108.573     4.181     0.000     3.231    -7.640    54.287     0.020     9.644    31.596   921.039  1024.381   108.573   157.934
       594   109.013     4.215     0.000     3.242    -7.622    54.507     0.020     9.644    31.596   917.320  1024.381   109.013   158.476
       595   109.420     4.248     0.000     3.253    -7.605    54.710     0.020     9.643    31.595   913.913  1024.380   109.420   159.003
       596   109.796     4.281     0.000     3.263    -7.589    54.898     0.020     9.643    31.595   910.779  1024.380   109.796   159.513
       597   110.145     4.312     0.000     3.273    -7.573    55.072     0.020     9.643    31.595   907.896  1024.380   110.145   160.009
       598   110.468     4.343     0.000     3.283    -7.558    55.234     0.020     9.643    31.594   905.236  1024.380   110.468   160.490
       599   110.769     4.374     0.000     3.292    -7.544    55.384     0.020     9.642    31.594   902.780  1024.379   110.769   160.957
       600   111.048     4.403     0.000     3.301    -7.531    55.524     0.020     9.642    31.594   900.508  1024.379   111.048   161.410
       601   111.309     4.432     0.000     3.310    -7.518    55.654     0.020     9.642    31.593   898.402  1024.379   111.309   161.851
       602   111.552     4.461     0.000     3.319    -7.505    55.776     0.020     9.642    31.593   896.446  1024.379   111.552   162.279
       603   111.778     4.489     0.000     3.327    -7.493    55.889     0.020     9.642    31.593   894.627  1024.379   111.778   162.695
       604   111.991     4.517     0.000     3.335    -7.482    55.995     0.020     9.641    31.592   892.933  1024.378   111.991   163.099
       605   112.189     4.544     0.000     3.343    -7.471    56.095     0.020     9.641    31.592   891.351  1024.378   112.189   163.492
       606   112.376     4.570     0.000     3.351    -7.461    56.188     0.020     9.641    31.592   889.873  1024.378   112.376   163.875
       607   112.551     4.596     0.000     3.358    -7.450    56.275     0.020     9.641    31.592   888.488  1024.378   112.551   164.248
       608   112.715     4.622     0.000     3.365    -7.441    56.358     0.020     9.641    31.591   887.190  1024.378   112.715   164.611
       609   112.871     4.648     0.000     3.373    -7.432    56.435     0.020     9.641    31.591   885.971  1024.378   112.871   164.965
       610   113.017     4.673     0.000     3.379    -7.423    56.508     0.020     9.641    31.591   884.823  1024.377   113.017   165.310
       611   113.155     4.697     0.000     3.386    -7.414    56.578     0.020     9.641    31.591   883.743  1024.377   113.155   165.647
       612   113.286     4.721     0.000     3.393    -7.406    56.643     0.020     9.641    31.591   882.723  1024.377   113.286   165.975
       613   113.410     4.745     0.000     3.399    -7.398    56.705     0.020     9.641    31.591   881.760  1024.377   113.410   166.296
       614   113.527     4.769     0.000     3.406    -7.390    56.763     0.020     9.641    31.590   880.849  1024.377   113.527   166.609
       615   113.638     4.792     0.000     3.412    -7.383    56.819     0.020     9.640    31.590   879.986  1024.377   113.638   166.915
       616   113.744     4.815     0.000     3.418    -7.376    56.872     0.020     9.640    31.590   879.168  1024.377   113.744   167.214
       617   113.844     4.837     0.000     3.424    -7.369    56.922     0.020     9.640    31.590   878.391  1024.377   113.844   167.506
       618   113.940     4.860     0.000     3.429    -7.363    56.970     0.020     9.640    31.590   877.653  1024.376   113.940   167.792
       619   114.032     4.882     0.000     3.435    -7.356    57.016     0.020     9.640    31.590   876.951  1024.376   114.032   168.072
       620   114.119     4.903     0.000     3.440    -7.350    57.059     0.020     9.640    31.590   876.281  1024.376   114.119   168.346
       621   114.202     4.925     0.000     3.446    -7.344    57.101     0.020     9.640    31.589   875.643  1024.376   114.202   168.615
       622   114.281     4.946     0.000     3.451    -7.339    57.141     0.020     9.640    31.589   875.034  1024.376   114.281   168.878
       623   114.357     4.967     0.000     3.456    -7.333    57.179     0.020     9.640    31.589   874.453  1024.376   114.357   169.136
       624   114.430     4.987     0.000     3.461    -7.328    57.215     0.020     9.640    31.589   873.897  1024.376   114.430   169.389
       625   114.500     5.008     0.000     3.466    -7.323    57.250     0.020     9.640    31.589   873.364  1024.376   114.500   169.637
       626   114.567     5.028     0.000     3.471    -7.318    57.283     0.020     9.640    31.589   872.854  1024.376   114.567   169.880
       627   114.631     5.047     0.000     3.476    -7.313    57.315     0.020     9.640    31.589   872.366  1024.376   114.631   170.119
       628   114.692     5.067     0.000     3.481    -7.308    57.346     0.020     9.640    31.589   871.897  1024.376   114.692   170.353
       629   114.752     5.086     0.000     3.485    -7.304    57.376     0.020     9.640    31.589   871.447  1024.376   114.752   170.584
       630   114.809     5.105     0.000     3.490    -7.300    57.404     0.020     9.640    31.589   871.014  1024.376   114.809   170.810
       631   114.863     5.124     0.000     3.494    -7.295    57.432     0.020     9.640    31.588   870.599  1024.376   114.863   171.032
       632   114.916     5.143     0.000     3.499    -7.291    57.458     0.020     9.640    31.588   870.199  1024.375   114.916   171.251
       633   114.967     5.161     0.000     3.503    -7.287    57.484     0.020     9.640    31.588   869.814  1024.375   114.967   171.466
       634   115.016     5.179     0.000     3.507    -7.283    57.508     0.020     9.640    31.588   869.443  1024.375   115.016   171.678
       635   115.063     5.197     0.000     3.512    -7.280    57.532     0.020     9.640    31.588   869.086  1024.375   115.063   171.886
       636   115.109     5.215     0.000     3.516    -7.276    57.555     0.020     9.640    31.588   868.741  1024.375   115.109   172.091
       637   115.153     5.233     0.000     3.520    -7.272    57.577     0.020     9.640    31.588   868.409  1024.375   115.153   172.292
       638   115.196     5.250     0.000     3.524    -7.269    57.598     0.020     9.640    31.588   868.088  1024.375   115.196   172.491
       639   115.237     5.267     0.000     3.528    -7.266    57.618     0.020     9.640    31.588   867.778  1024.375   115.237   172.687
       640   115.277     5.284     0.000     3.531    -7.262    57.638     0.020     9.640    31.588   867.479  1024.375   115.277   172.879
       641   115.315     5.300     0.000     3.535    -7.259    57.658     0.020     9.640    31.588   867.189  1024.375   115.315   173.069
       642   115.352     5.317     0.000     3.539    -7.256    57.676     0.020     9.640    31.588   866.909  1024.375   115.352   173.257
       643   115.388     5.333     0.000     3.543    -7.253    57.694     0.020     9.640    31.588   866.638  1024.375   115.388   173.441
       644   115.423     5.349     0.000     3.546    -7.250    57.712     0.020     9.640    31.588   866.376  1024.375   115.423   173.623
       645   115.457     5.365     0.000     3.550    -7.248    57.729     0.020     9.639    31.588   866.122  1024.375   115.457   173.803
       646   115.490     5.381     0.000     3.554    -7.245    57.745     0.020     9.639    31.587   865.876  1024.375   115.490   173.980
       647   115.522     5.396     0.000     3.557    -7.242    57.761     0.020     9.639    31.587   865.638  1024.375   115.522   174.155
       648   115.553     5.411     0.000     3.561    -7.240    57.776     0.020     9.639    31.587   865.407  1024.375   115.553   174.328
       649   115.582     5.426     0.000     3.564    -7.237    57.791     0.020     9.639    31.587   865.183  1024.375   115.582   174.499
       650   115.611     5.441     0.000     3.567    -7.235    57.806     0.020     9.639    31.587   864.966  1024.375   115.611   174.667
       651   115.640     5.456     0.000     3.571    -7.232    57.820     0.020     9.639    31.587   864.755  1024.375   115.640   174.834
       652   115.667     5.470     0.000     3.574    -7.230    57.834     0.020     9.639    31.587   864.551  1024.375   115.667   174.998
       653   115.694     5.484     0.000     3.577    -7.228    57.847     0.020     9.639    31.587   864.352  1024.375   115.694   175.160
       654   115.719     5.499     0.000     3.581    -7.226    57.860     0.020     9.639    31.587   864.159  1024.375   115.719   175.321
       655   115.745     5.512     0.000     3.584    -7.224    57.872     0.020     9.639    31.587   863.972  1024.375   115.745   175.480
       656   115.769     5.526     0.000     3.587    -7.222    57.884     0.020     9.639    31.587   863.790  1024.375   115.769   175.637
       657   115.793     5.540     0.000     3.590    -7.220    57.896     0.020     9.639    31.587   863.613  1024.374   115.793   175.792
       658   115.816     5.553     0.000     3.593    -7.218    57.908     0.020     9.639    31.587   863.441  1024.374   115.816   175.945
       659   115.838     5.566     0.000     3.596    -7.216    57.919     0.020     9.639    31.587   863.274  1024.374   115.838   176.097
       660   115.860     5.579     0.000     3.599    -7.214    57.930     0.020     9.639    31.587   863.112  1024.374   115.860   176.248
       661   115.881     5.592     0.000     3.602    -7.212    57.941     0.020     9.639    31.587   862.954  1024.374   115.881   176.396
       662   115.902     5.604     0.000     3.605    -7.210    57.951     0.020     9.639    31.587   862.800  1024.374   115.902   176.544
       663   115.922     5.617     0.000     3.608    -7.209    57.961     0.020     9.639    31.587   862.650  1024.374   115.922   176.690
       664   115.941     5.629     0.000     3.611    -7.207    57.971     0.020     9.639    31.587   862.505  1024.374   115.941   176.834
       665   115.960     5.641     0.000     3.614    -7.205    57.980     0.020     9.639    31.587   862.363  1024.374   115.960   176.977
       666   115.979     5.653     0.000     3.617    -7.204    57.989     0.020     9.639    31.587   862.226  1024.374   115.979   177.119
       667   115.997     5.665     0.000     3.619    -7.202    57.998     0.020     9.639    31.587   862.092  1024.374   115.997   177.259
       668   116.015     5.676     0.000     3.622    -7.201    58.007     0.020     9.639    31.587   861.961  1024.374   116.015   177.398
       669   116.032     5.688     0.000     3.625    -7.199    58.016     0.020     9.639    31.587   861.834  1024.374   116.032   177.536
       670   116.048     5.699     0.000     3.628    -7.198    58.024     0.020     9.639    31.587   861.710  1024.374   116.048   177.673
       671   116.064     5.710     0.000     3.630    -7.196    58.032     0.020     9.639    31.587   861.590  1024.374   116.064   177.808
       672   116.080     5.721     0.000     3.633    -7.195    58.040     0.020     9.639    31.587   861.473  1024.374   116.080   177.942
       673   116.096     5.731     0.000     3.636    -7.194    58.048     0.020     9.639    31.587   861.359  1024.374   116.096   178.076
       674   116.111     5.742     0.000     3.638    -7.192    58.055     0.020     9.639    31.586   861.247  1024.374   116.111   178.208
       675   116.125     5.752     0.000     3.641    -7.191    58.063     0.020     9.639    31.586   861.139  1024.374   116.125   178.339
       676   116.139     5.763     0.000     3.644    -7.190    58.070     0.020     9.639    31.586   861.034  1024.374   116.139   178.469
       677   116.153     5.772     0.000     3.646    -7.189    58.077     0.020     9.639    31.586   860.931  1024.374   116.153   178.598
       678   116.167     5.782     0.000     3.649    -7.187    58.083     0.020     9.639    31.586   860.831  1024.374   116.167   178.726
       679   116.180     5.792     0.000     3.651    -7.186    58.090     0.020     9.639    31.586   860.734  1024.374   116.180   178.853
       680   116.193     5.801     0.000     3.654    -7.185    58.096     0.020     9.639    31.586   860.639  1024.374   116.193   178.979
       681   116.205     5.811     0.000     3.657    -7.184    58.103     0.020     9.639    31.586   860.546  1024.374   116.205   179.105
       682   116.217     5.820     0.000     3.659    -7.183    58.109     0.020     9.639    31.586   860.457  1024.374   116.217   179.229
       683   116.229     5.829     0.000     3.661    -7.182    58.115     0.020     9.639    31.586   860.369  1024.374   116.229   179.353
       684   116.241     5.838     0.000     3.664    -7.181    58.120     0.020     9.639    31.586   860.284  1024.374   116.241   179.475
       685   116.252     5.846     0.000     3.666    -7.180    58.126     0.020     9.639    31.586   860.201  1024.374   116.252   179.597
       686   116.263     5.855     0.000     3.669    -7.179    58.131     0.020     9.639    31.586   860.120  1024.374   116.263   179.719
       687   116.273     5.863     0.000     3.671    -7.178    58.137     0.020     9.639    31.586   860.042  1024.374   116.273   179.839
       688   116.284     5.871     0.000     3.674    -7.177    58.142     0.020     9.639    31.586   859.965  1024.374   116.284   179.959
       689   116.294     5.879     0.000     3.676    -7.176    58.147     0.020     9.639    31.586   859.891  1024.374   116.294   180.078
       690   116.304     5.887     0.000     3.678    -7.176    58.152     0.020     9.639    31.586   859.819  1024.374   116.304   180.196
       691   116.313     5.895     0.000     3.681    -7.175    58.157     0.020     9.639    31.586   859.748  1024.374   116.313   180.314
       692   116.322     5.902     0.000     3.683    -7.174    58.161     0.020     9.639    31.586   859.680  1024.374   116.322   180.430
       693   116.331     5.910     0.000     3.685    -7.173    58.166     0.020     9.639    31.586   859.613  1024.374   116.331   180.547
       694   116.340     5.917     0.000     3.688    -7.172    58.170     0.020     9.639    31.586   859.549  1024.374   116.340   180.662
       695   116.349     5.924     0.000     3.690    -7.172    58.174     0.020     9.639    31.586   859.486  1024.374   116.349   180.777
       696   116.357     5.931     0.000     3.692    -7.171    58.178     0.020     9.639    31.586   859.425  1024.374   116.357   180.892
       697   116.365     5.938     0.000     3.695    -7.170    58.182     0.020     9.639    31.586   859.366  1024.374   116.365   181.006
       698   116.373     5.944     0.000     3.697    -7.170    58.186     0.020     9.639    31.586   859.308  1024.374   116.373   181.119
       699   116.380     5.951     0.000     3.699    -7.169    58.190     0.020     9.639    31.586   859.252  1024.374   116.380   181.232
       700   116.388     5.957     0.000     3.701    -7.168    58.194     0.020     9.639    31.586   859.198  1024.374   116.388   181.344
       701   116.395     5.963     0.000     3.704    -7.168    58.197     0.020     9.639    31.586   859.146  1024.374   116.395   181.456
       702   116.402     5.969     0.000     3.706    -7.167    58.201     0.020     9.639    31.586   859.095  1024.374   116.402   181.567
       703   116.408     5.975     0.000     3.708    -7.167    58.204     0.020     9.639    31.586   859.046  1024.374   116.408   181.678
       704   116.415     5.980     0.000     3.710    -7.166    58.207     0.020     9.639    31.586   858.998  1024.374   116.415   181.789
       705   116.421     5.986     0.000     3.713    -7.166    58.210     0.020     9.639    31.586   858.952  1024.374   116.421   181.899
       706   116.427     5.991     0.000     3.715    -7.165    58.214     0.020     9.639    31.586   858.907  1024.374   116.427   182.008
       707   116.433     5.996     0.000     3.717    -7.165    58.216     0.020     9.639    31.586   858.864  1024.374   116.433   182.117
       708   116.439     6.001     0.000     3.719    -7.164    58.219     0.020     9.639    31.586   858.822  1024.374   116.439   182.226
       709   116.444     6.006     0.000     3.721    -7.164    58.222     0.020     9.639    31.586   858.782  1024.374   116.444   182.334
       710   116.449     6.010     0.000     3.724    -7.163    58.225     0.020     9.639    31.586   858.743  1024.374   116.449   182.442
       711   116.454     6.015     0.000     3.726    -7.163    58.227     0.020     9.639    31.586   858.706  1024.374   116.454   182.550
       712   116.459     6.019     0.000     3.728    -7.162    58.230     0.020     9.639    31.586   858.670  1024.374   116.459   182.657
       713   116.464     6.023     0.000     3.730    -7.162    58.232     0.020     9.639    31.586   858.636  1024.374   116.464   182.764
       714   116.468     6.027     0.000     3.732    -7.162    58.234     0.020     9.639    31.586   858.602  1024.374   116.468   182.870
       715   116.473     6.031     0.000     3.734    -7.161    58.236     0.020     9.639    31.586   858.571  1024.374   116.473   182.977
       716   116.477     6.035     0.000     3.736    -7.161    58.238     0.020     9.639    31.586   858.540  1024.374   116.477   183.083
       717   116.481     6.039     0.000     3.739    -7.161    58.240     0.020     9.639    31.586   858.511  1024.374   116.481   183.189
       718   116.485     6.042     0.000     3.741    -7.160    58.242     0.020     9.639    31.586   858.483  1024.374   116.485   183.294
       719   116.488     6.045     0.000     3.743    -7.160    58.244     0.020     9.639    31.586   858.457  1024.374   116.488   183.399
       720   116.492     6.048     0.000     3.745    -7.160    58.246     0.020     9.639    31.586   858.431  1024.374   116.492   183.504
       721   116.495     6.051     0.000     3.747    -7.159    58.247     0.020     9.639    31.586   858.408  1024.374   116.495   183.609
       722   116.498     6.054     0.000     3.749    -7.159    58.249     0.020     9.639    31.586   858.385  1024.374   116.498   183.714
       723   116.501     6.057     0.000     3.751    -7.159    58.250     0.020     9.639    31.586   858.363  1024.374   116.501   183.818
       724   116.504     6.059     0.000     3.753    -7.159    58.252     0.020     9.639    31.586   858.343  1024.374   116.504   183.922
       725   116.506     6.061     0.000     3.755    -7.159    58.253     0.020     9.639    31.586   858.324  1024.374   116.506   184.026
       726   116.508     6.064     0.000     3.757    -7.158    58.254     0.020     9.639    31.586   858.307  1024.374   116.508   184.130
       727   116.511     6.066     0.000     3.760    -7.158    58.255     0.020     9.639    31.586   858.290  1024.374   116.511   184.234
       728   116.513     6.067     0.000     3.762    -7.158    58.256     0.020     9.639    31.586   858.275  1024.374   116.513   184.337
       729   116.515     6.069     0.000     3.764    -7.158    58.257     0.020     9.639    31.586   858.261  1024.374   116.515   184.440
       730   116.516     6.071     0.000     3.766    -7.158    58.258     0.020     9.639    31.586   858.248  1024.374   116.516   184.544
       731   116.518     6.072     0.000     3.768    -7.158    58.259     0.020     9.639    31.586   858.236  1024.374   116.518   184.647
       732   116.519     6.073     0.000     3.770    -7.158    58.260     0.020     9.639    31.586   858.226  1024.374   116.519   184.750
       733   116.521     6.074     0.000     3.772    -7.158    58.260     0.020     9.639    31.586   858.216  1024.374   116.521   184.853
       734   116.522     6.075     0.000     3.774    -7.157    58.261     0.020     9.639    31.586   858.208  1024.374   116.522   184.956
       735   116.523     6.076     0.000     3.776    -7.157    58.261     0.020     9.639    31.586   858.201  1024.374   116.523   185.059
       736   116.524     6.077     0.000     3.778    -7.157    58.262     0.020     9.639    31.586   858.196  1024.374   116.524   185.161
       737   116.524     6.077     0.000     3.780    -7.157    58.262     0.020     9.639    31.586   858.191  1024.374   116.524   185.264
       738   116.525     6.078     0.000     3.782    -7.157    58.262     0.020     9.639    31.586   858.188  1024.374   116.525   185.367
---------------------- Local maximum rise or fall --------------------
       739   116.525     6.078     0.000     3.784    -7.157    58.262     0.020     9.639    31.586   858.185  1024.374   116.525   185.470
-------------------- Starting Farfield Calculations --------------------
Farfield dispersion based on wastefield width of :       6.08 (m)
4/3 Power Law based Eddy Diffusivity is used:
  Dilution     Width  Distance      Time     Conc.    Bckgrd
        ()       (m)       (m)    (hrs.)    (mg/L)    (mg/L)
   116.525     6.084     3.784     0.000   858.185     0.000
   116.525     6.155     4.000     0.003   866.928     0.000
   116.525     6.488     5.000     0.017   866.928     0.000
   116.608     6.827     6.000     0.031   866.928     0.000
   117.190     7.171     7.000     0.045   866.928     0.000
   118.599     7.521     8.000     0.059   854.554     0.000
   120.828     7.876     9.000     0.073   854.554     0.000
   123.740     8.237    10.000     0.087   854.554     0.000
   127.190     8.603    11.000     0.100   854.554     0.000
   131.061     8.975    12.000     0.114   775.858     0.000
   135.267     9.351    13.000     0.128   775.858     0.000
   139.743     9.733    14.000     0.142   775.858     0.000
   144.443    10.120    15.000     0.156   775.858     0.000
   149.330    10.512    16.000     0.170   680.999     0.000
   154.379    10.909    17.000     0.184   680.999     0.000
   159.570    11.310    18.000     0.198   680.999     0.000
   164.888    11.717    19.000     0.212   680.999     0.000
   170.320    12.128    20.000     0.225   596.640     0.000
   175.857    12.544    21.000     0.239   596.640     0.000
   181.491    12.964    22.000     0.253   596.640     0.000
   187.216    13.389    23.000     0.267   596.640     0.000
   193.027    13.819    24.000     0.281   526.004     0.000
   198.920    14.253    25.000     0.295   526.004     0.000
   204.890    14.692    26.000     0.309   526.004     0.000
   210.936    15.135    27.000     0.323   526.004     0.000
   217.054    15.582    28.000     0.337   467.402     0.000
   223.242    16.034    29.000     0.350   467.402     0.000
   229.499    16.490    30.000     0.364   467.402     0.000
   235.822    16.951    31.000     0.378   467.402     0.000
   242.210    17.415    32.000     0.392   418.559     0.000
   248.661    17.884    33.000     0.406   418.559     0.000
   255.175    18.356    34.000     0.420   418.559     0.000
   261.750    18.833    35.000     0.434   418.559     0.000
   268.386    19.314    36.000     0.448   377.500     0.000
   275.081    19.799    37.000     0.462   377.500     0.000
   281.834    20.288    38.000     0.475   377.500     0.000
   288.645    20.781    39.000     0.489   377.500     0.000
   295.513    21.278    40.000     0.503   342.661     0.000
   302.437    21.779    41.000     0.517   342.661     0.000
   309.417    22.283    42.000     0.531   342.661     0.000
   316.451    22.792    43.000     0.545   342.661     0.000
   323.541    23.304    44.000     0.559   312.827     0.000
   330.684    23.820    45.000     0.573   312.827     0.000
   337.880    24.340    46.000     0.587   312.827     0.000
   345.129    24.863    47.000     0.600   312.827     0.000
   352.431    25.390    48.000     0.614   287.064     0.000
   359.785    25.921    49.000     0.628   287.064     0.000
   367.190    26.456    50.000     0.642   287.064     0.000
   374.646    26.994    51.000     0.656   287.064     0.000
   382.153    27.536    52.000     0.670   264.640     0.000
   389.710    28.081    53.000     0.684   264.640     0.000
   397.317    28.630    54.000     0.698   264.640     0.000
   404.974    29.182    55.000     0.712   264.640     0.000
   412.680    29.738    56.000     0.725   244.984     0.000
   420.434    30.298    57.000     0.739   244.984     0.000
   428.237    30.861    58.000     0.753   244.984     0.000
   436.088    31.427    59.000     0.767   244.984     0.000
   443.988    31.997    60.000     0.781   227.642     0.000
   451.934    32.570    61.000     0.795   227.642     0.000
   459.928    33.146    62.000     0.809   227.642     0.000
   467.969    33.726    63.000     0.823   227.642     0.000
   476.056    34.309    64.000     0.837   212.252     0.000
   484.190    34.896    65.000     0.850   212.252     0.000
   492.370    35.486    66.000     0.864   212.252     0.000
   500.595    36.079    67.000     0.878   212.252     0.000
   508.867    36.675    68.000     0.892   198.520     0.000
   517.183    37.275    69.000     0.906   198.520     0.000
   525.544    37.878    70.000     0.920   198.520     0.000
   533.951    38.484    71.000     0.934   198.520     0.000
   542.401    39.093    72.000     0.948   186.207     0.000
   550.896    39.706    73.000     0.962   186.207     0.000
   559.436    40.321    74.000     0.975   186.207     0.000
   568.018    40.940    75.000     0.989   186.207     0.000
   576.645    41.562    76.000     1.003   175.115     0.000
   585.315    42.187    77.000     1.017   175.115     0.000
   594.028    42.815    78.000     1.031   175.115     0.000
   602.784    43.447    79.000     1.045   175.115     0.000
   611.582    44.081    80.000     1.059   165.083     0.000
   620.423    44.718    81.000     1.073   165.083     0.000
   629.307    45.359    82.000     1.087   165.083     0.000
   638.232    46.002    83.000     1.100   165.083     0.000
   647.200    46.649    84.000     1.114   155.973     0.000
   656.209    47.298    85.000     1.128   155.973     0.000
   665.259    47.951    86.000     1.142   155.973     0.000
   674.351    48.606    87.000     1.156   155.973     0.000
   683.484    49.264    88.000     1.170   147.671     0.000
   692.658    49.926    89.000     1.184   147.671     0.000
   701.872    50.590    90.000     1.198   147.671     0.000
   711.127    51.257    91.000     1.212   147.671     0.000
   720.423    51.927    92.000     1.225   140.080     0.000
   729.759    52.600    93.000     1.239   140.080     0.000
   739.134    53.276    94.000     1.253   140.080     0.000
   748.550    53.955    95.000     1.267   140.080     0.000
   758.005    54.636    96.000     1.281   133.118     0.000
   767.500    55.321    97.000     1.295   133.118     0.000
   777.034    56.008    98.000     1.309   133.118     0.000
   786.608    56.698    99.000     1.323   133.118     0.000
   796.220    57.391   100.000     1.337   126.715     0.000
   805.871    58.087   101.000     1.350   126.715     0.000
   815.561    58.785   102.000     1.364   126.715     0.000
   825.290    59.487   103.000     1.378   126.715     0.000
   835.057    60.191   104.000     1.392   120.808     0.000
   844.862    60.898   105.000     1.406   120.808     0.000
   854.705    61.607   106.000     1.420   120.808     0.000
   864.586    62.319   107.000     1.434   120.808     0.000
   874.505    63.034   108.000     1.448   115.347     0.000
   884.462    63.752   109.000     1.462   115.347     0.000
   894.456    64.472   110.000     1.475   115.347     0.000
   904.488    65.196   111.000     1.489   115.347     0.000
   914.557    65.921   112.000     1.503   110.286     0.000
   924.662    66.650   113.000     1.517   110.286     0.000
   934.805    67.381   114.000     1.531   110.286     0.000
   944.985    68.115   115.000     1.545   110.286     0.000
   955.201    68.851   116.000     1.559   105.584     0.000
   965.454    69.590   117.000     1.573   105.584     0.000
   975.744    70.332   118.000     1.587   105.584     0.000
   986.070    71.076   119.000     1.600   105.584     0.000
   996.432    71.823   120.000     1.614   101.206     0.000
  1006.830    72.573   121.000     1.628   101.206     0.000
  1017.263    73.325   122.000     1.642   101.206     0.000
  1027.733    74.079   123.000     1.656   101.206     0.000
  1038.239    74.837   124.000     1.670    97.124     0.000
  1048.780    75.597   125.000     1.684    97.124     0.000
  1059.356    76.359   126.000     1.698    97.124     0.000
  1069.968    77.124   127.000     1.712    97.124     0.000
  1080.615    77.891   128.000     1.725    93.308     0.000
  1091.297    78.661   129.000     1.739    93.308     0.000
  1102.014    79.434   130.000     1.753    93.308     0.000
  1112.765    80.209   131.000     1.767    93.308     0.000
  1123.552    80.986   132.000     1.781    89.736     0.000
  1134.373    81.766   133.000     1.795    89.736     0.000
  1145.229    82.549   134.000     1.809    89.736     0.000
  1156.119    83.334   135.000     1.823    89.736     0.000
  1167.044    84.121   136.000     1.837    86.387     0.000
  1178.002    84.911   137.000     1.850    86.387     0.000
  1188.995    85.704   138.000     1.864    86.387     0.000
  1200.022    86.498   139.000     1.878    86.387     0.000
  1211.083    87.296   140.000     1.892    83.241     0.000
  1222.177    88.095   141.000     1.906    83.241     0.000
  1233.305    88.898   142.000     1.920    83.241     0.000
  1244.467    89.702   143.000     1.934    83.241     0.000
  1255.662    90.509   144.000     1.948    80.281     0.000
  1266.891    91.318   145.000     1.962    80.281     0.000
  1278.152    92.130   146.000     1.975    80.281     0.000
  1289.447    92.944   147.000     1.989    80.281     0.000
  1300.775    93.761   148.000     2.003    77.492     0.000
  1312.136    94.580   149.000     2.017    77.492     0.000
  1323.530    95.401   150.000     2.031    77.492     0.000
  1334.957    96.225   151.000     2.045    77.492     0.000
  1346.417    97.051   152.000     2.059    74.862     0.000
  1357.909    97.879   153.000     2.073    74.862     0.000
  1369.433    98.710   154.000     2.087    74.862     0.000
  1380.990    99.543   155.000     2.100    74.862     0.000
  1392.579   100.378   156.000     2.114    72.376     0.000
  1404.201   101.216   157.000     2.128    72.376     0.000
  1415.855   102.056   158.000     2.142    72.376     0.000
  1427.540   102.898   159.000     2.156    72.376     0.000
  1439.258   103.743   160.000     2.170    70.026     0.000
  1451.008   104.590   161.000     2.184    70.026     0.000
  1462.789   105.439   162.000     2.198    70.026     0.000
  1474.602   106.291   163.000     2.212    70.026     0.000
  1486.447   107.144   164.000     2.225    67.800     0.000
  1498.323   108.001   165.000     2.239    67.800     0.000
  1510.231   108.859   166.000     2.253    67.800     0.000
  1522.170   109.719   167.000     2.267    67.800     0.000
  1534.141   110.582   168.000     2.281    65.689     0.000
  1546.143   111.447   169.000     2.295    65.689     0.000
  1558.175   112.315   170.000     2.309    65.689     0.000
  1570.239   113.184   171.000     2.323    65.689     0.000
  1582.334   114.056   172.000     2.337    63.686     0.000
  1594.460   114.930   173.000     2.350    63.686     0.000
  1606.616   115.806   174.000     2.364    63.686     0.000
  1618.804   116.685   175.000     2.378    63.686     0.000
  1631.022   117.566   176.000     2.392    61.783     0.000
  1643.270   118.448   177.000     2.406    61.783     0.000
  1655.549   119.334   178.000     2.420    61.783     0.000
  1667.859   120.221   179.000     2.434    61.783     0.000
  1680.199   121.110   180.000     2.448    59.972     0.000
  1692.569   122.002   181.000     2.462    59.972     0.000
  1704.969   122.896   182.000     2.475    59.972     0.000
  1717.400   123.792   183.000     2.489    59.972     0.000
  1729.860   124.690   184.000     2.503    58.249     0.000
  1742.351   125.590   185.000     2.517    58.249     0.000
  1754.871   126.493   186.000     2.531    58.249     0.000
  1767.421   127.397   187.000     2.545    58.249     0.000
  1780.002   128.304   188.000     2.559    56.606     0.000
  1792.611   129.213   189.000     2.573    56.606     0.000
  1805.251   130.124   190.000     2.587    56.606     0.000
  1817.920   131.037   191.000     2.600    56.606     0.000
  1830.618   131.953   192.000     2.614    55.039     0.000
  1843.346   132.870   193.000     2.628    55.039     0.000
  1856.104   133.790   194.000     2.642    55.039     0.000
  1868.890   134.711   195.000     2.656    53.543     0.000
  1881.706   135.635   196.000     2.670    53.543     0.000
  1894.551   136.561   197.000     2.684    53.543     0.000
  1907.425   137.489   198.000     2.698    53.543     0.000
  1920.328   138.419   199.000     2.712    52.114     0.000
  1933.260   139.351   200.000     2.725    52.114     0.000
  1946.221   140.286   201.000     2.739    52.114     0.000
  1959.211   141.222   202.000     2.753    52.114     0.000
  1972.230   142.160   203.000     2.767    50.747     0.000
  1985.277   143.101   204.000     2.781    50.747     0.000
  1998.353   144.043   205.000     2.795    50.747     0.000
  2011.457   144.988   206.000     2.809    50.747     0.000
............................. Reached Chronic Mixing Zone ..........................
  2024.590   145.935   207.000     2.823    49.439     0.000
  2037.752   146.883   208.000     2.837    49.439     0.000
  2050.942   147.834   209.000     2.850    49.439     0.000
  2064.160   148.787   210.000     2.864    49.439     0.000
  2077.406   149.742   211.000     2.878    48.186     0.000
  2090.681   150.698   212.000     2.892    48.186     0.000
  2103.984   151.657   213.000     2.906    48.186     0.000
  2117.315   152.618   214.000     2.920    48.186     0.000
  2130.674   153.581   215.000     2.934    46.985     0.000
  2144.061   154.546   216.000     2.948    46.985     0.000
  2157.476   155.513   217.000     2.962    46.985     0.000
  2170.919   156.482   218.000     2.975    46.985     0.000
  2184.389   157.453   219.000     2.989    45.833     0.000
  2197.888   158.426   220.000     3.003    45.833     0.000
  2211.414   159.401   221.000     3.017    45.833     0.000
  2224.967   160.378   222.000     3.031    45.833     0.000
  2238.549   161.357   223.000     3.045    44.728     0.000
  2252.157   162.338   224.000     3.059    44.728     0.000
  2265.794   163.321   225.000     3.073    44.728     0.000
  2279.457   164.306   226.000     3.087    44.728     0.000
  2293.148   165.293   227.000     3.100    43.666     0.000
  2306.866   166.281   228.000     3.114    43.666     0.000
  2320.612   167.272   229.000     3.128    43.666     0.000
  2334.385   168.265   230.000     3.142    43.666     0.000
  2348.185   169.260   231.000     3.156    42.646     0.000
  2362.011   170.256   232.000     3.170    42.646     0.000
  2375.865   171.255   233.000     3.184    42.646     0.000
  2389.746   172.255   234.000     3.198    42.646     0.000
  2403.654   173.258   235.000     3.212    41.664     0.000
  2417.589   174.262   236.000     3.225    41.664     0.000
  2431.551   175.269   237.000     3.239    41.664     0.000
  2445.539   176.277   238.000     3.253    41.664     0.000
  2459.554   177.287   239.000     3.267    40.720     0.000
  2473.596   178.299   240.000     3.281    40.720     0.000
  2487.664   179.314   241.000     3.295    40.720     0.000
  2501.759   180.329   242.000     3.309    40.720     0.000
  2515.881   181.347   243.000     3.323    39.811     0.000
  2530.029   182.367   244.000     3.337    39.811     0.000
  2544.203   183.389   245.000     3.350    39.811     0.000
  2558.404   184.413   246.000     3.364    39.811     0.000
  2572.631   185.438   247.000     3.378    38.936     0.000
  2586.884   186.465   248.000     3.392    38.936     0.000
  2601.164   187.495   249.000     3.406    38.936     0.000
  2615.470   188.526   250.000     3.420    38.936     0.000
  2629.801   189.559   251.000     3.434    38.091     0.000
  2644.159   190.594   252.000     3.448    38.091     0.000
  2658.543   191.631   253.000     3.462    38.091     0.000
  2672.953   192.669   254.000     3.475    38.091     0.000
  2687.389   193.710   255.000     3.489    37.277     0.000
  2701.851   194.752   256.000     3.503    37.277     0.000
  2716.339   195.797   257.000     3.517    37.277     0.000
  2730.852   196.843   258.000     3.531    37.277     0.000
  2745.391   197.891   259.000     3.545    36.492     0.000
  2759.956   198.941   260.000     3.559    36.492     0.000
  2774.547   199.992   261.000     3.573    36.492     0.000
  2789.163   201.046   262.000     3.587    36.492     0.000
  2803.805   202.101   263.000     3.600    35.734     0.000
  2818.472   203.159   264.000     3.614    35.734     0.000
  2833.165   204.218   265.000     3.628    35.734     0.000
  2847.883   205.279   266.000     3.642    35.734     0.000
  2862.627   206.341   267.000     3.656    35.002     0.000
  2877.396   207.406   268.000     3.670    35.002     0.000
  2892.190   208.472   269.000     3.684    35.002     0.000
  2907.010   209.540   270.000     3.698    35.002     0.000
  2921.855   210.611   271.000     3.712    34.294     0.000
  2936.725   211.682   272.000     3.725    34.294     0.000
  2951.620   212.756   273.000     3.739    34.294     0.000
  2966.540   213.831   274.000     3.753    34.294     0.000
  2981.486   214.909   275.000     3.767    33.610     0.000
  2996.456   215.988   276.000     3.781    33.610     0.000
  3011.451   217.069   277.000     3.795    33.610     0.000
  3026.471   218.151   278.000     3.809    33.610     0.000
  3041.516   219.236   279.000     3.823    32.948     0.000
  3056.586   220.322   280.000     3.837    32.948     0.000
  3071.681   221.410   281.000     3.850    32.948     0.000
  3086.801   222.500   282.000     3.864    32.948     0.000
  3101.945   223.592   283.000     3.878    32.308     0.000
  3117.114   224.685   284.000     3.892    32.308     0.000
  3132.308   225.780   285.000     3.906    32.308     0.000
  3147.526   226.877   286.000     3.920    32.308     0.000
  3162.768   227.976   287.000     3.934    31.688     0.000
  3178.036   229.076   288.000     3.948    31.688     0.000
  3193.328   230.179   289.000     3.962    31.688     0.000
  3208.644   231.283   290.000     3.975    31.688     0.000
  3223.984   232.388   291.000     3.989    31.088     0.000
  3239.349   233.496   292.000     4.003    31.088     0.000
  3254.739   234.605   293.000     4.017    31.088     0.000
  3270.152   235.716   294.000     4.031    31.088     0.000
  3285.590   236.829   295.000     4.045    30.506     0.000
  3301.052   237.944   296.000     4.059    30.506     0.000
  3316.539   239.060   297.000     4.073    30.506     0.000
  3332.049   240.178   298.000     4.087    30.506     0.000
  3347.584   241.298   299.000     4.100    29.943     0.000
  3363.142   242.419   300.000     4.114    29.943     0.000
  3378.725   243.542   301.000     4.128    29.943     0.000
  3394.331   244.667   302.000     4.142    29.943     0.000
  3409.962   245.794   303.000     4.156    29.396     0.000
  3425.617   246.922   304.000     4.170    29.396     0.000
  3441.295   248.052   305.000     4.184    29.396     0.000
  3456.997   249.184   306.000     4.198    29.396     0.000
  3472.723   250.318   307.000     4.212    28.866     0.000
  3488.473   251.453   308.000     4.225    28.866     0.000
  3504.247   252.590   309.000     4.239    28.866     0.000
  3520.044   253.729   310.000     4.253    28.866     0.000
  3535.865   254.869   311.000     4.267    28.352     0.000
  3551.709   256.011   312.000     4.281    28.352     0.000
  3567.577   257.155   313.000     4.295    28.352     0.000
  3583.469   258.300   314.000     4.309    28.352     0.000
  3599.384   259.448   315.000     4.323    27.853     0.000
  3615.323   260.597   316.000     4.337    27.853     0.000
  3631.285   261.747   317.000     4.350    27.853     0.000
  3647.271   262.899   318.000     4.364    27.853     0.000
  3663.280   264.053   319.000     4.378    27.368     0.000
  3679.312   265.209   320.000     4.392    27.368     0.000
  3695.368   266.366   321.000     4.406    27.368     0.000
  3711.447   267.525   322.000     4.420    27.368     0.000
  3727.549   268.686   323.000     4.434    26.897     0.000
  3743.674   269.848   324.000     4.448    26.897     0.000
  3759.823   271.012   325.000     4.462    26.897     0.000
  3775.995   272.178   326.000     4.475    26.897     0.000
  3792.190   273.345   327.000     4.489    26.440     0.000
  3808.408   274.514   328.000     4.503    26.440     0.000
  3824.649   275.685   329.000     4.517    26.440     0.000
  3840.913   276.857   330.000     4.531    26.440     0.000
  3857.200   278.031   331.000     4.545    25.995     0.000
  3873.510   279.207   332.000     4.559    25.995     0.000
  3889.843   280.384   333.000     4.573    25.995     0.000
  3906.198   281.563   334.000     4.587    25.995     0.000
  3922.577   282.744   335.000     4.600    25.563     0.000
  3938.979   283.926   336.000     4.614    25.563     0.000
  3955.403   285.110   337.000     4.628    25.563     0.000
  3971.850   286.295   338.000     4.642    25.563     0.000
  3988.320   287.483   339.000     4.656    25.143     0.000
  4004.812   288.671   340.000     4.670    25.143     0.000
  4021.327   289.862   341.000     4.684    25.143     0.000
  4037.865   291.054   342.000     4.698    25.143     0.000
  4054.426   292.248   343.000     4.712    24.733     0.000
  4071.009   293.443   344.000     4.725    24.733     0.000
  4087.614   294.640   345.000     4.739    24.733     0.000
  4104.242   295.838   346.000     4.753    24.733     0.000
  4120.893   297.039   347.000     4.767    24.335     0.000
  4137.566   298.240   348.000     4.781    24.335     0.000
  4154.261   299.444   349.000     4.795    24.335     0.000
  4170.979   300.649   350.000     4.809    24.335     0.000
  4187.719   301.856   351.000     4.823    23.948     0.000
  4204.482   303.064   352.000     4.837    23.948     0.000
  4221.267   304.274   353.000     4.850    23.948     0.000
  4238.074   305.485   354.000     4.864    23.948     0.000
  4254.903   306.698   355.000     4.878    23.571     0.000
  4271.755   307.913   356.000     4.892    23.571     0.000
  4288.628   309.129   357.000     4.906    23.571     0.000
  4305.524   310.347   358.000     4.920    23.571     0.000
  4322.442   311.567   359.000     4.934    23.203     0.000
  4339.383   312.788   360.000     4.948    23.203     0.000
  4356.345   314.010   361.000     4.962    23.203     0.000
  4373.329   315.235   362.000     4.975    23.203     0.000
  4390.335   316.460   363.000     4.989    22.845     0.000
  4407.364   317.688   364.000     5.003    22.845     0.000
  4424.414   318.917   365.000     5.017    22.845     0.000
  4441.486   320.147   366.000     5.031    22.845     0.000
  4458.580   321.380   367.000     5.045    22.496     0.000
  4475.696   322.613   368.000     5.059    22.496     0.000
  4492.834   323.849   369.000     5.073    22.496     0.000
  4509.993   325.086   370.000     5.087    22.496     0.000
  4527.175   326.324   371.000     5.100    22.156     0.000
  4544.378   327.564   372.000     5.114    22.156     0.000
  4561.603   328.806   373.000     5.128    22.156     0.000
  4578.849   330.049   374.000     5.142    22.156     0.000
  4596.118   331.293   375.000     5.156    21.824     0.000
  4613.408   332.540   376.000     5.170    21.824     0.000
  4630.719   333.788   377.000     5.184    21.824     0.000
  4648.052   335.037   378.000     5.198    21.824     0.000
  4665.407   336.288   379.000     5.212    21.501     0.000
  4682.783   337.540   380.000     5.225    21.501     0.000
  4700.181   338.794   381.000     5.239    21.501     0.000
  4717.600   340.050   382.000     5.253    21.501     0.000
  4735.041   341.307   383.000     5.267    21.185     0.000
  4752.503   342.566   384.000     5.281    21.185     0.000
  4769.987   343.826   385.000     5.295    21.185     0.000
  4787.492   345.088   386.000     5.309    21.185     0.000
  4805.018   346.351   387.000     5.323    20.877     0.000
  4822.566   347.616   388.000     5.337    20.877     0.000
  4840.135   348.883   389.000     5.350    20.877     0.000
  4857.725   350.150   390.000     5.364    20.877     0.000
  4875.337   351.420   391.000     5.378    20.577     0.000
  4892.970   352.691   392.000     5.392    20.577     0.000
  4910.624   353.963   393.000     5.406    20.577     0.000
  4928.299   355.237   394.000     5.420    20.577     0.000
  4945.995   356.513   395.000     5.434    20.283     0.000
  4963.712   357.790   396.000     5.448    20.283     0.000
  4981.451   359.069   397.000     5.462    20.283     0.000
  4999.211   360.349   398.000     5.475    20.283     0.000
  5016.991   361.631   399.000     5.489    19.997     0.000
  5034.793   362.914   400.000     5.503    19.997     0.000
  5052.616   364.198   401.000     5.517    19.997     0.000
  5070.460   365.485   402.000     5.531    19.997     0.000
  5088.324   366.772   403.000     5.545    19.717     0.000
  5106.210   368.062   404.000     5.559    19.717     0.000
  5124.116   369.352   405.000     5.573    19.717     0.000
  5142.044   370.644   406.000     5.587    19.717     0.000
  5159.992   371.938   407.000     5.600    19.444     0.000
  5177.961   373.233   408.000     5.614    19.444     0.000
  5195.951   374.530   409.000     5.628    19.444     0.000
  5213.962   375.828   410.000     5.642    19.444     0.000
  5231.993   377.128   411.000     5.656    19.176     0.000
  5250.045   378.429   412.000     5.670    19.176     0.000
  5268.118   379.732   413.000     5.684    19.176     0.000
  5286.212   381.036   414.000     5.698    19.176     0.000
  5304.326   382.342   415.000     5.712    18.915     0.000
  5322.461   383.649   416.000     5.725    18.915     0.000
  5340.616   384.958   417.000     5.739    18.915     0.000
  5358.792   386.268   418.000     5.753    18.915     0.000
  5376.989   387.580   419.000     5.767    18.660     0.000
  5395.206   388.893   420.000     5.781    18.660     0.000
  5413.444   390.207   421.000     5.795    18.660     0.000
  5431.702   391.523   422.000     5.809    18.660     0.000
  5449.981   392.841   423.000     5.823    18.411     0.000
  5468.280   394.160   424.000     5.837    18.411     0.000
  5486.600   395.480   425.000     5.850    18.411     0.000
  5504.940   396.802   426.000     5.864    18.411     0.000
  5523.300   398.126   427.000     5.878    18.167     0.000
  5541.681   399.451   428.000     5.892    18.167     0.000
  5560.082   400.777   429.000     5.906    18.167     0.000
  5578.504   402.105   430.000     5.920    18.167     0.000
  5596.946   403.434   431.000     5.934    17.928     0.000
  5615.408   404.765   432.000     5.948    17.928     0.000
  5633.890   406.097   433.000     5.962    17.928     0.000
  5652.393   407.431   434.000     5.975    17.928     0.000
  5670.915   408.766   435.000     5.989    17.695     0.000
  5689.458   410.103   436.000     6.003    17.695     0.000
  5708.021   411.441   437.000     6.017    17.695     0.000
  5726.605   412.780   438.000     6.031    17.466     0.000
  5745.208   414.121   439.000     6.045    17.466     0.000
  5763.831   415.464   440.000     6.059    17.466     0.000
  5782.475   416.808   441.000     6.073    17.466     0.000
  5801.139   418.153   442.000     6.087    17.243     0.000
  5819.822   419.500   443.000     6.100    17.243     0.000
  5838.526   420.848   444.000     6.114    17.243     0.000
  5857.250   422.197   445.000     6.128    17.243     0.000
  5875.993   423.548   446.000     6.142    17.024     0.000
  5894.757   424.901   447.000     6.156    17.024     0.000
  5913.540   426.255   448.000     6.170    17.024     0.000
  5932.344   427.610   449.000     6.184    17.024     0.000
  5951.167   428.967   450.000     6.198    16.810     0.000
  5970.010   430.325   451.000     6.212    16.810     0.000
  5988.873   431.685   452.000     6.225    16.810     0.000
  6007.756   433.046   453.000     6.239    16.810     0.000
  6026.659   434.409   454.000     6.253    16.600     0.000
  6045.581   435.773   455.000     6.267    16.600     0.000
  6064.523   437.138   456.000     6.281    16.600     0.000
  6083.485   438.505   457.000     6.295    16.600     0.000
  6102.467   439.873   458.000     6.309    16.395     0.000
  6121.468   441.243   459.000     6.323    16.395     0.000
  6140.490   442.614   460.000     6.337    16.395     0.000
  6159.530   443.986   461.000     6.350    16.395     0.000
  6178.591   445.360   462.000     6.364    16.193     0.000
  6197.671   446.735   463.000     6.378    16.193     0.000
  6216.770   448.112   464.000     6.392    16.193     0.000
  6235.889   449.490   465.000     6.406    16.193     0.000
  6255.028   450.870   466.000     6.420    15.996     0.000
  6274.186   452.251   467.000     6.434    15.996     0.000
  6293.364   453.633   468.000     6.448    15.996     0.000
  6312.561   455.017   469.000     6.462    15.996     0.000
  6331.778   456.402   470.000     6.475    15.803     0.000
  6351.014   457.788   471.000     6.489    15.803     0.000
  6370.270   459.176   472.000     6.503    15.803     0.000
  6389.545   460.566   473.000     6.517    15.803     0.000
  6408.839   461.957   474.000     6.531    15.614     0.000
  6428.153   463.349   475.000     6.545    15.614     0.000
  6447.487   464.742   476.000     6.559    15.614     0.000
  6466.839   466.137   477.000     6.573    15.614     0.000
  6486.211   467.534   478.000     6.587    15.428     0.000
  6505.602   468.931   479.000     6.600    15.428     0.000
  6525.013   470.330   480.000     6.614    15.428     0.000
  6544.442   471.731   481.000     6.628    15.428     0.000
  6563.891   473.133   482.000     6.642    15.246     0.000
  6583.360   474.536   483.000     6.656    15.246     0.000
  6602.847   475.941   484.000     6.670    15.246     0.000
  6622.354   477.347   485.000     6.684    15.246     0.000
  6641.879   478.754   486.000     6.698    15.068     0.000
  6661.424   480.163   487.000     6.712    15.068     0.000
  6680.988   481.573   488.000     6.725    15.068     0.000
  6700.572   482.985   489.000     6.739    15.068     0.000
  6720.174   484.398   490.000     6.753    14.893     0.000
  6739.795   485.812   491.000     6.767    14.893     0.000
  6759.436   487.228   492.000     6.781    14.893     0.000
  6779.095   488.645   493.000     6.795    14.893     0.000
  6798.774   490.064   494.000     6.809    14.721     0.000
  6818.471   491.483   495.000     6.823    14.721     0.000
  6838.188   492.905   496.000     6.837    14.721     0.000
  6857.923   494.327   497.000     6.850    14.721     0.000
  6877.678   495.751   498.000     6.864    14.553     0.000
  6897.451   497.176   499.000     6.878    14.553     0.000
  6917.243   498.603   500.000     6.892    14.553     0.000
  6937.054   500.031   501.000     6.906    14.553     0.000
  6951.525   501.074   501.730     6.916    14.388     0.000
